partition_id,partition_strategy_version,partition_set_artifact_id,artifact_id,artifact_class,artifact_role,artifact_size,sha256,generator_version,storage_reference_placeholder,storage_status,representation_count,first_universe_ordinal,last_universe_ordinal,prioritization_output_schema_version,prioritization_representation_version,rule_catalog_version,validation_status
p00,ENSEMBL_SHA256_PREFIX_2_V0.1,ART_PRZV01_SET_011A39B150DEF9E56A43CBF9,ART_PRZV01_9C64BCBF169EBCE98A8D3752,CLASS_D_LARGE_DATA_OBJECT,TRANSPARENT_PRIORITIZATION_JSONL_PAYLOAD,364295,9c64bcbf169ebce98a8d3752229ec2f9c2c5988a8ceec762e2d0793f8bf11b9f,TRANSPARENT_PRIORITIZATION_MATERIALIZER_V0.1,external+sha256://PENDING/luad-target-dossier/prioritization-v0.1/ART_PRZV01_SET_011A39B150DEF9E56A43CBF9/partitions/p00/prioritization_records.jsonl,LOCAL_CONTENT_ADDRESSED_STAGING_PENDING_DURABLE_REGISTRATION,114,82,29445,PRIORITIZATION_OUTPUT_SCHEMA_V0.1,TRANSPARENT_PRIORITIZATION_PROTOTYPE_V0.1,PRIORITIZATION_RULE_CATALOG_V0.1,PASS
p01,ENSEMBL_SHA256_PREFIX_2_V0.1,ART_PRZV01_SET_011A39B150DEF9E56A43CBF9,ART_PRZV01_5C34D529AB5A44FED8F36FDE,CLASS_D_LARGE_DATA_OBJECT,TRANSPARENT_PRIORITIZATION_JSONL_PAYLOAD,367495,5c34d529ab5a44fed8f36fdeb2891da681c282207bb7cfc6b7bd1ae4a218ac4b,TRANSPARENT_PRIORITIZATION_MATERIALIZER_V0.1,external+sha256://PENDING/luad-target-dossier/prioritization-v0.1/ART_PRZV01_SET_011A39B150DEF9E56A43CBF9/partitions/p01/prioritization_records.jsonl,LOCAL_CONTENT_ADDRESSED_STAGING_PENDING_DURABLE_REGISTRATION,115,41,29502,PRIORITIZATION_OUTPUT_SCHEMA_V0.1,TRANSPARENT_PRIORITIZATION_PROTOTYPE_V0.1,PRIORITIZATION_RULE_CATALOG_V0.1,PASS
p02,ENSEMBL_SHA256_PREFIX_2_V0.1,ART_PRZV01_SET_011A39B150DEF9E56A43CBF9,ART_PRZV01_3439075CF11A4E3E9262E08C,CLASS_D_LARGE_DATA_OBJECT,TRANSPARENT_PRIORITIZATION_JSONL_PAYLOAD,309862,3439075cf11a4e3e9262e08cbae7831fbd0ccf118e5f093f8bbfb304c9d03c3a,TRANSPARENT_PRIORITIZATION_MATERIALIZER_V0.1,external+sha256://PENDING/luad-target-dossier/prioritization-v0.1/ART_PRZV01_SET_011A39B150DEF9E56A43CBF9/partitions/p02/prioritization_records.jsonl,LOCAL_CONTENT_ADDRESSED_STAGING_PENDING_DURABLE_REGISTRATION,97,66,29426,PRIORITIZATION_OUTPUT_SCHEMA_V0.1,TRANSPARENT_PRIORITIZATION_PROTOTYPE_V0.1,PRIORITIZATION_RULE_CATALOG_V0.1,PASS
p03,ENSEMBL_SHA256_PREFIX_2_V0.1,ART_PRZV01_SET_011A39B150DEF9E56A43CBF9,ART_PRZV01_358569DAA27AF19D8C00EEDD,CLASS_D_LARGE_DATA_OBJECT,TRANSPARENT_PRIORITIZATION_JSONL_PAYLOAD,329204,358569daa27af19d8c00eeddd7d8c610b07c844a3ba5a49c2c3ddc02ea7af709,TRANSPARENT_PRIORITIZATION_MATERIALIZER_V0.1,external+sha256://PENDING/luad-target-dossier/prioritization-v0.1/ART_PRZV01_SET_011A39B150DEF9E56A43CBF9/partitions/p03/prioritization_records.jsonl,LOCAL_CONTENT_ADDRESSED_STAGING_PENDING_DURABLE_REGISTRATION,103,721,29440,PRIORITIZATION_OUTPUT_SCHEMA_V0.1,TRANSPARENT_PRIORITIZATION_PROTOTYPE_V0.1,PRIORITIZATION_RULE_CATALOG_V0.1,PASS
p04,ENSEMBL_SHA256_PREFIX_2_V0.1,ART_PRZV01_SET_011A39B150DEF9E56A43CBF9,ART_PRZV01_575A6D3C0966A953958657A6,CLASS_D_LARGE_DATA_OBJECT,TRANSPARENT_PRIORITIZATION_JSONL_PAYLOAD,383328,575a6d3c0966a953958657a615e087d4b8e1789ff240747387480c57983f1bf2,TRANSPARENT_PRIORITIZATION_MATERIALIZER_V0.1,external+sha256://PENDING/luad-target-dossier/prioritization-v0.1/ART_PRZV01_SET_011A39B150DEF9E56A43CBF9/partitions/p04/prioritization_records.jsonl,LOCAL_CONTENT_ADDRESSED_STAGING_PENDING_DURABLE_REGISTRATION,120,223,29385,PRIORITIZATION_OUTPUT_SCHEMA_V0.1,TRANSPARENT_PRIORITIZATION_PROTOTYPE_V0.1,PRIORITIZATION_RULE_CATALOG_V0.1,PASS
p05,ENSEMBL_SHA256_PREFIX_2_V0.1,ART_PRZV01_SET_011A39B150DEF9E56A43CBF9,ART_PRZV01_2BB4CEE3A21D1A6D7B7226B9,CLASS_D_LARGE_DATA_OBJECT,TRANSPARENT_PRIORITIZATION_JSONL_PAYLOAD,386689,2bb4cee3a21d1a6d7b7226b923af114d3755cad3306c1c5da5f9ade8a42a904c,TRANSPARENT_PRIORITIZATION_MATERIALIZER_V0.1,external+sha256://PENDING/luad-target-dossier/prioritization-v0.1/ART_PRZV01_SET_011A39B150DEF9E56A43CBF9/partitions/p05/prioritization_records.jsonl,LOCAL_CONTENT_ADDRESSED_STAGING_PENDING_DURABLE_REGISTRATION,121,628,29498,PRIORITIZATION_OUTPUT_SCHEMA_V0.1,TRANSPARENT_PRIORITIZATION_PROTOTYPE_V0.1,PRIORITIZATION_RULE_CATALOG_V0.1,PASS
p06,ENSEMBL_SHA256_PREFIX_2_V0.1,ART_PRZV01_SET_011A39B150DEF9E56A43CBF9,ART_PRZV01_7CDB9E5CB6B9F66BDE3523DA,CLASS_D_LARGE_DATA_OBJECT,TRANSPARENT_PRIORITIZATION_JSONL_PAYLOAD,351505,7cdb9e5cb6b9f66bde3523daaaee13cdf47ce1943e4433875bbf2b500e0020c4,TRANSPARENT_PRIORITIZATION_MATERIALIZER_V0.1,external+sha256://PENDING/luad-target-dossier/prioritization-v0.1/ART_PRZV01_SET_011A39B150DEF9E56A43CBF9/partitions/p06/prioritization_records.jsonl,LOCAL_CONTENT_ADDRESSED_STAGING_PENDING_DURABLE_REGISTRATION,110,47,29322,PRIORITIZATION_OUTPUT_SCHEMA_V0.1,TRANSPARENT_PRIORITIZATION_PROTOTYPE_V0.1,PRIORITIZATION_RULE_CATALOG_V0.1,PASS
p07,ENSEMBL_SHA256_PREFIX_2_V0.1,ART_PRZV01_SET_011A39B150DEF9E56A43CBF9,ART_PRZV01_5ECCD2692B3F2D129572BC42,CLASS_D_LARGE_DATA_OBJECT,TRANSPARENT_PRIORITIZATION_JSONL_PAYLOAD,344982,5eccd2692b3f2d129572bc4283b0cd7f71e51abb6cfa31d9b112179990ffb720,TRANSPARENT_PRIORITIZATION_MATERIALIZER_V0.1,external+sha256://PENDING/luad-target-dossier/prioritization-v0.1/ART_PRZV01_SET_011A39B150DEF9E56A43CBF9/partitions/p07/prioritization_records.jsonl,LOCAL_CONTENT_ADDRESSED_STAGING_PENDING_DURABLE_REGISTRATION,108,157,29386,PRIORITIZATION_OUTPUT_SCHEMA_V0.1,TRANSPARENT_PRIORITIZATION_PROTOTYPE_V0.1,PRIORITIZATION_RULE_CATALOG_V0.1,PASS
p08,ENSEMBL_SHA256_PREFIX_2_V0.1,ART_PRZV01_SET_011A39B150DEF9E56A43CBF9,ART_PRZV01_0D1D3864F0F66CC5F99FBF1D,CLASS_D_LARGE_DATA_OBJECT,TRANSPARENT_PRIORITIZATION_JSONL_PAYLOAD,364185,0d1d3864f0f66cc5f99fbf1d2cb93676b11f2a11e81aa998bc370639b38097d0,TRANSPARENT_PRIORITIZATION_MATERIALIZER_V0.1,external+sha256://PENDING/luad-target-dossier/prioritization-v0.1/ART_PRZV01_SET_011A39B150DEF9E56A43CBF9/partitions/p08/prioritization_records.jsonl,LOCAL_CONTENT_ADDRESSED_STAGING_PENDING_DURABLE_REGISTRATION,114,21,29562,PRIORITIZATION_OUTPUT_SCHEMA_V0.1,TRANSPARENT_PRIORITIZATION_PROTOTYPE_V0.1,PRIORITIZATION_RULE_CATALOG_V0.1,PASS
p09,ENSEMBL_SHA256_PREFIX_2_V0.1,ART_PRZV01_SET_011A39B150DEF9E56A43CBF9,ART_PRZV01_F1AA8023122946B9A4182CEB,CLASS_D_LARGE_DATA_OBJECT,TRANSPARENT_PRIORITIZATION_JSONL_PAYLOAD,306749,f1aa8023122946b9a4182ceb1b7e15357af7d21f8e13a2cfd995f76f7411d59b,TRANSPARENT_PRIORITIZATION_MATERIALIZER_V0.1,external+sha256://PENDING/luad-target-dossier/prioritization-v0.1/ART_PRZV01_SET_011A39B150DEF9E56A43CBF9/partitions/p09/prioritization_records.jsonl,LOCAL_CONTENT_ADDRESSED_STAGING_PENDING_DURABLE_REGISTRATION,96,240,29394,PRIORITIZATION_OUTPUT_SCHEMA_V0.1,TRANSPARENT_PRIORITIZATION_PROTOTYPE_V0.1,PRIORITIZATION_RULE_CATALOG_V0.1,PASS
p0a,ENSEMBL_SHA256_PREFIX_2_V0.1,ART_PRZV01_SET_011A39B150DEF9E56A43CBF9,ART_PRZV01_C9BBEDC141460AC382EA20A1,CLASS_D_LARGE_DATA_OBJECT,TRANSPARENT_PRIORITIZATION_JSONL_PAYLOAD,338685,c9bbedc141460ac382ea20a1c18d74a2efa206221cb5d5b85e1860afd447734f,TRANSPARENT_PRIORITIZATION_MATERIALIZER_V0.1,external+sha256://PENDING/luad-target-dossier/prioritization-v0.1/ART_PRZV01_SET_011A39B150DEF9E56A43CBF9/partitions/p0a/prioritization_records.jsonl,LOCAL_CONTENT_ADDRESSED_STAGING_PENDING_DURABLE_REGISTRATION,106,663,29588,PRIORITIZATION_OUTPUT_SCHEMA_V0.1,TRANSPARENT_PRIORITIZATION_PROTOTYPE_V0.1,PRIORITIZATION_RULE_CATALOG_V0.1,PASS
p0b,ENSEMBL_SHA256_PREFIX_2_V0.1,ART_PRZV01_SET_011A39B150DEF9E56A43CBF9,ART_PRZV01_8F331B593F1CD0269377D2E8,CLASS_D_LARGE_DATA_OBJECT,TRANSPARENT_PRIORITIZATION_JSONL_PAYLOAD,373718,8f331b593f1cd0269377d2e862a867a4c7151a437ac0048d153dc924258da5dd,TRANSPARENT_PRIORITIZATION_MATERIALIZER_V0.1,external+sha256://PENDING/luad-target-dossier/prioritization-v0.1/ART_PRZV01_SET_011A39B150DEF9E56A43CBF9/partitions/p0b/prioritization_records.jsonl,LOCAL_CONTENT_ADDRESSED_STAGING_PENDING_DURABLE_REGISTRATION,117,83,29326,PRIORITIZATION_OUTPUT_SCHEMA_V0.1,TRANSPARENT_PRIORITIZATION_PROTOTYPE_V0.1,PRIORITIZATION_RULE_CATALOG_V0.1,PASS
p0c,ENSEMBL_SHA256_PREFIX_2_V0.1,ART_PRZV01_SET_011A39B150DEF9E56A43CBF9,ART_PRZV01_FAAAB62AAD639326DF4C78B9,CLASS_D_LARGE_DATA_OBJECT,TRANSPARENT_PRIORITIZATION_JSONL_PAYLOAD,392999,faaab62aad639326df4c78b919d823fd023a58a5732b37df241d187043918e8a,TRANSPARENT_PRIORITIZATION_MATERIALIZER_V0.1,external+sha256://PENDING/luad-target-dossier/prioritization-v0.1/ART_PRZV01_SET_011A39B150DEF9E56A43CBF9/partitions/p0c/prioritization_records.jsonl,LOCAL_CONTENT_ADDRESSED_STAGING_PENDING_DURABLE_REGISTRATION,123,173,29462,PRIORITIZATION_OUTPUT_SCHEMA_V0.1,TRANSPARENT_PRIORITIZATION_PROTOTYPE_V0.1,PRIORITIZATION_RULE_CATALOG_V0.1,PASS
p0d,ENSEMBL_SHA256_PREFIX_2_V0.1,ART_PRZV01_SET_011A39B150DEF9E56A43CBF9,ART_PRZV01_991F073C56FB3549E6299081,CLASS_D_LARGE_DATA_OBJECT,TRANSPARENT_PRIORITIZATION_JSONL_PAYLOAD,418574,991f073c56fb3549e629908100022685e9c54e321eb5aa999249d3bef43cfbf5,TRANSPARENT_PRIORITIZATION_MATERIALIZER_V0.1,external+sha256://PENDING/luad-target-dossier/prioritization-v0.1/ART_PRZV01_SET_011A39B150DEF9E56A43CBF9/partitions/p0d/prioritization_records.jsonl,LOCAL_CONTENT_ADDRESSED_STAGING_PENDING_DURABLE_REGISTRATION,131,202,29437,PRIORITIZATION_OUTPUT_SCHEMA_V0.1,TRANSPARENT_PRIORITIZATION_PROTOTYPE_V0.1,PRIORITIZATION_RULE_CATALOG_V0.1,PASS
p0e,ENSEMBL_SHA256_PREFIX_2_V0.1,ART_PRZV01_SET_011A39B150DEF9E56A43CBF9,ART_PRZV01_30C329A1373B5DF8101E0934,CLASS_D_LARGE_DATA_OBJECT,TRANSPARENT_PRIORITIZATION_JSONL_PAYLOAD,383388,30c329a1373b5df8101e09348d81448494b8c3fda237cee0d25af6a276c371cd,TRANSPARENT_PRIORITIZATION_MATERIALIZER_V0.1,external+sha256://PENDING/luad-target-dossier/prioritization-v0.1/ART_PRZV01_SET_011A39B150DEF9E56A43CBF9/partitions/p0e/prioritization_records.jsonl,LOCAL_CONTENT_ADDRESSED_STAGING_PENDING_DURABLE_REGISTRATION,120,104,29484,PRIORITIZATION_OUTPUT_SCHEMA_V0.1,TRANSPARENT_PRIORITIZATION_PROTOTYPE_V0.1,PRIORITIZATION_RULE_CATALOG_V0.1,PASS
p0f,ENSEMBL_SHA256_PREFIX_2_V0.1,ART_PRZV01_SET_011A39B150DEF9E56A43CBF9,ART_PRZV01_EAFD58B8C6DD8727680153C3,CLASS_D_LARGE_DATA_OBJECT,TRANSPARENT_PRIORITIZATION_JSONL_PAYLOAD,399304,eafd58b8c6dd8727680153c3cfdd3bb2605524f1f2fd01c2f497f2bcd5adf71d,TRANSPARENT_PRIORITIZATION_MATERIALIZER_V0.1,external+sha256://PENDING/luad-target-dossier/prioritization-v0.1/ART_PRZV01_SET_011A39B150DEF9E56A43CBF9/partitions/p0f/prioritization_records.jsonl,LOCAL_CONTENT_ADDRESSED_STAGING_PENDING_DURABLE_REGISTRATION,125,572,29392,PRIORITIZATION_OUTPUT_SCHEMA_V0.1,TRANSPARENT_PRIORITIZATION_PROTOTYPE_V0.1,PRIORITIZATION_RULE_CATALOG_V0.1,PASS
p10,ENSEMBL_SHA256_PREFIX_2_V0.1,ART_PRZV01_SET_011A39B150DEF9E56A43CBF9,ART_PRZV01_346B1CACFCB4B524C47C8CE5,CLASS_D_LARGE_DATA_OBJECT,TRANSPARENT_PRIORITIZATION_JSONL_PAYLOAD,335544,346b1cacfcb4b524c47c8ce5150227aea1210e6699e5c0343709a87d19eb20de,TRANSPARENT_PRIORITIZATION_MATERIALIZER_V0.1,external+sha256://PENDING/luad-target-dossier/prioritization-v0.1/ART_PRZV01_SET_011A39B150DEF9E56A43CBF9/partitions/p10/prioritization_records.jsonl,LOCAL_CONTENT_ADDRESSED_STAGING_PENDING_DURABLE_REGISTRATION,105,250,29417,PRIORITIZATION_OUTPUT_SCHEMA_V0.1,TRANSPARENT_PRIORITIZATION_PROTOTYPE_V0.1,PRIORITIZATION_RULE_CATALOG_V0.1,PASS
p11,ENSEMBL_SHA256_PREFIX_2_V0.1,ART_PRZV01_SET_011A39B150DEF9E56A43CBF9,ART_PRZV01_1C9EB5B30111B8C29EFB7EE1,CLASS_D_LARGE_DATA_OBJECT,TRANSPARENT_PRIORITIZATION_JSONL_PAYLOAD,348211,1c9eb5b30111b8c29efb7ee1968129d01288e0a9384200f68129d739a535777f,TRANSPARENT_PRIORITIZATION_MATERIALIZER_V0.1,external+sha256://PENDING/luad-target-dossier/prioritization-v0.1/ART_PRZV01_SET_011A39B150DEF9E56A43CBF9/partitions/p11/prioritization_records.jsonl,LOCAL_CONTENT_ADDRESSED_STAGING_PENDING_DURABLE_REGISTRATION,109,190,29506,PRIORITIZATION_OUTPUT_SCHEMA_V0.1,TRANSPARENT_PRIORITIZATION_PROTOTYPE_V0.1,PRIORITIZATION_RULE_CATALOG_V0.1,PASS
p12,ENSEMBL_SHA256_PREFIX_2_V0.1,ART_PRZV01_SET_011A39B150DEF9E56A43CBF9,ART_PRZV01_5A7309B64AEF6AF793D4EDA9,CLASS_D_LARGE_DATA_OBJECT,TRANSPARENT_PRIORITIZATION_JSONL_PAYLOAD,316334,5a7309b64aef6af793d4eda908ed76d2ea3a655d6d69319cc050f67fb47f8ba4,TRANSPARENT_PRIORITIZATION_MATERIALIZER_V0.1,external+sha256://PENDING/luad-target-dossier/prioritization-v0.1/ART_PRZV01_SET_011A39B150DEF9E56A43CBF9/partitions/p12/prioritization_records.jsonl,LOCAL_CONTENT_ADDRESSED_STAGING_PENDING_DURABLE_REGISTRATION,99,160,29549,PRIORITIZATION_OUTPUT_SCHEMA_V0.1,TRANSPARENT_PRIORITIZATION_PROTOTYPE_V0.1,PRIORITIZATION_RULE_CATALOG_V0.1,PASS
p13,ENSEMBL_SHA256_PREFIX_2_V0.1,ART_PRZV01_SET_011A39B150DEF9E56A43CBF9,ART_PRZV01_CB7D3192D22BEA7966533AA4,CLASS_D_LARGE_DATA_OBJECT,TRANSPARENT_PRIORITIZATION_JSONL_PAYLOAD,326010,cb7d3192d22bea7966533aa4b4197130c9a6e54ccef587c0911c8cd015f1ce4e,TRANSPARENT_PRIORITIZATION_MATERIALIZER_V0.1,external+sha256://PENDING/luad-target-dossier/prioritization-v0.1/ART_PRZV01_SET_011A39B150DEF9E56A43CBF9/partitions/p13/prioritization_records.jsonl,LOCAL_CONTENT_ADDRESSED_STAGING_PENDING_DURABLE_REGISTRATION,102,129,29390,PRIORITIZATION_OUTPUT_SCHEMA_V0.1,TRANSPARENT_PRIORITIZATION_PROTOTYPE_V0.1,PRIORITIZATION_RULE_CATALOG_V0.1,PASS
p14,ENSEMBL_SHA256_PREFIX_2_V0.1,ART_PRZV01_SET_011A39B150DEF9E56A43CBF9,ART_PRZV01_A52A117774C1F99FABBF67CF,CLASS_D_LARGE_DATA_OBJECT,TRANSPARENT_PRIORITIZATION_JSONL_PAYLOAD,348218,a52a117774c1f99fabbf67cfd4e7c1b5c3ad08d771ebef037a2a8fcd092cf261,TRANSPARENT_PRIORITIZATION_MATERIALIZER_V0.1,external+sha256://PENDING/luad-target-dossier/prioritization-v0.1/ART_PRZV01_SET_011A39B150DEF9E56A43CBF9/partitions/p14/prioritization_records.jsonl,LOCAL_CONTENT_ADDRESSED_STAGING_PENDING_DURABLE_REGISTRATION,109,43,29582,PRIORITIZATION_OUTPUT_SCHEMA_V0.1,TRANSPARENT_PRIORITIZATION_PROTOTYPE_V0.1,PRIORITIZATION_RULE_CATALOG_V0.1,PASS
p15,ENSEMBL_SHA256_PREFIX_2_V0.1,ART_PRZV01_SET_011A39B150DEF9E56A43CBF9,ART_PRZV01_45DA62DA6C91DECE81A3C64A,CLASS_D_LARGE_DATA_OBJECT,TRANSPARENT_PRIORITIZATION_JSONL_PAYLOAD,402425,45da62da6c91dece81a3c64a947bb4d6ae3e443856903d6d21b1ab0c6adf823e,TRANSPARENT_PRIORITIZATION_MATERIALIZER_V0.1,external+sha256://PENDING/luad-target-dossier/prioritization-v0.1/ART_PRZV01_SET_011A39B150DEF9E56A43CBF9/partitions/p15/prioritization_records.jsonl,LOCAL_CONTENT_ADDRESSED_STAGING_PENDING_DURABLE_REGISTRATION,126,587,29432,PRIORITIZATION_OUTPUT_SCHEMA_V0.1,TRANSPARENT_PRIORITIZATION_PROTOTYPE_V0.1,PRIORITIZATION_RULE_CATALOG_V0.1,PASS
p16,ENSEMBL_SHA256_PREFIX_2_V0.1,ART_PRZV01_SET_011A39B150DEF9E56A43CBF9,ART_PRZV01_C488068BD3ABCC45CA98DF6F,CLASS_D_LARGE_DATA_OBJECT,TRANSPARENT_PRIORITIZATION_JSONL_PAYLOAD,373878,c488068bd3abcc45ca98df6f9d79da39bcacc6dd6836f47bc5ba07f96d61901b,TRANSPARENT_PRIORITIZATION_MATERIALIZER_V0.1,external+sha256://PENDING/luad-target-dossier/prioritization-v0.1/ART_PRZV01_SET_011A39B150DEF9E56A43CBF9/partitions/p16/prioritization_records.jsonl,LOCAL_CONTENT_ADDRESSED_STAGING_PENDING_DURABLE_REGISTRATION,117,438,29098,PRIORITIZATION_OUTPUT_SCHEMA_V0.1,TRANSPARENT_PRIORITIZATION_PROTOTYPE_V0.1,PRIORITIZATION_RULE_CATALOG_V0.1,PASS
p17,ENSEMBL_SHA256_PREFIX_2_V0.1,ART_PRZV01_SET_011A39B150DEF9E56A43CBF9,ART_PRZV01_008A83297DEE2E64B5B2FB75,CLASS_D_LARGE_DATA_OBJECT,TRANSPARENT_PRIORITIZATION_JSONL_PAYLOAD,428157,008a83297dee2e64b5b2fb75ec1d2903556d1a7d6d230ca9805f4db2aaa57aee,TRANSPARENT_PRIORITIZATION_MATERIALIZER_V0.1,external+sha256://PENDING/luad-target-dossier/prioritization-v0.1/ART_PRZV01_SET_011A39B150DEF9E56A43CBF9/partitions/p17/prioritization_records.jsonl,LOCAL_CONTENT_ADDRESSED_STAGING_PENDING_DURABLE_REGISTRATION,134,48,29532,PRIORITIZATION_OUTPUT_SCHEMA_V0.1,TRANSPARENT_PRIORITIZATION_PROTOTYPE_V0.1,PRIORITIZATION_RULE_CATALOG_V0.1,PASS
p18,ENSEMBL_SHA256_PREFIX_2_V0.1,ART_PRZV01_SET_011A39B150DEF9E56A43CBF9,ART_PRZV01_3427731391B5D5BD2E14DBB1,CLASS_D_LARGE_DATA_OBJECT,TRANSPARENT_PRIORITIZATION_JSONL_PAYLOAD,354696,3427731391b5d5bd2e14dbb14de38b18f99ae0800a801cfbec4496334ec6874b,TRANSPARENT_PRIORITIZATION_MATERIALIZER_V0.1,external+sha256://PENDING/luad-target-dossier/prioritization-v0.1/ART_PRZV01_SET_011A39B150DEF9E56A43CBF9/partitions/p18/prioritization_records.jsonl,LOCAL_CONTENT_ADDRESSED_STAGING_PENDING_DURABLE_REGISTRATION,111,273,29296,PRIORITIZATION_OUTPUT_SCHEMA_V0.1,TRANSPARENT_PRIORITIZATION_PROTOTYPE_V0.1,PRIORITIZATION_RULE_CATALOG_V0.1,PASS
p19,ENSEMBL_SHA256_PREFIX_2_V0.1,ART_PRZV01_SET_011A39B150DEF9E56A43CBF9,ART_PRZV01_EA19E53FC0AB2610AE6A657C,CLASS_D_LARGE_DATA_OBJECT,TRANSPARENT_PRIORITIZATION_JSONL_PAYLOAD,357852,ea19e53fc0ab2610ae6a657ccbc93f4caeed7878390e9ac2d180981754d5cede,TRANSPARENT_PRIORITIZATION_MATERIALIZER_V0.1,external+sha256://PENDING/luad-target-dossier/prioritization-v0.1/ART_PRZV01_SET_011A39B150DEF9E56A43CBF9/partitions/p19/prioritization_records.jsonl,LOCAL_CONTENT_ADDRESSED_STAGING_PENDING_DURABLE_REGISTRATION,112,610,29399,PRIORITIZATION_OUTPUT_SCHEMA_V0.1,TRANSPARENT_PRIORITIZATION_PROTOTYPE_V0.1,PRIORITIZATION_RULE_CATALOG_V0.1,PASS
p1a,ENSEMBL_SHA256_PREFIX_2_V0.1,ART_PRZV01_SET_011A39B150DEF9E56A43CBF9,ART_PRZV01_1CC4E72FF789CA14F42C6795,CLASS_D_LARGE_DATA_OBJECT,TRANSPARENT_PRIORITIZATION_JSONL_PAYLOAD,348245,1cc4e72ff789ca14f42c6795aa7bbc20e889c448e550de8bbc0952e07185086b,TRANSPARENT_PRIORITIZATION_MATERIALIZER_V0.1,external+sha256://PENDING/luad-target-dossier/prioritization-v0.1/ART_PRZV01_SET_011A39B150DEF9E56A43CBF9/partitions/p1a/prioritization_records.jsonl,LOCAL_CONTENT_ADDRESSED_STAGING_PENDING_DURABLE_REGISTRATION,109,144,28746,PRIORITIZATION_OUTPUT_SCHEMA_V0.1,TRANSPARENT_PRIORITIZATION_PROTOTYPE_V0.1,PRIORITIZATION_RULE_CATALOG_V0.1,PASS
p1b,ENSEMBL_SHA256_PREFIX_2_V0.1,ART_PRZV01_SET_011A39B150DEF9E56A43CBF9,ART_PRZV01_78F48C262E61E15B11D58C6B,CLASS_D_LARGE_DATA_OBJECT,TRANSPARENT_PRIORITIZATION_JSONL_PAYLOAD,396162,78f48c262e61e15b11d58c6be78962da95a4d07b0a4ff0dce16b5d2b32eacf11,TRANSPARENT_PRIORITIZATION_MATERIALIZER_V0.1,external+sha256://PENDING/luad-target-dossier/prioritization-v0.1/ART_PRZV01_SET_011A39B150DEF9E56A43CBF9/partitions/p1b/prioritization_records.jsonl,LOCAL_CONTENT_ADDRESSED_STAGING_PENDING_DURABLE_REGISTRATION,124,453,29537,PRIORITIZATION_OUTPUT_SCHEMA_V0.1,TRANSPARENT_PRIORITIZATION_PROTOTYPE_V0.1,PRIORITIZATION_RULE_CATALOG_V0.1,PASS
p1c,ENSEMBL_SHA256_PREFIX_2_V0.1,ART_PRZV01_SET_011A39B150DEF9E56A43CBF9,ART_PRZV01_EFB4567C172988ACC0EC3DB9,CLASS_D_LARGE_DATA_OBJECT,TRANSPARENT_PRIORITIZATION_JSONL_PAYLOAD,437726,efb4567c172988acc0ec3db928d086e6c6ac3ef0d81258967c1dd32248497f64,TRANSPARENT_PRIORITIZATION_MATERIALIZER_V0.1,external+sha256://PENDING/luad-target-dossier/prioritization-v0.1/ART_PRZV01_SET_011A39B150DEF9E56A43CBF9/partitions/p1c/prioritization_records.jsonl,LOCAL_CONTENT_ADDRESSED_STAGING_PENDING_DURABLE_REGISTRATION,137,130,29466,PRIORITIZATION_OUTPUT_SCHEMA_V0.1,TRANSPARENT_PRIORITIZATION_PROTOTYPE_V0.1,PRIORITIZATION_RULE_CATALOG_V0.1,PASS
p1d,ENSEMBL_SHA256_PREFIX_2_V0.1,ART_PRZV01_SET_011A39B150DEF9E56A43CBF9,ART_PRZV01_C9ECA6A2910294031065FD5B,CLASS_D_LARGE_DATA_OBJECT,TRANSPARENT_PRIORITIZATION_JSONL_PAYLOAD,351448,c9eca6a2910294031065fd5be91396ed981a4eff9ecc223ae5d948eac0b2afee,TRANSPARENT_PRIORITIZATION_MATERIALIZER_V0.1,external+sha256://PENDING/luad-target-dossier/prioritization-v0.1/ART_PRZV01_SET_011A39B150DEF9E56A43CBF9/partitions/p1d/prioritization_records.jsonl,LOCAL_CONTENT_ADDRESSED_STAGING_PENDING_DURABLE_REGISTRATION,110,81,29120,PRIORITIZATION_OUTPUT_SCHEMA_V0.1,TRANSPARENT_PRIORITIZATION_PROTOTYPE_V0.1,PRIORITIZATION_RULE_CATALOG_V0.1,PASS
p1e,ENSEMBL_SHA256_PREFIX_2_V0.1,ART_PRZV01_SET_011A39B150DEF9E56A43CBF9,ART_PRZV01_39E8F2F25360662EA2FB44EA,CLASS_D_LARGE_DATA_OBJECT,TRANSPARENT_PRIORITIZATION_JSONL_PAYLOAD,322795,39e8f2f25360662ea2fb44ead7ed1801d03f66e79f10f5c1e982bb0b4664e2a2,TRANSPARENT_PRIORITIZATION_MATERIALIZER_V0.1,external+sha256://PENDING/luad-target-dossier/prioritization-v0.1/ART_PRZV01_SET_011A39B150DEF9E56A43CBF9/partitions/p1e/prioritization_records.jsonl,LOCAL_CONTENT_ADDRESSED_STAGING_PENDING_DURABLE_REGISTRATION,101,67,29531,PRIORITIZATION_OUTPUT_SCHEMA_V0.1,TRANSPARENT_PRIORITIZATION_PROTOTYPE_V0.1,PRIORITIZATION_RULE_CATALOG_V0.1,PASS
p1f,ENSEMBL_SHA256_PREFIX_2_V0.1,ART_PRZV01_SET_011A39B150DEF9E56A43CBF9,ART_PRZV01_47ADE32A65749C5FE5708B9F,CLASS_D_LARGE_DATA_OBJECT,TRANSPARENT_PRIORITIZATION_JSONL_PAYLOAD,393023,47ade32a65749c5fe5708b9f7683a8faa327fd02196095da52b9243bf06781f1,TRANSPARENT_PRIORITIZATION_MATERIALIZER_V0.1,external+sha256://PENDING/luad-target-dossier/prioritization-v0.1/ART_PRZV01_SET_011A39B150DEF9E56A43CBF9/partitions/p1f/prioritization_records.jsonl,LOCAL_CONTENT_ADDRESSED_STAGING_PENDING_DURABLE_REGISTRATION,123,298,29509,PRIORITIZATION_OUTPUT_SCHEMA_V0.1,TRANSPARENT_PRIORITIZATION_PROTOTYPE_V0.1,PRIORITIZATION_RULE_CATALOG_V0.1,PASS
p20,ENSEMBL_SHA256_PREFIX_2_V0.1,ART_PRZV01_SET_011A39B150DEF9E56A43CBF9,ART_PRZV01_E1977A3AFE66F04E7AA4FE78,CLASS_D_LARGE_DATA_OBJECT,TRANSPARENT_PRIORITIZATION_JSONL_PAYLOAD,338722,e1977a3afe66f04e7aa4fe78ee719731705f90d62b5bba661ed995881d4f138f,TRANSPARENT_PRIORITIZATION_MATERIALIZER_V0.1,external+sha256://PENDING/luad-target-dossier/prioritization-v0.1/ART_PRZV01_SET_011A39B150DEF9E56A43CBF9/partitions/p20/prioritization_records.jsonl,LOCAL_CONTENT_ADDRESSED_STAGING_PENDING_DURABLE_REGISTRATION,106,285,29574,PRIORITIZATION_OUTPUT_SCHEMA_V0.1,TRANSPARENT_PRIORITIZATION_PROTOTYPE_V0.1,PRIORITIZATION_RULE_CATALOG_V0.1,PASS
p21,ENSEMBL_SHA256_PREFIX_2_V0.1,ART_PRZV01_SET_011A39B150DEF9E56A43CBF9,ART_PRZV01_22283B32D1F04449B53C9B62,CLASS_D_LARGE_DATA_OBJECT,TRANSPARENT_PRIORITIZATION_JSONL_PAYLOAD,345061,22283b32d1f04449b53c9b62ace9aa04e4cbf254e3bd13cbd259289ee92c7099,TRANSPARENT_PRIORITIZATION_MATERIALIZER_V0.1,external+sha256://PENDING/luad-target-dossier/prioritization-v0.1/ART_PRZV01_SET_011A39B150DEF9E56A43CBF9/partitions/p21/prioritization_records.jsonl,LOCAL_CONTENT_ADDRESSED_STAGING_PENDING_DURABLE_REGISTRATION,108,292,29492,PRIORITIZATION_OUTPUT_SCHEMA_V0.1,TRANSPARENT_PRIORITIZATION_PROTOTYPE_V0.1,PRIORITIZATION_RULE_CATALOG_V0.1,PASS
p22,ENSEMBL_SHA256_PREFIX_2_V0.1,ART_PRZV01_SET_011A39B150DEF9E56A43CBF9,ART_PRZV01_DAFB96EF809655B05ED84DB0,CLASS_D_LARGE_DATA_OBJECT,TRANSPARENT_PRIORITIZATION_JSONL_PAYLOAD,361001,dafb96ef809655b05ed84db0f1e6a7f4a4af53540447e78e6d65b11294f9ee72,TRANSPARENT_PRIORITIZATION_MATERIALIZER_V0.1,external+sha256://PENDING/luad-target-dossier/prioritization-v0.1/ART_PRZV01_SET_011A39B150DEF9E56A43CBF9/partitions/p22/prioritization_records.jsonl,LOCAL_CONTENT_ADDRESSED_STAGING_PENDING_DURABLE_REGISTRATION,113,15,29568,PRIORITIZATION_OUTPUT_SCHEMA_V0.1,TRANSPARENT_PRIORITIZATION_PROTOTYPE_V0.1,PRIORITIZATION_RULE_CATALOG_V0.1,PASS
p23,ENSEMBL_SHA256_PREFIX_2_V0.1,ART_PRZV01_SET_011A39B150DEF9E56A43CBF9,ART_PRZV01_B8A93D9690284E2792FBC1FE,CLASS_D_LARGE_DATA_OBJECT,TRANSPARENT_PRIORITIZATION_JSONL_PAYLOAD,357862,b8a93d9690284e2792fbc1fe90bc57ea89590c13aa6bc22bdd13fcebe8a4c721,TRANSPARENT_PRIORITIZATION_MATERIALIZER_V0.1,external+sha256://PENDING/luad-target-dossier/prioritization-v0.1/ART_PRZV01_SET_011A39B150DEF9E56A43CBF9/partitions/p23/prioritization_records.jsonl,LOCAL_CONTENT_ADDRESSED_STAGING_PENDING_DURABLE_REGISTRATION,112,266,29597,PRIORITIZATION_OUTPUT_SCHEMA_V0.1,TRANSPARENT_PRIORITIZATION_PROTOTYPE_V0.1,PRIORITIZATION_RULE_CATALOG_V0.1,PASS
p24,ENSEMBL_SHA256_PREFIX_2_V0.1,ART_PRZV01_SET_011A39B150DEF9E56A43CBF9,ART_PRZV01_5B332543C8B82BAD3FF4B47E,CLASS_D_LARGE_DATA_OBJECT,TRANSPARENT_PRIORITIZATION_JSONL_PAYLOAD,351550,5b332543c8b82bad3ff4b47ee24e0bcd60ee37a997b0591162154073e312b524,TRANSPARENT_PRIORITIZATION_MATERIALIZER_V0.1,external+sha256://PENDING/luad-target-dossier/prioritization-v0.1/ART_PRZV01_SET_011A39B150DEF9E56A43CBF9/partitions/p24/prioritization_records.jsonl,LOCAL_CONTENT_ADDRESSED_STAGING_PENDING_DURABLE_REGISTRATION,110,424,29429,PRIORITIZATION_OUTPUT_SCHEMA_V0.1,TRANSPARENT_PRIORITIZATION_PROTOTYPE_V0.1,PRIORITIZATION_RULE_CATALOG_V0.1,PASS
p25,ENSEMBL_SHA256_PREFIX_2_V0.1,ART_PRZV01_SET_011A39B150DEF9E56A43CBF9,ART_PRZV01_2E93B7DFD8708157B1B12DC2,CLASS_D_LARGE_DATA_OBJECT,TRANSPARENT_PRIORITIZATION_JSONL_PAYLOAD,332265,2e93b7dfd8708157b1b12dc2ee674c8eeb969c38faaffe610bc829253590175b,TRANSPARENT_PRIORITIZATION_MATERIALIZER_V0.1,external+sha256://PENDING/luad-target-dossier/prioritization-v0.1/ART_PRZV01_SET_011A39B150DEF9E56A43CBF9/partitions/p25/prioritization_records.jsonl,LOCAL_CONTENT_ADDRESSED_STAGING_PENDING_DURABLE_REGISTRATION,104,23,29489,PRIORITIZATION_OUTPUT_SCHEMA_V0.1,TRANSPARENT_PRIORITIZATION_PROTOTYPE_V0.1,PRIORITIZATION_RULE_CATALOG_V0.1,PASS
p26,ENSEMBL_SHA256_PREFIX_2_V0.1,ART_PRZV01_SET_011A39B150DEF9E56A43CBF9,ART_PRZV01_16F5EFE7863EB7A90E7EAB2F,CLASS_D_LARGE_DATA_OBJECT,TRANSPARENT_PRIORITIZATION_JSONL_PAYLOAD,319522,16f5efe7863eb7a90e7eab2f052d3995960accf501f24096f087935964c8c95b,TRANSPARENT_PRIORITIZATION_MATERIALIZER_V0.1,external+sha256://PENDING/luad-target-dossier/prioritization-v0.1/ART_PRZV01_SET_011A39B150DEF9E56A43CBF9/partitions/p26/prioritization_records.jsonl,LOCAL_CONTENT_ADDRESSED_STAGING_PENDING_DURABLE_REGISTRATION,100,181,29413,PRIORITIZATION_OUTPUT_SCHEMA_V0.1,TRANSPARENT_PRIORITIZATION_PROTOTYPE_V0.1,PRIORITIZATION_RULE_CATALOG_V0.1,PASS
p27,ENSEMBL_SHA256_PREFIX_2_V0.1,ART_PRZV01_SET_011A39B150DEF9E56A43CBF9,ART_PRZV01_D881DC4BDCB30E093F868E2A,CLASS_D_LARGE_DATA_OBJECT,TRANSPARENT_PRIORITIZATION_JSONL_PAYLOAD,405767,d881dc4bdcb30e093f868e2a011d1bd2006edf5207a57006b8cd88bc2c14d722,TRANSPARENT_PRIORITIZATION_MATERIALIZER_V0.1,external+sha256://PENDING/luad-target-dossier/prioritization-v0.1/ART_PRZV01_SET_011A39B150DEF9E56A43CBF9/partitions/p27/prioritization_records.jsonl,LOCAL_CONTENT_ADDRESSED_STAGING_PENDING_DURABLE_REGISTRATION,127,126,29487,PRIORITIZATION_OUTPUT_SCHEMA_V0.1,TRANSPARENT_PRIORITIZATION_PROTOTYPE_V0.1,PRIORITIZATION_RULE_CATALOG_V0.1,PASS
p28,ENSEMBL_SHA256_PREFIX_2_V0.1,ART_PRZV01_SET_011A39B150DEF9E56A43CBF9,ART_PRZV01_9EF1B3DCAE918B64B835BB09,CLASS_D_LARGE_DATA_OBJECT,TRANSPARENT_PRIORITIZATION_JSONL_PAYLOAD,345119,9ef1b3dcae918b64b835bb09490d972d752fb6fe7c2989fdadafe0db850489f7,TRANSPARENT_PRIORITIZATION_MATERIALIZER_V0.1,external+sha256://PENDING/luad-target-dossier/prioritization-v0.1/ART_PRZV01_SET_011A39B150DEF9E56A43CBF9/partitions/p28/prioritization_records.jsonl,LOCAL_CONTENT_ADDRESSED_STAGING_PENDING_DURABLE_REGISTRATION,108,218,29476,PRIORITIZATION_OUTPUT_SCHEMA_V0.1,TRANSPARENT_PRIORITIZATION_PROTOTYPE_V0.1,PRIORITIZATION_RULE_CATALOG_V0.1,PASS
p29,ENSEMBL_SHA256_PREFIX_2_V0.1,ART_PRZV01_SET_011A39B150DEF9E56A43CBF9,ART_PRZV01_B1D6CEB529A3663510F572CF,CLASS_D_LARGE_DATA_OBJECT,TRANSPARENT_PRIORITIZATION_JSONL_PAYLOAD,450544,b1d6ceb529a3663510f572cf324aee179c5e77c864c341fd80b5feeeb12f0215,TRANSPARENT_PRIORITIZATION_MATERIALIZER_V0.1,external+sha256://PENDING/luad-target-dossier/prioritization-v0.1/ART_PRZV01_SET_011A39B150DEF9E56A43CBF9/partitions/p29/prioritization_records.jsonl,LOCAL_CONTENT_ADDRESSED_STAGING_PENDING_DURABLE_REGISTRATION,141,267,29368,PRIORITIZATION_OUTPUT_SCHEMA_V0.1,TRANSPARENT_PRIORITIZATION_PROTOTYPE_V0.1,PRIORITIZATION_RULE_CATALOG_V0.1,PASS
p2a,ENSEMBL_SHA256_PREFIX_2_V0.1,ART_PRZV01_SET_011A39B150DEF9E56A43CBF9,ART_PRZV01_05F8FFDA418A431B92440853,CLASS_D_LARGE_DATA_OBJECT,TRANSPARENT_PRIORITIZATION_JSONL_PAYLOAD,393029,05f8ffda418a431b924408537b76d7f697d61a2ee580f6093415c542893923ef,TRANSPARENT_PRIORITIZATION_MATERIALIZER_V0.1,external+sha256://PENDING/luad-target-dossier/prioritization-v0.1/ART_PRZV01_SET_011A39B150DEF9E56A43CBF9/partitions/p2a/prioritization_records.jsonl,LOCAL_CONTENT_ADDRESSED_STAGING_PENDING_DURABLE_REGISTRATION,123,98,29246,PRIORITIZATION_OUTPUT_SCHEMA_V0.1,TRANSPARENT_PRIORITIZATION_PROTOTYPE_V0.1,PRIORITIZATION_RULE_CATALOG_V0.1,PASS
p2b,ENSEMBL_SHA256_PREFIX_2_V0.1,ART_PRZV01_SET_011A39B150DEF9E56A43CBF9,ART_PRZV01_29313F1C4433551E7A4686E9,CLASS_D_LARGE_DATA_OBJECT,TRANSPARENT_PRIORITIZATION_JSONL_PAYLOAD,360982,29313f1c4433551e7a4686e96105c03841ebe1656ca4bbf13b524d1ad0f84b0e,TRANSPARENT_PRIORITIZATION_MATERIALIZER_V0.1,external+sha256://PENDING/luad-target-dossier/prioritization-v0.1/ART_PRZV01_SET_011A39B150DEF9E56A43CBF9/partitions/p2b/prioritization_records.jsonl,LOCAL_CONTENT_ADDRESSED_STAGING_PENDING_DURABLE_REGISTRATION,113,287,29301,PRIORITIZATION_OUTPUT_SCHEMA_V0.1,TRANSPARENT_PRIORITIZATION_PROTOTYPE_V0.1,PRIORITIZATION_RULE_CATALOG_V0.1,PASS
p2c,ENSEMBL_SHA256_PREFIX_2_V0.1,ART_PRZV01_SET_011A39B150DEF9E56A43CBF9,ART_PRZV01_1D1AFF35C54671F8916DC809,CLASS_D_LARGE_DATA_OBJECT,TRANSPARENT_PRIORITIZATION_JSONL_PAYLOAD,418633,1d1aff35c54671f8916dc809896c2ed9693f833f6ffe0dcc3f7ad32cb29f6211,TRANSPARENT_PRIORITIZATION_MATERIALIZER_V0.1,external+sha256://PENDING/luad-target-dossier/prioritization-v0.1/ART_PRZV01_SET_011A39B150DEF9E56A43CBF9/partitions/p2c/prioritization_records.jsonl,LOCAL_CONTENT_ADDRESSED_STAGING_PENDING_DURABLE_REGISTRATION,131,34,29316,PRIORITIZATION_OUTPUT_SCHEMA_V0.1,TRANSPARENT_PRIORITIZATION_PROTOTYPE_V0.1,PRIORITIZATION_RULE_CATALOG_V0.1,PASS
p2d,ENSEMBL_SHA256_PREFIX_2_V0.1,ART_PRZV01_SET_011A39B150DEF9E56A43CBF9,ART_PRZV01_DF09D11C8BE852F6AFE02D47,CLASS_D_LARGE_DATA_OBJECT,TRANSPARENT_PRIORITIZATION_JSONL_PAYLOAD,373806,df09d11c8be852f6afe02d47287286fcd8d74302eef65abc10eb2cd0a6eecfad,TRANSPARENT_PRIORITIZATION_MATERIALIZER_V0.1,external+sha256://PENDING/luad-target-dossier/prioritization-v0.1/ART_PRZV01_SET_011A39B150DEF9E56A43CBF9/partitions/p2d/prioritization_records.jsonl,LOCAL_CONTENT_ADDRESSED_STAGING_PENDING_DURABLE_REGISTRATION,117,154,29347,PRIORITIZATION_OUTPUT_SCHEMA_V0.1,TRANSPARENT_PRIORITIZATION_PROTOTYPE_V0.1,PRIORITIZATION_RULE_CATALOG_V0.1,PASS
p2e,ENSEMBL_SHA256_PREFIX_2_V0.1,ART_PRZV01_SET_011A39B150DEF9E56A43CBF9,ART_PRZV01_56F22DDEEF7F497A2298B05A,CLASS_D_LARGE_DATA_OBJECT,TRANSPARENT_PRIORITIZATION_JSONL_PAYLOAD,380343,56f22ddeef7f497a2298b05a04bafcfe23a997fe8c551901317cccfe7b5d9ada,TRANSPARENT_PRIORITIZATION_MATERIALIZER_V0.1,external+sha256://PENDING/luad-target-dossier/prioritization-v0.1/ART_PRZV01_SET_011A39B150DEF9E56A43CBF9/partitions/p2e/prioritization_records.jsonl,LOCAL_CONTENT_ADDRESSED_STAGING_PENDING_DURABLE_REGISTRATION,119,382,29555,PRIORITIZATION_OUTPUT_SCHEMA_V0.1,TRANSPARENT_PRIORITIZATION_PROTOTYPE_V0.1,PRIORITIZATION_RULE_CATALOG_V0.1,PASS
p2f,ENSEMBL_SHA256_PREFIX_2_V0.1,ART_PRZV01_SET_011A39B150DEF9E56A43CBF9,ART_PRZV01_31300A9240A8F223096D546D,CLASS_D_LARGE_DATA_OBJECT,TRANSPARENT_PRIORITIZATION_JSONL_PAYLOAD,316268,31300a9240a8f223096d546de3280139b2e184ddc34f0cbb1348d84ebf15fb0d,TRANSPARENT_PRIORITIZATION_MATERIALIZER_V0.1,external+sha256://PENDING/luad-target-dossier/prioritization-v0.1/ART_PRZV01_SET_011A39B150DEF9E56A43CBF9/partitions/p2f/prioritization_records.jsonl,LOCAL_CONTENT_ADDRESSED_STAGING_PENDING_DURABLE_REGISTRATION,99,228,28660,PRIORITIZATION_OUTPUT_SCHEMA_V0.1,TRANSPARENT_PRIORITIZATION_PROTOTYPE_V0.1,PRIORITIZATION_RULE_CATALOG_V0.1,PASS
p30,ENSEMBL_SHA256_PREFIX_2_V0.1,ART_PRZV01_SET_011A39B150DEF9E56A43CBF9,ART_PRZV01_49E4AFD7843A15FA31114859,CLASS_D_LARGE_DATA_OBJECT,TRANSPARENT_PRIORITIZATION_JSONL_PAYLOAD,463242,49e4afd7843a15fa311148592ddc4407c01bd1bae55764a0a027986cd54a2b07,TRANSPARENT_PRIORITIZATION_MATERIALIZER_V0.1,external+sha256://PENDING/luad-target-dossier/prioritization-v0.1/ART_PRZV01_SET_011A39B150DEF9E56A43CBF9/partitions/p30/prioritization_records.jsonl,LOCAL_CONTENT_ADDRESSED_STAGING_PENDING_DURABLE_REGISTRATION,145,63,29469,PRIORITIZATION_OUTPUT_SCHEMA_V0.1,TRANSPARENT_PRIORITIZATION_PROTOTYPE_V0.1,PRIORITIZATION_RULE_CATALOG_V0.1,PASS
p31,ENSEMBL_SHA256_PREFIX_2_V0.1,ART_PRZV01_SET_011A39B150DEF9E56A43CBF9,ART_PRZV01_83E4AD5ECC9D138101D4CE61,CLASS_D_LARGE_DATA_OBJECT,TRANSPARENT_PRIORITIZATION_JSONL_PAYLOAD,370521,83e4ad5ecc9d138101d4ce6114a7c40716187553cfc775bbf994a8aa71a232ef,TRANSPARENT_PRIORITIZATION_MATERIALIZER_V0.1,external+sha256://PENDING/luad-target-dossier/prioritization-v0.1/ART_PRZV01_SET_011A39B150DEF9E56A43CBF9/partitions/p31/prioritization_records.jsonl,LOCAL_CONTENT_ADDRESSED_STAGING_PENDING_DURABLE_REGISTRATION,116,520,29438,PRIORITIZATION_OUTPUT_SCHEMA_V0.1,TRANSPARENT_PRIORITIZATION_PROTOTYPE_V0.1,PRIORITIZATION_RULE_CATALOG_V0.1,PASS
p32,ENSEMBL_SHA256_PREFIX_2_V0.1,ART_PRZV01_SET_011A39B150DEF9E56A43CBF9,ART_PRZV01_B1B9318AFDBCD916E3D6292F,CLASS_D_LARGE_DATA_OBJECT,TRANSPARENT_PRIORITIZATION_JSONL_PAYLOAD,364306,b1b9318afdbcd916e3d6292f78320dd302432072fb389ee87e501c5d85fc36c6,TRANSPARENT_PRIORITIZATION_MATERIALIZER_V0.1,external+sha256://PENDING/luad-target-dossier/prioritization-v0.1/ART_PRZV01_SET_011A39B150DEF9E56A43CBF9/partitions/p32/prioritization_records.jsonl,LOCAL_CONTENT_ADDRESSED_STAGING_PENDING_DURABLE_REGISTRATION,114,210,29465,PRIORITIZATION_OUTPUT_SCHEMA_V0.1,TRANSPARENT_PRIORITIZATION_PROTOTYPE_V0.1,PRIORITIZATION_RULE_CATALOG_V0.1,PASS
p33,ENSEMBL_SHA256_PREFIX_2_V0.1,ART_PRZV01_SET_011A39B150DEF9E56A43CBF9,ART_PRZV01_EBD035329D1A246BD3B7B952,CLASS_D_LARGE_DATA_OBJECT,TRANSPARENT_PRIORITIZATION_JSONL_PAYLOAD,380164,ebd035329d1a246bd3b7b952f928421d24de1e72a68941fea3d8f58510330cb1,TRANSPARENT_PRIORITIZATION_MATERIALIZER_V0.1,external+sha256://PENDING/luad-target-dossier/prioritization-v0.1/ART_PRZV01_SET_011A39B150DEF9E56A43CBF9/partitions/p33/prioritization_records.jsonl,LOCAL_CONTENT_ADDRESSED_STAGING_PENDING_DURABLE_REGISTRATION,119,241,29365,PRIORITIZATION_OUTPUT_SCHEMA_V0.1,TRANSPARENT_PRIORITIZATION_PROTOTYPE_V0.1,PRIORITIZATION_RULE_CATALOG_V0.1,PASS
p34,ENSEMBL_SHA256_PREFIX_2_V0.1,ART_PRZV01_SET_011A39B150DEF9E56A43CBF9,ART_PRZV01_971240358C803CFB071D4254,CLASS_D_LARGE_DATA_OBJECT,TRANSPARENT_PRIORITIZATION_JSONL_PAYLOAD,357700,971240358c803cfb071d425492b56a0cdc575c6fa3448e8a948e5336b33dde78,TRANSPARENT_PRIORITIZATION_MATERIALIZER_V0.1,external+sha256://PENDING/luad-target-dossier/prioritization-v0.1/ART_PRZV01_SET_011A39B150DEF9E56A43CBF9/partitions/p34/prioritization_records.jsonl,LOCAL_CONTENT_ADDRESSED_STAGING_PENDING_DURABLE_REGISTRATION,112,195,28999,PRIORITIZATION_OUTPUT_SCHEMA_V0.1,TRANSPARENT_PRIORITIZATION_PROTOTYPE_V0.1,PRIORITIZATION_RULE_CATALOG_V0.1,PASS
p35,ENSEMBL_SHA256_PREFIX_2_V0.1,ART_PRZV01_SET_011A39B150DEF9E56A43CBF9,ART_PRZV01_43560B655130FA4E0924B95E,CLASS_D_LARGE_DATA_OBJECT,TRANSPARENT_PRIORITIZATION_JSONL_PAYLOAD,415297,43560b655130fa4e0924b95e9727e728b6df9a42da88c10fcbf8fd2e7f4de262,TRANSPARENT_PRIORITIZATION_MATERIALIZER_V0.1,external+sha256://PENDING/luad-target-dossier/prioritization-v0.1/ART_PRZV01_SET_011A39B150DEF9E56A43CBF9/partitions/p35/prioritization_records.jsonl,LOCAL_CONTENT_ADDRESSED_STAGING_PENDING_DURABLE_REGISTRATION,130,145,28703,PRIORITIZATION_OUTPUT_SCHEMA_V0.1,TRANSPARENT_PRIORITIZATION_PROTOTYPE_V0.1,PRIORITIZATION_RULE_CATALOG_V0.1,PASS
p36,ENSEMBL_SHA256_PREFIX_2_V0.1,ART_PRZV01_SET_011A39B150DEF9E56A43CBF9,ART_PRZV01_0B64F6121A0B7B907ECB55BF,CLASS_D_LARGE_DATA_OBJECT,TRANSPARENT_PRIORITIZATION_JSONL_PAYLOAD,373741,0b64f6121a0b7b907ecb55bf5db1915402b28c13b4576e833e00b4c694137bf2,TRANSPARENT_PRIORITIZATION_MATERIALIZER_V0.1,external+sha256://PENDING/luad-target-dossier/prioritization-v0.1/ART_PRZV01_SET_011A39B150DEF9E56A43CBF9/partitions/p36/prioritization_records.jsonl,LOCAL_CONTENT_ADDRESSED_STAGING_PENDING_DURABLE_REGISTRATION,117,68,28993,PRIORITIZATION_OUTPUT_SCHEMA_V0.1,TRANSPARENT_PRIORITIZATION_PROTOTYPE_V0.1,PRIORITIZATION_RULE_CATALOG_V0.1,PASS
p37,ENSEMBL_SHA256_PREFIX_2_V0.1,ART_PRZV01_SET_011A39B150DEF9E56A43CBF9,ART_PRZV01_2CC8EC472AA5E9F265D258DB,CLASS_D_LARGE_DATA_OBJECT,TRANSPARENT_PRIORITIZATION_JSONL_PAYLOAD,421679,2cc8ec472aa5e9f265d258db1d5d6393639cc9fdd4523b4d2cd9aab7e34ca455,TRANSPARENT_PRIORITIZATION_MATERIALIZER_V0.1,external+sha256://PENDING/luad-target-dossier/prioritization-v0.1/ART_PRZV01_SET_011A39B150DEF9E56A43CBF9/partitions/p37/prioritization_records.jsonl,LOCAL_CONTENT_ADDRESSED_STAGING_PENDING_DURABLE_REGISTRATION,132,69,29348,PRIORITIZATION_OUTPUT_SCHEMA_V0.1,TRANSPARENT_PRIORITIZATION_PROTOTYPE_V0.1,PRIORITIZATION_RULE_CATALOG_V0.1,PASS
p38,ENSEMBL_SHA256_PREFIX_2_V0.1,ART_PRZV01_SET_011A39B150DEF9E56A43CBF9,ART_PRZV01_CF24DCD3ABB2947D7799FC1B,CLASS_D_LARGE_DATA_OBJECT,TRANSPARENT_PRIORITIZATION_JSONL_PAYLOAD,373867,cf24dcd3abb2947d7799fc1b8e03849e939a5744a4c8ea5085b5a5428558e1cf,TRANSPARENT_PRIORITIZATION_MATERIALIZER_V0.1,external+sha256://PENDING/luad-target-dossier/prioritization-v0.1/ART_PRZV01_SET_011A39B150DEF9E56A43CBF9/partitions/p38/prioritization_records.jsonl,LOCAL_CONTENT_ADDRESSED_STAGING_PENDING_DURABLE_REGISTRATION,117,113,29577,PRIORITIZATION_OUTPUT_SCHEMA_V0.1,TRANSPARENT_PRIORITIZATION_PROTOTYPE_V0.1,PRIORITIZATION_RULE_CATALOG_V0.1,PASS
p39,ENSEMBL_SHA256_PREFIX_2_V0.1,ART_PRZV01_SET_011A39B150DEF9E56A43CBF9,ART_PRZV01_07E0F6EC9033DF04BBCC8D5E,CLASS_D_LARGE_DATA_OBJECT,TRANSPARENT_PRIORITIZATION_JSONL_PAYLOAD,348276,07e0f6ec9033df04bbcc8d5ec6a30a393fe41e2d56a60448b1fabd4fe0e286f8,TRANSPARENT_PRIORITIZATION_MATERIALIZER_V0.1,external+sha256://PENDING/luad-target-dossier/prioritization-v0.1/ART_PRZV01_SET_011A39B150DEF9E56A43CBF9/partitions/p39/prioritization_records.jsonl,LOCAL_CONTENT_ADDRESSED_STAGING_PENDING_DURABLE_REGISTRATION,109,74,29602,PRIORITIZATION_OUTPUT_SCHEMA_V0.1,TRANSPARENT_PRIORITIZATION_PROTOTYPE_V0.1,PRIORITIZATION_RULE_CATALOG_V0.1,PASS
p3a,ENSEMBL_SHA256_PREFIX_2_V0.1,ART_PRZV01_SET_011A39B150DEF9E56A43CBF9,ART_PRZV01_A93FEE41756C4A522D072C5F,CLASS_D_LARGE_DATA_OBJECT,TRANSPARENT_PRIORITIZATION_JSONL_PAYLOAD,399478,a93fee41756c4a522d072c5f6bb1daf126f9f5a78c423321198f1fd3bfffc867,TRANSPARENT_PRIORITIZATION_MATERIALIZER_V0.1,external+sha256://PENDING/luad-target-dossier/prioritization-v0.1/ART_PRZV01_SET_011A39B150DEF9E56A43CBF9/partitions/p3a/prioritization_records.jsonl,LOCAL_CONTENT_ADDRESSED_STAGING_PENDING_DURABLE_REGISTRATION,125,425,29467,PRIORITIZATION_OUTPUT_SCHEMA_V0.1,TRANSPARENT_PRIORITIZATION_PROTOTYPE_V0.1,PRIORITIZATION_RULE_CATALOG_V0.1,PASS
p3b,ENSEMBL_SHA256_PREFIX_2_V0.1,ART_PRZV01_SET_011A39B150DEF9E56A43CBF9,ART_PRZV01_A69C213858FE2F84EFF92E6F,CLASS_D_LARGE_DATA_OBJECT,TRANSPARENT_PRIORITIZATION_JSONL_PAYLOAD,354630,a69c213858fe2f84eff92e6fd6b802d5d5f21f4e48ed75815b57b0689de90a34,TRANSPARENT_PRIORITIZATION_MATERIALIZER_V0.1,external+sha256://PENDING/luad-target-dossier/prioritization-v0.1/ART_PRZV01_SET_011A39B150DEF9E56A43CBF9/partitions/p3b/prioritization_records.jsonl,LOCAL_CONTENT_ADDRESSED_STAGING_PENDING_DURABLE_REGISTRATION,111,538,29087,PRIORITIZATION_OUTPUT_SCHEMA_V0.1,TRANSPARENT_PRIORITIZATION_PROTOTYPE_V0.1,PRIORITIZATION_RULE_CATALOG_V0.1,PASS
p3c,ENSEMBL_SHA256_PREFIX_2_V0.1,ART_PRZV01_SET_011A39B150DEF9E56A43CBF9,ART_PRZV01_905892ACBCB6F744B6BEDDFE,CLASS_D_LARGE_DATA_OBJECT,TRANSPARENT_PRIORITIZATION_JSONL_PAYLOAD,309821,905892acbcb6f744b6beddfece774543eb26a5244fef4fd2f01c9adb51e324c9,TRANSPARENT_PRIORITIZATION_MATERIALIZER_V0.1,external+sha256://PENDING/luad-target-dossier/prioritization-v0.1/ART_PRZV01_SET_011A39B150DEF9E56A43CBF9/partitions/p3c/prioritization_records.jsonl,LOCAL_CONTENT_ADDRESSED_STAGING_PENDING_DURABLE_REGISTRATION,97,177,28587,PRIORITIZATION_OUTPUT_SCHEMA_V0.1,TRANSPARENT_PRIORITIZATION_PROTOTYPE_V0.1,PRIORITIZATION_RULE_CATALOG_V0.1,PASS
p3d,ENSEMBL_SHA256_PREFIX_2_V0.1,ART_PRZV01_SET_011A39B150DEF9E56A43CBF9,ART_PRZV01_D4DDB6D5B474CDEB2D0F9E64,CLASS_D_LARGE_DATA_OBJECT,TRANSPARENT_PRIORITIZATION_JSONL_PAYLOAD,424930,d4ddb6d5b474cdeb2d0f9e640be0ecff05bfb7ee0be415316f1d6e5f58a92a21,TRANSPARENT_PRIORITIZATION_MATERIALIZER_V0.1,external+sha256://PENDING/luad-target-dossier/prioritization-v0.1/ART_PRZV01_SET_011A39B150DEF9E56A43CBF9/partitions/p3d/prioritization_records.jsonl,LOCAL_CONTENT_ADDRESSED_STAGING_PENDING_DURABLE_REGISTRATION,133,35,29294,PRIORITIZATION_OUTPUT_SCHEMA_V0.1,TRANSPARENT_PRIORITIZATION_PROTOTYPE_V0.1,PRIORITIZATION_RULE_CATALOG_V0.1,PASS
p3e,ENSEMBL_SHA256_PREFIX_2_V0.1,ART_PRZV01_SET_011A39B150DEF9E56A43CBF9,ART_PRZV01_995982E5B22B8BF650BA7E75,CLASS_D_LARGE_DATA_OBJECT,TRANSPARENT_PRIORITIZATION_JSONL_PAYLOAD,335375,995982e5b22b8bf650ba7e75ec0859c2d0e8be5033ab31984c711a128be6d17b,TRANSPARENT_PRIORITIZATION_MATERIALIZER_V0.1,external+sha256://PENDING/luad-target-dossier/prioritization-v0.1/ART_PRZV01_SET_011A39B150DEF9E56A43CBF9/partitions/p3e/prioritization_records.jsonl,LOCAL_CONTENT_ADDRESSED_STAGING_PENDING_DURABLE_REGISTRATION,105,124,29085,PRIORITIZATION_OUTPUT_SCHEMA_V0.1,TRANSPARENT_PRIORITIZATION_PROTOTYPE_V0.1,PRIORITIZATION_RULE_CATALOG_V0.1,PASS
p3f,ENSEMBL_SHA256_PREFIX_2_V0.1,ART_PRZV01_SET_011A39B150DEF9E56A43CBF9,ART_PRZV01_34D5F004A17FCCE2510394BC,CLASS_D_LARGE_DATA_OBJECT,TRANSPARENT_PRIORITIZATION_JSONL_PAYLOAD,376937,34d5f004a17fcce2510394bc45259b924ff9c8fd6f3a9756ddebb3a051f2c41f,TRANSPARENT_PRIORITIZATION_MATERIALIZER_V0.1,external+sha256://PENDING/luad-target-dossier/prioritization-v0.1/ART_PRZV01_SET_011A39B150DEF9E56A43CBF9/partitions/p3f/prioritization_records.jsonl,LOCAL_CONTENT_ADDRESSED_STAGING_PENDING_DURABLE_REGISTRATION,118,128,28370,PRIORITIZATION_OUTPUT_SCHEMA_V0.1,TRANSPARENT_PRIORITIZATION_PROTOTYPE_V0.1,PRIORITIZATION_RULE_CATALOG_V0.1,PASS
p40,ENSEMBL_SHA256_PREFIX_2_V0.1,ART_PRZV01_SET_011A39B150DEF9E56A43CBF9,ART_PRZV01_BFFC049820464D55CCBB9EEB,CLASS_D_LARGE_DATA_OBJECT,TRANSPARENT_PRIORITIZATION_JSONL_PAYLOAD,386691,bffc049820464d55ccbb9eeb50cc486969231d9a5e9958325f77602fbf14b33f,TRANSPARENT_PRIORITIZATION_MATERIALIZER_V0.1,external+sha256://PENDING/luad-target-dossier/prioritization-v0.1/ART_PRZV01_SET_011A39B150DEF9E56A43CBF9/partitions/p40/prioritization_records.jsonl,LOCAL_CONTENT_ADDRESSED_STAGING_PENDING_DURABLE_REGISTRATION,121,252,29604,PRIORITIZATION_OUTPUT_SCHEMA_V0.1,TRANSPARENT_PRIORITIZATION_PROTOTYPE_V0.1,PRIORITIZATION_RULE_CATALOG_V0.1,PASS
p41,ENSEMBL_SHA256_PREFIX_2_V0.1,ART_PRZV01_SET_011A39B150DEF9E56A43CBF9,ART_PRZV01_B720A729993547CAA0766F62,CLASS_D_LARGE_DATA_OBJECT,TRANSPARENT_PRIORITIZATION_JSONL_PAYLOAD,348235,b720a729993547caa0766f62a3b6c93e8ef77ad64e99e048283a572ee5ce63a4,TRANSPARENT_PRIORITIZATION_MATERIALIZER_V0.1,external+sha256://PENDING/luad-target-dossier/prioritization-v0.1/ART_PRZV01_SET_011A39B150DEF9E56A43CBF9/partitions/p41/prioritization_records.jsonl,LOCAL_CONTENT_ADDRESSED_STAGING_PENDING_DURABLE_REGISTRATION,109,176,29414,PRIORITIZATION_OUTPUT_SCHEMA_V0.1,TRANSPARENT_PRIORITIZATION_PROTOTYPE_V0.1,PRIORITIZATION_RULE_CATALOG_V0.1,PASS
p42,ENSEMBL_SHA256_PREFIX_2_V0.1,ART_PRZV01_SET_011A39B150DEF9E56A43CBF9,ART_PRZV01_EBF18A4B3260D5595726BF6C,CLASS_D_LARGE_DATA_OBJECT,TRANSPARENT_PRIORITIZATION_JSONL_PAYLOAD,316301,ebf18a4b3260d5595726bf6c00079f27b63b666ceb40b9a1e9afffbf7b41a584,TRANSPARENT_PRIORITIZATION_MATERIALIZER_V0.1,external+sha256://PENDING/luad-target-dossier/prioritization-v0.1/ART_PRZV01_SET_011A39B150DEF9E56A43CBF9/partitions/p42/prioritization_records.jsonl,LOCAL_CONTENT_ADDRESSED_STAGING_PENDING_DURABLE_REGISTRATION,99,434,28947,PRIORITIZATION_OUTPUT_SCHEMA_V0.1,TRANSPARENT_PRIORITIZATION_PROTOTYPE_V0.1,PRIORITIZATION_RULE_CATALOG_V0.1,PASS
p43,ENSEMBL_SHA256_PREFIX_2_V0.1,ART_PRZV01_SET_011A39B150DEF9E56A43CBF9,ART_PRZV01_E80E95FAABDCDA2345BA63FF,CLASS_D_LARGE_DATA_OBJECT,TRANSPARENT_PRIORITIZATION_JSONL_PAYLOAD,440952,e80e95faabdcda2345ba63ff8cccee793517d009a0f18e07067f82fb70528035,TRANSPARENT_PRIORITIZATION_MATERIALIZER_V0.1,external+sha256://PENDING/luad-target-dossier/prioritization-v0.1/ART_PRZV01_SET_011A39B150DEF9E56A43CBF9/partitions/p43/prioritization_records.jsonl,LOCAL_CONTENT_ADDRESSED_STAGING_PENDING_DURABLE_REGISTRATION,138,340,29373,PRIORITIZATION_OUTPUT_SCHEMA_V0.1,TRANSPARENT_PRIORITIZATION_PROTOTYPE_V0.1,PRIORITIZATION_RULE_CATALOG_V0.1,PASS
p44,ENSEMBL_SHA256_PREFIX_2_V0.1,ART_PRZV01_SET_011A39B150DEF9E56A43CBF9,ART_PRZV01_B45BEDFE499F72320FB5BB62,CLASS_D_LARGE_DATA_OBJECT,TRANSPARENT_PRIORITIZATION_JSONL_PAYLOAD,348248,b45bedfe499f72320fb5bb6202425cfc7cb39f2f85bd0ef14f1c5452dd439b95,TRANSPARENT_PRIORITIZATION_MATERIALIZER_V0.1,external+sha256://PENDING/luad-target-dossier/prioritization-v0.1/ART_PRZV01_SET_011A39B150DEF9E56A43CBF9/partitions/p44/prioritization_records.jsonl,LOCAL_CONTENT_ADDRESSED_STAGING_PENDING_DURABLE_REGISTRATION,109,56,29559,PRIORITIZATION_OUTPUT_SCHEMA_V0.1,TRANSPARENT_PRIORITIZATION_PROTOTYPE_V0.1,PRIORITIZATION_RULE_CATALOG_V0.1,PASS
p45,ENSEMBL_SHA256_PREFIX_2_V0.1,ART_PRZV01_SET_011A39B150DEF9E56A43CBF9,ART_PRZV01_3B9B820A01824EECDBC328D3,CLASS_D_LARGE_DATA_OBJECT,TRANSPARENT_PRIORITIZATION_JSONL_PAYLOAD,325842,3b9b820a01824eecdbc328d3e4a8fdbfd6084fe9b2fa67880061de1fcf5a3436,TRANSPARENT_PRIORITIZATION_MATERIALIZER_V0.1,external+sha256://PENDING/luad-target-dossier/prioritization-v0.1/ART_PRZV01_SET_011A39B150DEF9E56A43CBF9/partitions/p45/prioritization_records.jsonl,LOCAL_CONTENT_ADDRESSED_STAGING_PENDING_DURABLE_REGISTRATION,102,322,29554,PRIORITIZATION_OUTPUT_SCHEMA_V0.1,TRANSPARENT_PRIORITIZATION_PROTOTYPE_V0.1,PRIORITIZATION_RULE_CATALOG_V0.1,PASS
p46,ENSEMBL_SHA256_PREFIX_2_V0.1,ART_PRZV01_SET_011A39B150DEF9E56A43CBF9,ART_PRZV01_7456216128B1A293D50FB384,CLASS_D_LARGE_DATA_OBJECT,TRANSPARENT_PRIORITIZATION_JSONL_PAYLOAD,345091,7456216128b1a293d50fb3845874e8eb79123b8d03fb55430f7dc2785d438a70,TRANSPARENT_PRIORITIZATION_MATERIALIZER_V0.1,external+sha256://PENDING/luad-target-dossier/prioritization-v0.1/ART_PRZV01_SET_011A39B150DEF9E56A43CBF9/partitions/p46/prioritization_records.jsonl,LOCAL_CONTENT_ADDRESSED_STAGING_PENDING_DURABLE_REGISTRATION,108,28,29132,PRIORITIZATION_OUTPUT_SCHEMA_V0.1,TRANSPARENT_PRIORITIZATION_PROTOTYPE_V0.1,PRIORITIZATION_RULE_CATALOG_V0.1,PASS
p47,ENSEMBL_SHA256_PREFIX_2_V0.1,ART_PRZV01_SET_011A39B150DEF9E56A43CBF9,ART_PRZV01_29159E7917D8AD8FB28B1587,CLASS_D_LARGE_DATA_OBJECT,TRANSPARENT_PRIORITIZATION_JSONL_PAYLOAD,377065,29159e7917d8ad8fb28b1587a18a332e2b6ebccef95232d2c973e2e61d2f86de,TRANSPARENT_PRIORITIZATION_MATERIALIZER_V0.1,external+sha256://PENDING/luad-target-dossier/prioritization-v0.1/ART_PRZV01_SET_011A39B150DEF9E56A43CBF9/partitions/p47/prioritization_records.jsonl,LOCAL_CONTENT_ADDRESSED_STAGING_PENDING_DURABLE_REGISTRATION,118,54,28889,PRIORITIZATION_OUTPUT_SCHEMA_V0.1,TRANSPARENT_PRIORITIZATION_PROTOTYPE_V0.1,PRIORITIZATION_RULE_CATALOG_V0.1,PASS
p48,ENSEMBL_SHA256_PREFIX_2_V0.1,ART_PRZV01_SET_011A39B150DEF9E56A43CBF9,ART_PRZV01_BAAB282A95C43E3288D6A786,CLASS_D_LARGE_DATA_OBJECT,TRANSPARENT_PRIORITIZATION_JSONL_PAYLOAD,332252,baab282a95c43e3288d6a786f32fc7f5042d48fcf002b5fb5e27747a35a69768,TRANSPARENT_PRIORITIZATION_MATERIALIZER_V0.1,external+sha256://PENDING/luad-target-dossier/prioritization-v0.1/ART_PRZV01_SET_011A39B150DEF9E56A43CBF9/partitions/p48/prioritization_records.jsonl,LOCAL_CONTENT_ADDRESSED_STAGING_PENDING_DURABLE_REGISTRATION,104,226,29591,PRIORITIZATION_OUTPUT_SCHEMA_V0.1,TRANSPARENT_PRIORITIZATION_PROTOTYPE_V0.1,PRIORITIZATION_RULE_CATALOG_V0.1,PASS
p49,ENSEMBL_SHA256_PREFIX_2_V0.1,ART_PRZV01_SET_011A39B150DEF9E56A43CBF9,ART_PRZV01_303A984172ED5A3AF1A5ED15,CLASS_D_LARGE_DATA_OBJECT,TRANSPARENT_PRIORITIZATION_JSONL_PAYLOAD,370581,303a984172ed5a3af1a5ed152255fc6e0602b31dae1611a1b152f8b03d832102,TRANSPARENT_PRIORITIZATION_MATERIALIZER_V0.1,external+sha256://PENDING/luad-target-dossier/prioritization-v0.1/ART_PRZV01_SET_011A39B150DEF9E56A43CBF9/partitions/p49/prioritization_records.jsonl,LOCAL_CONTENT_ADDRESSED_STAGING_PENDING_DURABLE_REGISTRATION,116,134,29543,PRIORITIZATION_OUTPUT_SCHEMA_V0.1,TRANSPARENT_PRIORITIZATION_PROTOTYPE_V0.1,PRIORITIZATION_RULE_CATALOG_V0.1,PASS
p4a,ENSEMBL_SHA256_PREFIX_2_V0.1,ART_PRZV01_SET_011A39B150DEF9E56A43CBF9,ART_PRZV01_0D1DB02C6B8791C47355007B,CLASS_D_LARGE_DATA_OBJECT,TRANSPARENT_PRIORITIZATION_JSONL_PAYLOAD,370591,0d1db02c6b8791c47355007b5d67bab92af9b54cf3c978959318da8ab707df40,TRANSPARENT_PRIORITIZATION_MATERIALIZER_V0.1,external+sha256://PENDING/luad-target-dossier/prioritization-v0.1/ART_PRZV01_SET_011A39B150DEF9E56A43CBF9/partitions/p4a/prioritization_records.jsonl,LOCAL_CONTENT_ADDRESSED_STAGING_PENDING_DURABLE_REGISTRATION,116,239,29513,PRIORITIZATION_OUTPUT_SCHEMA_V0.1,TRANSPARENT_PRIORITIZATION_PROTOTYPE_V0.1,PRIORITIZATION_RULE_CATALOG_V0.1,PASS
p4b,ENSEMBL_SHA256_PREFIX_2_V0.1,ART_PRZV01_SET_011A39B150DEF9E56A43CBF9,ART_PRZV01_9807623422916148092AC188,CLASS_D_LARGE_DATA_OBJECT,TRANSPARENT_PRIORITIZATION_JSONL_PAYLOAD,389696,9807623422916148092ac188a48c509461e58cb0214eb0c8ec12486a921d5608,TRANSPARENT_PRIORITIZATION_MATERIALIZER_V0.1,external+sha256://PENDING/luad-target-dossier/prioritization-v0.1/ART_PRZV01_SET_011A39B150DEF9E56A43CBF9/partitions/p4b/prioritization_records.jsonl,LOCAL_CONTENT_ADDRESSED_STAGING_PENDING_DURABLE_REGISTRATION,122,46,29005,PRIORITIZATION_OUTPUT_SCHEMA_V0.1,TRANSPARENT_PRIORITIZATION_PROTOTYPE_V0.1,PRIORITIZATION_RULE_CATALOG_V0.1,PASS
p4c,ENSEMBL_SHA256_PREFIX_2_V0.1,ART_PRZV01_SET_011A39B150DEF9E56A43CBF9,ART_PRZV01_9F5889E20A6E357F1136FE6F,CLASS_D_LARGE_DATA_OBJECT,TRANSPARENT_PRIORITIZATION_JSONL_PAYLOAD,437688,9f5889e20a6e357f1136fe6fc87cf3cc94c5968a919b1d75425b7276867b52a2,TRANSPARENT_PRIORITIZATION_MATERIALIZER_V0.1,external+sha256://PENDING/luad-target-dossier/prioritization-v0.1/ART_PRZV01_SET_011A39B150DEF9E56A43CBF9/partitions/p4c/prioritization_records.jsonl,LOCAL_CONTENT_ADDRESSED_STAGING_PENDING_DURABLE_REGISTRATION,137,221,29020,PRIORITIZATION_OUTPUT_SCHEMA_V0.1,TRANSPARENT_PRIORITIZATION_PROTOTYPE_V0.1,PRIORITIZATION_RULE_CATALOG_V0.1,PASS
p4d,ENSEMBL_SHA256_PREFIX_2_V0.1,ART_PRZV01_SET_011A39B150DEF9E56A43CBF9,ART_PRZV01_028EA66759E0B1C75430F729,CLASS_D_LARGE_DATA_OBJECT,TRANSPARENT_PRIORITIZATION_JSONL_PAYLOAD,357815,028ea66759e0b1c75430f729529fc1acaf7e8a0b9ef9e6aff0a38ed8bc713a16,TRANSPARENT_PRIORITIZATION_MATERIALIZER_V0.1,external+sha256://PENDING/luad-target-dossier/prioritization-v0.1/ART_PRZV01_SET_011A39B150DEF9E56A43CBF9/partitions/p4d/prioritization_records.jsonl,LOCAL_CONTENT_ADDRESSED_STAGING_PENDING_DURABLE_REGISTRATION,112,117,29330,PRIORITIZATION_OUTPUT_SCHEMA_V0.1,TRANSPARENT_PRIORITIZATION_PROTOTYPE_V0.1,PRIORITIZATION_RULE_CATALOG_V0.1,PASS
p4e,ENSEMBL_SHA256_PREFIX_2_V0.1,ART_PRZV01_SET_011A39B150DEF9E56A43CBF9,ART_PRZV01_A14A90F9BEFAA0E606116E50,CLASS_D_LARGE_DATA_OBJECT,TRANSPARENT_PRIORITIZATION_JSONL_PAYLOAD,335560,a14a90f9befaa0e606116e5024001ee2de55baef04e38f85f4d8498be50b7a62,TRANSPARENT_PRIORITIZATION_MATERIALIZER_V0.1,external+sha256://PENDING/luad-target-dossier/prioritization-v0.1/ART_PRZV01_SET_011A39B150DEF9E56A43CBF9/partitions/p4e/prioritization_records.jsonl,LOCAL_CONTENT_ADDRESSED_STAGING_PENDING_DURABLE_REGISTRATION,105,42,29519,PRIORITIZATION_OUTPUT_SCHEMA_V0.1,TRANSPARENT_PRIORITIZATION_PROTOTYPE_V0.1,PRIORITIZATION_RULE_CATALOG_V0.1,PASS
p4f,ENSEMBL_SHA256_PREFIX_2_V0.1,ART_PRZV01_SET_011A39B150DEF9E56A43CBF9,ART_PRZV01_77DBA5C3CB2F6B768168FB77,CLASS_D_LARGE_DATA_OBJECT,TRANSPARENT_PRIORITIZATION_JSONL_PAYLOAD,335360,77dba5c3cb2f6b768168fb77886b4fb3b606dc814d9cedfdd4fbe5a3e422817d,TRANSPARENT_PRIORITIZATION_MATERIALIZER_V0.1,external+sha256://PENDING/luad-target-dossier/prioritization-v0.1/ART_PRZV01_SET_011A39B150DEF9E56A43CBF9/partitions/p4f/prioritization_records.jsonl,LOCAL_CONTENT_ADDRESSED_STAGING_PENDING_DURABLE_REGISTRATION,105,192,29415,PRIORITIZATION_OUTPUT_SCHEMA_V0.1,TRANSPARENT_PRIORITIZATION_PROTOTYPE_V0.1,PRIORITIZATION_RULE_CATALOG_V0.1,PASS
p50,ENSEMBL_SHA256_PREFIX_2_V0.1,ART_PRZV01_SET_011A39B150DEF9E56A43CBF9,ART_PRZV01_A7347484B25EFA0F44920985,CLASS_D_LARGE_DATA_OBJECT,TRANSPARENT_PRIORITIZATION_JSONL_PAYLOAD,338630,a7347484b25efa0f4492098587a45f7d02b4a812403320336b67bfd51fdca5ce,TRANSPARENT_PRIORITIZATION_MATERIALIZER_V0.1,external+sha256://PENDING/luad-target-dossier/prioritization-v0.1/ART_PRZV01_SET_011A39B150DEF9E56A43CBF9/partitions/p50/prioritization_records.jsonl,LOCAL_CONTENT_ADDRESSED_STAGING_PENDING_DURABLE_REGISTRATION,106,231,29446,PRIORITIZATION_OUTPUT_SCHEMA_V0.1,TRANSPARENT_PRIORITIZATION_PROTOTYPE_V0.1,PRIORITIZATION_RULE_CATALOG_V0.1,PASS
p51,ENSEMBL_SHA256_PREFIX_2_V0.1,ART_PRZV01_SET_011A39B150DEF9E56A43CBF9,ART_PRZV01_E419D4F373C016547BBA8CBD,CLASS_D_LARGE_DATA_OBJECT,TRANSPARENT_PRIORITIZATION_JSONL_PAYLOAD,367445,e419d4f373c016547bba8cbdaa3cecaf64189a812a84881cbc032b09e3f501de,TRANSPARENT_PRIORITIZATION_MATERIALIZER_V0.1,external+sha256://PENDING/luad-target-dossier/prioritization-v0.1/ART_PRZV01_SET_011A39B150DEF9E56A43CBF9/partitions/p51/prioritization_records.jsonl,LOCAL_CONTENT_ADDRESSED_STAGING_PENDING_DURABLE_REGISTRATION,115,25,29356,PRIORITIZATION_OUTPUT_SCHEMA_V0.1,TRANSPARENT_PRIORITIZATION_PROTOTYPE_V0.1,PRIORITIZATION_RULE_CATALOG_V0.1,PASS
p52,ENSEMBL_SHA256_PREFIX_2_V0.1,ART_PRZV01_SET_011A39B150DEF9E56A43CBF9,ART_PRZV01_875E6B3A395EEA8CEC6642DC,CLASS_D_LARGE_DATA_OBJECT,TRANSPARENT_PRIORITIZATION_JSONL_PAYLOAD,408841,875e6b3a395eea8cec6642dc45b20f86c7b18fc7836975c8c4a652fd4db2440c,TRANSPARENT_PRIORITIZATION_MATERIALIZER_V0.1,external+sha256://PENDING/luad-target-dossier/prioritization-v0.1/ART_PRZV01_SET_011A39B150DEF9E56A43CBF9/partitions/p52/prioritization_records.jsonl,LOCAL_CONTENT_ADDRESSED_STAGING_PENDING_DURABLE_REGISTRATION,128,20,29084,PRIORITIZATION_OUTPUT_SCHEMA_V0.1,TRANSPARENT_PRIORITIZATION_PROTOTYPE_V0.1,PRIORITIZATION_RULE_CATALOG_V0.1,PASS
p53,ENSEMBL_SHA256_PREFIX_2_V0.1,ART_PRZV01_SET_011A39B150DEF9E56A43CBF9,ART_PRZV01_2515655D2A18FC2C8789735A,CLASS_D_LARGE_DATA_OBJECT,TRANSPARENT_PRIORITIZATION_JSONL_PAYLOAD,345005,2515655d2a18fc2c8789735ac6dd78f340484671a35fd052fcc0fc75ead77509,TRANSPARENT_PRIORITIZATION_MATERIALIZER_V0.1,external+sha256://PENDING/luad-target-dossier/prioritization-v0.1/ART_PRZV01_SET_011A39B150DEF9E56A43CBF9/partitions/p53/prioritization_records.jsonl,LOCAL_CONTENT_ADDRESSED_STAGING_PENDING_DURABLE_REGISTRATION,108,167,29261,PRIORITIZATION_OUTPUT_SCHEMA_V0.1,TRANSPARENT_PRIORITIZATION_PROTOTYPE_V0.1,PRIORITIZATION_RULE_CATALOG_V0.1,PASS
p54,ENSEMBL_SHA256_PREFIX_2_V0.1,ART_PRZV01_SET_011A39B150DEF9E56A43CBF9,ART_PRZV01_4C929BA5B861D32B5005EE90,CLASS_D_LARGE_DATA_OBJECT,TRANSPARENT_PRIORITIZATION_JSONL_PAYLOAD,437738,4c929ba5b861d32b5005ee90a1bf420ed29ceb0cbf77d746e627342b3898b8e5,TRANSPARENT_PRIORITIZATION_MATERIALIZER_V0.1,external+sha256://PENDING/luad-target-dossier/prioritization-v0.1/ART_PRZV01_SET_011A39B150DEF9E56A43CBF9/partitions/p54/prioritization_records.jsonl,LOCAL_CONTENT_ADDRESSED_STAGING_PENDING_DURABLE_REGISTRATION,137,76,29491,PRIORITIZATION_OUTPUT_SCHEMA_V0.1,TRANSPARENT_PRIORITIZATION_PROTOTYPE_V0.1,PRIORITIZATION_RULE_CATALOG_V0.1,PASS
p55,ENSEMBL_SHA256_PREFIX_2_V0.1,ART_PRZV01_SET_011A39B150DEF9E56A43CBF9,ART_PRZV01_9A6022CCCA9D934EE21E549B,CLASS_D_LARGE_DATA_OBJECT,TRANSPARENT_PRIORITIZATION_JSONL_PAYLOAD,376980,9a6022ccca9d934ee21e549b84075311a8628b7212af41ec1516bc59366ed6c1,TRANSPARENT_PRIORITIZATION_MATERIALIZER_V0.1,external+sha256://PENDING/luad-target-dossier/prioritization-v0.1/ART_PRZV01_SET_011A39B150DEF9E56A43CBF9/partitions/p55/prioritization_records.jsonl,LOCAL_CONTENT_ADDRESSED_STAGING_PENDING_DURABLE_REGISTRATION,118,146,29216,PRIORITIZATION_OUTPUT_SCHEMA_V0.1,TRANSPARENT_PRIORITIZATION_PROTOTYPE_V0.1,PRIORITIZATION_RULE_CATALOG_V0.1,PASS
p56,ENSEMBL_SHA256_PREFIX_2_V0.1,ART_PRZV01_SET_011A39B150DEF9E56A43CBF9,ART_PRZV01_7CD2C9B3747AA66F9E98B135,CLASS_D_LARGE_DATA_OBJECT,TRANSPARENT_PRIORITIZATION_JSONL_PAYLOAD,373936,7cd2c9b3747aa66f9e98b135c4074dc2b1f4737677ff7817dc54963e2e0bb753,TRANSPARENT_PRIORITIZATION_MATERIALIZER_V0.1,external+sha256://PENDING/luad-target-dossier/prioritization-v0.1/ART_PRZV01_SET_011A39B150DEF9E56A43CBF9/partitions/p56/prioritization_records.jsonl,LOCAL_CONTENT_ADDRESSED_STAGING_PENDING_DURABLE_REGISTRATION,117,102,29589,PRIORITIZATION_OUTPUT_SCHEMA_V0.1,TRANSPARENT_PRIORITIZATION_PROTOTYPE_V0.1,PRIORITIZATION_RULE_CATALOG_V0.1,PASS
p57,ENSEMBL_SHA256_PREFIX_2_V0.1,ART_PRZV01_SET_011A39B150DEF9E56A43CBF9,ART_PRZV01_76C8DF74CEEC40016429D0AC,CLASS_D_LARGE_DATA_OBJECT,TRANSPARENT_PRIORITIZATION_JSONL_PAYLOAD,354726,76c8df74ceec40016429d0ac81bbe7b89ea6d3ee0fe2b8daf93aa54d85c4c273,TRANSPARENT_PRIORITIZATION_MATERIALIZER_V0.1,external+sha256://PENDING/luad-target-dossier/prioritization-v0.1/ART_PRZV01_SET_011A39B150DEF9E56A43CBF9/partitions/p57/prioritization_records.jsonl,LOCAL_CONTENT_ADDRESSED_STAGING_PENDING_DURABLE_REGISTRATION,111,415,29594,PRIORITIZATION_OUTPUT_SCHEMA_V0.1,TRANSPARENT_PRIORITIZATION_PROTOTYPE_V0.1,PRIORITIZATION_RULE_CATALOG_V0.1,PASS
p58,ENSEMBL_SHA256_PREFIX_2_V0.1,ART_PRZV01_SET_011A39B150DEF9E56A43CBF9,ART_PRZV01_75F829BCB9804DD6FA2D3ED9,CLASS_D_LARGE_DATA_OBJECT,TRANSPARENT_PRIORITIZATION_JSONL_PAYLOAD,373828,75f829bcb9804dd6fa2d3ed9fa60322c6a4ea6acf03aae8117958d274697268a,TRANSPARENT_PRIORITIZATION_MATERIALIZER_V0.1,external+sha256://PENDING/luad-target-dossier/prioritization-v0.1/ART_PRZV01_SET_011A39B150DEF9E56A43CBF9/partitions/p58/prioritization_records.jsonl,LOCAL_CONTENT_ADDRESSED_STAGING_PENDING_DURABLE_REGISTRATION,117,158,29507,PRIORITIZATION_OUTPUT_SCHEMA_V0.1,TRANSPARENT_PRIORITIZATION_PROTOTYPE_V0.1,PRIORITIZATION_RULE_CATALOG_V0.1,PASS
p59,ENSEMBL_SHA256_PREFIX_2_V0.1,ART_PRZV01_SET_011A39B150DEF9E56A43CBF9,ART_PRZV01_D3EBAB950E542915B1C027D2,CLASS_D_LARGE_DATA_OBJECT,TRANSPARENT_PRIORITIZATION_JSONL_PAYLOAD,380178,d3ebab950e542915b1c027d247d49fb377b1b25037163ab5876bf988f0a199b9,TRANSPARENT_PRIORITIZATION_MATERIALIZER_V0.1,external+sha256://PENDING/luad-target-dossier/prioritization-v0.1/ART_PRZV01_SET_011A39B150DEF9E56A43CBF9/partitions/p59/prioritization_records.jsonl,LOCAL_CONTENT_ADDRESSED_STAGING_PENDING_DURABLE_REGISTRATION,119,189,29565,PRIORITIZATION_OUTPUT_SCHEMA_V0.1,TRANSPARENT_PRIORITIZATION_PROTOTYPE_V0.1,PRIORITIZATION_RULE_CATALOG_V0.1,PASS
p5a,ENSEMBL_SHA256_PREFIX_2_V0.1,ART_PRZV01_SET_011A39B150DEF9E56A43CBF9,ART_PRZV01_D4139576BDDDC5DD521A8B5B,CLASS_D_LARGE_DATA_OBJECT,TRANSPARENT_PRIORITIZATION_JSONL_PAYLOAD,329102,d4139576bdddc5dd521a8b5bf64e61f7f86e7976498efbd867e2f34ad805427f,TRANSPARENT_PRIORITIZATION_MATERIALIZER_V0.1,external+sha256://PENDING/luad-target-dossier/prioritization-v0.1/ART_PRZV01_SET_011A39B150DEF9E56A43CBF9/partitions/p5a/prioritization_records.jsonl,LOCAL_CONTENT_ADDRESSED_STAGING_PENDING_DURABLE_REGISTRATION,103,179,29566,PRIORITIZATION_OUTPUT_SCHEMA_V0.1,TRANSPARENT_PRIORITIZATION_PROTOTYPE_V0.1,PRIORITIZATION_RULE_CATALOG_V0.1,PASS
p5b,ENSEMBL_SHA256_PREFIX_2_V0.1,ART_PRZV01_SET_011A39B150DEF9E56A43CBF9,ART_PRZV01_69C31D76E2F1D391F57EE502,CLASS_D_LARGE_DATA_OBJECT,TRANSPARENT_PRIORITIZATION_JSONL_PAYLOAD,415279,69c31d76e2f1d391f57ee5026ab9fd830a7d3458bfeb147e105e3fdcca0443c4,TRANSPARENT_PRIORITIZATION_MATERIALIZER_V0.1,external+sha256://PENDING/luad-target-dossier/prioritization-v0.1/ART_PRZV01_SET_011A39B150DEF9E56A43CBF9/partitions/p5b/prioritization_records.jsonl,LOCAL_CONTENT_ADDRESSED_STAGING_PENDING_DURABLE_REGISTRATION,130,141,28803,PRIORITIZATION_OUTPUT_SCHEMA_V0.1,TRANSPARENT_PRIORITIZATION_PROTOTYPE_V0.1,PRIORITIZATION_RULE_CATALOG_V0.1,PASS
p5c,ENSEMBL_SHA256_PREFIX_2_V0.1,ART_PRZV01_SET_011A39B150DEF9E56A43CBF9,ART_PRZV01_7D67ABFD0BF9D7415E2DAE88,CLASS_D_LARGE_DATA_OBJECT,TRANSPARENT_PRIORITIZATION_JSONL_PAYLOAD,383318,7d67abfd0bf9d7415e2dae8851ea2c87c672a65208678defd86737a87ffe18b8,TRANSPARENT_PRIORITIZATION_MATERIALIZER_V0.1,external+sha256://PENDING/luad-target-dossier/prioritization-v0.1/ART_PRZV01_SET_011A39B150DEF9E56A43CBF9/partitions/p5c/prioritization_records.jsonl,LOCAL_CONTENT_ADDRESSED_STAGING_PENDING_DURABLE_REGISTRATION,120,255,29548,PRIORITIZATION_OUTPUT_SCHEMA_V0.1,TRANSPARENT_PRIORITIZATION_PROTOTYPE_V0.1,PRIORITIZATION_RULE_CATALOG_V0.1,PASS
p5d,ENSEMBL_SHA256_PREFIX_2_V0.1,ART_PRZV01_SET_011A39B150DEF9E56A43CBF9,ART_PRZV01_9B12A6E0A18D882F3FBEC0D9,CLASS_D_LARGE_DATA_OBJECT,TRANSPARENT_PRIORITIZATION_JSONL_PAYLOAD,335423,9b12a6e0a18d882f3fbec0d96aba4ea8caa3305906e1dd90085a105c342e47d9,TRANSPARENT_PRIORITIZATION_MATERIALIZER_V0.1,external+sha256://PENDING/luad-target-dossier/prioritization-v0.1/ART_PRZV01_SET_011A39B150DEF9E56A43CBF9/partitions/p5d/prioritization_records.jsonl,LOCAL_CONTENT_ADDRESSED_STAGING_PENDING_DURABLE_REGISTRATION,105,143,29295,PRIORITIZATION_OUTPUT_SCHEMA_V0.1,TRANSPARENT_PRIORITIZATION_PROTOTYPE_V0.1,PRIORITIZATION_RULE_CATALOG_V0.1,PASS
p5e,ENSEMBL_SHA256_PREFIX_2_V0.1,ART_PRZV01_SET_011A39B150DEF9E56A43CBF9,ART_PRZV01_4B751FAEFACBD71543A529AC,CLASS_D_LARGE_DATA_OBJECT,TRANSPARENT_PRIORITIZATION_JSONL_PAYLOAD,361157,4b751faefacbd71543a529ac8550351a3918521e4610bcfd49812eb890082b72,TRANSPARENT_PRIORITIZATION_MATERIALIZER_V0.1,external+sha256://PENDING/luad-target-dossier/prioritization-v0.1/ART_PRZV01_SET_011A39B150DEF9E56A43CBF9/partitions/p5e/prioritization_records.jsonl,LOCAL_CONTENT_ADDRESSED_STAGING_PENDING_DURABLE_REGISTRATION,113,257,29339,PRIORITIZATION_OUTPUT_SCHEMA_V0.1,TRANSPARENT_PRIORITIZATION_PROTOTYPE_V0.1,PRIORITIZATION_RULE_CATALOG_V0.1,PASS
p5f,ENSEMBL_SHA256_PREFIX_2_V0.1,ART_PRZV01_SET_011A39B150DEF9E56A43CBF9,ART_PRZV01_82D530E93AD4A1EF975A078D,CLASS_D_LARGE_DATA_OBJECT,TRANSPARENT_PRIORITIZATION_JSONL_PAYLOAD,332269,82d530e93ad4a1ef975a078db7a27c1cd99b61bdd6aa9224f4171990557fa4bb,TRANSPARENT_PRIORITIZATION_MATERIALIZER_V0.1,external+sha256://PENDING/luad-target-dossier/prioritization-v0.1/ART_PRZV01_SET_011A39B150DEF9E56A43CBF9/partitions/p5f/prioritization_records.jsonl,LOCAL_CONTENT_ADDRESSED_STAGING_PENDING_DURABLE_REGISTRATION,104,203,29606,PRIORITIZATION_OUTPUT_SCHEMA_V0.1,TRANSPARENT_PRIORITIZATION_PROTOTYPE_V0.1,PRIORITIZATION_RULE_CATALOG_V0.1,PASS
p60,ENSEMBL_SHA256_PREFIX_2_V0.1,ART_PRZV01_SET_011A39B150DEF9E56A43CBF9,ART_PRZV01_98041B33F6FFF1385E144C2E,CLASS_D_LARGE_DATA_OBJECT,TRANSPARENT_PRIORITIZATION_JSONL_PAYLOAD,396251,98041b33f6fff1385e144c2e8f3e6ad5203643fc5a4d1b35e78252f336511e2a,TRANSPARENT_PRIORITIZATION_MATERIALIZER_V0.1,external+sha256://PENDING/luad-target-dossier/prioritization-v0.1/ART_PRZV01_SET_011A39B150DEF9E56A43CBF9/partitions/p60/prioritization_records.jsonl,LOCAL_CONTENT_ADDRESSED_STAGING_PENDING_DURABLE_REGISTRATION,124,16,29590,PRIORITIZATION_OUTPUT_SCHEMA_V0.1,TRANSPARENT_PRIORITIZATION_PROTOTYPE_V0.1,PRIORITIZATION_RULE_CATALOG_V0.1,PASS
p61,ENSEMBL_SHA256_PREFIX_2_V0.1,ART_PRZV01_SET_011A39B150DEF9E56A43CBF9,ART_PRZV01_E10CFE7A0FE45F5F0E22B704,CLASS_D_LARGE_DATA_OBJECT,TRANSPARENT_PRIORITIZATION_JSONL_PAYLOAD,326020,e10cfe7a0fe45f5f0e22b704bc0f572342827cd6b54a6cfd29ab1ec6310b8331,TRANSPARENT_PRIORITIZATION_MATERIALIZER_V0.1,external+sha256://PENDING/luad-target-dossier/prioritization-v0.1/ART_PRZV01_SET_011A39B150DEF9E56A43CBF9/partitions/p61/prioritization_records.jsonl,LOCAL_CONTENT_ADDRESSED_STAGING_PENDING_DURABLE_REGISTRATION,102,191,28922,PRIORITIZATION_OUTPUT_SCHEMA_V0.1,TRANSPARENT_PRIORITIZATION_PROTOTYPE_V0.1,PRIORITIZATION_RULE_CATALOG_V0.1,PASS
p62,ENSEMBL_SHA256_PREFIX_2_V0.1,ART_PRZV01_SET_011A39B150DEF9E56A43CBF9,ART_PRZV01_6DF822D4DD60AC7568CA8BE2,CLASS_D_LARGE_DATA_OBJECT,TRANSPARENT_PRIORITIZATION_JSONL_PAYLOAD,412204,6df822d4dd60ac7568ca8be2cefa25317aae0e4f3fb43e45aabeb473da952a4d,TRANSPARENT_PRIORITIZATION_MATERIALIZER_V0.1,external+sha256://PENDING/luad-target-dossier/prioritization-v0.1/ART_PRZV01_SET_011A39B150DEF9E56A43CBF9/partitions/p62/prioritization_records.jsonl,LOCAL_CONTENT_ADDRESSED_STAGING_PENDING_DURABLE_REGISTRATION,129,53,29524,PRIORITIZATION_OUTPUT_SCHEMA_V0.1,TRANSPARENT_PRIORITIZATION_PROTOTYPE_V0.1,PRIORITIZATION_RULE_CATALOG_V0.1,PASS
p63,ENSEMBL_SHA256_PREFIX_2_V0.1,ART_PRZV01_SET_011A39B150DEF9E56A43CBF9,ART_PRZV01_FCCD2729FD4598C3F4F2306C,CLASS_D_LARGE_DATA_OBJECT,TRANSPARENT_PRIORITIZATION_JSONL_PAYLOAD,399317,fccd2729fd4598c3f4f2306ce17dfd6ec449fdd5db0731412e418c8a3a1fc26b,TRANSPARENT_PRIORITIZATION_MATERIALIZER_V0.1,external+sha256://PENDING/luad-target-dossier/prioritization-v0.1/ART_PRZV01_SET_011A39B150DEF9E56A43CBF9/partitions/p63/prioritization_records.jsonl,LOCAL_CONTENT_ADDRESSED_STAGING_PENDING_DURABLE_REGISTRATION,125,115,29412,PRIORITIZATION_OUTPUT_SCHEMA_V0.1,TRANSPARENT_PRIORITIZATION_PROTOTYPE_V0.1,PRIORITIZATION_RULE_CATALOG_V0.1,PASS
p64,ENSEMBL_SHA256_PREFIX_2_V0.1,ART_PRZV01_SET_011A39B150DEF9E56A43CBF9,ART_PRZV01_9BF39FF0E36CBF3E90081DB4,CLASS_D_LARGE_DATA_OBJECT,TRANSPARENT_PRIORITIZATION_JSONL_PAYLOAD,322581,9bf39ff0e36cbf3e90081db4e70e5b96b19a1c4ee3b6bb0d48c530aac5904107,TRANSPARENT_PRIORITIZATION_MATERIALIZER_V0.1,external+sha256://PENDING/luad-target-dossier/prioritization-v0.1/ART_PRZV01_SET_011A39B150DEF9E56A43CBF9/partitions/p64/prioritization_records.jsonl,LOCAL_CONTENT_ADDRESSED_STAGING_PENDING_DURABLE_REGISTRATION,101,80,29576,PRIORITIZATION_OUTPUT_SCHEMA_V0.1,TRANSPARENT_PRIORITIZATION_PROTOTYPE_V0.1,PRIORITIZATION_RULE_CATALOG_V0.1,PASS
p65,ENSEMBL_SHA256_PREFIX_2_V0.1,ART_PRZV01_SET_011A39B150DEF9E56A43CBF9,ART_PRZV01_434A6EECC609051BCDB5406E,CLASS_D_LARGE_DATA_OBJECT,TRANSPARENT_PRIORITIZATION_JSONL_PAYLOAD,361130,434a6eecc609051bcdb5406e6b61b9c0a7106ee68c94e2d66b2e998b65560133,TRANSPARENT_PRIORITIZATION_MATERIALIZER_V0.1,external+sha256://PENDING/luad-target-dossier/prioritization-v0.1/ART_PRZV01_SET_011A39B150DEF9E56A43CBF9/partitions/p65/prioritization_records.jsonl,LOCAL_CONTENT_ADDRESSED_STAGING_PENDING_DURABLE_REGISTRATION,113,164,29207,PRIORITIZATION_OUTPUT_SCHEMA_V0.1,TRANSPARENT_PRIORITIZATION_PROTOTYPE_V0.1,PRIORITIZATION_RULE_CATALOG_V0.1,PASS
p66,ENSEMBL_SHA256_PREFIX_2_V0.1,ART_PRZV01_SET_011A39B150DEF9E56A43CBF9,ART_PRZV01_AA5F218B1405DFC7CCF64314,CLASS_D_LARGE_DATA_OBJECT,TRANSPARENT_PRIORITIZATION_JSONL_PAYLOAD,437714,aa5f218b1405dfc7ccf64314d37c21b7c785278ae109258ba8d44af332fdd4ff,TRANSPARENT_PRIORITIZATION_MATERIALIZER_V0.1,external+sha256://PENDING/luad-target-dossier/prioritization-v0.1/ART_PRZV01_SET_011A39B150DEF9E56A43CBF9/partitions/p66/prioritization_records.jsonl,LOCAL_CONTENT_ADDRESSED_STAGING_PENDING_DURABLE_REGISTRATION,137,296,29232,PRIORITIZATION_OUTPUT_SCHEMA_V0.1,TRANSPARENT_PRIORITIZATION_PROTOTYPE_V0.1,PRIORITIZATION_RULE_CATALOG_V0.1,PASS
p67,ENSEMBL_SHA256_PREFIX_2_V0.1,ART_PRZV01_SET_011A39B150DEF9E56A43CBF9,ART_PRZV01_BFE009CB25E96D753FC2EA6F,CLASS_D_LARGE_DATA_OBJECT,TRANSPARENT_PRIORITIZATION_JSONL_PAYLOAD,380316,bfe009cb25e96d753fc2ea6f63d85ab26c5ac7c94c6b1d9e73a69a88bb1dc75c,TRANSPARENT_PRIORITIZATION_MATERIALIZER_V0.1,external+sha256://PENDING/luad-target-dossier/prioritization-v0.1/ART_PRZV01_SET_011A39B150DEF9E56A43CBF9/partitions/p67/prioritization_records.jsonl,LOCAL_CONTENT_ADDRESSED_STAGING_PENDING_DURABLE_REGISTRATION,119,165,29063,PRIORITIZATION_OUTPUT_SCHEMA_V0.1,TRANSPARENT_PRIORITIZATION_PROTOTYPE_V0.1,PRIORITIZATION_RULE_CATALOG_V0.1,PASS
p68,ENSEMBL_SHA256_PREFIX_2_V0.1,ART_PRZV01_SET_011A39B150DEF9E56A43CBF9,ART_PRZV01_204DBA5F721354CB2F4F2D2C,CLASS_D_LARGE_DATA_OBJECT,TRANSPARENT_PRIORITIZATION_JSONL_PAYLOAD,389821,204dba5f721354cb2f4f2d2cf9b4064670f61efb71c65dd68e8ee454878ebdb3,TRANSPARENT_PRIORITIZATION_MATERIALIZER_V0.1,external+sha256://PENDING/luad-target-dossier/prioritization-v0.1/ART_PRZV01_SET_011A39B150DEF9E56A43CBF9/partitions/p68/prioritization_records.jsonl,LOCAL_CONTENT_ADDRESSED_STAGING_PENDING_DURABLE_REGISTRATION,122,7,29302,PRIORITIZATION_OUTPUT_SCHEMA_V0.1,TRANSPARENT_PRIORITIZATION_PROTOTYPE_V0.1,PRIORITIZATION_RULE_CATALOG_V0.1,PASS
p69,ENSEMBL_SHA256_PREFIX_2_V0.1,ART_PRZV01_SET_011A39B150DEF9E56A43CBF9,ART_PRZV01_79E734BB60C7912CE11B77EF,CLASS_D_LARGE_DATA_OBJECT,TRANSPARENT_PRIORITIZATION_JSONL_PAYLOAD,325908,79e734bb60c7912ce11b77ef1d8907100de9c28e1e2c1f893276a8087879e29f,TRANSPARENT_PRIORITIZATION_MATERIALIZER_V0.1,external+sha256://PENDING/luad-target-dossier/prioritization-v0.1/ART_PRZV01_SET_011A39B150DEF9E56A43CBF9/partitions/p69/prioritization_records.jsonl,LOCAL_CONTENT_ADDRESSED_STAGING_PENDING_DURABLE_REGISTRATION,102,1204,29592,PRIORITIZATION_OUTPUT_SCHEMA_V0.1,TRANSPARENT_PRIORITIZATION_PROTOTYPE_V0.1,PRIORITIZATION_RULE_CATALOG_V0.1,PASS
p6a,ENSEMBL_SHA256_PREFIX_2_V0.1,ART_PRZV01_SET_011A39B150DEF9E56A43CBF9,ART_PRZV01_65A54DD3FF3444CD54567FC1,CLASS_D_LARGE_DATA_OBJECT,TRANSPARENT_PRIORITIZATION_JSONL_PAYLOAD,399481,65a54dd3ff3444cd54567fc1692a151ad6580afbd5a45e63b61f9bac5c4164e0,TRANSPARENT_PRIORITIZATION_MATERIALIZER_V0.1,external+sha256://PENDING/luad-target-dossier/prioritization-v0.1/ART_PRZV01_SET_011A39B150DEF9E56A43CBF9/partitions/p6a/prioritization_records.jsonl,LOCAL_CONTENT_ADDRESSED_STAGING_PENDING_DURABLE_REGISTRATION,125,93,29106,PRIORITIZATION_OUTPUT_SCHEMA_V0.1,TRANSPARENT_PRIORITIZATION_PROTOTYPE_V0.1,PRIORITIZATION_RULE_CATALOG_V0.1,PASS
p6b,ENSEMBL_SHA256_PREFIX_2_V0.1,ART_PRZV01_SET_011A39B150DEF9E56A43CBF9,ART_PRZV01_67F400574D4807B45534AB24,CLASS_D_LARGE_DATA_OBJECT,TRANSPARENT_PRIORITIZATION_JSONL_PAYLOAD,377067,67f400574d4807b45534ab24e7f3eeee1c4cc6854bd30b0cd5f7a2d50bf22770,TRANSPARENT_PRIORITIZATION_MATERIALIZER_V0.1,external+sha256://PENDING/luad-target-dossier/prioritization-v0.1/ART_PRZV01_SET_011A39B150DEF9E56A43CBF9/partitions/p6b/prioritization_records.jsonl,LOCAL_CONTENT_ADDRESSED_STAGING_PENDING_DURABLE_REGISTRATION,118,33,29603,PRIORITIZATION_OUTPUT_SCHEMA_V0.1,TRANSPARENT_PRIORITIZATION_PROTOTYPE_V0.1,PRIORITIZATION_RULE_CATALOG_V0.1,PASS
p6c,ENSEMBL_SHA256_PREFIX_2_V0.1,ART_PRZV01_SET_011A39B150DEF9E56A43CBF9,ART_PRZV01_D7FE0097AA4B1F2878DE8AD7,CLASS_D_LARGE_DATA_OBJECT,TRANSPARENT_PRIORITIZATION_JSONL_PAYLOAD,386664,d7fe0097aa4b1f2878de8ad77554c19ac5c61354471ccb2ddc05c461280622bf,TRANSPARENT_PRIORITIZATION_MATERIALIZER_V0.1,external+sha256://PENDING/luad-target-dossier/prioritization-v0.1/ART_PRZV01_SET_011A39B150DEF9E56A43CBF9/partitions/p6c/prioritization_records.jsonl,LOCAL_CONTENT_ADDRESSED_STAGING_PENDING_DURABLE_REGISTRATION,121,136,28954,PRIORITIZATION_OUTPUT_SCHEMA_V0.1,TRANSPARENT_PRIORITIZATION_PROTOTYPE_V0.1,PRIORITIZATION_RULE_CATALOG_V0.1,PASS
p6d,ENSEMBL_SHA256_PREFIX_2_V0.1,ART_PRZV01_SET_011A39B150DEF9E56A43CBF9,ART_PRZV01_A6E7DE2D90BA991D5AB796CB,CLASS_D_LARGE_DATA_OBJECT,TRANSPARENT_PRIORITIZATION_JSONL_PAYLOAD,408957,a6e7de2d90ba991d5ab796cba4bc66508b6fce505a16464edf1cca54f7489b2f,TRANSPARENT_PRIORITIZATION_MATERIALIZER_V0.1,external+sha256://PENDING/luad-target-dossier/prioritization-v0.1/ART_PRZV01_SET_011A39B150DEF9E56A43CBF9/partitions/p6d/prioritization_records.jsonl,LOCAL_CONTENT_ADDRESSED_STAGING_PENDING_DURABLE_REGISTRATION,128,220,29527,PRIORITIZATION_OUTPUT_SCHEMA_V0.1,TRANSPARENT_PRIORITIZATION_PROTOTYPE_V0.1,PRIORITIZATION_RULE_CATALOG_V0.1,PASS
p6e,ENSEMBL_SHA256_PREFIX_2_V0.1,ART_PRZV01_SET_011A39B150DEF9E56A43CBF9,ART_PRZV01_5161D3D95151BD2917B59C7E,CLASS_D_LARGE_DATA_OBJECT,TRANSPARENT_PRIORITIZATION_JSONL_PAYLOAD,392997,5161d3d95151bd2917b59c7e18b1bc56c9e2b180e833df2c24f2da141589377b,TRANSPARENT_PRIORITIZATION_MATERIALIZER_V0.1,external+sha256://PENDING/luad-target-dossier/prioritization-v0.1/ART_PRZV01_SET_011A39B150DEF9E56A43CBF9/partitions/p6e/prioritization_records.jsonl,LOCAL_CONTENT_ADDRESSED_STAGING_PENDING_DURABLE_REGISTRATION,123,339,29545,PRIORITIZATION_OUTPUT_SCHEMA_V0.1,TRANSPARENT_PRIORITIZATION_PROTOTYPE_V0.1,PRIORITIZATION_RULE_CATALOG_V0.1,PASS
p6f,ENSEMBL_SHA256_PREFIX_2_V0.1,ART_PRZV01_SET_011A39B150DEF9E56A43CBF9,ART_PRZV01_0876B4143A8935938312DBE6,CLASS_D_LARGE_DATA_OBJECT,TRANSPARENT_PRIORITIZATION_JSONL_PAYLOAD,357679,0876b4143a8935938312dbe6d00617ec713243c2a82497eb1340c92cdb453c7a,TRANSPARENT_PRIORITIZATION_MATERIALIZER_V0.1,external+sha256://PENDING/luad-target-dossier/prioritization-v0.1/ART_PRZV01_SET_011A39B150DEF9E56A43CBF9/partitions/p6f/prioritization_records.jsonl,LOCAL_CONTENT_ADDRESSED_STAGING_PENDING_DURABLE_REGISTRATION,112,245,29458,PRIORITIZATION_OUTPUT_SCHEMA_V0.1,TRANSPARENT_PRIORITIZATION_PROTOTYPE_V0.1,PRIORITIZATION_RULE_CATALOG_V0.1,PASS
p70,ENSEMBL_SHA256_PREFIX_2_V0.1,ART_PRZV01_SET_011A39B150DEF9E56A43CBF9,ART_PRZV01_C5B790C6C9EC4DAF7779315B,CLASS_D_LARGE_DATA_OBJECT,TRANSPARENT_PRIORITIZATION_JSONL_PAYLOAD,332295,c5b790c6c9ec4daf7779315b39f6b6f85545130b1a522ed93665b3350e0753df,TRANSPARENT_PRIORITIZATION_MATERIALIZER_V0.1,external+sha256://PENDING/luad-target-dossier/prioritization-v0.1/ART_PRZV01_SET_011A39B150DEF9E56A43CBF9/partitions/p70/prioritization_records.jsonl,LOCAL_CONTENT_ADDRESSED_STAGING_PENDING_DURABLE_REGISTRATION,104,149,29601,PRIORITIZATION_OUTPUT_SCHEMA_V0.1,TRANSPARENT_PRIORITIZATION_PROTOTYPE_V0.1,PRIORITIZATION_RULE_CATALOG_V0.1,PASS
p71,ENSEMBL_SHA256_PREFIX_2_V0.1,ART_PRZV01_SET_011A39B150DEF9E56A43CBF9,ART_PRZV01_3CB549490CAC298ECC456890,CLASS_D_LARGE_DATA_OBJECT,TRANSPARENT_PRIORITIZATION_JSONL_PAYLOAD,418539,3cb549490cac298ecc45689044fad594020ce0768e5da2eda6cfece8748c5aea,TRANSPARENT_PRIORITIZATION_MATERIALIZER_V0.1,external+sha256://PENDING/luad-target-dossier/prioritization-v0.1/ART_PRZV01_SET_011A39B150DEF9E56A43CBF9/partitions/p71/prioritization_records.jsonl,LOCAL_CONTENT_ADDRESSED_STAGING_PENDING_DURABLE_REGISTRATION,131,254,29579,PRIORITIZATION_OUTPUT_SCHEMA_V0.1,TRANSPARENT_PRIORITIZATION_PROTOTYPE_V0.1,PRIORITIZATION_RULE_CATALOG_V0.1,PASS
p72,ENSEMBL_SHA256_PREFIX_2_V0.1,ART_PRZV01_SET_011A39B150DEF9E56A43CBF9,ART_PRZV01_95C9DB0EF2974C94676C5F9F,CLASS_D_LARGE_DATA_OBJECT,TRANSPARENT_PRIORITIZATION_JSONL_PAYLOAD,415325,95c9db0ef2974c94676c5f9fe2bd7ba975f74fc123741b68a82f0269444cf788,TRANSPARENT_PRIORITIZATION_MATERIALIZER_V0.1,external+sha256://PENDING/luad-target-dossier/prioritization-v0.1/ART_PRZV01_SET_011A39B150DEF9E56A43CBF9/partitions/p72/prioritization_records.jsonl,LOCAL_CONTENT_ADDRESSED_STAGING_PENDING_DURABLE_REGISTRATION,130,89,29564,PRIORITIZATION_OUTPUT_SCHEMA_V0.1,TRANSPARENT_PRIORITIZATION_PROTOTYPE_V0.1,PRIORITIZATION_RULE_CATALOG_V0.1,PASS
p73,ENSEMBL_SHA256_PREFIX_2_V0.1,ART_PRZV01_SET_011A39B150DEF9E56A43CBF9,ART_PRZV01_EE0ECE305AA860FD8133C81E,CLASS_D_LARGE_DATA_OBJECT,TRANSPARENT_PRIORITIZATION_JSONL_PAYLOAD,386592,ee0ece305aa860fd8133c81eae6c44db19e0a161a3cfd530bd619e479baa09f3,TRANSPARENT_PRIORITIZATION_MATERIALIZER_V0.1,external+sha256://PENDING/luad-target-dossier/prioritization-v0.1/ART_PRZV01_SET_011A39B150DEF9E56A43CBF9/partitions/p73/prioritization_records.jsonl,LOCAL_CONTENT_ADDRESSED_STAGING_PENDING_DURABLE_REGISTRATION,121,993,29215,PRIORITIZATION_OUTPUT_SCHEMA_V0.1,TRANSPARENT_PRIORITIZATION_PROTOTYPE_V0.1,PRIORITIZATION_RULE_CATALOG_V0.1,PASS
p74,ENSEMBL_SHA256_PREFIX_2_V0.1,ART_PRZV01_SET_011A39B150DEF9E56A43CBF9,ART_PRZV01_6606F558CA321DBC5B80C074,CLASS_D_LARGE_DATA_OBJECT,TRANSPARENT_PRIORITIZATION_JSONL_PAYLOAD,361026,6606f558ca321dbc5b80c074292bd10ab53b9c597f6ae0b81d5f6d7dbf886cae,TRANSPARENT_PRIORITIZATION_MATERIALIZER_V0.1,external+sha256://PENDING/luad-target-dossier/prioritization-v0.1/ART_PRZV01_SET_011A39B150DEF9E56A43CBF9/partitions/p74/prioritization_records.jsonl,LOCAL_CONTENT_ADDRESSED_STAGING_PENDING_DURABLE_REGISTRATION,113,96,29486,PRIORITIZATION_OUTPUT_SCHEMA_V0.1,TRANSPARENT_PRIORITIZATION_PROTOTYPE_V0.1,PRIORITIZATION_RULE_CATALOG_V0.1,PASS
p75,ENSEMBL_SHA256_PREFIX_2_V0.1,ART_PRZV01_SET_011A39B150DEF9E56A43CBF9,ART_PRZV01_DB9FDA4DDD8A350494FDEFF0,CLASS_D_LARGE_DATA_OBJECT,TRANSPARENT_PRIORITIZATION_JSONL_PAYLOAD,354652,db9fda4ddd8a350494fdeff0d7b4572dddcc407f908089090e1901257212591b,TRANSPARENT_PRIORITIZATION_MATERIALIZER_V0.1,external+sha256://PENDING/luad-target-dossier/prioritization-v0.1/ART_PRZV01_SET_011A39B150DEF9E56A43CBF9/partitions/p75/prioritization_records.jsonl,LOCAL_CONTENT_ADDRESSED_STAGING_PENDING_DURABLE_REGISTRATION,111,504,29103,PRIORITIZATION_OUTPUT_SCHEMA_V0.1,TRANSPARENT_PRIORITIZATION_PROTOTYPE_V0.1,PRIORITIZATION_RULE_CATALOG_V0.1,PASS
p76,ENSEMBL_SHA256_PREFIX_2_V0.1,ART_PRZV01_SET_011A39B150DEF9E56A43CBF9,ART_PRZV01_56EDDB3D81B0A67D6F8BD62B,CLASS_D_LARGE_DATA_OBJECT,TRANSPARENT_PRIORITIZATION_JSONL_PAYLOAD,412148,56eddb3d81b0a67d6f8bd62b1113edb61f983d5da32db826da2169a6fbe80487,TRANSPARENT_PRIORITIZATION_MATERIALIZER_V0.1,external+sha256://PENDING/luad-target-dossier/prioritization-v0.1/ART_PRZV01_SET_011A39B150DEF9E56A43CBF9/partitions/p76/prioritization_records.jsonl,LOCAL_CONTENT_ADDRESSED_STAGING_PENDING_DURABLE_REGISTRATION,129,156,29450,PRIORITIZATION_OUTPUT_SCHEMA_V0.1,TRANSPARENT_PRIORITIZATION_PROTOTYPE_V0.1,PRIORITIZATION_RULE_CATALOG_V0.1,PASS
p77,ENSEMBL_SHA256_PREFIX_2_V0.1,ART_PRZV01_SET_011A39B150DEF9E56A43CBF9,ART_PRZV01_A9DB8D56F3C13D1FC8304574,CLASS_D_LARGE_DATA_OBJECT,TRANSPARENT_PRIORITIZATION_JSONL_PAYLOAD,351521,a9db8d56f3c13d1fc83045742eb8f09c8c1ba4d8e75677a2749528cdd4c30263,TRANSPARENT_PRIORITIZATION_MATERIALIZER_V0.1,external+sha256://PENDING/luad-target-dossier/prioritization-v0.1/ART_PRZV01_SET_011A39B150DEF9E56A43CBF9/partitions/p77/prioritization_records.jsonl,LOCAL_CONTENT_ADDRESSED_STAGING_PENDING_DURABLE_REGISTRATION,110,289,29250,PRIORITIZATION_OUTPUT_SCHEMA_V0.1,TRANSPARENT_PRIORITIZATION_PROTOTYPE_V0.1,PRIORITIZATION_RULE_CATALOG_V0.1,PASS
p78,ENSEMBL_SHA256_PREFIX_2_V0.1,ART_PRZV01_SET_011A39B150DEF9E56A43CBF9,ART_PRZV01_C0F160921442B24A1505E2AB,CLASS_D_LARGE_DATA_OBJECT,TRANSPARENT_PRIORITIZATION_JSONL_PAYLOAD,354606,c0f160921442b24a1505e2aba097befa63c1770d4cd89fbdaf74a81ef9008e53,TRANSPARENT_PRIORITIZATION_MATERIALIZER_V0.1,external+sha256://PENDING/luad-target-dossier/prioritization-v0.1/ART_PRZV01_SET_011A39B150DEF9E56A43CBF9/partitions/p78/prioritization_records.jsonl,LOCAL_CONTENT_ADDRESSED_STAGING_PENDING_DURABLE_REGISTRATION,111,282,29366,PRIORITIZATION_OUTPUT_SCHEMA_V0.1,TRANSPARENT_PRIORITIZATION_PROTOTYPE_V0.1,PRIORITIZATION_RULE_CATALOG_V0.1,PASS
p79,ENSEMBL_SHA256_PREFIX_2_V0.1,ART_PRZV01_SET_011A39B150DEF9E56A43CBF9,ART_PRZV01_A5315F7E31D7D6D7FEAB4112,CLASS_D_LARGE_DATA_OBJECT,TRANSPARENT_PRIORITIZATION_JSONL_PAYLOAD,386571,a5315f7e31d7d6d7feab41126603d667cff0bbb946088f6d04a12cd95bf1411e,TRANSPARENT_PRIORITIZATION_MATERIALIZER_V0.1,external+sha256://PENDING/luad-target-dossier/prioritization-v0.1/ART_PRZV01_SET_011A39B150DEF9E56A43CBF9/partitions/p79/prioritization_records.jsonl,LOCAL_CONTENT_ADDRESSED_STAGING_PENDING_DURABLE_REGISTRATION,121,219,29496,PRIORITIZATION_OUTPUT_SCHEMA_V0.1,TRANSPARENT_PRIORITIZATION_PROTOTYPE_V0.1,PRIORITIZATION_RULE_CATALOG_V0.1,PASS
p7a,ENSEMBL_SHA256_PREFIX_2_V0.1,ART_PRZV01_SET_011A39B150DEF9E56A43CBF9,ART_PRZV01_1C158AE3D097921036A6B551,CLASS_D_LARGE_DATA_OBJECT,TRANSPARENT_PRIORITIZATION_JSONL_PAYLOAD,389701,1c158ae3d097921036a6b551ab50395c51e962a433ca27758abbea1ae12fda69,TRANSPARENT_PRIORITIZATION_MATERIALIZER_V0.1,external+sha256://PENDING/luad-target-dossier/prioritization-v0.1/ART_PRZV01_SET_011A39B150DEF9E56A43CBF9/partitions/p7a/prioritization_records.jsonl,LOCAL_CONTENT_ADDRESSED_STAGING_PENDING_DURABLE_REGISTRATION,122,92,29528,PRIORITIZATION_OUTPUT_SCHEMA_V0.1,TRANSPARENT_PRIORITIZATION_PROTOTYPE_V0.1,PRIORITIZATION_RULE_CATALOG_V0.1,PASS
p7b,ENSEMBL_SHA256_PREFIX_2_V0.1,ART_PRZV01_SET_011A39B150DEF9E56A43CBF9,ART_PRZV01_EB9E7369AB4D88B70E2BAA9D,CLASS_D_LARGE_DATA_OBJECT,TRANSPARENT_PRIORITIZATION_JSONL_PAYLOAD,341864,eb9e7369ab4d88b70e2baa9d027b52ea2f276a7d5068f4ffe42292c7a75c0124,TRANSPARENT_PRIORITIZATION_MATERIALIZER_V0.1,external+sha256://PENDING/luad-target-dossier/prioritization-v0.1/ART_PRZV01_SET_011A39B150DEF9E56A43CBF9/partitions/p7b/prioritization_records.jsonl,LOCAL_CONTENT_ADDRESSED_STAGING_PENDING_DURABLE_REGISTRATION,107,253,29342,PRIORITIZATION_OUTPUT_SCHEMA_V0.1,TRANSPARENT_PRIORITIZATION_PROTOTYPE_V0.1,PRIORITIZATION_RULE_CATALOG_V0.1,PASS
p7c,ENSEMBL_SHA256_PREFIX_2_V0.1,ART_PRZV01_SET_011A39B150DEF9E56A43CBF9,ART_PRZV01_DCE9B8A0D1106FD2874CCDBF,CLASS_D_LARGE_DATA_OBJECT,TRANSPARENT_PRIORITIZATION_JSONL_PAYLOAD,415424,dce9b8a0d1106fd2874ccdbfc9f94c66b3233308d61a0d73d51474c513bbba20,TRANSPARENT_PRIORITIZATION_MATERIALIZER_V0.1,external+sha256://PENDING/luad-target-dossier/prioritization-v0.1/ART_PRZV01_SET_011A39B150DEF9E56A43CBF9/partitions/p7c/prioritization_records.jsonl,LOCAL_CONTENT_ADDRESSED_STAGING_PENDING_DURABLE_REGISTRATION,130,400,29473,PRIORITIZATION_OUTPUT_SCHEMA_V0.1,TRANSPARENT_PRIORITIZATION_PROTOTYPE_V0.1,PRIORITIZATION_RULE_CATALOG_V0.1,PASS
p7d,ENSEMBL_SHA256_PREFIX_2_V0.1,ART_PRZV01_SET_011A39B150DEF9E56A43CBF9,ART_PRZV01_9712A74AC1AD15437C59AF91,CLASS_D_LARGE_DATA_OBJECT,TRANSPARENT_PRIORITIZATION_JSONL_PAYLOAD,338720,9712a74ac1ad15437c59af91fcb234ef0215bd2ff742859371be481bfc97818e,TRANSPARENT_PRIORITIZATION_MATERIALIZER_V0.1,external+sha256://PENDING/luad-target-dossier/prioritization-v0.1/ART_PRZV01_SET_011A39B150DEF9E56A43CBF9/partitions/p7d/prioritization_records.jsonl,LOCAL_CONTENT_ADDRESSED_STAGING_PENDING_DURABLE_REGISTRATION,106,135,29561,PRIORITIZATION_OUTPUT_SCHEMA_V0.1,TRANSPARENT_PRIORITIZATION_PROTOTYPE_V0.1,PRIORITIZATION_RULE_CATALOG_V0.1,PASS
p7e,ENSEMBL_SHA256_PREFIX_2_V0.1,ART_PRZV01_SET_011A39B150DEF9E56A43CBF9,ART_PRZV01_C1F29D42C7BF32974542DCCF,CLASS_D_LARGE_DATA_OBJECT,TRANSPARENT_PRIORITIZATION_JSONL_PAYLOAD,357849,c1f29d42c7bf32974542dccf94b9166fcfd6d4a8f00da0cde53cb733cc93108f,TRANSPARENT_PRIORITIZATION_MATERIALIZER_V0.1,external+sha256://PENDING/luad-target-dossier/prioritization-v0.1/ART_PRZV01_SET_011A39B150DEF9E56A43CBF9/partitions/p7e/prioritization_records.jsonl,LOCAL_CONTENT_ADDRESSED_STAGING_PENDING_DURABLE_REGISTRATION,112,552,29533,PRIORITIZATION_OUTPUT_SCHEMA_V0.1,TRANSPARENT_PRIORITIZATION_PROTOTYPE_V0.1,PRIORITIZATION_RULE_CATALOG_V0.1,PASS
p7f,ENSEMBL_SHA256_PREFIX_2_V0.1,ART_PRZV01_SET_011A39B150DEF9E56A43CBF9,ART_PRZV01_06E5D959FFB9EDFD018D4B4D,CLASS_D_LARGE_DATA_OBJECT,TRANSPARENT_PRIORITIZATION_JSONL_PAYLOAD,316365,06e5d959ffb9edfd018d4b4d0cfcfec87342a5c207841c947c33f791d4ad8882,TRANSPARENT_PRIORITIZATION_MATERIALIZER_V0.1,external+sha256://PENDING/luad-target-dossier/prioritization-v0.1/ART_PRZV01_SET_011A39B150DEF9E56A43CBF9/partitions/p7f/prioritization_records.jsonl,LOCAL_CONTENT_ADDRESSED_STAGING_PENDING_DURABLE_REGISTRATION,99,1,29536,PRIORITIZATION_OUTPUT_SCHEMA_V0.1,TRANSPARENT_PRIORITIZATION_PROTOTYPE_V0.1,PRIORITIZATION_RULE_CATALOG_V0.1,PASS
p80,ENSEMBL_SHA256_PREFIX_2_V0.1,ART_PRZV01_SET_011A39B150DEF9E56A43CBF9,ART_PRZV01_47890EFED9B3050174CC9F2D,CLASS_D_LARGE_DATA_OBJECT,TRANSPARENT_PRIORITIZATION_JSONL_PAYLOAD,326026,47890efed9b3050174cc9f2df065a5278eab63de431b9c297231b27d41396480,TRANSPARENT_PRIORITIZATION_MATERIALIZER_V0.1,external+sha256://PENDING/luad-target-dossier/prioritization-v0.1/ART_PRZV01_SET_011A39B150DEF9E56A43CBF9/partitions/p80/prioritization_records.jsonl,LOCAL_CONTENT_ADDRESSED_STAGING_PENDING_DURABLE_REGISTRATION,102,58,29542,PRIORITIZATION_OUTPUT_SCHEMA_V0.1,TRANSPARENT_PRIORITIZATION_PROTOTYPE_V0.1,PRIORITIZATION_RULE_CATALOG_V0.1,PASS
p81,ENSEMBL_SHA256_PREFIX_2_V0.1,ART_PRZV01_SET_011A39B150DEF9E56A43CBF9,ART_PRZV01_9EB5EDA558BA6C5063121D97,CLASS_D_LARGE_DATA_OBJECT,TRANSPARENT_PRIORITIZATION_JSONL_PAYLOAD,373889,9eb5eda558ba6c5063121d9772166412b9e14389441d8c31f2eba08798db28a8,TRANSPARENT_PRIORITIZATION_MATERIALIZER_V0.1,external+sha256://PENDING/luad-target-dossier/prioritization-v0.1/ART_PRZV01_SET_011A39B150DEF9E56A43CBF9/partitions/p81/prioritization_records.jsonl,LOCAL_CONTENT_ADDRESSED_STAGING_PENDING_DURABLE_REGISTRATION,117,108,29397,PRIORITIZATION_OUTPUT_SCHEMA_V0.1,TRANSPARENT_PRIORITIZATION_PROTOTYPE_V0.1,PRIORITIZATION_RULE_CATALOG_V0.1,PASS
p82,ENSEMBL_SHA256_PREFIX_2_V0.1,ART_PRZV01_SET_011A39B150DEF9E56A43CBF9,ART_PRZV01_3F4C486634DEFE63F4DA9511,CLASS_D_LARGE_DATA_OBJECT,TRANSPARENT_PRIORITIZATION_JSONL_PAYLOAD,357780,3f4c486634defe63f4da9511da6d7c099c1be6cf1aa6b5aaf0b5ac8ed25740b9,TRANSPARENT_PRIORITIZATION_MATERIALIZER_V0.1,external+sha256://PENDING/luad-target-dossier/prioritization-v0.1/ART_PRZV01_SET_011A39B150DEF9E56A43CBF9/partitions/p82/prioritization_records.jsonl,LOCAL_CONTENT_ADDRESSED_STAGING_PENDING_DURABLE_REGISTRATION,112,242,28659,PRIORITIZATION_OUTPUT_SCHEMA_V0.1,TRANSPARENT_PRIORITIZATION_PROTOTYPE_V0.1,PRIORITIZATION_RULE_CATALOG_V0.1,PASS
p83,ENSEMBL_SHA256_PREFIX_2_V0.1,ART_PRZV01_SET_011A39B150DEF9E56A43CBF9,ART_PRZV01_D5CA4E9D0B5B27BCA4D7546E,CLASS_D_LARGE_DATA_OBJECT,TRANSPARENT_PRIORITIZATION_JSONL_PAYLOAD,322655,d5ca4e9d0b5b27bca4d7546eba5f0bbe793dcddcbe4121ac5a361a6fb3df5875,TRANSPARENT_PRIORITIZATION_MATERIALIZER_V0.1,external+sha256://PENDING/luad-target-dossier/prioritization-v0.1/ART_PRZV01_SET_011A39B150DEF9E56A43CBF9/partitions/p83/prioritization_records.jsonl,LOCAL_CONTENT_ADDRESSED_STAGING_PENDING_DURABLE_REGISTRATION,101,155,28743,PRIORITIZATION_OUTPUT_SCHEMA_V0.1,TRANSPARENT_PRIORITIZATION_PROTOTYPE_V0.1,PRIORITIZATION_RULE_CATALOG_V0.1,PASS
p84,ENSEMBL_SHA256_PREFIX_2_V0.1,ART_PRZV01_SET_011A39B150DEF9E56A43CBF9,ART_PRZV01_7C0369603FB31CCB2FEF609C,CLASS_D_LARGE_DATA_OBJECT,TRANSPARENT_PRIORITIZATION_JSONL_PAYLOAD,364214,7c0369603fb31ccb2fef609c3f38bd2724a45e644be2125367d34bd44915be4b,TRANSPARENT_PRIORITIZATION_MATERIALIZER_V0.1,external+sha256://PENDING/luad-target-dossier/prioritization-v0.1/ART_PRZV01_SET_011A39B150DEF9E56A43CBF9/partitions/p84/prioritization_records.jsonl,LOCAL_CONTENT_ADDRESSED_STAGING_PENDING_DURABLE_REGISTRATION,114,90,29517,PRIORITIZATION_OUTPUT_SCHEMA_V0.1,TRANSPARENT_PRIORITIZATION_PROTOTYPE_V0.1,PRIORITIZATION_RULE_CATALOG_V0.1,PASS
p85,ENSEMBL_SHA256_PREFIX_2_V0.1,ART_PRZV01_SET_011A39B150DEF9E56A43CBF9,ART_PRZV01_674811D3B08DA476AB095372,CLASS_D_LARGE_DATA_OBJECT,TRANSPARENT_PRIORITIZATION_JSONL_PAYLOAD,373787,674811d3b08da476ab0953723e85f298bc87867e59a3879718d44ae6e97b149d,TRANSPARENT_PRIORITIZATION_MATERIALIZER_V0.1,external+sha256://PENDING/luad-target-dossier/prioritization-v0.1/ART_PRZV01_SET_011A39B150DEF9E56A43CBF9/partitions/p85/prioritization_records.jsonl,LOCAL_CONTENT_ADDRESSED_STAGING_PENDING_DURABLE_REGISTRATION,117,873,29117,PRIORITIZATION_OUTPUT_SCHEMA_V0.1,TRANSPARENT_PRIORITIZATION_PROTOTYPE_V0.1,PRIORITIZATION_RULE_CATALOG_V0.1,PASS
p86,ENSEMBL_SHA256_PREFIX_2_V0.1,ART_PRZV01_SET_011A39B150DEF9E56A43CBF9,ART_PRZV01_19E418F3E4B9BE1F3767A70D,CLASS_D_LARGE_DATA_OBJECT,TRANSPARENT_PRIORITIZATION_JSONL_PAYLOAD,392924,19e418f3e4b9be1f3767a70d26cc46f75cd4b4657391508442b5499450953c40,TRANSPARENT_PRIORITIZATION_MATERIALIZER_V0.1,external+sha256://PENDING/luad-target-dossier/prioritization-v0.1/ART_PRZV01_SET_011A39B150DEF9E56A43CBF9/partitions/p86/prioritization_records.jsonl,LOCAL_CONTENT_ADDRESSED_STAGING_PENDING_DURABLE_REGISTRATION,123,62,29259,PRIORITIZATION_OUTPUT_SCHEMA_V0.1,TRANSPARENT_PRIORITIZATION_PROTOTYPE_V0.1,PRIORITIZATION_RULE_CATALOG_V0.1,PASS
p87,ENSEMBL_SHA256_PREFIX_2_V0.1,ART_PRZV01_SET_011A39B150DEF9E56A43CBF9,ART_PRZV01_46BBF234B3902B4684E4F091,CLASS_D_LARGE_DATA_OBJECT,TRANSPARENT_PRIORITIZATION_JSONL_PAYLOAD,322689,46bbf234b3902b4684e4f091913342f4fe8627082c01679700234efc5180a842,TRANSPARENT_PRIORITIZATION_MATERIALIZER_V0.1,external+sha256://PENDING/luad-target-dossier/prioritization-v0.1/ART_PRZV01_SET_011A39B150DEF9E56A43CBF9/partitions/p87/prioritization_records.jsonl,LOCAL_CONTENT_ADDRESSED_STAGING_PENDING_DURABLE_REGISTRATION,101,357,29583,PRIORITIZATION_OUTPUT_SCHEMA_V0.1,TRANSPARENT_PRIORITIZATION_PROTOTYPE_V0.1,PRIORITIZATION_RULE_CATALOG_V0.1,PASS
p88,ENSEMBL_SHA256_PREFIX_2_V0.1,ART_PRZV01_SET_011A39B150DEF9E56A43CBF9,ART_PRZV01_6613A994E057B5DBC8F92CB8,CLASS_D_LARGE_DATA_OBJECT,TRANSPARENT_PRIORITIZATION_JSONL_PAYLOAD,383403,6613a994e057b5dbc8f92cb8cba344bfb50d63e984c972eb621604898099ec46,TRANSPARENT_PRIORITIZATION_MATERIALIZER_V0.1,external+sha256://PENDING/luad-target-dossier/prioritization-v0.1/ART_PRZV01_SET_011A39B150DEF9E56A43CBF9/partitions/p88/prioritization_records.jsonl,LOCAL_CONTENT_ADDRESSED_STAGING_PENDING_DURABLE_REGISTRATION,120,209,29155,PRIORITIZATION_OUTPUT_SCHEMA_V0.1,TRANSPARENT_PRIORITIZATION_PROTOTYPE_V0.1,PRIORITIZATION_RULE_CATALOG_V0.1,PASS
p89,ENSEMBL_SHA256_PREFIX_2_V0.1,ART_PRZV01_SET_011A39B150DEF9E56A43CBF9,ART_PRZV01_CFD4A7421AD963B636B84FF0,CLASS_D_LARGE_DATA_OBJECT,TRANSPARENT_PRIORITIZATION_JSONL_PAYLOAD,408952,cfd4a7421ad963b636b84ff0b4a9ba22bbb5a472713209679b6463d8092e8210,TRANSPARENT_PRIORITIZATION_MATERIALIZER_V0.1,external+sha256://PENDING/luad-target-dossier/prioritization-v0.1/ART_PRZV01_SET_011A39B150DEF9E56A43CBF9/partitions/p89/prioritization_records.jsonl,LOCAL_CONTENT_ADDRESSED_STAGING_PENDING_DURABLE_REGISTRATION,128,685,29160,PRIORITIZATION_OUTPUT_SCHEMA_V0.1,TRANSPARENT_PRIORITIZATION_PROTOTYPE_V0.1,PRIORITIZATION_RULE_CATALOG_V0.1,PASS
p8a,ENSEMBL_SHA256_PREFIX_2_V0.1,ART_PRZV01_SET_011A39B150DEF9E56A43CBF9,ART_PRZV01_A5C9B271C9DFECEAE072DB0F,CLASS_D_LARGE_DATA_OBJECT,TRANSPARENT_PRIORITIZATION_JSONL_PAYLOAD,399334,a5c9b271c9dfeceae072db0fea97f361c592459de1565df899140adc646417f6,TRANSPARENT_PRIORITIZATION_MATERIALIZER_V0.1,external+sha256://PENDING/luad-target-dossier/prioritization-v0.1/ART_PRZV01_SET_011A39B150DEF9E56A43CBF9/partitions/p8a/prioritization_records.jsonl,LOCAL_CONTENT_ADDRESSED_STAGING_PENDING_DURABLE_REGISTRATION,125,533,29516,PRIORITIZATION_OUTPUT_SCHEMA_V0.1,TRANSPARENT_PRIORITIZATION_PROTOTYPE_V0.1,PRIORITIZATION_RULE_CATALOG_V0.1,PASS
p8b,ENSEMBL_SHA256_PREFIX_2_V0.1,ART_PRZV01_SET_011A39B150DEF9E56A43CBF9,ART_PRZV01_8E42E1B06B0E5E0781AA004B,CLASS_D_LARGE_DATA_OBJECT,TRANSPARENT_PRIORITIZATION_JSONL_PAYLOAD,383475,8e42e1b06b0e5e0781aa004b7f77febfc48b5f74ab3d37c481467edb45d8b746,TRANSPARENT_PRIORITIZATION_MATERIALIZER_V0.1,external+sha256://PENDING/luad-target-dossier/prioritization-v0.1/ART_PRZV01_SET_011A39B150DEF9E56A43CBF9/partitions/p8b/prioritization_records.jsonl,LOCAL_CONTENT_ADDRESSED_STAGING_PENDING_DURABLE_REGISTRATION,120,103,29572,PRIORITIZATION_OUTPUT_SCHEMA_V0.1,TRANSPARENT_PRIORITIZATION_PROTOTYPE_V0.1,PRIORITIZATION_RULE_CATALOG_V0.1,PASS
p8c,ENSEMBL_SHA256_PREFIX_2_V0.1,ART_PRZV01_SET_011A39B150DEF9E56A43CBF9,ART_PRZV01_7500EA7C32324E3C46207B1B,CLASS_D_LARGE_DATA_OBJECT,TRANSPARENT_PRIORITIZATION_JSONL_PAYLOAD,450489,7500ea7c32324e3c46207b1bcfcd7e33c995eb1ec146e68aa0d7e8d70c3da4c0,TRANSPARENT_PRIORITIZATION_MATERIALIZER_V0.1,external+sha256://PENDING/luad-target-dossier/prioritization-v0.1/ART_PRZV01_SET_011A39B150DEF9E56A43CBF9/partitions/p8c/prioritization_records.jsonl,LOCAL_CONTENT_ADDRESSED_STAGING_PENDING_DURABLE_REGISTRATION,141,168,29403,PRIORITIZATION_OUTPUT_SCHEMA_V0.1,TRANSPARENT_PRIORITIZATION_PROTOTYPE_V0.1,PRIORITIZATION_RULE_CATALOG_V0.1,PASS
p8d,ENSEMBL_SHA256_PREFIX_2_V0.1,ART_PRZV01_SET_011A39B150DEF9E56A43CBF9,ART_PRZV01_C8151958726FE3CBF4BA1C8D,CLASS_D_LARGE_DATA_OBJECT,TRANSPARENT_PRIORITIZATION_JSONL_PAYLOAD,376908,c8151958726fe3cbf4ba1c8d15a1769bd4261be56c7107c8464a7063e92d006c,TRANSPARENT_PRIORITIZATION_MATERIALIZER_V0.1,external+sha256://PENDING/luad-target-dossier/prioritization-v0.1/ART_PRZV01_SET_011A39B150DEF9E56A43CBF9/partitions/p8d/prioritization_records.jsonl,LOCAL_CONTENT_ADDRESSED_STAGING_PENDING_DURABLE_REGISTRATION,118,174,28218,PRIORITIZATION_OUTPUT_SCHEMA_V0.1,TRANSPARENT_PRIORITIZATION_PROTOTYPE_V0.1,PRIORITIZATION_RULE_CATALOG_V0.1,PASS
p8e,ENSEMBL_SHA256_PREFIX_2_V0.1,ART_PRZV01_SET_011A39B150DEF9E56A43CBF9,ART_PRZV01_4A8BF5BF35F1B27932AF040A,CLASS_D_LARGE_DATA_OBJECT,TRANSPARENT_PRIORITIZATION_JSONL_PAYLOAD,306633,4a8bf5bf35f1b27932af040a755073b979bccbe30c777ecc92e7efa1d90a6a3f,TRANSPARENT_PRIORITIZATION_MATERIALIZER_V0.1,external+sha256://PENDING/luad-target-dossier/prioritization-v0.1/ART_PRZV01_SET_011A39B150DEF9E56A43CBF9/partitions/p8e/prioritization_records.jsonl,LOCAL_CONTENT_ADDRESSED_STAGING_PENDING_DURABLE_REGISTRATION,96,100,28843,PRIORITIZATION_OUTPUT_SCHEMA_V0.1,TRANSPARENT_PRIORITIZATION_PROTOTYPE_V0.1,PRIORITIZATION_RULE_CATALOG_V0.1,PASS
p8f,ENSEMBL_SHA256_PREFIX_2_V0.1,ART_PRZV01_SET_011A39B150DEF9E56A43CBF9,ART_PRZV01_F65E67FAC65B951D680BD230,CLASS_D_LARGE_DATA_OBJECT,TRANSPARENT_PRIORITIZATION_JSONL_PAYLOAD,393044,f65e67fac65b951d680bd230c5c4dc98cb290fb9f6ceec2d3d6016ca689413aa,TRANSPARENT_PRIORITIZATION_MATERIALIZER_V0.1,external+sha256://PENDING/luad-target-dossier/prioritization-v0.1/ART_PRZV01_SET_011A39B150DEF9E56A43CBF9/partitions/p8f/prioritization_records.jsonl,LOCAL_CONTENT_ADDRESSED_STAGING_PENDING_DURABLE_REGISTRATION,123,198,29598,PRIORITIZATION_OUTPUT_SCHEMA_V0.1,TRANSPARENT_PRIORITIZATION_PROTOTYPE_V0.1,PRIORITIZATION_RULE_CATALOG_V0.1,PASS
p90,ENSEMBL_SHA256_PREFIX_2_V0.1,ART_PRZV01_SET_011A39B150DEF9E56A43CBF9,ART_PRZV01_A98983C2469BF1B215DA96B5,CLASS_D_LARGE_DATA_OBJECT,TRANSPARENT_PRIORITIZATION_JSONL_PAYLOAD,370626,a98983c2469bf1b215da96b5b36ac57671daaacd2c7fdda5243a06e1a09c27b6,TRANSPARENT_PRIORITIZATION_MATERIALIZER_V0.1,external+sha256://PENDING/luad-target-dossier/prioritization-v0.1/ART_PRZV01_SET_011A39B150DEF9E56A43CBF9/partitions/p90/prioritization_records.jsonl,LOCAL_CONTENT_ADDRESSED_STAGING_PENDING_DURABLE_REGISTRATION,116,383,29567,PRIORITIZATION_OUTPUT_SCHEMA_V0.1,TRANSPARENT_PRIORITIZATION_PROTOTYPE_V0.1,PRIORITIZATION_RULE_CATALOG_V0.1,PASS
p91,ENSEMBL_SHA256_PREFIX_2_V0.1,ART_PRZV01_SET_011A39B150DEF9E56A43CBF9,ART_PRZV01_DAFEFD319BBB9065EA595652,CLASS_D_LARGE_DATA_OBJECT,TRANSPARENT_PRIORITIZATION_JSONL_PAYLOAD,383342,dafefd319bbb9065ea595652d5cbcf07ec465a1eaa65734b8e3defe02bd241df,TRANSPARENT_PRIORITIZATION_MATERIALIZER_V0.1,external+sha256://PENDING/luad-target-dossier/prioritization-v0.1/ART_PRZV01_SET_011A39B150DEF9E56A43CBF9/partitions/p91/prioritization_records.jsonl,LOCAL_CONTENT_ADDRESSED_STAGING_PENDING_DURABLE_REGISTRATION,120,116,29231,PRIORITIZATION_OUTPUT_SCHEMA_V0.1,TRANSPARENT_PRIORITIZATION_PROTOTYPE_V0.1,PRIORITIZATION_RULE_CATALOG_V0.1,PASS
p92,ENSEMBL_SHA256_PREFIX_2_V0.1,ART_PRZV01_SET_011A39B150DEF9E56A43CBF9,ART_PRZV01_9A703E6918FC81889AFB2A8C,CLASS_D_LARGE_DATA_OBJECT,TRANSPARENT_PRIORITIZATION_JSONL_PAYLOAD,428005,9a703e6918fc81889afb2a8cfd6fc3a49f9cb303550183340b0fed047b244661,TRANSPARENT_PRIORITIZATION_MATERIALIZER_V0.1,external+sha256://PENDING/luad-target-dossier/prioritization-v0.1/ART_PRZV01_SET_011A39B150DEF9E56A43CBF9/partitions/p92/prioritization_records.jsonl,LOCAL_CONTENT_ADDRESSED_STAGING_PENDING_DURABLE_REGISTRATION,134,14,27742,PRIORITIZATION_OUTPUT_SCHEMA_V0.1,TRANSPARENT_PRIORITIZATION_PROTOTYPE_V0.1,PRIORITIZATION_RULE_CATALOG_V0.1,PASS
p93,ENSEMBL_SHA256_PREFIX_2_V0.1,ART_PRZV01_SET_011A39B150DEF9E56A43CBF9,ART_PRZV01_B211541903DB80952DC80B09,CLASS_D_LARGE_DATA_OBJECT,TRANSPARENT_PRIORITIZATION_JSONL_PAYLOAD,399467,b211541903db80952dc80b09f474c29be2723901422007cefcd1145280457874,TRANSPARENT_PRIORITIZATION_MATERIALIZER_V0.1,external+sha256://PENDING/luad-target-dossier/prioritization-v0.1/ART_PRZV01_SET_011A39B150DEF9E56A43CBF9/partitions/p93/prioritization_records.jsonl,LOCAL_CONTENT_ADDRESSED_STAGING_PENDING_DURABLE_REGISTRATION,125,701,29031,PRIORITIZATION_OUTPUT_SCHEMA_V0.1,TRANSPARENT_PRIORITIZATION_PROTOTYPE_V0.1,PRIORITIZATION_RULE_CATALOG_V0.1,PASS
p94,ENSEMBL_SHA256_PREFIX_2_V0.1,ART_PRZV01_SET_011A39B150DEF9E56A43CBF9,ART_PRZV01_32BC832FCB491711CA80A1B2,CLASS_D_LARGE_DATA_OBJECT,TRANSPARENT_PRIORITIZATION_JSONL_PAYLOAD,402543,32bc832fcb491711ca80a1b2608d6a33165f5bf75c27924896fbd65dd51d0db9,TRANSPARENT_PRIORITIZATION_MATERIALIZER_V0.1,external+sha256://PENDING/luad-target-dossier/prioritization-v0.1/ART_PRZV01_SET_011A39B150DEF9E56A43CBF9/partitions/p94/prioritization_records.jsonl,LOCAL_CONTENT_ADDRESSED_STAGING_PENDING_DURABLE_REGISTRATION,126,109,29552,PRIORITIZATION_OUTPUT_SCHEMA_V0.1,TRANSPARENT_PRIORITIZATION_PROTOTYPE_V0.1,PRIORITIZATION_RULE_CATALOG_V0.1,PASS
p95,ENSEMBL_SHA256_PREFIX_2_V0.1,ART_PRZV01_SET_011A39B150DEF9E56A43CBF9,ART_PRZV01_1610C49AC2DA79542AA14E0D,CLASS_D_LARGE_DATA_OBJECT,TRANSPARENT_PRIORITIZATION_JSONL_PAYLOAD,348275,1610c49ac2da79542aa14e0dc7913da9aa466849691ac00be1f384fdd8337b26,TRANSPARENT_PRIORITIZATION_MATERIALIZER_V0.1,external+sha256://PENDING/luad-target-dossier/prioritization-v0.1/ART_PRZV01_SET_011A39B150DEF9E56A43CBF9/partitions/p95/prioritization_records.jsonl,LOCAL_CONTENT_ADDRESSED_STAGING_PENDING_DURABLE_REGISTRATION,109,274,29504,PRIORITIZATION_OUTPUT_SCHEMA_V0.1,TRANSPARENT_PRIORITIZATION_PROTOTYPE_V0.1,PRIORITIZATION_RULE_CATALOG_V0.1,PASS
p96,ENSEMBL_SHA256_PREFIX_2_V0.1,ART_PRZV01_SET_011A39B150DEF9E56A43CBF9,ART_PRZV01_8D2FFD8D1B74328F56EF9344,CLASS_D_LARGE_DATA_OBJECT,TRANSPARENT_PRIORITIZATION_JSONL_PAYLOAD,338702,8d2ffd8d1b74328f56ef9344f7fc69670dd141ec231891d4abef05cef5e4806b,TRANSPARENT_PRIORITIZATION_MATERIALIZER_V0.1,external+sha256://PENDING/luad-target-dossier/prioritization-v0.1/ART_PRZV01_SET_011A39B150DEF9E56A43CBF9/partitions/p96/prioritization_records.jsonl,LOCAL_CONTENT_ADDRESSED_STAGING_PENDING_DURABLE_REGISTRATION,106,566,29313,PRIORITIZATION_OUTPUT_SCHEMA_V0.1,TRANSPARENT_PRIORITIZATION_PROTOTYPE_V0.1,PRIORITIZATION_RULE_CATALOG_V0.1,PASS
p97,ENSEMBL_SHA256_PREFIX_2_V0.1,ART_PRZV01_SET_011A39B150DEF9E56A43CBF9,ART_PRZV01_CDB75EDD78CE918E410D0082,CLASS_D_LARGE_DATA_OBJECT,TRANSPARENT_PRIORITIZATION_JSONL_PAYLOAD,332265,cdb75edd78ce918e410d008233be698164c38dd11a36f4a505ba6f68ca5f36ea,TRANSPARENT_PRIORITIZATION_MATERIALIZER_V0.1,external+sha256://PENDING/luad-target-dossier/prioritization-v0.1/ART_PRZV01_SET_011A39B150DEF9E56A43CBF9/partitions/p97/prioritization_records.jsonl,LOCAL_CONTENT_ADDRESSED_STAGING_PENDING_DURABLE_REGISTRATION,104,19,29550,PRIORITIZATION_OUTPUT_SCHEMA_V0.1,TRANSPARENT_PRIORITIZATION_PROTOTYPE_V0.1,PRIORITIZATION_RULE_CATALOG_V0.1,PASS
p98,ENSEMBL_SHA256_PREFIX_2_V0.1,ART_PRZV01_SET_011A39B150DEF9E56A43CBF9,ART_PRZV01_E087D6098E5158D2814B4252,CLASS_D_LARGE_DATA_OBJECT,TRANSPARENT_PRIORITIZATION_JSONL_PAYLOAD,300305,e087d6098e5158d2814b42525a4b9524c3c0f2912c3b92cd87dc99e8aad92bd5,TRANSPARENT_PRIORITIZATION_MATERIALIZER_V0.1,external+sha256://PENDING/luad-target-dossier/prioritization-v0.1/ART_PRZV01_SET_011A39B150DEF9E56A43CBF9/partitions/p98/prioritization_records.jsonl,LOCAL_CONTENT_ADDRESSED_STAGING_PENDING_DURABLE_REGISTRATION,94,17,29105,PRIORITIZATION_OUTPUT_SCHEMA_V0.1,TRANSPARENT_PRIORITIZATION_PROTOTYPE_V0.1,PRIORITIZATION_RULE_CATALOG_V0.1,PASS
p99,ENSEMBL_SHA256_PREFIX_2_V0.1,ART_PRZV01_SET_011A39B150DEF9E56A43CBF9,ART_PRZV01_3EFD5707BBAE2377987AA0A6,CLASS_D_LARGE_DATA_OBJECT,TRANSPARENT_PRIORITIZATION_JSONL_PAYLOAD,332258,3efd5707bbae2377987aa0a655577132e18c654d63414abd1a5075d0198c4948,TRANSPARENT_PRIORITIZATION_MATERIALIZER_V0.1,external+sha256://PENDING/luad-target-dossier/prioritization-v0.1/ART_PRZV01_SET_011A39B150DEF9E56A43CBF9/partitions/p99/prioritization_records.jsonl,LOCAL_CONTENT_ADDRESSED_STAGING_PENDING_DURABLE_REGISTRATION,104,485,29184,PRIORITIZATION_OUTPUT_SCHEMA_V0.1,TRANSPARENT_PRIORITIZATION_PROTOTYPE_V0.1,PRIORITIZATION_RULE_CATALOG_V0.1,PASS
p9a,ENSEMBL_SHA256_PREFIX_2_V0.1,ART_PRZV01_SET_011A39B150DEF9E56A43CBF9,ART_PRZV01_E8BAC42E790809E18772E5C3,CLASS_D_LARGE_DATA_OBJECT,TRANSPARENT_PRIORITIZATION_JSONL_PAYLOAD,367392,e8bac42e790809e18772e5c3b7b8dca2329097ed7d396183340b0081b99f7d83,TRANSPARENT_PRIORITIZATION_MATERIALIZER_V0.1,external+sha256://PENDING/luad-target-dossier/prioritization-v0.1/ART_PRZV01_SET_011A39B150DEF9E56A43CBF9/partitions/p9a/prioritization_records.jsonl,LOCAL_CONTENT_ADDRESSED_STAGING_PENDING_DURABLE_REGISTRATION,115,110,29382,PRIORITIZATION_OUTPUT_SCHEMA_V0.1,TRANSPARENT_PRIORITIZATION_PROTOTYPE_V0.1,PRIORITIZATION_RULE_CATALOG_V0.1,PASS
p9b,ENSEMBL_SHA256_PREFIX_2_V0.1,ART_PRZV01_SET_011A39B150DEF9E56A43CBF9,ART_PRZV01_EA8B7C01CC37CF4ED713023C,CLASS_D_LARGE_DATA_OBJECT,TRANSPARENT_PRIORITIZATION_JSONL_PAYLOAD,377049,ea8b7c01cc37cf4ed713023cfdff36e889bd6332190e9064dbc46f71b349d161,TRANSPARENT_PRIORITIZATION_MATERIALIZER_V0.1,external+sha256://PENDING/luad-target-dossier/prioritization-v0.1/ART_PRZV01_SET_011A39B150DEF9E56A43CBF9/partitions/p9b/prioritization_records.jsonl,LOCAL_CONTENT_ADDRESSED_STAGING_PENDING_DURABLE_REGISTRATION,118,194,29405,PRIORITIZATION_OUTPUT_SCHEMA_V0.1,TRANSPARENT_PRIORITIZATION_PROTOTYPE_V0.1,PRIORITIZATION_RULE_CATALOG_V0.1,PASS
p9c,ENSEMBL_SHA256_PREFIX_2_V0.1,ART_PRZV01_SET_011A39B150DEF9E56A43CBF9,ART_PRZV01_A43A50CDFEA03C44F2404952,CLASS_D_LARGE_DATA_OBJECT,TRANSPARENT_PRIORITIZATION_JSONL_PAYLOAD,329058,a43a50cdfea03c44f240495252ed040a93dc0ac95974b8a946d84ee1ffd3464e,TRANSPARENT_PRIORITIZATION_MATERIALIZER_V0.1,external+sha256://PENDING/luad-target-dossier/prioritization-v0.1/ART_PRZV01_SET_011A39B150DEF9E56A43CBF9/partitions/p9c/prioritization_records.jsonl,LOCAL_CONTENT_ADDRESSED_STAGING_PENDING_DURABLE_REGISTRATION,103,439,28951,PRIORITIZATION_OUTPUT_SCHEMA_V0.1,TRANSPARENT_PRIORITIZATION_PROTOTYPE_V0.1,PRIORITIZATION_RULE_CATALOG_V0.1,PASS
p9d,ENSEMBL_SHA256_PREFIX_2_V0.1,ART_PRZV01_SET_011A39B150DEF9E56A43CBF9,ART_PRZV01_2DF909A5D5CCDE3967361743,CLASS_D_LARGE_DATA_OBJECT,TRANSPARENT_PRIORITIZATION_JSONL_PAYLOAD,316230,2df909a5d5ccde3967361743e10e94bac6850f047f53ff95926b56853a80eadf,TRANSPARENT_PRIORITIZATION_MATERIALIZER_V0.1,external+sha256://PENDING/luad-target-dossier/prioritization-v0.1/ART_PRZV01_SET_011A39B150DEF9E56A43CBF9/partitions/p9d/prioritization_records.jsonl,LOCAL_CONTENT_ADDRESSED_STAGING_PENDING_DURABLE_REGISTRATION,99,483,28515,PRIORITIZATION_OUTPUT_SCHEMA_V0.1,TRANSPARENT_PRIORITIZATION_PROTOTYPE_V0.1,PRIORITIZATION_RULE_CATALOG_V0.1,PASS
p9e,ENSEMBL_SHA256_PREFIX_2_V0.1,ART_PRZV01_SET_011A39B150DEF9E56A43CBF9,ART_PRZV01_D121F353B30F245084560A81,CLASS_D_LARGE_DATA_OBJECT,TRANSPARENT_PRIORITIZATION_JSONL_PAYLOAD,389769,d121f353b30f245084560a81b1d359a0f892d50c552001d228df9946912a71ac,TRANSPARENT_PRIORITIZATION_MATERIALIZER_V0.1,external+sha256://PENDING/luad-target-dossier/prioritization-v0.1/ART_PRZV01_SET_011A39B150DEF9E56A43CBF9/partitions/p9e/prioritization_records.jsonl,LOCAL_CONTENT_ADDRESSED_STAGING_PENDING_DURABLE_REGISTRATION,122,86,28962,PRIORITIZATION_OUTPUT_SCHEMA_V0.1,TRANSPARENT_PRIORITIZATION_PROTOTYPE_V0.1,PRIORITIZATION_RULE_CATALOG_V0.1,PASS
p9f,ENSEMBL_SHA256_PREFIX_2_V0.1,ART_PRZV01_SET_011A39B150DEF9E56A43CBF9,ART_PRZV01_BFB449B452C2476D04F560DA,CLASS_D_LARGE_DATA_OBJECT,TRANSPARENT_PRIORITIZATION_JSONL_PAYLOAD,376985,bfb449b452c2476d04f560da3e6b819150bab6b22be385cf94c10f5cf5de26da,TRANSPARENT_PRIORITIZATION_MATERIALIZER_V0.1,external+sha256://PENDING/luad-target-dossier/prioritization-v0.1/ART_PRZV01_SET_011A39B150DEF9E56A43CBF9/partitions/p9f/prioritization_records.jsonl,LOCAL_CONTENT_ADDRESSED_STAGING_PENDING_DURABLE_REGISTRATION,118,99,29174,PRIORITIZATION_OUTPUT_SCHEMA_V0.1,TRANSPARENT_PRIORITIZATION_PROTOTYPE_V0.1,PRIORITIZATION_RULE_CATALOG_V0.1,PASS
pa0,ENSEMBL_SHA256_PREFIX_2_V0.1,ART_PRZV01_SET_011A39B150DEF9E56A43CBF9,ART_PRZV01_68E7A68416D7364004D165C7,CLASS_D_LARGE_DATA_OBJECT,TRANSPARENT_PRIORITIZATION_JSONL_PAYLOAD,402549,68e7a68416d7364004d165c7b3e9689eb6520f640a7488071037636db2e5c774,TRANSPARENT_PRIORITIZATION_MATERIALIZER_V0.1,external+sha256://PENDING/luad-target-dossier/prioritization-v0.1/ART_PRZV01_SET_011A39B150DEF9E56A43CBF9/partitions/pa0/prioritization_records.jsonl,LOCAL_CONTENT_ADDRESSED_STAGING_PENDING_DURABLE_REGISTRATION,126,199,29448,PRIORITIZATION_OUTPUT_SCHEMA_V0.1,TRANSPARENT_PRIORITIZATION_PROTOTYPE_V0.1,PRIORITIZATION_RULE_CATALOG_V0.1,PASS
pa1,ENSEMBL_SHA256_PREFIX_2_V0.1,ART_PRZV01_SET_011A39B150DEF9E56A43CBF9,ART_PRZV01_1B5AF212ABB2E88FBDEA8737,CLASS_D_LARGE_DATA_OBJECT,TRANSPARENT_PRIORITIZATION_JSONL_PAYLOAD,345128,1b5af212abb2e88fbdea87371321598e5e530ede953b8e5225f3a2b5848f7238,TRANSPARENT_PRIORITIZATION_MATERIALIZER_V0.1,external+sha256://PENDING/luad-target-dossier/prioritization-v0.1/ART_PRZV01_SET_011A39B150DEF9E56A43CBF9/partitions/pa1/prioritization_records.jsonl,LOCAL_CONTENT_ADDRESSED_STAGING_PENDING_DURABLE_REGISTRATION,108,5,29244,PRIORITIZATION_OUTPUT_SCHEMA_V0.1,TRANSPARENT_PRIORITIZATION_PROTOTYPE_V0.1,PRIORITIZATION_RULE_CATALOG_V0.1,PASS
pa2,ENSEMBL_SHA256_PREFIX_2_V0.1,ART_PRZV01_SET_011A39B150DEF9E56A43CBF9,ART_PRZV01_19DD24D7DC599C75138890F7,CLASS_D_LARGE_DATA_OBJECT,TRANSPARENT_PRIORITIZATION_JSONL_PAYLOAD,386665,19dd24d7dc599c75138890f7cf10885a746ade52790c10957b24cd5fac0f11ef,TRANSPARENT_PRIORITIZATION_MATERIALIZER_V0.1,external+sha256://PENDING/luad-target-dossier/prioritization-v0.1/ART_PRZV01_SET_011A39B150DEF9E56A43CBF9/partitions/pa2/prioritization_records.jsonl,LOCAL_CONTENT_ADDRESSED_STAGING_PENDING_DURABLE_REGISTRATION,121,227,29428,PRIORITIZATION_OUTPUT_SCHEMA_V0.1,TRANSPARENT_PRIORITIZATION_PROTOTYPE_V0.1,PRIORITIZATION_RULE_CATALOG_V0.1,PASS
pa3,ENSEMBL_SHA256_PREFIX_2_V0.1,ART_PRZV01_SET_011A39B150DEF9E56A43CBF9,ART_PRZV01_FDBDA05C3D6E5EF1AEF9BBAA,CLASS_D_LARGE_DATA_OBJECT,TRANSPARENT_PRIORITIZATION_JSONL_PAYLOAD,380190,fdbda05c3d6e5ef1aef9bbaad409322c989cd4161fe9ea929c86f70ee4a4cb72,TRANSPARENT_PRIORITIZATION_MATERIALIZER_V0.1,external+sha256://PENDING/luad-target-dossier/prioritization-v0.1/ART_PRZV01_SET_011A39B150DEF9E56A43CBF9/partitions/pa3/prioritization_records.jsonl,LOCAL_CONTENT_ADDRESSED_STAGING_PENDING_DURABLE_REGISTRATION,119,29,29217,PRIORITIZATION_OUTPUT_SCHEMA_V0.1,TRANSPARENT_PRIORITIZATION_PROTOTYPE_V0.1,PRIORITIZATION_RULE_CATALOG_V0.1,PASS
pa4,ENSEMBL_SHA256_PREFIX_2_V0.1,ART_PRZV01_SET_011A39B150DEF9E56A43CBF9,ART_PRZV01_84B273B630C0714752D94901,CLASS_D_LARGE_DATA_OBJECT,TRANSPARENT_PRIORITIZATION_JSONL_PAYLOAD,348254,84b273b630c0714752d94901fba6c1aeda0304f6583ffc626c5f8a0881e022d5,TRANSPARENT_PRIORITIZATION_MATERIALIZER_V0.1,external+sha256://PENDING/luad-target-dossier/prioritization-v0.1/ART_PRZV01_SET_011A39B150DEF9E56A43CBF9/partitions/pa4/prioritization_records.jsonl,LOCAL_CONTENT_ADDRESSED_STAGING_PENDING_DURABLE_REGISTRATION,109,51,29228,PRIORITIZATION_OUTPUT_SCHEMA_V0.1,TRANSPARENT_PRIORITIZATION_PROTOTYPE_V0.1,PRIORITIZATION_RULE_CATALOG_V0.1,PASS
pa5,ENSEMBL_SHA256_PREFIX_2_V0.1,ART_PRZV01_SET_011A39B150DEF9E56A43CBF9,ART_PRZV01_5F47E5469A283999B09361BA,CLASS_D_LARGE_DATA_OBJECT,TRANSPARENT_PRIORITIZATION_JSONL_PAYLOAD,373735,5f47e5469a283999b09361ba596ced019cea385ed1aec9c99b7abfed9b863e69,TRANSPARENT_PRIORITIZATION_MATERIALIZER_V0.1,external+sha256://PENDING/luad-target-dossier/prioritization-v0.1/ART_PRZV01_SET_011A39B150DEF9E56A43CBF9/partitions/pa5/prioritization_records.jsonl,LOCAL_CONTENT_ADDRESSED_STAGING_PENDING_DURABLE_REGISTRATION,117,642,29281,PRIORITIZATION_OUTPUT_SCHEMA_V0.1,TRANSPARENT_PRIORITIZATION_PROTOTYPE_V0.1,PRIORITIZATION_RULE_CATALOG_V0.1,PASS
pa6,ENSEMBL_SHA256_PREFIX_2_V0.1,ART_PRZV01_SET_011A39B150DEF9E56A43CBF9,ART_PRZV01_C28A951B288A9438A9DAC294,CLASS_D_LARGE_DATA_OBJECT,TRANSPARENT_PRIORITIZATION_JSONL_PAYLOAD,332287,c28a951b288a9438a9dac2940ecf313a102dc112ff62ee3ffb129805269322f1,TRANSPARENT_PRIORITIZATION_MATERIALIZER_V0.1,external+sha256://PENDING/luad-target-dossier/prioritization-v0.1/ART_PRZV01_SET_011A39B150DEF9E56A43CBF9/partitions/pa6/prioritization_records.jsonl,LOCAL_CONTENT_ADDRESSED_STAGING_PENDING_DURABLE_REGISTRATION,104,32,29477,PRIORITIZATION_OUTPUT_SCHEMA_V0.1,TRANSPARENT_PRIORITIZATION_PROTOTYPE_V0.1,PRIORITIZATION_RULE_CATALOG_V0.1,PASS
pa7,ENSEMBL_SHA256_PREFIX_2_V0.1,ART_PRZV01_SET_011A39B150DEF9E56A43CBF9,ART_PRZV01_7FA525C9451702C5A4CBE87B,CLASS_D_LARGE_DATA_OBJECT,TRANSPARENT_PRIORITIZATION_JSONL_PAYLOAD,341978,7fa525c9451702c5a4cbe87bfac5b914c21b3e6922efd50aa25b10799e39f8a0,TRANSPARENT_PRIORITIZATION_MATERIALIZER_V0.1,external+sha256://PENDING/luad-target-dossier/prioritization-v0.1/ART_PRZV01_SET_011A39B150DEF9E56A43CBF9/partitions/pa7/prioritization_records.jsonl,LOCAL_CONTENT_ADDRESSED_STAGING_PENDING_DURABLE_REGISTRATION,107,535,29363,PRIORITIZATION_OUTPUT_SCHEMA_V0.1,TRANSPARENT_PRIORITIZATION_PROTOTYPE_V0.1,PRIORITIZATION_RULE_CATALOG_V0.1,PASS
pa8,ENSEMBL_SHA256_PREFIX_2_V0.1,ART_PRZV01_SET_011A39B150DEF9E56A43CBF9,ART_PRZV01_E6AF5C1983CD4187DA8D600D,CLASS_D_LARGE_DATA_OBJECT,TRANSPARENT_PRIORITIZATION_JSONL_PAYLOAD,425009,e6af5c1983cd4187da8d600d9677f8a040de6529c6491fb894f53ddc1defa588,TRANSPARENT_PRIORITIZATION_MATERIALIZER_V0.1,external+sha256://PENDING/luad-target-dossier/prioritization-v0.1/ART_PRZV01_SET_011A39B150DEF9E56A43CBF9/partitions/pa8/prioritization_records.jsonl,LOCAL_CONTENT_ADDRESSED_STAGING_PENDING_DURABLE_REGISTRATION,133,280,29569,PRIORITIZATION_OUTPUT_SCHEMA_V0.1,TRANSPARENT_PRIORITIZATION_PROTOTYPE_V0.1,PRIORITIZATION_RULE_CATALOG_V0.1,PASS
pa9,ENSEMBL_SHA256_PREFIX_2_V0.1,ART_PRZV01_SET_011A39B150DEF9E56A43CBF9,ART_PRZV01_B2D877ECFE06959E84CB0572,CLASS_D_LARGE_DATA_OBJECT,TRANSPARENT_PRIORITIZATION_JSONL_PAYLOAD,361072,b2d877ecfe06959e84cb0572d5c852c904008916038141dce16ed8308207fcee,TRANSPARENT_PRIORITIZATION_MATERIALIZER_V0.1,external+sha256://PENDING/luad-target-dossier/prioritization-v0.1/ART_PRZV01_SET_011A39B150DEF9E56A43CBF9/partitions/pa9/prioritization_records.jsonl,LOCAL_CONTENT_ADDRESSED_STAGING_PENDING_DURABLE_REGISTRATION,113,182,29515,PRIORITIZATION_OUTPUT_SCHEMA_V0.1,TRANSPARENT_PRIORITIZATION_PROTOTYPE_V0.1,PRIORITIZATION_RULE_CATALOG_V0.1,PASS
paa,ENSEMBL_SHA256_PREFIX_2_V0.1,ART_PRZV01_SET_011A39B150DEF9E56A43CBF9,ART_PRZV01_A358D8DB7A18A54E0720DD4A,CLASS_D_LARGE_DATA_OBJECT,TRANSPARENT_PRIORITIZATION_JSONL_PAYLOAD,319606,a358d8db7a18a54e0720dd4a2e1757e6d2545926b290411be77ca8dbaaf4e31b,TRANSPARENT_PRIORITIZATION_MATERIALIZER_V0.1,external+sha256://PENDING/luad-target-dossier/prioritization-v0.1/ART_PRZV01_SET_011A39B150DEF9E56A43CBF9/partitions/paa/prioritization_records.jsonl,LOCAL_CONTENT_ADDRESSED_STAGING_PENDING_DURABLE_REGISTRATION,100,12,28781,PRIORITIZATION_OUTPUT_SCHEMA_V0.1,TRANSPARENT_PRIORITIZATION_PROTOTYPE_V0.1,PRIORITIZATION_RULE_CATALOG_V0.1,PASS
pab,ENSEMBL_SHA256_PREFIX_2_V0.1,ART_PRZV01_SET_011A39B150DEF9E56A43CBF9,ART_PRZV01_8E114E272ECE5F6B08620AB6,CLASS_D_LARGE_DATA_OBJECT,TRANSPARENT_PRIORITIZATION_JSONL_PAYLOAD,421811,8e114e272ece5f6b08620ab665dd63c33cf85a35bb288ca3b94ed9bb8771320a,TRANSPARENT_PRIORITIZATION_MATERIALIZER_V0.1,external+sha256://PENDING/luad-target-dossier/prioritization-v0.1/ART_PRZV01_SET_011A39B150DEF9E56A43CBF9/partitions/pab/prioritization_records.jsonl,LOCAL_CONTENT_ADDRESSED_STAGING_PENDING_DURABLE_REGISTRATION,132,945,29444,PRIORITIZATION_OUTPUT_SCHEMA_V0.1,TRANSPARENT_PRIORITIZATION_PROTOTYPE_V0.1,PRIORITIZATION_RULE_CATALOG_V0.1,PASS
pac,ENSEMBL_SHA256_PREFIX_2_V0.1,ART_PRZV01_SET_011A39B150DEF9E56A43CBF9,ART_PRZV01_17ED2CD9ED52B49DBF2DF610,CLASS_D_LARGE_DATA_OBJECT,TRANSPARENT_PRIORITIZATION_JSONL_PAYLOAD,396194,17ed2cd9ed52b49dbf2df610dd6ddf248f5a72d7f560955922e21ab45029d82a,TRANSPARENT_PRIORITIZATION_MATERIALIZER_V0.1,external+sha256://PENDING/luad-target-dossier/prioritization-v0.1/ART_PRZV01_SET_011A39B150DEF9E56A43CBF9/partitions/pac/prioritization_records.jsonl,LOCAL_CONTENT_ADDRESSED_STAGING_PENDING_DURABLE_REGISTRATION,124,73,29490,PRIORITIZATION_OUTPUT_SCHEMA_V0.1,TRANSPARENT_PRIORITIZATION_PROTOTYPE_V0.1,PRIORITIZATION_RULE_CATALOG_V0.1,PASS
pad,ENSEMBL_SHA256_PREFIX_2_V0.1,ART_PRZV01_SET_011A39B150DEF9E56A43CBF9,ART_PRZV01_D2B18FA676D6ED10197D4B78,CLASS_D_LARGE_DATA_OBJECT,TRANSPARENT_PRIORITIZATION_JSONL_PAYLOAD,325854,d2b18fa676d6ed10197d4b78a7eb68c7813ddaa87f76344b263eaba9bb22d748,TRANSPARENT_PRIORITIZATION_MATERIALIZER_V0.1,external+sha256://PENDING/luad-target-dossier/prioritization-v0.1/ART_PRZV01_SET_011A39B150DEF9E56A43CBF9/partitions/pad/prioritization_records.jsonl,LOCAL_CONTENT_ADDRESSED_STAGING_PENDING_DURABLE_REGISTRATION,102,212,29436,PRIORITIZATION_OUTPUT_SCHEMA_V0.1,TRANSPARENT_PRIORITIZATION_PROTOTYPE_V0.1,PRIORITIZATION_RULE_CATALOG_V0.1,PASS
pae,ENSEMBL_SHA256_PREFIX_2_V0.1,ART_PRZV01_SET_011A39B150DEF9E56A43CBF9,ART_PRZV01_F237C9D39D6562FD7BFA4A14,CLASS_D_LARGE_DATA_OBJECT,TRANSPARENT_PRIORITIZATION_JSONL_PAYLOAD,409041,f237c9d39d6562fd7bfa4a14c25bac2f7694c3534d91315f9a2e20d7920be876,TRANSPARENT_PRIORITIZATION_MATERIALIZER_V0.1,external+sha256://PENDING/luad-target-dossier/prioritization-v0.1/ART_PRZV01_SET_011A39B150DEF9E56A43CBF9/partitions/pae/prioritization_records.jsonl,LOCAL_CONTENT_ADDRESSED_STAGING_PENDING_DURABLE_REGISTRATION,128,561,29443,PRIORITIZATION_OUTPUT_SCHEMA_V0.1,TRANSPARENT_PRIORITIZATION_PROTOTYPE_V0.1,PRIORITIZATION_RULE_CATALOG_V0.1,PASS
paf,ENSEMBL_SHA256_PREFIX_2_V0.1,ART_PRZV01_SET_011A39B150DEF9E56A43CBF9,ART_PRZV01_8F7E9F52FE8B11EF2137F83E,CLASS_D_LARGE_DATA_OBJECT,TRANSPARENT_PRIORITIZATION_JSONL_PAYLOAD,354599,8f7e9f52fe8b11ef2137f83e481e9400a985730bd68f71b6bc3227376159de29,TRANSPARENT_PRIORITIZATION_MATERIALIZER_V0.1,external+sha256://PENDING/luad-target-dossier/prioritization-v0.1/ART_PRZV01_SET_011A39B150DEF9E56A43CBF9/partitions/paf/prioritization_records.jsonl,LOCAL_CONTENT_ADDRESSED_STAGING_PENDING_DURABLE_REGISTRATION,111,55,29338,PRIORITIZATION_OUTPUT_SCHEMA_V0.1,TRANSPARENT_PRIORITIZATION_PROTOTYPE_V0.1,PRIORITIZATION_RULE_CATALOG_V0.1,PASS
pb0,ENSEMBL_SHA256_PREFIX_2_V0.1,ART_PRZV01_SET_011A39B150DEF9E56A43CBF9,ART_PRZV01_95A230D75288631F13A055F4,CLASS_D_LARGE_DATA_OBJECT,TRANSPARENT_PRIORITIZATION_JSONL_PAYLOAD,428105,95a230d75288631f13a055f4c41f3e99413676ccab0b5440c65678f967fa4dcd,TRANSPARENT_PRIORITIZATION_MATERIALIZER_V0.1,external+sha256://PENDING/luad-target-dossier/prioritization-v0.1/ART_PRZV01_SET_011A39B150DEF9E56A43CBF9/partitions/pb0/prioritization_records.jsonl,LOCAL_CONTENT_ADDRESSED_STAGING_PENDING_DURABLE_REGISTRATION,134,393,29353,PRIORITIZATION_OUTPUT_SCHEMA_V0.1,TRANSPARENT_PRIORITIZATION_PROTOTYPE_V0.1,PRIORITIZATION_RULE_CATALOG_V0.1,PASS
pb1,ENSEMBL_SHA256_PREFIX_2_V0.1,ART_PRZV01_SET_011A39B150DEF9E56A43CBF9,ART_PRZV01_E20998952F1CB0304E0D0BEE,CLASS_D_LARGE_DATA_OBJECT,TRANSPARENT_PRIORITIZATION_JSONL_PAYLOAD,399376,e20998952f1cb0304e0d0bee55082be51142e8c2ff9e9772f8ae25b1abec8fe2,TRANSPARENT_PRIORITIZATION_MATERIALIZER_V0.1,external+sha256://PENDING/luad-target-dossier/prioritization-v0.1/ART_PRZV01_SET_011A39B150DEF9E56A43CBF9/partitions/pb1/prioritization_records.jsonl,LOCAL_CONTENT_ADDRESSED_STAGING_PENDING_DURABLE_REGISTRATION,125,77,29595,PRIORITIZATION_OUTPUT_SCHEMA_V0.1,TRANSPARENT_PRIORITIZATION_PROTOTYPE_V0.1,PRIORITIZATION_RULE_CATALOG_V0.1,PASS
pb2,ENSEMBL_SHA256_PREFIX_2_V0.1,ART_PRZV01_SET_011A39B150DEF9E56A43CBF9,ART_PRZV01_64323F1D8A3BC4ACE60E16D6,CLASS_D_LARGE_DATA_OBJECT,TRANSPARENT_PRIORITIZATION_JSONL_PAYLOAD,447267,64323f1d8a3bc4ace60e16d620f6f6a44e16e2345e35e4e17259148c4f512a17,TRANSPARENT_PRIORITIZATION_MATERIALIZER_V0.1,external+sha256://PENDING/luad-target-dossier/prioritization-v0.1/ART_PRZV01_SET_011A39B150DEF9E56A43CBF9/partitions/pb2/prioritization_records.jsonl,LOCAL_CONTENT_ADDRESSED_STAGING_PENDING_DURABLE_REGISTRATION,140,13,29512,PRIORITIZATION_OUTPUT_SCHEMA_V0.1,TRANSPARENT_PRIORITIZATION_PROTOTYPE_V0.1,PRIORITIZATION_RULE_CATALOG_V0.1,PASS
pb3,ENSEMBL_SHA256_PREFIX_2_V0.1,ART_PRZV01_SET_011A39B150DEF9E56A43CBF9,ART_PRZV01_5B3A28821A73CB4874AD900E,CLASS_D_LARGE_DATA_OBJECT,TRANSPARENT_PRIORITIZATION_JSONL_PAYLOAD,380165,5b3a28821a73cb4874ad900e01587fb4f074f2a96a26ef6a1a8add964b4d37ff,TRANSPARENT_PRIORITIZATION_MATERIALIZER_V0.1,external+sha256://PENDING/luad-target-dossier/prioritization-v0.1/ART_PRZV01_SET_011A39B150DEF9E56A43CBF9/partitions/pb3/prioritization_records.jsonl,LOCAL_CONTENT_ADDRESSED_STAGING_PENDING_DURABLE_REGISTRATION,119,127,29378,PRIORITIZATION_OUTPUT_SCHEMA_V0.1,TRANSPARENT_PRIORITIZATION_PROTOTYPE_V0.1,PRIORITIZATION_RULE_CATALOG_V0.1,PASS
pb4,ENSEMBL_SHA256_PREFIX_2_V0.1,ART_PRZV01_SET_011A39B150DEF9E56A43CBF9,ART_PRZV01_78F8C1F2B1FD75A2C0254F2C,CLASS_D_LARGE_DATA_OBJECT,TRANSPARENT_PRIORITIZATION_JSONL_PAYLOAD,332166,78f8c1f2b1fd75a2c0254f2ca88fa309d5bec31634bd58c4356a10e63f8e9768,TRANSPARENT_PRIORITIZATION_MATERIALIZER_V0.1,external+sha256://PENDING/luad-target-dossier/prioritization-v0.1/ART_PRZV01_SET_011A39B150DEF9E56A43CBF9/partitions/pb4/prioritization_records.jsonl,LOCAL_CONTENT_ADDRESSED_STAGING_PENDING_DURABLE_REGISTRATION,104,137,29371,PRIORITIZATION_OUTPUT_SCHEMA_V0.1,TRANSPARENT_PRIORITIZATION_PROTOTYPE_V0.1,PRIORITIZATION_RULE_CATALOG_V0.1,PASS
pb5,ENSEMBL_SHA256_PREFIX_2_V0.1,ART_PRZV01_SET_011A39B150DEF9E56A43CBF9,ART_PRZV01_5322CD8AB34AD4D7165BAF01,CLASS_D_LARGE_DATA_OBJECT,TRANSPARENT_PRIORITIZATION_JSONL_PAYLOAD,329038,5322cd8ab34ad4d7165baf016ae268c113e2ad0144f42c3b115d434335c56dc1,TRANSPARENT_PRIORITIZATION_MATERIALIZER_V0.1,external+sha256://PENDING/luad-target-dossier/prioritization-v0.1/ART_PRZV01_SET_011A39B150DEF9E56A43CBF9/partitions/pb5/prioritization_records.jsonl,LOCAL_CONTENT_ADDRESSED_STAGING_PENDING_DURABLE_REGISTRATION,103,61,29581,PRIORITIZATION_OUTPUT_SCHEMA_V0.1,TRANSPARENT_PRIORITIZATION_PROTOTYPE_V0.1,PRIORITIZATION_RULE_CATALOG_V0.1,PASS
pb6,ENSEMBL_SHA256_PREFIX_2_V0.1,ART_PRZV01_SET_011A39B150DEF9E56A43CBF9,ART_PRZV01_01046C166A624A3C532755B3,CLASS_D_LARGE_DATA_OBJECT,TRANSPARENT_PRIORITIZATION_JSONL_PAYLOAD,412132,01046c166a624a3c532755b394cee5aa380839238b46ee9917ebd5da9263764b,TRANSPARENT_PRIORITIZATION_MATERIALIZER_V0.1,external+sha256://PENDING/luad-target-dossier/prioritization-v0.1/ART_PRZV01_SET_011A39B150DEF9E56A43CBF9/partitions/pb6/prioritization_records.jsonl,LOCAL_CONTENT_ADDRESSED_STAGING_PENDING_DURABLE_REGISTRATION,129,332,29586,PRIORITIZATION_OUTPUT_SCHEMA_V0.1,TRANSPARENT_PRIORITIZATION_PROTOTYPE_V0.1,PRIORITIZATION_RULE_CATALOG_V0.1,PASS
pb7,ENSEMBL_SHA256_PREFIX_2_V0.1,ART_PRZV01_SET_011A39B150DEF9E56A43CBF9,ART_PRZV01_582079B04BAC3D649BD3D44B,CLASS_D_LARGE_DATA_OBJECT,TRANSPARENT_PRIORITIZATION_JSONL_PAYLOAD,389776,582079b04bac3d649bd3d44b685b098df4c4104ce6c7e061e5aa50ca4eceeb04,TRANSPARENT_PRIORITIZATION_MATERIALIZER_V0.1,external+sha256://PENDING/luad-target-dossier/prioritization-v0.1/ART_PRZV01_SET_011A39B150DEF9E56A43CBF9/partitions/pb7/prioritization_records.jsonl,LOCAL_CONTENT_ADDRESSED_STAGING_PENDING_DURABLE_REGISTRATION,122,720,29468,PRIORITIZATION_OUTPUT_SCHEMA_V0.1,TRANSPARENT_PRIORITIZATION_PROTOTYPE_V0.1,PRIORITIZATION_RULE_CATALOG_V0.1,PASS
pb8,ENSEMBL_SHA256_PREFIX_2_V0.1,ART_PRZV01_SET_011A39B150DEF9E56A43CBF9,ART_PRZV01_24EDE2A6DC483BE359D1D909,CLASS_D_LARGE_DATA_OBJECT,TRANSPARENT_PRIORITIZATION_JSONL_PAYLOAD,409054,24ede2a6dc483be359d1d909e5954f646c4073a7325b5b8cc9e5a577136afd01,TRANSPARENT_PRIORITIZATION_MATERIALIZER_V0.1,external+sha256://PENDING/luad-target-dossier/prioritization-v0.1/ART_PRZV01_SET_011A39B150DEF9E56A43CBF9/partitions/pb8/prioritization_records.jsonl,LOCAL_CONTENT_ADDRESSED_STAGING_PENDING_DURABLE_REGISTRATION,128,105,29345,PRIORITIZATION_OUTPUT_SCHEMA_V0.1,TRANSPARENT_PRIORITIZATION_PROTOTYPE_V0.1,PRIORITIZATION_RULE_CATALOG_V0.1,PASS
pb9,ENSEMBL_SHA256_PREFIX_2_V0.1,ART_PRZV01_SET_011A39B150DEF9E56A43CBF9,ART_PRZV01_B7E66ACFE1D7C83B22C8B3F6,CLASS_D_LARGE_DATA_OBJECT,TRANSPARENT_PRIORITIZATION_JSONL_PAYLOAD,361085,b7e66acfe1d7c83b22c8b3f6f518cde9712f0eecc7a7c4af03f31bd103d1f63e,TRANSPARENT_PRIORITIZATION_MATERIALIZER_V0.1,external+sha256://PENDING/luad-target-dossier/prioritization-v0.1/ART_PRZV01_SET_011A39B150DEF9E56A43CBF9/partitions/pb9/prioritization_records.jsonl,LOCAL_CONTENT_ADDRESSED_STAGING_PENDING_DURABLE_REGISTRATION,113,318,29525,PRIORITIZATION_OUTPUT_SCHEMA_V0.1,TRANSPARENT_PRIORITIZATION_PROTOTYPE_V0.1,PRIORITIZATION_RULE_CATALOG_V0.1,PASS
pba,ENSEMBL_SHA256_PREFIX_2_V0.1,ART_PRZV01_SET_011A39B150DEF9E56A43CBF9,ART_PRZV01_3105F25EB470904D5B77411E,CLASS_D_LARGE_DATA_OBJECT,TRANSPARENT_PRIORITIZATION_JSONL_PAYLOAD,424948,3105f25eb470904d5b77411e306597ab3d71df1e071f0e9ba9db26aa1fb4e5a0,TRANSPARENT_PRIORITIZATION_MATERIALIZER_V0.1,external+sha256://PENDING/luad-target-dossier/prioritization-v0.1/ART_PRZV01_SET_011A39B150DEF9E56A43CBF9/partitions/pba/prioritization_records.jsonl,LOCAL_CONTENT_ADDRESSED_STAGING_PENDING_DURABLE_REGISTRATION,133,188,29278,PRIORITIZATION_OUTPUT_SCHEMA_V0.1,TRANSPARENT_PRIORITIZATION_PROTOTYPE_V0.1,PRIORITIZATION_RULE_CATALOG_V0.1,PASS
pbb,ENSEMBL_SHA256_PREFIX_2_V0.1,ART_PRZV01_SET_011A39B150DEF9E56A43CBF9,ART_PRZV01_91AF0EC6017D37BFC0A6B7B0,CLASS_D_LARGE_DATA_OBJECT,TRANSPARENT_PRIORITIZATION_JSONL_PAYLOAD,351416,91af0ec6017d37bfc0a6b7b09bc7a0a63b51f4d4789253f0257272a31eede21f,TRANSPARENT_PRIORITIZATION_MATERIALIZER_V0.1,external+sha256://PENDING/luad-target-dossier/prioritization-v0.1/ART_PRZV01_SET_011A39B150DEF9E56A43CBF9/partitions/pbb/prioritization_records.jsonl,LOCAL_CONTENT_ADDRESSED_STAGING_PENDING_DURABLE_REGISTRATION,110,350,29558,PRIORITIZATION_OUTPUT_SCHEMA_V0.1,TRANSPARENT_PRIORITIZATION_PROTOTYPE_V0.1,PRIORITIZATION_RULE_CATALOG_V0.1,PASS
pbc,ENSEMBL_SHA256_PREFIX_2_V0.1,ART_PRZV01_SET_011A39B150DEF9E56A43CBF9,ART_PRZV01_2B0880689B55142A17DFDE05,CLASS_D_LARGE_DATA_OBJECT,TRANSPARENT_PRIORITIZATION_JSONL_PAYLOAD,389763,2b0880689b55142a17dfde05f280d11087d1cc5ce9632f9b39d2f08aaa6e8b90,TRANSPARENT_PRIORITIZATION_MATERIALIZER_V0.1,external+sha256://PENDING/luad-target-dossier/prioritization-v0.1/ART_PRZV01_SET_011A39B150DEF9E56A43CBF9/partitions/pbc/prioritization_records.jsonl,LOCAL_CONTENT_ADDRESSED_STAGING_PENDING_DURABLE_REGISTRATION,122,303,28991,PRIORITIZATION_OUTPUT_SCHEMA_V0.1,TRANSPARENT_PRIORITIZATION_PROTOTYPE_V0.1,PRIORITIZATION_RULE_CATALOG_V0.1,PASS
pbd,ENSEMBL_SHA256_PREFIX_2_V0.1,ART_PRZV01_SET_011A39B150DEF9E56A43CBF9,ART_PRZV01_3DB0B87BDB8625EA5AF60065,CLASS_D_LARGE_DATA_OBJECT,TRANSPARENT_PRIORITIZATION_JSONL_PAYLOAD,364254,3db0b87bdb8625ea5af6006549206248bc8084a679cb6c8cfbbae5f4cc084145,TRANSPARENT_PRIORITIZATION_MATERIALIZER_V0.1,external+sha256://PENDING/luad-target-dossier/prioritization-v0.1/ART_PRZV01_SET_011A39B150DEF9E56A43CBF9/partitions/pbd/prioritization_records.jsonl,LOCAL_CONTENT_ADDRESSED_STAGING_PENDING_DURABLE_REGISTRATION,114,50,29205,PRIORITIZATION_OUTPUT_SCHEMA_V0.1,TRANSPARENT_PRIORITIZATION_PROTOTYPE_V0.1,PRIORITIZATION_RULE_CATALOG_V0.1,PASS
pbe,ENSEMBL_SHA256_PREFIX_2_V0.1,ART_PRZV01_SET_011A39B150DEF9E56A43CBF9,ART_PRZV01_E588DCB27BE054653A87A7E5,CLASS_D_LARGE_DATA_OBJECT,TRANSPARENT_PRIORITIZATION_JSONL_PAYLOAD,361116,e588dcb27be054653a87a7e5749c7e31bda1d196f4aee5f9f5e93de35bad6d3c,TRANSPARENT_PRIORITIZATION_MATERIALIZER_V0.1,external+sha256://PENDING/luad-target-dossier/prioritization-v0.1/ART_PRZV01_SET_011A39B150DEF9E56A43CBF9/partitions/pbe/prioritization_records.jsonl,LOCAL_CONTENT_ADDRESSED_STAGING_PENDING_DURABLE_REGISTRATION,113,645,29522,PRIORITIZATION_OUTPUT_SCHEMA_V0.1,TRANSPARENT_PRIORITIZATION_PROTOTYPE_V0.1,PRIORITIZATION_RULE_CATALOG_V0.1,PASS
pbf,ENSEMBL_SHA256_PREFIX_2_V0.1,ART_PRZV01_SET_011A39B150DEF9E56A43CBF9,ART_PRZV01_505C6D00F3C1CAE51D1A2FDB,CLASS_D_LARGE_DATA_OBJECT,TRANSPARENT_PRIORITIZATION_JSONL_PAYLOAD,402504,505c6d00f3c1cae51d1a2fdbf8ad61f20681e64cf5579d208ab49047869bf87c,TRANSPARENT_PRIORITIZATION_MATERIALIZER_V0.1,external+sha256://PENDING/luad-target-dossier/prioritization-v0.1/ART_PRZV01_SET_011A39B150DEF9E56A43CBF9/partitions/pbf/prioritization_records.jsonl,LOCAL_CONTENT_ADDRESSED_STAGING_PENDING_DURABLE_REGISTRATION,126,9,28692,PRIORITIZATION_OUTPUT_SCHEMA_V0.1,TRANSPARENT_PRIORITIZATION_PROTOTYPE_V0.1,PRIORITIZATION_RULE_CATALOG_V0.1,PASS
pc0,ENSEMBL_SHA256_PREFIX_2_V0.1,ART_PRZV01_SET_011A39B150DEF9E56A43CBF9,ART_PRZV01_1ACBECE578D59D29845CF643,CLASS_D_LARGE_DATA_OBJECT,TRANSPARENT_PRIORITIZATION_JSONL_PAYLOAD,351356,1acbece578d59d29845cf643d048bd3fcbe618f75228b54166de91161ec2c044,TRANSPARENT_PRIORITIZATION_MATERIALIZER_V0.1,external+sha256://PENDING/luad-target-dossier/prioritization-v0.1/ART_PRZV01_SET_011A39B150DEF9E56A43CBF9/partitions/pc0/prioritization_records.jsonl,LOCAL_CONTENT_ADDRESSED_STAGING_PENDING_DURABLE_REGISTRATION,110,577,29379,PRIORITIZATION_OUTPUT_SCHEMA_V0.1,TRANSPARENT_PRIORITIZATION_PROTOTYPE_V0.1,PRIORITIZATION_RULE_CATALOG_V0.1,PASS
pc1,ENSEMBL_SHA256_PREFIX_2_V0.1,ART_PRZV01_SET_011A39B150DEF9E56A43CBF9,ART_PRZV01_49D7CCA8886703FC8A9F66ED,CLASS_D_LARGE_DATA_OBJECT,TRANSPARENT_PRIORITIZATION_JSONL_PAYLOAD,338634,49d7cca8886703fc8a9f66edfea9422bdb3009c38f173a9e99d2c5d0a51e94a6,TRANSPARENT_PRIORITIZATION_MATERIALIZER_V0.1,external+sha256://PENDING/luad-target-dossier/prioritization-v0.1/ART_PRZV01_SET_011A39B150DEF9E56A43CBF9/partitions/pc1/prioritization_records.jsonl,LOCAL_CONTENT_ADDRESSED_STAGING_PENDING_DURABLE_REGISTRATION,106,148,29585,PRIORITIZATION_OUTPUT_SCHEMA_V0.1,TRANSPARENT_PRIORITIZATION_PROTOTYPE_V0.1,PRIORITIZATION_RULE_CATALOG_V0.1,PASS
pc2,ENSEMBL_SHA256_PREFIX_2_V0.1,ART_PRZV01_SET_011A39B150DEF9E56A43CBF9,ART_PRZV01_F90380D290DEE02ED49ED0E6,CLASS_D_LARGE_DATA_OBJECT,TRANSPARENT_PRIORITIZATION_JSONL_PAYLOAD,383508,f90380d290dee02ed49ed0e636ec4fcdfb749c48283cab0d96d1bf0c4b8b4700,TRANSPARENT_PRIORITIZATION_MATERIALIZER_V0.1,external+sha256://PENDING/luad-target-dossier/prioritization-v0.1/ART_PRZV01_SET_011A39B150DEF9E56A43CBF9/partitions/pc2/prioritization_records.jsonl,LOCAL_CONTENT_ADDRESSED_STAGING_PENDING_DURABLE_REGISTRATION,120,125,29573,PRIORITIZATION_OUTPUT_SCHEMA_V0.1,TRANSPARENT_PRIORITIZATION_PROTOTYPE_V0.1,PRIORITIZATION_RULE_CATALOG_V0.1,PASS
pc3,ENSEMBL_SHA256_PREFIX_2_V0.1,ART_PRZV01_SET_011A39B150DEF9E56A43CBF9,ART_PRZV01_F98ABCC4F024D03159171CD8,CLASS_D_LARGE_DATA_OBJECT,TRANSPARENT_PRIORITIZATION_JSONL_PAYLOAD,351576,f98abcc4f024d03159171cd85f7802f0e4c83649d8fae12ced78719199812cb1,TRANSPARENT_PRIORITIZATION_MATERIALIZER_V0.1,external+sha256://PENDING/luad-target-dossier/prioritization-v0.1/ART_PRZV01_SET_011A39B150DEF9E56A43CBF9/partitions/pc3/prioritization_records.jsonl,LOCAL_CONTENT_ADDRESSED_STAGING_PENDING_DURABLE_REGISTRATION,110,132,29600,PRIORITIZATION_OUTPUT_SCHEMA_V0.1,TRANSPARENT_PRIORITIZATION_PROTOTYPE_V0.1,PRIORITIZATION_RULE_CATALOG_V0.1,PASS
pc4,ENSEMBL_SHA256_PREFIX_2_V0.1,ART_PRZV01_SET_011A39B150DEF9E56A43CBF9,ART_PRZV01_BA37C20A602D22E86CFC1B82,CLASS_D_LARGE_DATA_OBJECT,TRANSPARENT_PRIORITIZATION_JSONL_PAYLOAD,310022,ba37c20a602d22e86cfc1b8279cae698722c480802b345328ae99757b61f0832,TRANSPARENT_PRIORITIZATION_MATERIALIZER_V0.1,external+sha256://PENDING/luad-target-dossier/prioritization-v0.1/ART_PRZV01_SET_011A39B150DEF9E56A43CBF9/partitions/pc4/prioritization_records.jsonl,LOCAL_CONTENT_ADDRESSED_STAGING_PENDING_DURABLE_REGISTRATION,97,704,29547,PRIORITIZATION_OUTPUT_SCHEMA_V0.1,TRANSPARENT_PRIORITIZATION_PROTOTYPE_V0.1,PRIORITIZATION_RULE_CATALOG_V0.1,PASS
pc5,ENSEMBL_SHA256_PREFIX_2_V0.1,ART_PRZV01_SET_011A39B150DEF9E56A43CBF9,ART_PRZV01_C47B5B240A76E5B71F558638,CLASS_D_LARGE_DATA_OBJECT,TRANSPARENT_PRIORITIZATION_JSONL_PAYLOAD,364190,c47b5b240a76e5b71f558638674474dd6432e6519d7cdda738ff2dc7b28eef55,TRANSPARENT_PRIORITIZATION_MATERIALIZER_V0.1,external+sha256://PENDING/luad-target-dossier/prioritization-v0.1/ART_PRZV01_SET_011A39B150DEF9E56A43CBF9/partitions/pc5/prioritization_records.jsonl,LOCAL_CONTENT_ADDRESSED_STAGING_PENDING_DURABLE_REGISTRATION,114,213,29605,PRIORITIZATION_OUTPUT_SCHEMA_V0.1,TRANSPARENT_PRIORITIZATION_PROTOTYPE_V0.1,PRIORITIZATION_RULE_CATALOG_V0.1,PASS
pc6,ENSEMBL_SHA256_PREFIX_2_V0.1,ART_PRZV01_SET_011A39B150DEF9E56A43CBF9,ART_PRZV01_35ED73F44993D5970C824F2A,CLASS_D_LARGE_DATA_OBJECT,TRANSPARENT_PRIORITIZATION_JSONL_PAYLOAD,408995,35ed73f44993d5970c824f2a7a7f0d01f59478f6a6a8d009bae9b5aa8a07f5aa,TRANSPARENT_PRIORITIZATION_MATERIALIZER_V0.1,external+sha256://PENDING/luad-target-dossier/prioritization-v0.1/ART_PRZV01_SET_011A39B150DEF9E56A43CBF9/partitions/pc6/prioritization_records.jsonl,LOCAL_CONTENT_ADDRESSED_STAGING_PENDING_DURABLE_REGISTRATION,128,207,29518,PRIORITIZATION_OUTPUT_SCHEMA_V0.1,TRANSPARENT_PRIORITIZATION_PROTOTYPE_V0.1,PRIORITIZATION_RULE_CATALOG_V0.1,PASS
pc7,ENSEMBL_SHA256_PREFIX_2_V0.1,ART_PRZV01_SET_011A39B150DEF9E56A43CBF9,ART_PRZV01_FB896887CC8824424C2B906B,CLASS_D_LARGE_DATA_OBJECT,TRANSPARENT_PRIORITIZATION_JSONL_PAYLOAD,396115,fb896887cc8824424c2b906b2aae74a118ab82611ba28ad309518d996ed9e928,TRANSPARENT_PRIORITIZATION_MATERIALIZER_V0.1,external+sha256://PENDING/luad-target-dossier/prioritization-v0.1/ART_PRZV01_SET_011A39B150DEF9E56A43CBF9/partitions/pc7/prioritization_records.jsonl,LOCAL_CONTENT_ADDRESSED_STAGING_PENDING_DURABLE_REGISTRATION,124,782,29336,PRIORITIZATION_OUTPUT_SCHEMA_V0.1,TRANSPARENT_PRIORITIZATION_PROTOTYPE_V0.1,PRIORITIZATION_RULE_CATALOG_V0.1,PASS
pc8,ENSEMBL_SHA256_PREFIX_2_V0.1,ART_PRZV01_SET_011A39B150DEF9E56A43CBF9,ART_PRZV01_FD27FFB0EE391C44537B3F79,CLASS_D_LARGE_DATA_OBJECT,TRANSPARENT_PRIORITIZATION_JSONL_PAYLOAD,386548,fd27ffb0ee391c44537b3f792b8e66ef4a1445b0891b73e421febbbbecd0a187,TRANSPARENT_PRIORITIZATION_MATERIALIZER_V0.1,external+sha256://PENDING/luad-target-dossier/prioritization-v0.1/ART_PRZV01_SET_011A39B150DEF9E56A43CBF9/partitions/pc8/prioritization_records.jsonl,LOCAL_CONTENT_ADDRESSED_STAGING_PENDING_DURABLE_REGISTRATION,121,6,29529,PRIORITIZATION_OUTPUT_SCHEMA_V0.1,TRANSPARENT_PRIORITIZATION_PROTOTYPE_V0.1,PRIORITIZATION_RULE_CATALOG_V0.1,PASS
pc9,ENSEMBL_SHA256_PREFIX_2_V0.1,ART_PRZV01_SET_011A39B150DEF9E56A43CBF9,ART_PRZV01_45B0D16D5935401674BB9327,CLASS_D_LARGE_DATA_OBJECT,TRANSPARENT_PRIORITIZATION_JSONL_PAYLOAD,325868,45b0d16d5935401674bb93275f69ab5630b0ec33ff6216ccfc24ff1419c6846b,TRANSPARENT_PRIORITIZATION_MATERIALIZER_V0.1,external+sha256://PENDING/luad-target-dossier/prioritization-v0.1/ART_PRZV01_SET_011A39B150DEF9E56A43CBF9/partitions/pc9/prioritization_records.jsonl,LOCAL_CONTENT_ADDRESSED_STAGING_PENDING_DURABLE_REGISTRATION,102,317,29472,PRIORITIZATION_OUTPUT_SCHEMA_V0.1,TRANSPARENT_PRIORITIZATION_PROTOTYPE_V0.1,PRIORITIZATION_RULE_CATALOG_V0.1,PASS
pca,ENSEMBL_SHA256_PREFIX_2_V0.1,ART_PRZV01_SET_011A39B150DEF9E56A43CBF9,ART_PRZV01_1348AC71EBC18544F669B56D,CLASS_D_LARGE_DATA_OBJECT,TRANSPARENT_PRIORITIZATION_JSONL_PAYLOAD,313202,1348ac71ebc18544f669b56ddaccfdb76f6f245e00059d8957049f3817285909,TRANSPARENT_PRIORITIZATION_MATERIALIZER_V0.1,external+sha256://PENDING/luad-target-dossier/prioritization-v0.1/ART_PRZV01_SET_011A39B150DEF9E56A43CBF9/partitions/pca/prioritization_records.jsonl,LOCAL_CONTENT_ADDRESSED_STAGING_PENDING_DURABLE_REGISTRATION,98,360,29277,PRIORITIZATION_OUTPUT_SCHEMA_V0.1,TRANSPARENT_PRIORITIZATION_PROTOTYPE_V0.1,PRIORITIZATION_RULE_CATALOG_V0.1,PASS
pcb,ENSEMBL_SHA256_PREFIX_2_V0.1,ART_PRZV01_SET_011A39B150DEF9E56A43CBF9,ART_PRZV01_0EE8B2278EBD3A3CCFFEBD1C,CLASS_D_LARGE_DATA_OBJECT,TRANSPARENT_PRIORITIZATION_JSONL_PAYLOAD,396166,0ee8b2278ebd3a3ccffebd1cc355016d865eae5846849051c7829fb2a1168590,TRANSPARENT_PRIORITIZATION_MATERIALIZER_V0.1,external+sha256://PENDING/luad-target-dossier/prioritization-v0.1/ART_PRZV01_SET_011A39B150DEF9E56A43CBF9/partitions/pcb/prioritization_records.jsonl,LOCAL_CONTENT_ADDRESSED_STAGING_PENDING_DURABLE_REGISTRATION,124,215,29146,PRIORITIZATION_OUTPUT_SCHEMA_V0.1,TRANSPARENT_PRIORITIZATION_PROTOTYPE_V0.1,PRIORITIZATION_RULE_CATALOG_V0.1,PASS
pcc,ENSEMBL_SHA256_PREFIX_2_V0.1,ART_PRZV01_SET_011A39B150DEF9E56A43CBF9,ART_PRZV01_0F3BB95CF7D17537BAA98882,CLASS_D_LARGE_DATA_OBJECT,TRANSPARENT_PRIORITIZATION_JSONL_PAYLOAD,351414,0f3bb95cf7d17537baa98882b5a7a0b17e07c0c2724a946504077871a2f971e7,TRANSPARENT_PRIORITIZATION_MATERIALIZER_V0.1,external+sha256://PENDING/luad-target-dossier/prioritization-v0.1/ART_PRZV01_SET_011A39B150DEF9E56A43CBF9/partitions/pcc/prioritization_records.jsonl,LOCAL_CONTENT_ADDRESSED_STAGING_PENDING_DURABLE_REGISTRATION,110,783,29270,PRIORITIZATION_OUTPUT_SCHEMA_V0.1,TRANSPARENT_PRIORITIZATION_PROTOTYPE_V0.1,PRIORITIZATION_RULE_CATALOG_V0.1,PASS
pcd,ENSEMBL_SHA256_PREFIX_2_V0.1,ART_PRZV01_SET_011A39B150DEF9E56A43CBF9,ART_PRZV01_9A31A9C83053537F1DA9E0CE,CLASS_D_LARGE_DATA_OBJECT,TRANSPARENT_PRIORITIZATION_JSONL_PAYLOAD,377041,9a31a9c83053537f1da9e0ceecfa6e115c208bff56b3489446f57456890dbf4d,TRANSPARENT_PRIORITIZATION_MATERIALIZER_V0.1,external+sha256://PENDING/luad-target-dossier/prioritization-v0.1/ART_PRZV01_SET_011A39B150DEF9E56A43CBF9/partitions/pcd/prioritization_records.jsonl,LOCAL_CONTENT_ADDRESSED_STAGING_PENDING_DURABLE_REGISTRATION,118,422,29501,PRIORITIZATION_OUTPUT_SCHEMA_V0.1,TRANSPARENT_PRIORITIZATION_PROTOTYPE_V0.1,PRIORITIZATION_RULE_CATALOG_V0.1,PASS
pce,ENSEMBL_SHA256_PREFIX_2_V0.1,ART_PRZV01_SET_011A39B150DEF9E56A43CBF9,ART_PRZV01_842886AB2888ECB01ED2430A,CLASS_D_LARGE_DATA_OBJECT,TRANSPARENT_PRIORITIZATION_JSONL_PAYLOAD,383390,842886ab2888ecb01ed2430ab24ce69747045dae5f0f481d2e616bf8fab71999,TRANSPARENT_PRIORITIZATION_MATERIALIZER_V0.1,external+sha256://PENDING/luad-target-dossier/prioritization-v0.1/ART_PRZV01_SET_011A39B150DEF9E56A43CBF9/partitions/pce/prioritization_records.jsonl,LOCAL_CONTENT_ADDRESSED_STAGING_PENDING_DURABLE_REGISTRATION,120,52,29464,PRIORITIZATION_OUTPUT_SCHEMA_V0.1,TRANSPARENT_PRIORITIZATION_PROTOTYPE_V0.1,PRIORITIZATION_RULE_CATALOG_V0.1,PASS
pcf,ENSEMBL_SHA256_PREFIX_2_V0.1,ART_PRZV01_SET_011A39B150DEF9E56A43CBF9,ART_PRZV01_EC0AA0395D488F669270976E,CLASS_D_LARGE_DATA_OBJECT,TRANSPARENT_PRIORITIZATION_JSONL_PAYLOAD,348217,ec0aa0395d488f669270976e25cdf03e1d8fc46f159b61238192b903ca1a6542,TRANSPARENT_PRIORITIZATION_MATERIALIZER_V0.1,external+sha256://PENDING/luad-target-dossier/prioritization-v0.1/ART_PRZV01_SET_011A39B150DEF9E56A43CBF9/partitions/pcf/prioritization_records.jsonl,LOCAL_CONTENT_ADDRESSED_STAGING_PENDING_DURABLE_REGISTRATION,109,216,29453,PRIORITIZATION_OUTPUT_SCHEMA_V0.1,TRANSPARENT_PRIORITIZATION_PROTOTYPE_V0.1,PRIORITIZATION_RULE_CATALOG_V0.1,PASS
pd0,ENSEMBL_SHA256_PREFIX_2_V0.1,ART_PRZV01_SET_011A39B150DEF9E56A43CBF9,ART_PRZV01_5BA4E4304CAD4C514756B121,CLASS_D_LARGE_DATA_OBJECT,TRANSPARENT_PRIORITIZATION_JSONL_PAYLOAD,399457,5ba4e4304cad4c514756b121549900073339b9138e0fba2fce98797ae6cd7280,TRANSPARENT_PRIORITIZATION_MATERIALIZER_V0.1,external+sha256://PENDING/luad-target-dossier/prioritization-v0.1/ART_PRZV01_SET_011A39B150DEF9E56A43CBF9/partitions/pd0/prioritization_records.jsonl,LOCAL_CONTENT_ADDRESSED_STAGING_PENDING_DURABLE_REGISTRATION,125,745,29376,PRIORITIZATION_OUTPUT_SCHEMA_V0.1,TRANSPARENT_PRIORITIZATION_PROTOTYPE_V0.1,PRIORITIZATION_RULE_CATALOG_V0.1,PASS
pd1,ENSEMBL_SHA256_PREFIX_2_V0.1,ART_PRZV01_SET_011A39B150DEF9E56A43CBF9,ART_PRZV01_D6C744813F3B21B893ADE4D1,CLASS_D_LARGE_DATA_OBJECT,TRANSPARENT_PRIORITIZATION_JSONL_PAYLOAD,354689,d6c744813f3b21b893ade4d180b9eebea80e922b12fa78d8b125ea5446ea2f70,TRANSPARENT_PRIORITIZATION_MATERIALIZER_V0.1,external+sha256://PENDING/luad-target-dossier/prioritization-v0.1/ART_PRZV01_SET_011A39B150DEF9E56A43CBF9/partitions/pd1/prioritization_records.jsonl,LOCAL_CONTENT_ADDRESSED_STAGING_PENDING_DURABLE_REGISTRATION,111,316,29312,PRIORITIZATION_OUTPUT_SCHEMA_V0.1,TRANSPARENT_PRIORITIZATION_PROTOTYPE_V0.1,PRIORITIZATION_RULE_CATALOG_V0.1,PASS
pd2,ENSEMBL_SHA256_PREFIX_2_V0.1,ART_PRZV01_SET_011A39B150DEF9E56A43CBF9,ART_PRZV01_C4107CB260FA06036877CDF2,CLASS_D_LARGE_DATA_OBJECT,TRANSPARENT_PRIORITIZATION_JSONL_PAYLOAD,386561,c4107cb260fa06036877cdf2f5ec6d85a54a997a7ecbd4b31d1b76b789019f25,TRANSPARENT_PRIORITIZATION_MATERIALIZER_V0.1,external+sha256://PENDING/luad-target-dossier/prioritization-v0.1/ART_PRZV01_SET_011A39B150DEF9E56A43CBF9/partitions/pd2/prioritization_records.jsonl,LOCAL_CONTENT_ADDRESSED_STAGING_PENDING_DURABLE_REGISTRATION,121,291,29304,PRIORITIZATION_OUTPUT_SCHEMA_V0.1,TRANSPARENT_PRIORITIZATION_PROTOTYPE_V0.1,PRIORITIZATION_RULE_CATALOG_V0.1,PASS
pd3,ENSEMBL_SHA256_PREFIX_2_V0.1,ART_PRZV01_SET_011A39B150DEF9E56A43CBF9,ART_PRZV01_92E8EE4D07E1CF0D1F8B3BB4,CLASS_D_LARGE_DATA_OBJECT,TRANSPARENT_PRIORITIZATION_JSONL_PAYLOAD,383451,92e8ee4d07e1cf0d1f8b3bb4dd8973293618fdf3ca93bf417df3288204650b16,TRANSPARENT_PRIORITIZATION_MATERIALIZER_V0.1,external+sha256://PENDING/luad-target-dossier/prioritization-v0.1/ART_PRZV01_SET_011A39B150DEF9E56A43CBF9/partitions/pd3/prioritization_records.jsonl,LOCAL_CONTENT_ADDRESSED_STAGING_PENDING_DURABLE_REGISTRATION,120,11,29488,PRIORITIZATION_OUTPUT_SCHEMA_V0.1,TRANSPARENT_PRIORITIZATION_PROTOTYPE_V0.1,PRIORITIZATION_RULE_CATALOG_V0.1,PASS
pd4,ENSEMBL_SHA256_PREFIX_2_V0.1,ART_PRZV01_SET_011A39B150DEF9E56A43CBF9,ART_PRZV01_181A893E32EC91854BCB05DD,CLASS_D_LARGE_DATA_OBJECT,TRANSPARENT_PRIORITIZATION_JSONL_PAYLOAD,345021,181a893e32ec91854bcb05dd639f8070f47ad011d7f04f667641f167b52cff85,TRANSPARENT_PRIORITIZATION_MATERIALIZER_V0.1,external+sha256://PENDING/luad-target-dossier/prioritization-v0.1/ART_PRZV01_SET_011A39B150DEF9E56A43CBF9/partitions/pd4/prioritization_records.jsonl,LOCAL_CONTENT_ADDRESSED_STAGING_PENDING_DURABLE_REGISTRATION,108,205,29556,PRIORITIZATION_OUTPUT_SCHEMA_V0.1,TRANSPARENT_PRIORITIZATION_PROTOTYPE_V0.1,PRIORITIZATION_RULE_CATALOG_V0.1,PASS
pd5,ENSEMBL_SHA256_PREFIX_2_V0.1,ART_PRZV01_SET_011A39B150DEF9E56A43CBF9,ART_PRZV01_1731057619F2B01511930B7B,CLASS_D_LARGE_DATA_OBJECT,TRANSPARENT_PRIORITIZATION_JSONL_PAYLOAD,319443,1731057619f2b01511930b7b27d3cb15ccf36cbce61339375fca6d9ee1099806,TRANSPARENT_PRIORITIZATION_MATERIALIZER_V0.1,external+sha256://PENDING/luad-target-dossier/prioritization-v0.1/ART_PRZV01_SET_011A39B150DEF9E56A43CBF9/partitions/pd5/prioritization_records.jsonl,LOCAL_CONTENT_ADDRESSED_STAGING_PENDING_DURABLE_REGISTRATION,100,8,29052,PRIORITIZATION_OUTPUT_SCHEMA_V0.1,TRANSPARENT_PRIORITIZATION_PROTOTYPE_V0.1,PRIORITIZATION_RULE_CATALOG_V0.1,PASS
pd6,ENSEMBL_SHA256_PREFIX_2_V0.1,ART_PRZV01_SET_011A39B150DEF9E56A43CBF9,ART_PRZV01_0FCDC1004908027327619CE1,CLASS_D_LARGE_DATA_OBJECT,TRANSPARENT_PRIORITIZATION_JSONL_PAYLOAD,396292,0fcdc1004908027327619ce17d0151625601558c53c921e139e88e16748bf634,TRANSPARENT_PRIORITIZATION_MATERIALIZER_V0.1,external+sha256://PENDING/luad-target-dossier/prioritization-v0.1/ART_PRZV01_SET_011A39B150DEF9E56A43CBF9/partitions/pd6/prioritization_records.jsonl,LOCAL_CONTENT_ADDRESSED_STAGING_PENDING_DURABLE_REGISTRATION,124,312,29551,PRIORITIZATION_OUTPUT_SCHEMA_V0.1,TRANSPARENT_PRIORITIZATION_PROTOTYPE_V0.1,PRIORITIZATION_RULE_CATALOG_V0.1,PASS
pd7,ENSEMBL_SHA256_PREFIX_2_V0.1,ART_PRZV01_SET_011A39B150DEF9E56A43CBF9,ART_PRZV01_5BED1DF10D2E111B78D08212,CLASS_D_LARGE_DATA_OBJECT,TRANSPARENT_PRIORITIZATION_JSONL_PAYLOAD,386547,5bed1df10d2e111b78d08212b4e8975e72dcbb420ed398f5cf18c0972f6421ab,TRANSPARENT_PRIORITIZATION_MATERIALIZER_V0.1,external+sha256://PENDING/luad-target-dossier/prioritization-v0.1/ART_PRZV01_SET_011A39B150DEF9E56A43CBF9/partitions/pd7/prioritization_records.jsonl,LOCAL_CONTENT_ADDRESSED_STAGING_PENDING_DURABLE_REGISTRATION,121,3,28624,PRIORITIZATION_OUTPUT_SCHEMA_V0.1,TRANSPARENT_PRIORITIZATION_PROTOTYPE_V0.1,PRIORITIZATION_RULE_CATALOG_V0.1,PASS
pd8,ENSEMBL_SHA256_PREFIX_2_V0.1,ART_PRZV01_SET_011A39B150DEF9E56A43CBF9,ART_PRZV01_8CB0E086C046361C3AD24CDA,CLASS_D_LARGE_DATA_OBJECT,TRANSPARENT_PRIORITIZATION_JSONL_PAYLOAD,376972,8cb0e086c046361c3ad24cda9bbae32a5a6990b6d475c704f654adb84f8538d4,TRANSPARENT_PRIORITIZATION_MATERIALIZER_V0.1,external+sha256://PENDING/luad-target-dossier/prioritization-v0.1/ART_PRZV01_SET_011A39B150DEF9E56A43CBF9/partitions/pd8/prioritization_records.jsonl,LOCAL_CONTENT_ADDRESSED_STAGING_PENDING_DURABLE_REGISTRATION,118,138,29062,PRIORITIZATION_OUTPUT_SCHEMA_V0.1,TRANSPARENT_PRIORITIZATION_PROTOTYPE_V0.1,PRIORITIZATION_RULE_CATALOG_V0.1,PASS
pd9,ENSEMBL_SHA256_PREFIX_2_V0.1,ART_PRZV01_SET_011A39B150DEF9E56A43CBF9,ART_PRZV01_FE01C5AE396730A25C8040CB,CLASS_D_LARGE_DATA_OBJECT,TRANSPARENT_PRIORITIZATION_JSONL_PAYLOAD,377053,fe01c5ae396730a25c8040cb20d71b64e467c723050cf9c9b6af8baf51c06266,TRANSPARENT_PRIORITIZATION_MATERIALIZER_V0.1,external+sha256://PENDING/luad-target-dossier/prioritization-v0.1/ART_PRZV01_SET_011A39B150DEF9E56A43CBF9/partitions/pd9/prioritization_records.jsonl,LOCAL_CONTENT_ADDRESSED_STAGING_PENDING_DURABLE_REGISTRATION,118,75,29460,PRIORITIZATION_OUTPUT_SCHEMA_V0.1,TRANSPARENT_PRIORITIZATION_PROTOTYPE_V0.1,PRIORITIZATION_RULE_CATALOG_V0.1,PASS
pda,ENSEMBL_SHA256_PREFIX_2_V0.1,ART_PRZV01_SET_011A39B150DEF9E56A43CBF9,ART_PRZV01_04D6D469C4BD9772A830D235,CLASS_D_LARGE_DATA_OBJECT,TRANSPARENT_PRIORITIZATION_JSONL_PAYLOAD,348303,04d6d469c4bd9772a830d2357f7d88f15484493e7bf035c5a5941568b8830dbc,TRANSPARENT_PRIORITIZATION_MATERIALIZER_V0.1,external+sha256://PENDING/luad-target-dossier/prioritization-v0.1/ART_PRZV01_SET_011A39B150DEF9E56A43CBF9/partitions/pda/prioritization_records.jsonl,LOCAL_CONTENT_ADDRESSED_STAGING_PENDING_DURABLE_REGISTRATION,109,2,28936,PRIORITIZATION_OUTPUT_SCHEMA_V0.1,TRANSPARENT_PRIORITIZATION_PROTOTYPE_V0.1,PRIORITIZATION_RULE_CATALOG_V0.1,PASS
pdb,ENSEMBL_SHA256_PREFIX_2_V0.1,ART_PRZV01_SET_011A39B150DEF9E56A43CBF9,ART_PRZV01_F1835E508F1CE66C81E70C42,CLASS_D_LARGE_DATA_OBJECT,TRANSPARENT_PRIORITIZATION_JSONL_PAYLOAD,415413,f1835e508f1ce66c81e70c42ef19ccd22d01023b78de57b3e234f3469fc480cf,TRANSPARENT_PRIORITIZATION_MATERIALIZER_V0.1,external+sha256://PENDING/luad-target-dossier/prioritization-v0.1/ART_PRZV01_SET_011A39B150DEF9E56A43CBF9/partitions/pdb/prioritization_records.jsonl,LOCAL_CONTENT_ADDRESSED_STAGING_PENDING_DURABLE_REGISTRATION,130,186,29354,PRIORITIZATION_OUTPUT_SCHEMA_V0.1,TRANSPARENT_PRIORITIZATION_PROTOTYPE_V0.1,PRIORITIZATION_RULE_CATALOG_V0.1,PASS
pdc,ENSEMBL_SHA256_PREFIX_2_V0.1,ART_PRZV01_SET_011A39B150DEF9E56A43CBF9,ART_PRZV01_27183589ABF97BF2D3BF3EB0,CLASS_D_LARGE_DATA_OBJECT,TRANSPARENT_PRIORITIZATION_JSONL_PAYLOAD,354679,27183589abf97bf2d3bf3eb0d8a6f5646a61cd9138962bb0534b556793d09665,TRANSPARENT_PRIORITIZATION_MATERIALIZER_V0.1,external+sha256://PENDING/luad-target-dossier/prioritization-v0.1/ART_PRZV01_SET_011A39B150DEF9E56A43CBF9/partitions/pdc/prioritization_records.jsonl,LOCAL_CONTENT_ADDRESSED_STAGING_PENDING_DURABLE_REGISTRATION,111,4,29463,PRIORITIZATION_OUTPUT_SCHEMA_V0.1,TRANSPARENT_PRIORITIZATION_PROTOTYPE_V0.1,PRIORITIZATION_RULE_CATALOG_V0.1,PASS
pdd,ENSEMBL_SHA256_PREFIX_2_V0.1,ART_PRZV01_SET_011A39B150DEF9E56A43CBF9,ART_PRZV01_2895D38591447009F8BF58EA,CLASS_D_LARGE_DATA_OBJECT,TRANSPARENT_PRIORITIZATION_JSONL_PAYLOAD,357785,2895d38591447009f8bf58ea5ab1582766f13b8820a0b069d5ae167a9252b528,TRANSPARENT_PRIORITIZATION_MATERIALIZER_V0.1,external+sha256://PENDING/luad-target-dossier/prioritization-v0.1/ART_PRZV01_SET_011A39B150DEF9E56A43CBF9/partitions/pdd/prioritization_records.jsonl,LOCAL_CONTENT_ADDRESSED_STAGING_PENDING_DURABLE_REGISTRATION,112,24,29218,PRIORITIZATION_OUTPUT_SCHEMA_V0.1,TRANSPARENT_PRIORITIZATION_PROTOTYPE_V0.1,PRIORITIZATION_RULE_CATALOG_V0.1,PASS
pde,ENSEMBL_SHA256_PREFIX_2_V0.1,ART_PRZV01_SET_011A39B150DEF9E56A43CBF9,ART_PRZV01_C870060A153515ACCD48C6E3,CLASS_D_LARGE_DATA_OBJECT,TRANSPARENT_PRIORITIZATION_JSONL_PAYLOAD,360993,c870060a153515accd48c6e3793c5d6e9f669377a2d4383ed779c6a6ca4424d7,TRANSPARENT_PRIORITIZATION_MATERIALIZER_V0.1,external+sha256://PENDING/luad-target-dossier/prioritization-v0.1/ART_PRZV01_SET_011A39B150DEF9E56A43CBF9/partitions/pde/prioritization_records.jsonl,LOCAL_CONTENT_ADDRESSED_STAGING_PENDING_DURABLE_REGISTRATION,113,247,29526,PRIORITIZATION_OUTPUT_SCHEMA_V0.1,TRANSPARENT_PRIORITIZATION_PROTOTYPE_V0.1,PRIORITIZATION_RULE_CATALOG_V0.1,PASS
pdf,ENSEMBL_SHA256_PREFIX_2_V0.1,ART_PRZV01_SET_011A39B150DEF9E56A43CBF9,ART_PRZV01_6DDD6B7A5C3CF37F59DEF35E,CLASS_D_LARGE_DATA_OBJECT,TRANSPARENT_PRIORITIZATION_JSONL_PAYLOAD,386504,6ddd6b7a5c3cf37f59def35e8eab36b3ed0f5115643d1d53fb792f594c087e13,TRANSPARENT_PRIORITIZATION_MATERIALIZER_V0.1,external+sha256://PENDING/luad-target-dossier/prioritization-v0.1/ART_PRZV01_SET_011A39B150DEF9E56A43CBF9/partitions/pdf/prioritization_records.jsonl,LOCAL_CONTENT_ADDRESSED_STAGING_PENDING_DURABLE_REGISTRATION,121,575,29580,PRIORITIZATION_OUTPUT_SCHEMA_V0.1,TRANSPARENT_PRIORITIZATION_PROTOTYPE_V0.1,PRIORITIZATION_RULE_CATALOG_V0.1,PASS
pe0,ENSEMBL_SHA256_PREFIX_2_V0.1,ART_PRZV01_SET_011A39B150DEF9E56A43CBF9,ART_PRZV01_B52F51BC747EA06278841A42,CLASS_D_LARGE_DATA_OBJECT,TRANSPARENT_PRIORITIZATION_JSONL_PAYLOAD,338615,b52f51bc747ea06278841a422cbaaefcde295a8a73adffe9af99cb2788d3074c,TRANSPARENT_PRIORITIZATION_MATERIALIZER_V0.1,external+sha256://PENDING/luad-target-dossier/prioritization-v0.1/ART_PRZV01_SET_011A39B150DEF9E56A43CBF9/partitions/pe0/prioritization_records.jsonl,LOCAL_CONTENT_ADDRESSED_STAGING_PENDING_DURABLE_REGISTRATION,106,22,29557,PRIORITIZATION_OUTPUT_SCHEMA_V0.1,TRANSPARENT_PRIORITIZATION_PROTOTYPE_V0.1,PRIORITIZATION_RULE_CATALOG_V0.1,PASS
pe1,ENSEMBL_SHA256_PREFIX_2_V0.1,ART_PRZV01_SET_011A39B150DEF9E56A43CBF9,ART_PRZV01_3812DE6CD45357D99FA61A68,CLASS_D_LARGE_DATA_OBJECT,TRANSPARENT_PRIORITIZATION_JSONL_PAYLOAD,322670,3812de6cd45357d99fa61a68080cd26270f7c62d631e7c82a03b17bef6af7fd2,TRANSPARENT_PRIORITIZATION_MATERIALIZER_V0.1,external+sha256://PENDING/luad-target-dossier/prioritization-v0.1/ART_PRZV01_SET_011A39B150DEF9E56A43CBF9/partitions/pe1/prioritization_records.jsonl,LOCAL_CONTENT_ADDRESSED_STAGING_PENDING_DURABLE_REGISTRATION,101,36,29520,PRIORITIZATION_OUTPUT_SCHEMA_V0.1,TRANSPARENT_PRIORITIZATION_PROTOTYPE_V0.1,PRIORITIZATION_RULE_CATALOG_V0.1,PASS
pe2,ENSEMBL_SHA256_PREFIX_2_V0.1,ART_PRZV01_SET_011A39B150DEF9E56A43CBF9,ART_PRZV01_EF79783090DF62EA5390F263,CLASS_D_LARGE_DATA_OBJECT,TRANSPARENT_PRIORITIZATION_JSONL_PAYLOAD,380175,ef79783090df62ea5390f2635b73f3abc3980f60cf9d23a651ef0ec79e73da91,TRANSPARENT_PRIORITIZATION_MATERIALIZER_V0.1,external+sha256://PENDING/luad-target-dossier/prioritization-v0.1/ART_PRZV01_SET_011A39B150DEF9E56A43CBF9/partitions/pe2/prioritization_records.jsonl,LOCAL_CONTENT_ADDRESSED_STAGING_PENDING_DURABLE_REGISTRATION,119,10,29575,PRIORITIZATION_OUTPUT_SCHEMA_V0.1,TRANSPARENT_PRIORITIZATION_PROTOTYPE_V0.1,PRIORITIZATION_RULE_CATALOG_V0.1,PASS
pe3,ENSEMBL_SHA256_PREFIX_2_V0.1,ART_PRZV01_SET_011A39B150DEF9E56A43CBF9,ART_PRZV01_5E08CDB7C2B6A2A4C39D880C,CLASS_D_LARGE_DATA_OBJECT,TRANSPARENT_PRIORITIZATION_JSONL_PAYLOAD,364122,5e08cdb7c2b6a2a4c39d880c080c3acbf3467cddfbe79aa46d7a56bf626ee148,TRANSPARENT_PRIORITIZATION_MATERIALIZER_V0.1,external+sha256://PENDING/luad-target-dossier/prioritization-v0.1/ART_PRZV01_SET_011A39B150DEF9E56A43CBF9/partitions/pe3/prioritization_records.jsonl,LOCAL_CONTENT_ADDRESSED_STAGING_PENDING_DURABLE_REGISTRATION,114,26,29449,PRIORITIZATION_OUTPUT_SCHEMA_V0.1,TRANSPARENT_PRIORITIZATION_PROTOTYPE_V0.1,PRIORITIZATION_RULE_CATALOG_V0.1,PASS
pe4,ENSEMBL_SHA256_PREFIX_2_V0.1,ART_PRZV01_SET_011A39B150DEF9E56A43CBF9,ART_PRZV01_51CE110426656E13460C2206,CLASS_D_LARGE_DATA_OBJECT,TRANSPARENT_PRIORITIZATION_JSONL_PAYLOAD,367444,51ce110426656e13460c22066101e4181f1345c76990a45855826ab045552ebc,TRANSPARENT_PRIORITIZATION_MATERIALIZER_V0.1,external+sha256://PENDING/luad-target-dossier/prioritization-v0.1/ART_PRZV01_SET_011A39B150DEF9E56A43CBF9/partitions/pe4/prioritization_records.jsonl,LOCAL_CONTENT_ADDRESSED_STAGING_PENDING_DURABLE_REGISTRATION,115,151,29423,PRIORITIZATION_OUTPUT_SCHEMA_V0.1,TRANSPARENT_PRIORITIZATION_PROTOTYPE_V0.1,PRIORITIZATION_RULE_CATALOG_V0.1,PASS
pe5,ENSEMBL_SHA256_PREFIX_2_V0.1,ART_PRZV01_SET_011A39B150DEF9E56A43CBF9,ART_PRZV01_06232A4EDAC381D2C343FA68,CLASS_D_LARGE_DATA_OBJECT,TRANSPARENT_PRIORITIZATION_JSONL_PAYLOAD,364127,06232a4edac381d2c343fa684680d660927375e7bffdf12db9f413bbd1a913fc,TRANSPARENT_PRIORITIZATION_MATERIALIZER_V0.1,external+sha256://PENDING/luad-target-dossier/prioritization-v0.1/ART_PRZV01_SET_011A39B150DEF9E56A43CBF9/partitions/pe5/prioritization_records.jsonl,LOCAL_CONTENT_ADDRESSED_STAGING_PENDING_DURABLE_REGISTRATION,114,305,29060,PRIORITIZATION_OUTPUT_SCHEMA_V0.1,TRANSPARENT_PRIORITIZATION_PROTOTYPE_V0.1,PRIORITIZATION_RULE_CATALOG_V0.1,PASS
pe6,ENSEMBL_SHA256_PREFIX_2_V0.1,ART_PRZV01_SET_011A39B150DEF9E56A43CBF9,ART_PRZV01_47FBAD6B80005A52C49EB9A5,CLASS_D_LARGE_DATA_OBJECT,TRANSPARENT_PRIORITIZATION_JSONL_PAYLOAD,389840,47fbad6b80005a52c49eb9a590e6ddaaa151947bc571c4d8adea14d88218881a,TRANSPARENT_PRIORITIZATION_MATERIALIZER_V0.1,external+sha256://PENDING/luad-target-dossier/prioritization-v0.1/ART_PRZV01_SET_011A39B150DEF9E56A43CBF9/partitions/pe6/prioritization_records.jsonl,LOCAL_CONTENT_ADDRESSED_STAGING_PENDING_DURABLE_REGISTRATION,122,64,29593,PRIORITIZATION_OUTPUT_SCHEMA_V0.1,TRANSPARENT_PRIORITIZATION_PROTOTYPE_V0.1,PRIORITIZATION_RULE_CATALOG_V0.1,PASS
pe7,ENSEMBL_SHA256_PREFIX_2_V0.1,ART_PRZV01_SET_011A39B150DEF9E56A43CBF9,ART_PRZV01_6029EE4F3984A23B79EF5A75,CLASS_D_LARGE_DATA_OBJECT,TRANSPARENT_PRIORITIZATION_JSONL_PAYLOAD,370520,6029ee4f3984a23b79ef5a75d43ce13c8e563461d6fb1db8935832b31a820c9e,TRANSPARENT_PRIORITIZATION_MATERIALIZER_V0.1,external+sha256://PENDING/luad-target-dossier/prioritization-v0.1/ART_PRZV01_SET_011A39B150DEF9E56A43CBF9/partitions/pe7/prioritization_records.jsonl,LOCAL_CONTENT_ADDRESSED_STAGING_PENDING_DURABLE_REGISTRATION,116,506,29064,PRIORITIZATION_OUTPUT_SCHEMA_V0.1,TRANSPARENT_PRIORITIZATION_PROTOTYPE_V0.1,PRIORITIZATION_RULE_CATALOG_V0.1,PASS
pe8,ENSEMBL_SHA256_PREFIX_2_V0.1,ART_PRZV01_SET_011A39B150DEF9E56A43CBF9,ART_PRZV01_54CA38E685E0A0F682EA2EF8,CLASS_D_LARGE_DATA_OBJECT,TRANSPARENT_PRIORITIZATION_JSONL_PAYLOAD,357663,54ca38e685e0a0f682ea2ef83eb82e0194539a07a7e7fbfa38a98819c96e0981,TRANSPARENT_PRIORITIZATION_MATERIALIZER_V0.1,external+sha256://PENDING/luad-target-dossier/prioritization-v0.1/ART_PRZV01_SET_011A39B150DEF9E56A43CBF9/partitions/pe8/prioritization_records.jsonl,LOCAL_CONTENT_ADDRESSED_STAGING_PENDING_DURABLE_REGISTRATION,112,402,28732,PRIORITIZATION_OUTPUT_SCHEMA_V0.1,TRANSPARENT_PRIORITIZATION_PROTOTYPE_V0.1,PRIORITIZATION_RULE_CATALOG_V0.1,PASS
pe9,ENSEMBL_SHA256_PREFIX_2_V0.1,ART_PRZV01_SET_011A39B150DEF9E56A43CBF9,ART_PRZV01_8F2AF15A2EFEED4FA35F6B09,CLASS_D_LARGE_DATA_OBJECT,TRANSPARENT_PRIORITIZATION_JSONL_PAYLOAD,338635,8f2af15a2efeed4fa35f6b09846680ce8a633e5d33f4f2d015a24c5b7fd0283a,TRANSPARENT_PRIORITIZATION_MATERIALIZER_V0.1,external+sha256://PENDING/luad-target-dossier/prioritization-v0.1/ART_PRZV01_SET_011A39B150DEF9E56A43CBF9/partitions/pe9/prioritization_records.jsonl,LOCAL_CONTENT_ADDRESSED_STAGING_PENDING_DURABLE_REGISTRATION,106,436,29538,PRIORITIZATION_OUTPUT_SCHEMA_V0.1,TRANSPARENT_PRIORITIZATION_PROTOTYPE_V0.1,PRIORITIZATION_RULE_CATALOG_V0.1,PASS
pea,ENSEMBL_SHA256_PREFIX_2_V0.1,ART_PRZV01_SET_011A39B150DEF9E56A43CBF9,ART_PRZV01_6D72ABAF91010170A0482C18,CLASS_D_LARGE_DATA_OBJECT,TRANSPARENT_PRIORITIZATION_JSONL_PAYLOAD,338615,6d72abaf91010170a0482c188bd5197c0732f5bf81850592051d9b41ddbf5ec5,TRANSPARENT_PRIORITIZATION_MATERIALIZER_V0.1,external+sha256://PENDING/luad-target-dossier/prioritization-v0.1/ART_PRZV01_SET_011A39B150DEF9E56A43CBF9/partitions/pea/prioritization_records.jsonl,LOCAL_CONTENT_ADDRESSED_STAGING_PENDING_DURABLE_REGISTRATION,106,30,28865,PRIORITIZATION_OUTPUT_SCHEMA_V0.1,TRANSPARENT_PRIORITIZATION_PROTOTYPE_V0.1,PRIORITIZATION_RULE_CATALOG_V0.1,PASS
peb,ENSEMBL_SHA256_PREFIX_2_V0.1,ART_PRZV01_SET_011A39B150DEF9E56A43CBF9,ART_PRZV01_201DF33B25765E5450157259,CLASS_D_LARGE_DATA_OBJECT,TRANSPARENT_PRIORITIZATION_JSONL_PAYLOAD,383429,201df33b25765e5450157259dc1a980e6e24861ab2a5fd6eb22c64a5eaaed039,TRANSPARENT_PRIORITIZATION_MATERIALIZER_V0.1,external+sha256://PENDING/luad-target-dossier/prioritization-v0.1/ART_PRZV01_SET_011A39B150DEF9E56A43CBF9/partitions/peb/prioritization_records.jsonl,LOCAL_CONTENT_ADDRESSED_STAGING_PENDING_DURABLE_REGISTRATION,120,366,29596,PRIORITIZATION_OUTPUT_SCHEMA_V0.1,TRANSPARENT_PRIORITIZATION_PROTOTYPE_V0.1,PRIORITIZATION_RULE_CATALOG_V0.1,PASS
pec,ENSEMBL_SHA256_PREFIX_2_V0.1,ART_PRZV01_SET_011A39B150DEF9E56A43CBF9,ART_PRZV01_0F22DCDCBE139181D37EF05B,CLASS_D_LARGE_DATA_OBJECT,TRANSPARENT_PRIORITIZATION_JSONL_PAYLOAD,405772,0f22dcdcbe139181d37ef05bc3939e0dd2ce077c3329e0b0260f0683cdb5adea,TRANSPARENT_PRIORITIZATION_MATERIALIZER_V0.1,external+sha256://PENDING/luad-target-dossier/prioritization-v0.1/ART_PRZV01_SET_011A39B150DEF9E56A43CBF9/partitions/pec/prioritization_records.jsonl,LOCAL_CONTENT_ADDRESSED_STAGING_PENDING_DURABLE_REGISTRATION,127,442,29510,PRIORITIZATION_OUTPUT_SCHEMA_V0.1,TRANSPARENT_PRIORITIZATION_PROTOTYPE_V0.1,PRIORITIZATION_RULE_CATALOG_V0.1,PASS
ped,ENSEMBL_SHA256_PREFIX_2_V0.1,ART_PRZV01_SET_011A39B150DEF9E56A43CBF9,ART_PRZV01_7B65FF77D745F2225F908266,CLASS_D_LARGE_DATA_OBJECT,TRANSPARENT_PRIORITIZATION_JSONL_PAYLOAD,380050,7b65ff77d745f2225f9082664d272d4bd822956683772ba64ded5e2dcf10455c,TRANSPARENT_PRIORITIZATION_MATERIALIZER_V0.1,external+sha256://PENDING/luad-target-dossier/prioritization-v0.1/ART_PRZV01_SET_011A39B150DEF9E56A43CBF9/partitions/ped/prioritization_records.jsonl,LOCAL_CONTENT_ADDRESSED_STAGING_PENDING_DURABLE_REGISTRATION,119,85,29511,PRIORITIZATION_OUTPUT_SCHEMA_V0.1,TRANSPARENT_PRIORITIZATION_PROTOTYPE_V0.1,PRIORITIZATION_RULE_CATALOG_V0.1,PASS
pee,ENSEMBL_SHA256_PREFIX_2_V0.1,ART_PRZV01_SET_011A39B150DEF9E56A43CBF9,ART_PRZV01_1ECD9C7D17AB71AF88B040E0,CLASS_D_LARGE_DATA_OBJECT,TRANSPARENT_PRIORITIZATION_JSONL_PAYLOAD,364364,1ecd9c7d17ab71af88b040e074d115465edd041e4ce0b76beb02fda35027e13e,TRANSPARENT_PRIORITIZATION_MATERIALIZER_V0.1,external+sha256://PENDING/luad-target-dossier/prioritization-v0.1/ART_PRZV01_SET_011A39B150DEF9E56A43CBF9/partitions/pee/prioritization_records.jsonl,LOCAL_CONTENT_ADDRESSED_STAGING_PENDING_DURABLE_REGISTRATION,114,72,29131,PRIORITIZATION_OUTPUT_SCHEMA_V0.1,TRANSPARENT_PRIORITIZATION_PROTOTYPE_V0.1,PRIORITIZATION_RULE_CATALOG_V0.1,PASS
pef,ENSEMBL_SHA256_PREFIX_2_V0.1,ART_PRZV01_SET_011A39B150DEF9E56A43CBF9,ART_PRZV01_4DFD80CEBF376C12E81AA1B2,CLASS_D_LARGE_DATA_OBJECT,TRANSPARENT_PRIORITIZATION_JSONL_PAYLOAD,335385,4dfd80cebf376c12e81aa1b228597170a280a8d2e4bb6711609949005c783193,TRANSPARENT_PRIORITIZATION_MATERIALIZER_V0.1,external+sha256://PENDING/luad-target-dossier/prioritization-v0.1/ART_PRZV01_SET_011A39B150DEF9E56A43CBF9/partitions/pef/prioritization_records.jsonl,LOCAL_CONTENT_ADDRESSED_STAGING_PENDING_DURABLE_REGISTRATION,105,114,29541,PRIORITIZATION_OUTPUT_SCHEMA_V0.1,TRANSPARENT_PRIORITIZATION_PROTOTYPE_V0.1,PRIORITIZATION_RULE_CATALOG_V0.1,PASS
pf0,ENSEMBL_SHA256_PREFIX_2_V0.1,ART_PRZV01_SET_011A39B150DEF9E56A43CBF9,ART_PRZV01_62F79FBC073587F65B85966E,CLASS_D_LARGE_DATA_OBJECT,TRANSPARENT_PRIORITIZATION_JSONL_PAYLOAD,345005,62f79fbc073587f65b85966e3fda4a6de50738ad3cee9dfc82067c3001d3f8a8,TRANSPARENT_PRIORITIZATION_MATERIALIZER_V0.1,external+sha256://PENDING/luad-target-dossier/prioritization-v0.1/ART_PRZV01_SET_011A39B150DEF9E56A43CBF9/partitions/pf0/prioritization_records.jsonl,LOCAL_CONTENT_ADDRESSED_STAGING_PENDING_DURABLE_REGISTRATION,108,443,29539,PRIORITIZATION_OUTPUT_SCHEMA_V0.1,TRANSPARENT_PRIORITIZATION_PROTOTYPE_V0.1,PRIORITIZATION_RULE_CATALOG_V0.1,PASS
pf1,ENSEMBL_SHA256_PREFIX_2_V0.1,ART_PRZV01_SET_011A39B150DEF9E56A43CBF9,ART_PRZV01_3EDDC2FDB7EFF59924295CE0,CLASS_D_LARGE_DATA_OBJECT,TRANSPARENT_PRIORITIZATION_JSONL_PAYLOAD,357877,3eddc2fdb7eff59924295ce044d3144b132cae253765c138e2c7dfd554e5a64e,TRANSPARENT_PRIORITIZATION_MATERIALIZER_V0.1,external+sha256://PENDING/luad-target-dossier/prioritization-v0.1/ART_PRZV01_SET_011A39B150DEF9E56A43CBF9/partitions/pf1/prioritization_records.jsonl,LOCAL_CONTENT_ADDRESSED_STAGING_PENDING_DURABLE_REGISTRATION,112,344,28940,PRIORITIZATION_OUTPUT_SCHEMA_V0.1,TRANSPARENT_PRIORITIZATION_PROTOTYPE_V0.1,PRIORITIZATION_RULE_CATALOG_V0.1,PASS
pf2,ENSEMBL_SHA256_PREFIX_2_V0.1,ART_PRZV01_SET_011A39B150DEF9E56A43CBF9,ART_PRZV01_E6FB59CC78528CEAC5C4F3DC,CLASS_D_LARGE_DATA_OBJECT,TRANSPARENT_PRIORITIZATION_JSONL_PAYLOAD,370538,e6fb59cc78528ceac5c4f3dc17b642c6ab1efa169f1abb7227bc4bb5799e4eb2,TRANSPARENT_PRIORITIZATION_MATERIALIZER_V0.1,external+sha256://PENDING/luad-target-dossier/prioritization-v0.1/ART_PRZV01_SET_011A39B150DEF9E56A43CBF9/partitions/pf2/prioritization_records.jsonl,LOCAL_CONTENT_ADDRESSED_STAGING_PENDING_DURABLE_REGISTRATION,116,470,29419,PRIORITIZATION_OUTPUT_SCHEMA_V0.1,TRANSPARENT_PRIORITIZATION_PROTOTYPE_V0.1,PRIORITIZATION_RULE_CATALOG_V0.1,PASS
pf3,ENSEMBL_SHA256_PREFIX_2_V0.1,ART_PRZV01_SET_011A39B150DEF9E56A43CBF9,ART_PRZV01_DD53A963C33D6DCB9ACFDAB8,CLASS_D_LARGE_DATA_OBJECT,TRANSPARENT_PRIORITIZATION_JSONL_PAYLOAD,354687,dd53a963c33d6dcb9acfdab82d731dac8dc6743291b85e893715e4d92d9b2fa9,TRANSPARENT_PRIORITIZATION_MATERIALIZER_V0.1,external+sha256://PENDING/luad-target-dossier/prioritization-v0.1/ART_PRZV01_SET_011A39B150DEF9E56A43CBF9/partitions/pf3/prioritization_records.jsonl,LOCAL_CONTENT_ADDRESSED_STAGING_PENDING_DURABLE_REGISTRATION,111,171,29587,PRIORITIZATION_OUTPUT_SCHEMA_V0.1,TRANSPARENT_PRIORITIZATION_PROTOTYPE_V0.1,PRIORITIZATION_RULE_CATALOG_V0.1,PASS
pf4,ENSEMBL_SHA256_PREFIX_2_V0.1,ART_PRZV01_SET_011A39B150DEF9E56A43CBF9,ART_PRZV01_E92791861A14F6110C0F82FC,CLASS_D_LARGE_DATA_OBJECT,TRANSPARENT_PRIORITIZATION_JSONL_PAYLOAD,421679,e92791861a14f6110c0f82fc0b1dcca53368da22f6bc0ef9f03fab24f0538bd9,TRANSPARENT_PRIORITIZATION_MATERIALIZER_V0.1,external+sha256://PENDING/luad-target-dossier/prioritization-v0.1/ART_PRZV01_SET_011A39B150DEF9E56A43CBF9/partitions/pf4/prioritization_records.jsonl,LOCAL_CONTENT_ADDRESSED_STAGING_PENDING_DURABLE_REGISTRATION,132,60,29599,PRIORITIZATION_OUTPUT_SCHEMA_V0.1,TRANSPARENT_PRIORITIZATION_PROTOTYPE_V0.1,PRIORITIZATION_RULE_CATALOG_V0.1,PASS
pf5,ENSEMBL_SHA256_PREFIX_2_V0.1,ART_PRZV01_SET_011A39B150DEF9E56A43CBF9,ART_PRZV01_168206BF8D9E6E24550FC1FF,CLASS_D_LARGE_DATA_OBJECT,TRANSPARENT_PRIORITIZATION_JSONL_PAYLOAD,345038,168206bf8d9e6e24550fc1ff75e077b4652cc7119a94877f5a819af13320535d,TRANSPARENT_PRIORITIZATION_MATERIALIZER_V0.1,external+sha256://PENDING/luad-target-dossier/prioritization-v0.1/ART_PRZV01_SET_011A39B150DEF9E56A43CBF9/partitions/pf5/prioritization_records.jsonl,LOCAL_CONTENT_ADDRESSED_STAGING_PENDING_DURABLE_REGISTRATION,108,57,29544,PRIORITIZATION_OUTPUT_SCHEMA_V0.1,TRANSPARENT_PRIORITIZATION_PROTOTYPE_V0.1,PRIORITIZATION_RULE_CATALOG_V0.1,PASS
pf6,ENSEMBL_SHA256_PREFIX_2_V0.1,ART_PRZV01_SET_011A39B150DEF9E56A43CBF9,ART_PRZV01_ED6F8E8B4EAD23F43B60DD62,CLASS_D_LARGE_DATA_OBJECT,TRANSPARENT_PRIORITIZATION_JSONL_PAYLOAD,393025,ed6f8e8b4ead23f43b60dd62d57524ff95f4424f67f038327ad374863f9cab13,TRANSPARENT_PRIORITIZATION_MATERIALIZER_V0.1,external+sha256://PENDING/luad-target-dossier/prioritization-v0.1/ART_PRZV01_SET_011A39B150DEF9E56A43CBF9/partitions/pf6/prioritization_records.jsonl,LOCAL_CONTENT_ADDRESSED_STAGING_PENDING_DURABLE_REGISTRATION,123,232,29010,PRIORITIZATION_OUTPUT_SCHEMA_V0.1,TRANSPARENT_PRIORITIZATION_PROTOTYPE_V0.1,PRIORITIZATION_RULE_CATALOG_V0.1,PASS
pf7,ENSEMBL_SHA256_PREFIX_2_V0.1,ART_PRZV01_SET_011A39B150DEF9E56A43CBF9,ART_PRZV01_2C848C1622E49AB6A5DA225D,CLASS_D_LARGE_DATA_OBJECT,TRANSPARENT_PRIORITIZATION_JSONL_PAYLOAD,335479,2c848c1622e49ab6a5da225dc783db9832468ceb7ff00c40c799182014358193,TRANSPARENT_PRIORITIZATION_MATERIALIZER_V0.1,external+sha256://PENDING/luad-target-dossier/prioritization-v0.1/ART_PRZV01_SET_011A39B150DEF9E56A43CBF9/partitions/pf7/prioritization_records.jsonl,LOCAL_CONTENT_ADDRESSED_STAGING_PENDING_DURABLE_REGISTRATION,105,40,29175,PRIORITIZATION_OUTPUT_SCHEMA_V0.1,TRANSPARENT_PRIORITIZATION_PROTOTYPE_V0.1,PRIORITIZATION_RULE_CATALOG_V0.1,PASS
pf8,ENSEMBL_SHA256_PREFIX_2_V0.1,ART_PRZV01_SET_011A39B150DEF9E56A43CBF9,ART_PRZV01_768A189F659D114DAD015EAB,CLASS_D_LARGE_DATA_OBJECT,TRANSPARENT_PRIORITIZATION_JSONL_PAYLOAD,345172,768a189f659d114dad015eab42c8b16a2c9877fa7a97cbca1a4680fa8de82b81,TRANSPARENT_PRIORITIZATION_MATERIALIZER_V0.1,external+sha256://PENDING/luad-target-dossier/prioritization-v0.1/ART_PRZV01_SET_011A39B150DEF9E56A43CBF9/partitions/pf8/prioritization_records.jsonl,LOCAL_CONTENT_ADDRESSED_STAGING_PENDING_DURABLE_REGISTRATION,108,79,29483,PRIORITIZATION_OUTPUT_SCHEMA_V0.1,TRANSPARENT_PRIORITIZATION_PROTOTYPE_V0.1,PRIORITIZATION_RULE_CATALOG_V0.1,PASS
pf9,ENSEMBL_SHA256_PREFIX_2_V0.1,ART_PRZV01_SET_011A39B150DEF9E56A43CBF9,ART_PRZV01_473FB0EEBDD04528AE799803,CLASS_D_LARGE_DATA_OBJECT,TRANSPARENT_PRIORITIZATION_JSONL_PAYLOAD,354714,473fb0eebdd04528ae79980300f98028543586c97d5d3d42ef78e87cf9b32625,TRANSPARENT_PRIORITIZATION_MATERIALIZER_V0.1,external+sha256://PENDING/luad-target-dossier/prioritization-v0.1/ART_PRZV01_SET_011A39B150DEF9E56A43CBF9/partitions/pf9/prioritization_records.jsonl,LOCAL_CONTENT_ADDRESSED_STAGING_PENDING_DURABLE_REGISTRATION,111,1122,29308,PRIORITIZATION_OUTPUT_SCHEMA_V0.1,TRANSPARENT_PRIORITIZATION_PROTOTYPE_V0.1,PRIORITIZATION_RULE_CATALOG_V0.1,PASS
pfa,ENSEMBL_SHA256_PREFIX_2_V0.1,ART_PRZV01_SET_011A39B150DEF9E56A43CBF9,ART_PRZV01_59DF4D901225E346115C06EF,CLASS_D_LARGE_DATA_OBJECT,TRANSPARENT_PRIORITIZATION_JSONL_PAYLOAD,361113,59df4d901225e346115c06efc886e19ee959d825a748eaf77a6356ee2772f60f,TRANSPARENT_PRIORITIZATION_MATERIALIZER_V0.1,external+sha256://PENDING/luad-target-dossier/prioritization-v0.1/ART_PRZV01_SET_011A39B150DEF9E56A43CBF9/partitions/pfa/prioritization_records.jsonl,LOCAL_CONTENT_ADDRESSED_STAGING_PENDING_DURABLE_REGISTRATION,113,887,29451,PRIORITIZATION_OUTPUT_SCHEMA_V0.1,TRANSPARENT_PRIORITIZATION_PROTOTYPE_V0.1,PRIORITIZATION_RULE_CATALOG_V0.1,PASS
pfb,ENSEMBL_SHA256_PREFIX_2_V0.1,ART_PRZV01_SET_011A39B150DEF9E56A43CBF9,ART_PRZV01_D9A90EA75126F4362F1B7BC1,CLASS_D_LARGE_DATA_OBJECT,TRANSPARENT_PRIORITIZATION_JSONL_PAYLOAD,412169,d9a90ea75126f4362f1b7bc125529f4d07a8d9f2ceb642e52d141e7ac55a7ba9,TRANSPARENT_PRIORITIZATION_MATERIALIZER_V0.1,external+sha256://PENDING/luad-target-dossier/prioritization-v0.1/ART_PRZV01_SET_011A39B150DEF9E56A43CBF9/partitions/pfb/prioritization_records.jsonl,LOCAL_CONTENT_ADDRESSED_STAGING_PENDING_DURABLE_REGISTRATION,129,384,29578,PRIORITIZATION_OUTPUT_SCHEMA_V0.1,TRANSPARENT_PRIORITIZATION_PROTOTYPE_V0.1,PRIORITIZATION_RULE_CATALOG_V0.1,PASS
pfc,ENSEMBL_SHA256_PREFIX_2_V0.1,ART_PRZV01_SET_011A39B150DEF9E56A43CBF9,ART_PRZV01_C2AFE666E022DBB5EB63C6D8,CLASS_D_LARGE_DATA_OBJECT,TRANSPARENT_PRIORITIZATION_JSONL_PAYLOAD,354663,c2afe666e022dbb5eb63c6d81372575b0c827091edbc05cfcea61237da41ebb4,TRANSPARENT_PRIORITIZATION_MATERIALIZER_V0.1,external+sha256://PENDING/luad-target-dossier/prioritization-v0.1/ART_PRZV01_SET_011A39B150DEF9E56A43CBF9/partitions/pfc/prioritization_records.jsonl,LOCAL_CONTENT_ADDRESSED_STAGING_PENDING_DURABLE_REGISTRATION,111,259,29521,PRIORITIZATION_OUTPUT_SCHEMA_V0.1,TRANSPARENT_PRIORITIZATION_PROTOTYPE_V0.1,PRIORITIZATION_RULE_CATALOG_V0.1,PASS
pfd,ENSEMBL_SHA256_PREFIX_2_V0.1,ART_PRZV01_SET_011A39B150DEF9E56A43CBF9,ART_PRZV01_443B075B5E339FE5D3DAAA24,CLASS_D_LARGE_DATA_OBJECT,TRANSPARENT_PRIORITIZATION_JSONL_PAYLOAD,389799,443b075b5e339fe5d3daaa24c95cf28f3e18b633f9b6a8cf8853b252eef92571,TRANSPARENT_PRIORITIZATION_MATERIALIZER_V0.1,external+sha256://PENDING/luad-target-dossier/prioritization-v0.1/ART_PRZV01_SET_011A39B150DEF9E56A43CBF9/partitions/pfd/prioritization_records.jsonl,LOCAL_CONTENT_ADDRESSED_STAGING_PENDING_DURABLE_REGISTRATION,122,88,29499,PRIORITIZATION_OUTPUT_SCHEMA_V0.1,TRANSPARENT_PRIORITIZATION_PROTOTYPE_V0.1,PRIORITIZATION_RULE_CATALOG_V0.1,PASS
pfe,ENSEMBL_SHA256_PREFIX_2_V0.1,ART_PRZV01_SET_011A39B150DEF9E56A43CBF9,ART_PRZV01_CB10387BE6F1D57248AC8C2E,CLASS_D_LARGE_DATA_OBJECT,TRANSPARENT_PRIORITIZATION_JSONL_PAYLOAD,389992,cb10387be6f1d57248ac8c2ee72e64d4217062225c65a8fe195e7107050e9498,TRANSPARENT_PRIORITIZATION_MATERIALIZER_V0.1,external+sha256://PENDING/luad-target-dossier/prioritization-v0.1/ART_PRZV01_SET_011A39B150DEF9E56A43CBF9/partitions/pfe/prioritization_records.jsonl,LOCAL_CONTENT_ADDRESSED_STAGING_PENDING_DURABLE_REGISTRATION,122,236,29335,PRIORITIZATION_OUTPUT_SCHEMA_V0.1,TRANSPARENT_PRIORITIZATION_PROTOTYPE_V0.1,PRIORITIZATION_RULE_CATALOG_V0.1,PASS
pff,ENSEMBL_SHA256_PREFIX_2_V0.1,ART_PRZV01_SET_011A39B150DEF9E56A43CBF9,ART_PRZV01_994857791C7C9CFA697E157A,CLASS_D_LARGE_DATA_OBJECT,TRANSPARENT_PRIORITIZATION_JSONL_PAYLOAD,373825,994857791c7c9cfa697e157a637636b55d8482938ab3326a6978bb412cf9e1a2,TRANSPARENT_PRIORITIZATION_MATERIALIZER_V0.1,external+sha256://PENDING/luad-target-dossier/prioritization-v0.1/ART_PRZV01_SET_011A39B150DEF9E56A43CBF9/partitions/pff/prioritization_records.jsonl,LOCAL_CONTENT_ADDRESSED_STAGING_PENDING_DURABLE_REGISTRATION,117,49,29493,PRIORITIZATION_OUTPUT_SCHEMA_V0.1,TRANSPARENT_PRIORITIZATION_PROTOTYPE_V0.1,PRIORITIZATION_RULE_CATALOG_V0.1,PASS
