cross_source_dependency_id,EnsemblID,source_task,source_relationship_id,entity_a,entity_b,relationship_type,dependency_level,lineage_scope,rationale,independence_boundary,provenance_reference
DEP_9DBAB5AB013392BCF63FF3EC,ENSG00000099953.9,TASK039A,DEP_9DBAB5AB013392BCF63FF3EC,REC_1FDB3CAEC78761B6CDAC13A2,REC_0EECFF585907F97C3C1A314E,SHARED_DATASET,DEPENDENT,TRANSCRIPTOMIC_SHARED_DATASET,Primary and S1-S6 records are derived from the same frozen TCGA-LUAD expression cohort and related contrasts.,A missing edge or NO_DEPENDENCY_IDENTIFIED does not prove statistical independence.,outputs/mmp11_internal_evidence_v0.1/mmp11_dependency_map.csv
DEP_DA_0D444064DB795CE326277536::1,ENSG00000099953.9,TASK039A,DEP_DA_0D444064DB795CE326277536,DA_RAW_0cf8d44b41e91f2bc6951f44132527d92e14091d0690a88df7ad73a912683d85,SNAP_DA_OT_26_06_LUAD_EXACT_UNIV_TASK030_V0_1,SAME_SOURCE,DEPENDENT,OPEN_TARGETS_SHARED_PLATFORM_LINEAGE,This raw record shares Open Targets Platform release and dataset lineage; source records are not automatically independent votes.,A missing edge or NO_DEPENDENCY_IDENTIFIED does not prove statistical independence.,outputs/mmp11_internal_evidence_v0.1/mmp11_dependency_map.csv
DEP_DA_0D444064DB795CE326277536::2,ENSG00000099953.9,TASK039A,DEP_DA_0D444064DB795CE326277536,DA_RAW_0cf8d44b41e91f2bc6951f44132527d92e14091d0690a88df7ad73a912683d85,SNAP_DA_OT_26_06_LUAD_EXACT_UNIV_TASK030_V0_1,SHARED_DATASET,DEPENDENT,OPEN_TARGETS_SHARED_PLATFORM_LINEAGE,This raw record shares Open Targets Platform release and dataset lineage; source records are not automatically independent votes.,A missing edge or NO_DEPENDENCY_IDENTIFIED does not prove statistical independence.,outputs/mmp11_internal_evidence_v0.1/mmp11_dependency_map.csv
DEP_DA_41CBEE0435E46F51678E268B::1,ENSG00000099953.9,TASK039A,DEP_DA_41CBEE0435E46F51678E268B,DA_RAW_3b25d179be56924cd196608d5d3d83fd13497741fe4e7a42898cb6c1475e141b,SNAP_DA_OT_26_06_LUAD_EXACT_UNIV_TASK030_V0_1,SAME_SOURCE,DEPENDENT,OPEN_TARGETS_SHARED_PLATFORM_LINEAGE,This raw record shares Open Targets Platform release and dataset lineage; source records are not automatically independent votes.,A missing edge or NO_DEPENDENCY_IDENTIFIED does not prove statistical independence.,outputs/mmp11_internal_evidence_v0.1/mmp11_dependency_map.csv
DEP_DA_41CBEE0435E46F51678E268B::2,ENSG00000099953.9,TASK039A,DEP_DA_41CBEE0435E46F51678E268B,DA_RAW_3b25d179be56924cd196608d5d3d83fd13497741fe4e7a42898cb6c1475e141b,SNAP_DA_OT_26_06_LUAD_EXACT_UNIV_TASK030_V0_1,SHARED_DATASET,DEPENDENT,OPEN_TARGETS_SHARED_PLATFORM_LINEAGE,This raw record shares Open Targets Platform release and dataset lineage; source records are not automatically independent votes.,A missing edge or NO_DEPENDENCY_IDENTIFIED does not prove statistical independence.,outputs/mmp11_internal_evidence_v0.1/mmp11_dependency_map.csv
DEP_DA_54A1C5E72D18283A3A4CB41E::1,ENSG00000099953.9,TASK039A,DEP_DA_54A1C5E72D18283A3A4CB41E,DA_RAW_4cf5b32a508113eb5602a4438e3448e8b08167b0dd0771dcb105a527396d78c0,SNAP_DA_OT_26_06_LUAD_EXACT_UNIV_TASK030_V0_1,SAME_SOURCE,DEPENDENT,OPEN_TARGETS_SHARED_PLATFORM_LINEAGE,This raw record shares Open Targets Platform release and dataset lineage; source records are not automatically independent votes.,A missing edge or NO_DEPENDENCY_IDENTIFIED does not prove statistical independence.,outputs/mmp11_internal_evidence_v0.1/mmp11_dependency_map.csv
DEP_DA_54A1C5E72D18283A3A4CB41E::2,ENSG00000099953.9,TASK039A,DEP_DA_54A1C5E72D18283A3A4CB41E,DA_RAW_4cf5b32a508113eb5602a4438e3448e8b08167b0dd0771dcb105a527396d78c0,SNAP_DA_OT_26_06_LUAD_EXACT_UNIV_TASK030_V0_1,SHARED_DATASET,DEPENDENT,OPEN_TARGETS_SHARED_PLATFORM_LINEAGE,This raw record shares Open Targets Platform release and dataset lineage; source records are not automatically independent votes.,A missing edge or NO_DEPENDENCY_IDENTIFIED does not prove statistical independence.,outputs/mmp11_internal_evidence_v0.1/mmp11_dependency_map.csv
DEP_DA_707DA79DD85D8383CD064A67::1,ENSG00000099953.9,TASK039A,DEP_DA_707DA79DD85D8383CD064A67,DA_RAW_5106f92e3ee59d96b66875dd8ec6da45513931293b029d517e71e35f3f7bfe00,SNAP_DA_OT_26_06_LUAD_EXACT_UNIV_TASK030_V0_1,SAME_SOURCE,DEPENDENT,OPEN_TARGETS_SHARED_PLATFORM_LINEAGE,This raw record shares Open Targets Platform release and dataset lineage; source records are not automatically independent votes.,A missing edge or NO_DEPENDENCY_IDENTIFIED does not prove statistical independence.,outputs/mmp11_internal_evidence_v0.1/mmp11_dependency_map.csv
DEP_DA_707DA79DD85D8383CD064A67::2,ENSG00000099953.9,TASK039A,DEP_DA_707DA79DD85D8383CD064A67,DA_RAW_5106f92e3ee59d96b66875dd8ec6da45513931293b029d517e71e35f3f7bfe00,SNAP_DA_OT_26_06_LUAD_EXACT_UNIV_TASK030_V0_1,SHARED_DATASET,DEPENDENT,OPEN_TARGETS_SHARED_PLATFORM_LINEAGE,This raw record shares Open Targets Platform release and dataset lineage; source records are not automatically independent votes.,A missing edge or NO_DEPENDENCY_IDENTIFIED does not prove statistical independence.,outputs/mmp11_internal_evidence_v0.1/mmp11_dependency_map.csv
DEP_DA_9733EE27F823B75E148ABB39::1,ENSG00000099953.9,TASK039A,DEP_DA_9733EE27F823B75E148ABB39,DA_RAW_794ade1e615c6a00810c7988cd184167f2fb8dde251c4a9fd7819e3516e7d0e1,SNAP_DA_OT_26_06_LUAD_EXACT_UNIV_TASK030_V0_1,SAME_SOURCE,DEPENDENT,OPEN_TARGETS_SHARED_PLATFORM_LINEAGE,This raw record shares Open Targets Platform release and dataset lineage; source records are not automatically independent votes.,A missing edge or NO_DEPENDENCY_IDENTIFIED does not prove statistical independence.,outputs/mmp11_internal_evidence_v0.1/mmp11_dependency_map.csv
DEP_DA_9733EE27F823B75E148ABB39::2,ENSG00000099953.9,TASK039A,DEP_DA_9733EE27F823B75E148ABB39,DA_RAW_794ade1e615c6a00810c7988cd184167f2fb8dde251c4a9fd7819e3516e7d0e1,SNAP_DA_OT_26_06_LUAD_EXACT_UNIV_TASK030_V0_1,SHARED_DATASET,DEPENDENT,OPEN_TARGETS_SHARED_PLATFORM_LINEAGE,This raw record shares Open Targets Platform release and dataset lineage; source records are not automatically independent votes.,A missing edge or NO_DEPENDENCY_IDENTIFIED does not prove statistical independence.,outputs/mmp11_internal_evidence_v0.1/mmp11_dependency_map.csv
DEP_DA_E4E62DC90E1E2CA9BD0B5806::1,ENSG00000099953.9,TASK039A,DEP_DA_E4E62DC90E1E2CA9BD0B5806,DA_RAW_884ab3014cb909a3b0747ece3ab1d95dd6acd5f3bf516dbd61ad5a2480a590f8,SNAP_DA_OT_26_06_LUAD_EXACT_UNIV_TASK030_V0_1,SAME_SOURCE,DEPENDENT,OPEN_TARGETS_SHARED_PLATFORM_LINEAGE,This raw record shares Open Targets Platform release and dataset lineage; source records are not automatically independent votes.,A missing edge or NO_DEPENDENCY_IDENTIFIED does not prove statistical independence.,outputs/mmp11_internal_evidence_v0.1/mmp11_dependency_map.csv
DEP_DA_E4E62DC90E1E2CA9BD0B5806::2,ENSG00000099953.9,TASK039A,DEP_DA_E4E62DC90E1E2CA9BD0B5806,DA_RAW_884ab3014cb909a3b0747ece3ab1d95dd6acd5f3bf516dbd61ad5a2480a590f8,SNAP_DA_OT_26_06_LUAD_EXACT_UNIV_TASK030_V0_1,SHARED_DATASET,DEPENDENT,OPEN_TARGETS_SHARED_PLATFORM_LINEAGE,This raw record shares Open Targets Platform release and dataset lineage; source records are not automatically independent votes.,A missing edge or NO_DEPENDENCY_IDENTIFIED does not prove statistical independence.,outputs/mmp11_internal_evidence_v0.1/mmp11_dependency_map.csv
DEP_DA_3D5548EFD1D961343161439A::1,ENSG00000099953.9,TASK039A,DEP_DA_3D5548EFD1D961343161439A,DA_RAW_8ddc9f2c4e8eea5cab6bc7153c3e43fcf2a1bd4d4d80030098d8e248aa7b3704,SNAP_DA_OT_26_06_LUAD_EXACT_UNIV_TASK030_V0_1,SAME_SOURCE,DEPENDENT,OPEN_TARGETS_SHARED_PLATFORM_LINEAGE,This raw record shares Open Targets Platform release and dataset lineage; source records are not automatically independent votes.,A missing edge or NO_DEPENDENCY_IDENTIFIED does not prove statistical independence.,outputs/mmp11_internal_evidence_v0.1/mmp11_dependency_map.csv
DEP_DA_3D5548EFD1D961343161439A::2,ENSG00000099953.9,TASK039A,DEP_DA_3D5548EFD1D961343161439A,DA_RAW_8ddc9f2c4e8eea5cab6bc7153c3e43fcf2a1bd4d4d80030098d8e248aa7b3704,SNAP_DA_OT_26_06_LUAD_EXACT_UNIV_TASK030_V0_1,SHARED_DATASET,DEPENDENT,OPEN_TARGETS_SHARED_PLATFORM_LINEAGE,This raw record shares Open Targets Platform release and dataset lineage; source records are not automatically independent votes.,A missing edge or NO_DEPENDENCY_IDENTIFIED does not prove statistical independence.,outputs/mmp11_internal_evidence_v0.1/mmp11_dependency_map.csv
DEP_DA_CB8BECA411FECF9AC5C3C1B0::1,ENSG00000099953.9,TASK039A,DEP_DA_CB8BECA411FECF9AC5C3C1B0,DA_RAW_94b7fa443decc7e03b937392049e80f05a62aeade525696b50f285495e800bf7,SNAP_DA_OT_26_06_LUAD_EXACT_UNIV_TASK030_V0_1,SAME_SOURCE,DEPENDENT,OPEN_TARGETS_SHARED_PLATFORM_LINEAGE,This raw record shares Open Targets Platform release and dataset lineage; source records are not automatically independent votes.,A missing edge or NO_DEPENDENCY_IDENTIFIED does not prove statistical independence.,outputs/mmp11_internal_evidence_v0.1/mmp11_dependency_map.csv
DEP_DA_CB8BECA411FECF9AC5C3C1B0::2,ENSG00000099953.9,TASK039A,DEP_DA_CB8BECA411FECF9AC5C3C1B0,DA_RAW_94b7fa443decc7e03b937392049e80f05a62aeade525696b50f285495e800bf7,SNAP_DA_OT_26_06_LUAD_EXACT_UNIV_TASK030_V0_1,SHARED_DATASET,DEPENDENT,OPEN_TARGETS_SHARED_PLATFORM_LINEAGE,This raw record shares Open Targets Platform release and dataset lineage; source records are not automatically independent votes.,A missing edge or NO_DEPENDENCY_IDENTIFIED does not prove statistical independence.,outputs/mmp11_internal_evidence_v0.1/mmp11_dependency_map.csv
DEP_DA_89D55C00FF3E18C3119A1F06::1,ENSG00000099953.9,TASK039A,DEP_DA_89D55C00FF3E18C3119A1F06,DA_RAW_b86a58ad8519defdd1e292a6f04a4e65d989dfdfb3144ad7c7b106b4f3b90e09,SNAP_DA_OT_26_06_LUAD_EXACT_UNIV_TASK030_V0_1,SAME_SOURCE,DEPENDENT,OPEN_TARGETS_SHARED_PLATFORM_LINEAGE,This raw record shares Open Targets Platform release and dataset lineage; source records are not automatically independent votes.,A missing edge or NO_DEPENDENCY_IDENTIFIED does not prove statistical independence.,outputs/mmp11_internal_evidence_v0.1/mmp11_dependency_map.csv
DEP_DA_89D55C00FF3E18C3119A1F06::2,ENSG00000099953.9,TASK039A,DEP_DA_89D55C00FF3E18C3119A1F06,DA_RAW_b86a58ad8519defdd1e292a6f04a4e65d989dfdfb3144ad7c7b106b4f3b90e09,SNAP_DA_OT_26_06_LUAD_EXACT_UNIV_TASK030_V0_1,SHARED_DATASET,DEPENDENT,OPEN_TARGETS_SHARED_PLATFORM_LINEAGE,This raw record shares Open Targets Platform release and dataset lineage; source records are not automatically independent votes.,A missing edge or NO_DEPENDENCY_IDENTIFIED does not prove statistical independence.,outputs/mmp11_internal_evidence_v0.1/mmp11_dependency_map.csv
DEP_DA_F9A18860D87CB60708311FF6::1,ENSG00000099953.9,TASK039A,DEP_DA_F9A18860D87CB60708311FF6,DA_RAW_c3dd388c9f9df24eae9deee688c7c9fb7725b28fa34ee5c2f330bdf0495e9fc9,SNAP_DA_OT_26_06_LUAD_EXACT_UNIV_TASK030_V0_1,SAME_SOURCE,DEPENDENT,OPEN_TARGETS_SHARED_PLATFORM_LINEAGE,This raw record shares Open Targets Platform release and dataset lineage; source records are not automatically independent votes.,A missing edge or NO_DEPENDENCY_IDENTIFIED does not prove statistical independence.,outputs/mmp11_internal_evidence_v0.1/mmp11_dependency_map.csv
DEP_DA_F9A18860D87CB60708311FF6::2,ENSG00000099953.9,TASK039A,DEP_DA_F9A18860D87CB60708311FF6,DA_RAW_c3dd388c9f9df24eae9deee688c7c9fb7725b28fa34ee5c2f330bdf0495e9fc9,SNAP_DA_OT_26_06_LUAD_EXACT_UNIV_TASK030_V0_1,SHARED_DATASET,DEPENDENT,OPEN_TARGETS_SHARED_PLATFORM_LINEAGE,This raw record shares Open Targets Platform release and dataset lineage; source records are not automatically independent votes.,A missing edge or NO_DEPENDENCY_IDENTIFIED does not prove statistical independence.,outputs/mmp11_internal_evidence_v0.1/mmp11_dependency_map.csv
DEP_DA_37454054FA3857773D15A949::1,ENSG00000099953.9,TASK039A,DEP_DA_37454054FA3857773D15A949,DA_RAW_c855784afb305dfc6e2595ce462ebdf7bb5f7c0126bb949bfe80f9f189b62b97,SNAP_DA_OT_26_06_LUAD_EXACT_UNIV_TASK030_V0_1,SAME_SOURCE,DEPENDENT,OPEN_TARGETS_SHARED_PLATFORM_LINEAGE,This raw record shares Open Targets Platform release and dataset lineage; source records are not automatically independent votes.,A missing edge or NO_DEPENDENCY_IDENTIFIED does not prove statistical independence.,outputs/mmp11_internal_evidence_v0.1/mmp11_dependency_map.csv
DEP_DA_37454054FA3857773D15A949::2,ENSG00000099953.9,TASK039A,DEP_DA_37454054FA3857773D15A949,DA_RAW_c855784afb305dfc6e2595ce462ebdf7bb5f7c0126bb949bfe80f9f189b62b97,SNAP_DA_OT_26_06_LUAD_EXACT_UNIV_TASK030_V0_1,SHARED_DATASET,DEPENDENT,OPEN_TARGETS_SHARED_PLATFORM_LINEAGE,This raw record shares Open Targets Platform release and dataset lineage; source records are not automatically independent votes.,A missing edge or NO_DEPENDENCY_IDENTIFIED does not prove statistical independence.,outputs/mmp11_internal_evidence_v0.1/mmp11_dependency_map.csv
DEP_DA_70BA3AA83504BF15633B377D::1,ENSG00000099953.9,TASK039A,DEP_DA_70BA3AA83504BF15633B377D,DA_RAW_cac7aeeeadd88cfdd97315750762c76535f4083b0f868a46d47482a0fb6d932f,SNAP_DA_OT_26_06_LUAD_EXACT_UNIV_TASK030_V0_1,SAME_SOURCE,DEPENDENT,OPEN_TARGETS_SHARED_PLATFORM_LINEAGE,This raw record shares Open Targets Platform release and dataset lineage; source records are not automatically independent votes.,A missing edge or NO_DEPENDENCY_IDENTIFIED does not prove statistical independence.,outputs/mmp11_internal_evidence_v0.1/mmp11_dependency_map.csv
DEP_DA_70BA3AA83504BF15633B377D::2,ENSG00000099953.9,TASK039A,DEP_DA_70BA3AA83504BF15633B377D,DA_RAW_cac7aeeeadd88cfdd97315750762c76535f4083b0f868a46d47482a0fb6d932f,SNAP_DA_OT_26_06_LUAD_EXACT_UNIV_TASK030_V0_1,SHARED_DATASET,DEPENDENT,OPEN_TARGETS_SHARED_PLATFORM_LINEAGE,This raw record shares Open Targets Platform release and dataset lineage; source records are not automatically independent votes.,A missing edge or NO_DEPENDENCY_IDENTIFIED does not prove statistical independence.,outputs/mmp11_internal_evidence_v0.1/mmp11_dependency_map.csv
DEP_DA_54B4D11893ABDD72D208BC3A::1,ENSG00000099953.9,TASK039A,DEP_DA_54B4D11893ABDD72D208BC3A,DA_RAW_fcf06b5d6de7cd1272387415ade16051f4ffdae6e72768613546d8460e107c9c,SNAP_DA_OT_26_06_LUAD_EXACT_UNIV_TASK030_V0_1,SAME_SOURCE,DEPENDENT,OPEN_TARGETS_SHARED_PLATFORM_LINEAGE,This raw record shares Open Targets Platform release and dataset lineage; source records are not automatically independent votes.,A missing edge or NO_DEPENDENCY_IDENTIFIED does not prove statistical independence.,outputs/mmp11_internal_evidence_v0.1/mmp11_dependency_map.csv
DEP_DA_54B4D11893ABDD72D208BC3A::2,ENSG00000099953.9,TASK039A,DEP_DA_54B4D11893ABDD72D208BC3A,DA_RAW_fcf06b5d6de7cd1272387415ade16051f4ffdae6e72768613546d8460e107c9c,SNAP_DA_OT_26_06_LUAD_EXACT_UNIV_TASK030_V0_1,SHARED_DATASET,DEPENDENT,OPEN_TARGETS_SHARED_PLATFORM_LINEAGE,This raw record shares Open Targets Platform release and dataset lineage; source records are not automatically independent votes.,A missing edge or NO_DEPENDENCY_IDENTIFIED does not prove statistical independence.,outputs/mmp11_internal_evidence_v0.1/mmp11_dependency_map.csv
DEP_DA_C086CE4FF21F62C58E5E2127::1,ENSG00000099953.9,TASK039A,DEP_DA_C086CE4FF21F62C58E5E2127,DA_RAW_fe1209a61069fa7275488608327d18fdd6e068792292b0914345392c9f7ede36,SNAP_DA_OT_26_06_LUAD_EXACT_UNIV_TASK030_V0_1,SAME_SOURCE,DEPENDENT,OPEN_TARGETS_SHARED_PLATFORM_LINEAGE,This raw record shares Open Targets Platform release and dataset lineage; source records are not automatically independent votes.,A missing edge or NO_DEPENDENCY_IDENTIFIED does not prove statistical independence.,outputs/mmp11_internal_evidence_v0.1/mmp11_dependency_map.csv
DEP_DA_C086CE4FF21F62C58E5E2127::2,ENSG00000099953.9,TASK039A,DEP_DA_C086CE4FF21F62C58E5E2127,DA_RAW_fe1209a61069fa7275488608327d18fdd6e068792292b0914345392c9f7ede36,SNAP_DA_OT_26_06_LUAD_EXACT_UNIV_TASK030_V0_1,SHARED_DATASET,DEPENDENT,OPEN_TARGETS_SHARED_PLATFORM_LINEAGE,This raw record shares Open Targets Platform release and dataset lineage; source records are not automatically independent votes.,A missing edge or NO_DEPENDENCY_IDENTIFIED does not prove statistical independence.,outputs/mmp11_internal_evidence_v0.1/mmp11_dependency_map.csv
AUDDEP_31D1C3F4DA2AB24BFD21BEE3,ENSG00000099953.9,TASK039A,AUDDEP_31D1C3F4DA2AB24BFD21BEE3,TRANSCRIPTOMIC_RECORD_UNITS,PRF_246FFF2A7A858BCB9C531CB2,DERIVED_REPRESENTATION,DEPENDENT_TRANSFORMATION,DERIVED_REPRESENTATION_LINEAGE,The downstream object transforms existing evidence and is not an additional independent observation.,A missing edge or NO_DEPENDENCY_IDENTIFIED does not prove statistical independence.,outputs/mmp11_internal_evidence_v0.1/mmp11_dependency_map.csv
AUDDEP_E35B181A43271A039FD7DB2A,ENSG00000099953.9,TASK039A,AUDDEP_E35B181A43271A039FD7DB2A,DISEASE_ASSOCIATION_RAW_RECORD_SET,CMPREC_DA_BA57CC2D64F0EB16106D0D9541FE2321,DERIVED_REPRESENTATION,DEPENDENT_TRANSFORMATION,DERIVED_REPRESENTATION_LINEAGE,The downstream object transforms existing evidence and is not an additional independent observation.,A missing edge or NO_DEPENDENCY_IDENTIFIED does not prove statistical independence.,outputs/mmp11_internal_evidence_v0.1/mmp11_dependency_map.csv
AUDDEP_A4A5716197E44657F95CD062,ENSG00000099953.9,TASK039A,AUDDEP_A4A5716197E44657F95CD062,PRF_246FFF2A7A858BCB9C531CB2|CMPREC_DA_BA57CC2D64F0EB16106D0D9541FE2321,PRF_32C_9937B27EAECBF5AC5C8E2DFF6F489386,DERIVED_REPRESENTATION,DEPENDENT_TRANSFORMATION,DERIVED_REPRESENTATION_LINEAGE,The downstream object transforms existing evidence and is not an additional independent observation.,A missing edge or NO_DEPENDENCY_IDENTIFIED does not prove statistical independence.,outputs/mmp11_internal_evidence_v0.1/mmp11_dependency_map.csv
AUDDEP_FAA47E40121BE0BBE0DC7D8C,ENSG00000099953.9,TASK039A,AUDDEP_FAA47E40121BE0BBE0DC7D8C,PRF_32C_9937B27EAECBF5AC5C8E2DFF6F489386,LND_0F8BA957765701297F12664A6C06164B,DERIVED_REPRESENTATION,DEPENDENT_TRANSFORMATION,DERIVED_REPRESENTATION_LINEAGE,The downstream object transforms existing evidence and is not an additional independent observation.,A missing edge or NO_DEPENDENCY_IDENTIFIED does not prove statistical independence.,outputs/mmp11_internal_evidence_v0.1/mmp11_dependency_map.csv
AUDDEP_25A900878C348DA5C86D879D,ENSG00000099953.9,TASK039A,AUDDEP_25A900878C348DA5C86D879D,LND_0F8BA957765701297F12664A6C06164B,SUM_5DFD9ACB76E4E7B2E667B7B4480DBA7A,DERIVED_REPRESENTATION,DEPENDENT_TRANSFORMATION,DERIVED_REPRESENTATION_LINEAGE,The downstream object transforms existing evidence and is not an additional independent observation.,A missing edge or NO_DEPENDENCY_IDENTIFIED does not prove statistical independence.,outputs/mmp11_internal_evidence_v0.1/mmp11_dependency_map.csv
AUDDEP_D25A6696ED0B3279CE1B2F8A,ENSG00000099953.9,TASK039A,AUDDEP_D25A6696ED0B3279CE1B2F8A,SUM_5DFD9ACB76E4E7B2E667B7B4480DBA7A,PRZ_738BA8A6A4FC47D329D4DEAC33167DDF,DERIVED_REPRESENTATION,DEPENDENT_TRANSFORMATION,DERIVED_REPRESENTATION_LINEAGE,The downstream object transforms existing evidence and is not an additional independent observation.,A missing edge or NO_DEPENDENCY_IDENTIFIED does not prove statistical independence.,outputs/mmp11_internal_evidence_v0.1/mmp11_dependency_map.csv
EXTDEP_609A9C68AFEEFA889C22,ENSG00000099953.9,TASK039B,EXTDEP_609A9C68AFEEFA889C22,EXT_31024988_01,PUB_PMID_31024988,SHARED_PUBLICATION,DEPENDENT_WITHIN_PUBLICATION,EXTERNAL_EVIDENCE_LINEAGE,Evidence units from one publication are not independent replications.,A missing edge or NO_DEPENDENCY_IDENTIFIED does not prove statistical independence.,outputs/mmp11_external_evidence_v0.1/external_dependency_map.csv
EXTDEP_FEA7671ECF3D03D4B3B5,ENSG00000099953.9,TASK039B,EXTDEP_FEA7671ECF3D03D4B3B5,EXT_31024988_01,GSE7670,SHARED_DATASET,DATASET_LINEAGE_RETAINED,EXTERNAL_EVIDENCE_LINEAGE,This evidence unit is derived from the named dataset/cohort.,A missing edge or NO_DEPENDENCY_IDENTIFIED does not prove statistical independence.,outputs/mmp11_external_evidence_v0.1/external_dependency_map.csv
EXTDEP_3EC21F610DF300722BF8,ENSG00000099953.9,TASK039B,EXTDEP_3EC21F610DF300722BF8,EXT_31024988_01,GSE10072,SHARED_DATASET,DATASET_LINEAGE_RETAINED,EXTERNAL_EVIDENCE_LINEAGE,This evidence unit is derived from the named dataset/cohort.,A missing edge or NO_DEPENDENCY_IDENTIFIED does not prove statistical independence.,outputs/mmp11_external_evidence_v0.1/external_dependency_map.csv
EXTDEP_8027869BB1E3EDDF0B99,ENSG00000099953.9,TASK039B,EXTDEP_8027869BB1E3EDDF0B99,EXT_31024988_01,GSE68465,SHARED_DATASET,DATASET_LINEAGE_RETAINED,EXTERNAL_EVIDENCE_LINEAGE,This evidence unit is derived from the named dataset/cohort.,A missing edge or NO_DEPENDENCY_IDENTIFIED does not prove statistical independence.,outputs/mmp11_external_evidence_v0.1/external_dependency_map.csv
EXTDEP_589E113BB0DE28278A8B,ENSG00000099953.9,TASK039B,EXTDEP_589E113BB0DE28278A8B,EXT_31024988_01,GSE43458,SHARED_DATASET,DATASET_LINEAGE_RETAINED,EXTERNAL_EVIDENCE_LINEAGE,This evidence unit is derived from the named dataset/cohort.,A missing edge or NO_DEPENDENCY_IDENTIFIED does not prove statistical independence.,outputs/mmp11_external_evidence_v0.1/external_dependency_map.csv
EXTDEP_837082B6975304CB8C73,ENSG00000099953.9,TASK039B,EXTDEP_837082B6975304CB8C73,EXT_31024988_02,PUB_PMID_31024988,SHARED_PUBLICATION,DEPENDENT_WITHIN_PUBLICATION,EXTERNAL_EVIDENCE_LINEAGE,Evidence units from one publication are not independent replications.,A missing edge or NO_DEPENDENCY_IDENTIFIED does not prove statistical independence.,outputs/mmp11_external_evidence_v0.1/external_dependency_map.csv
EXTDEP_96A5F34BF7AC71C97F7E,ENSG00000099953.9,TASK039B,EXTDEP_96A5F34BF7AC71C97F7E,EXT_31024988_02,TCGA-LUAD,SHARED_DATASET,DATASET_LINEAGE_RETAINED,EXTERNAL_EVIDENCE_LINEAGE,This evidence unit is derived from the named dataset/cohort.,A missing edge or NO_DEPENDENCY_IDENTIFIED does not prove statistical independence.,outputs/mmp11_external_evidence_v0.1/external_dependency_map.csv
EXTDEP_2322411B38B4AC605E5D,ENSG00000099953.9,TASK039B,EXTDEP_2322411B38B4AC605E5D,EXT_31024988_03,PUB_PMID_31024988,SHARED_PUBLICATION,DEPENDENT_WITHIN_PUBLICATION,EXTERNAL_EVIDENCE_LINEAGE,Evidence units from one publication are not independent replications.,A missing edge or NO_DEPENDENCY_IDENTIFIED does not prove statistical independence.,outputs/mmp11_external_evidence_v0.1/external_dependency_map.csv
EXTDEP_1D917646EA1F49B2320B,ENSG00000099953.9,TASK039B,EXTDEP_1D917646EA1F49B2320B,EXT_31024988_03,COHORT_2019_LUAD_18,SHARED_DATASET,DATASET_LINEAGE_RETAINED,EXTERNAL_EVIDENCE_LINEAGE,This evidence unit is derived from the named dataset/cohort.,A missing edge or NO_DEPENDENCY_IDENTIFIED does not prove statistical independence.,outputs/mmp11_external_evidence_v0.1/external_dependency_map.csv
EXTDEP_90B08761460961369E42,ENSG00000099953.9,TASK039B,EXTDEP_90B08761460961369E42,EXT_31024988_04,PUB_PMID_31024988,SHARED_PUBLICATION,DEPENDENT_WITHIN_PUBLICATION,EXTERNAL_EVIDENCE_LINEAGE,Evidence units from one publication are not independent replications.,A missing edge or NO_DEPENDENCY_IDENTIFIED does not prove statistical independence.,outputs/mmp11_external_evidence_v0.1/external_dependency_map.csv
EXTDEP_29EC4B94536146CEC365,ENSG00000099953.9,TASK039B,EXTDEP_29EC4B94536146CEC365,EXT_31024988_04,COHORT_2019_SERUM,SHARED_DATASET,DATASET_LINEAGE_RETAINED,EXTERNAL_EVIDENCE_LINEAGE,This evidence unit is derived from the named dataset/cohort.,A missing edge or NO_DEPENDENCY_IDENTIFIED does not prove statistical independence.,outputs/mmp11_external_evidence_v0.1/external_dependency_map.csv
EXTDEP_A347BFB6E9BDE942504E,ENSG00000099953.9,TASK039B,EXTDEP_A347BFB6E9BDE942504E,EXT_31024988_05,PUB_PMID_31024988,SHARED_PUBLICATION,DEPENDENT_WITHIN_PUBLICATION,EXTERNAL_EVIDENCE_LINEAGE,Evidence units from one publication are not independent replications.,A missing edge or NO_DEPENDENCY_IDENTIFIED does not prove statistical independence.,outputs/mmp11_external_evidence_v0.1/external_dependency_map.csv
EXTDEP_F322A0188280240DCACB,ENSG00000099953.9,TASK039B,EXTDEP_F322A0188280240DCACB,EXT_31024988_05,MODEL_A549_CRISPR,SHARED_DATASET,DATASET_LINEAGE_RETAINED,EXTERNAL_EVIDENCE_LINEAGE,This evidence unit is derived from the named dataset/cohort.,A missing edge or NO_DEPENDENCY_IDENTIFIED does not prove statistical independence.,outputs/mmp11_external_evidence_v0.1/external_dependency_map.csv
EXTDEP_FA344067C22EDFC8DA73,ENSG00000099953.9,TASK039B,EXTDEP_FA344067C22EDFC8DA73,EXT_31024988_06,PUB_PMID_31024988,SHARED_PUBLICATION,DEPENDENT_WITHIN_PUBLICATION,EXTERNAL_EVIDENCE_LINEAGE,Evidence units from one publication are not independent replications.,A missing edge or NO_DEPENDENCY_IDENTIFIED does not prove statistical independence.,outputs/mmp11_external_evidence_v0.1/external_dependency_map.csv
EXTDEP_F169410BE64EED4E6E29,ENSG00000099953.9,TASK039B,EXTDEP_F169410BE64EED4E6E29,EXT_31024988_06,MODEL_A549_CRISPR,SHARED_DATASET,DATASET_LINEAGE_RETAINED,EXTERNAL_EVIDENCE_LINEAGE,This evidence unit is derived from the named dataset/cohort.,A missing edge or NO_DEPENDENCY_IDENTIFIED does not prove statistical independence.,outputs/mmp11_external_evidence_v0.1/external_dependency_map.csv
EXTDEP_5E865FFF9E5E9E07BA63,ENSG00000099953.9,TASK039B,EXTDEP_5E865FFF9E5E9E07BA63,EXT_31024988_07,PUB_PMID_31024988,SHARED_PUBLICATION,DEPENDENT_WITHIN_PUBLICATION,EXTERNAL_EVIDENCE_LINEAGE,Evidence units from one publication are not independent replications.,A missing edge or NO_DEPENDENCY_IDENTIFIED does not prove statistical independence.,outputs/mmp11_external_evidence_v0.1/external_dependency_map.csv
EXTDEP_F5E1F626F15A1435B5D7,ENSG00000099953.9,TASK039B,EXTDEP_F5E1F626F15A1435B5D7,EXT_31024988_07,MODEL_PC9_RESCUE,SHARED_DATASET,DATASET_LINEAGE_RETAINED,EXTERNAL_EVIDENCE_LINEAGE,This evidence unit is derived from the named dataset/cohort.,A missing edge or NO_DEPENDENCY_IDENTIFIED does not prove statistical independence.,outputs/mmp11_external_evidence_v0.1/external_dependency_map.csv
EXTDEP_1189473BEA2D72880784,ENSG00000099953.9,TASK039B,EXTDEP_1189473BEA2D72880784,EXT_31024988_08,PUB_PMID_31024988,SHARED_PUBLICATION,DEPENDENT_WITHIN_PUBLICATION,EXTERNAL_EVIDENCE_LINEAGE,Evidence units from one publication are not independent replications.,A missing edge or NO_DEPENDENCY_IDENTIFIED does not prove statistical independence.,outputs/mmp11_external_evidence_v0.1/external_dependency_map.csv
EXTDEP_73411DA622AFB5AE3CDB,ENSG00000099953.9,TASK039B,EXTDEP_73411DA622AFB5AE3CDB,EXT_31024988_08,MODEL_LUAD_MIGRATION,SHARED_DATASET,DATASET_LINEAGE_RETAINED,EXTERNAL_EVIDENCE_LINEAGE,This evidence unit is derived from the named dataset/cohort.,A missing edge or NO_DEPENDENCY_IDENTIFIED does not prove statistical independence.,outputs/mmp11_external_evidence_v0.1/external_dependency_map.csv
EXTDEP_06E365E0D53251E8AB69,ENSG00000099953.9,TASK039B,EXTDEP_06E365E0D53251E8AB69,EXT_31024988_09,PUB_PMID_31024988,SHARED_PUBLICATION,DEPENDENT_WITHIN_PUBLICATION,EXTERNAL_EVIDENCE_LINEAGE,Evidence units from one publication are not independent replications.,A missing edge or NO_DEPENDENCY_IDENTIFIED does not prove statistical independence.,outputs/mmp11_external_evidence_v0.1/external_dependency_map.csv
EXTDEP_08390C5A42417992C0EF,ENSG00000099953.9,TASK039B,EXTDEP_08390C5A42417992C0EF,EXT_31024988_09,MODEL_ANTIBODY_IN_VITRO,SHARED_DATASET,DATASET_LINEAGE_RETAINED,EXTERNAL_EVIDENCE_LINEAGE,This evidence unit is derived from the named dataset/cohort.,A missing edge or NO_DEPENDENCY_IDENTIFIED does not prove statistical independence.,outputs/mmp11_external_evidence_v0.1/external_dependency_map.csv
EXTDEP_DB78A6DC96947B8695F4,ENSG00000099953.9,TASK039B,EXTDEP_DB78A6DC96947B8695F4,EXT_31024988_10,PUB_PMID_31024988,SHARED_PUBLICATION,DEPENDENT_WITHIN_PUBLICATION,EXTERNAL_EVIDENCE_LINEAGE,Evidence units from one publication are not independent replications.,A missing edge or NO_DEPENDENCY_IDENTIFIED does not prove statistical independence.,outputs/mmp11_external_evidence_v0.1/external_dependency_map.csv
EXTDEP_72CC5D69DDBF0F0345B8,ENSG00000099953.9,TASK039B,EXTDEP_72CC5D69DDBF0F0345B8,EXT_31024988_10,MODEL_ANTIBODY_MIGRATION,SHARED_DATASET,DATASET_LINEAGE_RETAINED,EXTERNAL_EVIDENCE_LINEAGE,This evidence unit is derived from the named dataset/cohort.,A missing edge or NO_DEPENDENCY_IDENTIFIED does not prove statistical independence.,outputs/mmp11_external_evidence_v0.1/external_dependency_map.csv
EXTDEP_55207A0EEAB401D75C93,ENSG00000099953.9,TASK039B,EXTDEP_55207A0EEAB401D75C93,EXT_31024988_11,PUB_PMID_31024988,SHARED_PUBLICATION,DEPENDENT_WITHIN_PUBLICATION,EXTERNAL_EVIDENCE_LINEAGE,Evidence units from one publication are not independent replications.,A missing edge or NO_DEPENDENCY_IDENTIFIED does not prove statistical independence.,outputs/mmp11_external_evidence_v0.1/external_dependency_map.csv
EXTDEP_C639D23FBF52A9DCD474,ENSG00000099953.9,TASK039B,EXTDEP_C639D23FBF52A9DCD474,EXT_31024988_11,MODEL_A549_XENOGRAFT_KO,SHARED_DATASET,DATASET_LINEAGE_RETAINED,EXTERNAL_EVIDENCE_LINEAGE,This evidence unit is derived from the named dataset/cohort.,A missing edge or NO_DEPENDENCY_IDENTIFIED does not prove statistical independence.,outputs/mmp11_external_evidence_v0.1/external_dependency_map.csv
EXTDEP_61A3002EE631D46FD08C,ENSG00000099953.9,TASK039B,EXTDEP_61A3002EE631D46FD08C,EXT_31024988_12,PUB_PMID_31024988,SHARED_PUBLICATION,DEPENDENT_WITHIN_PUBLICATION,EXTERNAL_EVIDENCE_LINEAGE,Evidence units from one publication are not independent replications.,A missing edge or NO_DEPENDENCY_IDENTIFIED does not prove statistical independence.,outputs/mmp11_external_evidence_v0.1/external_dependency_map.csv
EXTDEP_F2B192048394FBEE7D3C,ENSG00000099953.9,TASK039B,EXTDEP_F2B192048394FBEE7D3C,EXT_31024988_12,MODEL_A549_XENOGRAFT_AB,SHARED_DATASET,DATASET_LINEAGE_RETAINED,EXTERNAL_EVIDENCE_LINEAGE,This evidence unit is derived from the named dataset/cohort.,A missing edge or NO_DEPENDENCY_IDENTIFIED does not prove statistical independence.,outputs/mmp11_external_evidence_v0.1/external_dependency_map.csv
EXTDEP_8229C8EA8B15D8A5572E,ENSG00000099953.9,TASK039B,EXTDEP_8229C8EA8B15D8A5572E,EXT_36756152_01,PUB_PMID_36756152,SHARED_PUBLICATION,DEPENDENT_WITHIN_PUBLICATION,EXTERNAL_EVIDENCE_LINEAGE,Evidence units from one publication are not independent replications.,A missing edge or NO_DEPENDENCY_IDENTIFIED does not prove statistical independence.,outputs/mmp11_external_evidence_v0.1/external_dependency_map.csv
EXTDEP_8149B6D82E033398F701,ENSG00000099953.9,TASK039B,EXTDEP_8149B6D82E033398F701,EXT_36756152_01,TCGA-LUAD,SHARED_DATASET,DATASET_LINEAGE_RETAINED,EXTERNAL_EVIDENCE_LINEAGE,This evidence unit is derived from the named dataset/cohort.,A missing edge or NO_DEPENDENCY_IDENTIFIED does not prove statistical independence.,outputs/mmp11_external_evidence_v0.1/external_dependency_map.csv
EXTDEP_16A2A7ED7BE42E6EAFEC,ENSG00000099953.9,TASK039B,EXTDEP_16A2A7ED7BE42E6EAFEC,EXT_36756152_02,PUB_PMID_36756152,SHARED_PUBLICATION,DEPENDENT_WITHIN_PUBLICATION,EXTERNAL_EVIDENCE_LINEAGE,Evidence units from one publication are not independent replications.,A missing edge or NO_DEPENDENCY_IDENTIFIED does not prove statistical independence.,outputs/mmp11_external_evidence_v0.1/external_dependency_map.csv
EXTDEP_8C17382AC99870544BE9,ENSG00000099953.9,TASK039B,EXTDEP_8C17382AC99870544BE9,EXT_36756152_02,TCGA-LUAD,SHARED_DATASET,DATASET_LINEAGE_RETAINED,EXTERNAL_EVIDENCE_LINEAGE,This evidence unit is derived from the named dataset/cohort.,A missing edge or NO_DEPENDENCY_IDENTIFIED does not prove statistical independence.,outputs/mmp11_external_evidence_v0.1/external_dependency_map.csv
EXTDEP_BA5CFDA724A4D7CF148E,ENSG00000099953.9,TASK039B,EXTDEP_BA5CFDA724A4D7CF148E,EXT_36756152_03,PUB_PMID_36756152,SHARED_PUBLICATION,DEPENDENT_WITHIN_PUBLICATION,EXTERNAL_EVIDENCE_LINEAGE,Evidence units from one publication are not independent replications.,A missing edge or NO_DEPENDENCY_IDENTIFIED does not prove statistical independence.,outputs/mmp11_external_evidence_v0.1/external_dependency_map.csv
EXTDEP_91AA31A94FE3635B81A2,ENSG00000099953.9,TASK039B,EXTDEP_91AA31A94FE3635B81A2,EXT_36756152_03,COHORT_2023_LUAD_37,SHARED_DATASET,DATASET_LINEAGE_RETAINED,EXTERNAL_EVIDENCE_LINEAGE,This evidence unit is derived from the named dataset/cohort.,A missing edge or NO_DEPENDENCY_IDENTIFIED does not prove statistical independence.,outputs/mmp11_external_evidence_v0.1/external_dependency_map.csv
EXTDEP_268E7F0819E724A3EBE9,ENSG00000099953.9,TASK039B,EXTDEP_268E7F0819E724A3EBE9,EXT_36756152_04,PUB_PMID_36756152,SHARED_PUBLICATION,DEPENDENT_WITHIN_PUBLICATION,EXTERNAL_EVIDENCE_LINEAGE,Evidence units from one publication are not independent replications.,A missing edge or NO_DEPENDENCY_IDENTIFIED does not prove statistical independence.,outputs/mmp11_external_evidence_v0.1/external_dependency_map.csv
EXTDEP_EC18EC1238AE4C28AC04,ENSG00000099953.9,TASK039B,EXTDEP_EC18EC1238AE4C28AC04,EXT_36756152_04,TCGA-LUAD,SHARED_DATASET,DATASET_LINEAGE_RETAINED,EXTERNAL_EVIDENCE_LINEAGE,This evidence unit is derived from the named dataset/cohort.,A missing edge or NO_DEPENDENCY_IDENTIFIED does not prove statistical independence.,outputs/mmp11_external_evidence_v0.1/external_dependency_map.csv
EXTDEP_44CD23AF5779970F80C5,ENSG00000099953.9,TASK039B,EXTDEP_44CD23AF5779970F80C5,EXT_36756152_05,PUB_PMID_36756152,SHARED_PUBLICATION,DEPENDENT_WITHIN_PUBLICATION,EXTERNAL_EVIDENCE_LINEAGE,Evidence units from one publication are not independent replications.,A missing edge or NO_DEPENDENCY_IDENTIFIED does not prove statistical independence.,outputs/mmp11_external_evidence_v0.1/external_dependency_map.csv
EXTDEP_56BDB0066CB826E9BE94,ENSG00000099953.9,TASK039B,EXTDEP_56BDB0066CB826E9BE94,EXT_36756152_05,COHORT_2023_LUAD_37,SHARED_DATASET,DATASET_LINEAGE_RETAINED,EXTERNAL_EVIDENCE_LINEAGE,This evidence unit is derived from the named dataset/cohort.,A missing edge or NO_DEPENDENCY_IDENTIFIED does not prove statistical independence.,outputs/mmp11_external_evidence_v0.1/external_dependency_map.csv
EXTDEP_AE95341A2CB6E49237E9,ENSG00000099953.9,TASK039B,EXTDEP_AE95341A2CB6E49237E9,EXT_36756152_06,PUB_PMID_36756152,SHARED_PUBLICATION,DEPENDENT_WITHIN_PUBLICATION,EXTERNAL_EVIDENCE_LINEAGE,Evidence units from one publication are not independent replications.,A missing edge or NO_DEPENDENCY_IDENTIFIED does not prove statistical independence.,outputs/mmp11_external_evidence_v0.1/external_dependency_map.csv
EXTDEP_17CE455817A9C46AC0BD,ENSG00000099953.9,TASK039B,EXTDEP_17CE455817A9C46AC0BD,EXT_36756152_06,TCGA-LUAD,SHARED_DATASET,DATASET_LINEAGE_RETAINED,EXTERNAL_EVIDENCE_LINEAGE,This evidence unit is derived from the named dataset/cohort.,A missing edge or NO_DEPENDENCY_IDENTIFIED does not prove statistical independence.,outputs/mmp11_external_evidence_v0.1/external_dependency_map.csv
EXTDEP_05FE2295EBEB335EE89A,ENSG00000099953.9,TASK039B,EXTDEP_05FE2295EBEB335EE89A,EXT_36756152_07,PUB_PMID_36756152,SHARED_PUBLICATION,DEPENDENT_WITHIN_PUBLICATION,EXTERNAL_EVIDENCE_LINEAGE,Evidence units from one publication are not independent replications.,A missing edge or NO_DEPENDENCY_IDENTIFIED does not prove statistical independence.,outputs/mmp11_external_evidence_v0.1/external_dependency_map.csv
EXTDEP_8865F298FA0FBDD21E84,ENSG00000099953.9,TASK039B,EXTDEP_8865F298FA0FBDD21E84,EXT_36756152_07,TCGA-LUAD,SHARED_DATASET,DATASET_LINEAGE_RETAINED,EXTERNAL_EVIDENCE_LINEAGE,This evidence unit is derived from the named dataset/cohort.,A missing edge or NO_DEPENDENCY_IDENTIFIED does not prove statistical independence.,outputs/mmp11_external_evidence_v0.1/external_dependency_map.csv
EXTDEP_A415157DC850E4D35BBC,ENSG00000099953.9,TASK039B,EXTDEP_A415157DC850E4D35BBC,EXT_36756152_08,PUB_PMID_36756152,SHARED_PUBLICATION,DEPENDENT_WITHIN_PUBLICATION,EXTERNAL_EVIDENCE_LINEAGE,Evidence units from one publication are not independent replications.,A missing edge or NO_DEPENDENCY_IDENTIFIED does not prove statistical independence.,outputs/mmp11_external_evidence_v0.1/external_dependency_map.csv
EXTDEP_8BD5BB478287E5A358FB,ENSG00000099953.9,TASK039B,EXTDEP_8BD5BB478287E5A358FB,EXT_36756152_08,TCGA-LUAD,SHARED_DATASET,DATASET_LINEAGE_RETAINED,EXTERNAL_EVIDENCE_LINEAGE,This evidence unit is derived from the named dataset/cohort.,A missing edge or NO_DEPENDENCY_IDENTIFIED does not prove statistical independence.,outputs/mmp11_external_evidence_v0.1/external_dependency_map.csv
EXTDEP_FF1B911A3CBF120AFF30,ENSG00000099953.9,TASK039B,EXTDEP_FF1B911A3CBF120AFF30,EXT_40386736_01,PUB_PMID_40386736,SHARED_PUBLICATION,DEPENDENT_WITHIN_PUBLICATION,EXTERNAL_EVIDENCE_LINEAGE,Evidence units from one publication are not independent replications.,A missing edge or NO_DEPENDENCY_IDENTIFIED does not prove statistical independence.,outputs/mmp11_external_evidence_v0.1/external_dependency_map.csv
EXTDEP_8D133EC4F1CC09990264,ENSG00000099953.9,TASK039B,EXTDEP_8D133EC4F1CC09990264,EXT_40386736_01,GSE33479,SHARED_DATASET,DATASET_LINEAGE_RETAINED,EXTERNAL_EVIDENCE_LINEAGE,This evidence unit is derived from the named dataset/cohort.,A missing edge or NO_DEPENDENCY_IDENTIFIED does not prove statistical independence.,outputs/mmp11_external_evidence_v0.1/external_dependency_map.csv
EXTDEP_22F4274D35ECBD8C040D,ENSG00000099953.9,TASK039B,EXTDEP_22F4274D35ECBD8C040D,EXT_40386736_01,GSE18842,SHARED_DATASET,DATASET_LINEAGE_RETAINED,EXTERNAL_EVIDENCE_LINEAGE,This evidence unit is derived from the named dataset/cohort.,A missing edge or NO_DEPENDENCY_IDENTIFIED does not prove statistical independence.,outputs/mmp11_external_evidence_v0.1/external_dependency_map.csv
EXTDEP_3617660814D8AB0DE4DF,ENSG00000099953.9,TASK039B,EXTDEP_3617660814D8AB0DE4DF,EXT_40386736_01,GSE32863,SHARED_DATASET,DATASET_LINEAGE_RETAINED,EXTERNAL_EVIDENCE_LINEAGE,This evidence unit is derived from the named dataset/cohort.,A missing edge or NO_DEPENDENCY_IDENTIFIED does not prove statistical independence.,outputs/mmp11_external_evidence_v0.1/external_dependency_map.csv
EXTDEP_0F6FE020F73B324CE422,ENSG00000099953.9,TASK039B,EXTDEP_0F6FE020F73B324CE422,EXT_40386736_02,PUB_PMID_40386736,SHARED_PUBLICATION,DEPENDENT_WITHIN_PUBLICATION,EXTERNAL_EVIDENCE_LINEAGE,Evidence units from one publication are not independent replications.,A missing edge or NO_DEPENDENCY_IDENTIFIED does not prove statistical independence.,outputs/mmp11_external_evidence_v0.1/external_dependency_map.csv
EXTDEP_C309D75F58BD01A3A37E,ENSG00000099953.9,TASK039B,EXTDEP_C309D75F58BD01A3A37E,EXT_40386736_02,COHORT_2025_TISSUE_20,SHARED_DATASET,DATASET_LINEAGE_RETAINED,EXTERNAL_EVIDENCE_LINEAGE,This evidence unit is derived from the named dataset/cohort.,A missing edge or NO_DEPENDENCY_IDENTIFIED does not prove statistical independence.,outputs/mmp11_external_evidence_v0.1/external_dependency_map.csv
EXTDEP_6439547928B4B852E1B5,ENSG00000099953.9,TASK039B,EXTDEP_6439547928B4B852E1B5,EXT_40386736_03,PUB_PMID_40386736,SHARED_PUBLICATION,DEPENDENT_WITHIN_PUBLICATION,EXTERNAL_EVIDENCE_LINEAGE,Evidence units from one publication are not independent replications.,A missing edge or NO_DEPENDENCY_IDENTIFIED does not prove statistical independence.,outputs/mmp11_external_evidence_v0.1/external_dependency_map.csv
EXTDEP_9CBE41733B6722CEF55F,ENSG00000099953.9,TASK039B,EXTDEP_9CBE41733B6722CEF55F,EXT_40386736_03,COHORT_2025_SERUM_400,SHARED_DATASET,DATASET_LINEAGE_RETAINED,EXTERNAL_EVIDENCE_LINEAGE,This evidence unit is derived from the named dataset/cohort.,A missing edge or NO_DEPENDENCY_IDENTIFIED does not prove statistical independence.,outputs/mmp11_external_evidence_v0.1/external_dependency_map.csv
EXTDEP_9B9FEE2D1EEF420E6F11,ENSG00000099953.9,TASK039B,EXTDEP_9B9FEE2D1EEF420E6F11,EXT_40386736_04,PUB_PMID_40386736,SHARED_PUBLICATION,DEPENDENT_WITHIN_PUBLICATION,EXTERNAL_EVIDENCE_LINEAGE,Evidence units from one publication are not independent replications.,A missing edge or NO_DEPENDENCY_IDENTIFIED does not prove statistical independence.,outputs/mmp11_external_evidence_v0.1/external_dependency_map.csv
EXTDEP_673651319989E241AB53,ENSG00000099953.9,TASK039B,EXTDEP_673651319989E241AB53,EXT_40386736_04,COHORT_2025_SERUM_400,SHARED_DATASET,DATASET_LINEAGE_RETAINED,EXTERNAL_EVIDENCE_LINEAGE,This evidence unit is derived from the named dataset/cohort.,A missing edge or NO_DEPENDENCY_IDENTIFIED does not prove statistical independence.,outputs/mmp11_external_evidence_v0.1/external_dependency_map.csv
EXTDEP_401470531F4F1A3BDEB2,ENSG00000099953.9,TASK039B,EXTDEP_401470531F4F1A3BDEB2,EXT_39672019_01,PUB_PMID_39672019,SHARED_PUBLICATION,DEPENDENT_WITHIN_PUBLICATION,EXTERNAL_EVIDENCE_LINEAGE,Evidence units from one publication are not independent replications.,A missing edge or NO_DEPENDENCY_IDENTIFIED does not prove statistical independence.,outputs/mmp11_external_evidence_v0.1/external_dependency_map.csv
EXTDEP_5FBF95BF310572D8C16A,ENSG00000099953.9,TASK039B,EXTDEP_5FBF95BF310572D8C16A,EXT_39672019_01,LUAD_SC_DATASET_2025,SHARED_DATASET,DATASET_LINEAGE_RETAINED,EXTERNAL_EVIDENCE_LINEAGE,This evidence unit is derived from the named dataset/cohort.,A missing edge or NO_DEPENDENCY_IDENTIFIED does not prove statistical independence.,outputs/mmp11_external_evidence_v0.1/external_dependency_map.csv
EXTDEP_D3C3EA47B9484F4558DA,ENSG00000099953.9,TASK039B,EXTDEP_D3C3EA47B9484F4558DA,EXT_39672019_02,PUB_PMID_39672019,SHARED_PUBLICATION,DEPENDENT_WITHIN_PUBLICATION,EXTERNAL_EVIDENCE_LINEAGE,Evidence units from one publication are not independent replications.,A missing edge or NO_DEPENDENCY_IDENTIFIED does not prove statistical independence.,outputs/mmp11_external_evidence_v0.1/external_dependency_map.csv
EXTDEP_E8DD625DB2AFEC019BA8,ENSG00000099953.9,TASK039B,EXTDEP_E8DD625DB2AFEC019BA8,EXT_39672019_02,LUAD_SURVIVAL_2025,SHARED_DATASET,DATASET_LINEAGE_RETAINED,EXTERNAL_EVIDENCE_LINEAGE,This evidence unit is derived from the named dataset/cohort.,A missing edge or NO_DEPENDENCY_IDENTIFIED does not prove statistical independence.,outputs/mmp11_external_evidence_v0.1/external_dependency_map.csv
EXTDEP_866D19B2A0325749BF8D,ENSG00000099953.9,TASK039B,EXTDEP_866D19B2A0325749BF8D,EXT_40552583_01,PUB_PMID_40552583,SHARED_PUBLICATION,DEPENDENT_WITHIN_PUBLICATION,EXTERNAL_EVIDENCE_LINEAGE,Evidence units from one publication are not independent replications.,A missing edge or NO_DEPENDENCY_IDENTIFIED does not prove statistical independence.,outputs/mmp11_external_evidence_v0.1/external_dependency_map.csv
EXTDEP_E14506719307C8296E6E,ENSG00000099953.9,TASK039B,EXTDEP_E14506719307C8296E6E,EXT_40552583_01,LUAD_PANCANCER_SC_2025,SHARED_DATASET,DATASET_LINEAGE_RETAINED,EXTERNAL_EVIDENCE_LINEAGE,This evidence unit is derived from the named dataset/cohort.,A missing edge or NO_DEPENDENCY_IDENTIFIED does not prove statistical independence.,outputs/mmp11_external_evidence_v0.1/external_dependency_map.csv
EXTDEP_25A9BF402471126A78B5,ENSG00000099953.9,TASK039B,EXTDEP_25A9BF402471126A78B5,EXT_34671675_01,PUB_PMID_34671675,SHARED_PUBLICATION,DEPENDENT_WITHIN_PUBLICATION,EXTERNAL_EVIDENCE_LINEAGE,Evidence units from one publication are not independent replications.,A missing edge or NO_DEPENDENCY_IDENTIFIED does not prove statistical independence.,outputs/mmp11_external_evidence_v0.1/external_dependency_map.csv
EXTDEP_6EDC8A4055ECEB9AB2B8,ENSG00000099953.9,TASK039B,EXTDEP_6EDC8A4055ECEB9AB2B8,EXT_34671675_01,GSE19804,SHARED_DATASET,DATASET_LINEAGE_RETAINED,EXTERNAL_EVIDENCE_LINEAGE,This evidence unit is derived from the named dataset/cohort.,A missing edge or NO_DEPENDENCY_IDENTIFIED does not prove statistical independence.,outputs/mmp11_external_evidence_v0.1/external_dependency_map.csv
EXTDEP_B2F91A52EB7387A53503,ENSG00000099953.9,TASK039B,EXTDEP_B2F91A52EB7387A53503,EXT_34671675_02,PUB_PMID_34671675,SHARED_PUBLICATION,DEPENDENT_WITHIN_PUBLICATION,EXTERNAL_EVIDENCE_LINEAGE,Evidence units from one publication are not independent replications.,A missing edge or NO_DEPENDENCY_IDENTIFIED does not prove statistical independence.,outputs/mmp11_external_evidence_v0.1/external_dependency_map.csv
EXTDEP_B1B9BFD8C95852B3607C,ENSG00000099953.9,TASK039B,EXTDEP_B1B9BFD8C95852B3607C,EXT_34671675_02,KM_PLOTTER_2021,SHARED_DATASET,DATASET_LINEAGE_RETAINED,EXTERNAL_EVIDENCE_LINEAGE,This evidence unit is derived from the named dataset/cohort.,A missing edge or NO_DEPENDENCY_IDENTIFIED does not prove statistical independence.,outputs/mmp11_external_evidence_v0.1/external_dependency_map.csv
EXTDEP_D202026E40CCA0DE9AF0,ENSG00000099953.9,TASK039B,EXTDEP_D202026E40CCA0DE9AF0,EXT_35422093_01,PUB_PMID_35422093,SHARED_PUBLICATION,DEPENDENT_WITHIN_PUBLICATION,EXTERNAL_EVIDENCE_LINEAGE,Evidence units from one publication are not independent replications.,A missing edge or NO_DEPENDENCY_IDENTIFIED does not prove statistical independence.,outputs/mmp11_external_evidence_v0.1/external_dependency_map.csv
EXTDEP_F69F4955C0E63FB0DF38,ENSG00000099953.9,TASK039B,EXTDEP_F69F4955C0E63FB0DF38,EXT_35422093_01,COHORT_2022_LUAD_4,SHARED_DATASET,DATASET_LINEAGE_RETAINED,EXTERNAL_EVIDENCE_LINEAGE,This evidence unit is derived from the named dataset/cohort.,A missing edge or NO_DEPENDENCY_IDENTIFIED does not prove statistical independence.,outputs/mmp11_external_evidence_v0.1/external_dependency_map.csv
EXTDEP_29EACF6E1C482505AB39,ENSG00000099953.9,TASK039B,EXTDEP_29EACF6E1C482505AB39,EXT_29568911_01,PUB_PMID_29568911,SHARED_PUBLICATION,DEPENDENT_WITHIN_PUBLICATION,EXTERNAL_EVIDENCE_LINEAGE,Evidence units from one publication are not independent replications.,A missing edge or NO_DEPENDENCY_IDENTIFIED does not prove statistical independence.,outputs/mmp11_external_evidence_v0.1/external_dependency_map.csv
EXTDEP_1666655685062ACBA453,ENSG00000099953.9,TASK039B,EXTDEP_1666655685062ACBA453,EXT_29568911_01,MODEL_MIR25_A549_CALU1,SHARED_DATASET,DATASET_LINEAGE_RETAINED,EXTERNAL_EVIDENCE_LINEAGE,This evidence unit is derived from the named dataset/cohort.,A missing edge or NO_DEPENDENCY_IDENTIFIED does not prove statistical independence.,outputs/mmp11_external_evidence_v0.1/external_dependency_map.csv
EXTDEP_06F22EF9654CBAD3D025,ENSG00000099953.9,TASK039B,EXTDEP_06F22EF9654CBAD3D025,EXT_29796998_01,PUB_PMID_29796998,SHARED_PUBLICATION,DEPENDENT_WITHIN_PUBLICATION,EXTERNAL_EVIDENCE_LINEAGE,Evidence units from one publication are not independent replications.,A missing edge or NO_DEPENDENCY_IDENTIFIED does not prove statistical independence.,outputs/mmp11_external_evidence_v0.1/external_dependency_map.csv
EXTDEP_6D71F2E84FCC7C1CD2A7,ENSG00000099953.9,TASK039B,EXTDEP_6D71F2E84FCC7C1CD2A7,EXT_29796998_01,COHORT_2018_ONE_PATIENT,SHARED_DATASET,DATASET_LINEAGE_RETAINED,EXTERNAL_EVIDENCE_LINEAGE,This evidence unit is derived from the named dataset/cohort.,A missing edge or NO_DEPENDENCY_IDENTIFIED does not prove statistical independence.,outputs/mmp11_external_evidence_v0.1/external_dependency_map.csv
EXTDEP_256B8CC8066F74F69F43,ENSG00000099953.9,TASK039B,EXTDEP_256B8CC8066F74F69F43,EXT_31570432_01,PUB_PMID_31570432,SHARED_PUBLICATION,DEPENDENT_WITHIN_PUBLICATION,EXTERNAL_EVIDENCE_LINEAGE,Evidence units from one publication are not independent replications.,A missing edge or NO_DEPENDENCY_IDENTIFIED does not prove statistical independence.,outputs/mmp11_external_evidence_v0.1/external_dependency_map.csv
EXTDEP_9E99F6A42509337D5B1F,ENSG00000099953.9,TASK039B,EXTDEP_9E99F6A42509337D5B1F,EXT_31570432_01,COHORT_2019_GENOTYPE_1074,SHARED_DATASET,DATASET_LINEAGE_RETAINED,EXTERNAL_EVIDENCE_LINEAGE,This evidence unit is derived from the named dataset/cohort.,A missing edge or NO_DEPENDENCY_IDENTIFIED does not prove statistical independence.,outputs/mmp11_external_evidence_v0.1/external_dependency_map.csv
EXTDEP_09E306C195740D458AFE,ENSG00000099953.9,TASK039B,EXTDEP_09E306C195740D458AFE,EXT_30825234_01,PUB_PMID_30825234,SHARED_PUBLICATION,DEPENDENT_WITHIN_PUBLICATION,EXTERNAL_EVIDENCE_LINEAGE,Evidence units from one publication are not independent replications.,A missing edge or NO_DEPENDENCY_IDENTIFIED does not prove statistical independence.,outputs/mmp11_external_evidence_v0.1/external_dependency_map.csv
EXTDEP_B0FCB89C032E8C349ADF,ENSG00000099953.9,TASK039B,EXTDEP_B0FCB89C032E8C349ADF,EXT_30825234_01,COHORT_SPOCK1_NSCLC,SHARED_DATASET,DATASET_LINEAGE_RETAINED,EXTERNAL_EVIDENCE_LINEAGE,This evidence unit is derived from the named dataset/cohort.,A missing edge or NO_DEPENDENCY_IDENTIFIED does not prove statistical independence.,outputs/mmp11_external_evidence_v0.1/external_dependency_map.csv
EXTDEP_AEADE14434153F6BF793,ENSG00000099953.9,TASK039B,EXTDEP_AEADE14434153F6BF793,EXT_37602450_01,PUB_PMID_37602450,SHARED_PUBLICATION,DEPENDENT_WITHIN_PUBLICATION,EXTERNAL_EVIDENCE_LINEAGE,Evidence units from one publication are not independent replications.,A missing edge or NO_DEPENDENCY_IDENTIFIED does not prove statistical independence.,outputs/mmp11_external_evidence_v0.1/external_dependency_map.csv
EXTDEP_0272AD0EC526BE74429F,ENSG00000099953.9,TASK039B,EXTDEP_0272AD0EC526BE74429F,EXT_37602450_01,MODEL_LINC00511_UNRESOLVED,SHARED_DATASET,DATASET_LINEAGE_RETAINED,EXTERNAL_EVIDENCE_LINEAGE,This evidence unit is derived from the named dataset/cohort.,A missing edge or NO_DEPENDENCY_IDENTIFIED does not prove statistical independence.,outputs/mmp11_external_evidence_v0.1/external_dependency_map.csv
EXTDEP_67877F2FD38EFA1AF81F,ENSG00000099953.9,TASK039B,EXTDEP_67877F2FD38EFA1AF81F,EXT_39904499_01,PUB_PMID_39904499,SHARED_PUBLICATION,DEPENDENT_WITHIN_PUBLICATION,EXTERNAL_EVIDENCE_LINEAGE,Evidence units from one publication are not independent replications.,A missing edge or NO_DEPENDENCY_IDENTIFIED does not prove statistical independence.,outputs/mmp11_external_evidence_v0.1/external_dependency_map.csv
EXTDEP_C48D34992DB867D51C56,ENSG00000099953.9,TASK039B,EXTDEP_C48D34992DB867D51C56,EXT_39904499_01,MODEL_ALK_ALECTINIB,SHARED_DATASET,DATASET_LINEAGE_RETAINED,EXTERNAL_EVIDENCE_LINEAGE,This evidence unit is derived from the named dataset/cohort.,A missing edge or NO_DEPENDENCY_IDENTIFIED does not prove statistical independence.,outputs/mmp11_external_evidence_v0.1/external_dependency_map.csv
EXTDEP_87D1D7347C3C49208005,ENSG00000099953.9,TASK039B,EXTDEP_87D1D7347C3C49208005,EXT_40826767_01,PUB_PMID_40826767,SHARED_PUBLICATION,DEPENDENT_WITHIN_PUBLICATION,EXTERNAL_EVIDENCE_LINEAGE,Evidence units from one publication are not independent replications.,A missing edge or NO_DEPENDENCY_IDENTIFIED does not prove statistical independence.,outputs/mmp11_external_evidence_v0.1/external_dependency_map.csv
EXTDEP_F6C8C262B793FA59E0C0,ENSG00000099953.9,TASK039B,EXTDEP_F6C8C262B793FA59E0C0,EXT_40826767_01,GSE76925,SHARED_DATASET,DATASET_LINEAGE_RETAINED,EXTERNAL_EVIDENCE_LINEAGE,This evidence unit is derived from the named dataset/cohort.,A missing edge or NO_DEPENDENCY_IDENTIFIED does not prove statistical independence.,outputs/mmp11_external_evidence_v0.1/external_dependency_map.csv
EXTDEP_5F4015E4FB17864F7209,ENSG00000099953.9,TASK039B,EXTDEP_5F4015E4FB17864F7209,EXT_40826767_01,GSE18842,SHARED_DATASET,DATASET_LINEAGE_RETAINED,EXTERNAL_EVIDENCE_LINEAGE,This evidence unit is derived from the named dataset/cohort.,A missing edge or NO_DEPENDENCY_IDENTIFIED does not prove statistical independence.,outputs/mmp11_external_evidence_v0.1/external_dependency_map.csv
EXTDEP_C2FEA8C24A8CEDF26444,ENSG00000099953.9,TASK039B,EXTDEP_C2FEA8C24A8CEDF26444,EXT_40826767_01,GSE10072,SHARED_DATASET,DATASET_LINEAGE_RETAINED,EXTERNAL_EVIDENCE_LINEAGE,This evidence unit is derived from the named dataset/cohort.,A missing edge or NO_DEPENDENCY_IDENTIFIED does not prove statistical independence.,outputs/mmp11_external_evidence_v0.1/external_dependency_map.csv
EXTDEP_F90EA77F541F591470CD,ENSG00000099953.9,TASK039B,EXTDEP_F90EA77F541F591470CD,EXT_41804162_01,PUB_PMID_41804162,SHARED_PUBLICATION,DEPENDENT_WITHIN_PUBLICATION,EXTERNAL_EVIDENCE_LINEAGE,Evidence units from one publication are not independent replications.,A missing edge or NO_DEPENDENCY_IDENTIFIED does not prove statistical independence.,outputs/mmp11_external_evidence_v0.1/external_dependency_map.csv
EXTDEP_DEA25A6B0905F421621C,ENSG00000099953.9,TASK039B,EXTDEP_DEA25A6B0905F421621C,EXT_41804162_01,MODEL_CIRSIMARIN_A549,SHARED_DATASET,DATASET_LINEAGE_RETAINED,EXTERNAL_EVIDENCE_LINEAGE,This evidence unit is derived from the named dataset/cohort.,A missing edge or NO_DEPENDENCY_IDENTIFIED does not prove statistical independence.,outputs/mmp11_external_evidence_v0.1/external_dependency_map.csv
EXTDEP_0E2FC142B2F8314DD042,ENSG00000099953.9,TASK039B,EXTDEP_0E2FC142B2F8314DD042,EXT_41654000_01,PUB_PMID_41654000,SHARED_PUBLICATION,DEPENDENT_WITHIN_PUBLICATION,EXTERNAL_EVIDENCE_LINEAGE,Evidence units from one publication are not independent replications.,A missing edge or NO_DEPENDENCY_IDENTIFIED does not prove statistical independence.,outputs/mmp11_external_evidence_v0.1/external_dependency_map.csv
EXTDEP_B15652B8B059EC560813,ENSG00000099953.9,TASK039B,EXTDEP_B15652B8B059EC560813,EXT_41654000_01,COHORT_NINTEDANIB_NON_TUMOUR,SHARED_DATASET,DATASET_LINEAGE_RETAINED,EXTERNAL_EVIDENCE_LINEAGE,This evidence unit is derived from the named dataset/cohort.,A missing edge or NO_DEPENDENCY_IDENTIFIED does not prove statistical independence.,outputs/mmp11_external_evidence_v0.1/external_dependency_map.csv
EXTDEP_1DB8CB7ED95EDEBFECA8,ENSG00000099953.9,TASK039B,EXTDEP_1DB8CB7ED95EDEBFECA8,EXT_10741738_01,PUB_PMID_10741738,SHARED_PUBLICATION,DEPENDENT_WITHIN_PUBLICATION,EXTERNAL_EVIDENCE_LINEAGE,Evidence units from one publication are not independent replications.,A missing edge or NO_DEPENDENCY_IDENTIFIED does not prove statistical independence.,outputs/mmp11_external_evidence_v0.1/external_dependency_map.csv
EXTDEP_A62F6B531B219CF3F32F,ENSG00000099953.9,TASK039B,EXTDEP_A62F6B531B219CF3F32F,EXT_10741738_01,COHORT_2000_NSCLC_119,SHARED_DATASET,DATASET_LINEAGE_RETAINED,EXTERNAL_EVIDENCE_LINEAGE,This evidence unit is derived from the named dataset/cohort.,A missing edge or NO_DEPENDENCY_IDENTIFIED does not prove statistical independence.,outputs/mmp11_external_evidence_v0.1/external_dependency_map.csv
EXTDEP_69E7C09363E5B51E2237,ENSG00000099953.9,TASK039B,EXTDEP_69E7C09363E5B51E2237,EXT_10741738_02,PUB_PMID_10741738,SHARED_PUBLICATION,DEPENDENT_WITHIN_PUBLICATION,EXTERNAL_EVIDENCE_LINEAGE,Evidence units from one publication are not independent replications.,A missing edge or NO_DEPENDENCY_IDENTIFIED does not prove statistical independence.,outputs/mmp11_external_evidence_v0.1/external_dependency_map.csv
EXTDEP_BCF6FD59F1D906A9D4FB,ENSG00000099953.9,TASK039B,EXTDEP_BCF6FD59F1D906A9D4FB,EXT_10741738_02,COHORT_2000_NSCLC_119,SHARED_DATASET,DATASET_LINEAGE_RETAINED,EXTERNAL_EVIDENCE_LINEAGE,This evidence unit is derived from the named dataset/cohort.,A missing edge or NO_DEPENDENCY_IDENTIFIED does not prove statistical independence.,outputs/mmp11_external_evidence_v0.1/external_dependency_map.csv
EXTDEP_A939ABF64E1A6C6BBA40,ENSG00000099953.9,TASK039B,EXTDEP_A939ABF64E1A6C6BBA40,EXT_9137088_01,PUB_PMID_9137088,SHARED_PUBLICATION,DEPENDENT_WITHIN_PUBLICATION,EXTERNAL_EVIDENCE_LINEAGE,Evidence units from one publication are not independent replications.,A missing edge or NO_DEPENDENCY_IDENTIFIED does not prove statistical independence.,outputs/mmp11_external_evidence_v0.1/external_dependency_map.csv
EXTDEP_61E32103F0A39C5CE2B6,ENSG00000099953.9,TASK039B,EXTDEP_61E32103F0A39C5CE2B6,EXT_9137088_01,COHORT_1997_LUNG_89,SHARED_DATASET,DATASET_LINEAGE_RETAINED,EXTERNAL_EVIDENCE_LINEAGE,This evidence unit is derived from the named dataset/cohort.,A missing edge or NO_DEPENDENCY_IDENTIFIED does not prove statistical independence.,outputs/mmp11_external_evidence_v0.1/external_dependency_map.csv
EXTDEP_B2A887C3D81031F92A00,ENSG00000099953.9,TASK039B,EXTDEP_B2A887C3D81031F92A00,EXT_9137088_02,PUB_PMID_9137088,SHARED_PUBLICATION,DEPENDENT_WITHIN_PUBLICATION,EXTERNAL_EVIDENCE_LINEAGE,Evidence units from one publication are not independent replications.,A missing edge or NO_DEPENDENCY_IDENTIFIED does not prove statistical independence.,outputs/mmp11_external_evidence_v0.1/external_dependency_map.csv
EXTDEP_AF2392695E113310E1AB,ENSG00000099953.9,TASK039B,EXTDEP_AF2392695E113310E1AB,EXT_9137088_02,COHORT_1997_LUNG_89,SHARED_DATASET,DATASET_LINEAGE_RETAINED,EXTERNAL_EVIDENCE_LINEAGE,This evidence unit is derived from the named dataset/cohort.,A missing edge or NO_DEPENDENCY_IDENTIFIED does not prove statistical independence.,outputs/mmp11_external_evidence_v0.1/external_dependency_map.csv
EXTDEP_BF4E5B2F05E2C07C5177,ENSG00000099953.9,TASK039B,EXTDEP_BF4E5B2F05E2C07C5177,EXT_7664289_01,PUB_PMID_7664289,SHARED_PUBLICATION,DEPENDENT_WITHIN_PUBLICATION,EXTERNAL_EVIDENCE_LINEAGE,Evidence units from one publication are not independent replications.,A missing edge or NO_DEPENDENCY_IDENTIFIED does not prove statistical independence.,outputs/mmp11_external_evidence_v0.1/external_dependency_map.csv
EXTDEP_EE46937BA1BF08CCD059,ENSG00000099953.9,TASK039B,EXTDEP_EE46937BA1BF08CCD059,EXT_7664289_01,COHORT_1995_NSCLC,SHARED_DATASET,DATASET_LINEAGE_RETAINED,EXTERNAL_EVIDENCE_LINEAGE,This evidence unit is derived from the named dataset/cohort.,A missing edge or NO_DEPENDENCY_IDENTIFIED does not prove statistical independence.,outputs/mmp11_external_evidence_v0.1/external_dependency_map.csv
EXTDEP_1C469D2232361DB67B1F,ENSG00000099953.9,TASK039B,EXTDEP_1C469D2232361DB67B1F,EXT_7664289_02,PUB_PMID_7664289,SHARED_PUBLICATION,DEPENDENT_WITHIN_PUBLICATION,EXTERNAL_EVIDENCE_LINEAGE,Evidence units from one publication are not independent replications.,A missing edge or NO_DEPENDENCY_IDENTIFIED does not prove statistical independence.,outputs/mmp11_external_evidence_v0.1/external_dependency_map.csv
EXTDEP_8C1A95B03F19D8B7FB0F,ENSG00000099953.9,TASK039B,EXTDEP_8C1A95B03F19D8B7FB0F,EXT_7664289_02,COHORT_1995_NSCLC,SHARED_DATASET,DATASET_LINEAGE_RETAINED,EXTERNAL_EVIDENCE_LINEAGE,This evidence unit is derived from the named dataset/cohort.,A missing edge or NO_DEPENDENCY_IDENTIFIED does not prove statistical independence.,outputs/mmp11_external_evidence_v0.1/external_dependency_map.csv
EXTDEP_F95A615737D3481EABDF,ENSG00000099953.9,TASK039B,EXTDEP_F95A615737D3481EABDF,EXT_17310584_01,PUB_PMID_17310584,SHARED_PUBLICATION,DEPENDENT_WITHIN_PUBLICATION,EXTERNAL_EVIDENCE_LINEAGE,Evidence units from one publication are not independent replications.,A missing edge or NO_DEPENDENCY_IDENTIFIED does not prove statistical independence.,outputs/mmp11_external_evidence_v0.1/external_dependency_map.csv
EXTDEP_E231EACD889494306617,ENSG00000099953.9,TASK039B,EXTDEP_E231EACD889494306617,EXT_17310584_01,COHORT_2007_NSCLC_80,SHARED_DATASET,DATASET_LINEAGE_RETAINED,EXTERNAL_EVIDENCE_LINEAGE,This evidence unit is derived from the named dataset/cohort.,A missing edge or NO_DEPENDENCY_IDENTIFIED does not prove statistical independence.,outputs/mmp11_external_evidence_v0.1/external_dependency_map.csv
EXTDEP_FC5EA8D1EABC9D71D0C4,ENSG00000099953.9,TASK039B,EXTDEP_FC5EA8D1EABC9D71D0C4,EXT_14647437_01,PUB_PMID_14647437,SHARED_PUBLICATION,DEPENDENT_WITHIN_PUBLICATION,EXTERNAL_EVIDENCE_LINEAGE,Evidence units from one publication are not independent replications.,A missing edge or NO_DEPENDENCY_IDENTIFIED does not prove statistical independence.,outputs/mmp11_external_evidence_v0.1/external_dependency_map.csv
EXTDEP_D2DC90ED3BCC99F0E662,ENSG00000099953.9,TASK039B,EXTDEP_D2DC90ED3BCC99F0E662,EXT_14647437_01,COHORT_2004_STAGEIB_20,SHARED_DATASET,DATASET_LINEAGE_RETAINED,EXTERNAL_EVIDENCE_LINEAGE,This evidence unit is derived from the named dataset/cohort.,A missing edge or NO_DEPENDENCY_IDENTIFIED does not prove statistical independence.,outputs/mmp11_external_evidence_v0.1/external_dependency_map.csv
EXTDEP_7F855A0FFF8E6BEED357,ENSG00000099953.9,TASK039B,EXTDEP_7F855A0FFF8E6BEED357,EXT_15036884_01,PUB_PMID_15036884,SHARED_PUBLICATION,DEPENDENT_WITHIN_PUBLICATION,EXTERNAL_EVIDENCE_LINEAGE,Evidence units from one publication are not independent replications.,A missing edge or NO_DEPENDENCY_IDENTIFIED does not prove statistical independence.,outputs/mmp11_external_evidence_v0.1/external_dependency_map.csv
EXTDEP_9A9F318ADA4612DDD01C,ENSG00000099953.9,TASK039B,EXTDEP_9A9F318ADA4612DDD01C,EXT_15036884_01,COHORT_2004_ADC_SCC_26,SHARED_DATASET,DATASET_LINEAGE_RETAINED,EXTERNAL_EVIDENCE_LINEAGE,This evidence unit is derived from the named dataset/cohort.,A missing edge or NO_DEPENDENCY_IDENTIFIED does not prove statistical independence.,outputs/mmp11_external_evidence_v0.1/external_dependency_map.csv
EXTDEP_20C98EAC1CA4981D5529,ENSG00000099953.9,TASK039B,EXTDEP_20C98EAC1CA4981D5529,EXT_18793406_01,PUB_PMID_18793406,SHARED_PUBLICATION,DEPENDENT_WITHIN_PUBLICATION,EXTERNAL_EVIDENCE_LINEAGE,Evidence units from one publication are not independent replications.,A missing edge or NO_DEPENDENCY_IDENTIFIED does not prove statistical independence.,outputs/mmp11_external_evidence_v0.1/external_dependency_map.csv
EXTDEP_C0A71D9AD5C8BC0468DD,ENSG00000099953.9,TASK039B,EXTDEP_C0A71D9AD5C8BC0468DD,EXT_18793406_01,COHORT_2008_NSCLC_64,SHARED_DATASET,DATASET_LINEAGE_RETAINED,EXTERNAL_EVIDENCE_LINEAGE,This evidence unit is derived from the named dataset/cohort.,A missing edge or NO_DEPENDENCY_IDENTIFIED does not prove statistical independence.,outputs/mmp11_external_evidence_v0.1/external_dependency_map.csv
EXTDEP_856688A3475DC2E16B92,ENSG00000099953.9,TASK039B,EXTDEP_856688A3475DC2E16B92,EXT_9417124_01,PUB_PMID_9417124,SHARED_PUBLICATION,DEPENDENT_WITHIN_PUBLICATION,EXTERNAL_EVIDENCE_LINEAGE,Evidence units from one publication are not independent replications.,A missing edge or NO_DEPENDENCY_IDENTIFIED does not prove statistical independence.,outputs/mmp11_external_evidence_v0.1/external_dependency_map.csv
EXTDEP_8643CBCAD6A034F7B47B,ENSG00000099953.9,TASK039B,EXTDEP_8643CBCAD6A034F7B47B,EXT_9417124_01,MODEL_1998_COCULTURE,SHARED_DATASET,DATASET_LINEAGE_RETAINED,EXTERNAL_EVIDENCE_LINEAGE,This evidence unit is derived from the named dataset/cohort.,A missing edge or NO_DEPENDENCY_IDENTIFIED does not prove statistical independence.,outputs/mmp11_external_evidence_v0.1/external_dependency_map.csv
EXTDEP_D070C6BDD9330AE52346,ENSG00000099953.9,TASK039B,EXTDEP_D070C6BDD9330AE52346,EXT_15509588_01,PUB_PMID_15509588,SHARED_PUBLICATION,DEPENDENT_WITHIN_PUBLICATION,EXTERNAL_EVIDENCE_LINEAGE,Evidence units from one publication are not independent replications.,A missing edge or NO_DEPENDENCY_IDENTIFIED does not prove statistical independence.,outputs/mmp11_external_evidence_v0.1/external_dependency_map.csv
EXTDEP_9CF0E727F493A8164296,ENSG00000099953.9,TASK039B,EXTDEP_9CF0E727F493A8164296,EXT_15509588_01,MODEL_2005_COCULTURE,SHARED_DATASET,DATASET_LINEAGE_RETAINED,EXTERNAL_EVIDENCE_LINEAGE,This evidence unit is derived from the named dataset/cohort.,A missing edge or NO_DEPENDENCY_IDENTIFIED does not prove statistical independence.,outputs/mmp11_external_evidence_v0.1/external_dependency_map.csv
EXTDEP_A9F945DD4227C9EEBF75,ENSG00000099953.9,TASK039B,EXTDEP_A9F945DD4227C9EEBF75,EXT_15536641_01,PUB_PMID_15536641,SHARED_PUBLICATION,DEPENDENT_WITHIN_PUBLICATION,EXTERNAL_EVIDENCE_LINEAGE,Evidence units from one publication are not independent replications.,A missing edge or NO_DEPENDENCY_IDENTIFIED does not prove statistical independence.,outputs/mmp11_external_evidence_v0.1/external_dependency_map.csv
EXTDEP_45B118B2E9D069A426F1,ENSG00000099953.9,TASK039B,EXTDEP_45B118B2E9D069A426F1,EXT_15536641_01,MODEL_BTRCP_LUNG,SHARED_DATASET,DATASET_LINEAGE_RETAINED,EXTERNAL_EVIDENCE_LINEAGE,This evidence unit is derived from the named dataset/cohort.,A missing edge or NO_DEPENDENCY_IDENTIFIED does not prove statistical independence.,outputs/mmp11_external_evidence_v0.1/external_dependency_map.csv
EXTDEP_00E854298E8D06A3FD24,ENSG00000099953.9,TASK039B,EXTDEP_00E854298E8D06A3FD24,EXT_19949890_01,PUB_PMID_19949890,SHARED_PUBLICATION,DEPENDENT_WITHIN_PUBLICATION,EXTERNAL_EVIDENCE_LINEAGE,Evidence units from one publication are not independent replications.,A missing edge or NO_DEPENDENCY_IDENTIFIED does not prove statistical independence.,outputs/mmp11_external_evidence_v0.1/external_dependency_map.csv
EXTDEP_5A7EFC42C0240D4CB60A,ENSG00000099953.9,TASK039B,EXTDEP_5A7EFC42C0240D4CB60A,EXT_19949890_01,DATASET_2010_UNRESOLVED,SHARED_DATASET,DATASET_LINEAGE_RETAINED,EXTERNAL_EVIDENCE_LINEAGE,This evidence unit is derived from the named dataset/cohort.,A missing edge or NO_DEPENDENCY_IDENTIFIED does not prove statistical independence.,outputs/mmp11_external_evidence_v0.1/external_dependency_map.csv
EXTDEP_67B7112BDC7276BB2AE3,ENSG00000099953.9,TASK039B,EXTDEP_67B7112BDC7276BB2AE3,EXT_23659968_01,PUB_PMID_23659968,SHARED_PUBLICATION,DEPENDENT_WITHIN_PUBLICATION,EXTERNAL_EVIDENCE_LINEAGE,Evidence units from one publication are not independent replications.,A missing edge or NO_DEPENDENCY_IDENTIFIED does not prove statistical independence.,outputs/mmp11_external_evidence_v0.1/external_dependency_map.csv
EXTDEP_BFE3BE75B75297E4D8B4,ENSG00000099953.9,TASK039B,EXTDEP_BFE3BE75B75297E4D8B4,EXT_23659968_01,GSE43458,SHARED_DATASET,DATASET_LINEAGE_RETAINED,EXTERNAL_EVIDENCE_LINEAGE,This evidence unit is derived from the named dataset/cohort.,A missing edge or NO_DEPENDENCY_IDENTIFIED does not prove statistical independence.,outputs/mmp11_external_evidence_v0.1/external_dependency_map.csv
EXTDEP_43CCC2A7C1D70D8F3921,ENSG00000099953.9,TASK039B,EXTDEP_43CCC2A7C1D70D8F3921,EXT_15653641_01,PUB_PMID_15653641,SHARED_PUBLICATION,DEPENDENT_WITHIN_PUBLICATION,EXTERNAL_EVIDENCE_LINEAGE,Evidence units from one publication are not independent replications.,A missing edge or NO_DEPENDENCY_IDENTIFIED does not prove statistical independence.,outputs/mmp11_external_evidence_v0.1/external_dependency_map.csv
EXTDEP_70F03BC8073083ED4270,ENSG00000099953.9,TASK039B,EXTDEP_70F03BC8073083ED4270,EXT_15653641_01,E-MEXP-231,SHARED_DATASET,DATASET_LINEAGE_RETAINED,EXTERNAL_EVIDENCE_LINEAGE,This evidence unit is derived from the named dataset/cohort.,A missing edge or NO_DEPENDENCY_IDENTIFIED does not prove statistical independence.,outputs/mmp11_external_evidence_v0.1/external_dependency_map.csv
EXTDEP_7FB6EC5AFABEA34622F3,ENSG00000099953.9,TASK039B,EXTDEP_7FB6EC5AFABEA34622F3,EXT_25141350_01,PUB_PMID_25141350,SHARED_PUBLICATION,DEPENDENT_WITHIN_PUBLICATION,EXTERNAL_EVIDENCE_LINEAGE,Evidence units from one publication are not independent replications.,A missing edge or NO_DEPENDENCY_IDENTIFIED does not prove statistical independence.,outputs/mmp11_external_evidence_v0.1/external_dependency_map.csv
EXTDEP_7B86471A508E304A1DF9,ENSG00000099953.9,TASK039B,EXTDEP_7B86471A508E304A1DF9,EXT_25141350_01,GSE43767,SHARED_DATASET,DATASET_LINEAGE_RETAINED,EXTERNAL_EVIDENCE_LINEAGE,This evidence unit is derived from the named dataset/cohort.,A missing edge or NO_DEPENDENCY_IDENTIFIED does not prove statistical independence.,outputs/mmp11_external_evidence_v0.1/external_dependency_map.csv
EXTDEP_4E4639E1230DC8499BBD,ENSG00000099953.9,TASK039B,EXTDEP_4E4639E1230DC8499BBD,EXT_31024988_02,TASK039A_PRIMARY_TRANSCRIPTOMIC_EVIDENCE,SHARED_DATASET,DEPENDENT_DATASET_LINEAGE,EXTERNAL_EVIDENCE_LINEAGE,Published TCGA-LUAD reanalysis shares biological data lineage with the project DE analysis.,A missing edge or NO_DEPENDENCY_IDENTIFIED does not prove statistical independence.,outputs/mmp11_external_evidence_v0.1/external_dependency_map.csv
EXTDEP_0FD2124C598F00D67092,ENSG00000099953.9,TASK039B,EXTDEP_0FD2124C598F00D67092,EXT_36756152_01,TASK039A_PRIMARY_TRANSCRIPTOMIC_EVIDENCE,SHARED_DATASET,DEPENDENT_DATASET_LINEAGE,EXTERNAL_EVIDENCE_LINEAGE,Published TCGA-LUAD reanalysis shares biological data lineage with the project DE analysis.,A missing edge or NO_DEPENDENCY_IDENTIFIED does not prove statistical independence.,outputs/mmp11_external_evidence_v0.1/external_dependency_map.csv
EXTDEP_A021F8AB7F21D4C9D2FD,ENSG00000099953.9,TASK039B,EXTDEP_A021F8AB7F21D4C9D2FD,EXT_36756152_02,TASK039A_PRIMARY_TRANSCRIPTOMIC_EVIDENCE,SHARED_DATASET,DEPENDENT_DATASET_LINEAGE,EXTERNAL_EVIDENCE_LINEAGE,Published TCGA-LUAD reanalysis shares biological data lineage with the project DE analysis.,A missing edge or NO_DEPENDENCY_IDENTIFIED does not prove statistical independence.,outputs/mmp11_external_evidence_v0.1/external_dependency_map.csv
EXTDEP_FB4A609B48527E756B0C,ENSG00000099953.9,TASK039B,EXTDEP_FB4A609B48527E756B0C,EXT_36756152_04,TASK039A_PRIMARY_TRANSCRIPTOMIC_EVIDENCE,SHARED_DATASET,DEPENDENT_DATASET_LINEAGE,EXTERNAL_EVIDENCE_LINEAGE,Published TCGA-LUAD reanalysis shares biological data lineage with the project DE analysis.,A missing edge or NO_DEPENDENCY_IDENTIFIED does not prove statistical independence.,outputs/mmp11_external_evidence_v0.1/external_dependency_map.csv
EXTDEP_3719C223925E49DB3191,ENSG00000099953.9,TASK039B,EXTDEP_3719C223925E49DB3191,EXT_36756152_06,TASK039A_PRIMARY_TRANSCRIPTOMIC_EVIDENCE,SHARED_DATASET,DEPENDENT_DATASET_LINEAGE,EXTERNAL_EVIDENCE_LINEAGE,Published TCGA-LUAD reanalysis shares biological data lineage with the project DE analysis.,A missing edge or NO_DEPENDENCY_IDENTIFIED does not prove statistical independence.,outputs/mmp11_external_evidence_v0.1/external_dependency_map.csv
EXTDEP_9669B4B43063E556F195,ENSG00000099953.9,TASK039B,EXTDEP_9669B4B43063E556F195,EXT_36756152_07,TASK039A_PRIMARY_TRANSCRIPTOMIC_EVIDENCE,SHARED_DATASET,DEPENDENT_DATASET_LINEAGE,EXTERNAL_EVIDENCE_LINEAGE,Published TCGA-LUAD reanalysis shares biological data lineage with the project DE analysis.,A missing edge or NO_DEPENDENCY_IDENTIFIED does not prove statistical independence.,outputs/mmp11_external_evidence_v0.1/external_dependency_map.csv
EXTDEP_A78D1B4C93215C62ABC7,ENSG00000099953.9,TASK039B,EXTDEP_A78D1B4C93215C62ABC7,EXT_36756152_08,TASK039A_PRIMARY_TRANSCRIPTOMIC_EVIDENCE,SHARED_DATASET,DEPENDENT_DATASET_LINEAGE,EXTERNAL_EVIDENCE_LINEAGE,Published TCGA-LUAD reanalysis shares biological data lineage with the project DE analysis.,A missing edge or NO_DEPENDENCY_IDENTIFIED does not prove statistical independence.,outputs/mmp11_external_evidence_v0.1/external_dependency_map.csv
EXTDEP_35BAA11271BCEE2E69D8,ENSG00000099953.9,TASK039B,EXTDEP_35BAA11271BCEE2E69D8,EXT_31024988_01,TASK039A_OT_OR_EXPRESSION_ATLAS::GSE10072,SHARED_DATASET,DEPENDENT_SOURCE_LINEAGE,EXTERNAL_EVIDENCE_LINEAGE,The accession is also represented in frozen Task #039A Open Targets/Expression Atlas records.,A missing edge or NO_DEPENDENCY_IDENTIFIED does not prove statistical independence.,outputs/mmp11_external_evidence_v0.1/external_dependency_map.csv
EXTDEP_89C52A276854789622E4,ENSG00000099953.9,TASK039B,EXTDEP_89C52A276854789622E4,EXT_40826767_01,TASK039A_OT_OR_EXPRESSION_ATLAS::GSE10072,SHARED_DATASET,DEPENDENT_SOURCE_LINEAGE,EXTERNAL_EVIDENCE_LINEAGE,The accession is also represented in frozen Task #039A Open Targets/Expression Atlas records.,A missing edge or NO_DEPENDENCY_IDENTIFIED does not prove statistical independence.,outputs/mmp11_external_evidence_v0.1/external_dependency_map.csv
EXTDEP_D36C2109795057DBEC5D,ENSG00000099953.9,TASK039B,EXTDEP_D36C2109795057DBEC5D,EXT_40386736_01,TASK039A_OT_OR_EXPRESSION_ATLAS::GSE18842,SHARED_DATASET,DEPENDENT_SOURCE_LINEAGE,EXTERNAL_EVIDENCE_LINEAGE,The accession is also represented in frozen Task #039A Open Targets/Expression Atlas records.,A missing edge or NO_DEPENDENCY_IDENTIFIED does not prove statistical independence.,outputs/mmp11_external_evidence_v0.1/external_dependency_map.csv
EXTDEP_31FDDAC74371D8817AC3,ENSG00000099953.9,TASK039B,EXTDEP_31FDDAC74371D8817AC3,EXT_40826767_01,TASK039A_OT_OR_EXPRESSION_ATLAS::GSE18842,SHARED_DATASET,DEPENDENT_SOURCE_LINEAGE,EXTERNAL_EVIDENCE_LINEAGE,The accession is also represented in frozen Task #039A Open Targets/Expression Atlas records.,A missing edge or NO_DEPENDENCY_IDENTIFIED does not prove statistical independence.,outputs/mmp11_external_evidence_v0.1/external_dependency_map.csv
EXTDEP_72473B9C9E72A177E066,ENSG00000099953.9,TASK039B,EXTDEP_72473B9C9E72A177E066,EXT_31024988_01,TASK039A_OT_OR_EXPRESSION_ATLAS::GSE43458,SHARED_DATASET,DEPENDENT_SOURCE_LINEAGE,EXTERNAL_EVIDENCE_LINEAGE,The accession is also represented in frozen Task #039A Open Targets/Expression Atlas records.,A missing edge or NO_DEPENDENCY_IDENTIFIED does not prove statistical independence.,outputs/mmp11_external_evidence_v0.1/external_dependency_map.csv
EXTDEP_7D0EA8A213F7ED64BD8C,ENSG00000099953.9,TASK039B,EXTDEP_7D0EA8A213F7ED64BD8C,EXT_23659968_01,TASK039A_OT_OR_EXPRESSION_ATLAS::GSE43458,SHARED_DATASET,DEPENDENT_SOURCE_LINEAGE,EXTERNAL_EVIDENCE_LINEAGE,The accession is also represented in frozen Task #039A Open Targets/Expression Atlas records.,A missing edge or NO_DEPENDENCY_IDENTIFIED does not prove statistical independence.,outputs/mmp11_external_evidence_v0.1/external_dependency_map.csv
EXTDEP_4F99746CF5D4128CF5F1,ENSG00000099953.9,TASK039B,EXTDEP_4F99746CF5D4128CF5F1,EXT_25141350_01,TASK039A_OT_OR_EXPRESSION_ATLAS::GSE43767,SHARED_DATASET,DEPENDENT_SOURCE_LINEAGE,EXTERNAL_EVIDENCE_LINEAGE,The accession is also represented in frozen Task #039A Open Targets/Expression Atlas records.,A missing edge or NO_DEPENDENCY_IDENTIFIED does not prove statistical independence.,outputs/mmp11_external_evidence_v0.1/external_dependency_map.csv
EXTDEP_7F80FB184048D8B46110,ENSG00000099953.9,TASK039B,EXTDEP_7F80FB184048D8B46110,EXT_15653641_01,TASK039A_OT_OR_EXPRESSION_ATLAS::E-MEXP-231,SHARED_DATASET,DEPENDENT_SOURCE_LINEAGE,EXTERNAL_EVIDENCE_LINEAGE,The accession is also represented in frozen Task #039A Open Targets/Expression Atlas records.,A missing edge or NO_DEPENDENCY_IDENTIFIED does not prove statistical independence.,outputs/mmp11_external_evidence_v0.1/external_dependency_map.csv
EXTDEP_94E420045EF775384572,ENSG00000099953.9,TASK039B,EXTDEP_94E420045EF775384572,EXT_31024988_01,TASK039A_OPEN_TARGETS_LITERATURE::PMID_31024988,SHARED_PUBLICATION,DEPENDENT_PUBLICATION_LINEAGE,EXTERNAL_EVIDENCE_LINEAGE,The same publication identifier occurs in Task #039A Open Targets literature evidence.,A missing edge or NO_DEPENDENCY_IDENTIFIED does not prove statistical independence.,outputs/mmp11_external_evidence_v0.1/external_dependency_map.csv
EXTDEP_8F73B61E7E152B37C7B7,ENSG00000099953.9,TASK039B,EXTDEP_8F73B61E7E152B37C7B7,EXT_31024988_02,TASK039A_OPEN_TARGETS_LITERATURE::PMID_31024988,SHARED_PUBLICATION,DEPENDENT_PUBLICATION_LINEAGE,EXTERNAL_EVIDENCE_LINEAGE,The same publication identifier occurs in Task #039A Open Targets literature evidence.,A missing edge or NO_DEPENDENCY_IDENTIFIED does not prove statistical independence.,outputs/mmp11_external_evidence_v0.1/external_dependency_map.csv
EXTDEP_AFA8916652AD0F981C81,ENSG00000099953.9,TASK039B,EXTDEP_AFA8916652AD0F981C81,EXT_31024988_03,TASK039A_OPEN_TARGETS_LITERATURE::PMID_31024988,SHARED_PUBLICATION,DEPENDENT_PUBLICATION_LINEAGE,EXTERNAL_EVIDENCE_LINEAGE,The same publication identifier occurs in Task #039A Open Targets literature evidence.,A missing edge or NO_DEPENDENCY_IDENTIFIED does not prove statistical independence.,outputs/mmp11_external_evidence_v0.1/external_dependency_map.csv
EXTDEP_D31D9E0333856FB5846F,ENSG00000099953.9,TASK039B,EXTDEP_D31D9E0333856FB5846F,EXT_31024988_04,TASK039A_OPEN_TARGETS_LITERATURE::PMID_31024988,SHARED_PUBLICATION,DEPENDENT_PUBLICATION_LINEAGE,EXTERNAL_EVIDENCE_LINEAGE,The same publication identifier occurs in Task #039A Open Targets literature evidence.,A missing edge or NO_DEPENDENCY_IDENTIFIED does not prove statistical independence.,outputs/mmp11_external_evidence_v0.1/external_dependency_map.csv
EXTDEP_EFC5D8D8E51A30C6809A,ENSG00000099953.9,TASK039B,EXTDEP_EFC5D8D8E51A30C6809A,EXT_31024988_05,TASK039A_OPEN_TARGETS_LITERATURE::PMID_31024988,SHARED_PUBLICATION,DEPENDENT_PUBLICATION_LINEAGE,EXTERNAL_EVIDENCE_LINEAGE,The same publication identifier occurs in Task #039A Open Targets literature evidence.,A missing edge or NO_DEPENDENCY_IDENTIFIED does not prove statistical independence.,outputs/mmp11_external_evidence_v0.1/external_dependency_map.csv
EXTDEP_E5DA07ADF10A386FFA2E,ENSG00000099953.9,TASK039B,EXTDEP_E5DA07ADF10A386FFA2E,EXT_31024988_06,TASK039A_OPEN_TARGETS_LITERATURE::PMID_31024988,SHARED_PUBLICATION,DEPENDENT_PUBLICATION_LINEAGE,EXTERNAL_EVIDENCE_LINEAGE,The same publication identifier occurs in Task #039A Open Targets literature evidence.,A missing edge or NO_DEPENDENCY_IDENTIFIED does not prove statistical independence.,outputs/mmp11_external_evidence_v0.1/external_dependency_map.csv
EXTDEP_4E132493E9A541675910,ENSG00000099953.9,TASK039B,EXTDEP_4E132493E9A541675910,EXT_31024988_07,TASK039A_OPEN_TARGETS_LITERATURE::PMID_31024988,SHARED_PUBLICATION,DEPENDENT_PUBLICATION_LINEAGE,EXTERNAL_EVIDENCE_LINEAGE,The same publication identifier occurs in Task #039A Open Targets literature evidence.,A missing edge or NO_DEPENDENCY_IDENTIFIED does not prove statistical independence.,outputs/mmp11_external_evidence_v0.1/external_dependency_map.csv
EXTDEP_68A0D1BA5A66158E59E8,ENSG00000099953.9,TASK039B,EXTDEP_68A0D1BA5A66158E59E8,EXT_31024988_08,TASK039A_OPEN_TARGETS_LITERATURE::PMID_31024988,SHARED_PUBLICATION,DEPENDENT_PUBLICATION_LINEAGE,EXTERNAL_EVIDENCE_LINEAGE,The same publication identifier occurs in Task #039A Open Targets literature evidence.,A missing edge or NO_DEPENDENCY_IDENTIFIED does not prove statistical independence.,outputs/mmp11_external_evidence_v0.1/external_dependency_map.csv
EXTDEP_3688785D121574DC48C1,ENSG00000099953.9,TASK039B,EXTDEP_3688785D121574DC48C1,EXT_31024988_09,TASK039A_OPEN_TARGETS_LITERATURE::PMID_31024988,SHARED_PUBLICATION,DEPENDENT_PUBLICATION_LINEAGE,EXTERNAL_EVIDENCE_LINEAGE,The same publication identifier occurs in Task #039A Open Targets literature evidence.,A missing edge or NO_DEPENDENCY_IDENTIFIED does not prove statistical independence.,outputs/mmp11_external_evidence_v0.1/external_dependency_map.csv
EXTDEP_6E372E4E32F277B94F07,ENSG00000099953.9,TASK039B,EXTDEP_6E372E4E32F277B94F07,EXT_31024988_10,TASK039A_OPEN_TARGETS_LITERATURE::PMID_31024988,SHARED_PUBLICATION,DEPENDENT_PUBLICATION_LINEAGE,EXTERNAL_EVIDENCE_LINEAGE,The same publication identifier occurs in Task #039A Open Targets literature evidence.,A missing edge or NO_DEPENDENCY_IDENTIFIED does not prove statistical independence.,outputs/mmp11_external_evidence_v0.1/external_dependency_map.csv
EXTDEP_F01BEBCECEBF5023F310,ENSG00000099953.9,TASK039B,EXTDEP_F01BEBCECEBF5023F310,EXT_31024988_11,TASK039A_OPEN_TARGETS_LITERATURE::PMID_31024988,SHARED_PUBLICATION,DEPENDENT_PUBLICATION_LINEAGE,EXTERNAL_EVIDENCE_LINEAGE,The same publication identifier occurs in Task #039A Open Targets literature evidence.,A missing edge or NO_DEPENDENCY_IDENTIFIED does not prove statistical independence.,outputs/mmp11_external_evidence_v0.1/external_dependency_map.csv
EXTDEP_1A306A94D440475AA5F6,ENSG00000099953.9,TASK039B,EXTDEP_1A306A94D440475AA5F6,EXT_31024988_12,TASK039A_OPEN_TARGETS_LITERATURE::PMID_31024988,SHARED_PUBLICATION,DEPENDENT_PUBLICATION_LINEAGE,EXTERNAL_EVIDENCE_LINEAGE,The same publication identifier occurs in Task #039A Open Targets literature evidence.,A missing edge or NO_DEPENDENCY_IDENTIFIED does not prove statistical independence.,outputs/mmp11_external_evidence_v0.1/external_dependency_map.csv
EXTDEP_6B1895BF18472813CF34,ENSG00000099953.9,TASK039B,EXTDEP_6B1895BF18472813CF34,EXT_36756152_01,TASK039A_OPEN_TARGETS_LITERATURE::PMID_36756152,SHARED_PUBLICATION,DEPENDENT_PUBLICATION_LINEAGE,EXTERNAL_EVIDENCE_LINEAGE,The same publication identifier occurs in Task #039A Open Targets literature evidence.,A missing edge or NO_DEPENDENCY_IDENTIFIED does not prove statistical independence.,outputs/mmp11_external_evidence_v0.1/external_dependency_map.csv
EXTDEP_2EDE2B5D40FDF0008994,ENSG00000099953.9,TASK039B,EXTDEP_2EDE2B5D40FDF0008994,EXT_36756152_02,TASK039A_OPEN_TARGETS_LITERATURE::PMID_36756152,SHARED_PUBLICATION,DEPENDENT_PUBLICATION_LINEAGE,EXTERNAL_EVIDENCE_LINEAGE,The same publication identifier occurs in Task #039A Open Targets literature evidence.,A missing edge or NO_DEPENDENCY_IDENTIFIED does not prove statistical independence.,outputs/mmp11_external_evidence_v0.1/external_dependency_map.csv
EXTDEP_7A8E8A1F80AD305514DE,ENSG00000099953.9,TASK039B,EXTDEP_7A8E8A1F80AD305514DE,EXT_36756152_03,TASK039A_OPEN_TARGETS_LITERATURE::PMID_36756152,SHARED_PUBLICATION,DEPENDENT_PUBLICATION_LINEAGE,EXTERNAL_EVIDENCE_LINEAGE,The same publication identifier occurs in Task #039A Open Targets literature evidence.,A missing edge or NO_DEPENDENCY_IDENTIFIED does not prove statistical independence.,outputs/mmp11_external_evidence_v0.1/external_dependency_map.csv
EXTDEP_4FB0989A78CA5748FC95,ENSG00000099953.9,TASK039B,EXTDEP_4FB0989A78CA5748FC95,EXT_36756152_04,TASK039A_OPEN_TARGETS_LITERATURE::PMID_36756152,SHARED_PUBLICATION,DEPENDENT_PUBLICATION_LINEAGE,EXTERNAL_EVIDENCE_LINEAGE,The same publication identifier occurs in Task #039A Open Targets literature evidence.,A missing edge or NO_DEPENDENCY_IDENTIFIED does not prove statistical independence.,outputs/mmp11_external_evidence_v0.1/external_dependency_map.csv
EXTDEP_2C47C3A26FCA613B83EF,ENSG00000099953.9,TASK039B,EXTDEP_2C47C3A26FCA613B83EF,EXT_36756152_05,TASK039A_OPEN_TARGETS_LITERATURE::PMID_36756152,SHARED_PUBLICATION,DEPENDENT_PUBLICATION_LINEAGE,EXTERNAL_EVIDENCE_LINEAGE,The same publication identifier occurs in Task #039A Open Targets literature evidence.,A missing edge or NO_DEPENDENCY_IDENTIFIED does not prove statistical independence.,outputs/mmp11_external_evidence_v0.1/external_dependency_map.csv
EXTDEP_F709EA84EE09AE0A1741,ENSG00000099953.9,TASK039B,EXTDEP_F709EA84EE09AE0A1741,EXT_36756152_06,TASK039A_OPEN_TARGETS_LITERATURE::PMID_36756152,SHARED_PUBLICATION,DEPENDENT_PUBLICATION_LINEAGE,EXTERNAL_EVIDENCE_LINEAGE,The same publication identifier occurs in Task #039A Open Targets literature evidence.,A missing edge or NO_DEPENDENCY_IDENTIFIED does not prove statistical independence.,outputs/mmp11_external_evidence_v0.1/external_dependency_map.csv
EXTDEP_D9376848E67B61961E10,ENSG00000099953.9,TASK039B,EXTDEP_D9376848E67B61961E10,EXT_36756152_07,TASK039A_OPEN_TARGETS_LITERATURE::PMID_36756152,SHARED_PUBLICATION,DEPENDENT_PUBLICATION_LINEAGE,EXTERNAL_EVIDENCE_LINEAGE,The same publication identifier occurs in Task #039A Open Targets literature evidence.,A missing edge or NO_DEPENDENCY_IDENTIFIED does not prove statistical independence.,outputs/mmp11_external_evidence_v0.1/external_dependency_map.csv
EXTDEP_EB333306D3863A0D2FCB,ENSG00000099953.9,TASK039B,EXTDEP_EB333306D3863A0D2FCB,EXT_36756152_08,TASK039A_OPEN_TARGETS_LITERATURE::PMID_36756152,SHARED_PUBLICATION,DEPENDENT_PUBLICATION_LINEAGE,EXTERNAL_EVIDENCE_LINEAGE,The same publication identifier occurs in Task #039A Open Targets literature evidence.,A missing edge or NO_DEPENDENCY_IDENTIFIED does not prove statistical independence.,outputs/mmp11_external_evidence_v0.1/external_dependency_map.csv
EXTDEP_41597C9FDA104A23006D,ENSG00000099953.9,TASK039B,EXTDEP_41597C9FDA104A23006D,EXT_35422093_01,TASK039A_OPEN_TARGETS_LITERATURE::PMID_35422093,SHARED_PUBLICATION,DEPENDENT_PUBLICATION_LINEAGE,EXTERNAL_EVIDENCE_LINEAGE,The same publication identifier occurs in Task #039A Open Targets literature evidence.,A missing edge or NO_DEPENDENCY_IDENTIFIED does not prove statistical independence.,outputs/mmp11_external_evidence_v0.1/external_dependency_map.csv
EXTDEP_0BD971E01699AB3EE20F,ENSG00000099953.9,TASK039B,EXTDEP_0BD971E01699AB3EE20F,EXT_39904499_01,TASK039A_OPEN_TARGETS_LITERATURE::PMID_39904499,SHARED_PUBLICATION,DEPENDENT_PUBLICATION_LINEAGE,EXTERNAL_EVIDENCE_LINEAGE,The same publication identifier occurs in Task #039A Open Targets literature evidence.,A missing edge or NO_DEPENDENCY_IDENTIFIED does not prove statistical independence.,outputs/mmp11_external_evidence_v0.1/external_dependency_map.csv
EXTDEP_29A45C677C02A684C45B,ENSG00000099953.9,TASK039B,EXTDEP_29A45C677C02A684C45B,EXT_40552583_01,TASK039A_OPEN_TARGETS_LITERATURE::PMID_40552583,SHARED_PUBLICATION,DEPENDENT_PUBLICATION_LINEAGE,EXTERNAL_EVIDENCE_LINEAGE,The same publication identifier occurs in Task #039A Open Targets literature evidence.,A missing edge or NO_DEPENDENCY_IDENTIFIED does not prove statistical independence.,outputs/mmp11_external_evidence_v0.1/external_dependency_map.csv
EXTDEP_4494921D86956A4BAB83,ENSG00000099953.9,TASK039B,EXTDEP_4494921D86956A4BAB83,EXT_31024988_05,MODEL_SYSTEM::A549,SHARED_MODEL_SYSTEM,POSSIBLE_DEPENDENCY,EXTERNAL_EVIDENCE_LINEAGE,Reuse of a model system is recorded; it does not by itself prove experimental dependence.,A missing edge or NO_DEPENDENCY_IDENTIFIED does not prove statistical independence.,outputs/mmp11_external_evidence_v0.1/external_dependency_map.csv
EXTDEP_B1A9F07A91D6B4F1D78E,ENSG00000099953.9,TASK039B,EXTDEP_B1A9F07A91D6B4F1D78E,EXT_31024988_06,MODEL_SYSTEM::A549,SHARED_MODEL_SYSTEM,POSSIBLE_DEPENDENCY,EXTERNAL_EVIDENCE_LINEAGE,Reuse of a model system is recorded; it does not by itself prove experimental dependence.,A missing edge or NO_DEPENDENCY_IDENTIFIED does not prove statistical independence.,outputs/mmp11_external_evidence_v0.1/external_dependency_map.csv
EXTDEP_B88692B878721DEFDF9E,ENSG00000099953.9,TASK039B,EXTDEP_B88692B878721DEFDF9E,EXT_31024988_08,MODEL_SYSTEM::A549,SHARED_MODEL_SYSTEM,POSSIBLE_DEPENDENCY,EXTERNAL_EVIDENCE_LINEAGE,Reuse of a model system is recorded; it does not by itself prove experimental dependence.,A missing edge or NO_DEPENDENCY_IDENTIFIED does not prove statistical independence.,outputs/mmp11_external_evidence_v0.1/external_dependency_map.csv
EXTDEP_22E9B52A12064D2F4E26,ENSG00000099953.9,TASK039B,EXTDEP_22E9B52A12064D2F4E26,EXT_31024988_09,MODEL_SYSTEM::A549,SHARED_MODEL_SYSTEM,POSSIBLE_DEPENDENCY,EXTERNAL_EVIDENCE_LINEAGE,Reuse of a model system is recorded; it does not by itself prove experimental dependence.,A missing edge or NO_DEPENDENCY_IDENTIFIED does not prove statistical independence.,outputs/mmp11_external_evidence_v0.1/external_dependency_map.csv
EXTDEP_1BD4013C63D7ABB822DA,ENSG00000099953.9,TASK039B,EXTDEP_1BD4013C63D7ABB822DA,EXT_31024988_10,MODEL_SYSTEM::A549,SHARED_MODEL_SYSTEM,POSSIBLE_DEPENDENCY,EXTERNAL_EVIDENCE_LINEAGE,Reuse of a model system is recorded; it does not by itself prove experimental dependence.,A missing edge or NO_DEPENDENCY_IDENTIFIED does not prove statistical independence.,outputs/mmp11_external_evidence_v0.1/external_dependency_map.csv
EXTDEP_C1B17C6DE13A7466AD49,ENSG00000099953.9,TASK039B,EXTDEP_C1B17C6DE13A7466AD49,EXT_31024988_11,MODEL_SYSTEM::A549,SHARED_MODEL_SYSTEM,POSSIBLE_DEPENDENCY,EXTERNAL_EVIDENCE_LINEAGE,Reuse of a model system is recorded; it does not by itself prove experimental dependence.,A missing edge or NO_DEPENDENCY_IDENTIFIED does not prove statistical independence.,outputs/mmp11_external_evidence_v0.1/external_dependency_map.csv
EXTDEP_79815C26CFE662D8E9F3,ENSG00000099953.9,TASK039B,EXTDEP_79815C26CFE662D8E9F3,EXT_31024988_12,MODEL_SYSTEM::A549,SHARED_MODEL_SYSTEM,POSSIBLE_DEPENDENCY,EXTERNAL_EVIDENCE_LINEAGE,Reuse of a model system is recorded; it does not by itself prove experimental dependence.,A missing edge or NO_DEPENDENCY_IDENTIFIED does not prove statistical independence.,outputs/mmp11_external_evidence_v0.1/external_dependency_map.csv
EXTDEP_886E53CE378BA54A85C3,ENSG00000099953.9,TASK039B,EXTDEP_886E53CE378BA54A85C3,EXT_29568911_01,MODEL_SYSTEM::A549,SHARED_MODEL_SYSTEM,POSSIBLE_DEPENDENCY,EXTERNAL_EVIDENCE_LINEAGE,Reuse of a model system is recorded; it does not by itself prove experimental dependence.,A missing edge or NO_DEPENDENCY_IDENTIFIED does not prove statistical independence.,outputs/mmp11_external_evidence_v0.1/external_dependency_map.csv
EXTDEP_D68EF0ED09A7E06E060D,ENSG00000099953.9,TASK039B,EXTDEP_D68EF0ED09A7E06E060D,EXT_29796998_01,MODEL_SYSTEM::A549,SHARED_MODEL_SYSTEM,POSSIBLE_DEPENDENCY,EXTERNAL_EVIDENCE_LINEAGE,Reuse of a model system is recorded; it does not by itself prove experimental dependence.,A missing edge or NO_DEPENDENCY_IDENTIFIED does not prove statistical independence.,outputs/mmp11_external_evidence_v0.1/external_dependency_map.csv
EXTDEP_C77AF18F3E2072AEA14C,ENSG00000099953.9,TASK039B,EXTDEP_C77AF18F3E2072AEA14C,EXT_41804162_01,MODEL_SYSTEM::A549,SHARED_MODEL_SYSTEM,POSSIBLE_DEPENDENCY,EXTERNAL_EVIDENCE_LINEAGE,Reuse of a model system is recorded; it does not by itself prove experimental dependence.,A missing edge or NO_DEPENDENCY_IDENTIFIED does not prove statistical independence.,outputs/mmp11_external_evidence_v0.1/external_dependency_map.csv
EXTDEP_B0BC62F2A59D3D234BCF,ENSG00000099953.9,TASK039B,EXTDEP_B0BC62F2A59D3D234BCF,EXT_31024988_07,MODEL_SYSTEM::PC9,SHARED_MODEL_SYSTEM,POSSIBLE_DEPENDENCY,EXTERNAL_EVIDENCE_LINEAGE,Reuse of a model system is recorded; it does not by itself prove experimental dependence.,A missing edge or NO_DEPENDENCY_IDENTIFIED does not prove statistical independence.,outputs/mmp11_external_evidence_v0.1/external_dependency_map.csv
EXTDEP_E83BD805DF33FAD3099C,ENSG00000099953.9,TASK039B,EXTDEP_E83BD805DF33FAD3099C,EXT_31024988_08,MODEL_SYSTEM::PC9,SHARED_MODEL_SYSTEM,POSSIBLE_DEPENDENCY,EXTERNAL_EVIDENCE_LINEAGE,Reuse of a model system is recorded; it does not by itself prove experimental dependence.,A missing edge or NO_DEPENDENCY_IDENTIFIED does not prove statistical independence.,outputs/mmp11_external_evidence_v0.1/external_dependency_map.csv
EXTDEP_77B4CAC2B87769C64B0F,ENSG00000099953.9,TASK039B,EXTDEP_77B4CAC2B87769C64B0F,EXT_31024988_09,MODEL_SYSTEM::PC9,SHARED_MODEL_SYSTEM,POSSIBLE_DEPENDENCY,EXTERNAL_EVIDENCE_LINEAGE,Reuse of a model system is recorded; it does not by itself prove experimental dependence.,A missing edge or NO_DEPENDENCY_IDENTIFIED does not prove statistical independence.,outputs/mmp11_external_evidence_v0.1/external_dependency_map.csv
EXTDEP_3869ADF3468A51BE3963,ENSG00000099953.9,TASK039B,EXTDEP_3869ADF3468A51BE3963,EXT_31024988_10,MODEL_SYSTEM::PC9,SHARED_MODEL_SYSTEM,POSSIBLE_DEPENDENCY,EXTERNAL_EVIDENCE_LINEAGE,Reuse of a model system is recorded; it does not by itself prove experimental dependence.,A missing edge or NO_DEPENDENCY_IDENTIFIED does not prove statistical independence.,outputs/mmp11_external_evidence_v0.1/external_dependency_map.csv
EXTDEP_39F7F4BEE3DD20A41570,ENSG00000099953.9,TASK039B,EXTDEP_39F7F4BEE3DD20A41570,EXT_31024988_05,EXPERIMENT_GROUP_31024988_A549_CRISPR,SHARED_EXPERIMENT,DEPENDENT_EXPERIMENT,EXTERNAL_EVIDENCE_LINEAGE,Readouts share the A549 depletion experiment or its derived cells.,A missing edge or NO_DEPENDENCY_IDENTIFIED does not prove statistical independence.,outputs/mmp11_external_evidence_v0.1/external_dependency_map.csv
EXTDEP_ECEBCF980FC43C5C9C5B,ENSG00000099953.9,TASK039B,EXTDEP_ECEBCF980FC43C5C9C5B,EXT_31024988_06,EXPERIMENT_GROUP_31024988_A549_CRISPR,SHARED_EXPERIMENT,DEPENDENT_EXPERIMENT,EXTERNAL_EVIDENCE_LINEAGE,Readouts share the A549 depletion experiment or its derived cells.,A missing edge or NO_DEPENDENCY_IDENTIFIED does not prove statistical independence.,outputs/mmp11_external_evidence_v0.1/external_dependency_map.csv
EXTDEP_26B488157968110036C6,ENSG00000099953.9,TASK039B,EXTDEP_26B488157968110036C6,EXT_31024988_08,EXPERIMENT_GROUP_31024988_A549_CRISPR,SHARED_EXPERIMENT,DEPENDENT_EXPERIMENT,EXTERNAL_EVIDENCE_LINEAGE,Readouts share the A549 depletion experiment or its derived cells.,A missing edge or NO_DEPENDENCY_IDENTIFIED does not prove statistical independence.,outputs/mmp11_external_evidence_v0.1/external_dependency_map.csv
EXTDEP_39B35A1F74B292A90729,ENSG00000099953.9,TASK039B,EXTDEP_39B35A1F74B292A90729,EXT_31024988_09,REAGENT_31024988_ANTI_MMP11,POSSIBLE_DEPENDENCY,SHARED_REAGENT_PUBLICATION,EXTERNAL_EVIDENCE_LINEAGE,Antibody studies share a reagent and publication; source does not establish independent reagent validation.,A missing edge or NO_DEPENDENCY_IDENTIFIED does not prove statistical independence.,outputs/mmp11_external_evidence_v0.1/external_dependency_map.csv
EXTDEP_1DAF399104A0F03B7E37,ENSG00000099953.9,TASK039B,EXTDEP_1DAF399104A0F03B7E37,EXT_31024988_10,REAGENT_31024988_ANTI_MMP11,POSSIBLE_DEPENDENCY,SHARED_REAGENT_PUBLICATION,EXTERNAL_EVIDENCE_LINEAGE,Antibody studies share a reagent and publication; source does not establish independent reagent validation.,A missing edge or NO_DEPENDENCY_IDENTIFIED does not prove statistical independence.,outputs/mmp11_external_evidence_v0.1/external_dependency_map.csv
EXTDEP_BCFAE0D190B98514CC7D,ENSG00000099953.9,TASK039B,EXTDEP_BCFAE0D190B98514CC7D,EXT_31024988_12,REAGENT_31024988_ANTI_MMP11,POSSIBLE_DEPENDENCY,SHARED_REAGENT_PUBLICATION,EXTERNAL_EVIDENCE_LINEAGE,Antibody studies share a reagent and publication; source does not establish independent reagent validation.,A missing edge or NO_DEPENDENCY_IDENTIFIED does not prove statistical independence.,outputs/mmp11_external_evidence_v0.1/external_dependency_map.csv
EXTDEP_73185E22787393ABC273,ENSG00000099953.9,TASK039B,EXTDEP_73185E22787393ABC273,EXT_36756152_03,COHORT_2023_LUAD_37,SAME_COHORT,DEPENDENT_COHORT_LINEAGE,EXTERNAL_EVIDENCE_LINEAGE,MMP11 and immune-tissue observations were derived from the same 37-case clinical cohort.,A missing edge or NO_DEPENDENCY_IDENTIFIED does not prove statistical independence.,outputs/mmp11_external_evidence_v0.1/external_dependency_map.csv
EXTDEP_62F3FED3319A506D7F4D,ENSG00000099953.9,TASK039B,EXTDEP_62F3FED3319A506D7F4D,EXT_36756152_05,COHORT_2023_LUAD_37,SAME_COHORT,DEPENDENT_COHORT_LINEAGE,EXTERNAL_EVIDENCE_LINEAGE,MMP11 and immune-tissue observations were derived from the same 37-case clinical cohort.,A missing edge or NO_DEPENDENCY_IDENTIFIED does not prove statistical independence.,outputs/mmp11_external_evidence_v0.1/external_dependency_map.csv
EXTDEP_1DDBA6F99F8F68B56CB4,ENSG00000099953.9,TASK039B,EXTDEP_1DDBA6F99F8F68B56CB4,EXT_34671675_02,KM_PLOTTER_UNDERLYING_DATASET,UNKNOWN,UNKNOWN,EXTERNAL_EVIDENCE_LINEAGE,The paper does not expose sufficient accession-level cohort identity for the survival analysis.,A missing edge or NO_DEPENDENCY_IDENTIFIED does not prove statistical independence.,outputs/mmp11_external_evidence_v0.1/external_dependency_map.csv
EXTDEP_2D959683835190B88D9C,ENSG00000099953.9,TASK039B,EXTDEP_2D959683835190B88D9C,EXT_39672019_01,LUAD_SC_DATASET_2025_ACCESSION,UNKNOWN,UNKNOWN,EXTERNAL_EVIDENCE_LINEAGE,The accessible source audit did not resolve an accession for the single-cell dataset.,A missing edge or NO_DEPENDENCY_IDENTIFIED does not prove statistical independence.,outputs/mmp11_external_evidence_v0.1/external_dependency_map.csv
EXTDEP_BE25542ECBB6DAF0D2C3,ENSG00000099953.9,TASK039B,EXTDEP_BE25542ECBB6DAF0D2C3,EXT_39672019_02,LUAD_SURVIVAL_2025_ACCESSION,UNKNOWN,UNKNOWN,EXTERNAL_EVIDENCE_LINEAGE,The accessible source audit did not resolve an accession for the survival cohort.,A missing edge or NO_DEPENDENCY_IDENTIFIED does not prove statistical independence.,outputs/mmp11_external_evidence_v0.1/external_dependency_map.csv
EXTDEP_0AB882A5FB3B45BBCCC3,ENSG00000099953.9,TASK039B,EXTDEP_0AB882A5FB3B45BBCCC3,EXT_37602450_01,MODEL_LINC00511_CELL_IDENTITY,UNKNOWN,UNKNOWN,EXTERNAL_EVIDENCE_LINEAGE,Cell-line and histology identity were insufficiently explicit in accessible source text.,A missing edge or NO_DEPENDENCY_IDENTIFIED does not prove statistical independence.,outputs/mmp11_external_evidence_v0.1/external_dependency_map.csv
EXTDEP_CE8D3EABBA69A7A00127,ENSG00000099953.9,TASK039B,EXTDEP_CE8D3EABBA69A7A00127,EXT_19949890_01,DATASET_2010_UNRESOLVED,UNKNOWN,UNKNOWN,EXTERNAL_EVIDENCE_LINEAGE,The computational network's underlying accession was not resolved.,A missing edge or NO_DEPENDENCY_IDENTIFIED does not prove statistical independence.,outputs/mmp11_external_evidence_v0.1/external_dependency_map.csv
EXTDEP_18CF9CEBD9C11752C47F,ENSG00000099953.9,TASK039B,EXTDEP_18CF9CEBD9C11752C47F,EXT_31024988_01,GSE7670|GSE10072|GSE68465|GSE43458,DERIVED_REANALYSIS,DEPENDENT_TRANSFORMATION,EXTERNAL_EVIDENCE_LINEAGE,The reported observation is a derived analysis of the named source dataset/cohort.,A missing edge or NO_DEPENDENCY_IDENTIFIED does not prove statistical independence.,outputs/mmp11_external_evidence_v0.1/external_dependency_map.csv
EXTDEP_40C705C32A4CE2C30B86,ENSG00000099953.9,TASK039B,EXTDEP_40C705C32A4CE2C30B86,EXT_31024988_02,TCGA-LUAD,DERIVED_REANALYSIS,DEPENDENT_TRANSFORMATION,EXTERNAL_EVIDENCE_LINEAGE,The reported observation is a derived analysis of the named source dataset/cohort.,A missing edge or NO_DEPENDENCY_IDENTIFIED does not prove statistical independence.,outputs/mmp11_external_evidence_v0.1/external_dependency_map.csv
EXTDEP_3F7E02FD1A6734AB7796,ENSG00000099953.9,TASK039B,EXTDEP_3F7E02FD1A6734AB7796,EXT_36756152_01,TCGA-LUAD,DERIVED_REANALYSIS,DEPENDENT_TRANSFORMATION,EXTERNAL_EVIDENCE_LINEAGE,The reported observation is a derived analysis of the named source dataset/cohort.,A missing edge or NO_DEPENDENCY_IDENTIFIED does not prove statistical independence.,outputs/mmp11_external_evidence_v0.1/external_dependency_map.csv
EXTDEP_ED4D14DA0920BE288608,ENSG00000099953.9,TASK039B,EXTDEP_ED4D14DA0920BE288608,EXT_36756152_04,TCGA-LUAD,DERIVED_REANALYSIS,DEPENDENT_TRANSFORMATION,EXTERNAL_EVIDENCE_LINEAGE,The reported observation is a derived analysis of the named source dataset/cohort.,A missing edge or NO_DEPENDENCY_IDENTIFIED does not prove statistical independence.,outputs/mmp11_external_evidence_v0.1/external_dependency_map.csv
EXTDEP_6F38ADFC2BCB2EE64840,ENSG00000099953.9,TASK039B,EXTDEP_6F38ADFC2BCB2EE64840,EXT_36756152_06,TCGA-LUAD,DERIVED_REANALYSIS,DEPENDENT_TRANSFORMATION,EXTERNAL_EVIDENCE_LINEAGE,The reported observation is a derived analysis of the named source dataset/cohort.,A missing edge or NO_DEPENDENCY_IDENTIFIED does not prove statistical independence.,outputs/mmp11_external_evidence_v0.1/external_dependency_map.csv
EXTDEP_ABB10293DCEB3D44C8AD,ENSG00000099953.9,TASK039B,EXTDEP_ABB10293DCEB3D44C8AD,EXT_36756152_08,TCGA-LUAD,DERIVED_REANALYSIS,DEPENDENT_TRANSFORMATION,EXTERNAL_EVIDENCE_LINEAGE,The reported observation is a derived analysis of the named source dataset/cohort.,A missing edge or NO_DEPENDENCY_IDENTIFIED does not prove statistical independence.,outputs/mmp11_external_evidence_v0.1/external_dependency_map.csv
EXTDEP_BE0466573A4B9C29D0E8,ENSG00000099953.9,TASK039B,EXTDEP_BE0466573A4B9C29D0E8,EXT_40386736_01,GSE33479|GSE18842|GSE32863,DERIVED_REANALYSIS,DEPENDENT_TRANSFORMATION,EXTERNAL_EVIDENCE_LINEAGE,The reported observation is a derived analysis of the named source dataset/cohort.,A missing edge or NO_DEPENDENCY_IDENTIFIED does not prove statistical independence.,outputs/mmp11_external_evidence_v0.1/external_dependency_map.csv
EXTDEP_3E9ADA800DDCBF1552D0,ENSG00000099953.9,TASK039B,EXTDEP_3E9ADA800DDCBF1552D0,EXT_39672019_01,LUAD_SC_DATASET_2025,DERIVED_REANALYSIS,DEPENDENT_TRANSFORMATION,EXTERNAL_EVIDENCE_LINEAGE,The reported observation is a derived analysis of the named source dataset/cohort.,A missing edge or NO_DEPENDENCY_IDENTIFIED does not prove statistical independence.,outputs/mmp11_external_evidence_v0.1/external_dependency_map.csv
EXTDEP_71A2930934CE15F75CEB,ENSG00000099953.9,TASK039B,EXTDEP_71A2930934CE15F75CEB,EXT_40552583_01,LUAD_PANCANCER_SC_2025,DERIVED_REANALYSIS,DEPENDENT_TRANSFORMATION,EXTERNAL_EVIDENCE_LINEAGE,The reported observation is a derived analysis of the named source dataset/cohort.,A missing edge or NO_DEPENDENCY_IDENTIFIED does not prove statistical independence.,outputs/mmp11_external_evidence_v0.1/external_dependency_map.csv
EXTDEP_6726A66C70C704EC972C,ENSG00000099953.9,TASK039B,EXTDEP_6726A66C70C704EC972C,EXT_34671675_01,GSE19804,DERIVED_REANALYSIS,DEPENDENT_TRANSFORMATION,EXTERNAL_EVIDENCE_LINEAGE,The reported observation is a derived analysis of the named source dataset/cohort.,A missing edge or NO_DEPENDENCY_IDENTIFIED does not prove statistical independence.,outputs/mmp11_external_evidence_v0.1/external_dependency_map.csv
EXTDEP_8E8A665B9929E4B01C92,ENSG00000099953.9,TASK039B,EXTDEP_8E8A665B9929E4B01C92,EXT_34671675_02,KM_PLOTTER_2021,DERIVED_REANALYSIS,DEPENDENT_TRANSFORMATION,EXTERNAL_EVIDENCE_LINEAGE,The reported observation is a derived analysis of the named source dataset/cohort.,A missing edge or NO_DEPENDENCY_IDENTIFIED does not prove statistical independence.,outputs/mmp11_external_evidence_v0.1/external_dependency_map.csv
EXTDEP_6684F3D1B88CEA2BBCFE,ENSG00000099953.9,TASK039B,EXTDEP_6684F3D1B88CEA2BBCFE,EXT_40826767_01,GSE76925|GSE18842|GSE10072,DERIVED_REANALYSIS,DEPENDENT_TRANSFORMATION,EXTERNAL_EVIDENCE_LINEAGE,The reported observation is a derived analysis of the named source dataset/cohort.,A missing edge or NO_DEPENDENCY_IDENTIFIED does not prove statistical independence.,outputs/mmp11_external_evidence_v0.1/external_dependency_map.csv
EXTDEP_4D93BE471AA1FA507CBE,ENSG00000099953.9,TASK039B,EXTDEP_4D93BE471AA1FA507CBE,EXT_19949890_01,DATASET_2010_UNRESOLVED,DERIVED_REANALYSIS,DEPENDENT_TRANSFORMATION,EXTERNAL_EVIDENCE_LINEAGE,The reported observation is a derived analysis of the named source dataset/cohort.,A missing edge or NO_DEPENDENCY_IDENTIFIED does not prove statistical independence.,outputs/mmp11_external_evidence_v0.1/external_dependency_map.csv
XDEP_47EF966C317C5DA94518,ENSG00000099953.9,TASK039C,SYNTHESIZED_CROSS_TASK,REC_1FDB3CAEC78761B6CDAC13A2,EXT_31024988_02,SHARED_DATASET,DEPENDENT_DATASET_LINEAGE,CROSS_TASK_TCGA,Project S0/S1-S6 and the published observation share TCGA-LUAD biological dataset lineage.,A missing edge or NO_DEPENDENCY_IDENTIFIED does not prove statistical independence.,Task039A transcriptomic records + Task039B dataset/dependency registries
XDEP_A682409EEB8EEA2C2709,ENSG00000099953.9,TASK039C,SYNTHESIZED_CROSS_TASK,REC_1FDB3CAEC78761B6CDAC13A2,EXT_36756152_01,SHARED_DATASET,DEPENDENT_DATASET_LINEAGE,CROSS_TASK_TCGA,Project S0/S1-S6 and the published observation share TCGA-LUAD biological dataset lineage.,A missing edge or NO_DEPENDENCY_IDENTIFIED does not prove statistical independence.,Task039A transcriptomic records + Task039B dataset/dependency registries
XDEP_CB20CA8F22424DD6EE56,ENSG00000099953.9,TASK039C,SYNTHESIZED_CROSS_TASK,REC_1FDB3CAEC78761B6CDAC13A2,EXT_36756152_02,SHARED_DATASET,DEPENDENT_DATASET_LINEAGE,CROSS_TASK_TCGA,Project S0/S1-S6 and the published observation share TCGA-LUAD biological dataset lineage.,A missing edge or NO_DEPENDENCY_IDENTIFIED does not prove statistical independence.,Task039A transcriptomic records + Task039B dataset/dependency registries
XDEP_D1EA9DF04228A8FAC41D,ENSG00000099953.9,TASK039C,SYNTHESIZED_CROSS_TASK,REC_1FDB3CAEC78761B6CDAC13A2,EXT_36756152_04,SHARED_DATASET,DEPENDENT_DATASET_LINEAGE,CROSS_TASK_TCGA,Project S0/S1-S6 and the published observation share TCGA-LUAD biological dataset lineage.,A missing edge or NO_DEPENDENCY_IDENTIFIED does not prove statistical independence.,Task039A transcriptomic records + Task039B dataset/dependency registries
XDEP_51D3C8AF8809E770E71C,ENSG00000099953.9,TASK039C,SYNTHESIZED_CROSS_TASK,REC_1FDB3CAEC78761B6CDAC13A2,EXT_36756152_06,SHARED_DATASET,DEPENDENT_DATASET_LINEAGE,CROSS_TASK_TCGA,Project S0/S1-S6 and the published observation share TCGA-LUAD biological dataset lineage.,A missing edge or NO_DEPENDENCY_IDENTIFIED does not prove statistical independence.,Task039A transcriptomic records + Task039B dataset/dependency registries
XDEP_7C76699931E836FD4886,ENSG00000099953.9,TASK039C,SYNTHESIZED_CROSS_TASK,REC_1FDB3CAEC78761B6CDAC13A2,EXT_36756152_07,SHARED_DATASET,DEPENDENT_DATASET_LINEAGE,CROSS_TASK_TCGA,Project S0/S1-S6 and the published observation share TCGA-LUAD biological dataset lineage.,A missing edge or NO_DEPENDENCY_IDENTIFIED does not prove statistical independence.,Task039A transcriptomic records + Task039B dataset/dependency registries
XDEP_B829DC606DEC0CEC7F9D,ENSG00000099953.9,TASK039C,SYNTHESIZED_CROSS_TASK,REC_1FDB3CAEC78761B6CDAC13A2,EXT_36756152_08,SHARED_DATASET,DEPENDENT_DATASET_LINEAGE,CROSS_TASK_TCGA,Project S0/S1-S6 and the published observation share TCGA-LUAD biological dataset lineage.,A missing edge or NO_DEPENDENCY_IDENTIFIED does not prove statistical independence.,Task039A transcriptomic records + Task039B dataset/dependency registries
XDEP_9EE93AA25AED0F214BDD,ENSG00000099953.9,TASK039C,SYNTHESIZED_CROSS_TASK,EXT_31024988_09,EXT_31024988_10,SHARED_REAGENT,DEPENDENT_REAGENT_LINEAGE,ANTIBODY_INTERVENTION,Anti-MMP11 experiments share a reagent and publication while retaining experiment-specific distinctions.,A missing edge or NO_DEPENDENCY_IDENTIFIED does not prove statistical independence.,Task039B external evidence and dependency registries
XDEP_67C8DD1A2F1490CCFEF9,ENSG00000099953.9,TASK039C,SYNTHESIZED_CROSS_TASK,EXT_31024988_09,EXT_31024988_12,SHARED_REAGENT,DEPENDENT_REAGENT_LINEAGE,ANTIBODY_INTERVENTION,Anti-MMP11 experiments share a reagent and publication while retaining experiment-specific distinctions.,A missing edge or NO_DEPENDENCY_IDENTIFIED does not prove statistical independence.,Task039B external evidence and dependency registries
XDEP_9A490BD1C5227265D7B7,ENSG00000099953.9,TASK039C,SYNTHESIZED_CROSS_TASK,TASK039A_OPEN_TARGETS_LITERATURE::PMID_31024988,PUB_PMID_31024988,DERIVED_REPRESENTATION,DEPENDENT_SOURCE_REPRESENTATION,OPEN_TARGETS_PUBLICATION_OVERLAP,The Open Targets literature representation and direct PubMed publication resolve to the same publication identifier.,A missing edge or NO_DEPENDENCY_IDENTIFIED does not prove statistical independence.,Task039A component summary + Task039B publication/dependency registries
XDEP_E4A4F26683BE36944701,ENSG00000099953.9,TASK039C,SYNTHESIZED_CROSS_TASK,TASK039A_OPEN_TARGETS_LITERATURE::PMID_36756152,PUB_PMID_36756152,DERIVED_REPRESENTATION,DEPENDENT_SOURCE_REPRESENTATION,OPEN_TARGETS_PUBLICATION_OVERLAP,The Open Targets literature representation and direct PubMed publication resolve to the same publication identifier.,A missing edge or NO_DEPENDENCY_IDENTIFIED does not prove statistical independence.,Task039A component summary + Task039B publication/dependency registries
XDEP_A7F7F1B70BC68054E3DD,ENSG00000099953.9,TASK039C,SYNTHESIZED_CROSS_TASK,TASK039A_OPEN_TARGETS_LITERATURE::PMID_35422093,PUB_PMID_35422093,DERIVED_REPRESENTATION,DEPENDENT_SOURCE_REPRESENTATION,OPEN_TARGETS_PUBLICATION_OVERLAP,The Open Targets literature representation and direct PubMed publication resolve to the same publication identifier.,A missing edge or NO_DEPENDENCY_IDENTIFIED does not prove statistical independence.,Task039A component summary + Task039B publication/dependency registries
XDEP_34C85A5F7EFA00536D72,ENSG00000099953.9,TASK039C,SYNTHESIZED_CROSS_TASK,TASK039A_OPEN_TARGETS_LITERATURE::PMID_39904499,PUB_PMID_39904499,DERIVED_REPRESENTATION,DEPENDENT_SOURCE_REPRESENTATION,OPEN_TARGETS_PUBLICATION_OVERLAP,The Open Targets literature representation and direct PubMed publication resolve to the same publication identifier.,A missing edge or NO_DEPENDENCY_IDENTIFIED does not prove statistical independence.,Task039A component summary + Task039B publication/dependency registries
XDEP_C44CAE635138737B3A8B,ENSG00000099953.9,TASK039C,SYNTHESIZED_CROSS_TASK,TASK039A_OPEN_TARGETS_LITERATURE::PMID_40552583,PUB_PMID_40552583,DERIVED_REPRESENTATION,DEPENDENT_SOURCE_REPRESENTATION,OPEN_TARGETS_PUBLICATION_OVERLAP,The Open Targets literature representation and direct PubMed publication resolve to the same publication identifier.,A missing edge or NO_DEPENDENCY_IDENTIFIED does not prove statistical independence.,Task039A component summary + Task039B publication/dependency registries
XDEP_6ED4453731EEEF20259E,ENSG00000099953.9,TASK039C,SYNTHESIZED_CROSS_TASK,TASK039A_OT_OR_EXPRESSION_ATLAS::GSE10072,GSE10072,SHARED_DATASET,DEPENDENT_SOURCE_LINEAGE,EXPRESSION_ATLAS_DATASET_OVERLAP,The Task #039A source representation and Task #039B observation resolve to the same dataset accession.,A missing edge or NO_DEPENDENCY_IDENTIFIED does not prove statistical independence.,Task039A component summary + Task039B dataset/dependency registries
XDEP_BE42FB0D4786A722A40C,ENSG00000099953.9,TASK039C,SYNTHESIZED_CROSS_TASK,TASK039A_OT_OR_EXPRESSION_ATLAS::GSE18842,GSE18842,SHARED_DATASET,DEPENDENT_SOURCE_LINEAGE,EXPRESSION_ATLAS_DATASET_OVERLAP,The Task #039A source representation and Task #039B observation resolve to the same dataset accession.,A missing edge or NO_DEPENDENCY_IDENTIFIED does not prove statistical independence.,Task039A component summary + Task039B dataset/dependency registries
XDEP_623AEBAD97AFEEEF514E,ENSG00000099953.9,TASK039C,SYNTHESIZED_CROSS_TASK,TASK039A_OT_OR_EXPRESSION_ATLAS::GSE43458,GSE43458,SHARED_DATASET,DEPENDENT_SOURCE_LINEAGE,EXPRESSION_ATLAS_DATASET_OVERLAP,The Task #039A source representation and Task #039B observation resolve to the same dataset accession.,A missing edge or NO_DEPENDENCY_IDENTIFIED does not prove statistical independence.,Task039A component summary + Task039B dataset/dependency registries
XDEP_58E6B9123F7137A80368,ENSG00000099953.9,TASK039C,SYNTHESIZED_CROSS_TASK,TASK039A_OT_OR_EXPRESSION_ATLAS::GSE43767,GSE43767,SHARED_DATASET,DEPENDENT_SOURCE_LINEAGE,EXPRESSION_ATLAS_DATASET_OVERLAP,The Task #039A source representation and Task #039B observation resolve to the same dataset accession.,A missing edge or NO_DEPENDENCY_IDENTIFIED does not prove statistical independence.,Task039A component summary + Task039B dataset/dependency registries
XDEP_95BA2E9BC83A357A69D8,ENSG00000099953.9,TASK039C,SYNTHESIZED_CROSS_TASK,TASK039A_OT_OR_EXPRESSION_ATLAS::E-MEXP-231,E-MEXP-231,SHARED_DATASET,DEPENDENT_SOURCE_LINEAGE,EXPRESSION_ATLAS_DATASET_OVERLAP,The Task #039A source representation and Task #039B observation resolve to the same dataset accession.,A missing edge or NO_DEPENDENCY_IDENTIFIED does not prove statistical independence.,Task039A component summary + Task039B dataset/dependency registries
