profile_id,EnsemblID,component_id,feature_id,feature_name,claim_id,evidence_record_id,source_id,artifact_id,dependency_id,feature_missingness_status,extraction_rule_id,extractor_version
PRF_FE5530F8DE2AE267F4D9BFAA,ENSG00000000003.14,COMP_TRANSCRIPTOMIC_EVIDENCE,FTR_9B74FD21D586180236F32D70,transcriptomic_record_available,CLM_E8485F7099C21C871DD9C6E4,REC_6583D485066171D6EE9379CD,SRC_PROJECT_DE_ROBUSTNESS,ART_TASK012_INTEGRATED_TARGET_REGISTRY,DEP_8155D4071FB6A59AB8A979CC,OBSERVED,TXR_TRANSCRIPT_RECORD_AVAILABLE_V0_1,TRANSCRIPTOMIC_FEATURE_EXTRACTOR_V0.1
PRF_FE5530F8DE2AE267F4D9BFAA,ENSG00000000003.14,COMP_TRANSCRIPTOMIC_EVIDENCE,FTR_9B74FD21D586180236F32D70,transcriptomic_record_available,CLM_E8485F7099C21C871DD9C6E4,REC_658D2F9A3D09C49C947304EA,SRC_PROJECT_DE_ROBUSTNESS,ART_TASK012_INTEGRATED_TARGET_REGISTRY,DEP_8155D4071FB6A59AB8A979CC,OBSERVED,TXR_TRANSCRIPT_RECORD_AVAILABLE_V0_1,TRANSCRIPTOMIC_FEATURE_EXTRACTOR_V0.1
PRF_FE5530F8DE2AE267F4D9BFAA,ENSG00000000003.14,COMP_TRANSCRIPTOMIC_EVIDENCE,FTR_830939F9947BFFB190194AE2,primary_DE_result_available,CLM_E8485F7099C21C871DD9C6E4,REC_6583D485066171D6EE9379CD,SRC_PROJECT_DE_ROBUSTNESS,ART_TASK012_INTEGRATED_TARGET_REGISTRY,NOT_APPLICABLE,OBSERVED,TXR_PRIMARY_RESULT_AVAILABLE_V0_1,TRANSCRIPTOMIC_FEATURE_EXTRACTOR_V0.1
PRF_FE5530F8DE2AE267F4D9BFAA,ENSG00000000003.14,COMP_TRANSCRIPTOMIC_EVIDENCE,FTR_41BE1A38D7BEF3E2E1DC479F,sensitivity_results_available,CLM_E8485F7099C21C871DD9C6E4,REC_658D2F9A3D09C49C947304EA,SRC_PROJECT_DE_ROBUSTNESS,ART_TASK012_INTEGRATED_TARGET_REGISTRY,NOT_APPLICABLE,OBSERVED,TXR_SENSITIVITY_RESULTS_AVAILABLE_V0_1,TRANSCRIPTOMIC_FEATURE_EXTRACTOR_V0.1
PRF_FE5530F8DE2AE267F4D9BFAA,ENSG00000000003.14,COMP_TRANSCRIPTOMIC_EVIDENCE,FTR_82ECB85162F2838FCFE5116E,effect_direction_observed,CLM_E8485F7099C21C871DD9C6E4,REC_6583D485066171D6EE9379CD,SRC_PROJECT_DE_ROBUSTNESS,ART_TASK012_INTEGRATED_TARGET_REGISTRY,NOT_APPLICABLE,OBSERVED,TXR_PRIMARY_EFFECT_DIRECTION_V0_1,TRANSCRIPTOMIC_FEATURE_EXTRACTOR_V0.1
PRF_FE5530F8DE2AE267F4D9BFAA,ENSG00000000003.14,COMP_TRANSCRIPTOMIC_EVIDENCE,FTR_519C96F75DC53D7A52520117,fdr_threshold_version,CLM_E8485F7099C21C871DD9C6E4,REC_6583D485066171D6EE9379CD,SRC_PROJECT_DE_ROBUSTNESS,ART_TASK012_INTEGRATED_TARGET_REGISTRY,NOT_APPLICABLE,OBSERVED,TXR_FDR_THRESHOLD_VERSION_V0_1,TRANSCRIPTOMIC_FEATURE_EXTRACTOR_V0.1
PRF_FE5530F8DE2AE267F4D9BFAA,ENSG00000000003.14,COMP_TRANSCRIPTOMIC_EVIDENCE,FTR_FAB8631281E4F8010040E54A,fdr_pass_status,CLM_E8485F7099C21C871DD9C6E4,REC_6583D485066171D6EE9379CD,SRC_PROJECT_DE_ROBUSTNESS,ART_TASK012_INTEGRATED_TARGET_REGISTRY,NOT_APPLICABLE,OBSERVED,TXR_FDR_PASS_STATUS_V0_1,TRANSCRIPTOMIC_FEATURE_EXTRACTOR_V0.1
PRF_FE5530F8DE2AE267F4D9BFAA,ENSG00000000003.14,COMP_TRANSCRIPTOMIC_EVIDENCE,FTR_DFEE85A1CF80A1EE28FFDC87,effect_threshold_version,CLM_E8485F7099C21C871DD9C6E4,REC_6583D485066171D6EE9379CD,SRC_PROJECT_DE_ROBUSTNESS,ART_TASK012_INTEGRATED_TARGET_REGISTRY,NOT_APPLICABLE,OBSERVED,TXR_EFFECT_THRESHOLD_VERSION_V0_1,TRANSCRIPTOMIC_FEATURE_EXTRACTOR_V0.1
PRF_FE5530F8DE2AE267F4D9BFAA,ENSG00000000003.14,COMP_TRANSCRIPTOMIC_EVIDENCE,FTR_56B53D394E6924701BD185C8,effect_threshold_status,CLM_E8485F7099C21C871DD9C6E4,REC_6583D485066171D6EE9379CD,SRC_PROJECT_DE_ROBUSTNESS,ART_TASK012_INTEGRATED_TARGET_REGISTRY,NOT_APPLICABLE,OBSERVED,TXR_EFFECT_THRESHOLD_STATUS_V0_1,TRANSCRIPTOMIC_FEATURE_EXTRACTOR_V0.1
PRF_FE5530F8DE2AE267F4D9BFAA,ENSG00000000003.14,COMP_TRANSCRIPTOMIC_EVIDENCE,FTR_D9778EDA232327B6822A9618,sensitivity_model_count_available,CLM_E8485F7099C21C871DD9C6E4,REC_658D2F9A3D09C49C947304EA,SRC_PROJECT_DE_ROBUSTNESS,ART_TASK012_INTEGRATED_TARGET_REGISTRY,NOT_APPLICABLE,OBSERVED,TXR_SENSITIVITY_MODEL_COUNT_V0_1,TRANSCRIPTOMIC_FEATURE_EXTRACTOR_V0.1
PRF_FE5530F8DE2AE267F4D9BFAA,ENSG00000000003.14,COMP_TRANSCRIPTOMIC_EVIDENCE,FTR_CA1B2A59E83F411C6B0AB519,sensitivity_direction_pattern,CLM_E8485F7099C21C871DD9C6E4,REC_658D2F9A3D09C49C947304EA,SRC_PROJECT_DE_ROBUSTNESS,ART_TASK012_INTEGRATED_TARGET_REGISTRY,NOT_APPLICABLE,OBSERVED,TXR_SENSITIVITY_DIRECTION_PATTERN_V0_1,TRANSCRIPTOMIC_FEATURE_EXTRACTOR_V0.1
PRF_FE5530F8DE2AE267F4D9BFAA,ENSG00000000003.14,COMP_TRANSCRIPTOMIC_EVIDENCE,FTR_1EE9D5034435BE89FF69CA30,sensitivity_consistency_category,CLM_E8485F7099C21C871DD9C6E4,REC_6583D485066171D6EE9379CD,SRC_PROJECT_DE_ROBUSTNESS,ART_TASK012_INTEGRATED_TARGET_REGISTRY,DEP_8155D4071FB6A59AB8A979CC,OBSERVED,TXR_SENSITIVITY_CONSISTENCY_V0_1,TRANSCRIPTOMIC_FEATURE_EXTRACTOR_V0.1
PRF_FE5530F8DE2AE267F4D9BFAA,ENSG00000000003.14,COMP_TRANSCRIPTOMIC_EVIDENCE,FTR_1EE9D5034435BE89FF69CA30,sensitivity_consistency_category,CLM_E8485F7099C21C871DD9C6E4,REC_658D2F9A3D09C49C947304EA,SRC_PROJECT_DE_ROBUSTNESS,ART_TASK012_INTEGRATED_TARGET_REGISTRY,DEP_8155D4071FB6A59AB8A979CC,OBSERVED,TXR_SENSITIVITY_CONSISTENCY_V0_1,TRANSCRIPTOMIC_FEATURE_EXTRACTOR_V0.1
PRF_FE5530F8DE2AE267F4D9BFAA,ENSG00000000003.14,COMP_TRANSCRIPTOMIC_EVIDENCE,FTR_ED3D3B6721392D6F84733B37,identity_conflict_count,CLM_E8485F7099C21C871DD9C6E4,REC_6583D485066171D6EE9379CD,SRC_PROJECT_DE_ROBUSTNESS,ART_TASK012_INTEGRATED_TARGET_REGISTRY,DEP_8155D4071FB6A59AB8A979CC,OBSERVED,TXR_IDENTITY_CONFLICT_COUNT_V0_1,TRANSCRIPTOMIC_FEATURE_EXTRACTOR_V0.1
PRF_FE5530F8DE2AE267F4D9BFAA,ENSG00000000003.14,COMP_TRANSCRIPTOMIC_EVIDENCE,FTR_ED3D3B6721392D6F84733B37,identity_conflict_count,CLM_E8485F7099C21C871DD9C6E4,REC_658D2F9A3D09C49C947304EA,SRC_PROJECT_DE_ROBUSTNESS,ART_TASK012_INTEGRATED_TARGET_REGISTRY,DEP_8155D4071FB6A59AB8A979CC,OBSERVED,TXR_IDENTITY_CONFLICT_COUNT_V0_1,TRANSCRIPTOMIC_FEATURE_EXTRACTOR_V0.1
PRF_FE5530F8DE2AE267F4D9BFAA,ENSG00000000003.14,COMP_TRANSCRIPTOMIC_EVIDENCE,FTR_316D33AA4501897B650F5D08,provenance_complete,CLM_E8485F7099C21C871DD9C6E4,REC_6583D485066171D6EE9379CD,SRC_PROJECT_DE_ROBUSTNESS,ART_TASK012_INTEGRATED_TARGET_REGISTRY,DEP_8155D4071FB6A59AB8A979CC,OBSERVED,TXR_PROVENANCE_COMPLETE_V0_1,TRANSCRIPTOMIC_FEATURE_EXTRACTOR_V0.1
PRF_FE5530F8DE2AE267F4D9BFAA,ENSG00000000003.14,COMP_TRANSCRIPTOMIC_EVIDENCE,FTR_316D33AA4501897B650F5D08,provenance_complete,CLM_E8485F7099C21C871DD9C6E4,REC_658D2F9A3D09C49C947304EA,SRC_PROJECT_DE_ROBUSTNESS,ART_TASK012_INTEGRATED_TARGET_REGISTRY,DEP_8155D4071FB6A59AB8A979CC,OBSERVED,TXR_PROVENANCE_COMPLETE_V0_1,TRANSCRIPTOMIC_FEATURE_EXTRACTOR_V0.1
PRF_FE5530F8DE2AE267F4D9BFAA,ENSG00000000003.14,COMP_TRANSCRIPTOMIC_EVIDENCE,FTR_2068850774AF05A69A47BF2E,transcript_conflict_count,CLM_E8485F7099C21C871DD9C6E4,REC_6583D485066171D6EE9379CD,SRC_PROJECT_DE_ROBUSTNESS,ART_TASK012_INTEGRATED_TARGET_REGISTRY,DEP_8155D4071FB6A59AB8A979CC,OBSERVED,TXR_TRANSCRIPT_CONFLICT_COUNT_V0_1,TRANSCRIPTOMIC_FEATURE_EXTRACTOR_V0.1
PRF_FE5530F8DE2AE267F4D9BFAA,ENSG00000000003.14,COMP_TRANSCRIPTOMIC_EVIDENCE,FTR_2068850774AF05A69A47BF2E,transcript_conflict_count,CLM_E8485F7099C21C871DD9C6E4,REC_658D2F9A3D09C49C947304EA,SRC_PROJECT_DE_ROBUSTNESS,ART_TASK012_INTEGRATED_TARGET_REGISTRY,DEP_8155D4071FB6A59AB8A979CC,OBSERVED,TXR_TRANSCRIPT_CONFLICT_COUNT_V0_1,TRANSCRIPTOMIC_FEATURE_EXTRACTOR_V0.1
PRF_FE5530F8DE2AE267F4D9BFAA,ENSG00000000003.14,COMP_TRANSCRIPTOMIC_EVIDENCE,FTR_12A6CED31E866C8131338336,transcript_qualifying_record_count,CLM_E8485F7099C21C871DD9C6E4,REC_6583D485066171D6EE9379CD,SRC_PROJECT_DE_ROBUSTNESS,ART_TASK012_INTEGRATED_TARGET_REGISTRY,DEP_8155D4071FB6A59AB8A979CC,OBSERVED,TXR_TRANSCRIPT_QUALIFYING_RECORD_COUNT_V0_1,TRANSCRIPTOMIC_FEATURE_EXTRACTOR_V0.1
PRF_FE5530F8DE2AE267F4D9BFAA,ENSG00000000003.14,COMP_TRANSCRIPTOMIC_EVIDENCE,FTR_12A6CED31E866C8131338336,transcript_qualifying_record_count,CLM_E8485F7099C21C871DD9C6E4,REC_658D2F9A3D09C49C947304EA,SRC_PROJECT_DE_ROBUSTNESS,ART_TASK012_INTEGRATED_TARGET_REGISTRY,DEP_8155D4071FB6A59AB8A979CC,OBSERVED,TXR_TRANSCRIPT_QUALIFYING_RECORD_COUNT_V0_1,TRANSCRIPTOMIC_FEATURE_EXTRACTOR_V0.1
PRF_FE5530F8DE2AE267F4D9BFAA,ENSG00000000003.14,COMP_TRANSCRIPTOMIC_EVIDENCE,FTR_E2E3002DD5FBCC350B76D366,transcript_observed_context_complete,CLM_E8485F7099C21C871DD9C6E4,REC_6583D485066171D6EE9379CD,SRC_PROJECT_DE_ROBUSTNESS,ART_TASK012_INTEGRATED_TARGET_REGISTRY,DEP_8155D4071FB6A59AB8A979CC,OBSERVED,TXR_TRANSCRIPT_CONTEXT_COMPLETE_V0_1,TRANSCRIPTOMIC_FEATURE_EXTRACTOR_V0.1
PRF_FE5530F8DE2AE267F4D9BFAA,ENSG00000000003.14,COMP_TRANSCRIPTOMIC_EVIDENCE,FTR_E2E3002DD5FBCC350B76D366,transcript_observed_context_complete,CLM_E8485F7099C21C871DD9C6E4,REC_658D2F9A3D09C49C947304EA,SRC_PROJECT_DE_ROBUSTNESS,ART_TASK012_INTEGRATED_TARGET_REGISTRY,DEP_8155D4071FB6A59AB8A979CC,OBSERVED,TXR_TRANSCRIPT_CONTEXT_COMPLETE_V0_1,TRANSCRIPTOMIC_FEATURE_EXTRACTOR_V0.1
PRF_FE5530F8DE2AE267F4D9BFAA,ENSG00000000003.14,COMP_TRANSCRIPTOMIC_EVIDENCE,FTR_C81AC091CA09D1F150DE02E3,transcript_assessment_attempted,CLM_E8485F7099C21C871DD9C6E4,REC_6583D485066171D6EE9379CD,SRC_PROJECT_DE_ROBUSTNESS,ART_TASK012_INTEGRATED_TARGET_REGISTRY,DEP_8155D4071FB6A59AB8A979CC,OBSERVED,TXR_TRANSCRIPT_ASSESSMENT_ATTEMPTED_V0_1,TRANSCRIPTOMIC_FEATURE_EXTRACTOR_V0.1
PRF_FE5530F8DE2AE267F4D9BFAA,ENSG00000000003.14,COMP_TRANSCRIPTOMIC_EVIDENCE,FTR_C81AC091CA09D1F150DE02E3,transcript_assessment_attempted,CLM_E8485F7099C21C871DD9C6E4,REC_658D2F9A3D09C49C947304EA,SRC_PROJECT_DE_ROBUSTNESS,ART_TASK012_INTEGRATED_TARGET_REGISTRY,DEP_8155D4071FB6A59AB8A979CC,OBSERVED,TXR_TRANSCRIPT_ASSESSMENT_ATTEMPTED_V0_1,TRANSCRIPTOMIC_FEATURE_EXTRACTOR_V0.1
PRF_FE5530F8DE2AE267F4D9BFAA,ENSG00000000003.14,COMP_TRANSCRIPTOMIC_EVIDENCE,FTR_30F328E055345FCF57461525,transcript_query_scope_complete,CLM_E8485F7099C21C871DD9C6E4,REC_6583D485066171D6EE9379CD,SRC_PROJECT_DE_ROBUSTNESS,ART_TASK012_INTEGRATED_TARGET_REGISTRY,DEP_8155D4071FB6A59AB8A979CC,OBSERVED,TXR_TRANSCRIPT_SCOPE_COMPLETE_V0_1,TRANSCRIPTOMIC_FEATURE_EXTRACTOR_V0.1
PRF_FE5530F8DE2AE267F4D9BFAA,ENSG00000000003.14,COMP_TRANSCRIPTOMIC_EVIDENCE,FTR_30F328E055345FCF57461525,transcript_query_scope_complete,CLM_E8485F7099C21C871DD9C6E4,REC_658D2F9A3D09C49C947304EA,SRC_PROJECT_DE_ROBUSTNESS,ART_TASK012_INTEGRATED_TARGET_REGISTRY,DEP_8155D4071FB6A59AB8A979CC,OBSERVED,TXR_TRANSCRIPT_SCOPE_COMPLETE_V0_1,TRANSCRIPTOMIC_FEATURE_EXTRACTOR_V0.1
PRF_FE5530F8DE2AE267F4D9BFAA,ENSG00000000003.14,COMP_TRANSCRIPTOMIC_EVIDENCE,FTR_40A4DC06DA0F3A5779C86E40,transcript_record_count,CLM_E8485F7099C21C871DD9C6E4,REC_6583D485066171D6EE9379CD,SRC_PROJECT_DE_ROBUSTNESS,ART_TASK012_INTEGRATED_TARGET_REGISTRY,DEP_8155D4071FB6A59AB8A979CC,OBSERVED,TXR_TRANSCRIPT_RECORD_COUNT_V0_1,TRANSCRIPTOMIC_FEATURE_EXTRACTOR_V0.1
PRF_FE5530F8DE2AE267F4D9BFAA,ENSG00000000003.14,COMP_TRANSCRIPTOMIC_EVIDENCE,FTR_40A4DC06DA0F3A5779C86E40,transcript_record_count,CLM_E8485F7099C21C871DD9C6E4,REC_658D2F9A3D09C49C947304EA,SRC_PROJECT_DE_ROBUSTNESS,ART_TASK012_INTEGRATED_TARGET_REGISTRY,DEP_8155D4071FB6A59AB8A979CC,OBSERVED,TXR_TRANSCRIPT_RECORD_COUNT_V0_1,TRANSCRIPTOMIC_FEATURE_EXTRACTOR_V0.1
PRF_FE5530F8DE2AE267F4D9BFAA,ENSG00000000003.14,COMP_TRANSCRIPTOMIC_EVIDENCE,FTR_CB6AAF69A659ED99A25E9A7D,transcript_partial_condition_count,CLM_E8485F7099C21C871DD9C6E4,REC_6583D485066171D6EE9379CD,SRC_PROJECT_DE_ROBUSTNESS,ART_TASK012_INTEGRATED_TARGET_REGISTRY,DEP_8155D4071FB6A59AB8A979CC,OBSERVED,TXR_TRANSCRIPT_PARTIAL_CONDITION_COUNT_V0_1,TRANSCRIPTOMIC_FEATURE_EXTRACTOR_V0.1
PRF_FE5530F8DE2AE267F4D9BFAA,ENSG00000000003.14,COMP_TRANSCRIPTOMIC_EVIDENCE,FTR_CB6AAF69A659ED99A25E9A7D,transcript_partial_condition_count,CLM_E8485F7099C21C871DD9C6E4,REC_658D2F9A3D09C49C947304EA,SRC_PROJECT_DE_ROBUSTNESS,ART_TASK012_INTEGRATED_TARGET_REGISTRY,DEP_8155D4071FB6A59AB8A979CC,OBSERVED,TXR_TRANSCRIPT_PARTIAL_CONDITION_COUNT_V0_1,TRANSCRIPTOMIC_FEATURE_EXTRACTOR_V0.1
PRF_FE5530F8DE2AE267F4D9BFAA,ENSG00000000003.14,COMP_TRANSCRIPTOMIC_EVIDENCE,FTR_D95E7996B7E8A0BE1121B7DC,transcript_unknown_coverage,CLM_E8485F7099C21C871DD9C6E4,REC_6583D485066171D6EE9379CD,SRC_PROJECT_DE_ROBUSTNESS,ART_TASK012_INTEGRATED_TARGET_REGISTRY,DEP_8155D4071FB6A59AB8A979CC,OBSERVED,TXR_TRANSCRIPT_UNKNOWN_COVERAGE_V0_1,TRANSCRIPTOMIC_FEATURE_EXTRACTOR_V0.1
PRF_FE5530F8DE2AE267F4D9BFAA,ENSG00000000003.14,COMP_TRANSCRIPTOMIC_EVIDENCE,FTR_D95E7996B7E8A0BE1121B7DC,transcript_unknown_coverage,CLM_E8485F7099C21C871DD9C6E4,REC_658D2F9A3D09C49C947304EA,SRC_PROJECT_DE_ROBUSTNESS,ART_TASK012_INTEGRATED_TARGET_REGISTRY,DEP_8155D4071FB6A59AB8A979CC,OBSERVED,TXR_TRANSCRIPT_UNKNOWN_COVERAGE_V0_1,TRANSCRIPTOMIC_FEATURE_EXTRACTOR_V0.1
PRF_FE5530F8DE2AE267F4D9BFAA,ENSG00000000003.14,COMP_TRANSCRIPTOMIC_EVIDENCE,FTR_E95FACDEA9CEAEA65C9248C7,transcript_retrieval_failure,CLM_E8485F7099C21C871DD9C6E4,REC_6583D485066171D6EE9379CD,SRC_PROJECT_DE_ROBUSTNESS,ART_TASK012_INTEGRATED_TARGET_REGISTRY,DEP_8155D4071FB6A59AB8A979CC,OBSERVED,TXR_TRANSCRIPT_RETRIEVAL_FAILURE_V0_1,TRANSCRIPTOMIC_FEATURE_EXTRACTOR_V0.1
PRF_FE5530F8DE2AE267F4D9BFAA,ENSG00000000003.14,COMP_TRANSCRIPTOMIC_EVIDENCE,FTR_E95FACDEA9CEAEA65C9248C7,transcript_retrieval_failure,CLM_E8485F7099C21C871DD9C6E4,REC_658D2F9A3D09C49C947304EA,SRC_PROJECT_DE_ROBUSTNESS,ART_TASK012_INTEGRATED_TARGET_REGISTRY,DEP_8155D4071FB6A59AB8A979CC,OBSERVED,TXR_TRANSCRIPT_RETRIEVAL_FAILURE_V0_1,TRANSCRIPTOMIC_FEATURE_EXTRACTOR_V0.1
PRF_72621C55BB94FF94D2202F61,ENSG00000229097.1,COMP_TRANSCRIPTOMIC_EVIDENCE,FTR_0D7ED75C65EF85E52A67C30F,transcriptomic_record_available,CLM_A8E821B3884DC54CE603D8DE,REC_16C834241A2D941DF3AEFEFD,SRC_PROJECT_DE_ROBUSTNESS,ART_TASK012_INTEGRATED_TARGET_REGISTRY,DEP_7CA365BB0EA9D9CEE1493D65,OBSERVED,TXR_TRANSCRIPT_RECORD_AVAILABLE_V0_1,TRANSCRIPTOMIC_FEATURE_EXTRACTOR_V0.1
PRF_72621C55BB94FF94D2202F61,ENSG00000229097.1,COMP_TRANSCRIPTOMIC_EVIDENCE,FTR_0D7ED75C65EF85E52A67C30F,transcriptomic_record_available,CLM_A8E821B3884DC54CE603D8DE,REC_72A67F82F8EC18508CF15C95,SRC_PROJECT_DE_ROBUSTNESS,ART_TASK012_INTEGRATED_TARGET_REGISTRY,DEP_7CA365BB0EA9D9CEE1493D65,OBSERVED,TXR_TRANSCRIPT_RECORD_AVAILABLE_V0_1,TRANSCRIPTOMIC_FEATURE_EXTRACTOR_V0.1
PRF_72621C55BB94FF94D2202F61,ENSG00000229097.1,COMP_TRANSCRIPTOMIC_EVIDENCE,FTR_0B52CF765D1FCC01F8D9353A,primary_DE_result_available,CLM_A8E821B3884DC54CE603D8DE,REC_16C834241A2D941DF3AEFEFD,SRC_PROJECT_DE_ROBUSTNESS,ART_TASK012_INTEGRATED_TARGET_REGISTRY,NOT_APPLICABLE,OBSERVED,TXR_PRIMARY_RESULT_AVAILABLE_V0_1,TRANSCRIPTOMIC_FEATURE_EXTRACTOR_V0.1
PRF_72621C55BB94FF94D2202F61,ENSG00000229097.1,COMP_TRANSCRIPTOMIC_EVIDENCE,FTR_2D2495198AAFC3CDE3F3F584,sensitivity_results_available,CLM_A8E821B3884DC54CE603D8DE,REC_72A67F82F8EC18508CF15C95,SRC_PROJECT_DE_ROBUSTNESS,ART_TASK012_INTEGRATED_TARGET_REGISTRY,NOT_APPLICABLE,OBSERVED,TXR_SENSITIVITY_RESULTS_AVAILABLE_V0_1,TRANSCRIPTOMIC_FEATURE_EXTRACTOR_V0.1
PRF_72621C55BB94FF94D2202F61,ENSG00000229097.1,COMP_TRANSCRIPTOMIC_EVIDENCE,FTR_547C37925915E5CC01FD42D9,effect_direction_observed,CLM_A8E821B3884DC54CE603D8DE,REC_16C834241A2D941DF3AEFEFD,SRC_PROJECT_DE_ROBUSTNESS,ART_TASK012_INTEGRATED_TARGET_REGISTRY,NOT_APPLICABLE,OBSERVED,TXR_PRIMARY_EFFECT_DIRECTION_V0_1,TRANSCRIPTOMIC_FEATURE_EXTRACTOR_V0.1
PRF_72621C55BB94FF94D2202F61,ENSG00000229097.1,COMP_TRANSCRIPTOMIC_EVIDENCE,FTR_A9CC1B505CE2FD5FBD5D3895,fdr_threshold_version,CLM_A8E821B3884DC54CE603D8DE,REC_16C834241A2D941DF3AEFEFD,SRC_PROJECT_DE_ROBUSTNESS,ART_TASK012_INTEGRATED_TARGET_REGISTRY,NOT_APPLICABLE,OBSERVED,TXR_FDR_THRESHOLD_VERSION_V0_1,TRANSCRIPTOMIC_FEATURE_EXTRACTOR_V0.1
PRF_72621C55BB94FF94D2202F61,ENSG00000229097.1,COMP_TRANSCRIPTOMIC_EVIDENCE,FTR_764D3BA4251FC09FCC425D86,fdr_pass_status,CLM_A8E821B3884DC54CE603D8DE,REC_16C834241A2D941DF3AEFEFD,SRC_PROJECT_DE_ROBUSTNESS,ART_TASK012_INTEGRATED_TARGET_REGISTRY,NOT_APPLICABLE,OBSERVED,TXR_FDR_PASS_STATUS_V0_1,TRANSCRIPTOMIC_FEATURE_EXTRACTOR_V0.1
PRF_72621C55BB94FF94D2202F61,ENSG00000229097.1,COMP_TRANSCRIPTOMIC_EVIDENCE,FTR_3534642D888DCAA543AC7A0C,effect_threshold_version,CLM_A8E821B3884DC54CE603D8DE,REC_16C834241A2D941DF3AEFEFD,SRC_PROJECT_DE_ROBUSTNESS,ART_TASK012_INTEGRATED_TARGET_REGISTRY,NOT_APPLICABLE,OBSERVED,TXR_EFFECT_THRESHOLD_VERSION_V0_1,TRANSCRIPTOMIC_FEATURE_EXTRACTOR_V0.1
PRF_72621C55BB94FF94D2202F61,ENSG00000229097.1,COMP_TRANSCRIPTOMIC_EVIDENCE,FTR_3601080FA42324A5A56DF0B7,effect_threshold_status,CLM_A8E821B3884DC54CE603D8DE,REC_16C834241A2D941DF3AEFEFD,SRC_PROJECT_DE_ROBUSTNESS,ART_TASK012_INTEGRATED_TARGET_REGISTRY,NOT_APPLICABLE,OBSERVED,TXR_EFFECT_THRESHOLD_STATUS_V0_1,TRANSCRIPTOMIC_FEATURE_EXTRACTOR_V0.1
PRF_72621C55BB94FF94D2202F61,ENSG00000229097.1,COMP_TRANSCRIPTOMIC_EVIDENCE,FTR_40CC85A1F217244393B73BB0,sensitivity_model_count_available,CLM_A8E821B3884DC54CE603D8DE,REC_72A67F82F8EC18508CF15C95,SRC_PROJECT_DE_ROBUSTNESS,ART_TASK012_INTEGRATED_TARGET_REGISTRY,NOT_APPLICABLE,OBSERVED,TXR_SENSITIVITY_MODEL_COUNT_V0_1,TRANSCRIPTOMIC_FEATURE_EXTRACTOR_V0.1
PRF_72621C55BB94FF94D2202F61,ENSG00000229097.1,COMP_TRANSCRIPTOMIC_EVIDENCE,FTR_C99B1FC2CDAC89E98E75167B,sensitivity_direction_pattern,CLM_A8E821B3884DC54CE603D8DE,REC_72A67F82F8EC18508CF15C95,SRC_PROJECT_DE_ROBUSTNESS,ART_TASK012_INTEGRATED_TARGET_REGISTRY,NOT_APPLICABLE,OBSERVED,TXR_SENSITIVITY_DIRECTION_PATTERN_V0_1,TRANSCRIPTOMIC_FEATURE_EXTRACTOR_V0.1
PRF_72621C55BB94FF94D2202F61,ENSG00000229097.1,COMP_TRANSCRIPTOMIC_EVIDENCE,FTR_75C9721503D6DBE05615CE20,sensitivity_consistency_category,CLM_A8E821B3884DC54CE603D8DE,REC_16C834241A2D941DF3AEFEFD,SRC_PROJECT_DE_ROBUSTNESS,ART_TASK012_INTEGRATED_TARGET_REGISTRY,DEP_7CA365BB0EA9D9CEE1493D65,OBSERVED,TXR_SENSITIVITY_CONSISTENCY_V0_1,TRANSCRIPTOMIC_FEATURE_EXTRACTOR_V0.1
PRF_72621C55BB94FF94D2202F61,ENSG00000229097.1,COMP_TRANSCRIPTOMIC_EVIDENCE,FTR_75C9721503D6DBE05615CE20,sensitivity_consistency_category,CLM_A8E821B3884DC54CE603D8DE,REC_72A67F82F8EC18508CF15C95,SRC_PROJECT_DE_ROBUSTNESS,ART_TASK012_INTEGRATED_TARGET_REGISTRY,DEP_7CA365BB0EA9D9CEE1493D65,OBSERVED,TXR_SENSITIVITY_CONSISTENCY_V0_1,TRANSCRIPTOMIC_FEATURE_EXTRACTOR_V0.1
PRF_72621C55BB94FF94D2202F61,ENSG00000229097.1,COMP_TRANSCRIPTOMIC_EVIDENCE,FTR_F0865252132FA90B83E5DBCA,identity_conflict_count,CLM_A8E821B3884DC54CE603D8DE,REC_16C834241A2D941DF3AEFEFD,SRC_PROJECT_DE_ROBUSTNESS,ART_TASK012_INTEGRATED_TARGET_REGISTRY,DEP_7CA365BB0EA9D9CEE1493D65,OBSERVED,TXR_IDENTITY_CONFLICT_COUNT_V0_1,TRANSCRIPTOMIC_FEATURE_EXTRACTOR_V0.1
PRF_72621C55BB94FF94D2202F61,ENSG00000229097.1,COMP_TRANSCRIPTOMIC_EVIDENCE,FTR_F0865252132FA90B83E5DBCA,identity_conflict_count,CLM_A8E821B3884DC54CE603D8DE,REC_72A67F82F8EC18508CF15C95,SRC_PROJECT_DE_ROBUSTNESS,ART_TASK012_INTEGRATED_TARGET_REGISTRY,DEP_7CA365BB0EA9D9CEE1493D65,OBSERVED,TXR_IDENTITY_CONFLICT_COUNT_V0_1,TRANSCRIPTOMIC_FEATURE_EXTRACTOR_V0.1
PRF_72621C55BB94FF94D2202F61,ENSG00000229097.1,COMP_TRANSCRIPTOMIC_EVIDENCE,FTR_632E0DF09F49170B95D35D6A,provenance_complete,CLM_A8E821B3884DC54CE603D8DE,REC_16C834241A2D941DF3AEFEFD,SRC_PROJECT_DE_ROBUSTNESS,ART_TASK012_INTEGRATED_TARGET_REGISTRY,DEP_7CA365BB0EA9D9CEE1493D65,OBSERVED,TXR_PROVENANCE_COMPLETE_V0_1,TRANSCRIPTOMIC_FEATURE_EXTRACTOR_V0.1
PRF_72621C55BB94FF94D2202F61,ENSG00000229097.1,COMP_TRANSCRIPTOMIC_EVIDENCE,FTR_632E0DF09F49170B95D35D6A,provenance_complete,CLM_A8E821B3884DC54CE603D8DE,REC_72A67F82F8EC18508CF15C95,SRC_PROJECT_DE_ROBUSTNESS,ART_TASK012_INTEGRATED_TARGET_REGISTRY,DEP_7CA365BB0EA9D9CEE1493D65,OBSERVED,TXR_PROVENANCE_COMPLETE_V0_1,TRANSCRIPTOMIC_FEATURE_EXTRACTOR_V0.1
PRF_72621C55BB94FF94D2202F61,ENSG00000229097.1,COMP_TRANSCRIPTOMIC_EVIDENCE,FTR_3C03750E26D1860E84AFBD93,transcript_conflict_count,CLM_A8E821B3884DC54CE603D8DE,REC_16C834241A2D941DF3AEFEFD,SRC_PROJECT_DE_ROBUSTNESS,ART_TASK012_INTEGRATED_TARGET_REGISTRY,DEP_7CA365BB0EA9D9CEE1493D65,OBSERVED,TXR_TRANSCRIPT_CONFLICT_COUNT_V0_1,TRANSCRIPTOMIC_FEATURE_EXTRACTOR_V0.1
PRF_72621C55BB94FF94D2202F61,ENSG00000229097.1,COMP_TRANSCRIPTOMIC_EVIDENCE,FTR_3C03750E26D1860E84AFBD93,transcript_conflict_count,CLM_A8E821B3884DC54CE603D8DE,REC_72A67F82F8EC18508CF15C95,SRC_PROJECT_DE_ROBUSTNESS,ART_TASK012_INTEGRATED_TARGET_REGISTRY,DEP_7CA365BB0EA9D9CEE1493D65,OBSERVED,TXR_TRANSCRIPT_CONFLICT_COUNT_V0_1,TRANSCRIPTOMIC_FEATURE_EXTRACTOR_V0.1
PRF_72621C55BB94FF94D2202F61,ENSG00000229097.1,COMP_TRANSCRIPTOMIC_EVIDENCE,FTR_A694B105EFD7DB37ECC44F2C,transcript_qualifying_record_count,CLM_A8E821B3884DC54CE603D8DE,REC_16C834241A2D941DF3AEFEFD,SRC_PROJECT_DE_ROBUSTNESS,ART_TASK012_INTEGRATED_TARGET_REGISTRY,DEP_7CA365BB0EA9D9CEE1493D65,OBSERVED,TXR_TRANSCRIPT_QUALIFYING_RECORD_COUNT_V0_1,TRANSCRIPTOMIC_FEATURE_EXTRACTOR_V0.1
PRF_72621C55BB94FF94D2202F61,ENSG00000229097.1,COMP_TRANSCRIPTOMIC_EVIDENCE,FTR_A694B105EFD7DB37ECC44F2C,transcript_qualifying_record_count,CLM_A8E821B3884DC54CE603D8DE,REC_72A67F82F8EC18508CF15C95,SRC_PROJECT_DE_ROBUSTNESS,ART_TASK012_INTEGRATED_TARGET_REGISTRY,DEP_7CA365BB0EA9D9CEE1493D65,OBSERVED,TXR_TRANSCRIPT_QUALIFYING_RECORD_COUNT_V0_1,TRANSCRIPTOMIC_FEATURE_EXTRACTOR_V0.1
PRF_72621C55BB94FF94D2202F61,ENSG00000229097.1,COMP_TRANSCRIPTOMIC_EVIDENCE,FTR_4F4407766315E4BB9E4BB818,transcript_observed_context_complete,CLM_A8E821B3884DC54CE603D8DE,REC_16C834241A2D941DF3AEFEFD,SRC_PROJECT_DE_ROBUSTNESS,ART_TASK012_INTEGRATED_TARGET_REGISTRY,DEP_7CA365BB0EA9D9CEE1493D65,OBSERVED,TXR_TRANSCRIPT_CONTEXT_COMPLETE_V0_1,TRANSCRIPTOMIC_FEATURE_EXTRACTOR_V0.1
PRF_72621C55BB94FF94D2202F61,ENSG00000229097.1,COMP_TRANSCRIPTOMIC_EVIDENCE,FTR_4F4407766315E4BB9E4BB818,transcript_observed_context_complete,CLM_A8E821B3884DC54CE603D8DE,REC_72A67F82F8EC18508CF15C95,SRC_PROJECT_DE_ROBUSTNESS,ART_TASK012_INTEGRATED_TARGET_REGISTRY,DEP_7CA365BB0EA9D9CEE1493D65,OBSERVED,TXR_TRANSCRIPT_CONTEXT_COMPLETE_V0_1,TRANSCRIPTOMIC_FEATURE_EXTRACTOR_V0.1
PRF_72621C55BB94FF94D2202F61,ENSG00000229097.1,COMP_TRANSCRIPTOMIC_EVIDENCE,FTR_1CB0BCF320A9E1A7E927CCCB,transcript_assessment_attempted,CLM_A8E821B3884DC54CE603D8DE,REC_16C834241A2D941DF3AEFEFD,SRC_PROJECT_DE_ROBUSTNESS,ART_TASK012_INTEGRATED_TARGET_REGISTRY,DEP_7CA365BB0EA9D9CEE1493D65,OBSERVED,TXR_TRANSCRIPT_ASSESSMENT_ATTEMPTED_V0_1,TRANSCRIPTOMIC_FEATURE_EXTRACTOR_V0.1
PRF_72621C55BB94FF94D2202F61,ENSG00000229097.1,COMP_TRANSCRIPTOMIC_EVIDENCE,FTR_1CB0BCF320A9E1A7E927CCCB,transcript_assessment_attempted,CLM_A8E821B3884DC54CE603D8DE,REC_72A67F82F8EC18508CF15C95,SRC_PROJECT_DE_ROBUSTNESS,ART_TASK012_INTEGRATED_TARGET_REGISTRY,DEP_7CA365BB0EA9D9CEE1493D65,OBSERVED,TXR_TRANSCRIPT_ASSESSMENT_ATTEMPTED_V0_1,TRANSCRIPTOMIC_FEATURE_EXTRACTOR_V0.1
PRF_72621C55BB94FF94D2202F61,ENSG00000229097.1,COMP_TRANSCRIPTOMIC_EVIDENCE,FTR_9A601FF6E3042BD96B46B5D6,transcript_query_scope_complete,CLM_A8E821B3884DC54CE603D8DE,REC_16C834241A2D941DF3AEFEFD,SRC_PROJECT_DE_ROBUSTNESS,ART_TASK012_INTEGRATED_TARGET_REGISTRY,DEP_7CA365BB0EA9D9CEE1493D65,OBSERVED,TXR_TRANSCRIPT_SCOPE_COMPLETE_V0_1,TRANSCRIPTOMIC_FEATURE_EXTRACTOR_V0.1
PRF_72621C55BB94FF94D2202F61,ENSG00000229097.1,COMP_TRANSCRIPTOMIC_EVIDENCE,FTR_9A601FF6E3042BD96B46B5D6,transcript_query_scope_complete,CLM_A8E821B3884DC54CE603D8DE,REC_72A67F82F8EC18508CF15C95,SRC_PROJECT_DE_ROBUSTNESS,ART_TASK012_INTEGRATED_TARGET_REGISTRY,DEP_7CA365BB0EA9D9CEE1493D65,OBSERVED,TXR_TRANSCRIPT_SCOPE_COMPLETE_V0_1,TRANSCRIPTOMIC_FEATURE_EXTRACTOR_V0.1
PRF_72621C55BB94FF94D2202F61,ENSG00000229097.1,COMP_TRANSCRIPTOMIC_EVIDENCE,FTR_8CABA7082937AEA057C2B604,transcript_record_count,CLM_A8E821B3884DC54CE603D8DE,REC_16C834241A2D941DF3AEFEFD,SRC_PROJECT_DE_ROBUSTNESS,ART_TASK012_INTEGRATED_TARGET_REGISTRY,DEP_7CA365BB0EA9D9CEE1493D65,OBSERVED,TXR_TRANSCRIPT_RECORD_COUNT_V0_1,TRANSCRIPTOMIC_FEATURE_EXTRACTOR_V0.1
PRF_72621C55BB94FF94D2202F61,ENSG00000229097.1,COMP_TRANSCRIPTOMIC_EVIDENCE,FTR_8CABA7082937AEA057C2B604,transcript_record_count,CLM_A8E821B3884DC54CE603D8DE,REC_72A67F82F8EC18508CF15C95,SRC_PROJECT_DE_ROBUSTNESS,ART_TASK012_INTEGRATED_TARGET_REGISTRY,DEP_7CA365BB0EA9D9CEE1493D65,OBSERVED,TXR_TRANSCRIPT_RECORD_COUNT_V0_1,TRANSCRIPTOMIC_FEATURE_EXTRACTOR_V0.1
PRF_72621C55BB94FF94D2202F61,ENSG00000229097.1,COMP_TRANSCRIPTOMIC_EVIDENCE,FTR_4D4901F31178608D6CF8F1D3,transcript_partial_condition_count,CLM_A8E821B3884DC54CE603D8DE,REC_16C834241A2D941DF3AEFEFD,SRC_PROJECT_DE_ROBUSTNESS,ART_TASK012_INTEGRATED_TARGET_REGISTRY,DEP_7CA365BB0EA9D9CEE1493D65,OBSERVED,TXR_TRANSCRIPT_PARTIAL_CONDITION_COUNT_V0_1,TRANSCRIPTOMIC_FEATURE_EXTRACTOR_V0.1
PRF_72621C55BB94FF94D2202F61,ENSG00000229097.1,COMP_TRANSCRIPTOMIC_EVIDENCE,FTR_4D4901F31178608D6CF8F1D3,transcript_partial_condition_count,CLM_A8E821B3884DC54CE603D8DE,REC_72A67F82F8EC18508CF15C95,SRC_PROJECT_DE_ROBUSTNESS,ART_TASK012_INTEGRATED_TARGET_REGISTRY,DEP_7CA365BB0EA9D9CEE1493D65,OBSERVED,TXR_TRANSCRIPT_PARTIAL_CONDITION_COUNT_V0_1,TRANSCRIPTOMIC_FEATURE_EXTRACTOR_V0.1
PRF_72621C55BB94FF94D2202F61,ENSG00000229097.1,COMP_TRANSCRIPTOMIC_EVIDENCE,FTR_2E8DC7659FBA270B6E27515A,transcript_unknown_coverage,CLM_A8E821B3884DC54CE603D8DE,REC_16C834241A2D941DF3AEFEFD,SRC_PROJECT_DE_ROBUSTNESS,ART_TASK012_INTEGRATED_TARGET_REGISTRY,DEP_7CA365BB0EA9D9CEE1493D65,OBSERVED,TXR_TRANSCRIPT_UNKNOWN_COVERAGE_V0_1,TRANSCRIPTOMIC_FEATURE_EXTRACTOR_V0.1
PRF_72621C55BB94FF94D2202F61,ENSG00000229097.1,COMP_TRANSCRIPTOMIC_EVIDENCE,FTR_2E8DC7659FBA270B6E27515A,transcript_unknown_coverage,CLM_A8E821B3884DC54CE603D8DE,REC_72A67F82F8EC18508CF15C95,SRC_PROJECT_DE_ROBUSTNESS,ART_TASK012_INTEGRATED_TARGET_REGISTRY,DEP_7CA365BB0EA9D9CEE1493D65,OBSERVED,TXR_TRANSCRIPT_UNKNOWN_COVERAGE_V0_1,TRANSCRIPTOMIC_FEATURE_EXTRACTOR_V0.1
PRF_72621C55BB94FF94D2202F61,ENSG00000229097.1,COMP_TRANSCRIPTOMIC_EVIDENCE,FTR_2F0581409A81652A804DAF48,transcript_retrieval_failure,CLM_A8E821B3884DC54CE603D8DE,REC_16C834241A2D941DF3AEFEFD,SRC_PROJECT_DE_ROBUSTNESS,ART_TASK012_INTEGRATED_TARGET_REGISTRY,DEP_7CA365BB0EA9D9CEE1493D65,OBSERVED,TXR_TRANSCRIPT_RETRIEVAL_FAILURE_V0_1,TRANSCRIPTOMIC_FEATURE_EXTRACTOR_V0.1
PRF_72621C55BB94FF94D2202F61,ENSG00000229097.1,COMP_TRANSCRIPTOMIC_EVIDENCE,FTR_2F0581409A81652A804DAF48,transcript_retrieval_failure,CLM_A8E821B3884DC54CE603D8DE,REC_72A67F82F8EC18508CF15C95,SRC_PROJECT_DE_ROBUSTNESS,ART_TASK012_INTEGRATED_TARGET_REGISTRY,DEP_7CA365BB0EA9D9CEE1493D65,OBSERVED,TXR_TRANSCRIPT_RETRIEVAL_FAILURE_V0_1,TRANSCRIPTOMIC_FEATURE_EXTRACTOR_V0.1
PRF_0355B5E16C83CCAB50BD3D03,ENSG00000001631.15,COMP_TRANSCRIPTOMIC_EVIDENCE,FTR_2A1D2A9F411F7DFD884F6B68,transcriptomic_record_available,CLM_CF1D177927579F6FBE6B1AC0,REC_456DFAE2D6C159BB03D6CC18,SRC_PROJECT_DE_ROBUSTNESS,ART_TASK012_INTEGRATED_TARGET_REGISTRY,DEP_2F269879C3017FFF2BFC5462,OBSERVED,TXR_TRANSCRIPT_RECORD_AVAILABLE_V0_1,TRANSCRIPTOMIC_FEATURE_EXTRACTOR_V0.1
PRF_0355B5E16C83CCAB50BD3D03,ENSG00000001631.15,COMP_TRANSCRIPTOMIC_EVIDENCE,FTR_2A1D2A9F411F7DFD884F6B68,transcriptomic_record_available,CLM_CF1D177927579F6FBE6B1AC0,REC_8F978EC0CC133050C23A6DAA,SRC_PROJECT_DE_ROBUSTNESS,ART_TASK012_INTEGRATED_TARGET_REGISTRY,DEP_2F269879C3017FFF2BFC5462,OBSERVED,TXR_TRANSCRIPT_RECORD_AVAILABLE_V0_1,TRANSCRIPTOMIC_FEATURE_EXTRACTOR_V0.1
PRF_0355B5E16C83CCAB50BD3D03,ENSG00000001631.15,COMP_TRANSCRIPTOMIC_EVIDENCE,FTR_6743FE38C0E96F0D0A607C33,primary_DE_result_available,CLM_CF1D177927579F6FBE6B1AC0,REC_8F978EC0CC133050C23A6DAA,SRC_PROJECT_DE_ROBUSTNESS,ART_TASK012_INTEGRATED_TARGET_REGISTRY,NOT_APPLICABLE,OBSERVED,TXR_PRIMARY_RESULT_AVAILABLE_V0_1,TRANSCRIPTOMIC_FEATURE_EXTRACTOR_V0.1
PRF_0355B5E16C83CCAB50BD3D03,ENSG00000001631.15,COMP_TRANSCRIPTOMIC_EVIDENCE,FTR_7840404C6103688CEB699196,sensitivity_results_available,CLM_CF1D177927579F6FBE6B1AC0,REC_456DFAE2D6C159BB03D6CC18,SRC_PROJECT_DE_ROBUSTNESS,ART_TASK012_INTEGRATED_TARGET_REGISTRY,NOT_APPLICABLE,OBSERVED,TXR_SENSITIVITY_RESULTS_AVAILABLE_V0_1,TRANSCRIPTOMIC_FEATURE_EXTRACTOR_V0.1
PRF_0355B5E16C83CCAB50BD3D03,ENSG00000001631.15,COMP_TRANSCRIPTOMIC_EVIDENCE,FTR_BD81372C4C75FEC3B7496976,effect_direction_observed,CLM_CF1D177927579F6FBE6B1AC0,REC_8F978EC0CC133050C23A6DAA,SRC_PROJECT_DE_ROBUSTNESS,ART_TASK012_INTEGRATED_TARGET_REGISTRY,NOT_APPLICABLE,OBSERVED,TXR_PRIMARY_EFFECT_DIRECTION_V0_1,TRANSCRIPTOMIC_FEATURE_EXTRACTOR_V0.1
PRF_0355B5E16C83CCAB50BD3D03,ENSG00000001631.15,COMP_TRANSCRIPTOMIC_EVIDENCE,FTR_E61D845A3E851705D33D1BCB,fdr_threshold_version,CLM_CF1D177927579F6FBE6B1AC0,REC_8F978EC0CC133050C23A6DAA,SRC_PROJECT_DE_ROBUSTNESS,ART_TASK012_INTEGRATED_TARGET_REGISTRY,NOT_APPLICABLE,OBSERVED,TXR_FDR_THRESHOLD_VERSION_V0_1,TRANSCRIPTOMIC_FEATURE_EXTRACTOR_V0.1
PRF_0355B5E16C83CCAB50BD3D03,ENSG00000001631.15,COMP_TRANSCRIPTOMIC_EVIDENCE,FTR_48810DBBB6F9E20803F89E34,fdr_pass_status,CLM_CF1D177927579F6FBE6B1AC0,REC_8F978EC0CC133050C23A6DAA,SRC_PROJECT_DE_ROBUSTNESS,ART_TASK012_INTEGRATED_TARGET_REGISTRY,NOT_APPLICABLE,OBSERVED,TXR_FDR_PASS_STATUS_V0_1,TRANSCRIPTOMIC_FEATURE_EXTRACTOR_V0.1
PRF_0355B5E16C83CCAB50BD3D03,ENSG00000001631.15,COMP_TRANSCRIPTOMIC_EVIDENCE,FTR_48D9146E06BD7B3C017A45E1,effect_threshold_version,CLM_CF1D177927579F6FBE6B1AC0,REC_8F978EC0CC133050C23A6DAA,SRC_PROJECT_DE_ROBUSTNESS,ART_TASK012_INTEGRATED_TARGET_REGISTRY,NOT_APPLICABLE,OBSERVED,TXR_EFFECT_THRESHOLD_VERSION_V0_1,TRANSCRIPTOMIC_FEATURE_EXTRACTOR_V0.1
PRF_0355B5E16C83CCAB50BD3D03,ENSG00000001631.15,COMP_TRANSCRIPTOMIC_EVIDENCE,FTR_47A73B274A25DE913B290915,effect_threshold_status,CLM_CF1D177927579F6FBE6B1AC0,REC_8F978EC0CC133050C23A6DAA,SRC_PROJECT_DE_ROBUSTNESS,ART_TASK012_INTEGRATED_TARGET_REGISTRY,NOT_APPLICABLE,OBSERVED,TXR_EFFECT_THRESHOLD_STATUS_V0_1,TRANSCRIPTOMIC_FEATURE_EXTRACTOR_V0.1
PRF_0355B5E16C83CCAB50BD3D03,ENSG00000001631.15,COMP_TRANSCRIPTOMIC_EVIDENCE,FTR_3E0892D1252698B641A6AA0F,sensitivity_model_count_available,CLM_CF1D177927579F6FBE6B1AC0,REC_456DFAE2D6C159BB03D6CC18,SRC_PROJECT_DE_ROBUSTNESS,ART_TASK012_INTEGRATED_TARGET_REGISTRY,NOT_APPLICABLE,OBSERVED,TXR_SENSITIVITY_MODEL_COUNT_V0_1,TRANSCRIPTOMIC_FEATURE_EXTRACTOR_V0.1
PRF_0355B5E16C83CCAB50BD3D03,ENSG00000001631.15,COMP_TRANSCRIPTOMIC_EVIDENCE,FTR_89C79DF843A692D94E9C7483,sensitivity_direction_pattern,CLM_CF1D177927579F6FBE6B1AC0,REC_456DFAE2D6C159BB03D6CC18,SRC_PROJECT_DE_ROBUSTNESS,ART_TASK012_INTEGRATED_TARGET_REGISTRY,NOT_APPLICABLE,OBSERVED,TXR_SENSITIVITY_DIRECTION_PATTERN_V0_1,TRANSCRIPTOMIC_FEATURE_EXTRACTOR_V0.1
PRF_0355B5E16C83CCAB50BD3D03,ENSG00000001631.15,COMP_TRANSCRIPTOMIC_EVIDENCE,FTR_4CBF94E19E6D2714F41E8AFC,sensitivity_consistency_category,CLM_CF1D177927579F6FBE6B1AC0,REC_456DFAE2D6C159BB03D6CC18,SRC_PROJECT_DE_ROBUSTNESS,ART_TASK012_INTEGRATED_TARGET_REGISTRY,DEP_2F269879C3017FFF2BFC5462,OBSERVED,TXR_SENSITIVITY_CONSISTENCY_V0_1,TRANSCRIPTOMIC_FEATURE_EXTRACTOR_V0.1
PRF_0355B5E16C83CCAB50BD3D03,ENSG00000001631.15,COMP_TRANSCRIPTOMIC_EVIDENCE,FTR_4CBF94E19E6D2714F41E8AFC,sensitivity_consistency_category,CLM_CF1D177927579F6FBE6B1AC0,REC_8F978EC0CC133050C23A6DAA,SRC_PROJECT_DE_ROBUSTNESS,ART_TASK012_INTEGRATED_TARGET_REGISTRY,DEP_2F269879C3017FFF2BFC5462,OBSERVED,TXR_SENSITIVITY_CONSISTENCY_V0_1,TRANSCRIPTOMIC_FEATURE_EXTRACTOR_V0.1
PRF_0355B5E16C83CCAB50BD3D03,ENSG00000001631.15,COMP_TRANSCRIPTOMIC_EVIDENCE,FTR_FC04774B2A623CCB54D81EF5,identity_conflict_count,CLM_CF1D177927579F6FBE6B1AC0,REC_456DFAE2D6C159BB03D6CC18,SRC_PROJECT_DE_ROBUSTNESS,ART_TASK012_INTEGRATED_TARGET_REGISTRY,DEP_2F269879C3017FFF2BFC5462,OBSERVED,TXR_IDENTITY_CONFLICT_COUNT_V0_1,TRANSCRIPTOMIC_FEATURE_EXTRACTOR_V0.1
PRF_0355B5E16C83CCAB50BD3D03,ENSG00000001631.15,COMP_TRANSCRIPTOMIC_EVIDENCE,FTR_FC04774B2A623CCB54D81EF5,identity_conflict_count,CLM_CF1D177927579F6FBE6B1AC0,REC_8F978EC0CC133050C23A6DAA,SRC_PROJECT_DE_ROBUSTNESS,ART_TASK012_INTEGRATED_TARGET_REGISTRY,DEP_2F269879C3017FFF2BFC5462,OBSERVED,TXR_IDENTITY_CONFLICT_COUNT_V0_1,TRANSCRIPTOMIC_FEATURE_EXTRACTOR_V0.1
PRF_0355B5E16C83CCAB50BD3D03,ENSG00000001631.15,COMP_TRANSCRIPTOMIC_EVIDENCE,FTR_C4162D39D029F9381E15DED2,provenance_complete,CLM_CF1D177927579F6FBE6B1AC0,REC_456DFAE2D6C159BB03D6CC18,SRC_PROJECT_DE_ROBUSTNESS,ART_TASK012_INTEGRATED_TARGET_REGISTRY,DEP_2F269879C3017FFF2BFC5462,OBSERVED,TXR_PROVENANCE_COMPLETE_V0_1,TRANSCRIPTOMIC_FEATURE_EXTRACTOR_V0.1
PRF_0355B5E16C83CCAB50BD3D03,ENSG00000001631.15,COMP_TRANSCRIPTOMIC_EVIDENCE,FTR_C4162D39D029F9381E15DED2,provenance_complete,CLM_CF1D177927579F6FBE6B1AC0,REC_8F978EC0CC133050C23A6DAA,SRC_PROJECT_DE_ROBUSTNESS,ART_TASK012_INTEGRATED_TARGET_REGISTRY,DEP_2F269879C3017FFF2BFC5462,OBSERVED,TXR_PROVENANCE_COMPLETE_V0_1,TRANSCRIPTOMIC_FEATURE_EXTRACTOR_V0.1
PRF_0355B5E16C83CCAB50BD3D03,ENSG00000001631.15,COMP_TRANSCRIPTOMIC_EVIDENCE,FTR_38456CC1E61415369D83D494,transcript_conflict_count,CLM_CF1D177927579F6FBE6B1AC0,REC_456DFAE2D6C159BB03D6CC18,SRC_PROJECT_DE_ROBUSTNESS,ART_TASK012_INTEGRATED_TARGET_REGISTRY,DEP_2F269879C3017FFF2BFC5462,OBSERVED,TXR_TRANSCRIPT_CONFLICT_COUNT_V0_1,TRANSCRIPTOMIC_FEATURE_EXTRACTOR_V0.1
PRF_0355B5E16C83CCAB50BD3D03,ENSG00000001631.15,COMP_TRANSCRIPTOMIC_EVIDENCE,FTR_38456CC1E61415369D83D494,transcript_conflict_count,CLM_CF1D177927579F6FBE6B1AC0,REC_8F978EC0CC133050C23A6DAA,SRC_PROJECT_DE_ROBUSTNESS,ART_TASK012_INTEGRATED_TARGET_REGISTRY,DEP_2F269879C3017FFF2BFC5462,OBSERVED,TXR_TRANSCRIPT_CONFLICT_COUNT_V0_1,TRANSCRIPTOMIC_FEATURE_EXTRACTOR_V0.1
PRF_0355B5E16C83CCAB50BD3D03,ENSG00000001631.15,COMP_TRANSCRIPTOMIC_EVIDENCE,FTR_44ABE131CDC9D4A79CC257FE,transcript_qualifying_record_count,CLM_CF1D177927579F6FBE6B1AC0,REC_456DFAE2D6C159BB03D6CC18,SRC_PROJECT_DE_ROBUSTNESS,ART_TASK012_INTEGRATED_TARGET_REGISTRY,DEP_2F269879C3017FFF2BFC5462,OBSERVED,TXR_TRANSCRIPT_QUALIFYING_RECORD_COUNT_V0_1,TRANSCRIPTOMIC_FEATURE_EXTRACTOR_V0.1
PRF_0355B5E16C83CCAB50BD3D03,ENSG00000001631.15,COMP_TRANSCRIPTOMIC_EVIDENCE,FTR_44ABE131CDC9D4A79CC257FE,transcript_qualifying_record_count,CLM_CF1D177927579F6FBE6B1AC0,REC_8F978EC0CC133050C23A6DAA,SRC_PROJECT_DE_ROBUSTNESS,ART_TASK012_INTEGRATED_TARGET_REGISTRY,DEP_2F269879C3017FFF2BFC5462,OBSERVED,TXR_TRANSCRIPT_QUALIFYING_RECORD_COUNT_V0_1,TRANSCRIPTOMIC_FEATURE_EXTRACTOR_V0.1
PRF_0355B5E16C83CCAB50BD3D03,ENSG00000001631.15,COMP_TRANSCRIPTOMIC_EVIDENCE,FTR_9D0687D3E547BE2EE6B82579,transcript_observed_context_complete,CLM_CF1D177927579F6FBE6B1AC0,REC_456DFAE2D6C159BB03D6CC18,SRC_PROJECT_DE_ROBUSTNESS,ART_TASK012_INTEGRATED_TARGET_REGISTRY,DEP_2F269879C3017FFF2BFC5462,OBSERVED,TXR_TRANSCRIPT_CONTEXT_COMPLETE_V0_1,TRANSCRIPTOMIC_FEATURE_EXTRACTOR_V0.1
PRF_0355B5E16C83CCAB50BD3D03,ENSG00000001631.15,COMP_TRANSCRIPTOMIC_EVIDENCE,FTR_9D0687D3E547BE2EE6B82579,transcript_observed_context_complete,CLM_CF1D177927579F6FBE6B1AC0,REC_8F978EC0CC133050C23A6DAA,SRC_PROJECT_DE_ROBUSTNESS,ART_TASK012_INTEGRATED_TARGET_REGISTRY,DEP_2F269879C3017FFF2BFC5462,OBSERVED,TXR_TRANSCRIPT_CONTEXT_COMPLETE_V0_1,TRANSCRIPTOMIC_FEATURE_EXTRACTOR_V0.1
PRF_0355B5E16C83CCAB50BD3D03,ENSG00000001631.15,COMP_TRANSCRIPTOMIC_EVIDENCE,FTR_7C8AA75B3DA5398A0D215556,transcript_assessment_attempted,CLM_CF1D177927579F6FBE6B1AC0,REC_456DFAE2D6C159BB03D6CC18,SRC_PROJECT_DE_ROBUSTNESS,ART_TASK012_INTEGRATED_TARGET_REGISTRY,DEP_2F269879C3017FFF2BFC5462,OBSERVED,TXR_TRANSCRIPT_ASSESSMENT_ATTEMPTED_V0_1,TRANSCRIPTOMIC_FEATURE_EXTRACTOR_V0.1
PRF_0355B5E16C83CCAB50BD3D03,ENSG00000001631.15,COMP_TRANSCRIPTOMIC_EVIDENCE,FTR_7C8AA75B3DA5398A0D215556,transcript_assessment_attempted,CLM_CF1D177927579F6FBE6B1AC0,REC_8F978EC0CC133050C23A6DAA,SRC_PROJECT_DE_ROBUSTNESS,ART_TASK012_INTEGRATED_TARGET_REGISTRY,DEP_2F269879C3017FFF2BFC5462,OBSERVED,TXR_TRANSCRIPT_ASSESSMENT_ATTEMPTED_V0_1,TRANSCRIPTOMIC_FEATURE_EXTRACTOR_V0.1
PRF_0355B5E16C83CCAB50BD3D03,ENSG00000001631.15,COMP_TRANSCRIPTOMIC_EVIDENCE,FTR_F3BC55F5A9994868C32CB08C,transcript_query_scope_complete,CLM_CF1D177927579F6FBE6B1AC0,REC_456DFAE2D6C159BB03D6CC18,SRC_PROJECT_DE_ROBUSTNESS,ART_TASK012_INTEGRATED_TARGET_REGISTRY,DEP_2F269879C3017FFF2BFC5462,OBSERVED,TXR_TRANSCRIPT_SCOPE_COMPLETE_V0_1,TRANSCRIPTOMIC_FEATURE_EXTRACTOR_V0.1
PRF_0355B5E16C83CCAB50BD3D03,ENSG00000001631.15,COMP_TRANSCRIPTOMIC_EVIDENCE,FTR_F3BC55F5A9994868C32CB08C,transcript_query_scope_complete,CLM_CF1D177927579F6FBE6B1AC0,REC_8F978EC0CC133050C23A6DAA,SRC_PROJECT_DE_ROBUSTNESS,ART_TASK012_INTEGRATED_TARGET_REGISTRY,DEP_2F269879C3017FFF2BFC5462,OBSERVED,TXR_TRANSCRIPT_SCOPE_COMPLETE_V0_1,TRANSCRIPTOMIC_FEATURE_EXTRACTOR_V0.1
PRF_0355B5E16C83CCAB50BD3D03,ENSG00000001631.15,COMP_TRANSCRIPTOMIC_EVIDENCE,FTR_8D1E0005F16FCE775CD742A1,transcript_record_count,CLM_CF1D177927579F6FBE6B1AC0,REC_456DFAE2D6C159BB03D6CC18,SRC_PROJECT_DE_ROBUSTNESS,ART_TASK012_INTEGRATED_TARGET_REGISTRY,DEP_2F269879C3017FFF2BFC5462,OBSERVED,TXR_TRANSCRIPT_RECORD_COUNT_V0_1,TRANSCRIPTOMIC_FEATURE_EXTRACTOR_V0.1
PRF_0355B5E16C83CCAB50BD3D03,ENSG00000001631.15,COMP_TRANSCRIPTOMIC_EVIDENCE,FTR_8D1E0005F16FCE775CD742A1,transcript_record_count,CLM_CF1D177927579F6FBE6B1AC0,REC_8F978EC0CC133050C23A6DAA,SRC_PROJECT_DE_ROBUSTNESS,ART_TASK012_INTEGRATED_TARGET_REGISTRY,DEP_2F269879C3017FFF2BFC5462,OBSERVED,TXR_TRANSCRIPT_RECORD_COUNT_V0_1,TRANSCRIPTOMIC_FEATURE_EXTRACTOR_V0.1
PRF_0355B5E16C83CCAB50BD3D03,ENSG00000001631.15,COMP_TRANSCRIPTOMIC_EVIDENCE,FTR_C526757AC10C568A4BF0D5F9,transcript_partial_condition_count,CLM_CF1D177927579F6FBE6B1AC0,REC_456DFAE2D6C159BB03D6CC18,SRC_PROJECT_DE_ROBUSTNESS,ART_TASK012_INTEGRATED_TARGET_REGISTRY,DEP_2F269879C3017FFF2BFC5462,OBSERVED,TXR_TRANSCRIPT_PARTIAL_CONDITION_COUNT_V0_1,TRANSCRIPTOMIC_FEATURE_EXTRACTOR_V0.1
PRF_0355B5E16C83CCAB50BD3D03,ENSG00000001631.15,COMP_TRANSCRIPTOMIC_EVIDENCE,FTR_C526757AC10C568A4BF0D5F9,transcript_partial_condition_count,CLM_CF1D177927579F6FBE6B1AC0,REC_8F978EC0CC133050C23A6DAA,SRC_PROJECT_DE_ROBUSTNESS,ART_TASK012_INTEGRATED_TARGET_REGISTRY,DEP_2F269879C3017FFF2BFC5462,OBSERVED,TXR_TRANSCRIPT_PARTIAL_CONDITION_COUNT_V0_1,TRANSCRIPTOMIC_FEATURE_EXTRACTOR_V0.1
PRF_0355B5E16C83CCAB50BD3D03,ENSG00000001631.15,COMP_TRANSCRIPTOMIC_EVIDENCE,FTR_94670BDA94146531A79694E9,transcript_unknown_coverage,CLM_CF1D177927579F6FBE6B1AC0,REC_456DFAE2D6C159BB03D6CC18,SRC_PROJECT_DE_ROBUSTNESS,ART_TASK012_INTEGRATED_TARGET_REGISTRY,DEP_2F269879C3017FFF2BFC5462,OBSERVED,TXR_TRANSCRIPT_UNKNOWN_COVERAGE_V0_1,TRANSCRIPTOMIC_FEATURE_EXTRACTOR_V0.1
PRF_0355B5E16C83CCAB50BD3D03,ENSG00000001631.15,COMP_TRANSCRIPTOMIC_EVIDENCE,FTR_94670BDA94146531A79694E9,transcript_unknown_coverage,CLM_CF1D177927579F6FBE6B1AC0,REC_8F978EC0CC133050C23A6DAA,SRC_PROJECT_DE_ROBUSTNESS,ART_TASK012_INTEGRATED_TARGET_REGISTRY,DEP_2F269879C3017FFF2BFC5462,OBSERVED,TXR_TRANSCRIPT_UNKNOWN_COVERAGE_V0_1,TRANSCRIPTOMIC_FEATURE_EXTRACTOR_V0.1
PRF_0355B5E16C83CCAB50BD3D03,ENSG00000001631.15,COMP_TRANSCRIPTOMIC_EVIDENCE,FTR_C50AB0AC852EDCCF86B16402,transcript_retrieval_failure,CLM_CF1D177927579F6FBE6B1AC0,REC_456DFAE2D6C159BB03D6CC18,SRC_PROJECT_DE_ROBUSTNESS,ART_TASK012_INTEGRATED_TARGET_REGISTRY,DEP_2F269879C3017FFF2BFC5462,OBSERVED,TXR_TRANSCRIPT_RETRIEVAL_FAILURE_V0_1,TRANSCRIPTOMIC_FEATURE_EXTRACTOR_V0.1
PRF_0355B5E16C83CCAB50BD3D03,ENSG00000001631.15,COMP_TRANSCRIPTOMIC_EVIDENCE,FTR_C50AB0AC852EDCCF86B16402,transcript_retrieval_failure,CLM_CF1D177927579F6FBE6B1AC0,REC_8F978EC0CC133050C23A6DAA,SRC_PROJECT_DE_ROBUSTNESS,ART_TASK012_INTEGRATED_TARGET_REGISTRY,DEP_2F269879C3017FFF2BFC5462,OBSERVED,TXR_TRANSCRIPT_RETRIEVAL_FAILURE_V0_1,TRANSCRIPTOMIC_FEATURE_EXTRACTOR_V0.1
PRF_BC96FC4607DF4A84AAEF7C9B,ENSG00000003987.13,COMP_TRANSCRIPTOMIC_EVIDENCE,FTR_95AF7B7FD99BA06D4E87FCF2,transcriptomic_record_available,CLM_A26DB2C3D7A4B4EE0C3D525A,REC_0346C33B07D4456794320F1B,SRC_PROJECT_DE_ROBUSTNESS,ART_TASK012_INTEGRATED_TARGET_REGISTRY,DEP_0D8E146E42AA8033B64DF05A,OBSERVED,TXR_TRANSCRIPT_RECORD_AVAILABLE_V0_1,TRANSCRIPTOMIC_FEATURE_EXTRACTOR_V0.1
PRF_BC96FC4607DF4A84AAEF7C9B,ENSG00000003987.13,COMP_TRANSCRIPTOMIC_EVIDENCE,FTR_95AF7B7FD99BA06D4E87FCF2,transcriptomic_record_available,CLM_A26DB2C3D7A4B4EE0C3D525A,REC_5E0EE4D5C721CDC4D287473B,SRC_PROJECT_DE_ROBUSTNESS,ART_TASK012_INTEGRATED_TARGET_REGISTRY,DEP_0D8E146E42AA8033B64DF05A,OBSERVED,TXR_TRANSCRIPT_RECORD_AVAILABLE_V0_1,TRANSCRIPTOMIC_FEATURE_EXTRACTOR_V0.1
PRF_BC96FC4607DF4A84AAEF7C9B,ENSG00000003987.13,COMP_TRANSCRIPTOMIC_EVIDENCE,FTR_427A0F44CD69E01617A75A7A,primary_DE_result_available,CLM_A26DB2C3D7A4B4EE0C3D525A,REC_5E0EE4D5C721CDC4D287473B,SRC_PROJECT_DE_ROBUSTNESS,ART_TASK012_INTEGRATED_TARGET_REGISTRY,NOT_APPLICABLE,OBSERVED,TXR_PRIMARY_RESULT_AVAILABLE_V0_1,TRANSCRIPTOMIC_FEATURE_EXTRACTOR_V0.1
PRF_BC96FC4607DF4A84AAEF7C9B,ENSG00000003987.13,COMP_TRANSCRIPTOMIC_EVIDENCE,FTR_7F8230B5A2CC44B15452E9E7,sensitivity_results_available,CLM_A26DB2C3D7A4B4EE0C3D525A,REC_0346C33B07D4456794320F1B,SRC_PROJECT_DE_ROBUSTNESS,ART_TASK012_INTEGRATED_TARGET_REGISTRY,NOT_APPLICABLE,OBSERVED,TXR_SENSITIVITY_RESULTS_AVAILABLE_V0_1,TRANSCRIPTOMIC_FEATURE_EXTRACTOR_V0.1
PRF_BC96FC4607DF4A84AAEF7C9B,ENSG00000003987.13,COMP_TRANSCRIPTOMIC_EVIDENCE,FTR_A85C007FFE96E92FF520E154,effect_direction_observed,CLM_A26DB2C3D7A4B4EE0C3D525A,REC_5E0EE4D5C721CDC4D287473B,SRC_PROJECT_DE_ROBUSTNESS,ART_TASK012_INTEGRATED_TARGET_REGISTRY,NOT_APPLICABLE,OBSERVED,TXR_PRIMARY_EFFECT_DIRECTION_V0_1,TRANSCRIPTOMIC_FEATURE_EXTRACTOR_V0.1
PRF_BC96FC4607DF4A84AAEF7C9B,ENSG00000003987.13,COMP_TRANSCRIPTOMIC_EVIDENCE,FTR_95C2E8AF35E8374AF5E37AF4,fdr_threshold_version,CLM_A26DB2C3D7A4B4EE0C3D525A,REC_5E0EE4D5C721CDC4D287473B,SRC_PROJECT_DE_ROBUSTNESS,ART_TASK012_INTEGRATED_TARGET_REGISTRY,NOT_APPLICABLE,OBSERVED,TXR_FDR_THRESHOLD_VERSION_V0_1,TRANSCRIPTOMIC_FEATURE_EXTRACTOR_V0.1
PRF_BC96FC4607DF4A84AAEF7C9B,ENSG00000003987.13,COMP_TRANSCRIPTOMIC_EVIDENCE,FTR_9CA2C66EAFA2A9EA7BC7158A,fdr_pass_status,CLM_A26DB2C3D7A4B4EE0C3D525A,REC_5E0EE4D5C721CDC4D287473B,SRC_PROJECT_DE_ROBUSTNESS,ART_TASK012_INTEGRATED_TARGET_REGISTRY,NOT_APPLICABLE,OBSERVED,TXR_FDR_PASS_STATUS_V0_1,TRANSCRIPTOMIC_FEATURE_EXTRACTOR_V0.1
PRF_BC96FC4607DF4A84AAEF7C9B,ENSG00000003987.13,COMP_TRANSCRIPTOMIC_EVIDENCE,FTR_0E2A38D6E61CC192D077C22D,effect_threshold_version,CLM_A26DB2C3D7A4B4EE0C3D525A,REC_5E0EE4D5C721CDC4D287473B,SRC_PROJECT_DE_ROBUSTNESS,ART_TASK012_INTEGRATED_TARGET_REGISTRY,NOT_APPLICABLE,OBSERVED,TXR_EFFECT_THRESHOLD_VERSION_V0_1,TRANSCRIPTOMIC_FEATURE_EXTRACTOR_V0.1
PRF_BC96FC4607DF4A84AAEF7C9B,ENSG00000003987.13,COMP_TRANSCRIPTOMIC_EVIDENCE,FTR_0A9A7CED59511AC9BEC28D59,effect_threshold_status,CLM_A26DB2C3D7A4B4EE0C3D525A,REC_5E0EE4D5C721CDC4D287473B,SRC_PROJECT_DE_ROBUSTNESS,ART_TASK012_INTEGRATED_TARGET_REGISTRY,NOT_APPLICABLE,OBSERVED,TXR_EFFECT_THRESHOLD_STATUS_V0_1,TRANSCRIPTOMIC_FEATURE_EXTRACTOR_V0.1
PRF_BC96FC4607DF4A84AAEF7C9B,ENSG00000003987.13,COMP_TRANSCRIPTOMIC_EVIDENCE,FTR_B7E18744623D83B12397F21C,sensitivity_model_count_available,CLM_A26DB2C3D7A4B4EE0C3D525A,REC_0346C33B07D4456794320F1B,SRC_PROJECT_DE_ROBUSTNESS,ART_TASK012_INTEGRATED_TARGET_REGISTRY,NOT_APPLICABLE,OBSERVED,TXR_SENSITIVITY_MODEL_COUNT_V0_1,TRANSCRIPTOMIC_FEATURE_EXTRACTOR_V0.1
PRF_BC96FC4607DF4A84AAEF7C9B,ENSG00000003987.13,COMP_TRANSCRIPTOMIC_EVIDENCE,FTR_CA7A968350E3DC0BC79B0C4A,sensitivity_direction_pattern,CLM_A26DB2C3D7A4B4EE0C3D525A,REC_0346C33B07D4456794320F1B,SRC_PROJECT_DE_ROBUSTNESS,ART_TASK012_INTEGRATED_TARGET_REGISTRY,NOT_APPLICABLE,OBSERVED,TXR_SENSITIVITY_DIRECTION_PATTERN_V0_1,TRANSCRIPTOMIC_FEATURE_EXTRACTOR_V0.1
PRF_BC96FC4607DF4A84AAEF7C9B,ENSG00000003987.13,COMP_TRANSCRIPTOMIC_EVIDENCE,FTR_B6F38CE64EC81BF1F48FCB3E,sensitivity_consistency_category,CLM_A26DB2C3D7A4B4EE0C3D525A,REC_0346C33B07D4456794320F1B,SRC_PROJECT_DE_ROBUSTNESS,ART_TASK012_INTEGRATED_TARGET_REGISTRY,DEP_0D8E146E42AA8033B64DF05A,OBSERVED,TXR_SENSITIVITY_CONSISTENCY_V0_1,TRANSCRIPTOMIC_FEATURE_EXTRACTOR_V0.1
PRF_BC96FC4607DF4A84AAEF7C9B,ENSG00000003987.13,COMP_TRANSCRIPTOMIC_EVIDENCE,FTR_B6F38CE64EC81BF1F48FCB3E,sensitivity_consistency_category,CLM_A26DB2C3D7A4B4EE0C3D525A,REC_5E0EE4D5C721CDC4D287473B,SRC_PROJECT_DE_ROBUSTNESS,ART_TASK012_INTEGRATED_TARGET_REGISTRY,DEP_0D8E146E42AA8033B64DF05A,OBSERVED,TXR_SENSITIVITY_CONSISTENCY_V0_1,TRANSCRIPTOMIC_FEATURE_EXTRACTOR_V0.1
PRF_BC96FC4607DF4A84AAEF7C9B,ENSG00000003987.13,COMP_TRANSCRIPTOMIC_EVIDENCE,FTR_7474BC23092218E1229D92B4,identity_conflict_count,CLM_A26DB2C3D7A4B4EE0C3D525A,REC_0346C33B07D4456794320F1B,SRC_PROJECT_DE_ROBUSTNESS,ART_TASK012_INTEGRATED_TARGET_REGISTRY,DEP_0D8E146E42AA8033B64DF05A,OBSERVED,TXR_IDENTITY_CONFLICT_COUNT_V0_1,TRANSCRIPTOMIC_FEATURE_EXTRACTOR_V0.1
PRF_BC96FC4607DF4A84AAEF7C9B,ENSG00000003987.13,COMP_TRANSCRIPTOMIC_EVIDENCE,FTR_7474BC23092218E1229D92B4,identity_conflict_count,CLM_A26DB2C3D7A4B4EE0C3D525A,REC_5E0EE4D5C721CDC4D287473B,SRC_PROJECT_DE_ROBUSTNESS,ART_TASK012_INTEGRATED_TARGET_REGISTRY,DEP_0D8E146E42AA8033B64DF05A,OBSERVED,TXR_IDENTITY_CONFLICT_COUNT_V0_1,TRANSCRIPTOMIC_FEATURE_EXTRACTOR_V0.1
PRF_BC96FC4607DF4A84AAEF7C9B,ENSG00000003987.13,COMP_TRANSCRIPTOMIC_EVIDENCE,FTR_2C72BA8CEE8122D6A6DA8B3A,provenance_complete,CLM_A26DB2C3D7A4B4EE0C3D525A,REC_0346C33B07D4456794320F1B,SRC_PROJECT_DE_ROBUSTNESS,ART_TASK012_INTEGRATED_TARGET_REGISTRY,DEP_0D8E146E42AA8033B64DF05A,OBSERVED,TXR_PROVENANCE_COMPLETE_V0_1,TRANSCRIPTOMIC_FEATURE_EXTRACTOR_V0.1
PRF_BC96FC4607DF4A84AAEF7C9B,ENSG00000003987.13,COMP_TRANSCRIPTOMIC_EVIDENCE,FTR_2C72BA8CEE8122D6A6DA8B3A,provenance_complete,CLM_A26DB2C3D7A4B4EE0C3D525A,REC_5E0EE4D5C721CDC4D287473B,SRC_PROJECT_DE_ROBUSTNESS,ART_TASK012_INTEGRATED_TARGET_REGISTRY,DEP_0D8E146E42AA8033B64DF05A,OBSERVED,TXR_PROVENANCE_COMPLETE_V0_1,TRANSCRIPTOMIC_FEATURE_EXTRACTOR_V0.1
PRF_BC96FC4607DF4A84AAEF7C9B,ENSG00000003987.13,COMP_TRANSCRIPTOMIC_EVIDENCE,FTR_C787978A0C5AC168C6777448,transcript_conflict_count,CLM_A26DB2C3D7A4B4EE0C3D525A,REC_0346C33B07D4456794320F1B,SRC_PROJECT_DE_ROBUSTNESS,ART_TASK012_INTEGRATED_TARGET_REGISTRY,DEP_0D8E146E42AA8033B64DF05A,OBSERVED,TXR_TRANSCRIPT_CONFLICT_COUNT_V0_1,TRANSCRIPTOMIC_FEATURE_EXTRACTOR_V0.1
PRF_BC96FC4607DF4A84AAEF7C9B,ENSG00000003987.13,COMP_TRANSCRIPTOMIC_EVIDENCE,FTR_C787978A0C5AC168C6777448,transcript_conflict_count,CLM_A26DB2C3D7A4B4EE0C3D525A,REC_5E0EE4D5C721CDC4D287473B,SRC_PROJECT_DE_ROBUSTNESS,ART_TASK012_INTEGRATED_TARGET_REGISTRY,DEP_0D8E146E42AA8033B64DF05A,OBSERVED,TXR_TRANSCRIPT_CONFLICT_COUNT_V0_1,TRANSCRIPTOMIC_FEATURE_EXTRACTOR_V0.1
PRF_BC96FC4607DF4A84AAEF7C9B,ENSG00000003987.13,COMP_TRANSCRIPTOMIC_EVIDENCE,FTR_8120B25691129865C77481BE,transcript_qualifying_record_count,CLM_A26DB2C3D7A4B4EE0C3D525A,REC_0346C33B07D4456794320F1B,SRC_PROJECT_DE_ROBUSTNESS,ART_TASK012_INTEGRATED_TARGET_REGISTRY,DEP_0D8E146E42AA8033B64DF05A,OBSERVED,TXR_TRANSCRIPT_QUALIFYING_RECORD_COUNT_V0_1,TRANSCRIPTOMIC_FEATURE_EXTRACTOR_V0.1
PRF_BC96FC4607DF4A84AAEF7C9B,ENSG00000003987.13,COMP_TRANSCRIPTOMIC_EVIDENCE,FTR_8120B25691129865C77481BE,transcript_qualifying_record_count,CLM_A26DB2C3D7A4B4EE0C3D525A,REC_5E0EE4D5C721CDC4D287473B,SRC_PROJECT_DE_ROBUSTNESS,ART_TASK012_INTEGRATED_TARGET_REGISTRY,DEP_0D8E146E42AA8033B64DF05A,OBSERVED,TXR_TRANSCRIPT_QUALIFYING_RECORD_COUNT_V0_1,TRANSCRIPTOMIC_FEATURE_EXTRACTOR_V0.1
PRF_BC96FC4607DF4A84AAEF7C9B,ENSG00000003987.13,COMP_TRANSCRIPTOMIC_EVIDENCE,FTR_F734870DCA80FD6CAB6E79FF,transcript_observed_context_complete,CLM_A26DB2C3D7A4B4EE0C3D525A,REC_0346C33B07D4456794320F1B,SRC_PROJECT_DE_ROBUSTNESS,ART_TASK012_INTEGRATED_TARGET_REGISTRY,DEP_0D8E146E42AA8033B64DF05A,OBSERVED,TXR_TRANSCRIPT_CONTEXT_COMPLETE_V0_1,TRANSCRIPTOMIC_FEATURE_EXTRACTOR_V0.1
PRF_BC96FC4607DF4A84AAEF7C9B,ENSG00000003987.13,COMP_TRANSCRIPTOMIC_EVIDENCE,FTR_F734870DCA80FD6CAB6E79FF,transcript_observed_context_complete,CLM_A26DB2C3D7A4B4EE0C3D525A,REC_5E0EE4D5C721CDC4D287473B,SRC_PROJECT_DE_ROBUSTNESS,ART_TASK012_INTEGRATED_TARGET_REGISTRY,DEP_0D8E146E42AA8033B64DF05A,OBSERVED,TXR_TRANSCRIPT_CONTEXT_COMPLETE_V0_1,TRANSCRIPTOMIC_FEATURE_EXTRACTOR_V0.1
PRF_BC96FC4607DF4A84AAEF7C9B,ENSG00000003987.13,COMP_TRANSCRIPTOMIC_EVIDENCE,FTR_926ED1A61BFF411CF12555E5,transcript_assessment_attempted,CLM_A26DB2C3D7A4B4EE0C3D525A,REC_0346C33B07D4456794320F1B,SRC_PROJECT_DE_ROBUSTNESS,ART_TASK012_INTEGRATED_TARGET_REGISTRY,DEP_0D8E146E42AA8033B64DF05A,OBSERVED,TXR_TRANSCRIPT_ASSESSMENT_ATTEMPTED_V0_1,TRANSCRIPTOMIC_FEATURE_EXTRACTOR_V0.1
PRF_BC96FC4607DF4A84AAEF7C9B,ENSG00000003987.13,COMP_TRANSCRIPTOMIC_EVIDENCE,FTR_926ED1A61BFF411CF12555E5,transcript_assessment_attempted,CLM_A26DB2C3D7A4B4EE0C3D525A,REC_5E0EE4D5C721CDC4D287473B,SRC_PROJECT_DE_ROBUSTNESS,ART_TASK012_INTEGRATED_TARGET_REGISTRY,DEP_0D8E146E42AA8033B64DF05A,OBSERVED,TXR_TRANSCRIPT_ASSESSMENT_ATTEMPTED_V0_1,TRANSCRIPTOMIC_FEATURE_EXTRACTOR_V0.1
PRF_BC96FC4607DF4A84AAEF7C9B,ENSG00000003987.13,COMP_TRANSCRIPTOMIC_EVIDENCE,FTR_F128BBFB883B0A40B2159A7E,transcript_query_scope_complete,CLM_A26DB2C3D7A4B4EE0C3D525A,REC_0346C33B07D4456794320F1B,SRC_PROJECT_DE_ROBUSTNESS,ART_TASK012_INTEGRATED_TARGET_REGISTRY,DEP_0D8E146E42AA8033B64DF05A,OBSERVED,TXR_TRANSCRIPT_SCOPE_COMPLETE_V0_1,TRANSCRIPTOMIC_FEATURE_EXTRACTOR_V0.1
PRF_BC96FC4607DF4A84AAEF7C9B,ENSG00000003987.13,COMP_TRANSCRIPTOMIC_EVIDENCE,FTR_F128BBFB883B0A40B2159A7E,transcript_query_scope_complete,CLM_A26DB2C3D7A4B4EE0C3D525A,REC_5E0EE4D5C721CDC4D287473B,SRC_PROJECT_DE_ROBUSTNESS,ART_TASK012_INTEGRATED_TARGET_REGISTRY,DEP_0D8E146E42AA8033B64DF05A,OBSERVED,TXR_TRANSCRIPT_SCOPE_COMPLETE_V0_1,TRANSCRIPTOMIC_FEATURE_EXTRACTOR_V0.1
PRF_BC96FC4607DF4A84AAEF7C9B,ENSG00000003987.13,COMP_TRANSCRIPTOMIC_EVIDENCE,FTR_92AB177D35E78EDC7B0AFB08,transcript_record_count,CLM_A26DB2C3D7A4B4EE0C3D525A,REC_0346C33B07D4456794320F1B,SRC_PROJECT_DE_ROBUSTNESS,ART_TASK012_INTEGRATED_TARGET_REGISTRY,DEP_0D8E146E42AA8033B64DF05A,OBSERVED,TXR_TRANSCRIPT_RECORD_COUNT_V0_1,TRANSCRIPTOMIC_FEATURE_EXTRACTOR_V0.1
PRF_BC96FC4607DF4A84AAEF7C9B,ENSG00000003987.13,COMP_TRANSCRIPTOMIC_EVIDENCE,FTR_92AB177D35E78EDC7B0AFB08,transcript_record_count,CLM_A26DB2C3D7A4B4EE0C3D525A,REC_5E0EE4D5C721CDC4D287473B,SRC_PROJECT_DE_ROBUSTNESS,ART_TASK012_INTEGRATED_TARGET_REGISTRY,DEP_0D8E146E42AA8033B64DF05A,OBSERVED,TXR_TRANSCRIPT_RECORD_COUNT_V0_1,TRANSCRIPTOMIC_FEATURE_EXTRACTOR_V0.1
PRF_BC96FC4607DF4A84AAEF7C9B,ENSG00000003987.13,COMP_TRANSCRIPTOMIC_EVIDENCE,FTR_C1873ADDB83EDEDE2F154028,transcript_partial_condition_count,CLM_A26DB2C3D7A4B4EE0C3D525A,REC_0346C33B07D4456794320F1B,SRC_PROJECT_DE_ROBUSTNESS,ART_TASK012_INTEGRATED_TARGET_REGISTRY,DEP_0D8E146E42AA8033B64DF05A,OBSERVED,TXR_TRANSCRIPT_PARTIAL_CONDITION_COUNT_V0_1,TRANSCRIPTOMIC_FEATURE_EXTRACTOR_V0.1
PRF_BC96FC4607DF4A84AAEF7C9B,ENSG00000003987.13,COMP_TRANSCRIPTOMIC_EVIDENCE,FTR_C1873ADDB83EDEDE2F154028,transcript_partial_condition_count,CLM_A26DB2C3D7A4B4EE0C3D525A,REC_5E0EE4D5C721CDC4D287473B,SRC_PROJECT_DE_ROBUSTNESS,ART_TASK012_INTEGRATED_TARGET_REGISTRY,DEP_0D8E146E42AA8033B64DF05A,OBSERVED,TXR_TRANSCRIPT_PARTIAL_CONDITION_COUNT_V0_1,TRANSCRIPTOMIC_FEATURE_EXTRACTOR_V0.1
PRF_BC96FC4607DF4A84AAEF7C9B,ENSG00000003987.13,COMP_TRANSCRIPTOMIC_EVIDENCE,FTR_2F08F6E99D0975DD7D209D17,transcript_unknown_coverage,CLM_A26DB2C3D7A4B4EE0C3D525A,REC_0346C33B07D4456794320F1B,SRC_PROJECT_DE_ROBUSTNESS,ART_TASK012_INTEGRATED_TARGET_REGISTRY,DEP_0D8E146E42AA8033B64DF05A,OBSERVED,TXR_TRANSCRIPT_UNKNOWN_COVERAGE_V0_1,TRANSCRIPTOMIC_FEATURE_EXTRACTOR_V0.1
PRF_BC96FC4607DF4A84AAEF7C9B,ENSG00000003987.13,COMP_TRANSCRIPTOMIC_EVIDENCE,FTR_2F08F6E99D0975DD7D209D17,transcript_unknown_coverage,CLM_A26DB2C3D7A4B4EE0C3D525A,REC_5E0EE4D5C721CDC4D287473B,SRC_PROJECT_DE_ROBUSTNESS,ART_TASK012_INTEGRATED_TARGET_REGISTRY,DEP_0D8E146E42AA8033B64DF05A,OBSERVED,TXR_TRANSCRIPT_UNKNOWN_COVERAGE_V0_1,TRANSCRIPTOMIC_FEATURE_EXTRACTOR_V0.1
PRF_BC96FC4607DF4A84AAEF7C9B,ENSG00000003987.13,COMP_TRANSCRIPTOMIC_EVIDENCE,FTR_0A745A625DF67F4CF68661FF,transcript_retrieval_failure,CLM_A26DB2C3D7A4B4EE0C3D525A,REC_0346C33B07D4456794320F1B,SRC_PROJECT_DE_ROBUSTNESS,ART_TASK012_INTEGRATED_TARGET_REGISTRY,DEP_0D8E146E42AA8033B64DF05A,OBSERVED,TXR_TRANSCRIPT_RETRIEVAL_FAILURE_V0_1,TRANSCRIPTOMIC_FEATURE_EXTRACTOR_V0.1
PRF_BC96FC4607DF4A84AAEF7C9B,ENSG00000003987.13,COMP_TRANSCRIPTOMIC_EVIDENCE,FTR_0A745A625DF67F4CF68661FF,transcript_retrieval_failure,CLM_A26DB2C3D7A4B4EE0C3D525A,REC_5E0EE4D5C721CDC4D287473B,SRC_PROJECT_DE_ROBUSTNESS,ART_TASK012_INTEGRATED_TARGET_REGISTRY,DEP_0D8E146E42AA8033B64DF05A,OBSERVED,TXR_TRANSCRIPT_RETRIEVAL_FAILURE_V0_1,TRANSCRIPTOMIC_FEATURE_EXTRACTOR_V0.1
PRF_8E91E4DAD930A0FF9296C171,ENSG00000000938.12,COMP_TRANSCRIPTOMIC_EVIDENCE,FTR_460B34D18005C698DBDBA32F,transcriptomic_record_available,CLM_8E2B0FE823A891E707BB8747,REC_2C42C1F74829C029A0F72C72,SRC_PROJECT_DE_ROBUSTNESS,ART_TASK012_INTEGRATED_TARGET_REGISTRY,DEP_577F829B51C9DF518A500284,OBSERVED,TXR_TRANSCRIPT_RECORD_AVAILABLE_V0_1,TRANSCRIPTOMIC_FEATURE_EXTRACTOR_V0.1
PRF_8E91E4DAD930A0FF9296C171,ENSG00000000938.12,COMP_TRANSCRIPTOMIC_EVIDENCE,FTR_460B34D18005C698DBDBA32F,transcriptomic_record_available,CLM_8E2B0FE823A891E707BB8747,REC_E430E184D2DCA80076546935,SRC_PROJECT_DE_ROBUSTNESS,ART_TASK012_INTEGRATED_TARGET_REGISTRY,DEP_577F829B51C9DF518A500284,OBSERVED,TXR_TRANSCRIPT_RECORD_AVAILABLE_V0_1,TRANSCRIPTOMIC_FEATURE_EXTRACTOR_V0.1
PRF_8E91E4DAD930A0FF9296C171,ENSG00000000938.12,COMP_TRANSCRIPTOMIC_EVIDENCE,FTR_BC50459B33D90773231789AA,primary_DE_result_available,CLM_8E2B0FE823A891E707BB8747,REC_E430E184D2DCA80076546935,SRC_PROJECT_DE_ROBUSTNESS,ART_TASK012_INTEGRATED_TARGET_REGISTRY,NOT_APPLICABLE,OBSERVED,TXR_PRIMARY_RESULT_AVAILABLE_V0_1,TRANSCRIPTOMIC_FEATURE_EXTRACTOR_V0.1
PRF_8E91E4DAD930A0FF9296C171,ENSG00000000938.12,COMP_TRANSCRIPTOMIC_EVIDENCE,FTR_62C0518CB5B4A579A81F45E9,sensitivity_results_available,CLM_8E2B0FE823A891E707BB8747,REC_2C42C1F74829C029A0F72C72,SRC_PROJECT_DE_ROBUSTNESS,ART_TASK012_INTEGRATED_TARGET_REGISTRY,NOT_APPLICABLE,OBSERVED,TXR_SENSITIVITY_RESULTS_AVAILABLE_V0_1,TRANSCRIPTOMIC_FEATURE_EXTRACTOR_V0.1
PRF_8E91E4DAD930A0FF9296C171,ENSG00000000938.12,COMP_TRANSCRIPTOMIC_EVIDENCE,FTR_C6C99AC0F0B1567F4BCB43C8,effect_direction_observed,CLM_8E2B0FE823A891E707BB8747,REC_E430E184D2DCA80076546935,SRC_PROJECT_DE_ROBUSTNESS,ART_TASK012_INTEGRATED_TARGET_REGISTRY,NOT_APPLICABLE,OBSERVED,TXR_PRIMARY_EFFECT_DIRECTION_V0_1,TRANSCRIPTOMIC_FEATURE_EXTRACTOR_V0.1
PRF_8E91E4DAD930A0FF9296C171,ENSG00000000938.12,COMP_TRANSCRIPTOMIC_EVIDENCE,FTR_FF2565CE9E020ED99EF917F6,fdr_threshold_version,CLM_8E2B0FE823A891E707BB8747,REC_E430E184D2DCA80076546935,SRC_PROJECT_DE_ROBUSTNESS,ART_TASK012_INTEGRATED_TARGET_REGISTRY,NOT_APPLICABLE,OBSERVED,TXR_FDR_THRESHOLD_VERSION_V0_1,TRANSCRIPTOMIC_FEATURE_EXTRACTOR_V0.1
PRF_8E91E4DAD930A0FF9296C171,ENSG00000000938.12,COMP_TRANSCRIPTOMIC_EVIDENCE,FTR_DB586D306AB0D41A29FD43D0,fdr_pass_status,CLM_8E2B0FE823A891E707BB8747,REC_E430E184D2DCA80076546935,SRC_PROJECT_DE_ROBUSTNESS,ART_TASK012_INTEGRATED_TARGET_REGISTRY,NOT_APPLICABLE,OBSERVED,TXR_FDR_PASS_STATUS_V0_1,TRANSCRIPTOMIC_FEATURE_EXTRACTOR_V0.1
PRF_8E91E4DAD930A0FF9296C171,ENSG00000000938.12,COMP_TRANSCRIPTOMIC_EVIDENCE,FTR_4D254BED54D3BAEB6DE7B525,effect_threshold_version,CLM_8E2B0FE823A891E707BB8747,REC_E430E184D2DCA80076546935,SRC_PROJECT_DE_ROBUSTNESS,ART_TASK012_INTEGRATED_TARGET_REGISTRY,NOT_APPLICABLE,OBSERVED,TXR_EFFECT_THRESHOLD_VERSION_V0_1,TRANSCRIPTOMIC_FEATURE_EXTRACTOR_V0.1
PRF_8E91E4DAD930A0FF9296C171,ENSG00000000938.12,COMP_TRANSCRIPTOMIC_EVIDENCE,FTR_F6E0E72863778ED070A6A521,effect_threshold_status,CLM_8E2B0FE823A891E707BB8747,REC_E430E184D2DCA80076546935,SRC_PROJECT_DE_ROBUSTNESS,ART_TASK012_INTEGRATED_TARGET_REGISTRY,NOT_APPLICABLE,OBSERVED,TXR_EFFECT_THRESHOLD_STATUS_V0_1,TRANSCRIPTOMIC_FEATURE_EXTRACTOR_V0.1
PRF_8E91E4DAD930A0FF9296C171,ENSG00000000938.12,COMP_TRANSCRIPTOMIC_EVIDENCE,FTR_B53D8F6809B798C3727408AB,sensitivity_model_count_available,CLM_8E2B0FE823A891E707BB8747,REC_2C42C1F74829C029A0F72C72,SRC_PROJECT_DE_ROBUSTNESS,ART_TASK012_INTEGRATED_TARGET_REGISTRY,NOT_APPLICABLE,OBSERVED,TXR_SENSITIVITY_MODEL_COUNT_V0_1,TRANSCRIPTOMIC_FEATURE_EXTRACTOR_V0.1
PRF_8E91E4DAD930A0FF9296C171,ENSG00000000938.12,COMP_TRANSCRIPTOMIC_EVIDENCE,FTR_F5EB757E71689C3DF6EF308E,sensitivity_direction_pattern,CLM_8E2B0FE823A891E707BB8747,REC_2C42C1F74829C029A0F72C72,SRC_PROJECT_DE_ROBUSTNESS,ART_TASK012_INTEGRATED_TARGET_REGISTRY,NOT_APPLICABLE,OBSERVED,TXR_SENSITIVITY_DIRECTION_PATTERN_V0_1,TRANSCRIPTOMIC_FEATURE_EXTRACTOR_V0.1
PRF_8E91E4DAD930A0FF9296C171,ENSG00000000938.12,COMP_TRANSCRIPTOMIC_EVIDENCE,FTR_1B94AAE5339F96FE1A2FC437,sensitivity_consistency_category,CLM_8E2B0FE823A891E707BB8747,REC_2C42C1F74829C029A0F72C72,SRC_PROJECT_DE_ROBUSTNESS,ART_TASK012_INTEGRATED_TARGET_REGISTRY,DEP_577F829B51C9DF518A500284,OBSERVED,TXR_SENSITIVITY_CONSISTENCY_V0_1,TRANSCRIPTOMIC_FEATURE_EXTRACTOR_V0.1
PRF_8E91E4DAD930A0FF9296C171,ENSG00000000938.12,COMP_TRANSCRIPTOMIC_EVIDENCE,FTR_1B94AAE5339F96FE1A2FC437,sensitivity_consistency_category,CLM_8E2B0FE823A891E707BB8747,REC_E430E184D2DCA80076546935,SRC_PROJECT_DE_ROBUSTNESS,ART_TASK012_INTEGRATED_TARGET_REGISTRY,DEP_577F829B51C9DF518A500284,OBSERVED,TXR_SENSITIVITY_CONSISTENCY_V0_1,TRANSCRIPTOMIC_FEATURE_EXTRACTOR_V0.1
PRF_8E91E4DAD930A0FF9296C171,ENSG00000000938.12,COMP_TRANSCRIPTOMIC_EVIDENCE,FTR_DBC46A972CE5A1965A812DCC,identity_conflict_count,CLM_8E2B0FE823A891E707BB8747,REC_2C42C1F74829C029A0F72C72,SRC_PROJECT_DE_ROBUSTNESS,ART_TASK012_INTEGRATED_TARGET_REGISTRY,DEP_577F829B51C9DF518A500284,OBSERVED,TXR_IDENTITY_CONFLICT_COUNT_V0_1,TRANSCRIPTOMIC_FEATURE_EXTRACTOR_V0.1
PRF_8E91E4DAD930A0FF9296C171,ENSG00000000938.12,COMP_TRANSCRIPTOMIC_EVIDENCE,FTR_DBC46A972CE5A1965A812DCC,identity_conflict_count,CLM_8E2B0FE823A891E707BB8747,REC_E430E184D2DCA80076546935,SRC_PROJECT_DE_ROBUSTNESS,ART_TASK012_INTEGRATED_TARGET_REGISTRY,DEP_577F829B51C9DF518A500284,OBSERVED,TXR_IDENTITY_CONFLICT_COUNT_V0_1,TRANSCRIPTOMIC_FEATURE_EXTRACTOR_V0.1
PRF_8E91E4DAD930A0FF9296C171,ENSG00000000938.12,COMP_TRANSCRIPTOMIC_EVIDENCE,FTR_25E5F0A8114982F1D4F6C09B,provenance_complete,CLM_8E2B0FE823A891E707BB8747,REC_2C42C1F74829C029A0F72C72,SRC_PROJECT_DE_ROBUSTNESS,ART_TASK012_INTEGRATED_TARGET_REGISTRY,DEP_577F829B51C9DF518A500284,OBSERVED,TXR_PROVENANCE_COMPLETE_V0_1,TRANSCRIPTOMIC_FEATURE_EXTRACTOR_V0.1
PRF_8E91E4DAD930A0FF9296C171,ENSG00000000938.12,COMP_TRANSCRIPTOMIC_EVIDENCE,FTR_25E5F0A8114982F1D4F6C09B,provenance_complete,CLM_8E2B0FE823A891E707BB8747,REC_E430E184D2DCA80076546935,SRC_PROJECT_DE_ROBUSTNESS,ART_TASK012_INTEGRATED_TARGET_REGISTRY,DEP_577F829B51C9DF518A500284,OBSERVED,TXR_PROVENANCE_COMPLETE_V0_1,TRANSCRIPTOMIC_FEATURE_EXTRACTOR_V0.1
PRF_8E91E4DAD930A0FF9296C171,ENSG00000000938.12,COMP_TRANSCRIPTOMIC_EVIDENCE,FTR_E87729692A52FE01EBE7CE74,transcript_conflict_count,CLM_8E2B0FE823A891E707BB8747,REC_2C42C1F74829C029A0F72C72,SRC_PROJECT_DE_ROBUSTNESS,ART_TASK012_INTEGRATED_TARGET_REGISTRY,DEP_577F829B51C9DF518A500284,OBSERVED,TXR_TRANSCRIPT_CONFLICT_COUNT_V0_1,TRANSCRIPTOMIC_FEATURE_EXTRACTOR_V0.1
PRF_8E91E4DAD930A0FF9296C171,ENSG00000000938.12,COMP_TRANSCRIPTOMIC_EVIDENCE,FTR_E87729692A52FE01EBE7CE74,transcript_conflict_count,CLM_8E2B0FE823A891E707BB8747,REC_E430E184D2DCA80076546935,SRC_PROJECT_DE_ROBUSTNESS,ART_TASK012_INTEGRATED_TARGET_REGISTRY,DEP_577F829B51C9DF518A500284,OBSERVED,TXR_TRANSCRIPT_CONFLICT_COUNT_V0_1,TRANSCRIPTOMIC_FEATURE_EXTRACTOR_V0.1
PRF_8E91E4DAD930A0FF9296C171,ENSG00000000938.12,COMP_TRANSCRIPTOMIC_EVIDENCE,FTR_C6A04122EF76C7356EB47001,transcript_qualifying_record_count,CLM_8E2B0FE823A891E707BB8747,REC_2C42C1F74829C029A0F72C72,SRC_PROJECT_DE_ROBUSTNESS,ART_TASK012_INTEGRATED_TARGET_REGISTRY,DEP_577F829B51C9DF518A500284,OBSERVED,TXR_TRANSCRIPT_QUALIFYING_RECORD_COUNT_V0_1,TRANSCRIPTOMIC_FEATURE_EXTRACTOR_V0.1
PRF_8E91E4DAD930A0FF9296C171,ENSG00000000938.12,COMP_TRANSCRIPTOMIC_EVIDENCE,FTR_C6A04122EF76C7356EB47001,transcript_qualifying_record_count,CLM_8E2B0FE823A891E707BB8747,REC_E430E184D2DCA80076546935,SRC_PROJECT_DE_ROBUSTNESS,ART_TASK012_INTEGRATED_TARGET_REGISTRY,DEP_577F829B51C9DF518A500284,OBSERVED,TXR_TRANSCRIPT_QUALIFYING_RECORD_COUNT_V0_1,TRANSCRIPTOMIC_FEATURE_EXTRACTOR_V0.1
PRF_8E91E4DAD930A0FF9296C171,ENSG00000000938.12,COMP_TRANSCRIPTOMIC_EVIDENCE,FTR_915C28A99220C527D9EECE5B,transcript_observed_context_complete,CLM_8E2B0FE823A891E707BB8747,REC_2C42C1F74829C029A0F72C72,SRC_PROJECT_DE_ROBUSTNESS,ART_TASK012_INTEGRATED_TARGET_REGISTRY,DEP_577F829B51C9DF518A500284,OBSERVED,TXR_TRANSCRIPT_CONTEXT_COMPLETE_V0_1,TRANSCRIPTOMIC_FEATURE_EXTRACTOR_V0.1
PRF_8E91E4DAD930A0FF9296C171,ENSG00000000938.12,COMP_TRANSCRIPTOMIC_EVIDENCE,FTR_915C28A99220C527D9EECE5B,transcript_observed_context_complete,CLM_8E2B0FE823A891E707BB8747,REC_E430E184D2DCA80076546935,SRC_PROJECT_DE_ROBUSTNESS,ART_TASK012_INTEGRATED_TARGET_REGISTRY,DEP_577F829B51C9DF518A500284,OBSERVED,TXR_TRANSCRIPT_CONTEXT_COMPLETE_V0_1,TRANSCRIPTOMIC_FEATURE_EXTRACTOR_V0.1
PRF_8E91E4DAD930A0FF9296C171,ENSG00000000938.12,COMP_TRANSCRIPTOMIC_EVIDENCE,FTR_89FEC62DDCA20722249EFC4C,transcript_assessment_attempted,CLM_8E2B0FE823A891E707BB8747,REC_2C42C1F74829C029A0F72C72,SRC_PROJECT_DE_ROBUSTNESS,ART_TASK012_INTEGRATED_TARGET_REGISTRY,DEP_577F829B51C9DF518A500284,OBSERVED,TXR_TRANSCRIPT_ASSESSMENT_ATTEMPTED_V0_1,TRANSCRIPTOMIC_FEATURE_EXTRACTOR_V0.1
PRF_8E91E4DAD930A0FF9296C171,ENSG00000000938.12,COMP_TRANSCRIPTOMIC_EVIDENCE,FTR_89FEC62DDCA20722249EFC4C,transcript_assessment_attempted,CLM_8E2B0FE823A891E707BB8747,REC_E430E184D2DCA80076546935,SRC_PROJECT_DE_ROBUSTNESS,ART_TASK012_INTEGRATED_TARGET_REGISTRY,DEP_577F829B51C9DF518A500284,OBSERVED,TXR_TRANSCRIPT_ASSESSMENT_ATTEMPTED_V0_1,TRANSCRIPTOMIC_FEATURE_EXTRACTOR_V0.1
PRF_8E91E4DAD930A0FF9296C171,ENSG00000000938.12,COMP_TRANSCRIPTOMIC_EVIDENCE,FTR_1DF5D433E71E9F60F74A9123,transcript_query_scope_complete,CLM_8E2B0FE823A891E707BB8747,REC_2C42C1F74829C029A0F72C72,SRC_PROJECT_DE_ROBUSTNESS,ART_TASK012_INTEGRATED_TARGET_REGISTRY,DEP_577F829B51C9DF518A500284,OBSERVED,TXR_TRANSCRIPT_SCOPE_COMPLETE_V0_1,TRANSCRIPTOMIC_FEATURE_EXTRACTOR_V0.1
PRF_8E91E4DAD930A0FF9296C171,ENSG00000000938.12,COMP_TRANSCRIPTOMIC_EVIDENCE,FTR_1DF5D433E71E9F60F74A9123,transcript_query_scope_complete,CLM_8E2B0FE823A891E707BB8747,REC_E430E184D2DCA80076546935,SRC_PROJECT_DE_ROBUSTNESS,ART_TASK012_INTEGRATED_TARGET_REGISTRY,DEP_577F829B51C9DF518A500284,OBSERVED,TXR_TRANSCRIPT_SCOPE_COMPLETE_V0_1,TRANSCRIPTOMIC_FEATURE_EXTRACTOR_V0.1
PRF_8E91E4DAD930A0FF9296C171,ENSG00000000938.12,COMP_TRANSCRIPTOMIC_EVIDENCE,FTR_049D77087DAE89E4642612F5,transcript_record_count,CLM_8E2B0FE823A891E707BB8747,REC_2C42C1F74829C029A0F72C72,SRC_PROJECT_DE_ROBUSTNESS,ART_TASK012_INTEGRATED_TARGET_REGISTRY,DEP_577F829B51C9DF518A500284,OBSERVED,TXR_TRANSCRIPT_RECORD_COUNT_V0_1,TRANSCRIPTOMIC_FEATURE_EXTRACTOR_V0.1
PRF_8E91E4DAD930A0FF9296C171,ENSG00000000938.12,COMP_TRANSCRIPTOMIC_EVIDENCE,FTR_049D77087DAE89E4642612F5,transcript_record_count,CLM_8E2B0FE823A891E707BB8747,REC_E430E184D2DCA80076546935,SRC_PROJECT_DE_ROBUSTNESS,ART_TASK012_INTEGRATED_TARGET_REGISTRY,DEP_577F829B51C9DF518A500284,OBSERVED,TXR_TRANSCRIPT_RECORD_COUNT_V0_1,TRANSCRIPTOMIC_FEATURE_EXTRACTOR_V0.1
PRF_8E91E4DAD930A0FF9296C171,ENSG00000000938.12,COMP_TRANSCRIPTOMIC_EVIDENCE,FTR_03C208BB32E16509C64530B0,transcript_partial_condition_count,CLM_8E2B0FE823A891E707BB8747,REC_2C42C1F74829C029A0F72C72,SRC_PROJECT_DE_ROBUSTNESS,ART_TASK012_INTEGRATED_TARGET_REGISTRY,DEP_577F829B51C9DF518A500284,OBSERVED,TXR_TRANSCRIPT_PARTIAL_CONDITION_COUNT_V0_1,TRANSCRIPTOMIC_FEATURE_EXTRACTOR_V0.1
PRF_8E91E4DAD930A0FF9296C171,ENSG00000000938.12,COMP_TRANSCRIPTOMIC_EVIDENCE,FTR_03C208BB32E16509C64530B0,transcript_partial_condition_count,CLM_8E2B0FE823A891E707BB8747,REC_E430E184D2DCA80076546935,SRC_PROJECT_DE_ROBUSTNESS,ART_TASK012_INTEGRATED_TARGET_REGISTRY,DEP_577F829B51C9DF518A500284,OBSERVED,TXR_TRANSCRIPT_PARTIAL_CONDITION_COUNT_V0_1,TRANSCRIPTOMIC_FEATURE_EXTRACTOR_V0.1
PRF_8E91E4DAD930A0FF9296C171,ENSG00000000938.12,COMP_TRANSCRIPTOMIC_EVIDENCE,FTR_79E62728D9F9066C37301F92,transcript_unknown_coverage,CLM_8E2B0FE823A891E707BB8747,REC_2C42C1F74829C029A0F72C72,SRC_PROJECT_DE_ROBUSTNESS,ART_TASK012_INTEGRATED_TARGET_REGISTRY,DEP_577F829B51C9DF518A500284,OBSERVED,TXR_TRANSCRIPT_UNKNOWN_COVERAGE_V0_1,TRANSCRIPTOMIC_FEATURE_EXTRACTOR_V0.1
PRF_8E91E4DAD930A0FF9296C171,ENSG00000000938.12,COMP_TRANSCRIPTOMIC_EVIDENCE,FTR_79E62728D9F9066C37301F92,transcript_unknown_coverage,CLM_8E2B0FE823A891E707BB8747,REC_E430E184D2DCA80076546935,SRC_PROJECT_DE_ROBUSTNESS,ART_TASK012_INTEGRATED_TARGET_REGISTRY,DEP_577F829B51C9DF518A500284,OBSERVED,TXR_TRANSCRIPT_UNKNOWN_COVERAGE_V0_1,TRANSCRIPTOMIC_FEATURE_EXTRACTOR_V0.1
PRF_8E91E4DAD930A0FF9296C171,ENSG00000000938.12,COMP_TRANSCRIPTOMIC_EVIDENCE,FTR_788875842D8ABD8AC23F8260,transcript_retrieval_failure,CLM_8E2B0FE823A891E707BB8747,REC_2C42C1F74829C029A0F72C72,SRC_PROJECT_DE_ROBUSTNESS,ART_TASK012_INTEGRATED_TARGET_REGISTRY,DEP_577F829B51C9DF518A500284,OBSERVED,TXR_TRANSCRIPT_RETRIEVAL_FAILURE_V0_1,TRANSCRIPTOMIC_FEATURE_EXTRACTOR_V0.1
PRF_8E91E4DAD930A0FF9296C171,ENSG00000000938.12,COMP_TRANSCRIPTOMIC_EVIDENCE,FTR_788875842D8ABD8AC23F8260,transcript_retrieval_failure,CLM_8E2B0FE823A891E707BB8747,REC_E430E184D2DCA80076546935,SRC_PROJECT_DE_ROBUSTNESS,ART_TASK012_INTEGRATED_TARGET_REGISTRY,DEP_577F829B51C9DF518A500284,OBSERVED,TXR_TRANSCRIPT_RETRIEVAL_FAILURE_V0_1,TRANSCRIPTOMIC_FEATURE_EXTRACTOR_V0.1
PRF_9CD36C6E6AD86EF4E0FE6E3B,ENSG00000073169.13,COMP_TRANSCRIPTOMIC_EVIDENCE,FTR_AFEAAC9687852FB1CD854824,transcriptomic_record_available,CLM_572C9F792289BFA5975D4A09,REC_E928DA4645A41AF80FF1C3D0,SRC_PROJECT_DE_ROBUSTNESS,ART_TASK012_INTEGRATED_TARGET_REGISTRY,DEP_E770E73A022EBED26296BB54,OBSERVED,TXR_TRANSCRIPT_RECORD_AVAILABLE_V0_1,TRANSCRIPTOMIC_FEATURE_EXTRACTOR_V0.1
PRF_9CD36C6E6AD86EF4E0FE6E3B,ENSG00000073169.13,COMP_TRANSCRIPTOMIC_EVIDENCE,FTR_AFEAAC9687852FB1CD854824,transcriptomic_record_available,CLM_572C9F792289BFA5975D4A09,REC_F40C5951000821725EF77820,SRC_PROJECT_DE_ROBUSTNESS,ART_TASK012_INTEGRATED_TARGET_REGISTRY,DEP_E770E73A022EBED26296BB54,OBSERVED,TXR_TRANSCRIPT_RECORD_AVAILABLE_V0_1,TRANSCRIPTOMIC_FEATURE_EXTRACTOR_V0.1
PRF_9CD36C6E6AD86EF4E0FE6E3B,ENSG00000073169.13,COMP_TRANSCRIPTOMIC_EVIDENCE,FTR_FB3E52692E05CD214B2F3794,primary_DE_result_available,CLM_572C9F792289BFA5975D4A09,REC_F40C5951000821725EF77820,SRC_PROJECT_DE_ROBUSTNESS,ART_TASK012_INTEGRATED_TARGET_REGISTRY,NOT_APPLICABLE,OBSERVED,TXR_PRIMARY_RESULT_AVAILABLE_V0_1,TRANSCRIPTOMIC_FEATURE_EXTRACTOR_V0.1
PRF_9CD36C6E6AD86EF4E0FE6E3B,ENSG00000073169.13,COMP_TRANSCRIPTOMIC_EVIDENCE,FTR_D683395305CB33FA7D48D340,sensitivity_results_available,CLM_572C9F792289BFA5975D4A09,REC_E928DA4645A41AF80FF1C3D0,SRC_PROJECT_DE_ROBUSTNESS,ART_TASK012_INTEGRATED_TARGET_REGISTRY,NOT_APPLICABLE,OBSERVED,TXR_SENSITIVITY_RESULTS_AVAILABLE_V0_1,TRANSCRIPTOMIC_FEATURE_EXTRACTOR_V0.1
PRF_9CD36C6E6AD86EF4E0FE6E3B,ENSG00000073169.13,COMP_TRANSCRIPTOMIC_EVIDENCE,FTR_6D299086E1034442FB8C98DB,effect_direction_observed,CLM_572C9F792289BFA5975D4A09,REC_F40C5951000821725EF77820,SRC_PROJECT_DE_ROBUSTNESS,ART_TASK012_INTEGRATED_TARGET_REGISTRY,NOT_APPLICABLE,OBSERVED,TXR_PRIMARY_EFFECT_DIRECTION_V0_1,TRANSCRIPTOMIC_FEATURE_EXTRACTOR_V0.1
PRF_9CD36C6E6AD86EF4E0FE6E3B,ENSG00000073169.13,COMP_TRANSCRIPTOMIC_EVIDENCE,FTR_3E099C21063884897416AD54,fdr_threshold_version,CLM_572C9F792289BFA5975D4A09,REC_F40C5951000821725EF77820,SRC_PROJECT_DE_ROBUSTNESS,ART_TASK012_INTEGRATED_TARGET_REGISTRY,NOT_APPLICABLE,OBSERVED,TXR_FDR_THRESHOLD_VERSION_V0_1,TRANSCRIPTOMIC_FEATURE_EXTRACTOR_V0.1
PRF_9CD36C6E6AD86EF4E0FE6E3B,ENSG00000073169.13,COMP_TRANSCRIPTOMIC_EVIDENCE,FTR_D901F545028AE02A41375219,fdr_pass_status,CLM_572C9F792289BFA5975D4A09,REC_F40C5951000821725EF77820,SRC_PROJECT_DE_ROBUSTNESS,ART_TASK012_INTEGRATED_TARGET_REGISTRY,NOT_APPLICABLE,OBSERVED,TXR_FDR_PASS_STATUS_V0_1,TRANSCRIPTOMIC_FEATURE_EXTRACTOR_V0.1
PRF_9CD36C6E6AD86EF4E0FE6E3B,ENSG00000073169.13,COMP_TRANSCRIPTOMIC_EVIDENCE,FTR_C5D968C2CC4D2FA802DB28B8,effect_threshold_version,CLM_572C9F792289BFA5975D4A09,REC_F40C5951000821725EF77820,SRC_PROJECT_DE_ROBUSTNESS,ART_TASK012_INTEGRATED_TARGET_REGISTRY,NOT_APPLICABLE,OBSERVED,TXR_EFFECT_THRESHOLD_VERSION_V0_1,TRANSCRIPTOMIC_FEATURE_EXTRACTOR_V0.1
PRF_9CD36C6E6AD86EF4E0FE6E3B,ENSG00000073169.13,COMP_TRANSCRIPTOMIC_EVIDENCE,FTR_60FBBC28975245D8905E9258,effect_threshold_status,CLM_572C9F792289BFA5975D4A09,REC_F40C5951000821725EF77820,SRC_PROJECT_DE_ROBUSTNESS,ART_TASK012_INTEGRATED_TARGET_REGISTRY,NOT_APPLICABLE,OBSERVED,TXR_EFFECT_THRESHOLD_STATUS_V0_1,TRANSCRIPTOMIC_FEATURE_EXTRACTOR_V0.1
PRF_9CD36C6E6AD86EF4E0FE6E3B,ENSG00000073169.13,COMP_TRANSCRIPTOMIC_EVIDENCE,FTR_F40123929DE42F627BF012EC,sensitivity_model_count_available,CLM_572C9F792289BFA5975D4A09,REC_E928DA4645A41AF80FF1C3D0,SRC_PROJECT_DE_ROBUSTNESS,ART_TASK012_INTEGRATED_TARGET_REGISTRY,NOT_APPLICABLE,OBSERVED,TXR_SENSITIVITY_MODEL_COUNT_V0_1,TRANSCRIPTOMIC_FEATURE_EXTRACTOR_V0.1
PRF_9CD36C6E6AD86EF4E0FE6E3B,ENSG00000073169.13,COMP_TRANSCRIPTOMIC_EVIDENCE,FTR_B9581BDEE8CF090A28E669D5,sensitivity_direction_pattern,CLM_572C9F792289BFA5975D4A09,REC_E928DA4645A41AF80FF1C3D0,SRC_PROJECT_DE_ROBUSTNESS,ART_TASK012_INTEGRATED_TARGET_REGISTRY,NOT_APPLICABLE,OBSERVED,TXR_SENSITIVITY_DIRECTION_PATTERN_V0_1,TRANSCRIPTOMIC_FEATURE_EXTRACTOR_V0.1
PRF_9CD36C6E6AD86EF4E0FE6E3B,ENSG00000073169.13,COMP_TRANSCRIPTOMIC_EVIDENCE,FTR_FCCA279B08635DE8C9280D7C,sensitivity_consistency_category,CLM_572C9F792289BFA5975D4A09,REC_E928DA4645A41AF80FF1C3D0,SRC_PROJECT_DE_ROBUSTNESS,ART_TASK012_INTEGRATED_TARGET_REGISTRY,DEP_E770E73A022EBED26296BB54,OBSERVED,TXR_SENSITIVITY_CONSISTENCY_V0_1,TRANSCRIPTOMIC_FEATURE_EXTRACTOR_V0.1
PRF_9CD36C6E6AD86EF4E0FE6E3B,ENSG00000073169.13,COMP_TRANSCRIPTOMIC_EVIDENCE,FTR_FCCA279B08635DE8C9280D7C,sensitivity_consistency_category,CLM_572C9F792289BFA5975D4A09,REC_F40C5951000821725EF77820,SRC_PROJECT_DE_ROBUSTNESS,ART_TASK012_INTEGRATED_TARGET_REGISTRY,DEP_E770E73A022EBED26296BB54,OBSERVED,TXR_SENSITIVITY_CONSISTENCY_V0_1,TRANSCRIPTOMIC_FEATURE_EXTRACTOR_V0.1
PRF_9CD36C6E6AD86EF4E0FE6E3B,ENSG00000073169.13,COMP_TRANSCRIPTOMIC_EVIDENCE,FTR_F4B7E122BC5408045103D475,identity_conflict_count,CLM_572C9F792289BFA5975D4A09,REC_E928DA4645A41AF80FF1C3D0,SRC_PROJECT_DE_ROBUSTNESS,ART_TASK012_INTEGRATED_TARGET_REGISTRY,DEP_E770E73A022EBED26296BB54,OBSERVED,TXR_IDENTITY_CONFLICT_COUNT_V0_1,TRANSCRIPTOMIC_FEATURE_EXTRACTOR_V0.1
PRF_9CD36C6E6AD86EF4E0FE6E3B,ENSG00000073169.13,COMP_TRANSCRIPTOMIC_EVIDENCE,FTR_F4B7E122BC5408045103D475,identity_conflict_count,CLM_572C9F792289BFA5975D4A09,REC_F40C5951000821725EF77820,SRC_PROJECT_DE_ROBUSTNESS,ART_TASK012_INTEGRATED_TARGET_REGISTRY,DEP_E770E73A022EBED26296BB54,OBSERVED,TXR_IDENTITY_CONFLICT_COUNT_V0_1,TRANSCRIPTOMIC_FEATURE_EXTRACTOR_V0.1
PRF_9CD36C6E6AD86EF4E0FE6E3B,ENSG00000073169.13,COMP_TRANSCRIPTOMIC_EVIDENCE,FTR_0F956436A3B34F7FE83DC180,provenance_complete,CLM_572C9F792289BFA5975D4A09,REC_E928DA4645A41AF80FF1C3D0,SRC_PROJECT_DE_ROBUSTNESS,ART_TASK012_INTEGRATED_TARGET_REGISTRY,DEP_E770E73A022EBED26296BB54,OBSERVED,TXR_PROVENANCE_COMPLETE_V0_1,TRANSCRIPTOMIC_FEATURE_EXTRACTOR_V0.1
PRF_9CD36C6E6AD86EF4E0FE6E3B,ENSG00000073169.13,COMP_TRANSCRIPTOMIC_EVIDENCE,FTR_0F956436A3B34F7FE83DC180,provenance_complete,CLM_572C9F792289BFA5975D4A09,REC_F40C5951000821725EF77820,SRC_PROJECT_DE_ROBUSTNESS,ART_TASK012_INTEGRATED_TARGET_REGISTRY,DEP_E770E73A022EBED26296BB54,OBSERVED,TXR_PROVENANCE_COMPLETE_V0_1,TRANSCRIPTOMIC_FEATURE_EXTRACTOR_V0.1
PRF_9CD36C6E6AD86EF4E0FE6E3B,ENSG00000073169.13,COMP_TRANSCRIPTOMIC_EVIDENCE,FTR_CF79C3E5BB8FBD69DB9E8855,transcript_conflict_count,CLM_572C9F792289BFA5975D4A09,REC_E928DA4645A41AF80FF1C3D0,SRC_PROJECT_DE_ROBUSTNESS,ART_TASK012_INTEGRATED_TARGET_REGISTRY,DEP_E770E73A022EBED26296BB54,OBSERVED,TXR_TRANSCRIPT_CONFLICT_COUNT_V0_1,TRANSCRIPTOMIC_FEATURE_EXTRACTOR_V0.1
PRF_9CD36C6E6AD86EF4E0FE6E3B,ENSG00000073169.13,COMP_TRANSCRIPTOMIC_EVIDENCE,FTR_CF79C3E5BB8FBD69DB9E8855,transcript_conflict_count,CLM_572C9F792289BFA5975D4A09,REC_F40C5951000821725EF77820,SRC_PROJECT_DE_ROBUSTNESS,ART_TASK012_INTEGRATED_TARGET_REGISTRY,DEP_E770E73A022EBED26296BB54,OBSERVED,TXR_TRANSCRIPT_CONFLICT_COUNT_V0_1,TRANSCRIPTOMIC_FEATURE_EXTRACTOR_V0.1
PRF_9CD36C6E6AD86EF4E0FE6E3B,ENSG00000073169.13,COMP_TRANSCRIPTOMIC_EVIDENCE,FTR_FD7B56BCD858578F62F8401B,transcript_qualifying_record_count,CLM_572C9F792289BFA5975D4A09,REC_E928DA4645A41AF80FF1C3D0,SRC_PROJECT_DE_ROBUSTNESS,ART_TASK012_INTEGRATED_TARGET_REGISTRY,DEP_E770E73A022EBED26296BB54,OBSERVED,TXR_TRANSCRIPT_QUALIFYING_RECORD_COUNT_V0_1,TRANSCRIPTOMIC_FEATURE_EXTRACTOR_V0.1
PRF_9CD36C6E6AD86EF4E0FE6E3B,ENSG00000073169.13,COMP_TRANSCRIPTOMIC_EVIDENCE,FTR_FD7B56BCD858578F62F8401B,transcript_qualifying_record_count,CLM_572C9F792289BFA5975D4A09,REC_F40C5951000821725EF77820,SRC_PROJECT_DE_ROBUSTNESS,ART_TASK012_INTEGRATED_TARGET_REGISTRY,DEP_E770E73A022EBED26296BB54,OBSERVED,TXR_TRANSCRIPT_QUALIFYING_RECORD_COUNT_V0_1,TRANSCRIPTOMIC_FEATURE_EXTRACTOR_V0.1
PRF_9CD36C6E6AD86EF4E0FE6E3B,ENSG00000073169.13,COMP_TRANSCRIPTOMIC_EVIDENCE,FTR_288EE4E32216727C150FF626,transcript_observed_context_complete,CLM_572C9F792289BFA5975D4A09,REC_E928DA4645A41AF80FF1C3D0,SRC_PROJECT_DE_ROBUSTNESS,ART_TASK012_INTEGRATED_TARGET_REGISTRY,DEP_E770E73A022EBED26296BB54,OBSERVED,TXR_TRANSCRIPT_CONTEXT_COMPLETE_V0_1,TRANSCRIPTOMIC_FEATURE_EXTRACTOR_V0.1
PRF_9CD36C6E6AD86EF4E0FE6E3B,ENSG00000073169.13,COMP_TRANSCRIPTOMIC_EVIDENCE,FTR_288EE4E32216727C150FF626,transcript_observed_context_complete,CLM_572C9F792289BFA5975D4A09,REC_F40C5951000821725EF77820,SRC_PROJECT_DE_ROBUSTNESS,ART_TASK012_INTEGRATED_TARGET_REGISTRY,DEP_E770E73A022EBED26296BB54,OBSERVED,TXR_TRANSCRIPT_CONTEXT_COMPLETE_V0_1,TRANSCRIPTOMIC_FEATURE_EXTRACTOR_V0.1
PRF_9CD36C6E6AD86EF4E0FE6E3B,ENSG00000073169.13,COMP_TRANSCRIPTOMIC_EVIDENCE,FTR_58E1BB3499E27B5860724D51,transcript_assessment_attempted,CLM_572C9F792289BFA5975D4A09,REC_E928DA4645A41AF80FF1C3D0,SRC_PROJECT_DE_ROBUSTNESS,ART_TASK012_INTEGRATED_TARGET_REGISTRY,DEP_E770E73A022EBED26296BB54,OBSERVED,TXR_TRANSCRIPT_ASSESSMENT_ATTEMPTED_V0_1,TRANSCRIPTOMIC_FEATURE_EXTRACTOR_V0.1
PRF_9CD36C6E6AD86EF4E0FE6E3B,ENSG00000073169.13,COMP_TRANSCRIPTOMIC_EVIDENCE,FTR_58E1BB3499E27B5860724D51,transcript_assessment_attempted,CLM_572C9F792289BFA5975D4A09,REC_F40C5951000821725EF77820,SRC_PROJECT_DE_ROBUSTNESS,ART_TASK012_INTEGRATED_TARGET_REGISTRY,DEP_E770E73A022EBED26296BB54,OBSERVED,TXR_TRANSCRIPT_ASSESSMENT_ATTEMPTED_V0_1,TRANSCRIPTOMIC_FEATURE_EXTRACTOR_V0.1
PRF_9CD36C6E6AD86EF4E0FE6E3B,ENSG00000073169.13,COMP_TRANSCRIPTOMIC_EVIDENCE,FTR_AE91421C422FB6AFAFC3C307,transcript_query_scope_complete,CLM_572C9F792289BFA5975D4A09,REC_E928DA4645A41AF80FF1C3D0,SRC_PROJECT_DE_ROBUSTNESS,ART_TASK012_INTEGRATED_TARGET_REGISTRY,DEP_E770E73A022EBED26296BB54,OBSERVED,TXR_TRANSCRIPT_SCOPE_COMPLETE_V0_1,TRANSCRIPTOMIC_FEATURE_EXTRACTOR_V0.1
PRF_9CD36C6E6AD86EF4E0FE6E3B,ENSG00000073169.13,COMP_TRANSCRIPTOMIC_EVIDENCE,FTR_AE91421C422FB6AFAFC3C307,transcript_query_scope_complete,CLM_572C9F792289BFA5975D4A09,REC_F40C5951000821725EF77820,SRC_PROJECT_DE_ROBUSTNESS,ART_TASK012_INTEGRATED_TARGET_REGISTRY,DEP_E770E73A022EBED26296BB54,OBSERVED,TXR_TRANSCRIPT_SCOPE_COMPLETE_V0_1,TRANSCRIPTOMIC_FEATURE_EXTRACTOR_V0.1
PRF_9CD36C6E6AD86EF4E0FE6E3B,ENSG00000073169.13,COMP_TRANSCRIPTOMIC_EVIDENCE,FTR_84397A2B390A1494F7D63836,transcript_record_count,CLM_572C9F792289BFA5975D4A09,REC_E928DA4645A41AF80FF1C3D0,SRC_PROJECT_DE_ROBUSTNESS,ART_TASK012_INTEGRATED_TARGET_REGISTRY,DEP_E770E73A022EBED26296BB54,OBSERVED,TXR_TRANSCRIPT_RECORD_COUNT_V0_1,TRANSCRIPTOMIC_FEATURE_EXTRACTOR_V0.1
PRF_9CD36C6E6AD86EF4E0FE6E3B,ENSG00000073169.13,COMP_TRANSCRIPTOMIC_EVIDENCE,FTR_84397A2B390A1494F7D63836,transcript_record_count,CLM_572C9F792289BFA5975D4A09,REC_F40C5951000821725EF77820,SRC_PROJECT_DE_ROBUSTNESS,ART_TASK012_INTEGRATED_TARGET_REGISTRY,DEP_E770E73A022EBED26296BB54,OBSERVED,TXR_TRANSCRIPT_RECORD_COUNT_V0_1,TRANSCRIPTOMIC_FEATURE_EXTRACTOR_V0.1
PRF_9CD36C6E6AD86EF4E0FE6E3B,ENSG00000073169.13,COMP_TRANSCRIPTOMIC_EVIDENCE,FTR_864DF8B6657565A4359F1D44,transcript_partial_condition_count,CLM_572C9F792289BFA5975D4A09,REC_E928DA4645A41AF80FF1C3D0,SRC_PROJECT_DE_ROBUSTNESS,ART_TASK012_INTEGRATED_TARGET_REGISTRY,DEP_E770E73A022EBED26296BB54,OBSERVED,TXR_TRANSCRIPT_PARTIAL_CONDITION_COUNT_V0_1,TRANSCRIPTOMIC_FEATURE_EXTRACTOR_V0.1
PRF_9CD36C6E6AD86EF4E0FE6E3B,ENSG00000073169.13,COMP_TRANSCRIPTOMIC_EVIDENCE,FTR_864DF8B6657565A4359F1D44,transcript_partial_condition_count,CLM_572C9F792289BFA5975D4A09,REC_F40C5951000821725EF77820,SRC_PROJECT_DE_ROBUSTNESS,ART_TASK012_INTEGRATED_TARGET_REGISTRY,DEP_E770E73A022EBED26296BB54,OBSERVED,TXR_TRANSCRIPT_PARTIAL_CONDITION_COUNT_V0_1,TRANSCRIPTOMIC_FEATURE_EXTRACTOR_V0.1
PRF_9CD36C6E6AD86EF4E0FE6E3B,ENSG00000073169.13,COMP_TRANSCRIPTOMIC_EVIDENCE,FTR_B7258FC6E7DFCED5D4D33DDD,transcript_unknown_coverage,CLM_572C9F792289BFA5975D4A09,REC_E928DA4645A41AF80FF1C3D0,SRC_PROJECT_DE_ROBUSTNESS,ART_TASK012_INTEGRATED_TARGET_REGISTRY,DEP_E770E73A022EBED26296BB54,OBSERVED,TXR_TRANSCRIPT_UNKNOWN_COVERAGE_V0_1,TRANSCRIPTOMIC_FEATURE_EXTRACTOR_V0.1
PRF_9CD36C6E6AD86EF4E0FE6E3B,ENSG00000073169.13,COMP_TRANSCRIPTOMIC_EVIDENCE,FTR_B7258FC6E7DFCED5D4D33DDD,transcript_unknown_coverage,CLM_572C9F792289BFA5975D4A09,REC_F40C5951000821725EF77820,SRC_PROJECT_DE_ROBUSTNESS,ART_TASK012_INTEGRATED_TARGET_REGISTRY,DEP_E770E73A022EBED26296BB54,OBSERVED,TXR_TRANSCRIPT_UNKNOWN_COVERAGE_V0_1,TRANSCRIPTOMIC_FEATURE_EXTRACTOR_V0.1
PRF_9CD36C6E6AD86EF4E0FE6E3B,ENSG00000073169.13,COMP_TRANSCRIPTOMIC_EVIDENCE,FTR_3EAAE7B6F45E1D51C00DDF44,transcript_retrieval_failure,CLM_572C9F792289BFA5975D4A09,REC_E928DA4645A41AF80FF1C3D0,SRC_PROJECT_DE_ROBUSTNESS,ART_TASK012_INTEGRATED_TARGET_REGISTRY,DEP_E770E73A022EBED26296BB54,OBSERVED,TXR_TRANSCRIPT_RETRIEVAL_FAILURE_V0_1,TRANSCRIPTOMIC_FEATURE_EXTRACTOR_V0.1
PRF_9CD36C6E6AD86EF4E0FE6E3B,ENSG00000073169.13,COMP_TRANSCRIPTOMIC_EVIDENCE,FTR_3EAAE7B6F45E1D51C00DDF44,transcript_retrieval_failure,CLM_572C9F792289BFA5975D4A09,REC_F40C5951000821725EF77820,SRC_PROJECT_DE_ROBUSTNESS,ART_TASK012_INTEGRATED_TARGET_REGISTRY,DEP_E770E73A022EBED26296BB54,OBSERVED,TXR_TRANSCRIPT_RETRIEVAL_FAILURE_V0_1,TRANSCRIPTOMIC_FEATURE_EXTRACTOR_V0.1
PRF_DB9A830337DE954AEAEAD51D,ENSG00000002330.13,COMP_TRANSCRIPTOMIC_EVIDENCE,FTR_A5D58C893D28700A59135844,transcriptomic_record_available,CLM_A7BF64DED4746108D5A67296,REC_EA0FC4799EF80CB156D95B7E,SRC_PROJECT_DE_ROBUSTNESS,ART_TASK012_INTEGRATED_TARGET_REGISTRY,DEP_DA022EE2FC680C96DEC6D406,OBSERVED,TXR_TRANSCRIPT_RECORD_AVAILABLE_V0_1,TRANSCRIPTOMIC_FEATURE_EXTRACTOR_V0.1
PRF_DB9A830337DE954AEAEAD51D,ENSG00000002330.13,COMP_TRANSCRIPTOMIC_EVIDENCE,FTR_A5D58C893D28700A59135844,transcriptomic_record_available,CLM_A7BF64DED4746108D5A67296,REC_EAFCF43170516922BD89F9AA,SRC_PROJECT_DE_ROBUSTNESS,ART_TASK012_INTEGRATED_TARGET_REGISTRY,DEP_DA022EE2FC680C96DEC6D406,OBSERVED,TXR_TRANSCRIPT_RECORD_AVAILABLE_V0_1,TRANSCRIPTOMIC_FEATURE_EXTRACTOR_V0.1
PRF_DB9A830337DE954AEAEAD51D,ENSG00000002330.13,COMP_TRANSCRIPTOMIC_EVIDENCE,FTR_4A028467D63508FD3FF9BD99,primary_DE_result_available,CLM_A7BF64DED4746108D5A67296,REC_EAFCF43170516922BD89F9AA,SRC_PROJECT_DE_ROBUSTNESS,ART_TASK012_INTEGRATED_TARGET_REGISTRY,NOT_APPLICABLE,OBSERVED,TXR_PRIMARY_RESULT_AVAILABLE_V0_1,TRANSCRIPTOMIC_FEATURE_EXTRACTOR_V0.1
PRF_DB9A830337DE954AEAEAD51D,ENSG00000002330.13,COMP_TRANSCRIPTOMIC_EVIDENCE,FTR_CDDDC5103C4D574F96FB2485,sensitivity_results_available,CLM_A7BF64DED4746108D5A67296,REC_EA0FC4799EF80CB156D95B7E,SRC_PROJECT_DE_ROBUSTNESS,ART_TASK012_INTEGRATED_TARGET_REGISTRY,NOT_APPLICABLE,OBSERVED,TXR_SENSITIVITY_RESULTS_AVAILABLE_V0_1,TRANSCRIPTOMIC_FEATURE_EXTRACTOR_V0.1
PRF_DB9A830337DE954AEAEAD51D,ENSG00000002330.13,COMP_TRANSCRIPTOMIC_EVIDENCE,FTR_55AC679778C437660D46FBD8,effect_direction_observed,CLM_A7BF64DED4746108D5A67296,REC_EAFCF43170516922BD89F9AA,SRC_PROJECT_DE_ROBUSTNESS,ART_TASK012_INTEGRATED_TARGET_REGISTRY,NOT_APPLICABLE,OBSERVED,TXR_PRIMARY_EFFECT_DIRECTION_V0_1,TRANSCRIPTOMIC_FEATURE_EXTRACTOR_V0.1
PRF_DB9A830337DE954AEAEAD51D,ENSG00000002330.13,COMP_TRANSCRIPTOMIC_EVIDENCE,FTR_5E32363726B17DD5A43E16F5,fdr_threshold_version,CLM_A7BF64DED4746108D5A67296,REC_EAFCF43170516922BD89F9AA,SRC_PROJECT_DE_ROBUSTNESS,ART_TASK012_INTEGRATED_TARGET_REGISTRY,NOT_APPLICABLE,OBSERVED,TXR_FDR_THRESHOLD_VERSION_V0_1,TRANSCRIPTOMIC_FEATURE_EXTRACTOR_V0.1
PRF_DB9A830337DE954AEAEAD51D,ENSG00000002330.13,COMP_TRANSCRIPTOMIC_EVIDENCE,FTR_D55459D52F1508F34AEB7719,fdr_pass_status,CLM_A7BF64DED4746108D5A67296,REC_EAFCF43170516922BD89F9AA,SRC_PROJECT_DE_ROBUSTNESS,ART_TASK012_INTEGRATED_TARGET_REGISTRY,NOT_APPLICABLE,OBSERVED,TXR_FDR_PASS_STATUS_V0_1,TRANSCRIPTOMIC_FEATURE_EXTRACTOR_V0.1
PRF_DB9A830337DE954AEAEAD51D,ENSG00000002330.13,COMP_TRANSCRIPTOMIC_EVIDENCE,FTR_F56FB76066FFDAC634D24F67,effect_threshold_version,CLM_A7BF64DED4746108D5A67296,REC_EAFCF43170516922BD89F9AA,SRC_PROJECT_DE_ROBUSTNESS,ART_TASK012_INTEGRATED_TARGET_REGISTRY,NOT_APPLICABLE,OBSERVED,TXR_EFFECT_THRESHOLD_VERSION_V0_1,TRANSCRIPTOMIC_FEATURE_EXTRACTOR_V0.1
PRF_DB9A830337DE954AEAEAD51D,ENSG00000002330.13,COMP_TRANSCRIPTOMIC_EVIDENCE,FTR_2F37FF9F111E7771D4A7B97B,effect_threshold_status,CLM_A7BF64DED4746108D5A67296,REC_EAFCF43170516922BD89F9AA,SRC_PROJECT_DE_ROBUSTNESS,ART_TASK012_INTEGRATED_TARGET_REGISTRY,NOT_APPLICABLE,OBSERVED,TXR_EFFECT_THRESHOLD_STATUS_V0_1,TRANSCRIPTOMIC_FEATURE_EXTRACTOR_V0.1
PRF_DB9A830337DE954AEAEAD51D,ENSG00000002330.13,COMP_TRANSCRIPTOMIC_EVIDENCE,FTR_A49DDFD5DE5BC3D09373B644,sensitivity_model_count_available,CLM_A7BF64DED4746108D5A67296,REC_EA0FC4799EF80CB156D95B7E,SRC_PROJECT_DE_ROBUSTNESS,ART_TASK012_INTEGRATED_TARGET_REGISTRY,NOT_APPLICABLE,OBSERVED,TXR_SENSITIVITY_MODEL_COUNT_V0_1,TRANSCRIPTOMIC_FEATURE_EXTRACTOR_V0.1
PRF_DB9A830337DE954AEAEAD51D,ENSG00000002330.13,COMP_TRANSCRIPTOMIC_EVIDENCE,FTR_8AA52CDBEC6B49AA2DE4DFD9,sensitivity_direction_pattern,CLM_A7BF64DED4746108D5A67296,REC_EA0FC4799EF80CB156D95B7E,SRC_PROJECT_DE_ROBUSTNESS,ART_TASK012_INTEGRATED_TARGET_REGISTRY,NOT_APPLICABLE,OBSERVED,TXR_SENSITIVITY_DIRECTION_PATTERN_V0_1,TRANSCRIPTOMIC_FEATURE_EXTRACTOR_V0.1
PRF_DB9A830337DE954AEAEAD51D,ENSG00000002330.13,COMP_TRANSCRIPTOMIC_EVIDENCE,FTR_EB7D69EB369245D6E75057EB,sensitivity_consistency_category,CLM_A7BF64DED4746108D5A67296,REC_EA0FC4799EF80CB156D95B7E,SRC_PROJECT_DE_ROBUSTNESS,ART_TASK012_INTEGRATED_TARGET_REGISTRY,DEP_DA022EE2FC680C96DEC6D406,OBSERVED,TXR_SENSITIVITY_CONSISTENCY_V0_1,TRANSCRIPTOMIC_FEATURE_EXTRACTOR_V0.1
PRF_DB9A830337DE954AEAEAD51D,ENSG00000002330.13,COMP_TRANSCRIPTOMIC_EVIDENCE,FTR_EB7D69EB369245D6E75057EB,sensitivity_consistency_category,CLM_A7BF64DED4746108D5A67296,REC_EAFCF43170516922BD89F9AA,SRC_PROJECT_DE_ROBUSTNESS,ART_TASK012_INTEGRATED_TARGET_REGISTRY,DEP_DA022EE2FC680C96DEC6D406,OBSERVED,TXR_SENSITIVITY_CONSISTENCY_V0_1,TRANSCRIPTOMIC_FEATURE_EXTRACTOR_V0.1
PRF_DB9A830337DE954AEAEAD51D,ENSG00000002330.13,COMP_TRANSCRIPTOMIC_EVIDENCE,FTR_9B25F6A023EDE7F591740B65,identity_conflict_count,CLM_A7BF64DED4746108D5A67296,REC_EA0FC4799EF80CB156D95B7E,SRC_PROJECT_DE_ROBUSTNESS,ART_TASK012_INTEGRATED_TARGET_REGISTRY,DEP_DA022EE2FC680C96DEC6D406,OBSERVED,TXR_IDENTITY_CONFLICT_COUNT_V0_1,TRANSCRIPTOMIC_FEATURE_EXTRACTOR_V0.1
PRF_DB9A830337DE954AEAEAD51D,ENSG00000002330.13,COMP_TRANSCRIPTOMIC_EVIDENCE,FTR_9B25F6A023EDE7F591740B65,identity_conflict_count,CLM_A7BF64DED4746108D5A67296,REC_EAFCF43170516922BD89F9AA,SRC_PROJECT_DE_ROBUSTNESS,ART_TASK012_INTEGRATED_TARGET_REGISTRY,DEP_DA022EE2FC680C96DEC6D406,OBSERVED,TXR_IDENTITY_CONFLICT_COUNT_V0_1,TRANSCRIPTOMIC_FEATURE_EXTRACTOR_V0.1
PRF_DB9A830337DE954AEAEAD51D,ENSG00000002330.13,COMP_TRANSCRIPTOMIC_EVIDENCE,FTR_BE2C0938252D8C34A6340A15,provenance_complete,CLM_A7BF64DED4746108D5A67296,REC_EA0FC4799EF80CB156D95B7E,SRC_PROJECT_DE_ROBUSTNESS,ART_TASK012_INTEGRATED_TARGET_REGISTRY,DEP_DA022EE2FC680C96DEC6D406,OBSERVED,TXR_PROVENANCE_COMPLETE_V0_1,TRANSCRIPTOMIC_FEATURE_EXTRACTOR_V0.1
PRF_DB9A830337DE954AEAEAD51D,ENSG00000002330.13,COMP_TRANSCRIPTOMIC_EVIDENCE,FTR_BE2C0938252D8C34A6340A15,provenance_complete,CLM_A7BF64DED4746108D5A67296,REC_EAFCF43170516922BD89F9AA,SRC_PROJECT_DE_ROBUSTNESS,ART_TASK012_INTEGRATED_TARGET_REGISTRY,DEP_DA022EE2FC680C96DEC6D406,OBSERVED,TXR_PROVENANCE_COMPLETE_V0_1,TRANSCRIPTOMIC_FEATURE_EXTRACTOR_V0.1
PRF_DB9A830337DE954AEAEAD51D,ENSG00000002330.13,COMP_TRANSCRIPTOMIC_EVIDENCE,FTR_92401C11ED526D20AB4F23BA,transcript_conflict_count,CLM_A7BF64DED4746108D5A67296,REC_EA0FC4799EF80CB156D95B7E,SRC_PROJECT_DE_ROBUSTNESS,ART_TASK012_INTEGRATED_TARGET_REGISTRY,DEP_DA022EE2FC680C96DEC6D406,OBSERVED,TXR_TRANSCRIPT_CONFLICT_COUNT_V0_1,TRANSCRIPTOMIC_FEATURE_EXTRACTOR_V0.1
PRF_DB9A830337DE954AEAEAD51D,ENSG00000002330.13,COMP_TRANSCRIPTOMIC_EVIDENCE,FTR_92401C11ED526D20AB4F23BA,transcript_conflict_count,CLM_A7BF64DED4746108D5A67296,REC_EAFCF43170516922BD89F9AA,SRC_PROJECT_DE_ROBUSTNESS,ART_TASK012_INTEGRATED_TARGET_REGISTRY,DEP_DA022EE2FC680C96DEC6D406,OBSERVED,TXR_TRANSCRIPT_CONFLICT_COUNT_V0_1,TRANSCRIPTOMIC_FEATURE_EXTRACTOR_V0.1
PRF_DB9A830337DE954AEAEAD51D,ENSG00000002330.13,COMP_TRANSCRIPTOMIC_EVIDENCE,FTR_CB0B3134DB2EA50E023F8D68,transcript_qualifying_record_count,CLM_A7BF64DED4746108D5A67296,REC_EA0FC4799EF80CB156D95B7E,SRC_PROJECT_DE_ROBUSTNESS,ART_TASK012_INTEGRATED_TARGET_REGISTRY,DEP_DA022EE2FC680C96DEC6D406,OBSERVED,TXR_TRANSCRIPT_QUALIFYING_RECORD_COUNT_V0_1,TRANSCRIPTOMIC_FEATURE_EXTRACTOR_V0.1
PRF_DB9A830337DE954AEAEAD51D,ENSG00000002330.13,COMP_TRANSCRIPTOMIC_EVIDENCE,FTR_CB0B3134DB2EA50E023F8D68,transcript_qualifying_record_count,CLM_A7BF64DED4746108D5A67296,REC_EAFCF43170516922BD89F9AA,SRC_PROJECT_DE_ROBUSTNESS,ART_TASK012_INTEGRATED_TARGET_REGISTRY,DEP_DA022EE2FC680C96DEC6D406,OBSERVED,TXR_TRANSCRIPT_QUALIFYING_RECORD_COUNT_V0_1,TRANSCRIPTOMIC_FEATURE_EXTRACTOR_V0.1
PRF_DB9A830337DE954AEAEAD51D,ENSG00000002330.13,COMP_TRANSCRIPTOMIC_EVIDENCE,FTR_35F57141300BAAE98A7088B4,transcript_observed_context_complete,CLM_A7BF64DED4746108D5A67296,REC_EA0FC4799EF80CB156D95B7E,SRC_PROJECT_DE_ROBUSTNESS,ART_TASK012_INTEGRATED_TARGET_REGISTRY,DEP_DA022EE2FC680C96DEC6D406,OBSERVED,TXR_TRANSCRIPT_CONTEXT_COMPLETE_V0_1,TRANSCRIPTOMIC_FEATURE_EXTRACTOR_V0.1
PRF_DB9A830337DE954AEAEAD51D,ENSG00000002330.13,COMP_TRANSCRIPTOMIC_EVIDENCE,FTR_35F57141300BAAE98A7088B4,transcript_observed_context_complete,CLM_A7BF64DED4746108D5A67296,REC_EAFCF43170516922BD89F9AA,SRC_PROJECT_DE_ROBUSTNESS,ART_TASK012_INTEGRATED_TARGET_REGISTRY,DEP_DA022EE2FC680C96DEC6D406,OBSERVED,TXR_TRANSCRIPT_CONTEXT_COMPLETE_V0_1,TRANSCRIPTOMIC_FEATURE_EXTRACTOR_V0.1
PRF_DB9A830337DE954AEAEAD51D,ENSG00000002330.13,COMP_TRANSCRIPTOMIC_EVIDENCE,FTR_B337B9644A30D9536FB3903F,transcript_assessment_attempted,CLM_A7BF64DED4746108D5A67296,REC_EA0FC4799EF80CB156D95B7E,SRC_PROJECT_DE_ROBUSTNESS,ART_TASK012_INTEGRATED_TARGET_REGISTRY,DEP_DA022EE2FC680C96DEC6D406,OBSERVED,TXR_TRANSCRIPT_ASSESSMENT_ATTEMPTED_V0_1,TRANSCRIPTOMIC_FEATURE_EXTRACTOR_V0.1
PRF_DB9A830337DE954AEAEAD51D,ENSG00000002330.13,COMP_TRANSCRIPTOMIC_EVIDENCE,FTR_B337B9644A30D9536FB3903F,transcript_assessment_attempted,CLM_A7BF64DED4746108D5A67296,REC_EAFCF43170516922BD89F9AA,SRC_PROJECT_DE_ROBUSTNESS,ART_TASK012_INTEGRATED_TARGET_REGISTRY,DEP_DA022EE2FC680C96DEC6D406,OBSERVED,TXR_TRANSCRIPT_ASSESSMENT_ATTEMPTED_V0_1,TRANSCRIPTOMIC_FEATURE_EXTRACTOR_V0.1
PRF_DB9A830337DE954AEAEAD51D,ENSG00000002330.13,COMP_TRANSCRIPTOMIC_EVIDENCE,FTR_071B7D739560FC0981B30C03,transcript_query_scope_complete,CLM_A7BF64DED4746108D5A67296,REC_EA0FC4799EF80CB156D95B7E,SRC_PROJECT_DE_ROBUSTNESS,ART_TASK012_INTEGRATED_TARGET_REGISTRY,DEP_DA022EE2FC680C96DEC6D406,OBSERVED,TXR_TRANSCRIPT_SCOPE_COMPLETE_V0_1,TRANSCRIPTOMIC_FEATURE_EXTRACTOR_V0.1
PRF_DB9A830337DE954AEAEAD51D,ENSG00000002330.13,COMP_TRANSCRIPTOMIC_EVIDENCE,FTR_071B7D739560FC0981B30C03,transcript_query_scope_complete,CLM_A7BF64DED4746108D5A67296,REC_EAFCF43170516922BD89F9AA,SRC_PROJECT_DE_ROBUSTNESS,ART_TASK012_INTEGRATED_TARGET_REGISTRY,DEP_DA022EE2FC680C96DEC6D406,OBSERVED,TXR_TRANSCRIPT_SCOPE_COMPLETE_V0_1,TRANSCRIPTOMIC_FEATURE_EXTRACTOR_V0.1
PRF_DB9A830337DE954AEAEAD51D,ENSG00000002330.13,COMP_TRANSCRIPTOMIC_EVIDENCE,FTR_83C53E351DA287251B2B1F04,transcript_record_count,CLM_A7BF64DED4746108D5A67296,REC_EA0FC4799EF80CB156D95B7E,SRC_PROJECT_DE_ROBUSTNESS,ART_TASK012_INTEGRATED_TARGET_REGISTRY,DEP_DA022EE2FC680C96DEC6D406,OBSERVED,TXR_TRANSCRIPT_RECORD_COUNT_V0_1,TRANSCRIPTOMIC_FEATURE_EXTRACTOR_V0.1
PRF_DB9A830337DE954AEAEAD51D,ENSG00000002330.13,COMP_TRANSCRIPTOMIC_EVIDENCE,FTR_83C53E351DA287251B2B1F04,transcript_record_count,CLM_A7BF64DED4746108D5A67296,REC_EAFCF43170516922BD89F9AA,SRC_PROJECT_DE_ROBUSTNESS,ART_TASK012_INTEGRATED_TARGET_REGISTRY,DEP_DA022EE2FC680C96DEC6D406,OBSERVED,TXR_TRANSCRIPT_RECORD_COUNT_V0_1,TRANSCRIPTOMIC_FEATURE_EXTRACTOR_V0.1
PRF_DB9A830337DE954AEAEAD51D,ENSG00000002330.13,COMP_TRANSCRIPTOMIC_EVIDENCE,FTR_75123A7DD6295D3F827008F8,transcript_partial_condition_count,CLM_A7BF64DED4746108D5A67296,REC_EA0FC4799EF80CB156D95B7E,SRC_PROJECT_DE_ROBUSTNESS,ART_TASK012_INTEGRATED_TARGET_REGISTRY,DEP_DA022EE2FC680C96DEC6D406,OBSERVED,TXR_TRANSCRIPT_PARTIAL_CONDITION_COUNT_V0_1,TRANSCRIPTOMIC_FEATURE_EXTRACTOR_V0.1
PRF_DB9A830337DE954AEAEAD51D,ENSG00000002330.13,COMP_TRANSCRIPTOMIC_EVIDENCE,FTR_75123A7DD6295D3F827008F8,transcript_partial_condition_count,CLM_A7BF64DED4746108D5A67296,REC_EAFCF43170516922BD89F9AA,SRC_PROJECT_DE_ROBUSTNESS,ART_TASK012_INTEGRATED_TARGET_REGISTRY,DEP_DA022EE2FC680C96DEC6D406,OBSERVED,TXR_TRANSCRIPT_PARTIAL_CONDITION_COUNT_V0_1,TRANSCRIPTOMIC_FEATURE_EXTRACTOR_V0.1
PRF_DB9A830337DE954AEAEAD51D,ENSG00000002330.13,COMP_TRANSCRIPTOMIC_EVIDENCE,FTR_ABF388EFAFDDA849EEB193D0,transcript_unknown_coverage,CLM_A7BF64DED4746108D5A67296,REC_EA0FC4799EF80CB156D95B7E,SRC_PROJECT_DE_ROBUSTNESS,ART_TASK012_INTEGRATED_TARGET_REGISTRY,DEP_DA022EE2FC680C96DEC6D406,OBSERVED,TXR_TRANSCRIPT_UNKNOWN_COVERAGE_V0_1,TRANSCRIPTOMIC_FEATURE_EXTRACTOR_V0.1
PRF_DB9A830337DE954AEAEAD51D,ENSG00000002330.13,COMP_TRANSCRIPTOMIC_EVIDENCE,FTR_ABF388EFAFDDA849EEB193D0,transcript_unknown_coverage,CLM_A7BF64DED4746108D5A67296,REC_EAFCF43170516922BD89F9AA,SRC_PROJECT_DE_ROBUSTNESS,ART_TASK012_INTEGRATED_TARGET_REGISTRY,DEP_DA022EE2FC680C96DEC6D406,OBSERVED,TXR_TRANSCRIPT_UNKNOWN_COVERAGE_V0_1,TRANSCRIPTOMIC_FEATURE_EXTRACTOR_V0.1
PRF_DB9A830337DE954AEAEAD51D,ENSG00000002330.13,COMP_TRANSCRIPTOMIC_EVIDENCE,FTR_CBE35C1C8D7C0EE45DEC90CB,transcript_retrieval_failure,CLM_A7BF64DED4746108D5A67296,REC_EA0FC4799EF80CB156D95B7E,SRC_PROJECT_DE_ROBUSTNESS,ART_TASK012_INTEGRATED_TARGET_REGISTRY,DEP_DA022EE2FC680C96DEC6D406,OBSERVED,TXR_TRANSCRIPT_RETRIEVAL_FAILURE_V0_1,TRANSCRIPTOMIC_FEATURE_EXTRACTOR_V0.1
PRF_DB9A830337DE954AEAEAD51D,ENSG00000002330.13,COMP_TRANSCRIPTOMIC_EVIDENCE,FTR_CBE35C1C8D7C0EE45DEC90CB,transcript_retrieval_failure,CLM_A7BF64DED4746108D5A67296,REC_EAFCF43170516922BD89F9AA,SRC_PROJECT_DE_ROBUSTNESS,ART_TASK012_INTEGRATED_TARGET_REGISTRY,DEP_DA022EE2FC680C96DEC6D406,OBSERVED,TXR_TRANSCRIPT_RETRIEVAL_FAILURE_V0_1,TRANSCRIPTOMIC_FEATURE_EXTRACTOR_V0.1
PRF_29FDA55D4C557B9E5EC15C8E,ENSG00000000971.15,COMP_TRANSCRIPTOMIC_EVIDENCE,FTR_D0E1A2E62C36FF9FC633C265,transcriptomic_record_available,CLM_0473DE33771524789E637F67,REC_D9B5B8537E49ACE12ECB3D10,SRC_PROJECT_DE_ROBUSTNESS,ART_TASK012_INTEGRATED_TARGET_REGISTRY,DEP_7FECD40C81E15F0564E72A79,OBSERVED,TXR_TRANSCRIPT_RECORD_AVAILABLE_V0_1,TRANSCRIPTOMIC_FEATURE_EXTRACTOR_V0.1
PRF_29FDA55D4C557B9E5EC15C8E,ENSG00000000971.15,COMP_TRANSCRIPTOMIC_EVIDENCE,FTR_D0E1A2E62C36FF9FC633C265,transcriptomic_record_available,CLM_0473DE33771524789E637F67,REC_F9BD33B5CFA6F1D1CF6F21EE,SRC_PROJECT_DE_ROBUSTNESS,ART_TASK012_INTEGRATED_TARGET_REGISTRY,DEP_7FECD40C81E15F0564E72A79,OBSERVED,TXR_TRANSCRIPT_RECORD_AVAILABLE_V0_1,TRANSCRIPTOMIC_FEATURE_EXTRACTOR_V0.1
PRF_29FDA55D4C557B9E5EC15C8E,ENSG00000000971.15,COMP_TRANSCRIPTOMIC_EVIDENCE,FTR_4093A4C1F234C56E602968C7,primary_DE_result_available,CLM_0473DE33771524789E637F67,REC_D9B5B8537E49ACE12ECB3D10,SRC_PROJECT_DE_ROBUSTNESS,ART_TASK012_INTEGRATED_TARGET_REGISTRY,NOT_APPLICABLE,OBSERVED,TXR_PRIMARY_RESULT_AVAILABLE_V0_1,TRANSCRIPTOMIC_FEATURE_EXTRACTOR_V0.1
PRF_29FDA55D4C557B9E5EC15C8E,ENSG00000000971.15,COMP_TRANSCRIPTOMIC_EVIDENCE,FTR_67F75154BA57866DAA4DD500,sensitivity_results_available,CLM_0473DE33771524789E637F67,REC_F9BD33B5CFA6F1D1CF6F21EE,SRC_PROJECT_DE_ROBUSTNESS,ART_TASK012_INTEGRATED_TARGET_REGISTRY,NOT_APPLICABLE,OBSERVED,TXR_SENSITIVITY_RESULTS_AVAILABLE_V0_1,TRANSCRIPTOMIC_FEATURE_EXTRACTOR_V0.1
PRF_29FDA55D4C557B9E5EC15C8E,ENSG00000000971.15,COMP_TRANSCRIPTOMIC_EVIDENCE,FTR_7E2140E7D021E9270F2820C5,effect_direction_observed,CLM_0473DE33771524789E637F67,REC_D9B5B8537E49ACE12ECB3D10,SRC_PROJECT_DE_ROBUSTNESS,ART_TASK012_INTEGRATED_TARGET_REGISTRY,NOT_APPLICABLE,OBSERVED,TXR_PRIMARY_EFFECT_DIRECTION_V0_1,TRANSCRIPTOMIC_FEATURE_EXTRACTOR_V0.1
PRF_29FDA55D4C557B9E5EC15C8E,ENSG00000000971.15,COMP_TRANSCRIPTOMIC_EVIDENCE,FTR_0728E01D70D60859C8F61DC8,fdr_threshold_version,CLM_0473DE33771524789E637F67,REC_D9B5B8537E49ACE12ECB3D10,SRC_PROJECT_DE_ROBUSTNESS,ART_TASK012_INTEGRATED_TARGET_REGISTRY,NOT_APPLICABLE,OBSERVED,TXR_FDR_THRESHOLD_VERSION_V0_1,TRANSCRIPTOMIC_FEATURE_EXTRACTOR_V0.1
PRF_29FDA55D4C557B9E5EC15C8E,ENSG00000000971.15,COMP_TRANSCRIPTOMIC_EVIDENCE,FTR_1645931440FDB114B61CB4BC,fdr_pass_status,CLM_0473DE33771524789E637F67,REC_D9B5B8537E49ACE12ECB3D10,SRC_PROJECT_DE_ROBUSTNESS,ART_TASK012_INTEGRATED_TARGET_REGISTRY,NOT_APPLICABLE,OBSERVED,TXR_FDR_PASS_STATUS_V0_1,TRANSCRIPTOMIC_FEATURE_EXTRACTOR_V0.1
PRF_29FDA55D4C557B9E5EC15C8E,ENSG00000000971.15,COMP_TRANSCRIPTOMIC_EVIDENCE,FTR_EAC77D446342DC3C02E55443,effect_threshold_version,CLM_0473DE33771524789E637F67,REC_D9B5B8537E49ACE12ECB3D10,SRC_PROJECT_DE_ROBUSTNESS,ART_TASK012_INTEGRATED_TARGET_REGISTRY,NOT_APPLICABLE,OBSERVED,TXR_EFFECT_THRESHOLD_VERSION_V0_1,TRANSCRIPTOMIC_FEATURE_EXTRACTOR_V0.1
PRF_29FDA55D4C557B9E5EC15C8E,ENSG00000000971.15,COMP_TRANSCRIPTOMIC_EVIDENCE,FTR_52F5FD77E9DAF1F109F71337,effect_threshold_status,CLM_0473DE33771524789E637F67,REC_D9B5B8537E49ACE12ECB3D10,SRC_PROJECT_DE_ROBUSTNESS,ART_TASK012_INTEGRATED_TARGET_REGISTRY,NOT_APPLICABLE,OBSERVED,TXR_EFFECT_THRESHOLD_STATUS_V0_1,TRANSCRIPTOMIC_FEATURE_EXTRACTOR_V0.1
PRF_29FDA55D4C557B9E5EC15C8E,ENSG00000000971.15,COMP_TRANSCRIPTOMIC_EVIDENCE,FTR_840CA2504F30DEB11E83E42D,sensitivity_model_count_available,CLM_0473DE33771524789E637F67,REC_F9BD33B5CFA6F1D1CF6F21EE,SRC_PROJECT_DE_ROBUSTNESS,ART_TASK012_INTEGRATED_TARGET_REGISTRY,NOT_APPLICABLE,OBSERVED,TXR_SENSITIVITY_MODEL_COUNT_V0_1,TRANSCRIPTOMIC_FEATURE_EXTRACTOR_V0.1
PRF_29FDA55D4C557B9E5EC15C8E,ENSG00000000971.15,COMP_TRANSCRIPTOMIC_EVIDENCE,FTR_5DEDCE541A01C6B741A432C2,sensitivity_direction_pattern,CLM_0473DE33771524789E637F67,REC_F9BD33B5CFA6F1D1CF6F21EE,SRC_PROJECT_DE_ROBUSTNESS,ART_TASK012_INTEGRATED_TARGET_REGISTRY,NOT_APPLICABLE,OBSERVED,TXR_SENSITIVITY_DIRECTION_PATTERN_V0_1,TRANSCRIPTOMIC_FEATURE_EXTRACTOR_V0.1
PRF_29FDA55D4C557B9E5EC15C8E,ENSG00000000971.15,COMP_TRANSCRIPTOMIC_EVIDENCE,FTR_7B3D1A1BB2BE4F40DCFFDEE6,sensitivity_consistency_category,CLM_0473DE33771524789E637F67,REC_D9B5B8537E49ACE12ECB3D10,SRC_PROJECT_DE_ROBUSTNESS,ART_TASK012_INTEGRATED_TARGET_REGISTRY,DEP_7FECD40C81E15F0564E72A79,OBSERVED,TXR_SENSITIVITY_CONSISTENCY_V0_1,TRANSCRIPTOMIC_FEATURE_EXTRACTOR_V0.1
PRF_29FDA55D4C557B9E5EC15C8E,ENSG00000000971.15,COMP_TRANSCRIPTOMIC_EVIDENCE,FTR_7B3D1A1BB2BE4F40DCFFDEE6,sensitivity_consistency_category,CLM_0473DE33771524789E637F67,REC_F9BD33B5CFA6F1D1CF6F21EE,SRC_PROJECT_DE_ROBUSTNESS,ART_TASK012_INTEGRATED_TARGET_REGISTRY,DEP_7FECD40C81E15F0564E72A79,OBSERVED,TXR_SENSITIVITY_CONSISTENCY_V0_1,TRANSCRIPTOMIC_FEATURE_EXTRACTOR_V0.1
PRF_29FDA55D4C557B9E5EC15C8E,ENSG00000000971.15,COMP_TRANSCRIPTOMIC_EVIDENCE,FTR_9B0439D147A0BB1DE3CAD4B6,identity_conflict_count,CLM_0473DE33771524789E637F67,REC_D9B5B8537E49ACE12ECB3D10,SRC_PROJECT_DE_ROBUSTNESS,ART_TASK012_INTEGRATED_TARGET_REGISTRY,DEP_7FECD40C81E15F0564E72A79,OBSERVED,TXR_IDENTITY_CONFLICT_COUNT_V0_1,TRANSCRIPTOMIC_FEATURE_EXTRACTOR_V0.1
PRF_29FDA55D4C557B9E5EC15C8E,ENSG00000000971.15,COMP_TRANSCRIPTOMIC_EVIDENCE,FTR_9B0439D147A0BB1DE3CAD4B6,identity_conflict_count,CLM_0473DE33771524789E637F67,REC_F9BD33B5CFA6F1D1CF6F21EE,SRC_PROJECT_DE_ROBUSTNESS,ART_TASK012_INTEGRATED_TARGET_REGISTRY,DEP_7FECD40C81E15F0564E72A79,OBSERVED,TXR_IDENTITY_CONFLICT_COUNT_V0_1,TRANSCRIPTOMIC_FEATURE_EXTRACTOR_V0.1
PRF_29FDA55D4C557B9E5EC15C8E,ENSG00000000971.15,COMP_TRANSCRIPTOMIC_EVIDENCE,FTR_664122CA90D09E71159E85BC,provenance_complete,CLM_0473DE33771524789E637F67,REC_D9B5B8537E49ACE12ECB3D10,SRC_PROJECT_DE_ROBUSTNESS,ART_TASK012_INTEGRATED_TARGET_REGISTRY,DEP_7FECD40C81E15F0564E72A79,OBSERVED,TXR_PROVENANCE_COMPLETE_V0_1,TRANSCRIPTOMIC_FEATURE_EXTRACTOR_V0.1
PRF_29FDA55D4C557B9E5EC15C8E,ENSG00000000971.15,COMP_TRANSCRIPTOMIC_EVIDENCE,FTR_664122CA90D09E71159E85BC,provenance_complete,CLM_0473DE33771524789E637F67,REC_F9BD33B5CFA6F1D1CF6F21EE,SRC_PROJECT_DE_ROBUSTNESS,ART_TASK012_INTEGRATED_TARGET_REGISTRY,DEP_7FECD40C81E15F0564E72A79,OBSERVED,TXR_PROVENANCE_COMPLETE_V0_1,TRANSCRIPTOMIC_FEATURE_EXTRACTOR_V0.1
PRF_29FDA55D4C557B9E5EC15C8E,ENSG00000000971.15,COMP_TRANSCRIPTOMIC_EVIDENCE,FTR_069DD26E7105FE7FA9F64D4F,transcript_conflict_count,CLM_0473DE33771524789E637F67,REC_D9B5B8537E49ACE12ECB3D10,SRC_PROJECT_DE_ROBUSTNESS,ART_TASK012_INTEGRATED_TARGET_REGISTRY,DEP_7FECD40C81E15F0564E72A79,OBSERVED,TXR_TRANSCRIPT_CONFLICT_COUNT_V0_1,TRANSCRIPTOMIC_FEATURE_EXTRACTOR_V0.1
PRF_29FDA55D4C557B9E5EC15C8E,ENSG00000000971.15,COMP_TRANSCRIPTOMIC_EVIDENCE,FTR_069DD26E7105FE7FA9F64D4F,transcript_conflict_count,CLM_0473DE33771524789E637F67,REC_F9BD33B5CFA6F1D1CF6F21EE,SRC_PROJECT_DE_ROBUSTNESS,ART_TASK012_INTEGRATED_TARGET_REGISTRY,DEP_7FECD40C81E15F0564E72A79,OBSERVED,TXR_TRANSCRIPT_CONFLICT_COUNT_V0_1,TRANSCRIPTOMIC_FEATURE_EXTRACTOR_V0.1
PRF_29FDA55D4C557B9E5EC15C8E,ENSG00000000971.15,COMP_TRANSCRIPTOMIC_EVIDENCE,FTR_DA6BD16E0914EEBD74095CB8,transcript_qualifying_record_count,CLM_0473DE33771524789E637F67,REC_D9B5B8537E49ACE12ECB3D10,SRC_PROJECT_DE_ROBUSTNESS,ART_TASK012_INTEGRATED_TARGET_REGISTRY,DEP_7FECD40C81E15F0564E72A79,OBSERVED,TXR_TRANSCRIPT_QUALIFYING_RECORD_COUNT_V0_1,TRANSCRIPTOMIC_FEATURE_EXTRACTOR_V0.1
PRF_29FDA55D4C557B9E5EC15C8E,ENSG00000000971.15,COMP_TRANSCRIPTOMIC_EVIDENCE,FTR_DA6BD16E0914EEBD74095CB8,transcript_qualifying_record_count,CLM_0473DE33771524789E637F67,REC_F9BD33B5CFA6F1D1CF6F21EE,SRC_PROJECT_DE_ROBUSTNESS,ART_TASK012_INTEGRATED_TARGET_REGISTRY,DEP_7FECD40C81E15F0564E72A79,OBSERVED,TXR_TRANSCRIPT_QUALIFYING_RECORD_COUNT_V0_1,TRANSCRIPTOMIC_FEATURE_EXTRACTOR_V0.1
PRF_29FDA55D4C557B9E5EC15C8E,ENSG00000000971.15,COMP_TRANSCRIPTOMIC_EVIDENCE,FTR_C5E70F30E53EFC8553FBE0E4,transcript_observed_context_complete,CLM_0473DE33771524789E637F67,REC_D9B5B8537E49ACE12ECB3D10,SRC_PROJECT_DE_ROBUSTNESS,ART_TASK012_INTEGRATED_TARGET_REGISTRY,DEP_7FECD40C81E15F0564E72A79,OBSERVED,TXR_TRANSCRIPT_CONTEXT_COMPLETE_V0_1,TRANSCRIPTOMIC_FEATURE_EXTRACTOR_V0.1
PRF_29FDA55D4C557B9E5EC15C8E,ENSG00000000971.15,COMP_TRANSCRIPTOMIC_EVIDENCE,FTR_C5E70F30E53EFC8553FBE0E4,transcript_observed_context_complete,CLM_0473DE33771524789E637F67,REC_F9BD33B5CFA6F1D1CF6F21EE,SRC_PROJECT_DE_ROBUSTNESS,ART_TASK012_INTEGRATED_TARGET_REGISTRY,DEP_7FECD40C81E15F0564E72A79,OBSERVED,TXR_TRANSCRIPT_CONTEXT_COMPLETE_V0_1,TRANSCRIPTOMIC_FEATURE_EXTRACTOR_V0.1
PRF_29FDA55D4C557B9E5EC15C8E,ENSG00000000971.15,COMP_TRANSCRIPTOMIC_EVIDENCE,FTR_C606CF877CDE2293ADB6AECC,transcript_assessment_attempted,CLM_0473DE33771524789E637F67,REC_D9B5B8537E49ACE12ECB3D10,SRC_PROJECT_DE_ROBUSTNESS,ART_TASK012_INTEGRATED_TARGET_REGISTRY,DEP_7FECD40C81E15F0564E72A79,OBSERVED,TXR_TRANSCRIPT_ASSESSMENT_ATTEMPTED_V0_1,TRANSCRIPTOMIC_FEATURE_EXTRACTOR_V0.1
PRF_29FDA55D4C557B9E5EC15C8E,ENSG00000000971.15,COMP_TRANSCRIPTOMIC_EVIDENCE,FTR_C606CF877CDE2293ADB6AECC,transcript_assessment_attempted,CLM_0473DE33771524789E637F67,REC_F9BD33B5CFA6F1D1CF6F21EE,SRC_PROJECT_DE_ROBUSTNESS,ART_TASK012_INTEGRATED_TARGET_REGISTRY,DEP_7FECD40C81E15F0564E72A79,OBSERVED,TXR_TRANSCRIPT_ASSESSMENT_ATTEMPTED_V0_1,TRANSCRIPTOMIC_FEATURE_EXTRACTOR_V0.1
PRF_29FDA55D4C557B9E5EC15C8E,ENSG00000000971.15,COMP_TRANSCRIPTOMIC_EVIDENCE,FTR_B0DD4DD56285C73FE300D4A8,transcript_query_scope_complete,CLM_0473DE33771524789E637F67,REC_D9B5B8537E49ACE12ECB3D10,SRC_PROJECT_DE_ROBUSTNESS,ART_TASK012_INTEGRATED_TARGET_REGISTRY,DEP_7FECD40C81E15F0564E72A79,OBSERVED,TXR_TRANSCRIPT_SCOPE_COMPLETE_V0_1,TRANSCRIPTOMIC_FEATURE_EXTRACTOR_V0.1
PRF_29FDA55D4C557B9E5EC15C8E,ENSG00000000971.15,COMP_TRANSCRIPTOMIC_EVIDENCE,FTR_B0DD4DD56285C73FE300D4A8,transcript_query_scope_complete,CLM_0473DE33771524789E637F67,REC_F9BD33B5CFA6F1D1CF6F21EE,SRC_PROJECT_DE_ROBUSTNESS,ART_TASK012_INTEGRATED_TARGET_REGISTRY,DEP_7FECD40C81E15F0564E72A79,OBSERVED,TXR_TRANSCRIPT_SCOPE_COMPLETE_V0_1,TRANSCRIPTOMIC_FEATURE_EXTRACTOR_V0.1
PRF_29FDA55D4C557B9E5EC15C8E,ENSG00000000971.15,COMP_TRANSCRIPTOMIC_EVIDENCE,FTR_426458E71E96D16FB7CB915D,transcript_record_count,CLM_0473DE33771524789E637F67,REC_D9B5B8537E49ACE12ECB3D10,SRC_PROJECT_DE_ROBUSTNESS,ART_TASK012_INTEGRATED_TARGET_REGISTRY,DEP_7FECD40C81E15F0564E72A79,OBSERVED,TXR_TRANSCRIPT_RECORD_COUNT_V0_1,TRANSCRIPTOMIC_FEATURE_EXTRACTOR_V0.1
PRF_29FDA55D4C557B9E5EC15C8E,ENSG00000000971.15,COMP_TRANSCRIPTOMIC_EVIDENCE,FTR_426458E71E96D16FB7CB915D,transcript_record_count,CLM_0473DE33771524789E637F67,REC_F9BD33B5CFA6F1D1CF6F21EE,SRC_PROJECT_DE_ROBUSTNESS,ART_TASK012_INTEGRATED_TARGET_REGISTRY,DEP_7FECD40C81E15F0564E72A79,OBSERVED,TXR_TRANSCRIPT_RECORD_COUNT_V0_1,TRANSCRIPTOMIC_FEATURE_EXTRACTOR_V0.1
PRF_29FDA55D4C557B9E5EC15C8E,ENSG00000000971.15,COMP_TRANSCRIPTOMIC_EVIDENCE,FTR_E897DE0C42C0C53BCB6BF105,transcript_partial_condition_count,CLM_0473DE33771524789E637F67,REC_D9B5B8537E49ACE12ECB3D10,SRC_PROJECT_DE_ROBUSTNESS,ART_TASK012_INTEGRATED_TARGET_REGISTRY,DEP_7FECD40C81E15F0564E72A79,OBSERVED,TXR_TRANSCRIPT_PARTIAL_CONDITION_COUNT_V0_1,TRANSCRIPTOMIC_FEATURE_EXTRACTOR_V0.1
PRF_29FDA55D4C557B9E5EC15C8E,ENSG00000000971.15,COMP_TRANSCRIPTOMIC_EVIDENCE,FTR_E897DE0C42C0C53BCB6BF105,transcript_partial_condition_count,CLM_0473DE33771524789E637F67,REC_F9BD33B5CFA6F1D1CF6F21EE,SRC_PROJECT_DE_ROBUSTNESS,ART_TASK012_INTEGRATED_TARGET_REGISTRY,DEP_7FECD40C81E15F0564E72A79,OBSERVED,TXR_TRANSCRIPT_PARTIAL_CONDITION_COUNT_V0_1,TRANSCRIPTOMIC_FEATURE_EXTRACTOR_V0.1
PRF_29FDA55D4C557B9E5EC15C8E,ENSG00000000971.15,COMP_TRANSCRIPTOMIC_EVIDENCE,FTR_85BE333A28EE76CC0D9E7AD9,transcript_unknown_coverage,CLM_0473DE33771524789E637F67,REC_D9B5B8537E49ACE12ECB3D10,SRC_PROJECT_DE_ROBUSTNESS,ART_TASK012_INTEGRATED_TARGET_REGISTRY,DEP_7FECD40C81E15F0564E72A79,OBSERVED,TXR_TRANSCRIPT_UNKNOWN_COVERAGE_V0_1,TRANSCRIPTOMIC_FEATURE_EXTRACTOR_V0.1
PRF_29FDA55D4C557B9E5EC15C8E,ENSG00000000971.15,COMP_TRANSCRIPTOMIC_EVIDENCE,FTR_85BE333A28EE76CC0D9E7AD9,transcript_unknown_coverage,CLM_0473DE33771524789E637F67,REC_F9BD33B5CFA6F1D1CF6F21EE,SRC_PROJECT_DE_ROBUSTNESS,ART_TASK012_INTEGRATED_TARGET_REGISTRY,DEP_7FECD40C81E15F0564E72A79,OBSERVED,TXR_TRANSCRIPT_UNKNOWN_COVERAGE_V0_1,TRANSCRIPTOMIC_FEATURE_EXTRACTOR_V0.1
PRF_29FDA55D4C557B9E5EC15C8E,ENSG00000000971.15,COMP_TRANSCRIPTOMIC_EVIDENCE,FTR_1A918B0E4A159A17408A2147,transcript_retrieval_failure,CLM_0473DE33771524789E637F67,REC_D9B5B8537E49ACE12ECB3D10,SRC_PROJECT_DE_ROBUSTNESS,ART_TASK012_INTEGRATED_TARGET_REGISTRY,DEP_7FECD40C81E15F0564E72A79,OBSERVED,TXR_TRANSCRIPT_RETRIEVAL_FAILURE_V0_1,TRANSCRIPTOMIC_FEATURE_EXTRACTOR_V0.1
PRF_29FDA55D4C557B9E5EC15C8E,ENSG00000000971.15,COMP_TRANSCRIPTOMIC_EVIDENCE,FTR_1A918B0E4A159A17408A2147,transcript_retrieval_failure,CLM_0473DE33771524789E637F67,REC_F9BD33B5CFA6F1D1CF6F21EE,SRC_PROJECT_DE_ROBUSTNESS,ART_TASK012_INTEGRATED_TARGET_REGISTRY,DEP_7FECD40C81E15F0564E72A79,OBSERVED,TXR_TRANSCRIPT_RETRIEVAL_FAILURE_V0_1,TRANSCRIPTOMIC_FEATURE_EXTRACTOR_V0.1
PRF_98DBFD0F6F7803F7E268E4AF,ENSG00000000419.12,COMP_TRANSCRIPTOMIC_EVIDENCE,FTR_A1396F13061DD54D414B1FD5,transcriptomic_record_available,CLM_1880E25864518B7795D5EE7D,REC_BE649ADA7174883DBD841F25,SRC_PROJECT_DE_ROBUSTNESS,ART_TASK012_INTEGRATED_TARGET_REGISTRY,DEP_71AB4AB698CAF3C7200E24E3,OBSERVED,TXR_TRANSCRIPT_RECORD_AVAILABLE_V0_1,TRANSCRIPTOMIC_FEATURE_EXTRACTOR_V0.1
PRF_98DBFD0F6F7803F7E268E4AF,ENSG00000000419.12,COMP_TRANSCRIPTOMIC_EVIDENCE,FTR_A1396F13061DD54D414B1FD5,transcriptomic_record_available,CLM_1880E25864518B7795D5EE7D,REC_EA528A7FDEC108AB2FD89BBC,SRC_PROJECT_DE_ROBUSTNESS,ART_TASK012_INTEGRATED_TARGET_REGISTRY,DEP_71AB4AB698CAF3C7200E24E3,OBSERVED,TXR_TRANSCRIPT_RECORD_AVAILABLE_V0_1,TRANSCRIPTOMIC_FEATURE_EXTRACTOR_V0.1
PRF_98DBFD0F6F7803F7E268E4AF,ENSG00000000419.12,COMP_TRANSCRIPTOMIC_EVIDENCE,FTR_98921992BF3C1E9B1047A5E6,primary_DE_result_available,CLM_1880E25864518B7795D5EE7D,REC_BE649ADA7174883DBD841F25,SRC_PROJECT_DE_ROBUSTNESS,ART_TASK012_INTEGRATED_TARGET_REGISTRY,NOT_APPLICABLE,OBSERVED,TXR_PRIMARY_RESULT_AVAILABLE_V0_1,TRANSCRIPTOMIC_FEATURE_EXTRACTOR_V0.1
PRF_98DBFD0F6F7803F7E268E4AF,ENSG00000000419.12,COMP_TRANSCRIPTOMIC_EVIDENCE,FTR_8EDC8087C58A416EB12AC6E0,sensitivity_results_available,CLM_1880E25864518B7795D5EE7D,REC_EA528A7FDEC108AB2FD89BBC,SRC_PROJECT_DE_ROBUSTNESS,ART_TASK012_INTEGRATED_TARGET_REGISTRY,NOT_APPLICABLE,OBSERVED,TXR_SENSITIVITY_RESULTS_AVAILABLE_V0_1,TRANSCRIPTOMIC_FEATURE_EXTRACTOR_V0.1
PRF_98DBFD0F6F7803F7E268E4AF,ENSG00000000419.12,COMP_TRANSCRIPTOMIC_EVIDENCE,FTR_C8460245A7BC7A9FFCA5E746,effect_direction_observed,CLM_1880E25864518B7795D5EE7D,REC_BE649ADA7174883DBD841F25,SRC_PROJECT_DE_ROBUSTNESS,ART_TASK012_INTEGRATED_TARGET_REGISTRY,NOT_APPLICABLE,OBSERVED,TXR_PRIMARY_EFFECT_DIRECTION_V0_1,TRANSCRIPTOMIC_FEATURE_EXTRACTOR_V0.1
PRF_98DBFD0F6F7803F7E268E4AF,ENSG00000000419.12,COMP_TRANSCRIPTOMIC_EVIDENCE,FTR_468963597A43B4F29C5C6CCB,fdr_threshold_version,CLM_1880E25864518B7795D5EE7D,REC_BE649ADA7174883DBD841F25,SRC_PROJECT_DE_ROBUSTNESS,ART_TASK012_INTEGRATED_TARGET_REGISTRY,NOT_APPLICABLE,OBSERVED,TXR_FDR_THRESHOLD_VERSION_V0_1,TRANSCRIPTOMIC_FEATURE_EXTRACTOR_V0.1
PRF_98DBFD0F6F7803F7E268E4AF,ENSG00000000419.12,COMP_TRANSCRIPTOMIC_EVIDENCE,FTR_FA510E0E96FEA99B933C5C56,fdr_pass_status,CLM_1880E25864518B7795D5EE7D,REC_BE649ADA7174883DBD841F25,SRC_PROJECT_DE_ROBUSTNESS,ART_TASK012_INTEGRATED_TARGET_REGISTRY,NOT_APPLICABLE,OBSERVED,TXR_FDR_PASS_STATUS_V0_1,TRANSCRIPTOMIC_FEATURE_EXTRACTOR_V0.1
PRF_98DBFD0F6F7803F7E268E4AF,ENSG00000000419.12,COMP_TRANSCRIPTOMIC_EVIDENCE,FTR_330C8409006FB46745CF2931,effect_threshold_version,CLM_1880E25864518B7795D5EE7D,REC_BE649ADA7174883DBD841F25,SRC_PROJECT_DE_ROBUSTNESS,ART_TASK012_INTEGRATED_TARGET_REGISTRY,NOT_APPLICABLE,OBSERVED,TXR_EFFECT_THRESHOLD_VERSION_V0_1,TRANSCRIPTOMIC_FEATURE_EXTRACTOR_V0.1
PRF_98DBFD0F6F7803F7E268E4AF,ENSG00000000419.12,COMP_TRANSCRIPTOMIC_EVIDENCE,FTR_05B990D75080260840CB5618,effect_threshold_status,CLM_1880E25864518B7795D5EE7D,REC_BE649ADA7174883DBD841F25,SRC_PROJECT_DE_ROBUSTNESS,ART_TASK012_INTEGRATED_TARGET_REGISTRY,NOT_APPLICABLE,OBSERVED,TXR_EFFECT_THRESHOLD_STATUS_V0_1,TRANSCRIPTOMIC_FEATURE_EXTRACTOR_V0.1
PRF_98DBFD0F6F7803F7E268E4AF,ENSG00000000419.12,COMP_TRANSCRIPTOMIC_EVIDENCE,FTR_1D74899A037DB0E28BE9D528,sensitivity_model_count_available,CLM_1880E25864518B7795D5EE7D,REC_EA528A7FDEC108AB2FD89BBC,SRC_PROJECT_DE_ROBUSTNESS,ART_TASK012_INTEGRATED_TARGET_REGISTRY,NOT_APPLICABLE,OBSERVED,TXR_SENSITIVITY_MODEL_COUNT_V0_1,TRANSCRIPTOMIC_FEATURE_EXTRACTOR_V0.1
PRF_98DBFD0F6F7803F7E268E4AF,ENSG00000000419.12,COMP_TRANSCRIPTOMIC_EVIDENCE,FTR_109B58591F735682FEADF889,sensitivity_direction_pattern,CLM_1880E25864518B7795D5EE7D,REC_EA528A7FDEC108AB2FD89BBC,SRC_PROJECT_DE_ROBUSTNESS,ART_TASK012_INTEGRATED_TARGET_REGISTRY,NOT_APPLICABLE,OBSERVED,TXR_SENSITIVITY_DIRECTION_PATTERN_V0_1,TRANSCRIPTOMIC_FEATURE_EXTRACTOR_V0.1
PRF_98DBFD0F6F7803F7E268E4AF,ENSG00000000419.12,COMP_TRANSCRIPTOMIC_EVIDENCE,FTR_47BB7AD19CB09B128093C7E7,sensitivity_consistency_category,CLM_1880E25864518B7795D5EE7D,REC_BE649ADA7174883DBD841F25,SRC_PROJECT_DE_ROBUSTNESS,ART_TASK012_INTEGRATED_TARGET_REGISTRY,DEP_71AB4AB698CAF3C7200E24E3,OBSERVED,TXR_SENSITIVITY_CONSISTENCY_V0_1,TRANSCRIPTOMIC_FEATURE_EXTRACTOR_V0.1
PRF_98DBFD0F6F7803F7E268E4AF,ENSG00000000419.12,COMP_TRANSCRIPTOMIC_EVIDENCE,FTR_47BB7AD19CB09B128093C7E7,sensitivity_consistency_category,CLM_1880E25864518B7795D5EE7D,REC_EA528A7FDEC108AB2FD89BBC,SRC_PROJECT_DE_ROBUSTNESS,ART_TASK012_INTEGRATED_TARGET_REGISTRY,DEP_71AB4AB698CAF3C7200E24E3,OBSERVED,TXR_SENSITIVITY_CONSISTENCY_V0_1,TRANSCRIPTOMIC_FEATURE_EXTRACTOR_V0.1
PRF_98DBFD0F6F7803F7E268E4AF,ENSG00000000419.12,COMP_TRANSCRIPTOMIC_EVIDENCE,FTR_39CC0DF8B09397762B1ABE17,identity_conflict_count,CLM_1880E25864518B7795D5EE7D,REC_BE649ADA7174883DBD841F25,SRC_PROJECT_DE_ROBUSTNESS,ART_TASK012_INTEGRATED_TARGET_REGISTRY,DEP_71AB4AB698CAF3C7200E24E3,OBSERVED,TXR_IDENTITY_CONFLICT_COUNT_V0_1,TRANSCRIPTOMIC_FEATURE_EXTRACTOR_V0.1
PRF_98DBFD0F6F7803F7E268E4AF,ENSG00000000419.12,COMP_TRANSCRIPTOMIC_EVIDENCE,FTR_39CC0DF8B09397762B1ABE17,identity_conflict_count,CLM_1880E25864518B7795D5EE7D,REC_EA528A7FDEC108AB2FD89BBC,SRC_PROJECT_DE_ROBUSTNESS,ART_TASK012_INTEGRATED_TARGET_REGISTRY,DEP_71AB4AB698CAF3C7200E24E3,OBSERVED,TXR_IDENTITY_CONFLICT_COUNT_V0_1,TRANSCRIPTOMIC_FEATURE_EXTRACTOR_V0.1
PRF_98DBFD0F6F7803F7E268E4AF,ENSG00000000419.12,COMP_TRANSCRIPTOMIC_EVIDENCE,FTR_731F06A404B02303F2F72114,provenance_complete,CLM_1880E25864518B7795D5EE7D,REC_BE649ADA7174883DBD841F25,SRC_PROJECT_DE_ROBUSTNESS,ART_TASK012_INTEGRATED_TARGET_REGISTRY,DEP_71AB4AB698CAF3C7200E24E3,OBSERVED,TXR_PROVENANCE_COMPLETE_V0_1,TRANSCRIPTOMIC_FEATURE_EXTRACTOR_V0.1
PRF_98DBFD0F6F7803F7E268E4AF,ENSG00000000419.12,COMP_TRANSCRIPTOMIC_EVIDENCE,FTR_731F06A404B02303F2F72114,provenance_complete,CLM_1880E25864518B7795D5EE7D,REC_EA528A7FDEC108AB2FD89BBC,SRC_PROJECT_DE_ROBUSTNESS,ART_TASK012_INTEGRATED_TARGET_REGISTRY,DEP_71AB4AB698CAF3C7200E24E3,OBSERVED,TXR_PROVENANCE_COMPLETE_V0_1,TRANSCRIPTOMIC_FEATURE_EXTRACTOR_V0.1
PRF_98DBFD0F6F7803F7E268E4AF,ENSG00000000419.12,COMP_TRANSCRIPTOMIC_EVIDENCE,FTR_0BCD742435D9553CC4550F9F,transcript_conflict_count,CLM_1880E25864518B7795D5EE7D,REC_BE649ADA7174883DBD841F25,SRC_PROJECT_DE_ROBUSTNESS,ART_TASK012_INTEGRATED_TARGET_REGISTRY,DEP_71AB4AB698CAF3C7200E24E3,OBSERVED,TXR_TRANSCRIPT_CONFLICT_COUNT_V0_1,TRANSCRIPTOMIC_FEATURE_EXTRACTOR_V0.1
PRF_98DBFD0F6F7803F7E268E4AF,ENSG00000000419.12,COMP_TRANSCRIPTOMIC_EVIDENCE,FTR_0BCD742435D9553CC4550F9F,transcript_conflict_count,CLM_1880E25864518B7795D5EE7D,REC_EA528A7FDEC108AB2FD89BBC,SRC_PROJECT_DE_ROBUSTNESS,ART_TASK012_INTEGRATED_TARGET_REGISTRY,DEP_71AB4AB698CAF3C7200E24E3,OBSERVED,TXR_TRANSCRIPT_CONFLICT_COUNT_V0_1,TRANSCRIPTOMIC_FEATURE_EXTRACTOR_V0.1
PRF_98DBFD0F6F7803F7E268E4AF,ENSG00000000419.12,COMP_TRANSCRIPTOMIC_EVIDENCE,FTR_5C717EFED13B86D5E53B08E6,transcript_qualifying_record_count,CLM_1880E25864518B7795D5EE7D,REC_BE649ADA7174883DBD841F25,SRC_PROJECT_DE_ROBUSTNESS,ART_TASK012_INTEGRATED_TARGET_REGISTRY,DEP_71AB4AB698CAF3C7200E24E3,OBSERVED,TXR_TRANSCRIPT_QUALIFYING_RECORD_COUNT_V0_1,TRANSCRIPTOMIC_FEATURE_EXTRACTOR_V0.1
PRF_98DBFD0F6F7803F7E268E4AF,ENSG00000000419.12,COMP_TRANSCRIPTOMIC_EVIDENCE,FTR_5C717EFED13B86D5E53B08E6,transcript_qualifying_record_count,CLM_1880E25864518B7795D5EE7D,REC_EA528A7FDEC108AB2FD89BBC,SRC_PROJECT_DE_ROBUSTNESS,ART_TASK012_INTEGRATED_TARGET_REGISTRY,DEP_71AB4AB698CAF3C7200E24E3,OBSERVED,TXR_TRANSCRIPT_QUALIFYING_RECORD_COUNT_V0_1,TRANSCRIPTOMIC_FEATURE_EXTRACTOR_V0.1
PRF_98DBFD0F6F7803F7E268E4AF,ENSG00000000419.12,COMP_TRANSCRIPTOMIC_EVIDENCE,FTR_52F140BA0BF267E82307E8E2,transcript_observed_context_complete,CLM_1880E25864518B7795D5EE7D,REC_BE649ADA7174883DBD841F25,SRC_PROJECT_DE_ROBUSTNESS,ART_TASK012_INTEGRATED_TARGET_REGISTRY,DEP_71AB4AB698CAF3C7200E24E3,OBSERVED,TXR_TRANSCRIPT_CONTEXT_COMPLETE_V0_1,TRANSCRIPTOMIC_FEATURE_EXTRACTOR_V0.1
PRF_98DBFD0F6F7803F7E268E4AF,ENSG00000000419.12,COMP_TRANSCRIPTOMIC_EVIDENCE,FTR_52F140BA0BF267E82307E8E2,transcript_observed_context_complete,CLM_1880E25864518B7795D5EE7D,REC_EA528A7FDEC108AB2FD89BBC,SRC_PROJECT_DE_ROBUSTNESS,ART_TASK012_INTEGRATED_TARGET_REGISTRY,DEP_71AB4AB698CAF3C7200E24E3,OBSERVED,TXR_TRANSCRIPT_CONTEXT_COMPLETE_V0_1,TRANSCRIPTOMIC_FEATURE_EXTRACTOR_V0.1
PRF_98DBFD0F6F7803F7E268E4AF,ENSG00000000419.12,COMP_TRANSCRIPTOMIC_EVIDENCE,FTR_D4544B5477E8450070A5B14A,transcript_assessment_attempted,CLM_1880E25864518B7795D5EE7D,REC_BE649ADA7174883DBD841F25,SRC_PROJECT_DE_ROBUSTNESS,ART_TASK012_INTEGRATED_TARGET_REGISTRY,DEP_71AB4AB698CAF3C7200E24E3,OBSERVED,TXR_TRANSCRIPT_ASSESSMENT_ATTEMPTED_V0_1,TRANSCRIPTOMIC_FEATURE_EXTRACTOR_V0.1
PRF_98DBFD0F6F7803F7E268E4AF,ENSG00000000419.12,COMP_TRANSCRIPTOMIC_EVIDENCE,FTR_D4544B5477E8450070A5B14A,transcript_assessment_attempted,CLM_1880E25864518B7795D5EE7D,REC_EA528A7FDEC108AB2FD89BBC,SRC_PROJECT_DE_ROBUSTNESS,ART_TASK012_INTEGRATED_TARGET_REGISTRY,DEP_71AB4AB698CAF3C7200E24E3,OBSERVED,TXR_TRANSCRIPT_ASSESSMENT_ATTEMPTED_V0_1,TRANSCRIPTOMIC_FEATURE_EXTRACTOR_V0.1
PRF_98DBFD0F6F7803F7E268E4AF,ENSG00000000419.12,COMP_TRANSCRIPTOMIC_EVIDENCE,FTR_A2A5E8AF8DBF3D2D7387C2CD,transcript_query_scope_complete,CLM_1880E25864518B7795D5EE7D,REC_BE649ADA7174883DBD841F25,SRC_PROJECT_DE_ROBUSTNESS,ART_TASK012_INTEGRATED_TARGET_REGISTRY,DEP_71AB4AB698CAF3C7200E24E3,OBSERVED,TXR_TRANSCRIPT_SCOPE_COMPLETE_V0_1,TRANSCRIPTOMIC_FEATURE_EXTRACTOR_V0.1
PRF_98DBFD0F6F7803F7E268E4AF,ENSG00000000419.12,COMP_TRANSCRIPTOMIC_EVIDENCE,FTR_A2A5E8AF8DBF3D2D7387C2CD,transcript_query_scope_complete,CLM_1880E25864518B7795D5EE7D,REC_EA528A7FDEC108AB2FD89BBC,SRC_PROJECT_DE_ROBUSTNESS,ART_TASK012_INTEGRATED_TARGET_REGISTRY,DEP_71AB4AB698CAF3C7200E24E3,OBSERVED,TXR_TRANSCRIPT_SCOPE_COMPLETE_V0_1,TRANSCRIPTOMIC_FEATURE_EXTRACTOR_V0.1
PRF_98DBFD0F6F7803F7E268E4AF,ENSG00000000419.12,COMP_TRANSCRIPTOMIC_EVIDENCE,FTR_EC4D919C4AE7186C8BB93946,transcript_record_count,CLM_1880E25864518B7795D5EE7D,REC_BE649ADA7174883DBD841F25,SRC_PROJECT_DE_ROBUSTNESS,ART_TASK012_INTEGRATED_TARGET_REGISTRY,DEP_71AB4AB698CAF3C7200E24E3,OBSERVED,TXR_TRANSCRIPT_RECORD_COUNT_V0_1,TRANSCRIPTOMIC_FEATURE_EXTRACTOR_V0.1
PRF_98DBFD0F6F7803F7E268E4AF,ENSG00000000419.12,COMP_TRANSCRIPTOMIC_EVIDENCE,FTR_EC4D919C4AE7186C8BB93946,transcript_record_count,CLM_1880E25864518B7795D5EE7D,REC_EA528A7FDEC108AB2FD89BBC,SRC_PROJECT_DE_ROBUSTNESS,ART_TASK012_INTEGRATED_TARGET_REGISTRY,DEP_71AB4AB698CAF3C7200E24E3,OBSERVED,TXR_TRANSCRIPT_RECORD_COUNT_V0_1,TRANSCRIPTOMIC_FEATURE_EXTRACTOR_V0.1
PRF_98DBFD0F6F7803F7E268E4AF,ENSG00000000419.12,COMP_TRANSCRIPTOMIC_EVIDENCE,FTR_1E35C047DDCB0A8F057A9125,transcript_partial_condition_count,CLM_1880E25864518B7795D5EE7D,REC_BE649ADA7174883DBD841F25,SRC_PROJECT_DE_ROBUSTNESS,ART_TASK012_INTEGRATED_TARGET_REGISTRY,DEP_71AB4AB698CAF3C7200E24E3,OBSERVED,TXR_TRANSCRIPT_PARTIAL_CONDITION_COUNT_V0_1,TRANSCRIPTOMIC_FEATURE_EXTRACTOR_V0.1
PRF_98DBFD0F6F7803F7E268E4AF,ENSG00000000419.12,COMP_TRANSCRIPTOMIC_EVIDENCE,FTR_1E35C047DDCB0A8F057A9125,transcript_partial_condition_count,CLM_1880E25864518B7795D5EE7D,REC_EA528A7FDEC108AB2FD89BBC,SRC_PROJECT_DE_ROBUSTNESS,ART_TASK012_INTEGRATED_TARGET_REGISTRY,DEP_71AB4AB698CAF3C7200E24E3,OBSERVED,TXR_TRANSCRIPT_PARTIAL_CONDITION_COUNT_V0_1,TRANSCRIPTOMIC_FEATURE_EXTRACTOR_V0.1
PRF_98DBFD0F6F7803F7E268E4AF,ENSG00000000419.12,COMP_TRANSCRIPTOMIC_EVIDENCE,FTR_C314925D02268454BF1978E2,transcript_unknown_coverage,CLM_1880E25864518B7795D5EE7D,REC_BE649ADA7174883DBD841F25,SRC_PROJECT_DE_ROBUSTNESS,ART_TASK012_INTEGRATED_TARGET_REGISTRY,DEP_71AB4AB698CAF3C7200E24E3,OBSERVED,TXR_TRANSCRIPT_UNKNOWN_COVERAGE_V0_1,TRANSCRIPTOMIC_FEATURE_EXTRACTOR_V0.1
PRF_98DBFD0F6F7803F7E268E4AF,ENSG00000000419.12,COMP_TRANSCRIPTOMIC_EVIDENCE,FTR_C314925D02268454BF1978E2,transcript_unknown_coverage,CLM_1880E25864518B7795D5EE7D,REC_EA528A7FDEC108AB2FD89BBC,SRC_PROJECT_DE_ROBUSTNESS,ART_TASK012_INTEGRATED_TARGET_REGISTRY,DEP_71AB4AB698CAF3C7200E24E3,OBSERVED,TXR_TRANSCRIPT_UNKNOWN_COVERAGE_V0_1,TRANSCRIPTOMIC_FEATURE_EXTRACTOR_V0.1
PRF_98DBFD0F6F7803F7E268E4AF,ENSG00000000419.12,COMP_TRANSCRIPTOMIC_EVIDENCE,FTR_CAC5B93906B1FE4CB8E8E89D,transcript_retrieval_failure,CLM_1880E25864518B7795D5EE7D,REC_BE649ADA7174883DBD841F25,SRC_PROJECT_DE_ROBUSTNESS,ART_TASK012_INTEGRATED_TARGET_REGISTRY,DEP_71AB4AB698CAF3C7200E24E3,OBSERVED,TXR_TRANSCRIPT_RETRIEVAL_FAILURE_V0_1,TRANSCRIPTOMIC_FEATURE_EXTRACTOR_V0.1
PRF_98DBFD0F6F7803F7E268E4AF,ENSG00000000419.12,COMP_TRANSCRIPTOMIC_EVIDENCE,FTR_CAC5B93906B1FE4CB8E8E89D,transcript_retrieval_failure,CLM_1880E25864518B7795D5EE7D,REC_EA528A7FDEC108AB2FD89BBC,SRC_PROJECT_DE_ROBUSTNESS,ART_TASK012_INTEGRATED_TARGET_REGISTRY,DEP_71AB4AB698CAF3C7200E24E3,OBSERVED,TXR_TRANSCRIPT_RETRIEVAL_FAILURE_V0_1,TRANSCRIPTOMIC_FEATURE_EXTRACTOR_V0.1
PRF_3040706BBFACC0E24C550593,ENSG00000000457.13,COMP_TRANSCRIPTOMIC_EVIDENCE,FTR_10A52141C6881AF1D167015B,transcriptomic_record_available,CLM_878EDBF4489E74DFCEEA0680,REC_46555245962221D1AF2FC570,SRC_PROJECT_DE_ROBUSTNESS,ART_TASK012_INTEGRATED_TARGET_REGISTRY,DEP_3CD5805ACFAEA500ECF2B5B3,OBSERVED,TXR_TRANSCRIPT_RECORD_AVAILABLE_V0_1,TRANSCRIPTOMIC_FEATURE_EXTRACTOR_V0.1
PRF_3040706BBFACC0E24C550593,ENSG00000000457.13,COMP_TRANSCRIPTOMIC_EVIDENCE,FTR_10A52141C6881AF1D167015B,transcriptomic_record_available,CLM_878EDBF4489E74DFCEEA0680,REC_E2BD5A45A78FBDB4A2AAC041,SRC_PROJECT_DE_ROBUSTNESS,ART_TASK012_INTEGRATED_TARGET_REGISTRY,DEP_3CD5805ACFAEA500ECF2B5B3,OBSERVED,TXR_TRANSCRIPT_RECORD_AVAILABLE_V0_1,TRANSCRIPTOMIC_FEATURE_EXTRACTOR_V0.1
PRF_3040706BBFACC0E24C550593,ENSG00000000457.13,COMP_TRANSCRIPTOMIC_EVIDENCE,FTR_E1F8E15D2C4813B64395CBD9,primary_DE_result_available,CLM_878EDBF4489E74DFCEEA0680,REC_E2BD5A45A78FBDB4A2AAC041,SRC_PROJECT_DE_ROBUSTNESS,ART_TASK012_INTEGRATED_TARGET_REGISTRY,NOT_APPLICABLE,OBSERVED,TXR_PRIMARY_RESULT_AVAILABLE_V0_1,TRANSCRIPTOMIC_FEATURE_EXTRACTOR_V0.1
PRF_3040706BBFACC0E24C550593,ENSG00000000457.13,COMP_TRANSCRIPTOMIC_EVIDENCE,FTR_D6B12E630C2DFBC4646281EF,sensitivity_results_available,CLM_878EDBF4489E74DFCEEA0680,REC_46555245962221D1AF2FC570,SRC_PROJECT_DE_ROBUSTNESS,ART_TASK012_INTEGRATED_TARGET_REGISTRY,NOT_APPLICABLE,OBSERVED,TXR_SENSITIVITY_RESULTS_AVAILABLE_V0_1,TRANSCRIPTOMIC_FEATURE_EXTRACTOR_V0.1
PRF_3040706BBFACC0E24C550593,ENSG00000000457.13,COMP_TRANSCRIPTOMIC_EVIDENCE,FTR_364E29209727A15095CD2979,effect_direction_observed,CLM_878EDBF4489E74DFCEEA0680,REC_E2BD5A45A78FBDB4A2AAC041,SRC_PROJECT_DE_ROBUSTNESS,ART_TASK012_INTEGRATED_TARGET_REGISTRY,NOT_APPLICABLE,OBSERVED,TXR_PRIMARY_EFFECT_DIRECTION_V0_1,TRANSCRIPTOMIC_FEATURE_EXTRACTOR_V0.1
PRF_3040706BBFACC0E24C550593,ENSG00000000457.13,COMP_TRANSCRIPTOMIC_EVIDENCE,FTR_0110031CAEA5731AA080FC90,fdr_threshold_version,CLM_878EDBF4489E74DFCEEA0680,REC_E2BD5A45A78FBDB4A2AAC041,SRC_PROJECT_DE_ROBUSTNESS,ART_TASK012_INTEGRATED_TARGET_REGISTRY,NOT_APPLICABLE,OBSERVED,TXR_FDR_THRESHOLD_VERSION_V0_1,TRANSCRIPTOMIC_FEATURE_EXTRACTOR_V0.1
PRF_3040706BBFACC0E24C550593,ENSG00000000457.13,COMP_TRANSCRIPTOMIC_EVIDENCE,FTR_BBA1D610CE1AE73C9AB6FCF2,fdr_pass_status,CLM_878EDBF4489E74DFCEEA0680,REC_E2BD5A45A78FBDB4A2AAC041,SRC_PROJECT_DE_ROBUSTNESS,ART_TASK012_INTEGRATED_TARGET_REGISTRY,NOT_APPLICABLE,OBSERVED,TXR_FDR_PASS_STATUS_V0_1,TRANSCRIPTOMIC_FEATURE_EXTRACTOR_V0.1
PRF_3040706BBFACC0E24C550593,ENSG00000000457.13,COMP_TRANSCRIPTOMIC_EVIDENCE,FTR_DA8D7098303EB39972137BB9,effect_threshold_version,CLM_878EDBF4489E74DFCEEA0680,REC_E2BD5A45A78FBDB4A2AAC041,SRC_PROJECT_DE_ROBUSTNESS,ART_TASK012_INTEGRATED_TARGET_REGISTRY,NOT_APPLICABLE,OBSERVED,TXR_EFFECT_THRESHOLD_VERSION_V0_1,TRANSCRIPTOMIC_FEATURE_EXTRACTOR_V0.1
PRF_3040706BBFACC0E24C550593,ENSG00000000457.13,COMP_TRANSCRIPTOMIC_EVIDENCE,FTR_81800E0A3C2FAD5B6E24C682,effect_threshold_status,CLM_878EDBF4489E74DFCEEA0680,REC_E2BD5A45A78FBDB4A2AAC041,SRC_PROJECT_DE_ROBUSTNESS,ART_TASK012_INTEGRATED_TARGET_REGISTRY,NOT_APPLICABLE,OBSERVED,TXR_EFFECT_THRESHOLD_STATUS_V0_1,TRANSCRIPTOMIC_FEATURE_EXTRACTOR_V0.1
PRF_3040706BBFACC0E24C550593,ENSG00000000457.13,COMP_TRANSCRIPTOMIC_EVIDENCE,FTR_31CD6EE2E320C54167EBE45A,sensitivity_model_count_available,CLM_878EDBF4489E74DFCEEA0680,REC_46555245962221D1AF2FC570,SRC_PROJECT_DE_ROBUSTNESS,ART_TASK012_INTEGRATED_TARGET_REGISTRY,NOT_APPLICABLE,OBSERVED,TXR_SENSITIVITY_MODEL_COUNT_V0_1,TRANSCRIPTOMIC_FEATURE_EXTRACTOR_V0.1
PRF_3040706BBFACC0E24C550593,ENSG00000000457.13,COMP_TRANSCRIPTOMIC_EVIDENCE,FTR_02843023352EED547DDC189D,sensitivity_direction_pattern,CLM_878EDBF4489E74DFCEEA0680,REC_46555245962221D1AF2FC570,SRC_PROJECT_DE_ROBUSTNESS,ART_TASK012_INTEGRATED_TARGET_REGISTRY,NOT_APPLICABLE,OBSERVED,TXR_SENSITIVITY_DIRECTION_PATTERN_V0_1,TRANSCRIPTOMIC_FEATURE_EXTRACTOR_V0.1
PRF_3040706BBFACC0E24C550593,ENSG00000000457.13,COMP_TRANSCRIPTOMIC_EVIDENCE,FTR_E6AAA25B1A989F92DD2387D4,sensitivity_consistency_category,CLM_878EDBF4489E74DFCEEA0680,REC_46555245962221D1AF2FC570,SRC_PROJECT_DE_ROBUSTNESS,ART_TASK012_INTEGRATED_TARGET_REGISTRY,DEP_3CD5805ACFAEA500ECF2B5B3,OBSERVED,TXR_SENSITIVITY_CONSISTENCY_V0_1,TRANSCRIPTOMIC_FEATURE_EXTRACTOR_V0.1
PRF_3040706BBFACC0E24C550593,ENSG00000000457.13,COMP_TRANSCRIPTOMIC_EVIDENCE,FTR_E6AAA25B1A989F92DD2387D4,sensitivity_consistency_category,CLM_878EDBF4489E74DFCEEA0680,REC_E2BD5A45A78FBDB4A2AAC041,SRC_PROJECT_DE_ROBUSTNESS,ART_TASK012_INTEGRATED_TARGET_REGISTRY,DEP_3CD5805ACFAEA500ECF2B5B3,OBSERVED,TXR_SENSITIVITY_CONSISTENCY_V0_1,TRANSCRIPTOMIC_FEATURE_EXTRACTOR_V0.1
PRF_3040706BBFACC0E24C550593,ENSG00000000457.13,COMP_TRANSCRIPTOMIC_EVIDENCE,FTR_B7F7CB38BEC365B22A2C69F2,identity_conflict_count,CLM_878EDBF4489E74DFCEEA0680,REC_46555245962221D1AF2FC570,SRC_PROJECT_DE_ROBUSTNESS,ART_TASK012_INTEGRATED_TARGET_REGISTRY,DEP_3CD5805ACFAEA500ECF2B5B3,OBSERVED,TXR_IDENTITY_CONFLICT_COUNT_V0_1,TRANSCRIPTOMIC_FEATURE_EXTRACTOR_V0.1
PRF_3040706BBFACC0E24C550593,ENSG00000000457.13,COMP_TRANSCRIPTOMIC_EVIDENCE,FTR_B7F7CB38BEC365B22A2C69F2,identity_conflict_count,CLM_878EDBF4489E74DFCEEA0680,REC_E2BD5A45A78FBDB4A2AAC041,SRC_PROJECT_DE_ROBUSTNESS,ART_TASK012_INTEGRATED_TARGET_REGISTRY,DEP_3CD5805ACFAEA500ECF2B5B3,OBSERVED,TXR_IDENTITY_CONFLICT_COUNT_V0_1,TRANSCRIPTOMIC_FEATURE_EXTRACTOR_V0.1
PRF_3040706BBFACC0E24C550593,ENSG00000000457.13,COMP_TRANSCRIPTOMIC_EVIDENCE,FTR_68B35500F99B882DD2B5754B,provenance_complete,CLM_878EDBF4489E74DFCEEA0680,REC_46555245962221D1AF2FC570,SRC_PROJECT_DE_ROBUSTNESS,ART_TASK012_INTEGRATED_TARGET_REGISTRY,DEP_3CD5805ACFAEA500ECF2B5B3,OBSERVED,TXR_PROVENANCE_COMPLETE_V0_1,TRANSCRIPTOMIC_FEATURE_EXTRACTOR_V0.1
PRF_3040706BBFACC0E24C550593,ENSG00000000457.13,COMP_TRANSCRIPTOMIC_EVIDENCE,FTR_68B35500F99B882DD2B5754B,provenance_complete,CLM_878EDBF4489E74DFCEEA0680,REC_E2BD5A45A78FBDB4A2AAC041,SRC_PROJECT_DE_ROBUSTNESS,ART_TASK012_INTEGRATED_TARGET_REGISTRY,DEP_3CD5805ACFAEA500ECF2B5B3,OBSERVED,TXR_PROVENANCE_COMPLETE_V0_1,TRANSCRIPTOMIC_FEATURE_EXTRACTOR_V0.1
PRF_3040706BBFACC0E24C550593,ENSG00000000457.13,COMP_TRANSCRIPTOMIC_EVIDENCE,FTR_73E702C8A74A28931181F78D,transcript_conflict_count,CLM_878EDBF4489E74DFCEEA0680,REC_46555245962221D1AF2FC570,SRC_PROJECT_DE_ROBUSTNESS,ART_TASK012_INTEGRATED_TARGET_REGISTRY,DEP_3CD5805ACFAEA500ECF2B5B3,OBSERVED,TXR_TRANSCRIPT_CONFLICT_COUNT_V0_1,TRANSCRIPTOMIC_FEATURE_EXTRACTOR_V0.1
PRF_3040706BBFACC0E24C550593,ENSG00000000457.13,COMP_TRANSCRIPTOMIC_EVIDENCE,FTR_73E702C8A74A28931181F78D,transcript_conflict_count,CLM_878EDBF4489E74DFCEEA0680,REC_E2BD5A45A78FBDB4A2AAC041,SRC_PROJECT_DE_ROBUSTNESS,ART_TASK012_INTEGRATED_TARGET_REGISTRY,DEP_3CD5805ACFAEA500ECF2B5B3,OBSERVED,TXR_TRANSCRIPT_CONFLICT_COUNT_V0_1,TRANSCRIPTOMIC_FEATURE_EXTRACTOR_V0.1
PRF_3040706BBFACC0E24C550593,ENSG00000000457.13,COMP_TRANSCRIPTOMIC_EVIDENCE,FTR_9A19C80EF22658A1FB74494A,transcript_qualifying_record_count,CLM_878EDBF4489E74DFCEEA0680,REC_46555245962221D1AF2FC570,SRC_PROJECT_DE_ROBUSTNESS,ART_TASK012_INTEGRATED_TARGET_REGISTRY,DEP_3CD5805ACFAEA500ECF2B5B3,OBSERVED,TXR_TRANSCRIPT_QUALIFYING_RECORD_COUNT_V0_1,TRANSCRIPTOMIC_FEATURE_EXTRACTOR_V0.1
PRF_3040706BBFACC0E24C550593,ENSG00000000457.13,COMP_TRANSCRIPTOMIC_EVIDENCE,FTR_9A19C80EF22658A1FB74494A,transcript_qualifying_record_count,CLM_878EDBF4489E74DFCEEA0680,REC_E2BD5A45A78FBDB4A2AAC041,SRC_PROJECT_DE_ROBUSTNESS,ART_TASK012_INTEGRATED_TARGET_REGISTRY,DEP_3CD5805ACFAEA500ECF2B5B3,OBSERVED,TXR_TRANSCRIPT_QUALIFYING_RECORD_COUNT_V0_1,TRANSCRIPTOMIC_FEATURE_EXTRACTOR_V0.1
PRF_3040706BBFACC0E24C550593,ENSG00000000457.13,COMP_TRANSCRIPTOMIC_EVIDENCE,FTR_40854EFBCEBD2976A36D5E6B,transcript_observed_context_complete,CLM_878EDBF4489E74DFCEEA0680,REC_46555245962221D1AF2FC570,SRC_PROJECT_DE_ROBUSTNESS,ART_TASK012_INTEGRATED_TARGET_REGISTRY,DEP_3CD5805ACFAEA500ECF2B5B3,OBSERVED,TXR_TRANSCRIPT_CONTEXT_COMPLETE_V0_1,TRANSCRIPTOMIC_FEATURE_EXTRACTOR_V0.1
PRF_3040706BBFACC0E24C550593,ENSG00000000457.13,COMP_TRANSCRIPTOMIC_EVIDENCE,FTR_40854EFBCEBD2976A36D5E6B,transcript_observed_context_complete,CLM_878EDBF4489E74DFCEEA0680,REC_E2BD5A45A78FBDB4A2AAC041,SRC_PROJECT_DE_ROBUSTNESS,ART_TASK012_INTEGRATED_TARGET_REGISTRY,DEP_3CD5805ACFAEA500ECF2B5B3,OBSERVED,TXR_TRANSCRIPT_CONTEXT_COMPLETE_V0_1,TRANSCRIPTOMIC_FEATURE_EXTRACTOR_V0.1
PRF_3040706BBFACC0E24C550593,ENSG00000000457.13,COMP_TRANSCRIPTOMIC_EVIDENCE,FTR_468F44210666A0B3575D0A7F,transcript_assessment_attempted,CLM_878EDBF4489E74DFCEEA0680,REC_46555245962221D1AF2FC570,SRC_PROJECT_DE_ROBUSTNESS,ART_TASK012_INTEGRATED_TARGET_REGISTRY,DEP_3CD5805ACFAEA500ECF2B5B3,OBSERVED,TXR_TRANSCRIPT_ASSESSMENT_ATTEMPTED_V0_1,TRANSCRIPTOMIC_FEATURE_EXTRACTOR_V0.1
PRF_3040706BBFACC0E24C550593,ENSG00000000457.13,COMP_TRANSCRIPTOMIC_EVIDENCE,FTR_468F44210666A0B3575D0A7F,transcript_assessment_attempted,CLM_878EDBF4489E74DFCEEA0680,REC_E2BD5A45A78FBDB4A2AAC041,SRC_PROJECT_DE_ROBUSTNESS,ART_TASK012_INTEGRATED_TARGET_REGISTRY,DEP_3CD5805ACFAEA500ECF2B5B3,OBSERVED,TXR_TRANSCRIPT_ASSESSMENT_ATTEMPTED_V0_1,TRANSCRIPTOMIC_FEATURE_EXTRACTOR_V0.1
PRF_3040706BBFACC0E24C550593,ENSG00000000457.13,COMP_TRANSCRIPTOMIC_EVIDENCE,FTR_3BCF23EF27D549C22D485547,transcript_query_scope_complete,CLM_878EDBF4489E74DFCEEA0680,REC_46555245962221D1AF2FC570,SRC_PROJECT_DE_ROBUSTNESS,ART_TASK012_INTEGRATED_TARGET_REGISTRY,DEP_3CD5805ACFAEA500ECF2B5B3,OBSERVED,TXR_TRANSCRIPT_SCOPE_COMPLETE_V0_1,TRANSCRIPTOMIC_FEATURE_EXTRACTOR_V0.1
PRF_3040706BBFACC0E24C550593,ENSG00000000457.13,COMP_TRANSCRIPTOMIC_EVIDENCE,FTR_3BCF23EF27D549C22D485547,transcript_query_scope_complete,CLM_878EDBF4489E74DFCEEA0680,REC_E2BD5A45A78FBDB4A2AAC041,SRC_PROJECT_DE_ROBUSTNESS,ART_TASK012_INTEGRATED_TARGET_REGISTRY,DEP_3CD5805ACFAEA500ECF2B5B3,OBSERVED,TXR_TRANSCRIPT_SCOPE_COMPLETE_V0_1,TRANSCRIPTOMIC_FEATURE_EXTRACTOR_V0.1
PRF_3040706BBFACC0E24C550593,ENSG00000000457.13,COMP_TRANSCRIPTOMIC_EVIDENCE,FTR_2F40D8FD396198D5D08C93C1,transcript_record_count,CLM_878EDBF4489E74DFCEEA0680,REC_46555245962221D1AF2FC570,SRC_PROJECT_DE_ROBUSTNESS,ART_TASK012_INTEGRATED_TARGET_REGISTRY,DEP_3CD5805ACFAEA500ECF2B5B3,OBSERVED,TXR_TRANSCRIPT_RECORD_COUNT_V0_1,TRANSCRIPTOMIC_FEATURE_EXTRACTOR_V0.1
PRF_3040706BBFACC0E24C550593,ENSG00000000457.13,COMP_TRANSCRIPTOMIC_EVIDENCE,FTR_2F40D8FD396198D5D08C93C1,transcript_record_count,CLM_878EDBF4489E74DFCEEA0680,REC_E2BD5A45A78FBDB4A2AAC041,SRC_PROJECT_DE_ROBUSTNESS,ART_TASK012_INTEGRATED_TARGET_REGISTRY,DEP_3CD5805ACFAEA500ECF2B5B3,OBSERVED,TXR_TRANSCRIPT_RECORD_COUNT_V0_1,TRANSCRIPTOMIC_FEATURE_EXTRACTOR_V0.1
PRF_3040706BBFACC0E24C550593,ENSG00000000457.13,COMP_TRANSCRIPTOMIC_EVIDENCE,FTR_FBB73DCB59BD2052F816A63F,transcript_partial_condition_count,CLM_878EDBF4489E74DFCEEA0680,REC_46555245962221D1AF2FC570,SRC_PROJECT_DE_ROBUSTNESS,ART_TASK012_INTEGRATED_TARGET_REGISTRY,DEP_3CD5805ACFAEA500ECF2B5B3,OBSERVED,TXR_TRANSCRIPT_PARTIAL_CONDITION_COUNT_V0_1,TRANSCRIPTOMIC_FEATURE_EXTRACTOR_V0.1
PRF_3040706BBFACC0E24C550593,ENSG00000000457.13,COMP_TRANSCRIPTOMIC_EVIDENCE,FTR_FBB73DCB59BD2052F816A63F,transcript_partial_condition_count,CLM_878EDBF4489E74DFCEEA0680,REC_E2BD5A45A78FBDB4A2AAC041,SRC_PROJECT_DE_ROBUSTNESS,ART_TASK012_INTEGRATED_TARGET_REGISTRY,DEP_3CD5805ACFAEA500ECF2B5B3,OBSERVED,TXR_TRANSCRIPT_PARTIAL_CONDITION_COUNT_V0_1,TRANSCRIPTOMIC_FEATURE_EXTRACTOR_V0.1
PRF_3040706BBFACC0E24C550593,ENSG00000000457.13,COMP_TRANSCRIPTOMIC_EVIDENCE,FTR_43C408049EB9AB2B70FA1019,transcript_unknown_coverage,CLM_878EDBF4489E74DFCEEA0680,REC_46555245962221D1AF2FC570,SRC_PROJECT_DE_ROBUSTNESS,ART_TASK012_INTEGRATED_TARGET_REGISTRY,DEP_3CD5805ACFAEA500ECF2B5B3,OBSERVED,TXR_TRANSCRIPT_UNKNOWN_COVERAGE_V0_1,TRANSCRIPTOMIC_FEATURE_EXTRACTOR_V0.1
PRF_3040706BBFACC0E24C550593,ENSG00000000457.13,COMP_TRANSCRIPTOMIC_EVIDENCE,FTR_43C408049EB9AB2B70FA1019,transcript_unknown_coverage,CLM_878EDBF4489E74DFCEEA0680,REC_E2BD5A45A78FBDB4A2AAC041,SRC_PROJECT_DE_ROBUSTNESS,ART_TASK012_INTEGRATED_TARGET_REGISTRY,DEP_3CD5805ACFAEA500ECF2B5B3,OBSERVED,TXR_TRANSCRIPT_UNKNOWN_COVERAGE_V0_1,TRANSCRIPTOMIC_FEATURE_EXTRACTOR_V0.1
PRF_3040706BBFACC0E24C550593,ENSG00000000457.13,COMP_TRANSCRIPTOMIC_EVIDENCE,FTR_53267A92847FFBFE411E1E82,transcript_retrieval_failure,CLM_878EDBF4489E74DFCEEA0680,REC_46555245962221D1AF2FC570,SRC_PROJECT_DE_ROBUSTNESS,ART_TASK012_INTEGRATED_TARGET_REGISTRY,DEP_3CD5805ACFAEA500ECF2B5B3,OBSERVED,TXR_TRANSCRIPT_RETRIEVAL_FAILURE_V0_1,TRANSCRIPTOMIC_FEATURE_EXTRACTOR_V0.1
PRF_3040706BBFACC0E24C550593,ENSG00000000457.13,COMP_TRANSCRIPTOMIC_EVIDENCE,FTR_53267A92847FFBFE411E1E82,transcript_retrieval_failure,CLM_878EDBF4489E74DFCEEA0680,REC_E2BD5A45A78FBDB4A2AAC041,SRC_PROJECT_DE_ROBUSTNESS,ART_TASK012_INTEGRATED_TARGET_REGISTRY,DEP_3CD5805ACFAEA500ECF2B5B3,OBSERVED,TXR_TRANSCRIPT_RETRIEVAL_FAILURE_V0_1,TRANSCRIPTOMIC_FEATURE_EXTRACTOR_V0.1
