"model","EnsemblID","Symbol","gene_type","df.residual","nominal_residual_df","df_loss"
"S1","ENSG00000120054.11","CPN1","protein_coding",487,553,66
"S1","ENSG00000257062.6","RP11-125O5.2","protein_coding",495,553,58
"S1","ENSG00000257703.5","RP11-328J6.1","lincRNA",545,553,8
"S1","ENSG00000276122.1","RP11-143E21.3","lincRNA",545,553,8
"S1","ENSG00000229609.1","LINC01079","lincRNA",545,553,8
"S1","ENSG00000247381.2","PLUT","antisense",495,553,58
"S1","ENSG00000234854.1","LINC00676","antisense",540,553,13
"S1","ENSG00000258932.5","CTD-3006G17.2","transcribed_processed_pseudogene",540,553,13
"S1","ENSG00000267073.1","AC005256.1","lincRNA",495,553,58
"S1","ENSG00000105205.6","CLC","protein_coding",545,553,8
"S1","ENSG00000109132.6","PHOX2B","protein_coding",540,553,13
"S1","ENSG00000170516.16","COX7B2","protein_coding",532,553,21
"S1","ENSG00000246876.6","RP11-519M16.1","lincRNA",485,553,68
"S1","ENSG00000250590.5","RP11-565A3.2","lincRNA",495,553,58
"S1","ENSG00000250060.1","RP11-332J15.2","lincRNA",532,553,21
"S1","ENSG00000248783.1","RP11-308B16.2","lincRNA",540,553,13
"S1","ENSG00000253363.5","RP11-962G15.1","lincRNA",538,553,15
"S1","ENSG00000215262.7","KCNU1","protein_coding",540,553,13
"S1","ENSG00000176566.4","DCAF4L2","protein_coding",519,553,34
"S1","ENSG00000236687.1","RP11-323H21.3","lincRNA",540,553,13
"S1","ENSG00000068985.4","PAGE1","protein_coding",545,553,8
"S1","ENSG00000281566.2","RP11-485F13.1","lincRNA",532,553,21
"S6","ENSG00000223972.5","DDX11L1","transcribed_unprocessed_pseudogene",56,57,1
"S6","ENSG00000278267.1","MIR6859-1","miRNA",56,57,1
"S6","ENSG00000279928.2","ABC7-43046700E7.1","unprocessed_pseudogene",50,57,7
"S6","ENSG00000273874.1","MIR6859-2","miRNA",56,57,1
"S6","ENSG00000283040.1","FAM166AP3","transcribed_unprocessed_pseudogene",47,57,10
"S6","ENSG00000230699.2","RP11-54O7.1","lincRNA",55,57,2
"S6","ENSG00000223823.1","LINC01342","lincRNA",50,57,7
"S6","ENSG00000198976.1","MIR429","miRNA",48,57,9
"S6","ENSG00000230415.1","LINC01786","lincRNA",56,57,1
"S6","ENSG00000205116.3","TMEM88B","protein_coding",46,57,11
"S6","ENSG00000169885.9","CALML6","protein_coding",55,57,2
"S6","ENSG00000233542.1","RP11-547D24.1","antisense",55,57,2
"S6","ENSG00000272235.1","RP11-22L13.1","lincRNA",55,57,2
"S6","ENSG00000272088.1","RP11-168F9.2","lincRNA",54,57,3
"S6","ENSG00000238260.1","RP11-46F15.2","antisense",56,57,1
"S6","ENSG00000227589.1","RP5-1092A11.5","antisense",53,57,4
"S6","ENSG00000237436.1","RP11-312B8.1","antisense",56,57,1
"S6","ENSG00000270035.1","RP11-338N10.2","lincRNA",53,57,4
"S6","ENSG00000227634.2","LINC01714","lincRNA",56,57,1
"S6","ENSG00000131686.14","CA6","protein_coding",47,57,10
"S6","ENSG00000157330.9","C1orf158","protein_coding",56,57,1
"S6","ENSG00000162460.6","TMEM82","protein_coding",50,57,7
"S6","ENSG00000233078.1","RP11-5P18.5","antisense",40,57,17
"S6","ENSG00000183888.4","C1orf64","protein_coding",49,57,8
"S6","ENSG00000232456.1","RP11-5P18.10","unprocessed_pseudogene",46,57,11
"S6","ENSG00000185519.8","FAM131C","protein_coding",55,57,2
"S6","ENSG00000282143.1","RP1-163M9.8","lincRNA",55,57,2
"S6","ENSG00000280114.1","RP5-875O13.7","unprocessed_pseudogene",53,57,4
"S6","ENSG00000204362.6","RP11-380J14.1","lincRNA",44,57,13
"S6","ENSG00000142623.9","PADI1","protein_coding",55,57,2
"S6","ENSG00000142619.4","PADI3","protein_coding",47,57,10
"S6","ENSG00000117148.7","ACTL8","protein_coding",30,57,27
"S6","ENSG00000280222.1","RP11-174G17.3","TEC",54,57,3
"S6","ENSG00000009709.11","PAX7","protein_coding",41,57,16
"S6","ENSG00000178828.6","RNF186","protein_coding",56,57,1
"S6","ENSG00000235434.1","RP11-91K11.2","antisense",44,57,13
"S6","ENSG00000158786.4","PLA2G2F","protein_coding",47,57,10
"S6","ENSG00000187980.6","PLA2G2C","protein_coding",56,57,1
"S6","ENSG00000283234.1","RP11-26H16.4","transcribed_unitary_pseudogene",51,57,6
"S6","ENSG00000271840.1","RP1-224A6.9","lincRNA",55,57,2
"S6","ENSG00000070886.11","EPHA8","protein_coding",42,57,15
"S6","ENSG00000235052.1","RP1-150O5.3","lincRNA",55,57,2
"S6","ENSG00000187010.19","RHD","protein_coding",56,57,1
"S6","ENSG00000225886.3","RP11-288L9.4","antisense",56,57,1
"S6","ENSG00000221539.1","SNORD99","snoRNA",56,57,1
"S6","ENSG00000277916.1","uc_338","misc_RNA",56,57,1
"S6","ENSG00000084628.9","NKAIN1","protein_coding",56,57,1
"S6","ENSG00000260386.6","LINC01225","transcribed_unitary_pseudogene",34,57,23
"S6","ENSG00000229167.1","RP11-73M7.1","antisense",56,57,1
"S6","ENSG00000273274.1","ZBTB8B","protein_coding",56,57,1
"S6","ENSG00000224409.1","RP11-114B7.6","antisense",36,57,21
"S6","ENSG00000278966.2","RP5-1174N9.2","TEC",54,57,3
"S6","ENSG00000217644.5","RP4-803A2.1","processed_pseudogene",54,57,3
"S6","ENSG00000239670.1","RP4-803A2.2","unprocessed_pseudogene",56,57,1
"S6","ENSG00000270115.1","RP11-415J8.7","lincRNA",52,57,5
"S6","ENSG00000255811.1","RP1-34M23.5","antisense",55,57,2
"S6","ENSG00000232862.5","RP4-665N4.4","transcribed_processed_pseudogene",56,57,1
"S6","ENSG00000163873.9","GRIK3","protein_coding",56,57,1
"S6","ENSG00000283724.1","MIR6732","miRNA",55,57,2
"S6","ENSG00000116981.3","NT5C1A","protein_coding",55,57,2
"S6","ENSG00000261798.1","RP1-118J21.25","antisense",53,57,4
"S6","ENSG00000229901.1","RP11-399E6.4","antisense",53,57,4
"S6","ENSG00000044012.3","GUCA2B","protein_coding",53,57,4
"S6","ENSG00000268949.1","MRPS17P1","processed_pseudogene",48,57,9
"S6","ENSG00000225447.1","RPS15AP10","processed_pseudogene",56,57,1
"S6","ENSG00000232467.2","TMA16P2","processed_pseudogene",56,57,1
"S6","ENSG00000227857.2","RP4-533D7.5","antisense",55,57,2
"S6","ENSG00000197587.10","DMBX1","protein_coding",54,57,3
"S6","ENSG00000238145.2","RP11-346M5.1","processed_pseudogene",55,57,2
"S6","ENSG00000225154.2","RP11-184J23.2","processed_pseudogene",55,57,2
"S6","ENSG00000162365.11","CYP4A22","protein_coding",55,57,2
"S6","ENSG00000186790.5","FOXE3","protein_coding",43,57,14
"S6","ENSG00000242267.6","SKINT1L","transcribed_unitary_pseudogene",56,57,1
"S6","ENSG00000142700.11","DMRTA2","protein_coding",52,57,5
"S6","ENSG00000242391.2","RP4-631H13.2","antisense",46,57,11
"S6","ENSG00000227644.2","HIGD1AP11","processed_pseudogene",55,57,2
"S6","ENSG00000235563.1","RP11-334A14.8","antisense",55,57,2
"S6","ENSG00000228838.1","RP4-784A16.2","antisense",56,57,1
"S6","ENSG00000230138.1","RP11-117D22.2","lincRNA",56,57,1
"S6","ENSG00000162399.6","BSND","protein_coding",51,57,6
"S6","ENSG00000157131.10","C8A","protein_coding",55,57,2
"S6","ENSG00000226476.3","LINC01748","lincRNA",54,57,3
"S6","ENSG00000132855.4","ANGPTL3","protein_coding",47,57,10
"S6","ENSG00000224209.7","LINC00466","processed_transcript",37,57,20
"S6","ENSG00000230798.5","FOXD3-AS1","antisense",52,57,5
"S6","ENSG00000187140.5","FOXD3","protein_coding",49,57,8
"S6","ENSG00000177414.13","UBE2U","protein_coding",44,57,13
"S6","ENSG00000275678.1","RP4-547N15.3","sense_intronic",52,57,5
"S6","ENSG00000203963.11","C1orf141","protein_coding",53,57,4
"S6","ENSG00000162594.15","IL23R","protein_coding",56,57,1
"S6","ENSG00000271992.1","RP11-42O15.3","lincRNA",56,57,1
"S6","ENSG00000225087.1","RP4-660H19.1","lincRNA",25,57,32
"S6","ENSG00000234497.5","ERICH3-AS1","antisense",52,57,5
"S6","ENSG00000162624.14","LHX8","protein_coding",37,57,20
"S6","ENSG00000273338.1","RP11-386I14.4","antisense",55,57,2
"S6","ENSG00000234184.5","LINC01781","lincRNA",54,57,3
"S6","ENSG00000236268.5","LINC01361","lincRNA",38,57,19
"S6","ENSG00000240520.6","UOX","transcribed_unitary_pseudogene",52,57,5
"S6","ENSG00000016602.9","CLCA4","protein_coding",54,57,3
"S6","ENSG00000153923.10","CLCA3P","transcribed_unprocessed_pseudogene",52,57,5
"S6","ENSG00000137948.18","BRDT","protein_coding",50,57,7
"S6","ENSG00000224678.3","GAPDHP46","processed_pseudogene",56,57,1
"S6","ENSG00000206680.1","SNORD21","snoRNA",56,57,1
"S6","ENSG00000228852.6","RP11-57H12.5","antisense",56,57,1
"S6","ENSG00000225206.8","MIR137HG","lincRNA",35,57,22
"S6","ENSG00000117598.11","PLPPR5","protein_coding",51,57,6
"S6","ENSG00000225169.1","BRI3P1","processed_pseudogene",56,57,1
"S6","ENSG00000215869.4","RP11-364B6.2","transcribed_processed_pseudogene",56,57,1
"S6","ENSG00000230932.2","RP5-947P14.2","processed_pseudogene",54,57,3
"S6","ENSG00000237480.2","RP5-947P14.1","lincRNA",53,57,4
"S6","ENSG00000196427.13","NBPF4","protein_coding",43,57,14
"S6","ENSG00000224698.1","RP11-131J3.1","lincRNA",44,57,13
"S6","ENSG00000186086.18","NBPF6","protein_coding",39,57,18
"S6","ENSG00000235407.1","CYMP-AS1","lincRNA",45,57,12
"S6","ENSG00000240194.7","CYMP","transcribed_unitary_pseudogene",45,57,12
"S6","ENSG00000184599.13","FAM19A3","protein_coding",51,57,6
"S6","ENSG00000215866.7","LINC01356","lincRNA",56,57,1
"S6","ENSG00000224167.1","RP3-522D1.1","lincRNA",56,57,1
"S6","ENSG00000134207.14","SYT6","protein_coding",56,57,1
"S6","ENSG00000233730.1","LINC01765","lincRNA",55,57,2
"S6","ENSG00000177551.5","NHLH2","protein_coding",56,57,1
"S6","ENSG00000271427.1","RP11-188D8.1","lincRNA",55,57,2
"S6","ENSG00000226172.2","RP4-712E4.1","lincRNA",39,57,18
"S6","ENSG00000239216.1","RP4-712E4.2","lincRNA",40,57,17
"S6","ENSG00000134193.14","REG4","protein_coding",51,57,6
"S6","ENSG00000272583.1","RP11-344P13.6","lincRNA",56,57,1
"S6","ENSG00000244371.2","PFN1P8","processed_pseudogene",55,57,2
"S6","ENSG00000273059.1","XXyac-YX155B6.7","lincRNA",56,57,1
"S6","ENSG00000274372.4","RP11-94I2.4","lincRNA",55,57,2
"S6","ENSG00000225080.1","PFN1P4","processed_pseudogene",56,57,1
"S6","ENSG00000238107.1","RP11-495P10.5","lincRNA",49,57,8
"S6","ENSG00000270276.2","HIST2H4B","protein_coding",53,57,4
"S6","ENSG00000228126.1","FALEC","lincRNA",56,57,1
"S6","ENSG00000250734.2","RP11-404E16.1","antisense",56,57,1
"S6","ENSG00000159409.14","CELF3","protein_coding",54,57,3
"S6","ENSG00000232937.1","RP11-98D18.2","sense_intronic",56,57,1
"S6","ENSG00000269489.1","RP11-98D18.17","lincRNA",51,57,6
"S6","ENSG00000229021.2","AL591893.1","antisense",56,57,1
"S6","ENSG00000197915.5","HRNR","protein_coding",56,57,1
"S6","ENSG00000163207.6","IVL","protein_coding",56,57,1
"S6","ENSG00000169474.4","SPRR1A","protein_coding",40,57,17
"S6","ENSG00000163209.14","SPRR3","protein_coding",44,57,13
"S6","ENSG00000169469.8","SPRR1B","protein_coding",50,57,7
"S6","ENSG00000163216.6","SPRR2D","protein_coding",53,57,4
"S6","ENSG00000241794.1","SPRR2A","protein_coding",49,57,8
"S6","ENSG00000196805.7","SPRR2B","protein_coding",38,57,19
"S6","ENSG00000203785.8","SPRR2E","protein_coding",32,57,25
"S6","ENSG00000244094.1","SPRR2F","protein_coding",40,57,17
"S6","ENSG00000229035.2","SPRR2C","unprocessed_pseudogene",38,57,19
"S6","ENSG00000159527.3","PGLYRP3","protein_coding",47,57,10
"S6","ENSG00000163218.14","PGLYRP4","protein_coding",55,57,2
"S6","ENSG00000143556.8","S100A7","protein_coding",50,57,7
"S6","ENSG00000237872.4","POU5F1P4","processed_pseudogene",56,57,1
"S6","ENSG00000271267.1","RP11-29H23.7","processed_pseudogene",56,57,1
"S6","ENSG00000223503.1","RP11-29H23.6","processed_pseudogene",54,57,3
"S6","ENSG00000234937.1","RP11-101O6.2","processed_pseudogene",54,57,3
"S6","ENSG00000236947.5","RP11-98G7.1","lincRNA",55,57,2
"S6","ENSG00000132702.12","HAPLN2","protein_coding",55,57,2
"S6","ENSG00000027644.4","INSRR","protein_coding",55,57,2
"S6","ENSG00000229961.2","RP11-71G12.1","transcribed_unitary_pseudogene",55,57,2
"S6","ENSG00000237189.1","RP11-85G21.2","lincRNA",55,57,2
"S6","ENSG00000163518.10","FCRL4","protein_coding",52,57,5
"S6","ENSG00000132681.16","ATP1A4","protein_coding",56,57,1
"S6","ENSG00000228917.1","RP11-544M22.8","antisense",56,57,1
"S6","ENSG00000283360.1","RP11-122G18.10","lincRNA",56,57,1
"S6","ENSG00000171722.12","SPATA46","protein_coding",54,57,3
"S6","ENSG00000162761.14","LMX1A","protein_coding",44,57,13
"S6","ENSG00000215834.9","FMO9P","transcribed_unitary_pseudogene",30,57,27
"S6","ENSG00000232194.1","RP1-313L4.3","antisense",54,57,3
"S6","ENSG00000143199.17","ADCY10","protein_coding",56,57,1
"S6","ENSG00000227777.1","RP4-738P11.3","processed_pseudogene",44,57,13
"S6","ENSG00000229757.2","RP4-738P11.4","processed_pseudogene",42,57,15
"S6","ENSG00000225826.1","LINC00626","lincRNA",42,57,15
"S6","ENSG00000203740.3","METTL11B","protein_coding",42,57,15
"S6","ENSG00000271811.1","RP1-79C4.4","lincRNA",56,57,1
"S6","ENSG00000117507.6","FMO6P","transcribed_unitary_pseudogene",56,57,1
"S6","ENSG00000230547.1","HMGB1P11","processed_pseudogene",56,57,1
"S6","ENSG00000268062.1","TOP1P1","processed_pseudogene",56,57,1
"S6","ENSG00000180999.10","C1orf105","protein_coding",46,57,11
"S6","ENSG00000152092.15","ASTN1","protein_coding",56,57,1
"S6","ENSG00000198797.6","BRINP2","protein_coding",54,57,3
"S6","ENSG00000227579.5","RP1-35C21.2","lincRNA",35,57,22
"S6","ENSG00000143340.6","FAM163A","protein_coding",55,57,2
"S6","ENSG00000225857.5","RP11-46A10.2","lincRNA",46,57,11
"S6","ENSG00000179930.5","ZNF648","protein_coding",50,57,7
"S6","ENSG00000224810.1","RP11-538D16.2","lincRNA",44,57,13
"S6","ENSG00000225982.1","RP11-538D16.3","lincRNA",54,57,3
"S6","ENSG00000228918.3","LINC01344","lincRNA",40,57,17
"S6","ENSG00000135824.12","RGS8","protein_coding",56,57,1
"S6","ENSG00000260976.1","LINC01633","lincRNA",12,57,45
"S6","ENSG00000273129.1","PACERR","lincRNA",55,57,2
"S6","ENSG00000230426.2","ERVMER61-1","lincRNA",5,57,52
"S6","ENSG00000134365.12","CFHR4","protein_coding",38,57,19
"S6","ENSG00000143355.15","LHX9","protein_coding",56,57,1
"S6","ENSG00000260088.1","RP11-92G12.3","lincRNA",55,57,2
"S6","ENSG00000233217.2","MROH3P","transcribed_unitary_pseudogene",53,57,4
"S6","ENSG00000184774.9","MGAT4EP","transcribed_unitary_pseudogene",53,57,4
"S6","ENSG00000234775.1","RP11-335O13.7","antisense",51,57,6
"S6","ENSG00000133055.8","MYBPH","protein_coding",56,57,1
"S6","ENSG00000280924.1","LINC00628","lincRNA",53,57,4
"S6","ENSG00000184144.11","CNTN2","protein_coding",56,57,1
"S6","ENSG00000271580.1","RP11-536L3.4","processed_pseudogene",54,57,3
"S6","ENSG00000226235.1","LEMD1-AS1","antisense",56,57,1
"S6","ENSG00000224717.1","RP11-576D8.4","lincRNA",51,57,6
"S6","ENSG00000206762.1","RNU6-418P","snRNA",55,57,2
"S6","ENSG00000198049.6","AVPR1B","protein_coding",44,57,13
"S6","ENSG00000142224.15","IL19","protein_coding",45,57,12
"S6","ENSG00000162897.14","FCAMR","protein_coding",56,57,1
"S6","ENSG00000224462.2","C4BPAP1","unprocessed_pseudogene",51,57,6
"S6","ENSG00000232621.1","C4BPAP2","unprocessed_pseudogene",41,57,16
"S6","ENSG00000237074.2","RP11-6J21.2","lincRNA",56,57,1
"S6","ENSG00000224540.1","RP11-385M4.3","processed_pseudogene",56,57,1
"S6","ENSG00000284485.1","MIR205","miRNA",42,57,15
"S6","ENSG00000143469.18","SYT14","protein_coding",55,57,2
"S6","ENSG00000198570.5","RD3","protein_coding",56,57,1
"S6","ENSG00000231057.3","RP11-122M14.1","antisense",56,57,1
"S6","ENSG00000226251.5","RP11-15I11.3","lincRNA",52,57,5
"S6","ENSG00000274895.1","RP11-478J18.2","antisense",38,57,19
"S6","ENSG00000082482.13","KCNK2","protein_coding",56,57,1
"S6","ENSG00000196660.10","SLC30A10","protein_coding",30,57,27
"S6","ENSG00000228437.5","RP11-400N13.2","lincRNA",55,57,2
"S6","ENSG00000232679.1","LINC01705","lincRNA",52,57,5
"S6","ENSG00000236846.1","RP11-239E10.2","lincRNA",56,57,1
"S6","ENSG00000178395.6","CCDC185","protein_coding",55,57,2
"S6","ENSG00000233771.2","CICP5","unprocessed_pseudogene",56,57,1
"S6","ENSG00000233384.2","RP11-100E13.1","bidirectional_promoter_lncRNA",51,57,6
"S6","ENSG00000227496.1","RP11-145A3.1","antisense",56,57,1
"S6","ENSG00000242757.1","CTD-2090I13.3","processed_pseudogene",53,57,4
"S6","ENSG00000234277.2","LINC01641","lincRNA",56,57,1
"S6","ENSG00000270110.1","RP5-1139B12.4","antisense",53,57,4
"S6","ENSG00000183929.7","DUSP5P1","processed_pseudogene",54,57,3
"S6","ENSG00000236975.1","RP5-1065P14.2","lincRNA",56,57,1
"S6","ENSG00000143632.14","ACTA1","protein_coding",56,57,1
"S6","ENSG00000229228.1","LINC00582","antisense",55,57,2
"S6","ENSG00000233332.1","RP4-799P18.2","antisense",54,57,3
"S6","ENSG00000273367.1","RP5-827C21.6","antisense",55,57,2
"S6","ENSG00000224939.1","LINC00184","lincRNA",56,57,1
"S6","ENSG00000228044.2","RP4-781K5.4","lincRNA",53,57,4
"S6","ENSG00000230628.1","RP4-781K5.6","lincRNA",56,57,1
"S6","ENSG00000282097.1","RP4-781K5.7","lincRNA",56,57,1
"S6","ENSG00000225554.1","RP11-527D7.1","lincRNA",38,57,19
"S6","ENSG00000196289.7","BECN2","protein_coding",35,57,22
"S6","ENSG00000224014.1","RP11-488L18.6","processed_pseudogene",54,57,3
"S6","ENSG00000227135.1","GCSAML-AS1","antisense",52,57,5
"S6","ENSG00000242529.1","AHCYP8","processed_pseudogene",23,57,34
"S6","ENSG00000259823.5","LYPD8","protein_coding",50,57,7
"S6","ENSG00000231298.6","LINC00704","lincRNA",51,57,6
"S6","ENSG00000151631.8","AKR1C6P","unprocessed_pseudogene",49,57,8
"S6","ENSG00000238840.1","U8","snoRNA",38,57,19
"S6","ENSG00000224251.6","RP11-499O7.7","antisense",56,57,1
"S6","ENSG00000239148.1","U8","snoRNA",12,57,45
"S6","ENSG00000198610.10","AKR1C4","protein_coding",53,57,4
"S6","ENSG00000215267.8","AKR1C7P","transcribed_unprocessed_pseudogene",56,57,1
"S6","ENSG00000178372.7","CALML5","protein_coding",42,57,15
"S6","ENSG00000256462.1","RP11-116G8.5","antisense",44,57,13
"S6","ENSG00000205488.8","CALML3-AS1","antisense",56,57,1
"S6","ENSG00000178363.4","CALML3","protein_coding",50,57,7
"S6","ENSG00000242147.1","RP13-463N16.6","lincRNA",51,57,6
"S6","ENSG00000231483.1","RP11-336A10.5","lincRNA",52,57,5
"S6","ENSG00000223784.1","LINP1","lincRNA",54,57,3
"S6","ENSG00000238266.1","LINC00707","lincRNA",55,57,2
"S6","ENSG00000271046.1","RP11-138I18.2","lincRNA",47,57,10
"S6","ENSG00000203414.2","BTBD7P1","processed_pseudogene",55,57,2
"S6","ENSG00000273474.1","RP11-295P9.12","antisense",54,57,3
"S6","ENSG00000272516.1","RP11-573G6.9","lincRNA",56,57,1
"S6","ENSG00000227932.2","RP13-16H11.9","transcribed_unitary_pseudogene",42,57,15
"S6","ENSG00000213770.3","FAM210CP","processed_pseudogene",55,57,2
"S6","ENSG00000182077.10","PTCHD3","protein_coding",50,57,7
"S6","ENSG00000237797.1","RP11-472N13.3","lincRNA",56,57,1
"S6","ENSG00000226386.1","PARD3-AS1","antisense",56,57,1
"S6","ENSG00000182632.15","CCNYL2","transcribed_unprocessed_pseudogene",54,57,3
"S6","ENSG00000233515.1","LINC01518","lincRNA",23,57,34
"S6","ENSG00000230425.1","RSU1P1","unprocessed_pseudogene",34,57,23
"S6","ENSG00000236114.1","RP11-517P14.7","unprocessed_pseudogene",55,57,2
"S6","ENSG00000204187.5","LINC00619","lincRNA",56,57,1
"S6","ENSG00000273363.1","RP11-285G1.14","sense_intronic",54,57,3
"S6","ENSG00000274209.4","ANTXRL","protein_coding",43,57,14
"S6","ENSG00000150175.13","FRMPD2B","unprocessed_pseudogene",50,57,7
"S6","ENSG00000278561.1","PTPN20CP","unprocessed_pseudogene",55,57,2
"S6","ENSG00000177354.11","C10orf71","protein_coding",47,57,10
"S6","ENSG00000165606.8","DRGX","protein_coding",56,57,1
"S6","ENSG00000235939.1","RP11-123B3.2","antisense",51,57,6
"S6","ENSG00000187714.6","SLC18A3","protein_coding",21,57,36
"S6","ENSG00000070748.18","CHAT","protein_coding",22,57,35
"S6","ENSG00000148584.14","A1CF","protein_coding",46,57,11
"S6","ENSG00000231131.6","LINC01468","lincRNA",37,57,20
"S6","ENSG00000228651.1","RP11-556E13.1","antisense",51,57,6
"S6","ENSG00000180221.6","TPT1P10","processed_pseudogene",56,57,1
"S6","ENSG00000227877.6","MRLN","protein_coding",53,57,4
"S6","ENSG00000282121.1","RP11-388P9.3","antisense",56,57,1
"S6","ENSG00000213606.3","AKR1B10P1","processed_pseudogene",48,57,9
"S6","ENSG00000272892.1","RP11-57G10.8","lincRNA",54,57,3
"S6","ENSG00000226318.1","RPS3AP38","processed_pseudogene",55,57,2
"S6","ENSG00000138347.15","MYPN","protein_coding",50,57,7
"S6","ENSG00000179774.8","ATOH7","protein_coding",51,57,6
"S6","ENSG00000274008.1","Metazoa_SRP","misc_RNA",56,57,1
"S6","ENSG00000229261.1","RP11-227H15.4","antisense",35,57,22
"S6","ENSG00000230526.1","RP11-472G21.2","lincRNA",55,57,2
"S6","ENSG00000272627.1","RP11-354E23.5","sense_intronic",56,57,1
"S6","ENSG00000079393.20","DUSP13","protein_coding",53,57,4
"S6","ENSG00000233313.2","HMGA1P5","processed_pseudogene",56,57,1
"S6","ENSG00000273248.1","RP11-399K21.13","lincRNA",56,57,1
"S6","ENSG00000219430.2","MBL3P","unprocessed_pseudogene",56,57,1
"S6","ENSG00000283101.1","BMS1P21","transcribed_unprocessed_pseudogene",56,57,1
"S6","ENSG00000279359.1","RP11-36D19.9","TEC",38,57,19
"S6","ENSG00000170788.13","DYDC1","protein_coding",54,57,3
"S6","ENSG00000229404.5","LINC00858","lincRNA",45,57,12
"S6","ENSG00000204021.3","LIPK","protein_coding",40,57,17
"S6","ENSG00000187553.8","CYP26C1","protein_coding",54,57,3
"S6","ENSG00000095596.11","CYP26A1","protein_coding",54,57,3
"S6","ENSG00000165841.9","CYP2C19","protein_coding",52,57,5
"S6","ENSG00000233377.1","MTND4P20","processed_pseudogene",44,57,13
"S6","ENSG00000138109.9","CYP2C9","protein_coding",56,57,1
"S6","ENSG00000227356.2","LINC00866","lincRNA",48,57,9
"S6","ENSG00000119919.10","NKX2-3","protein_coding",46,57,11
"S6","ENSG00000233690.1","EBAG9P1","processed_pseudogene",56,57,1
"S6","ENSG00000120054.11","CPN1","protein_coding",0,57,57
"S6","ENSG00000075290.7","WNT8B","protein_coding",56,57,1
"S6","ENSG00000107807.12","TLX1","protein_coding",31,57,26
"S6","ENSG00000138136.6","LBX1","protein_coding",56,57,1
"S6","ENSG00000224817.1","RP11-190J1.3","lincRNA",27,57,30
"S6","ENSG00000107831.12","FGF8","protein_coding",52,57,5
"S6","ENSG00000148798.10","INA","protein_coding",56,57,1
"S6","ENSG00000183128.7","CALHM3","protein_coding",55,57,2
"S6","ENSG00000283788.1","MIR936","miRNA",42,57,15
"S6","ENSG00000234393.1","RP11-211N11.5","antisense",56,57,1
"S6","ENSG00000227096.1","HMGB3P8","processed_pseudogene",55,57,2
"S6","ENSG00000203837.4","PNLIPRP3","protein_coding",37,57,20
"S6","ENSG00000165863.16","C10orf82","protein_coding",52,57,5
"S6","ENSG00000148704.12","VAX1","protein_coding",19,57,38
"S6","ENSG00000227437.1","RPS8P4","processed_pseudogene",56,57,1
"S6","ENSG00000232823.2","TXNP1","processed_pseudogene",56,57,1
"S6","ENSG00000177234.7","LINC01561","lincRNA",51,57,6
"S6","ENSG00000274461.1","RP11-323P17.2","processed_transcript",56,57,1
"S6","ENSG00000271434.3","RP13-238F13.3","processed_transcript",40,57,17
"S6","ENSG00000229544.8","NKX1-2","protein_coding",50,57,7
"S6","ENSG00000282787.1","RP11-151A10.3","lincRNA",56,57,1
"S6","ENSG00000154493.17","C10orf90","protein_coding",41,57,16
"S6","ENSG00000186766.7","FOXI2","protein_coding",56,57,1
"S6","ENSG00000180745.4","CLRN3","protein_coding",55,57,2
"S6","ENSG00000280953.2","LINC01163","lincRNA",45,57,12
"S6","ENSG00000277218.1","RP11-500G10.5","sense_intronic",52,57,5
"S6","ENSG00000176769.9","TCERG1L","protein_coding",54,57,3
"S6","ENSG00000283095.1","ABC11-4932300O16.1","lincRNA",54,57,3
"S6","ENSG00000235010.1","RP11-140A10.3","antisense",54,57,3
"S6","ENSG00000197177.15","ADGRA1","protein_coding",56,57,1
"S6","ENSG00000278518.1","RP11-108K14.12","antisense",56,57,1
"S6","ENSG00000270921.1","CICP23","processed_pseudogene",56,57,1
"S6","ENSG00000206013.2","IFITM5","protein_coding",42,57,15
"S6","ENSG00000254739.1","RP13-46H24.1","antisense",54,57,3
"S6","ENSG00000099834.18","CDHR5","protein_coding",56,57,1
"S6","ENSG00000255158.1","RP11-754B17.1","antisense",55,57,2
"S6","ENSG00000184524.5","CEND1","protein_coding",56,57,1
"S6","ENSG00000198788.8","MUC2","processed_transcript",53,57,4
"S6","ENSG00000255177.2","RP11-532E4.2","antisense",56,57,1
"S6","ENSG00000229512.1","AC068580.5","sense_intronic",56,57,1
"S6","ENSG00000099869.7","IGF2-AS","antisense",48,57,9
"S6","ENSG00000180176.14","TH","protein_coding",53,57,4
"S6","ENSG00000230483.1","AC124057.5","antisense",37,57,20
"S6","ENSG00000070985.13","TRPM5","protein_coding",55,57,2
"S6","ENSG00000224513.2","AC109309.4","antisense",52,57,5
"S6","ENSG00000254480.1","RP11-23F23.2","lincRNA",54,57,3
"S6","ENSG00000180785.8","OR51E1","protein_coding",56,57,1
"S6","ENSG00000167332.7","OR51E2","protein_coding",39,57,18
"S6","ENSG00000213934.6","HBG1","protein_coding",56,57,1
"S6","ENSG00000213931.5","HBE1","protein_coding",51,57,6
"S6","ENSG00000167355.7","AC104389.28","processed_transcript",49,57,8
"S6","ENSG00000180988.2","OR52N2","protein_coding",51,57,6
"S6","ENSG00000110148.9","CCKBR","protein_coding",47,57,10
"S6","ENSG00000283415.1","RP11-413N10.3","lincRNA",56,57,1
"S6","ENSG00000166407.13","LMO1","protein_coding",55,57,2
"S6","ENSG00000175868.13","CALCB","protein_coding",55,57,2
"S6","ENSG00000188162.10","OTOG","protein_coding",24,57,33
"S6","ENSG00000129159.7","KCNC1","protein_coding",55,57,2
"S6","ENSG00000148965.9","SAA4","protein_coding",56,57,1
"S6","ENSG00000200336.1","RNA5SP333","rRNA",41,57,16
"S6","ENSG00000166796.11","LDHC","protein_coding",56,57,1
"S6","ENSG00000166800.9","LDHAL6A","protein_coding",56,57,1
"S6","ENSG00000255160.5","RP11-428C19.5","lincRNA",50,57,7
"S6","ENSG00000148942.14","SLC5A12","protein_coding",56,57,1
"S6","ENSG00000254560.5","BBOX1-AS1","antisense",56,57,1
"S6","ENSG00000184937.13","WT1","protein_coding",55,57,2
"S6","ENSG00000183242.11","WT1-AS","antisense",51,57,6
"S6","ENSG00000270903.1","HNRNPA3P9","processed_pseudogene",56,57,1
"S6","ENSG00000255202.1","RP4-541C22.5","antisense",55,57,2
"S6","ENSG00000279675.1","RP11-454H19.2","TEC",56,57,1
"S6","ENSG00000052850.5","ALX4","protein_coding",53,57,4
"S6","ENSG00000254497.1","CTD-2560E9.5","antisense",46,57,11
"S6","ENSG00000180210.14","F2","protein_coding",39,57,18
"S6","ENSG00000256897.1","RP11-17G12.2","antisense",56,57,1
"S6","ENSG00000205025.8","OR5G5P","transcribed_unprocessed_pseudogene",55,57,2
"S6","ENSG00000241356.1","OR5G3","polymorphic_pseudogene",46,57,11
"S6","ENSG00000109991.8","P2RX3","protein_coding",54,57,3
"S6","ENSG00000156689.6","GLYATL2","protein_coding",52,57,5
"S6","ENSG00000166840.13","GLYATL1","protein_coding",52,57,5
"S6","ENSG00000254399.2","GLYATL1P4","unprocessed_pseudogene",49,57,8
"S6","ENSG00000255151.2","GLYATL1P3","protein_coding",43,57,14
"S6","ENSG00000254799.1","SLC25A47P1","processed_pseudogene",50,57,7
"S6","ENSG00000214797.3","RP11-1036E20.9","lincRNA",54,57,3
"S6","ENSG00000214782.7","MS4A18","protein_coding",38,57,19
"S6","ENSG00000149506.11","ZP1","protein_coding",56,57,1
"S6","ENSG00000256196.1","RP11-881M11.4","antisense",52,57,5
"S6","ENSG00000229859.9","PGA3","protein_coding",55,57,2
"S6","ENSG00000229183.8","PGA4","protein_coding",51,57,6
"S6","ENSG00000256713.7","PGA5","protein_coding",55,57,2
"S6","ENSG00000279878.1","RP11-286N22.16","TEC",50,57,7
"S6","ENSG00000256443.1","RP11-794G24.1","lincRNA",56,57,1
"S6","ENSG00000250230.2","RP11-855O10.2","lincRNA",56,57,1
"S6","ENSG00000222328.1","RNU2-2P","snRNA",53,57,4
"S6","ENSG00000277846.1","SNORD30","snoRNA",55,57,2
"S6","ENSG00000274544.1","SNORD28","snoRNA",55,57,2
"S6","ENSG00000276788.1","SNORD26","snoRNA",55,57,2
"S6","ENSG00000168065.15","SLC22A11","protein_coding",49,57,8
"S6","ENSG00000229719.5","MIR194-2HG","lincRNA",46,57,11
"S6","ENSG00000149735.6","GPHA2","protein_coding",54,57,3
"S6","ENSG00000278952.1","RP11-399J13.2","TEC",56,57,1
"S6","ENSG00000204710.2","SPDYC","protein_coding",44,57,13
"S6","ENSG00000283791.1","MIR612","miRNA",54,57,3
"S6","ENSG00000214659.4","KRT8P26","processed_pseudogene",54,57,3
"S6","ENSG00000173237.4","C11orf86","protein_coding",52,57,5
"S6","ENSG00000201684.1","RN7SKP239","misc_RNA",53,57,4
"S6","ENSG00000184224.3","C11orf72","lincRNA",54,57,3
"S6","ENSG00000167800.9","TBX10","protein_coding",37,57,20
"S6","ENSG00000275022.1","MIR6753","miRNA",56,57,1
"S6","ENSG00000255236.2","CTD-2655K5.1","antisense",53,57,4
"S6","ENSG00000069482.6","GAL","protein_coding",55,57,2
"S6","ENSG00000260877.2","RP11-211G23.2","lincRNA",49,57,8
"S6","ENSG00000255774.1","AP000439.3","lincRNA",38,57,19
"S6","ENSG00000162344.3","FGF19","protein_coding",37,57,20
"S6","ENSG00000254605.1","RP11-626H12.2","lincRNA",55,57,2
"S6","ENSG00000279459.1","RP11-826F13.1","TEC",55,57,2
"S6","ENSG00000254997.3","KRTAP5-9","protein_coding",54,57,3
"S6","ENSG00000204572.9","KRTAP5-10","protein_coding",56,57,1
"S6","ENSG00000280269.1","AP000577.2","TEC",51,57,6
"S6","ENSG00000166391.14","MOGAT2","protein_coding",51,57,6
"S6","ENSG00000204529.4","GUCY2EP","transcribed_unprocessed_pseudogene",47,57,10
"S6","ENSG00000254632.1","RP11-21L23.4","antisense",41,57,16
"S6","ENSG00000178795.9","GDPD4","protein_coding",54,57,3
"S6","ENSG00000255345.1","CTD-2337I7.1","lincRNA",52,57,5
"S6","ENSG00000182103.4","FAM181B","protein_coding",56,57,1
"S6","ENSG00000279900.1","RP11-113K21.6","TEC",55,57,2
"S6","ENSG00000204455.7","TRIM51BP","unprocessed_pseudogene",42,57,15
"S6","ENSG00000254558.1","RP11-81M19.3","unprocessed_pseudogene",48,57,9
"S6","ENSG00000255305.1","RP11-529A4.7","unprocessed_pseudogene",52,57,5
"S6","ENSG00000237706.4","TRIM51EP","unprocessed_pseudogene",39,57,18
"S6","ENSG00000181333.11","HEPHL1","protein_coding",54,57,3
"S6","ENSG00000257057.2","C11orf97","protein_coding",54,57,3
"S6","ENSG00000282728.1","PGR-AS1","processed_transcript",56,57,1
"S6","ENSG00000256916.1","RP11-817J15.2","antisense",49,57,8
"S6","ENSG00000118113.11","MMP8","protein_coding",55,57,2
"S6","ENSG00000225678.2","AP000619.5","transcribed_unprocessed_pseudogene",36,57,21
"S6","ENSG00000149968.11","MMP3","protein_coding",56,57,1
"S6","ENSG00000254750.1","CASP1P2","unprocessed_pseudogene",55,57,2
"S6","ENSG00000255221.3","CARD17","protein_coding",56,57,1
"S6","ENSG00000185742.6","C11orf87","protein_coding",54,57,3
"S6","ENSG00000150750.7","C11orf53","protein_coding",56,57,1
"S6","ENSG00000137707.13","BTG4","protein_coding",52,57,5
"S6","ENSG00000254980.1","RP11-794P6.6","antisense",56,57,1
"S6","ENSG00000255129.5","RP11-839D17.3","antisense",56,57,1
"S6","ENSG00000149295.13","DRD2","protein_coding",56,57,1
"S6","ENSG00000255710.2","RP11-667M19.9","processed_pseudogene",55,57,2
"S6","ENSG00000137634.9","NXPE4","protein_coding",55,57,2
"S6","ENSG00000110243.11","APOA5","protein_coding",55,57,2
"S6","ENSG00000254844.4","RP11-728F11.3","antisense",55,57,2
"S6","ENSG00000254428.1","RP11-110I1.11","antisense",56,57,1
"S6","ENSG00000246790.2","RP11-730K11.1","antisense",53,57,4
"S6","ENSG00000254572.2","GLULP3","processed_pseudogene",56,57,1
"S6","ENSG00000200879.1","SNORD14E","snoRNA",52,57,5
"S6","ENSG00000255298.2","OR8G5","protein_coding",40,57,17
"S6","ENSG00000187686.4","KRT18P59","transcribed_processed_pseudogene",56,57,1
"S6","ENSG00000134940.13","ACRV1","protein_coding",56,57,1
"S6","ENSG00000283703.1","RP11-680F20.6","protein_coding",56,57,1
"S6","ENSG00000120471.15","TP53AIP1","protein_coding",55,57,2
"S6","ENSG00000281097.1","LINC01395","lincRNA",44,57,13
"S6","ENSG00000254842.6","RP11-890B15.2","lincRNA",52,57,5
"S6","ENSG00000231698.2","AP002856.5","lincRNA",42,57,15
"S6","ENSG00000238117.1","AP004372.1","antisense",34,57,23
"S6","ENSG00000279711.1","AP004782.1","TEC",55,57,2
"S6","ENSG00000284020.1","MIR4697","miRNA",53,57,4
"S6","ENSG00000251226.1","RP11-469N6.1","lincRNA",53,57,4
"S6","ENSG00000235049.1","LINC00940","lincRNA",55,57,2
"S6","ENSG00000236908.2","RP5-1063M23.2","lincRNA",56,57,1
"S6","ENSG00000111262.5","KCNA1","protein_coding",53,57,4
"S6","ENSG00000256417.1","RP11-1038A11.3","lincRNA",46,57,11
"S6","ENSG00000255983.1","RP11-1038A11.1","lincRNA",37,57,20
"S6","ENSG00000276232.1","SCARNA10","sense_intronic",54,57,3
"S6","ENSG00000239002.3","SCARNA10","snoRNA",54,57,3
"S6","ENSG00000255966.1","RP5-940J5.3","antisense",55,57,2
"S6","ENSG00000215009.5","ACSM4","protein_coding",53,57,4
"S6","ENSG00000256331.1","NIFKP3","processed_pseudogene",56,57,1
"S6","ENSG00000111701.6","APOBEC1","protein_coding",33,57,24
"S6","ENSG00000176654.12","NANOGP1","transcribed_unprocessed_pseudogene",38,57,19
"S6","ENSG00000278635.1","CTD-2318O12.1","unprocessed_pseudogene",43,57,14
"S6","ENSG00000197870.12","PRB3","protein_coding",55,57,2
"S6","ENSG00000255621.1","RP11-377D9.3","lincRNA",56,57,1
"S6","ENSG00000180861.9","LINC01559","lincRNA",52,57,5
"S6","ENSG00000273079.5","GRIN2B","protein_coding",56,57,1
"S6","ENSG00000256084.1","RP11-134N1.2","lincRNA",48,57,9
"S6","ENSG00000214772.2","RP11-174G6.1","antisense",52,57,5
"S6","ENSG00000283240.1","RP11-239A17.1","lincRNA",53,57,4
"S6","ENSG00000255960.1","RP11-459D22.1","processed_pseudogene",34,57,23
"S6","ENSG00000139151.14","PLCZ1","protein_coding",37,57,20
"S6","ENSG00000255910.1","RP11-405A12.2","lincRNA",55,57,2
"S6","ENSG00000256287.1","RP11-664H17.1","lincRNA",45,57,12
"S6","ENSG00000111700.12","SLCO1B3","protein_coding",47,57,10
"S6","ENSG00000257046.5","RP11-545J16.1","protein_coding",45,57,12
"S6","ENSG00000205754.10","SLCO1B7","protein_coding",31,57,26
"S6","ENSG00000257062.6","RP11-125O5.2","protein_coding",0,57,57
"S6","ENSG00000134538.2","SLCO1B1","protein_coding",25,57,32
"S6","ENSG00000111713.2","GYS2","protein_coding",54,57,3
"S6","ENSG00000256615.1","RP11-59N23.3","antisense",53,57,4
"S6","ENSG00000256973.1","RP11-359J14.2","lincRNA",56,57,1
"S6","ENSG00000255921.1","RP11-662I13.2","antisense",55,57,2
"S6","ENSG00000152936.10","LMNTD1","protein_coding",56,57,1
"S6","ENSG00000255968.1","RP11-513G19.1","antisense",56,57,1
"S6","ENSG00000205693.3","MANSC4","protein_coding",56,57,1
"S6","ENSG00000278733.1","RP11-425D17.1","antisense",56,57,1
"S6","ENSG00000275476.1","RP11-996F15.4","antisense",56,57,1
"S6","ENSG00000256232.1","RP11-771K4.1","lincRNA",49,57,8
"S6","ENSG00000255760.1","RP11-428G5.5","lincRNA",54,57,3
"S6","ENSG00000277342.1","RP11-843B15.4","sense_intronic",56,57,1
"S6","ENSG00000274976.1","RP11-8P13.5","sense_intronic",46,57,11
"S6","ENSG00000258794.3","DUX4L27","processed_pseudogene",56,57,1
"S6","ENSG00000274943.1","RP11-351C21.2","sense_intronic",56,57,1
"S6","ENSG00000257114.2","RP11-25I15.3","lincRNA",53,57,4
"S6","ENSG00000173157.16","ADAMTS20","protein_coding",37,57,20
"S6","ENSG00000257331.1","RACGAP1P","processed_pseudogene",54,57,3
"S6","ENSG00000257925.1","RP11-493L12.3","antisense",47,57,10
"S6","ENSG00000258116.1","RP11-493L12.6","processed_pseudogene",50,57,7
"S6","ENSG00000257924.1","RP11-493L12.5","lincRNA",53,57,4
"S6","ENSG00000276691.1","RP5-1057I20.5","antisense",54,57,3
"S6","ENSG00000172640.3","OR10AD1","protein_coding",53,57,4
"S6","ENSG00000125084.11","WNT1","protein_coding",51,57,6
"S6","ENSG00000186897.4","C1QL4","protein_coding",41,57,16
"S6","ENSG00000167580.7","AQP2","protein_coding",56,57,1
"S6","ENSG00000260122.1","RP11-923I11.3","lincRNA",56,57,1
"S6","ENSG00000260473.2","RP11-923I11.4","lincRNA",55,57,2
"S6","ENSG00000259887.1","RP11-923I11.5","lincRNA",54,57,3
"S6","ENSG00000167612.12","ANKRD33","protein_coding",47,57,10
"S6","ENSG00000257137.6","C12orf80","lincRNA",52,57,5
"S6","ENSG00000258279.3","LINC00592","lincRNA",56,57,1
"S6","ENSG00000170523.3","KRT83","protein_coding",53,57,4
"S6","ENSG00000274928.6","KRT89P","transcribed_unprocessed_pseudogene",54,57,3
"S6","ENSG00000170454.5","KRT75","protein_coding",51,57,6
"S6","ENSG00000170465.9","KRT6C","protein_coding",56,57,1
"S6","ENSG00000186442.7","KRT3","protein_coding",54,57,3
"S6","ENSG00000170423.12","KRT78","protein_coding",54,57,3
"S6","ENSG00000167780.11","SOAT2","protein_coding",54,57,3
"S6","ENSG00000249641.2","HOXC13-AS","antisense",32,57,25
"S6","ENSG00000123364.4","HOXC13","protein_coding",41,57,16
"S6","ENSG00000123407.3","HOXC12","protein_coding",24,57,33
"S6","ENSG00000228630.5","HOTAIR","antisense",32,57,25
"S6","ENSG00000123388.4","HOXC11","protein_coding",39,57,18
"S6","ENSG00000251151.2","HOXC-AS3","processed_transcript",31,57,26
"S6","ENSG00000180818.4","HOXC10","protein_coding",50,57,7
"S6","ENSG00000250133.2","HOXC-AS2","processed_transcript",46,57,11
"S6","ENSG00000250451.5","HOXC-AS1","antisense",51,57,6
"S6","ENSG00000180806.4","HOXC9","protein_coding",56,57,1
"S6","ENSG00000037965.5","HOXC8","protein_coding",55,57,2
"S6","ENSG00000260597.1","AC012531.25","lincRNA",45,57,12
"S6","ENSG00000273049.1","RP11-834C11.12","protein_coding",55,57,2
"S6","ENSG00000248265.1","FLJ12825","lincRNA",56,57,1
"S6","ENSG00000250432.5","LINC01598","lincRNA",55,57,2
"S6","ENSG00000260470.1","RP11-834C11.11","lincRNA",53,57,4
"S6","ENSG00000283073.1","RP11-834C11.15","lincRNA",55,57,2
"S6","ENSG00000172551.10","MUCL1","protein_coding",56,57,1
"S6","ENSG00000278399.1","RP11-74M13.5","unprocessed_pseudogene",53,57,4
"S6","ENSG00000175189.3","INHBC","protein_coding",56,57,1
"S6","ENSG00000269903.1","RP11-571M6.18","lincRNA",56,57,1
"S6","ENSG00000257443.1","RP11-150C16.1","antisense",56,57,1
"S6","ENSG00000185306.12","C12orf56","protein_coding",56,57,1
"S6","ENSG00000243024.6","RPS11P6","transcribed_processed_pseudogene",56,57,1
"S6","ENSG00000255693.1","RP11-766N7.3","lincRNA",55,57,2
"S6","ENSG00000256268.1","RP11-221N13.3","lincRNA",47,57,10
"S6","ENSG00000241749.4","RPSAP52","transcribed_processed_pseudogene",51,57,6
"S6","ENSG00000197301.7","RP11-366L20.2","antisense",56,57,1
"S6","ENSG00000236946.2","HNRNPA1P70","processed_pseudogene",49,57,8
"S6","ENSG00000111536.4","IL26","protein_coding",53,57,4
"S6","ENSG00000255733.5","IFNG-AS1","antisense",56,57,1
"S6","ENSG00000273824.1","RP11-81H14.1","lincRNA",54,57,3
"S6","ENSG00000257818.1","C1GALT1P1","processed_pseudogene",55,57,2
"S6","ENSG00000274979.1","RP11-1143G9.5","lincRNA",55,57,2
"S6","ENSG00000127325.18","BEST3","protein_coding",50,57,7
"S6","ENSG00000279530.2","RP11-398J13.1","TEC",55,57,2
"S6","ENSG00000257302.1","FAHD2P1","processed_pseudogene",53,57,4
"S6","ENSG00000258053.1","CTD-2021H9.3","lincRNA",45,57,12
"S6","ENSG00000257761.1","RP11-186F10.2","antisense",56,57,1
"S6","ENSG00000257364.1","VENTXP3","processed_pseudogene",22,57,35
"S6","ENSG00000251138.6","RP11-81H3.2","lincRNA",50,57,7
"S6","ENSG00000257434.1","RP11-81K13.1","antisense",39,57,18
"S6","ENSG00000166006.12","KCNC2","protein_coding",41,57,16
"S6","ENSG00000258245.1","RPL10P13","processed_pseudogene",56,57,1
"S6","ENSG00000258088.1","RP11-114H23.2","lincRNA",50,57,7
"S6","ENSG00000258077.2","RP11-114H23.1","lincRNA",54,57,3
"S6","ENSG00000072041.16","SLC6A15","protein_coding",53,57,4
"S6","ENSG00000231738.10","TSPAN19","protein_coding",56,57,1
"S6","ENSG00000180318.3","ALX1","protein_coding",46,57,11
"S6","ENSG00000258815.1","RP11-408B11.2","lincRNA",24,57,33
"S6","ENSG00000271259.1","RP11-1109F11.5","lincRNA",55,57,2
"S6","ENSG00000083782.7","EPYC","protein_coding",55,57,2
"S6","ENSG00000277851.1","RP11-756G20.1","lincRNA",56,57,1
"S6","ENSG00000205057.4","CLLU1OS","protein_coding",48,57,9
"S6","ENSG00000257322.5","RP11-511B23.2","antisense",56,57,1
"S6","ENSG00000257512.1","RP11-486A14.1","transcribed_processed_pseudogene",54,57,3
"S6","ENSG00000257252.5","RP11-486A14.2","antisense",56,57,1
"S6","ENSG00000283998.1","MIR492","miRNA",55,57,2
"S6","ENSG00000265917.1","MIR3685","miRNA",56,57,1
"S6","ENSG00000258343.1","RP11-536G4.2","antisense",56,57,1
"S6","ENSG00000277081.1","RMST_10","misc_RNA",55,57,2
"S6","ENSG00000257501.6","RP11-1016B18.1","transcribed_processed_pseudogene",51,57,6
"S6","ENSG00000266610.2","RN7SL176P","misc_RNA",55,57,2
"S6","ENSG00000257543.1","RP11-321F8.4","lincRNA",56,57,1
"S6","ENSG00000196091.13","MYBPC1","protein_coding",56,57,1
"S6","ENSG00000283052.1","RP11-210L7.3","lincRNA",45,57,12
"S6","ENSG00000171759.9","PAH","protein_coding",53,57,4
"S6","ENSG00000257703.5","RP11-328J6.1","lincRNA",39,57,18
"S6","ENSG00000257327.1","RP11-650K20.3","lincRNA",56,57,1
"S6","ENSG00000257732.1","RP11-818F20.5","antisense",50,57,7
"S6","ENSG00000257758.1","KRT18P20","processed_pseudogene",55,57,2
"S6","ENSG00000257579.1","RP11-128P10.1","antisense",52,57,5
"S6","ENSG00000257951.2","RP11-554D14.4","unprocessed_pseudogene",51,57,6
"S6","ENSG00000258072.1","RP11-554D14.2","processed_pseudogene",54,57,3
"S6","ENSG00000257221.3","RP11-689B22.2","antisense",56,57,1
"S6","ENSG00000139445.17","FOXN4","protein_coding",50,57,7
"S6","ENSG00000255650.5","FAM222A-AS1","antisense",56,57,1
"S6","ENSG00000277595.1","RP11-946P6.6","sense_intronic",56,57,1
"S6","ENSG00000111249.13","CUX2","protein_coding",56,57,1
"S6","ENSG00000277566.1","RP11-545P7.9","sense_intronic",56,57,1
"S6","ENSG00000089116.3","LHX5","protein_coding",44,57,13
"S6","ENSG00000249550.6","LINC01234","lincRNA",41,57,16
"S6","ENSG00000258346.1","RP11-148B3.2","lincRNA",43,57,14
"S6","ENSG00000257883.1","RP11-497G19.1","lincRNA",51,57,6
"S6","ENSG00000257654.1","RP11-497G19.2","lincRNA",42,57,15
"S6","ENSG00000275936.1","RP1-278C19.8","antisense",53,57,4
"S6","ENSG00000202538.1","RNU4-2","snRNA",49,57,8
"S6","ENSG00000244585.1","RPL12P33","processed_pseudogene",56,57,1
"S6","ENSG00000256742.1","RP13-941N14.1","lincRNA",56,57,1
"S6","ENSG00000274191.1","RP11-324E6.10","lincRNA",54,57,3
"S6","ENSG00000280381.1","RP11-197N18.8","TEC",56,57,1
"S6","ENSG00000278112.1","RP11-972P1.11","sense_intronic",55,57,2
"S6","ENSG00000269997.1","RP11-214K3.21","sense_intronic",55,57,2
"S6","ENSG00000270061.1","RP11-214K3.19","sense_intronic",55,57,2
"S6","ENSG00000214650.2","RP11-83B20.1","lincRNA",56,57,1
"S6","ENSG00000278973.1","RP11-83B20.9","TEC",56,57,1
"S6","ENSG00000249267.6","LINC00939","lincRNA",47,57,10
"S6","ENSG00000255595.2","RP4-809F18.1","protein_coding",51,57,6
"S6","ENSG00000189238.5","LINC00943","lincRNA",55,57,2
"S6","ENSG00000249345.6","RP11-575F12.1","lincRNA",38,57,19
"S6","ENSG00000256001.1","RP11-575F12.2","lincRNA",54,57,3
"S6","ENSG00000279500.1","RP11-21K12.2","TEC",56,57,1
"S6","ENSG00000261650.1","RP11-474D1.4","lincRNA",19,57,38
"S6","ENSG00000214039.8","RP11-474D1.3","lincRNA",35,57,22
"S6","ENSG00000276122.1","RP11-143E21.3","lincRNA",19,57,38
"S6","ENSG00000125207.7","PIWIL1","protein_coding",40,57,17
"S6","ENSG00000279905.1","RP11-117L5.1","TEC",31,57,26
"S6","ENSG00000256250.1","RP11-989F5.1","lincRNA",56,57,1
"S6","ENSG00000279940.1","RP11-243M5.5","TEC",56,57,1
"S6","ENSG00000279128.1","RP11-76C10.4","TEC",51,57,6
"S6","ENSG00000279993.1","RP11-76C10.3","TEC",51,57,6
"S6","ENSG00000204603.6","LINC01257","lincRNA",33,57,24
"S6","ENSG00000280217.1","RP11-638F5.2","TEC",52,57,5
"S6","ENSG00000248703.2","RP11-495K9.3","lincRNA",47,57,10
"S6","ENSG00000279746.1","RP11-495K9.2","TEC",49,57,8
"S6","ENSG00000279283.1","RP11-417L19.5","TEC",56,57,1
"S6","ENSG00000278872.1","RP13-895J2.4","TEC",44,57,13
"S6","ENSG00000256542.2","RP13-895J2.3","antisense",47,57,10
"S6","ENSG00000182870.12","GALNT9","protein_coding",55,57,2
"S6","ENSG00000274373.1","RP13-714J12.1","lincRNA",54,57,3
"S6","ENSG00000279516.1","FAM230C","processed_transcript",14,57,43
"S6","ENSG00000121743.3","GJA3","protein_coding",56,57,1
"S6","ENSG00000196593.9","ANKRD20A19P","transcribed_unprocessed_pseudogene",44,57,13
"S6","ENSG00000281899.1","AL359736.1","protein_coding",56,57,1
"S6","ENSG00000243008.2","RP11-556N21.1","processed_transcript",56,57,1
"S6","ENSG00000205822.10","TPTE2P6","transcribed_unprocessed_pseudogene",55,57,2
"S6","ENSG00000226695.1","ANKRD20A10P","processed_pseudogene",54,57,3
"S6","ENSG00000165566.12","AMER2","protein_coding",47,57,10
"S6","ENSG00000132975.7","GPR12","protein_coding",49,57,8
"S6","ENSG00000229609.1","LINC01079","lincRNA",27,57,30
"S6","ENSG00000247381.2","PLUT","antisense",0,57,57
"S6","ENSG00000139515.5","PDX1","protein_coding",33,57,24
"S6","ENSG00000165556.9","CDX2","protein_coding",48,57,9
"S6","ENSG00000279149.1","RP11-374F3.5","TEC",55,57,2
"S6","ENSG00000237879.1","LINC00398","lincRNA",55,57,2
"S6","ENSG00000224743.6","TEX26-AS1","antisense",56,57,1
"S6","ENSG00000133105.7","RXFP2","protein_coding",56,57,1
"S6","ENSG00000120669.15","SOHLH2","protein_coding",54,57,3
"S6","ENSG00000279511.1","RP11-676B18.1","TEC",33,57,24
"S6","ENSG00000274317.1","RP11-93G5.1","lincRNA",55,57,2
"S6","ENSG00000278338.4","VWA8-AS1","antisense",56,57,1
"S6","ENSG00000283554.1","RP11-413N19.2","lincRNA",54,57,3
"S6","ENSG00000120659.14","TNFSF11","protein_coding",56,57,1
"S6","ENSG00000237361.2","TUSC8","lincRNA",41,57,16
"S6","ENSG00000235366.2","LINC01055","lincRNA",55,57,2
"S6","ENSG00000174015.9","SPERT","protein_coding",48,57,9
"S6","ENSG00000278937.1","RP11-139H14.5","TEC",52,57,5
"S6","ENSG00000274878.1","DLEU2_3","misc_RNA",56,57,1
"S6","ENSG00000136110.12","CNMD","protein_coding",56,57,1
"S6","ENSG00000136099.13","PCDH8","protein_coding",41,57,16
"S6","ENSG00000227674.1","LINC00355","lincRNA",25,57,32
"S6","ENSG00000235532.1","LINC00402","lincRNA",56,57,1
"S6","ENSG00000102794.9","ACOD1","protein_coding",55,57,2
"S6","ENSG00000271776.1","RP11-52L5.6","antisense",37,57,20
"S6","ENSG00000152192.7","POU4F1","protein_coding",53,57,4
"S6","ENSG00000284196.1","RP11-470M1.2","processed_transcript",44,57,13
"S6","ENSG00000228824.6","MIR4500HG","lincRNA",51,57,6
"S6","ENSG00000272046.1","RP11-471M2.3","lincRNA",13,57,44
"S6","ENSG00000283783.1","MIR622","miRNA",56,57,1
"S6","ENSG00000223392.1","CLDN10-AS1","antisense",45,57,12
"S6","ENSG00000203441.2","LINC00449","antisense",56,57,1
"S6","ENSG00000139800.8","ZIC5","protein_coding",45,57,12
"S6","ENSG00000043355.11","ZIC2","protein_coding",56,57,1
"S6","ENSG00000276957.1","RP11-29B2.6","lincRNA",54,57,3
"S6","ENSG00000125255.6","SLC10A2","protein_coding",51,57,6
"S6","ENSG00000274204.1","RP11-272L14.2","sense_intronic",51,57,6
"S6","ENSG00000276740.1","RP11-381O6.1","sense_intronic",52,57,5
"S6","ENSG00000274718.1","RP11-346C4.3","lincRNA",56,57,1
"S6","ENSG00000236242.1","MYO16-AS1","antisense",56,57,1
"S6","ENSG00000234854.1","LINC00676","antisense",10,57,47
"S6","ENSG00000279965.1","RP11-472K17.3","TEC",56,57,1
"S6","ENSG00000259831.1","LINC00567","lincRNA",51,57,6
"S6","ENSG00000277767.1","RP11-365P13.5","lincRNA",56,57,1
"S6","ENSG00000182968.4","SOX1","protein_coding",25,57,32
"S6","ENSG00000197595.4","ATP11AUN","lincRNA",45,57,12
"S6","ENSG00000269376.1","RP11-120K24.5","sense_intronic",52,57,5
"S6","ENSG00000126231.13","PROZ","protein_coding",53,57,4
"S6","ENSG00000276916.1","RP11-230F18.6","sense_intronic",56,57,1
"S6","ENSG00000186009.4","ATP4B","protein_coding",55,57,2
"S6","ENSG00000283361.1","RP11-569D9.5","protein_coding",53,57,4
"S6","ENSG00000228294.6","BMS1P17","transcribed_unprocessed_pseudogene",56,57,1
"S6","ENSG00000258806.1","OR11H7","polymorphic_pseudogene",52,57,5
"S6","ENSG00000169397.3","RNASE3","protein_coding",54,57,3
"S6","ENSG00000165794.9","SLC39A2","protein_coding",53,57,4
"S6","ENSG00000165799.4","RNASE7","protein_coding",55,57,2
"S6","ENSG00000255569.1","TRAV1-1","TR_V_gene",52,57,5
"S6","ENSG00000211778.2","TRAV4","TR_V_gene",55,57,2
"S6","ENSG00000211779.3","TRAV5","TR_V_gene",55,57,2
"S6","ENSG00000211780.3","TRAV6","TR_V_gene",55,57,2
"S6","ENSG00000211782.2","TRAV8-1","TR_V_gene",55,57,2
"S6","ENSG00000211784.2","TRAV10","TR_V_gene",51,57,6
"S6","ENSG00000211786.3","TRAV8-2","TR_V_gene",56,57,1
"S6","ENSG00000211789.2","TRAV12-2","TR_V_gene",56,57,1
"S6","ENSG00000211791.2","TRAV13-2","TR_V_gene",56,57,1
"S6","ENSG00000211792.2","TRAV14DV4","TR_V_gene",55,57,2
"S6","ENSG00000211794.3","TRAV12-3","TR_V_gene",56,57,1
"S6","ENSG00000211805.1","TRAV24","TR_V_gene",54,57,3
"S6","ENSG00000211806.2","TRAV25","TR_V_gene",55,57,2
"S6","ENSG00000211812.1","TRAV26-2","TR_V_gene",55,57,2
"S6","ENSG00000211815.3","TRAV36DV7","TR_V_gene",56,57,1
"S6","ENSG00000259054.1","AE000662.93","lincRNA",50,57,7
"S6","ENSG00000279656.1","RP11-298I3.6","TEC",53,57,4
"S6","ENSG00000197616.11","MYH6","protein_coding",35,57,22
"S6","ENSG00000092054.12","MYH7","protein_coding",38,57,19
"S6","ENSG00000273618.1","RP11-66N24.7","antisense",55,57,2
"S6","ENSG00000257842.5","NOVA1-AS1","antisense",31,57,26
"S6","ENSG00000257185.1","RP11-626P14.2","lincRNA",24,57,33
"S6","ENSG00000258932.5","CTD-3006G17.2","transcribed_processed_pseudogene",18,57,39
"S6","ENSG00000257869.1","CTD-2591A6.2","lincRNA",18,57,39
"S6","ENSG00000258175.1","RP11-412H8.2","lincRNA",46,57,11
"S6","ENSG00000176165.10","FOXG1","protein_coding",33,57,24
"S6","ENSG00000257636.6","RP11-1103G16.1","antisense",23,57,34
"S6","ENSG00000258474.1","RP11-187E13.1","lincRNA",47,57,10
"S6","ENSG00000240023.1","RP11-561B11.1","processed_pseudogene",56,57,1
"S6","ENSG00000168348.3","INSM2","protein_coding",49,57,8
"S6","ENSG00000257826.1","RP11-116N8.4","lincRNA",53,57,4
"S6","ENSG00000251363.2","RP11-129M6.1","lincRNA",51,57,6
"S6","ENSG00000258700.5","LINC00871","lincRNA",27,57,30
"S6","ENSG00000139915.18","MDGA2","protein_coding",46,57,11
"S6","ENSG00000259129.5","LINC00648","lincRNA",51,57,6
"S6","ENSG00000258955.1","LINC00519","lincRNA",56,57,1
"S6","ENSG00000277050.1","RP11-102G14.1","antisense",56,57,1
"S6","ENSG00000225680.1","AL163953.2","lincRNA",40,57,17
"S6","ENSG00000235269.1","AL162759.1","lincRNA",48,57,9
"S6","ENSG00000258791.7","LINC00520","lincRNA",55,57,2
"S6","ENSG00000243388.1","RPL3P3","processed_pseudogene",56,57,1
"S6","ENSG00000258592.1","RP11-108M12.3","lincRNA",53,57,4
"S6","ENSG00000100557.9","C14orf105","protein_coding",48,57,9
"S6","ENSG00000131951.10","LRRC9","protein_coding",55,57,2
"S6","ENSG00000254718.6","CTD-2184C24.2","antisense",56,57,1
"S6","ENSG00000258952.2","SALRNA1","lincRNA",50,57,7
"S6","ENSG00000186369.10","LINC00643","transcribed_unitary_pseudogene",56,57,1
"S6","ENSG00000140015.19","KCNH5","protein_coding",49,57,8
"S6","ENSG00000258760.1","CTD-2509G16.5","lincRNA",56,57,1
"S6","ENSG00000258837.1","CTD-2566J3.1","antisense",32,57,25
"S6","ENSG00000259038.1","CTD-2325P2.4","antisense",55,57,2
"S6","ENSG00000267909.2","CCDC177","protein_coding",45,57,12
"S6","ENSG00000274330.1","RP11-486O13.5","unprocessed_pseudogene",56,57,1
"S6","ENSG00000258689.1","LINC01269","lincRNA",56,57,1
"S6","ENSG00000269927.1","RP6-91H8.3","lincRNA",53,57,4
"S6","ENSG00000266869.1","RP6-114E22.1","lincRNA",34,57,23
"S6","ENSG00000119715.14","ESRRB","protein_coding",56,57,1
"S6","ENSG00000258602.1","LINC01629","lincRNA",44,57,13
"S6","ENSG00000243225.2","RP11-7F17.1","processed_pseudogene",40,57,17
"S6","ENSG00000165553.4","NGB","protein_coding",27,57,30
"S6","ENSG00000100593.17","ISM2","protein_coding",55,57,2
"S6","ENSG00000100433.15","KCNK10","protein_coding",56,57,1
"S6","ENSG00000283627.1","RP11-151G14.2","lincRNA",45,57,12
"S6","ENSG00000230997.5","RAB42P1","processed_pseudogene",56,57,1
"S6","ENSG00000258884.1","CTD-3035D6.2","lincRNA",55,57,2
"S6","ENSG00000268295.1","POLR3GP1","transcribed_processed_pseudogene",55,57,2
"S6","ENSG00000258774.1","NANOGP7","transcribed_processed_pseudogene",48,57,9
"S6","ENSG00000258584.1","FAM181A-AS1","antisense",56,57,1
"S6","ENSG00000170099.5","SERPINA6","protein_coding",52,57,5
"S6","ENSG00000100665.11","SERPINA4","protein_coding",47,57,10
"S6","ENSG00000133937.4","GSC","protein_coding",53,57,4
"S6","ENSG00000258927.1","RP11-1070N10.5","lincRNA",29,57,28
"S6","ENSG00000187621.14","TCL6","processed_transcript",56,57,1
"S6","ENSG00000259084.6","RP11-1070N10.6","processed_transcript",53,57,4
"S6","ENSG00000257275.6","RP11-164H13.1","antisense",52,57,5
"S6","ENSG00000258702.1","RP11-433J8.1","lincRNA",55,57,2
"S6","ENSG00000185559.13","DLK1","protein_coding",44,57,13
"S6","ENSG00000276919.1","MEG3_2","misc_RNA",53,57,4
"S6","ENSG00000254656.1","RTL1","protein_coding",28,57,29
"S6","ENSG00000225746.9","SNHG23","lincRNA",56,57,1
"S6","ENSG00000223403.3","MEG9","lincRNA",55,57,2
"S6","ENSG00000259023.2","LINC00524","lincRNA",35,57,22
"S6","ENSG00000258919.1","RP11-1029J19.4","lincRNA",56,57,1
"S6","ENSG00000258404.1","RP11-1029J19.5","lincRNA",53,57,4
"S6","ENSG00000259508.1","RP11-661D19.3","lincRNA",49,57,8
"S6","ENSG00000278071.1","RP11-736N17.10","lincRNA",55,57,2
"S6","ENSG00000243904.1","RPSAP5","processed_pseudogene",56,57,1
"S6","ENSG00000258735.1","LINC00637","lincRNA",52,57,5
"S6","ENSG00000166183.15","ASPG","protein_coding",56,57,1
"S6","ENSG00000184601.10","C14orf180","protein_coding",56,57,1
"S6","ENSG00000258986.6","TMEM179","protein_coding",52,57,5
"S6","ENSG00000260792.1","RP11-982M15.8","lincRNA",52,57,5
"S6","ENSG00000256050.2","RP11-982M15.6","lincRNA",56,57,1
"S6","ENSG00000279140.1","RP11-477I4.4","TEC",56,57,1
"S6","ENSG00000258811.1","CTD-3051D23.1","lincRNA",56,57,1
"S6","ENSG00000258593.2","CTD-3051D23.4","lincRNA",54,57,3
"S6","ENSG00000211891.5","IGHE","IG_C_gene",55,57,2
"S6","ENSG00000274172.1","MIR8071-1","miRNA",50,57,7
"S6","ENSG00000277030.1","MIR8071-2","miRNA",54,57,3
"S6","ENSG00000253364.2","RP11-731F5.2","lincRNA",52,57,5
"S6","ENSG00000253692.3","IGHEP1","IG_C_pseudogene",47,57,10
"S6","ENSG00000263413.2","MIR4538","miRNA",43,57,14
"S6","ENSG00000264781.1","MIR4537","miRNA",47,57,10
"S6","ENSG00000237111.1","IGHJ3P","IG_J_pseudogene",53,57,4
"S6","ENSG00000211911.1","IGHD3-22","IG_D_gene",56,57,1
"S6","ENSG00000211917.1","IGHD3-16","IG_D_gene",48,57,9
"S6","ENSG00000244620.1","AL122127.25","lincRNA",51,57,6
"S6","ENSG00000211918.1","IGHD2-15","IG_D_gene",52,57,5
"S6","ENSG00000211923.1","IGHD3-10","IG_D_gene",51,57,6
"S6","ENSG00000211924.1","IGHD3-9","IG_D_gene",51,57,6
"S6","ENSG00000211930.1","IGHD3-3","IG_D_gene",53,57,4
"S6","ENSG00000211931.1","IGHD2-2","IG_D_gene",47,57,10
"S6","ENSG00000254174.1","IGHV1-12","IG_V_pseudogene",56,57,1
"S6","ENSG00000254046.1","IGHV1-17","IG_V_pseudogene",56,57,1
"S6","ENSG00000253345.1","IGHVII-22-1","IG_V_pseudogene",42,57,15
"S6","ENSG00000254326.1","IGHV7-27","IG_V_pseudogene",55,57,2
"S6","ENSG00000254289.2","IGHV3-32","IG_V_pseudogene",54,57,3
"S6","ENSG00000253587.2","IGHV3-30-2","IG_V_pseudogene",51,57,6
"S6","ENSG00000270474.2","IGHV3-29","IG_V_pseudogene",56,57,1
"S6","ENSG00000253325.1","IGHV7-34-1","IG_V_pseudogene",53,57,4
"S6","ENSG00000253240.1","IGHV3-36","IG_V_pseudogene",56,57,1
"S6","ENSG00000253359.1","IGHV3-37","IG_V_pseudogene",56,57,1
"S6","ENSG00000253467.2","IGHV7-40","IG_V_pseudogene",44,57,13
"S6","ENSG00000228966.2","HOMER2P1","processed_pseudogene",52,57,5
"S6","ENSG00000254228.2","IGHV3-42","IG_V_pseudogene",56,57,1
"S6","ENSG00000283195.1","IGHVII-43-1","IG_V_pseudogene",48,57,9
"S6","ENSG00000270816.5","LINC00221","lincRNA",34,57,23
"S6","ENSG00000253241.1","IGHV3-50","IG_V_pseudogene",50,57,7
"S6","ENSG00000254167.1","IGHVIII-51-1","IG_V_pseudogene",55,57,2
"S6","ENSG00000253941.1","IGHVII-51-2","IG_V_pseudogene",52,57,5
"S6","ENSG00000275475.1","IGHV3-54","IG_V_pseudogene",54,57,3
"S6","ENSG00000253131.1","IGHV7-56","IG_V_pseudogene",56,57,1
"S6","ENSG00000253703.2","IGHV1-68","IG_V_pseudogene",56,57,1
"S6","ENSG00000283571.1","CH17-212P11.8","IG_pseudogene",56,57,1
"S6","ENSG00000254176.1","IGHV3-75","IG_V_pseudogene",55,57,2
"S6","ENSG00000253247.1","IGHV3-76","IG_V_pseudogene",55,57,2
"S6","ENSG00000275747.1","IGHV3-79","IG_V_pseudogene",52,57,5
"S6","ENSG00000211979.2","IGHV7-81","IG_V_gene",56,57,1
"S6","ENSG00000259337.4","IGHV1OR15-2","IG_V_pseudogene",56,57,1
"S6","ENSG00000259490.2","IGHV3OR15-7","IG_V_gene",54,57,3
"S6","ENSG00000259156.7","CHEK2P2","transcribed_unprocessed_pseudogene",56,57,1
"S6","ENSG00000258488.2","RP11-467L19.8","unprocessed_pseudogene",56,57,1
"S6","ENSG00000258590.5","NBEAP1","transcribed_unprocessed_pseudogene",56,57,1
"S6","ENSG00000270356.1","IGHV1OR15-4","IG_V_pseudogene",48,57,9
"S6","ENSG00000259098.1","RP11-603B24.2","processed_pseudogene",54,57,3
"S6","ENSG00000281909.1","RP11-439M15.1","unprocessed_pseudogene",56,57,1
"S6","ENSG00000277867.1","AC138649.1","processed_pseudogene",56,57,1
"S6","ENSG00000274099.1","ABCB10P1","processed_pseudogene",56,57,1
"S6","ENSG00000259414.1","HERC2P7","unprocessed_pseudogene",51,57,6
"S6","ENSG00000274471.1","RP11-228M15.1","unprocessed_pseudogene",56,57,1
"S6","ENSG00000260978.1","MKRN3-AS1","antisense",35,57,22
"S6","ENSG00000179455.7","MKRN3","protein_coding",52,57,5
"S6","ENSG00000257647.1","RP11-701H24.3","lincRNA",56,57,1
"S6","ENSG00000278840.1","RP11-345N11.1","sense_intronic",48,57,9
"S6","ENSG00000182256.12","GABRG3","protein_coding",53,57,4
"S6","ENSG00000261480.1","GOLGA8M","lincRNA",56,57,1
"S6","ENSG00000261649.6","GOLGA6L7P","protein_coding",52,57,5
"S6","ENSG00000259644.1","RP11-680F8.4","sense_intronic",56,57,1
"S6","ENSG00000260784.1","AC026150.6","unprocessed_pseudogene",56,57,1
"S6","ENSG00000269974.1","RP11-932O9.10","lincRNA",55,57,2
"S6","ENSG00000134160.13","TRPM1","protein_coding",55,57,2
"S6","ENSG00000259358.1","RP11-456J20.1","processed_pseudogene",52,57,5
"S6","ENSG00000260211.2","RP13-395E19.2","processed_pseudogene",49,57,8
"S6","ENSG00000261279.5","ULK4P1","transcribed_unprocessed_pseudogene",56,57,1
"S6","ENSG00000261375.1","RP11-632K20.6","unprocessed_pseudogene",56,57,1
"S6","ENSG00000254912.2","RP11-632K20.2","unprocessed_pseudogene",56,57,1
"S6","ENSG00000259721.1","RP11-758N13.1","lincRNA",56,57,1
"S6","ENSG00000259450.1","RP11-265N7.1","lincRNA",55,57,2
"S6","ENSG00000175746.6","C15orf54","lincRNA",56,57,1
"S6","ENSG00000259307.1","PLCB2-AS1","antisense",56,57,1
"S6","ENSG00000233041.8","PHGR1","protein_coding",38,57,19
"S6","ENSG00000178997.11","EXD1","protein_coding",56,57,1
"S6","ENSG00000246740.2","PLA2G4E-AS1","antisense",56,57,1
"S6","ENSG00000274403.1","CTD-2036P10.6","antisense",56,57,1
"S6","ENSG00000104055.15","TGM5","protein_coding",55,57,2
"S6","ENSG00000259520.5","CTD-2651B20.3","antisense",56,57,1
"S6","ENSG00000259705.1","RP11-227D13.1","lincRNA",56,57,1
"S6","ENSG00000259715.1","CTD-3110H11.1","lincRNA",56,57,1
"S6","ENSG00000259240.1","RP11-108K3.1","lincRNA",46,57,11
"S6","ENSG00000259306.2","RP11-108K3.2","lincRNA",32,57,25
"S6","ENSG00000259712.1","CTD-2184D3.5","antisense",56,57,1
"S6","ENSG00000169856.8","ONECUT1","protein_coding",53,57,4
"S6","ENSG00000259203.1","RP11-209K10.2","lincRNA",33,57,24
"S6","ENSG00000259237.1","RP11-209E8.1","lincRNA",19,57,38
"S6","ENSG00000280362.1","RP11-643A5.3","TEC",55,57,2
"S6","ENSG00000137766.16","UNC13C","protein_coding",55,57,2
"S6","ENSG00000259738.1","ZNF444P1","processed_pseudogene",51,57,6
"S6","ENSG00000277144.1","RP11-59H7.4","lincRNA",55,57,2
"S6","ENSG00000171956.6","FOXB1","protein_coding",53,57,4
"S6","ENSG00000166104.14","RP11-299H22.3","transcribed_unprocessed_pseudogene",56,57,1
"S6","ENSG00000260062.3","GOLGA2P11","transcribed_unprocessed_pseudogene",44,57,13
"S6","ENSG00000261296.1","RP11-299H22.6","lincRNA",47,57,10
"S6","ENSG00000259727.1","RP11-1069G10.2","lincRNA",47,57,10
"S6","ENSG00000174498.13","IGDCC3","protein_coding",55,57,2
"S6","ENSG00000277152.1","RP11-622C24.2","lincRNA",56,57,1
"S6","ENSG00000137808.12","RP11-809H16.2","processed_transcript",55,57,2
"S6","ENSG00000212766.9","EWSAT1","lincRNA",56,57,1
"S6","ENSG00000259457.1","RP11-279F6.2","lincRNA",56,57,1
"S6","ENSG00000259703.5","LINC00593","lincRNA",49,57,8
"S6","ENSG00000225362.8","CT62","protein_coding",56,57,1
"S6","ENSG00000271072.1","PHBP20","processed_pseudogene",56,57,1
"S6","ENSG00000248540.2","RP11-247C2.2","lincRNA",56,57,1
"S6","ENSG00000277749.1","RP11-60L3.6","antisense",53,57,4
"S6","ENSG00000140465.13","CYP1A1","protein_coding",55,57,2
"S6","ENSG00000261606.5","RP11-414J4.2","processed_transcript",49,57,8
"S6","ENSG00000276744.1","CTD-2562G15.3","sense_intronic",56,57,1
"S6","ENSG00000259514.1","RP11-685G9.2","antisense",54,57,3
"S6","ENSG00000259420.5","RP11-307C19.2","lincRNA",49,57,8
"S6","ENSG00000260988.1","RP11-285A1.1","lincRNA",56,57,1
"S6","ENSG00000279694.1","RP11-5O23.2","TEC",55,57,2
"S6","ENSG00000166426.7","CRABP1","protein_coding",55,57,2
"S6","ENSG00000271983.1","RP11-28H5.2","lincRNA",54,57,3
"S6","ENSG00000260619.1","RP11-775C24.3","lincRNA",54,57,3
"S6","ENSG00000278029.1","CTD-2240J17.2","lincRNA",52,57,5
"S6","ENSG00000259692.5","RP11-499F3.2","lincRNA",48,57,9
"S6","ENSG00000259726.1","CSPG4P11","unprocessed_pseudogene",56,57,1
"S6","ENSG00000259774.1","RP11-182J1.13","lincRNA",55,57,2
"S6","ENSG00000156222.11","SLC28A1","protein_coding",52,57,5
"S6","ENSG00000273691.1","RP11-617F23.2","sense_intronic",56,57,1
"S6","ENSG00000140557.11","ST8SIA2","protein_coding",55,57,2
"S6","ENSG00000258676.4","RP11-386M24.3","processed_transcript",56,57,1
"S6","ENSG00000258527.1","ASB9P1","processed_pseudogene",56,57,1
"S6","ENSG00000257060.6","RP11-266O8.1","lincRNA",55,57,2
"S6","ENSG00000277135.1","RP11-327J17.9","lincRNA",56,57,1
"S6","ENSG00000259485.1","CTD-2147F2.1","lincRNA",39,57,18
"S6","ENSG00000274312.1","RP11-167B3.2","lincRNA",53,57,4
"S6","ENSG00000277987.1","RP11-167B3.3","lincRNA",45,57,12
"S6","ENSG00000283597.2","FAM169B","protein_coding",44,57,13
"S6","ENSG00000278090.1","RP11-6O2.2","lincRNA",52,57,5
"S6","ENSG00000259921.1","AC022819.3","sense_intronic",56,57,1
"S6","ENSG00000259760.1","RP11-20G13.2","antisense",55,57,2
"S6","ENSG00000279588.2","RP11-76I7.1","TEC",54,57,3
"S6","ENSG00000259604.5","RP11-66B24.1","lincRNA",54,57,3
"S6","ENSG00000275449.1","MIR6859-3","miRNA",54,57,3
"S6","ENSG00000248472.8","DDX11L9","transcribed_unprocessed_pseudogene",53,57,4
"S6","ENSG00000233614.6","DDX11L10","transcribed_unprocessed_pseudogene",53,57,4
"S6","ENSG00000278739.1","MIR6859-4","miRNA",56,57,1
"S6","ENSG00000086506.2","HBQ1","protein_coding",55,57,2
"S6","ENSG00000259840.1","LA16c-380A1.1","lincRNA",55,57,2
"S6","ENSG00000279136.1","LA16c-335H7.2","TEC",43,57,14
"S6","ENSG00000162006.9","MSLNL","protein_coding",56,57,1
"S6","ENSG00000127588.4","GNG13","protein_coding",56,57,1
"S6","ENSG00000260022.1","LA16c-306A4.1","antisense",56,57,1
"S6","ENSG00000261713.6","SSTR5-AS1","processed_transcript",33,57,24
"S6","ENSG00000162009.8","SSTR5","protein_coding",29,57,28
"S6","ENSG00000260182.1","RP11-616M22.5","sense_intronic",52,57,5
"S6","ENSG00000196364.9","PRSS29P","transcribed_unprocessed_pseudogene",37,57,20
"S6","ENSG00000260284.1","TPSP2","unprocessed_pseudogene",28,57,29
"S6","ENSG00000260710.1","RP11-616M22.7","lincRNA",39,57,18
"S6","ENSG00000284395.1","LA16c-312E8.5","protein_coding",44,57,13
"S6","ENSG00000260646.1","LA16c-385E7.1","lincRNA",55,57,2
"S6","ENSG00000275092.1","LA16c-329F2.2","sense_intronic",51,57,6
"S6","ENSG00000162040.6","HS3ST6","protein_coding",56,57,1
"S6","ENSG00000183971.6","NPW","protein_coding",56,57,1
"S6","ENSG00000259895.1","RP11-715J22.2","antisense",54,57,3
"S6","ENSG00000162068.1","NTN3","protein_coding",56,57,1
"S6","ENSG00000279568.1","RP11-20I23.5","TEC",56,57,1
"S6","ENSG00000279162.1","CTD-3126B10.2","TEC",55,57,2
"S6","ENSG00000279901.1","CTD-2270P14.2","TEC",56,57,1
"S6","ENSG00000103355.13","PRSS33","protein_coding",56,57,1
"S6","ENSG00000262362.1","LA16c-380H5.2","sense_overlapping",56,57,1
"S6","ENSG00000279330.1","AJ003147.11","TEC",56,57,1
"S6","ENSG00000262686.1","GLIS2-AS1","lincRNA",56,57,1
"S6","ENSG00000278434.1","RP11-709D24.8","sense_intronic",54,57,3
"S6","ENSG00000275056.1","RP11-127I20.8","sense_intronic",56,57,1
"S6","ENSG00000078328.19","RBFOX1","protein_coding",44,57,13
"S6","ENSG00000279357.1","RP11-475D10.4","TEC",55,57,2
"S6","ENSG00000263033.2","RP11-396B14.2","lincRNA",56,57,1
"S6","ENSG00000262703.1","RP11-485G7.6","antisense",52,57,5
"S6","ENSG00000262117.5","BCAR4","lincRNA",33,57,24
"S6","ENSG00000241641.1","RPS23P6","processed_pseudogene",53,57,4
"S6","ENSG00000237515.8","SHISA9","protein_coding",49,57,8
"S6","ENSG00000261523.1","RP11-82O18.2","antisense",56,57,1
"S6","ENSG00000255037.1","RP11-680G24.1","unprocessed_pseudogene",44,57,13
"S6","ENSG00000258354.1","MIR3180-1","lincRNA",56,57,1
"S6","ENSG00000207425.1","Y_RNA","misc_RNA",54,57,3
"S6","ENSG00000257391.1","MIR3180-4","lincRNA",54,57,3
"S6","ENSG00000206706.1","Y_RNA","misc_RNA",54,57,3
"S6","ENSG00000261357.1","RP11-626G11.1","lincRNA",56,57,1
"S6","ENSG00000259871.1","CTA-363E6.1","sense_intronic",56,57,1
"S6","ENSG00000169347.16","GP2","protein_coding",46,57,11
"S6","ENSG00000103310.10","ZP2","protein_coding",55,57,2
"S6","ENSG00000175311.6","ANKS4B","protein_coding",49,57,8
"S6","ENSG00000260973.1","RP11-105C19.2","lincRNA",55,57,2
"S6","ENSG00000278912.1","CTD-2196E14.8","TEC",42,57,15
"S6","ENSG00000261583.1","CTD-2385L22.1","antisense",28,57,29
"S6","ENSG00000166869.2","CHP2","protein_coding",53,57,4
"S6","ENSG00000263326.1","RP11-266L9.6","unprocessed_pseudogene",56,57,1
"S6","ENSG00000169181.12","GSG1L","protein_coding",56,57,1
"S6","ENSG00000283662.1","RP11-57A19.7","lincRNA",48,57,9
"S6","ENSG00000278665.1","RP11-666O2.4","unprocessed_pseudogene",55,57,2
"S6","ENSG00000240634.1","RP11-1348G14.1","processed_pseudogene",56,57,1
"S6","ENSG00000284541.1","MIR4517","miRNA",55,57,2
"S6","ENSG00000260727.1","SLC7A5P1","unprocessed_pseudogene",56,57,1
"S6","ENSG00000174992.7","ZG16","protein_coding",46,57,11
"S6","ENSG00000214725.8","CDIPT-AS1","transcribed_unitary_pseudogene",56,57,1
"S6","ENSG00000149926.13","FAM57B","protein_coding",56,57,1
"S6","ENSG00000260167.1","RP11-146F11.5","antisense",52,57,5
"S6","ENSG00000260911.2","RP11-196G11.2","lincRNA",56,57,1
"S6","ENSG00000260757.1","RP11-120K18.2","sense_overlapping",49,57,8
"S6","ENSG00000156885.5","COX6A2","protein_coding",40,57,17
"S6","ENSG00000259810.2","AC002519.8","sense_intronic",47,57,10
"S6","ENSG00000197476.3","RP11-170L3.7","processed_pseudogene",55,57,2
"S6","ENSG00000261704.2","IGHV1OR16-1","IG_V_pseudogene",36,57,21
"S6","ENSG00000230267.7","HERC2P4","transcribed_unprocessed_pseudogene",55,57,2
"S6","ENSG00000205456.11","TP53TG3D","protein_coding",55,57,2
"S6","ENSG00000183632.14","TP53TG3","protein_coding",49,57,8
"S6","ENSG00000260644.6","HERC2P5","transcribed_unprocessed_pseudogene",54,57,3
"S6","ENSG00000214617.9","SLC6A10P","transcribed_unprocessed_pseudogene",49,57,8
"S6","ENSG00000261834.2","IGHV3OR16-15","IG_V_pseudogene",56,57,1
"S6","ENSG00000270864.1","IGHV3OR16-6","IG_V_pseudogene",53,57,4
"S6","ENSG00000233732.5","IGHV3OR16-10","IG_V_gene",53,57,4
"S6","ENSG00000261599.5","HERC2P8","transcribed_unprocessed_pseudogene",54,57,3
"S6","ENSG00000259680.5","RP11-812E19.9","protein_coding",55,57,2
"S6","ENSG00000270318.1","IGHV3OR16-11","IG_V_pseudogene",56,57,1
"S6","ENSG00000271620.1","IGHV3OR16-7","IG_V_pseudogene",45,57,12
"S6","ENSG00000259842.2","IGHV3OR16-16","unprocessed_pseudogene",52,57,5
"S6","ENSG00000259990.2","RP11-598D12.1","unprocessed_pseudogene",41,57,16
"S6","ENSG00000179755.3","CTD-2144E22.5","lincRNA",18,57,39
"S6","ENSG00000260611.1","RP11-352B15.2","lincRNA",14,57,43
"S6","ENSG00000261231.6","LINC02133","lincRNA",41,57,16
"S6","ENSG00000140798.15","ABCC12","protein_coding",56,57,1
"S6","ENSG00000102924.11","CBLN1","protein_coding",55,57,2
"S6","ENSG00000279356.1","RP11-429P3.8","TEC",56,57,1
"S6","ENSG00000263082.1","LINC02187","lincRNA",35,57,22
"S6","ENSG00000103449.11","SALL1","protein_coding",46,57,11
"S6","ENSG00000260057.5","LINC01571","lincRNA",49,57,8
"S6","ENSG00000279427.1","RP11-132F7.2","TEC",54,57,3
"S6","ENSG00000260963.1","RP11-297L17.2","lincRNA",30,57,27
"S6","ENSG00000249231.7","CASC16","lincRNA",44,57,13
"S6","ENSG00000275191.1","RP11-36I17.2","sense_intronic",55,57,2
"S6","ENSG00000259725.1","CTD-3032H12.1","lincRNA",54,57,3
"S6","ENSG00000259711.1","CTD-3032H12.2","lincRNA",56,57,1
"S6","ENSG00000274508.1","RP11-212I21.5","lincRNA",51,57,6
"S6","ENSG00000103546.18","SLC6A2","protein_coding",56,57,1
"S6","ENSG00000169688.10","MT1B","protein_coding",36,57,21
"S6","ENSG00000260467.1","RP11-405F3.4","antisense",56,57,1
"S6","ENSG00000260115.1","CTC-420A11.2","antisense",40,57,17
"S6","ENSG00000261502.3","RP11-96H17.1","processed_transcript",34,57,23
"S6","ENSG00000260658.5","RP11-368L12.1","lincRNA",37,57,20
"S6","ENSG00000258122.1","RP11-61A14.1","antisense",53,57,4
"S6","ENSG00000168748.13","CA7","protein_coding",55,57,2
"S6","ENSG00000261386.2","CTD-2012K14.6","lincRNA",56,57,1
"S6","ENSG00000141096.4","DPEP3","protein_coding",56,57,1
"S6","ENSG00000274698.1","RP11-71L14.4","lincRNA",56,57,1
"S6","ENSG00000244378.1","RPS2P45","transcribed_processed_pseudogene",56,57,1
"S6","ENSG00000262890.1","RP11-424M24.5","lincRNA",53,57,4
"S6","ENSG00000260664.2","AC004158.3","lincRNA",54,57,3
"S6","ENSG00000279591.1","AC002044.1","TEC",56,57,1
"S6","ENSG00000197445.2","C16orf47","lincRNA",54,57,3
"S6","ENSG00000276523.1","RP11-490B18.6","antisense",56,57,1
"S6","ENSG00000152910.18","CNTNAP4","protein_coding",39,57,18
"S6","ENSG00000260896.5","LINC02170","lincRNA",56,57,1
"S6","ENSG00000278985.1","RP11-303E16.9","TEC",56,57,1
"S6","ENSG00000260495.1","RP11-55K13.1","antisense",56,57,1
"S6","ENSG00000103154.9","NECAB2","protein_coding",56,57,1
"S6","ENSG00000166558.10","SLC38A8","protein_coding",45,57,12
"S6","ENSG00000250685.7","RP11-486L19.2","antisense",56,57,1
"S6","ENSG00000261471.1","RP11-61F12.1","antisense",52,57,5
"S6","ENSG00000278716.1","LA16c-352F7.1","lincRNA",46,57,11
"S6","ENSG00000275393.1","RP11-568J23.8","sense_intronic",48,57,9
"S6","ENSG00000270184.1","RP11-568J23.5","antisense",56,57,1
"S6","ENSG00000261175.5","LINC02188","lincRNA",54,57,3
"S6","ENSG00000277504.1","RP11-278A23.4","antisense",54,57,3
"S6","ENSG00000174990.4","CA5A","protein_coding",54,57,3
"S6","ENSG00000260162.2","RP11-863P13.1","lincRNA",53,57,4
"S6","ENSG00000261327.4","RP11-863P13.3","lincRNA",56,57,1
"S6","ENSG00000261744.1","RP11-21B21.4","antisense",54,57,3
"S6","ENSG00000124391.4","IL17C","protein_coding",54,57,3
"S6","ENSG00000180422.3","LINC00304","lincRNA",54,57,3
"S6","ENSG00000221819.5","GAS8-AS1","antisense",56,57,1
"S6","ENSG00000262228.2","RP11-676J12.4","lincRNA",56,57,1
"S6","ENSG00000262777.1","RP11-818O24.3","antisense",56,57,1
"S6","ENSG00000277200.1","RP11-74E22.8","lincRNA",56,57,1
"S6","ENSG00000141255.12","SPATA22","protein_coding",55,57,2
"S6","ENSG00000274363.1","RP11-104O19.4","lincRNA",55,57,2
"S6","ENSG00000235085.3","AC091153.4","antisense",55,57,2
"S6","ENSG00000142484.6","TM4SF5","protein_coding",34,57,23
"S6","ENSG00000262503.1","RP11-530N7.2","processed_pseudogene",55,57,2
"S6","ENSG00000275011.1","RP11-599B13.9","unprocessed_pseudogene",52,57,5
"S6","ENSG00000179111.8","HES7","protein_coding",53,57,4
"S6","ENSG00000284117.1","MIR6883","miRNA",54,57,3
"S6","ENSG00000189051.5","RNF222","protein_coding",48,57,9
"S6","ENSG00000262966.2","RP11-85B7.2","antisense",55,57,2
"S6","ENSG00000273388.1","RP11-401O9.4","antisense",44,57,13
"S6","ENSG00000109061.9","MYH1","protein_coding",56,57,1
"S6","ENSG00000272975.1","MYHAS","antisense",55,57,2
"S6","ENSG00000263429.3","LINC00675","protein_coding",47,57,10
"S6","ENSG00000263684.1","RP11-628O18.1","antisense",55,57,2
"S6","ENSG00000141028.6","CDRT15P1","unprocessed_pseudogene",56,57,1
"S6","ENSG00000266378.1","RP11-214O1.3","lincRNA",53,57,4
"S6","ENSG00000214946.14","TBC1D26","protein_coding",55,57,2
"S6","ENSG00000266651.1","RP11-138I1.3","lincRNA",56,57,1
"S6","ENSG00000266129.1","SRP68P1","processed_pseudogene",53,57,4
"S6","ENSG00000226145.7","KRT16P6","transcribed_unprocessed_pseudogene",53,57,4
"S6","ENSG00000131885.16","KRT17P1","transcribed_unprocessed_pseudogene",52,57,5
"S6","ENSG00000283033.1","RP11-219A15.5","lincRNA",55,57,2
"S6","ENSG00000128438.10","TBC1D27","transcribed_unprocessed_pseudogene",56,57,1
"S6","ENSG00000230709.1","AC104024.1","lincRNA",54,57,3
"S6","ENSG00000260328.1","RP11-416I2.1","lincRNA",56,57,1
"S6","ENSG00000220161.4","LINC02076","lincRNA",47,57,10
"S6","ENSG00000279825.1","CTC-457L16.1","TEC",56,57,1
"S6","ENSG00000231625.4","CTD-2104P17.1","transcribed_unprocessed_pseudogene",53,57,4
"S6","ENSG00000264932.3","CTD-2104P17.2","antisense",55,57,2
"S6","ENSG00000262681.2","RP11-311F12.1","lincRNA",54,57,3
"S6","ENSG00000231645.2","KRT17P6","transcribed_unprocessed_pseudogene",53,57,4
"S6","ENSG00000187870.7","RNFT1P3","unprocessed_pseudogene",47,57,10
"S6","ENSG00000205212.3","CCDC144NL","protein_coding",52,57,5
"S6","ENSG00000256618.2","MTRNR2L1","protein_coding",54,57,3
"S6","ENSG00000265246.1","RP11-663N22.1","lincRNA",53,57,4
"S6","ENSG00000266830.1","CTD-2008P7.8","lincRNA",35,57,22
"S6","ENSG00000265060.1","PPY2P","transcribed_unprocessed_pseudogene",28,57,29
"S6","ENSG00000260777.1","CTD-2008P7.1","lincRNA",46,57,11
"S6","ENSG00000264808.1","RP11-802D6.1","antisense",56,57,1
"S6","ENSG00000264290.1","RP11-68I3.4","sense_intronic",56,57,1
"S6","ENSG00000266733.5","TBC1D29","protein_coding",52,57,5
"S6","ENSG00000231870.4","KRT17P3","unprocessed_pseudogene",52,57,5
"S6","ENSG00000263603.1","CTD-2349P21.5","lincRNA",53,57,4
"S6","ENSG00000265334.1","CTD-2349P21.11","antisense",56,57,1
"S6","ENSG00000265222.1","RP11-466A19.8","sense_intronic",56,57,1
"S6","ENSG00000141316.12","SPACA3","protein_coding",52,57,5
"S6","ENSG00000108688.11","CCL7","protein_coding",54,57,3
"S6","ENSG00000267349.1","RP11-686D22.9","antisense",56,57,1
"S6","ENSG00000267046.1","E2F3P1","processed_pseudogene",56,57,1
"S6","ENSG00000236320.3","SLFN14","protein_coding",56,57,1
"S6","ENSG00000270379.5","HEATR9","protein_coding",55,57,2
"S6","ENSG00000270977.1","AC015849.16","lincRNA",56,57,1
"S6","ENSG00000271013.1","LRRC37A9P","processed_pseudogene",53,57,4
"S6","ENSG00000275152.4","CCL16","protein_coding",55,57,2
"S6","ENSG00000274767.1","AC131056.3","antisense",55,57,2
"S6","ENSG00000275720.1","CTB-75G16.3","lincRNA",55,57,2
"S6","ENSG00000277268.1","RP11-445F12.1","antisense",23,57,34
"S6","ENSG00000273706.4","LHX1","protein_coding",33,57,24
"S6","ENSG00000276715.4","YWHAEP7","transcribed_unprocessed_pseudogene",52,57,5
"S6","ENSG00000279199.1","RP11-749I16.3","TEC",54,57,3
"S6","ENSG00000167916.4","KRT24","protein_coding",48,57,9
"S6","ENSG00000187242.4","KRT12","protein_coding",47,57,10
"S6","ENSG00000171431.3","KRT20","protein_coding",50,57,7
"S6","ENSG00000234477.1","AC004231.2","antisense",56,57,1
"S6","ENSG00000204889.10","KRT40","protein_coding",55,57,2
"S6","ENSG00000212901.3","KRTAP3-1","protein_coding",40,57,17
"S6","ENSG00000212724.3","KRTAP2-3","protein_coding",42,57,15
"S6","ENSG00000198443.6","KRTAP4-1","protein_coding",36,57,21
"S6","ENSG00000108759.3","KRT32","protein_coding",47,57,10
"S6","ENSG00000283796.1","MIR6510","miRNA",44,57,13
"S6","ENSG00000214514.7","KRT42P","transcribed_unprocessed_pseudogene",55,57,2
"S6","ENSG00000278954.1","RP13-415G19.2","TEC",50,57,7
"S6","ENSG00000167941.2","SOST","protein_coding",56,57,1
"S6","ENSG00000131096.10","PYY","protein_coding",55,57,2
"S6","ENSG00000004939.13","SLC4A1","protein_coding",56,57,1
"S6","ENSG00000221496.2","U3","snoRNA",52,57,5
"S6","ENSG00000267405.1","CTC-296K1.4","lincRNA",56,57,1
"S6","ENSG00000266918.1","RP11-798G7.8","TEC",56,57,1
"S6","ENSG00000120088.14","CRHR1","protein_coding",46,57,11
"S6","ENSG00000158955.10","WNT9B","protein_coding",56,57,1
"S6","ENSG00000179673.4","RPRML","protein_coding",56,57,1
"S6","ENSG00000257178.5","RP11-357H14.16","sense_intronic",54,57,3
"S6","ENSG00000170689.9","HOXB9","protein_coding",50,57,7
"S6","ENSG00000242207.1","HOXB-AS4","antisense",25,57,32
"S6","ENSG00000272763.1","RP11-357H14.17","lincRNA",55,57,2
"S6","ENSG00000229637.3","PRAC2","protein_coding",25,57,32
"S6","ENSG00000159184.7","HOXB13","protein_coding",41,57,16
"S6","ENSG00000159224.4","GIP","protein_coding",31,57,26
"S6","ENSG00000251550.1","RP11-501C14.7","processed_pseudogene",53,57,4
"S6","ENSG00000159217.9","IGF2BP1","protein_coding",56,57,1
"S6","ENSG00000249906.1","RP5-1029K10.2","antisense",56,57,1
"S6","ENSG00000276851.1","RP5-875H18.9","lincRNA",56,57,1
"S6","ENSG00000251085.1","LINC01969","lincRNA",48,57,9
"S6","ENSG00000250107.1","CACNA1G-AS1","antisense",52,57,5
"S6","ENSG00000278963.1","RP11-294J22.7","TEC",54,57,3
"S6","ENSG00000262006.1","RP11-700H6.4","lincRNA",44,57,13
"S6","ENSG00000247011.2","RP11-700H6.1","lincRNA",53,57,4
"S6","ENSG00000154975.13","CA10","protein_coding",52,57,5
"S6","ENSG00000263096.1","RP11-515O17.2","antisense",55,57,2
"S6","ENSG00000263120.1","RP5-1107A17.4","sense_intronic",55,57,2
"S6","ENSG00000279281.1","RP11-226M10.3","TEC",53,57,4
"S6","ENSG00000238283.3","TBC1D3P1","transcribed_unprocessed_pseudogene",51,57,6
"S6","ENSG00000266934.1","RP11-332H18.3","sense_intronic",56,57,1
"S6","ENSG00000271749.1","RP11-269G24.7","unprocessed_pseudogene",55,57,2
"S6","ENSG00000240280.6","TCAM1P","transcribed_unitary_pseudogene",55,57,2
"S6","ENSG00000277887.1","SNORA50C","snoRNA",56,57,1
"S6","ENSG00000281311.1","SNORA50","snoRNA",56,57,1
"S6","ENSG00000265912.1","RP11-583F2.2","lincRNA",56,57,1
"S6","ENSG00000108878.4","CACNG1","protein_coding",55,57,2
"S6","ENSG00000256124.5","LINC01152","lincRNA",56,57,1
"S6","ENSG00000226101.1","LINC02097","lincRNA",55,57,2
"S6","ENSG00000264026.1","LINC02003","lincRNA",44,57,13
"S6","ENSG00000263680.2","RP11-57A1.1","lincRNA",56,57,1
"S6","ENSG00000243514.2","RPL32P33","processed_pseudogene",43,57,14
"S6","ENSG00000172782.11","FADS6","protein_coding",44,57,13
"S6","ENSG00000182040.8","USH1G","protein_coding",52,57,5
"S6","ENSG00000265121.1","RP11-285E9.5","lincRNA",53,57,4
"S6","ENSG00000267466.1","RP11-13K12.5","lincRNA",54,57,3
"S6","ENSG00000204277.1","LINC01993","lincRNA",55,57,2
"S6","ENSG00000262772.1","LINC01977","lincRNA",56,57,1
"S6","ENSG00000262188.1","LINC01978","lincRNA",56,57,1
"S6","ENSG00000262585.1","LINC01979","lincRNA",56,57,1
"S6","ENSG00000263167.1","RP11-149I9.2","antisense",51,57,6
"S6","ENSG00000275542.1","RP11-455O6.9","lincRNA",56,57,1
"S6","ENSG00000275966.1","RP11-1055B8.9","lincRNA",54,57,3
"S6","ENSG00000263154.1","RP11-1055B8.2","lincRNA",55,57,2
"S6","ENSG00000278200.1","LINC01971","lincRNA",41,57,16
"S6","ENSG00000215644.9","GCGR","protein_coding",52,57,5
"S6","ENSG00000278876.1","RP11-498C9.4","TEC",56,57,1
"S6","ENSG00000185105.5","MYADML2","protein_coding",54,57,3
"S6","ENSG00000264548.1","RP13-516M14.2","antisense",56,57,1
"S6","ENSG00000265692.1","LINC01970","lincRNA",56,57,1
"S6","ENSG00000278964.1","RP13-20L14.2","TEC",34,57,23
"S6","ENSG00000182459.4","TEX19","protein_coding",48,57,9
"S6","ENSG00000266445.1","RP13-991F5.2","antisense",52,57,5
"S6","ENSG00000265136.1","RP13-638C3.6","processed_pseudogene",56,57,1
"S6","ENSG00000262652.1","RP13-638C3.2","sense_intronic",56,57,1
"S6","ENSG00000279613.1","RP13-638C3.5","TEC",48,57,9
"S6","ENSG00000263063.1","RP11-388C12.1","lincRNA",56,57,1
"S6","ENSG00000263321.1","RP11-388C12.5","lincRNA",56,57,1
"S6","ENSG00000262663.1","RP11-497H17.1","lincRNA",56,57,1
"S6","ENSG00000262952.1","AC139099.6","lincRNA",52,57,5
"S6","ENSG00000262094.1","AC139099.5","lincRNA",55,57,2
"S6","ENSG00000265179.6","RP11-672L10.2","processed_transcript",49,57,8
"S6","ENSG00000272461.1","RP11-689C9.1","lincRNA",33,57,24
"S6","ENSG00000263551.5","RP11-78F17.1","lincRNA",33,57,24
"S6","ENSG00000132204.13","LINC00470","lincRNA",38,57,19
"S6","ENSG00000266602.1","RP11-476K15.1","lincRNA",26,57,31
"S6","ENSG00000263745.6","RP11-161I6.2","lincRNA",52,57,5
"S6","ENSG00000266401.1","RP11-874J12.4","antisense",50,57,7
"S6","ENSG00000261520.5","DLGAP1-AS5","antisense",53,57,4
"S6","ENSG00000279479.1","RP11-91I8.2","TEC",55,57,2
"S6","ENSG00000264127.1","SCML2P1","processed_pseudogene",29,57,28
"S6","ENSG00000265933.5","LINC00668","lincRNA",54,57,3
"S6","ENSG00000168454.11","TXNDC2","protein_coding",56,57,1
"S6","ENSG00000264714.1","RP11-21G15.1","transcribed_processed_pseudogene",52,57,5
"S6","ENSG00000267069.1","RP11-64C12.8","lincRNA",56,57,1
"S6","ENSG00000267136.1","RP11-53B2.3","antisense",56,57,1
"S6","ENSG00000272746.1","RP11-53B2.6","sense_intronic",56,57,1
"S6","ENSG00000176136.6","MC5R","protein_coding",45,57,12
"S6","ENSG00000279352.1","RP11-411B10.7","TEC",51,57,6
"S6","ENSG00000274214.1","RP11-757O6.6","processed_pseudogene",55,57,2
"S6","ENSG00000265766.3","CXADRP3","transcribed_processed_pseudogene",56,57,1
"S6","ENSG00000266522.1","RP11-805F19.4","unprocessed_pseudogene",56,57,1
"S6","ENSG00000263588.1","RP11-595B24.2","lincRNA",30,57,27
"S6","ENSG00000267301.1","RPL23AP77","processed_pseudogene",54,57,3
"S6","ENSG00000264924.1","RP11-799B12.2","antisense",54,57,3
"S6","ENSG00000134489.6","HRH4","protein_coding",55,57,2
"S6","ENSG00000265369.3","PCAT18","lincRNA",53,57,4
"S6","ENSG00000134760.5","DSG1","protein_coding",45,57,12
"S6","ENSG00000266729.5","DSG1-AS1","antisense",20,57,37
"S6","ENSG00000134757.4","DSG3","protein_coding",55,57,2
"S6","ENSG00000118271.9","TTR","protein_coding",51,57,6
"S6","ENSG00000263450.1","RP11-680N20.1","antisense",43,57,14
"S6","ENSG00000166960.16","CCDC178","protein_coding",56,57,1
"S6","ENSG00000267651.1","RP11-95O2.1","lincRNA",56,57,1
"S6","ENSG00000267313.7","KC6","lincRNA",54,57,3
"S6","ENSG00000267586.6","LINC00907","lincRNA",55,57,2
"S6","ENSG00000101638.13","ST8SIA5","protein_coding",56,57,1
"S6","ENSG00000278983.1","RP11-426J5.3","TEC",55,57,2
"S6","ENSG00000277310.1","RP11-699C17.1","sense_intronic",56,57,1
"S6","ENSG00000267284.1","RP11-397A16.1","lincRNA",23,57,34
"S6","ENSG00000206129.3","CTD-2008L17.2","lincRNA",48,57,9
"S6","ENSG00000278703.1","RP11-706P11.2","lincRNA",56,57,1
"S6","ENSG00000267504.1","RP11-845C23.2","sense_intronic",54,57,3
"S6","ENSG00000267257.1","RP11-1151B14.4","antisense",56,57,1
"S6","ENSG00000166603.4","MC4R","protein_coding",46,57,11
"S6","ENSG00000243256.1","RPL30P14","processed_pseudogene",56,57,1
"S6","ENSG00000197641.11","SERPINB13","protein_coding",45,57,12
"S6","ENSG00000206073.10","SERPINB4","protein_coding",51,57,6
"S6","ENSG00000057149.15","SERPINB3","protein_coding",55,57,2
"S6","ENSG00000206072.12","SERPINB11","protein_coding",55,57,2
"S6","ENSG00000166396.12","SERPINB7","protein_coding",55,57,2
"S6","ENSG00000081138.13","CDH7","protein_coding",54,57,3
"S6","ENSG00000264705.1","RP11-674P19.2","lincRNA",56,57,1
"S6","ENSG00000141668.9","CBLN2","protein_coding",49,57,8
"S6","ENSG00000265579.1","RP11-713C5.1","sense_intronic",55,57,2
"S6","ENSG00000166342.18","NETO1","protein_coding",56,57,1
"S6","ENSG00000263711.5","RP11-169F17.1","processed_transcript",49,57,8
"S6","ENSG00000187773.8","FAM69C","protein_coding",51,57,6
"S6","ENSG00000150656.14","CNDP1","protein_coding",53,57,4
"S6","ENSG00000266312.1","LINC01927","lincRNA",56,57,1
"S6","ENSG00000244229.1","RPL26P35","processed_pseudogene",55,57,2
"S6","ENSG00000256463.8","SALL3","protein_coding",36,57,21
"S6","ENSG00000267015.1","RP11-800A18.4","antisense",53,57,4
"S6","ENSG00000278000.1","AC139100.4","sense_intronic",56,57,1
"S6","ENSG00000105549.10","THEG","protein_coding",49,57,8
"S6","ENSG00000185198.11","PRSS57","protein_coding",56,57,1
"S6","ENSG00000116014.9","KISS1R","protein_coding",56,57,1
"S6","ENSG00000099617.3","EFNA2","protein_coding",46,57,11
"S6","ENSG00000267372.2","AC005330.2","lincRNA",52,57,5
"S6","ENSG00000185988.11","PLK5","protein_coding",39,57,18
"S6","ENSG00000267073.1","AC005256.1","lincRNA",0,57,57
"S6","ENSG00000205922.4","ONECUT3","protein_coding",28,57,29
"S6","ENSG00000267448.5","AC010649.1","antisense",53,57,4
"S6","ENSG00000268670.1","CTD-2622I13.3","sense_intronic",56,57,1
"S6","ENSG00000060566.13","CREB3L3","protein_coding",53,57,4
"S6","ENSG00000105251.10","SHD","protein_coding",53,57,4
"S6","ENSG00000274447.1","LLNLR-304G9.1","antisense",56,57,1
"S6","ENSG00000267709.1","AC024592.9","antisense",55,57,2
"S6","ENSG00000181240.13","SLC25A41","protein_coding",55,57,2
"S6","ENSG00000268845.1","RP11-1137G4.3","antisense",56,57,1
"S6","ENSG00000104938.16","CLEC4M","protein_coding",56,57,1
"S6","ENSG00000131142.13","CCL25","protein_coding",54,57,3
"S6","ENSG00000188000.3","OR7D2","protein_coding",50,57,7
"S6","ENSG00000283108.1","CTC-325H20.8","processed_transcript",54,57,3
"S6","ENSG00000198028.3","ZNF560","protein_coding",47,57,10
"S6","ENSG00000267490.1","CTD-3116E22.6","unprocessed_pseudogene",49,57,8
"S6","ENSG00000267197.1","CTC-429L19.3","sense_intronic",55,57,2
"S6","ENSG00000266936.1","CTC-215O4.4","antisense",53,57,4
"S6","ENSG00000213304.3","CTC-398G3.1","processed_pseudogene",56,57,1
"S6","ENSG00000278897.1","AC020951.1","TEC",56,57,1
"S6","ENSG00000234750.1","CTD-2666L21.2","processed_pseudogene",56,57,1
"S6","ENSG00000268945.1","CTD-2192J16.26","lincRNA",54,57,3
"S6","ENSG00000267424.1","CTD-2265O21.3","antisense",45,57,12
"S6","ENSG00000132026.13","RTBDN","protein_coding",53,57,4
"S6","ENSG00000179284.5","DAND5","protein_coding",56,57,1
"S6","ENSG00000284387.1","MIR24-2","miRNA",56,57,1
"S6","ENSG00000171136.6","RLN3","protein_coding",54,57,3
"S6","ENSG00000267147.2","LINC01842","lincRNA",56,57,1
"S6","ENSG00000267474.1","CTC-548K16.6","sense_intronic",56,57,1
"S6","ENSG00000105143.12","SLC1A6","protein_coding",32,57,25
"S6","ENSG00000105141.5","CASP14","protein_coding",22,57,35
"S6","ENSG00000269516.6","CYP4F23P","transcribed_unprocessed_pseudogene",37,57,20
"S6","ENSG00000267594.5","CYP4F24P","unprocessed_pseudogene",44,57,13
"S6","ENSG00000273782.1","UCA1","misc_RNA",44,57,13
"S6","ENSG00000267308.1","LINC01764","lincRNA",53,57,4
"S6","ENSG00000214049.6","UCA1","processed_transcript",56,57,1
"S6","ENSG00000267453.7","LINC01835","transcribed_unprocessed_pseudogene",55,57,2
"S6","ENSG00000186115.12","CYP4F2","protein_coding",49,57,8
"S6","ENSG00000267056.2","AC005336.4","processed_pseudogene",56,57,1
"S6","ENSG00000269578.1","CTD-3222D19.5","sense_intronic",56,57,1
"S6","ENSG00000269720.2","CTD-2521M24.13","protein_coding",54,57,3
"S6","ENSG00000269035.1","CTD-2521M24.10","protein_coding",56,57,1
"S6","ENSG00000264175.1","MIR3189","miRNA",47,57,10
"S6","ENSG00000267268.1","AC007204.2","lincRNA",56,57,1
"S6","ENSG00000267220.1","CTC-260E6.9","transcribed_unprocessed_pseudogene",55,57,2
"S6","ENSG00000280171.1","CTD-2542C24.14","unprocessed_pseudogene",49,57,8
"S6","ENSG00000269779.1","CTD-2542C24.2","unprocessed_pseudogene",46,57,11
"S6","ENSG00000269345.1","VN1R85P","unprocessed_pseudogene",48,57,9
"S6","ENSG00000197360.9","ZNF98","protein_coding",55,57,2
"S6","ENSG00000268038.1","LINC01785","lincRNA",53,57,4
"S6","ENSG00000213973.8","ZNF99","protein_coding",53,57,4
"S6","ENSG00000268696.1","ZNF723P","unprocessed_pseudogene",48,57,9
"S6","ENSG00000269067.1","ZNF728","protein_coding",56,57,1
"S6","ENSG00000269421.1","ZNF92P3","unprocessed_pseudogene",55,57,2
"S6","ENSG00000276030.1","CTD-2027I19.3","lincRNA",56,57,1
"S6","ENSG00000283403.1","AC005307.5","processed_transcript",46,57,11
"S6","ENSG00000284430.1","LLNLR-263F3.1","lincRNA",56,57,1
"S6","ENSG00000021488.12","SLC7A9","protein_coding",56,57,1
"S6","ENSG00000232429.3","RPL21P131","processed_pseudogene",56,57,1
"S6","ENSG00000179066.7","CTD-2527I21.15","lincRNA",54,57,3
"S6","ENSG00000271366.1","AC002128.5","antisense",54,57,3
"S6","ENSG00000269553.1","U62631.5","sense_intronic",50,57,7
"S6","ENSG00000126251.6","GPR42","protein_coding",56,57,1
"S6","ENSG00000232680.2","AC002511.3","lincRNA",45,57,12
"S6","ENSG00000189001.10","SBSN","protein_coding",53,57,4
"S6","ENSG00000226510.1","UPK1A-AS1","antisense",48,57,9
"S6","ENSG00000105668.7","UPK1A","protein_coding",54,57,3
"S6","ENSG00000126259.19","KIRREL2","protein_coding",53,57,4
"S6","ENSG00000171804.10","WDR87","protein_coding",52,57,5
"S6","ENSG00000269653.1","CTB-102L5.7","sense_intronic",56,57,1
"S6","ENSG00000178934.4","LGALS7B","protein_coding",56,57,1
"S6","ENSG00000207296.1","RNU6-140P","snRNA",19,57,38
"S6","ENSG00000269688.1","AC008982.2","sense_intronic",56,57,1
"S6","ENSG00000262484.1","CCER2","protein_coding",54,57,3
"S6","ENSG00000183760.10","ACP7","protein_coding",53,57,4
"S6","ENSG00000268510.1","IFNL3P1","unprocessed_pseudogene",50,57,7
"S6","ENSG00000269246.1","CTC-246B18.10","lincRNA",56,57,1
"S6","ENSG00000226025.9","LGALS17A","transcribed_unprocessed_pseudogene",56,57,1
"S6","ENSG00000105205.6","CLC","protein_coding",55,57,2
"S6","ENSG00000198251.7","CTC-490E21.13","unprocessed_pseudogene",55,57,2
"S6","ENSG00000197838.4","CYP2A13","protein_coding",53,57,4
"S6","ENSG00000268529.1","CYP2T3P","unprocessed_pseudogene",54,57,3
"S6","ENSG00000142025.15","DMRTC2","protein_coding",28,57,29
"S6","ENSG00000221826.9","PSG3","protein_coding",24,57,33
"S6","ENSG00000243137.7","PSG4","protein_coding",29,57,28
"S6","ENSG00000204936.9","CD177","protein_coding",56,57,1
"S6","ENSG00000272396.1","CTC-490G23.4","antisense",54,57,3
"S6","ENSG00000204933.3","CD177P1","unprocessed_pseudogene",50,57,7
"S6","ENSG00000267191.1","RP11-15A1.2","antisense",52,57,5
"S6","ENSG00000242675.1","RPS16P9","processed_pseudogene",30,57,27
"S6","ENSG00000204869.8","IGFL4","protein_coding",50,57,7
"S6","ENSG00000188624.2","IGFL3","protein_coding",31,57,26
"S6","ENSG00000268621.5","IGFL2-AS1","lincRNA",42,57,15
"S6","ENSG00000268460.1","AC006262.6","processed_transcript",55,57,2
"S6","ENSG00000188293.5","IGFL1","protein_coding",45,57,12
"S6","ENSG00000277531.2","LLNLF-187D8.1","protein_coding",54,57,3
"S6","ENSG00000279161.1","CTB-12A17.2","TEC",55,57,2
"S6","ENSG00000268186.1","CTC-241F20.4","lincRNA",49,57,8
"S6","ENSG00000104826.12","LHB","protein_coding",55,57,2
"S6","ENSG00000104827.12","CGB3","protein_coding",51,57,6
"S6","ENSG00000104818.14","CGB2","protein_coding",38,57,19
"S6","ENSG00000267335.2","CTB-60B18.6","protein_coding",48,57,9
"S6","ENSG00000189052.6","CGB5","protein_coding",53,57,4
"S6","ENSG00000213030.5","CGB8","protein_coding",47,57,10
"S6","ENSG00000104848.1","KCNA7","protein_coding",48,57,9
"S6","ENSG00000161609.9","CCDC155","protein_coding",53,57,4
"S6","ENSG00000261949.5","GFY","protein_coding",33,57,24
"S6","ENSG00000199631.1","SNORD33","snoRNA",56,57,1
"S6","ENSG00000202503.1","SNORD34","snoRNA",56,57,1
"S6","ENSG00000267890.1","CTD-2126E3.4","lincRNA",51,57,6
"S6","ENSG00000269392.1","CTB-191K22.6","antisense",56,57,1
"S6","ENSG00000235034.6","C19orf81","protein_coding",56,57,1
"S6","ENSG00000180279.6","LINC01869","lincRNA",55,57,2
"S6","ENSG00000167751.12","KLK2","protein_coding",44,57,13
"S6","ENSG00000167749.11","KLK4","protein_coding",53,57,4
"S6","ENSG00000269495.1","CTB-147C22.8","antisense",54,57,3
"S6","ENSG00000167755.14","KLK6","protein_coding",51,57,6
"S6","ENSG00000129455.15","KLK8","protein_coding",52,57,5
"S6","ENSG00000269741.5","CTC-518B2.8","protein_coding",46,57,11
"S6","ENSG00000268906.1","CTC-518B2.9","antisense",52,57,5
"S6","ENSG00000186474.15","KLK12","protein_coding",55,57,2
"S6","ENSG00000267905.5","CTD-2616J11.16","antisense",49,57,8
"S6","ENSG00000273837.1","LLNLR-470E3.1","sense_intronic",56,57,1
"S6","ENSG00000267943.1","CTD-2620I22.3","lincRNA",46,57,11
"S6","ENSG00000269526.1","ERVV-1","protein_coding",45,57,12
"S6","ENSG00000268964.1","ERVV-2","protein_coding",34,57,23
"S6","ENSG00000268842.1","CTD-2245F17.2","antisense",56,57,1
"S6","ENSG00000232324.1","AC008440.10","lincRNA",55,57,2
"S6","ENSG00000126583.10","PRKCG","protein_coding",54,57,3
"S6","ENSG00000235681.1","AC008746.5","processed_pseudogene",55,57,2
"S6","ENSG00000224730.1","AC009892.10","antisense",56,57,1
"S6","ENSG00000221957.8","KIR2DS4","polymorphic_pseudogene",54,57,3
"S6","ENSG00000267649.1","CTD-2587H24.10","lincRNA",55,57,2
"S6","ENSG00000267706.3","CTD-2105E13.6","protein_coding",54,57,3
"S6","ENSG00000180043.11","FAM71E2","protein_coding",26,57,31
"S6","ENSG00000268593.3","CTD-2611O12.6","processed_pseudogene",54,57,3
"S6","ENSG00000185792.9","NLRP9","protein_coding",56,57,1
"S6","ENSG00000179873.14","NLRP11","protein_coding",50,57,7
"S6","ENSG00000269793.5","ZIM2-AS1","antisense",55,57,2
"S6","ENSG00000269097.1","TPRG1LP1","processed_pseudogene",52,57,5
"S6","ENSG00000180532.10","ZSCAN4","protein_coding",56,57,1
"S6","ENSG00000269855.2","RNF225","protein_coding",56,57,1
"S6","ENSG00000283766.1","AC141930.3","lincRNA",45,57,12
"S6","ENSG00000228613.1","AC144450.1","antisense",56,57,1
"S6","ENSG00000203635.2","AC144450.2","lincRNA",53,57,4
"S6","ENSG00000205837.7","LINC00487","lincRNA",55,57,2
"S6","ENSG00000271947.1","RP11-439M11.1","lincRNA",55,57,2
"S6","ENSG00000242136.1","RP11-734K21.2","processed_transcript",52,57,5
"S6","ENSG00000261104.1","RP11-734K21.5","lincRNA",55,57,2
"S6","ENSG00000224177.6","LINC00570","lincRNA",56,57,1
"S6","ENSG00000231031.6","LINC01804","lincRNA",26,57,31
"S6","ENSG00000214842.5","RAD51AP2","protein_coding",48,57,9
"S6","ENSG00000234378.1","AC098828.2","lincRNA",40,57,17
"S6","ENSG00000233005.1","AC067959.1","lincRNA",49,57,8
"S6","ENSG00000283031.1","RP11-557N21.1","lincRNA",55,57,2
"S6","ENSG00000173557.14","C2orf70","protein_coding",56,57,1
"S6","ENSG00000157851.16","DPYSL5","protein_coding",35,57,22
"S6","ENSG00000163792.6","TCF23","protein_coding",49,57,8
"S6","ENSG00000278908.1","RP11-523J2.1","TEC",52,57,5
"S6","ENSG00000230118.1","AC092569.2","processed_pseudogene",56,57,1
"S6","ENSG00000272716.1","RP11-563N4.1","lincRNA",55,57,2
"S6","ENSG00000205221.12","VIT","protein_coding",56,57,1
"S6","ENSG00000205111.8","CDKL4","protein_coding",55,57,2
"S6","ENSG00000214691.7","LINC01913","lincRNA",49,57,8
"S6","ENSG00000259439.2","LINC01833","lincRNA",48,57,9
"S6","ENSG00000138083.4","SIX3","protein_coding",56,57,1
"S6","ENSG00000205054.6","LINC01121","processed_transcript",56,57,1
"S6","ENSG00000226087.1","AC106869.2","lincRNA",47,57,10
"S6","ENSG00000242441.7","GTF2A1L","protein_coding",55,57,2
"S6","ENSG00000279956.1","RP11-310N16.1","protein_coding",56,57,1
"S6","ENSG00000138039.14","LHCGR","protein_coding",53,57,4
"S6","ENSG00000203327.2","AC012358.7","antisense",55,57,2
"S6","ENSG00000271615.1","ACTG1P22","transcribed_processed_pseudogene",49,57,8
"S6","ENSG00000271889.1","RP11-493E12.1","lincRNA",56,57,1
"S6","ENSG00000273302.1","RP11-493E12.2","sense_intronic",56,57,1
"S6","ENSG00000273064.1","RP11-474G23.3","antisense",55,57,2
"S6","ENSG00000239322.1","ATP6V1B1-AS1","antisense",54,57,3
"S6","ENSG00000205847.5","OR7E91P","unprocessed_pseudogene",51,57,6
"S6","ENSG00000272735.1","RP11-467P9.1","lincRNA",56,57,1
"S6","ENSG00000135638.13","EMX1","protein_coding",54,57,3
"S6","ENSG00000272702.1","RP11-44N22.3","processed_transcript",56,57,1
"S6","ENSG00000214513.3","NOTO","protein_coding",51,57,6
"S6","ENSG00000135625.7","EGR4","protein_coding",56,57,1
"S6","ENSG00000217702.2","RP11-287D1.4","lincRNA",56,57,1
"S6","ENSG00000234521.2","AC005041.11","transcribed_unitary_pseudogene",54,57,3
"S6","ENSG00000115297.10","TLX2","protein_coding",53,57,4
"S6","ENSG00000236209.1","AC104135.2","lincRNA",46,57,11
"S6","ENSG00000204792.2","LINC01291","lincRNA",55,57,2
"S6","ENSG00000270996.1","RP11-342K6.4","lincRNA",56,57,1
"S6","ENSG00000200488.1","RN7SKP203","misc_RNA",55,57,2
"S6","ENSG00000214429.3","CYCSP6","processed_pseudogene",21,57,36
"S6","ENSG00000115386.5","REG1A","protein_coding",40,57,17
"S6","ENSG00000162951.10","LRRTM1","protein_coding",55,57,2
"S6","ENSG00000066032.18","CTNNA2","protein_coding",55,57,2
"S6","ENSG00000208772.1","SNORD94","snoRNA",56,57,1
"S6","ENSG00000229604.2","MTATP8P2","processed_pseudogene",56,57,1
"S6","ENSG00000214336.4","FOXI3","protein_coding",52,57,5
"S6","ENSG00000283270.1","AC096579.13","transcribed_unprocessed_pseudogene",53,57,4
"S6","ENSG00000253278.1","IGKV2-10","IG_V_pseudogene",51,57,6
"S6","ENSG00000253265.1","IGKV2-14","IG_V_pseudogene",56,57,1
"S6","ENSG00000253732.1","IGKV2-19","IG_V_pseudogene",45,57,12
"S6","ENSG00000253625.1","IGKV2-23","IG_V_pseudogene",49,57,8
"S6","ENSG00000253202.1","IGKV3-25","IG_V_pseudogene",50,57,7
"S6","ENSG00000253158.1","IGKV3-31","IG_V_pseudogene",52,57,5
"S6","ENSG00000283132.1","RP4-614C10.3","unprocessed_pseudogene",56,57,1
"S6","ENSG00000232747.2","IGKV1D-35","IG_V_pseudogene",55,57,2
"S6","ENSG00000253191.1","IGKV1D-32","IG_V_pseudogene",48,57,9
"S6","ENSG00000211623.2","IGKV2D-26","IG_V_gene",54,57,3
"S6","ENSG00000254097.1","IGKV3D-25","IG_V_pseudogene",43,57,14
"S6","ENSG00000254345.1","IGKV2D-23","IG_V_pseudogene",40,57,17
"S6","ENSG00000253365.1","IGKV1D-22","IG_V_pseudogene",53,57,4
"S6","ENSG00000253765.1","IGKV2D-19","IG_V_pseudogene",43,57,14
"S6","ENSG00000254220.1","IGKV2D-18","IG_V_pseudogene",53,57,4
"S6","ENSG00000211626.2","IGKV6D-41","IG_V_gene",54,57,3
"S6","ENSG00000254292.1","IGKV2D-14","IG_V_pseudogene",50,57,7
"S6","ENSG00000270999.1","IGKV1OR2-118","IG_V_pseudogene",56,57,1
"S6","ENSG00000236969.2","GGT8P","unprocessed_pseudogene",56,57,1
"S6","ENSG00000229089.6","ANKRD20A8P","transcribed_unprocessed_pseudogene",55,57,2
"S6","ENSG00000224585.1","AC103563.5","unprocessed_pseudogene",49,57,8
"S6","ENSG00000168992.4","OR7E102P","unprocessed_pseudogene",56,57,1
"S6","ENSG00000188886.3","ASTL","protein_coding",55,57,2
"S6","ENSG00000270748.1","IGKV2OR2-1","IG_V_pseudogene",43,57,14
"S6","ENSG00000279791.1","RP11-499E14.1","TEC",45,57,12
"S6","ENSG00000271569.1","IGKV1OR2-6","IG_V_pseudogene",56,57,1
"S6","ENSG00000270187.1","IGKV1OR2-11","IG_V_pseudogene",53,57,4
"S6","ENSG00000222000.7","AC092675.3","antisense",47,57,10
"S6","ENSG00000185674.9","LYG2","protein_coding",56,57,1
"S6","ENSG00000281162.2","LINC01127","lincRNA",56,57,1
"S6","ENSG00000234389.1","AC007278.3","sense_intronic",55,57,2
"S6","ENSG00000180251.4","SLC9A4","protein_coding",44,57,13
"S6","ENSG00000235486.1","AC114755.7","unprocessed_pseudogene",56,57,1
"S6","ENSG00000115665.8","SLC5A7","protein_coding",56,57,1
"S6","ENSG00000225328.1","LINC01594","antisense",41,57,16
"S6","ENSG00000237223.6","SULT1C2P1","transcribed_unprocessed_pseudogene",52,57,5
"S6","ENSG00000283331.1","RP11-1223D19.4","lincRNA",45,57,12
"S6","ENSG00000283283.1","RP11-1223D19.5","unprocessed_pseudogene",56,57,1
"S6","ENSG00000283167.1","RP11-1223D19.6","unprocessed_pseudogene",55,57,2
"S6","ENSG00000125571.9","IL37","protein_coding",56,57,1
"S6","ENSG00000227368.1","CDK8P2","processed_pseudogene",50,57,7
"S6","ENSG00000136688.10","IL36G","protein_coding",51,57,6
"S6","ENSG00000136695.14","IL36RN","protein_coding",49,57,8
"S6","ENSG00000234997.1","AC016745.3","antisense",54,57,3
"S6","ENSG00000272563.1","RP11-480C16.1","lincRNA",53,57,4
"S6","ENSG00000236397.3","DDX11L2","unprocessed_pseudogene",56,57,1
"S6","ENSG00000270019.1","RP11-141B14.1","lincRNA",56,57,1
"S6","ENSG00000235026.5","DPP10-AS1","antisense",56,57,1
"S6","ENSG00000144119.3","C1QL2","protein_coding",51,57,6
"S6","ENSG00000280409.1","LINC01101","TEC",44,57,13
"S6","ENSG00000237614.1","AC073257.2","lincRNA",56,57,1
"S6","ENSG00000271709.1","RP11-297J22.1","lincRNA",56,57,1
"S6","ENSG00000231240.1","KLF2P1","processed_pseudogene",22,57,35
"S6","ENSG00000248313.1","CYP4F27P","unprocessed_pseudogene",25,57,32
"S6","ENSG00000180178.10","FAR2P1","transcribed_unprocessed_pseudogene",53,57,4
"S6","ENSG00000239402.3","CYP4F62P","transcribed_unprocessed_pseudogene",37,57,20
"S6","ENSG00000214081.8","CYP4F30P","transcribed_unprocessed_pseudogene",31,57,26
"S6","ENSG00000282944.1","RP11-1216L17.1","processed_transcript",31,57,26
"S6","ENSG00000233221.6","AC133785.1","antisense",47,57,10
"S6","ENSG00000230450.1","NEK2P4","processed_pseudogene",52,57,5
"S6","ENSG00000236516.1","KLF2P4","processed_pseudogene",20,57,37
"S6","ENSG00000231431.7","FAR2P4","transcribed_unprocessed_pseudogene",41,57,16
"S6","ENSG00000227817.4","ARHGAP42P1","unprocessed_pseudogene",56,57,1
"S6","ENSG00000272769.1","RP11-725P16.2","lincRNA",56,57,1
"S6","ENSG00000225107.1","AC092484.1","lincRNA",35,57,22
"S6","ENSG00000242575.1","AC012501.3","transcribed_processed_pseudogene",37,57,20
"S6","ENSG00000227400.2","AC012501.2","sense_overlapping",32,57,25
"S6","ENSG00000162989.4","KCNJ3","protein_coding",55,57,2
"S6","ENSG00000271320.1","RP11-1152H14.1","lincRNA",56,57,1
"S6","ENSG00000279844.1","RP11-20F18.1","TEC",17,57,40
"S6","ENSG00000136535.14","TBR1","protein_coding",43,57,14
"S6","ENSG00000073734.8","ABCB11","protein_coding",50,57,7
"S6","ENSG00000231550.1","PTCHD3P2","processed_pseudogene",49,57,8
"S6","ENSG00000235934.1","AC007405.8","antisense",52,57,5
"S6","ENSG00000144355.14","DLX1","protein_coding",45,57,12
"S6","ENSG00000232555.1","AC104088.1","lincRNA",39,57,18
"S6","ENSG00000270460.1","RP11-796E10.1","lincRNA",47,57,10
"S6","ENSG00000231453.1","LINC01305","lincRNA",30,57,27
"S6","ENSG00000280414.1","RP11-572N21.1","TEC",18,57,39
"S6","ENSG00000217236.1","SP9","protein_coding",22,57,35
"S6","ENSG00000236449.1","AC018890.6","antisense",54,57,3
"S6","ENSG00000128714.5","HOXD13","protein_coding",22,57,35
"S6","ENSG00000128713.13","HOXD11","protein_coding",36,57,21
"S6","ENSG00000128710.5","HOXD10","protein_coding",56,57,1
"S6","ENSG00000237380.6","HOXD-AS2","antisense",51,57,6
"S6","ENSG00000170166.5","HOXD4","protein_coding",56,57,1
"S6","ENSG00000283880.1","MIR7704","miRNA",56,57,1
"S6","ENSG00000224577.1","LINC01117","lincRNA",54,57,3
"S6","ENSG00000162992.3","NEUROD1","protein_coding",34,57,23
"S6","ENSG00000231646.5","FSIP2-AS1","antisense",53,57,4
"S6","ENSG00000280083.1","RP11-317J9.1","TEC",56,57,1
"S6","ENSG00000187944.2","C2orf66","protein_coding",56,57,1
"S6","ENSG00000222017.1","AC011997.1","antisense",55,57,2
"S6","ENSG00000257045.1","RP11-486F17.1","antisense",55,57,2
"S6","ENSG00000201499.1","RNU6-312P","snRNA",56,57,1
"S6","ENSG00000234842.1","MTCO2P16","unprocessed_pseudogene",53,57,4
"S6","ENSG00000224299.1","MTATP6P16","unprocessed_pseudogene",49,57,8
"S6","ENSG00000273209.1","RP11-107N15.1","lincRNA",56,57,1
"S6","ENSG00000228513.1","AC023271.1","processed_pseudogene",56,57,1
"S6","ENSG00000207406.1","SNORA41","snoRNA",55,57,2
"S6","ENSG00000241520.1","AC098820.4","antisense",56,57,1
"S6","ENSG00000115596.3","WNT6","protein_coding",56,57,1
"S6","ENSG00000171450.5","CDK5R2","protein_coding",55,57,2
"S6","ENSG00000163499.11","CRYBA2","protein_coding",38,57,19
"S6","ENSG00000230432.1","AC114803.3","antisense",44,57,13
"S6","ENSG00000054356.13","PTPRN","protein_coding",56,57,1
"S6","ENSG00000229525.1","AC053503.4","antisense",56,57,1
"S6","ENSG00000227308.2","AC009502.4","lincRNA",47,57,10
"S6","ENSG00000124003.12","MOGAT1","protein_coding",56,57,1
"S6","ENSG00000226539.1","AC012512.1","processed_pseudogene",56,57,1
"S6","ENSG00000228446.2","AC073052.1","processed_pseudogene",55,57,2
"S6","ENSG00000261379.1","RP11-395N3.1","sense_intronic",45,57,12
"S6","ENSG00000153820.12","SPHKAP","protein_coding",53,57,4
"S6","ENSG00000232023.2","LINC01807","lincRNA",24,57,33
"S6","ENSG00000238062.5","SPATA3-AS1","lincRNA",48,57,9
"S6","ENSG00000206885.1","SNORA75","snoRNA",56,57,1
"S6","ENSG00000237641.1","RP11-690I21.1","processed_pseudogene",56,57,1
"S6","ENSG00000163273.3","NPPC","protein_coding",53,57,4
"S6","ENSG00000204121.2","ECEL1P1","unprocessed_pseudogene",54,57,3
"S6","ENSG00000222001.2","AC106876.2","processed_transcript",45,57,12
"S6","ENSG00000224814.1","AC114812.8","antisense",54,57,3
"S6","ENSG00000227802.1","DNAJB3","transcribed_processed_pseudogene",21,57,36
"S6","ENSG00000178836.6","AC114812.5","transcribed_processed_pseudogene",29,57,28
"S6","ENSG00000185038.14","MROH2A","protein_coding",56,57,1
"S6","ENSG00000072080.10","SPP2","protein_coding",46,57,11
"S6","ENSG00000261298.1","RP11-309M7.1","lincRNA",25,57,32
"S6","ENSG00000168505.6","GBX2","protein_coding",49,57,8
"S6","ENSG00000222022.1","AC112721.1","lincRNA",49,57,8
"S6","ENSG00000222032.1","AC112721.2","lincRNA",52,57,5
"S6","ENSG00000279484.1","KLHL30-AS1","TEC",56,57,1
"S6","ENSG00000283635.1","RP11-5O24.1","antisense",56,57,1
"S6","ENSG00000232306.2","AC012485.2","lincRNA",52,57,5
"S6","ENSG00000219159.4","AC011298.2","lincRNA",39,57,18
"S6","ENSG00000172482.4","AGXT","protein_coding",46,57,11
"S6","ENSG00000223991.1","AC104809.2","antisense",55,57,2
"S6","ENSG00000215023.2","AC114730.5","antisense",41,57,16
"S6","ENSG00000154252.11","GAL3ST2","protein_coding",56,57,1
"S6","ENSG00000204099.11","NEU4","protein_coding",56,57,1
"S6","ENSG00000261186.2","LINC01238","antisense",55,57,2
"S6","ENSG00000280162.1","RP11-314N13.9","TEC",56,57,1
"S6","ENSG00000221116.1","SNORD110","snoRNA",54,57,3
"S6","ENSG00000229686.1","SNORD56","snoRNA",55,57,2
"S6","ENSG00000125787.11","GNRH2","protein_coding",53,57,4
"S6","ENSG00000101405.3","OXT","protein_coding",55,57,2
"S6","ENSG00000171864.4","PRND","protein_coding",56,57,1
"S6","ENSG00000229876.1","CASC20","lincRNA",25,57,32
"S6","ENSG00000225988.1","LAMP5-AS1","antisense",56,57,1
"S6","ENSG00000101349.16","PAK5","protein_coding",55,57,2
"S6","ENSG00000270792.5","RP11-103J8.1","antisense",56,57,1
"S6","ENSG00000275142.1","RP5-999L4.2","lincRNA",56,57,1
"S6","ENSG00000173404.4","INSM1","protein_coding",56,57,1
"S6","ENSG00000278041.1","RP5-984P4.6","lincRNA",19,57,38
"S6","ENSG00000125813.13","PAX1","protein_coding",43,57,14
"S6","ENSG00000279164.1","RP4-737E23.5","TEC",56,57,1
"S6","ENSG00000125823.12","CSTL1","protein_coding",25,57,32
"S6","ENSG00000101441.4","CST4","protein_coding",51,57,6
"S6","ENSG00000170373.8","CST1","protein_coding",54,57,3
"S6","ENSG00000228476.1","CSTP1","unprocessed_pseudogene",51,57,6
"S6","ENSG00000100987.14","VSX1","protein_coding",53,57,4
"S6","ENSG00000230725.5","RP4-738P15.1","lincRNA",47,57,10
"S6","ENSG00000231081.1","RP4-760C5.3","lincRNA",49,57,8
"S6","ENSG00000125804.13","FAM182A","processed_transcript",56,57,1
"S6","ENSG00000238129.5","RP3-410C9.2","lincRNA",37,57,20
"S6","ENSG00000282935.1","DUX4L34","unprocessed_pseudogene",45,57,12
"S6","ENSG00000283020.1","DUX4L37","unprocessed_pseudogene",53,57,4
"S6","ENSG00000260903.2","XKR7","protein_coding",55,57,2
"S6","ENSG00000198547.8","C20orf203","lincRNA",56,57,1
"S6","ENSG00000215529.12","EFCAB8","protein_coding",56,57,1
"S6","ENSG00000078898.6","BPIFB2","protein_coding",55,57,2
"S6","ENSG00000186191.7","BPIFB4","protein_coding",45,57,12
"S6","ENSG00000131050.10","BPIFA2","protein_coding",56,57,1
"S6","ENSG00000183566.10","BPIFA4P","transcribed_unitary_pseudogene",19,57,38
"S6","ENSG00000125999.10","BPIFB1","protein_coding",56,57,1
"S6","ENSG00000272945.1","CTD-3216D2.5","sense_intronic",55,57,2
"S6","ENSG00000232406.6","RP11-234K24.3","antisense",55,57,2
"S6","ENSG00000269846.1","RP4-621N11.2","antisense",56,57,1
"S6","ENSG00000129988.5","LBP","protein_coding",53,57,4
"S6","ENSG00000224635.1","RP4-564F22.5","lincRNA",56,57,1
"S6","ENSG00000199691.1","RN7SKP173","misc_RNA",54,57,3
"S6","ENSG00000274825.1","RP4-616B8.5","lincRNA",55,57,2
"S6","ENSG00000273951.1","RP4-620E11.8","sense_intronic",56,57,1
"S6","ENSG00000124194.16","GDAP1L1","protein_coding",48,57,9
"S6","ENSG00000101074.3","R3HDML","protein_coding",55,57,2
"S6","ENSG00000276223.1","RP4-781B1.5","sense_intronic",54,57,3
"S6","ENSG00000175121.11","WFDC5","protein_coding",55,57,2
"S6","ENSG00000243543.8","WFDC6","protein_coding",50,57,7
"S6","ENSG00000249139.1","EPPIN-WFDC6","protein_coding",48,57,9
"S6","ENSG00000101448.13","EPPIN","protein_coding",54,57,3
"S6","ENSG00000215452.4","ZNF663P","processed_transcript",56,57,1
"S6","ENSG00000225849.2","MKRN7P","transcribed_processed_pseudogene",53,57,4
"S6","ENSG00000236028.1","RP11-323C15.2","lincRNA",53,57,4
"S6","ENSG00000239783.1","RP5-1050K3.3","processed_pseudogene",54,57,3
"S6","ENSG00000222365.1","SNORD12B","snoRNA",56,57,1
"S6","ENSG00000232358.1","RP5-955M13.4","antisense",49,57,8
"S6","ENSG00000231703.2","RP4-669H2.1","antisense",55,57,2
"S6","ENSG00000259723.1","RP5-823G15.5","antisense",44,57,13
"S6","ENSG00000236352.1","AC005220.3","antisense",56,57,1
"S6","ENSG00000280387.1","RP5-1153D9.5","TEC",56,57,1
"S6","ENSG00000124253.10","PCK1","protein_coding",53,57,4
"S6","ENSG00000268941.2","LINC01711","lincRNA",54,57,3
"S6","ENSG00000268649.5","RP4-806M20.4","lincRNA",45,57,12
"S6","ENSG00000270951.1","RP1-309F20.4","antisense",56,57,1
"S6","ENSG00000276093.1","RP5-1017F8.2","lincRNA",51,57,6
"S6","ENSG00000233017.2","RP5-908M14.5","antisense",50,57,7
"S6","ENSG00000174403.15","C20orf166-AS1","antisense",55,57,2
"S6","ENSG00000101188.4","NTSR1","protein_coding",55,57,2
"S6","ENSG00000228705.1","LINC00659","antisense",39,57,18
"S6","ENSG00000231133.6","HAR1B","lincRNA",55,57,2
"S6","ENSG00000275620.1","FLJ16779","antisense",56,57,1
"S6","ENSG00000101198.14","NKAIN4","protein_coding",56,57,1
"S6","ENSG00000101204.16","CHRNA4","protein_coding",55,57,2
"S6","ENSG00000075043.18","KCNQ2","protein_coding",51,57,6
"S6","ENSG00000275812.1","RP4-697K14.15","antisense",53,57,4
"S6","ENSG00000171695.10","LKAAEAR1","protein_coding",56,57,1
"S6","ENSG00000280013.1","CH507-42P11.2","processed_pseudogene",56,57,1
"S6","ENSG00000280191.3","LINC01669","lincRNA",56,57,1
"S6","ENSG00000280330.1","CH507-236L23.2","processed_pseudogene",53,57,4
"S6","ENSG00000279303.1","CH507-236L23.3","TEC",56,57,1
"S6","ENSG00000276077.4","CH507-254M2.2","lincRNA",54,57,3
"S6","ENSG00000277739.1","RNA5-8S5","rRNA",49,57,8
"S6","ENSG00000279414.1","bP-2171C21.4","processed_pseudogene",55,57,2
"S6","ENSG00000279720.1","bP-2171C21.6","processed_pseudogene",51,57,6
"S6","ENSG00000279718.1","SNX18P12","processed_pseudogene",56,57,1
"S6","ENSG00000279208.1","bP-21264C1.1","unprocessed_pseudogene",56,57,1
"S6","ENSG00000280081.3","LINC01667","lincRNA",19,57,38
"S6","ENSG00000277693.1","AP003900.6","lincRNA",21,57,36
"S6","ENSG00000274391.4","TPTE","protein_coding",26,57,31
"S6","ENSG00000277282.1","IGHV1OR21-1","IG_V_gene",52,57,5
"S6","ENSG00000243440.6","AF165138.7","protein_coding",50,57,7
"S6","ENSG00000232884.7","AF127936.3","lincRNA",55,57,2
"S6","ENSG00000226751.2","AF127936.5","lincRNA",54,57,3
"S6","ENSG00000235277.1","AF127577.8","antisense",24,57,33
"S6","ENSG00000226580.1","RPL39P40","processed_pseudogene",55,57,2
"S6","ENSG00000154646.8","TMPRSS15","protein_coding",35,57,22
"S6","ENSG00000224141.5","MIR548XHG","lincRNA",21,57,36
"S6","ENSG00000223822.2","EEF1A1P1","processed_pseudogene",55,57,2
"S6","ENSG00000232692.1","AP001596.6","antisense",56,57,1
"S6","ENSG00000232079.6","LINC01697","processed_transcript",40,57,17
"S6","ENSG00000215005.2","HSPD1P7","processed_pseudogene",55,57,2
"S6","ENSG00000236056.1","GAPDHP14","processed_pseudogene",56,57,1
"S6","ENSG00000237594.2","AP000251.3","antisense",55,57,2
"S6","ENSG00000230978.1","LINC00160","lincRNA",50,57,7
"S6","ENSG00000233393.1","AP000688.29","lincRNA",55,57,2
"S6","ENSG00000231324.1","AP000696.2","lincRNA",28,57,29
"S6","ENSG00000198054.11","DSCR8","protein_coding",25,57,32
"S6","ENSG00000237721.1","AF064858.11","lincRNA",56,57,1
"S6","ENSG00000184809.12","B3GALT5-AS1","antisense",54,57,3
"S6","ENSG00000183067.5","IGSF5","protein_coding",56,57,1
"S6","ENSG00000235123.5","DSCAM-AS1","antisense",30,57,27
"S6","ENSG00000226496.2","LINC00323","antisense",56,57,1
"S6","ENSG00000225745.8","AL773572.7","antisense",40,57,17
"S6","ENSG00000236384.7","LINC00479","lincRNA",44,57,13
"S6","ENSG00000184385.2","UMODL1-AS1","sense_overlapping",56,57,1
"S6","ENSG00000160181.8","TFF2","protein_coding",32,57,25
"S6","ENSG00000160182.2","TFF1","protein_coding",56,57,1
"S6","ENSG00000235023.1","AP001626.2","antisense",53,57,4
"S6","ENSG00000236663.1","FRGCA","antisense",56,57,1
"S6","ENSG00000188660.3","LINC00319","lincRNA",56,57,1
"S6","ENSG00000232124.1","AP001057.1","antisense",56,57,1
"S6","ENSG00000160224.16","AIRE","protein_coding",46,57,11
"S6","ENSG00000230061.2","TRPM2-AS","antisense",55,57,2
"S6","ENSG00000236519.1","LINC01424","antisense",56,57,1
"S6","ENSG00000261706.1","LINC00165","lincRNA",56,57,1
"S6","ENSG00000160282.13","FTCD","protein_coding",55,57,2
"S6","ENSG00000225255.6","LINC01297","lincRNA",26,57,31
"S6","ENSG00000271127.1","LL22NC03-N64E9.1","sense_intronic",52,57,5
"S6","ENSG00000230481.2","IGKV1OR22-5","IG_V_pseudogene",52,57,5
"S6","ENSG00000253691.2","IGKV2OR22-4","IG_V_pseudogene",55,57,2
"S6","ENSG00000253481.2","IGKV1OR22-1","IG_V_pseudogene",49,57,8
"S6","ENSG00000280156.1","AC006548.28","sense_overlapping",50,57,7
"S6","ENSG00000273442.1","AC006946.17","lincRNA",47,57,10
"S6","ENSG00000235295.1","LINC01634","lincRNA",46,57,11
"S6","ENSG00000225225.1","ARL2BPP10","processed_pseudogene",56,57,1
"S6","ENSG00000284294.1","AC007326.11","processed_transcript",51,57,6
"S6","ENSG00000283366.1","AC000095.12","transcribed_unprocessed_pseudogene",50,57,7
"S6","ENSG00000273164.1","DGCR10","sense_intronic",53,57,4
"S6","ENSG00000281530.1","DGCR12","sense_intronic",54,57,3
"S6","ENSG00000231086.1","TSSK1A","unitary_pseudogene",56,57,1
"S6","ENSG00000232926.1","AC000078.5","processed_pseudogene",56,57,1
"S6","ENSG00000249923.1","XXbac-B444P24.8","antisense",56,57,1
"S6","ENSG00000236499.2","LINC00896","lincRNA",56,57,1
"S6","ENSG00000273139.1","XXbac-B444P24.14","lincRNA",55,57,2
"S6","ENSG00000284130.1","AC002472.16","transcribed_unprocessed_pseudogene",54,57,3
"S6","ENSG00000187905.10","LRRC74B","protein_coding",56,57,1
"S6","ENSG00000272954.1","KB-1440D3.13","sense_intronic",54,57,3
"S6","ENSG00000197549.9","PRAMENP","transcribed_unprocessed_pseudogene",55,57,2
"S6","ENSG00000253752.1","IGLVI-63","IG_V_pseudogene",52,57,5
"S6","ENSG00000253823.1","IGLV1-62","IG_V_pseudogene",52,57,5
"S6","ENSG00000211641.3","IGLV11-55","IG_V_gene",54,57,3
"S6","ENSG00000211647.1","IGLV5-48","IG_V_gene",55,57,2
"S6","ENSG00000253631.1","IGLV7-35","IG_V_pseudogene",44,57,13
"S6","ENSG00000169548.3","ZNF280A","protein_coding",32,57,25
"S6","ENSG00000220891.1","LL22NC03-63E9.3","antisense",51,57,6
"S6","ENSG00000211657.3","IGLV3-32","IG_V_gene",53,57,4
"S6","ENSG00000253920.1","IGLV3-31","IG_V_pseudogene",50,57,7
"S6","ENSG00000253329.1","IGLV3-30","IG_V_pseudogene",55,57,2
"S6","ENSG00000253822.1","IGLV3-24","IG_V_pseudogene",47,57,10
"S6","ENSG00000211661.2","IGLV3-22","IG_V_gene",54,57,3
"S6","ENSG00000254240.1","IGLVI-20","IG_V_pseudogene",55,57,2
"S6","ENSG00000253152.1","IGLV3-17","IG_V_pseudogene",56,57,1
"S6","ENSG00000253786.1","IGLV3-15","IG_V_pseudogene",51,57,6
"S6","ENSG00000231392.1","LL22NC03-24A12.8","unprocessed_pseudogene",53,57,4
"S6","ENSG00000237127.1","LL22NC03-84E4.8","unprocessed_pseudogene",54,57,3
"S6","ENSG00000254029.1","IGLC4","IG_C_pseudogene",43,57,14
"S6","ENSG00000211682.2","IGLJ6","IG_J_gene",55,57,2
"S6","ENSG00000211684.2","IGLJ7","IG_J_gene",56,57,1
"S6","ENSG00000248409.1","KB-1269D1.8","unprocessed_pseudogene",55,57,2
"S6","ENSG00000234928.1","LINC01659","lincRNA",55,57,2
"S6","ENSG00000178248.11","LINC01658","lincRNA",50,57,7
"S6","ENSG00000280623.1","PCAT14","lincRNA",53,57,4
"S6","ENSG00000272733.1","KB-208E9.1","lincRNA",56,57,1
"S6","ENSG00000273295.1","AP000350.5","lincRNA",49,57,8
"S6","ENSG00000232545.1","KB-318B8.7","sense_intronic",56,57,1
"S6","ENSG00000184571.13","PIWIL3","protein_coding",34,57,23
"S6","ENSG00000206069.6","TMEM211","protein_coding",51,57,6
"S6","ENSG00000279110.1","CTA-243E7.1","antisense",56,57,1
"S6","ENSG00000100053.9","CRYBB3","protein_coding",55,57,2
"S6","ENSG00000272942.1","CTA-246H3.12","lincRNA",34,57,23
"S6","ENSG00000133454.15","MYO18B","protein_coding",51,57,6
"S6","ENSG00000277941.1","MIAT_exon5_1","misc_RNA",55,57,2
"S6","ENSG00000275942.1","MIAT_exon5_2","misc_RNA",55,57,2
"S6","ENSG00000233521.5","LINC01638","lincRNA",55,57,2
"S6","ENSG00000273216.1","AC002059.10","sense_intronic",52,57,5
"S6","ENSG00000128250.5","RFPL1","protein_coding",56,57,1
"S6","ENSG00000225465.8","RFPL1S","antisense",56,57,1
"S6","ENSG00000176635.17","HORMAD2","protein_coding",56,57,1
"S6","ENSG00000232530.1","RP1-102K2.6","antisense",55,57,2
"S6","ENSG00000279699.1","RP1-102K2.9","TEC",56,57,1
"S6","ENSG00000278920.1","RP3-412A9.17","sense_overlapping",52,57,5
"S6","ENSG00000128253.13","RFPL2","protein_coding",56,57,1
"S6","ENSG00000242082.1","RP1-90G24.10","antisense",56,57,1
"S6","ENSG00000224050.1","RP1-90G24.6","lincRNA",53,57,4
"S6","ENSG00000230736.2","RP1-149A16.3","lincRNA",55,57,2
"S6","ENSG00000175329.12","ISX","protein_coding",30,57,27
"S6","ENSG00000233080.2","LINC01399","lincRNA",54,57,3
"S6","ENSG00000228719.1","RP5-1119A7.14","lincRNA",54,57,3
"S6","ENSG00000188078.5","RP5-1119A7.11","unprocessed_pseudogene",56,57,1
"S6","ENSG00000278195.1","SSTR3","protein_coding",56,57,1
"S6","ENSG00000243902.6","ELFN2","sense_overlapping",55,57,2
"S6","ENSG00000100146.16","SOX10","protein_coding",55,57,2
"S6","ENSG00000230912.1","RP3-508I15.10","antisense",54,57,3
"S6","ENSG00000273096.1","RP3-508I15.20","sense_intronic",56,57,1
"S6","ENSG00000273076.1","RP3-508I15.22","antisense",56,57,1
"S6","ENSG00000176177.9","ENTHD1","protein_coding",55,57,2
"S6","ENSG00000261202.1","RP3-496C20.1","antisense",54,57,3
"S6","ENSG00000234965.2","SHISA8","protein_coding",49,57,8
"S6","ENSG00000283829.1","MIR378I","miRNA",54,57,3
"S6","ENSG00000205704.6","LINC00634","transcribed_unitary_pseudogene",50,57,7
"S6","ENSG00000224883.1","CTA-250D10.19","antisense",54,57,3
"S6","ENSG00000227370.1","RP4-669P10.19","processed_pseudogene",56,57,1
"S6","ENSG00000230107.1","CTA-126B4.7","lincRNA",56,57,1
"S6","ENSG00000100341.11","PNPLA5","protein_coding",27,57,30
"S6","ENSG00000280011.1","RP4-671O14.7","antisense",56,57,1
"S6","ENSG00000056487.15","PHF21B","protein_coding",56,57,1
"S6","ENSG00000235091.1","WI2-85898F10.1","lincRNA",54,57,3
"S6","ENSG00000224715.1","CITF22-49D8.1","lincRNA",55,57,2
"S6","ENSG00000205634.6","LINC00898","lincRNA",21,57,36
"S6","ENSG00000224271.5","RP11-191L9.4","lincRNA",21,57,36
"S6","ENSG00000279712.1","CTA-280A3.2","lincRNA",18,57,39
"S6","ENSG00000279345.1","RP3-522J7.7","antisense",56,57,1
"S6","ENSG00000229409.1","RP11-494O16.3","processed_pseudogene",54,57,3
"S6","ENSG00000188263.10","IL17REL","protein_coding",55,57,2
"S6","ENSG00000100253.12","MIOX","protein_coding",56,57,1
"S6","ENSG00000226738.1","CTA-384D8.31","antisense",54,57,3
"S6","ENSG00000224318.5","CHL1-AS2","processed_transcript",56,57,1
"S6","ENSG00000189229.10","AC069277.2","lincRNA",39,57,18
"S6","ENSG00000196277.15","GRM7","protein_coding",56,57,1
"S6","ENSG00000230342.2","FANCD2P2","unprocessed_pseudogene",56,57,1
"S6","ENSG00000251576.1","LINC01267","lincRNA",55,57,2
"S6","ENSG00000230524.8","COL6A4P1","transcribed_unprocessed_pseudogene",52,57,5
"S6","ENSG00000092345.13","DAZL","protein_coding",46,57,11
"S6","ENSG00000274840.4","RP11-320G10.1","lincRNA",18,57,39
"S6","ENSG00000179796.11","LRRC3B","protein_coding",55,57,2
"S6","ENSG00000225548.5","LINC01980","lincRNA",26,57,31
"S6","ENSG00000236732.1","AC094019.4","unprocessed_pseudogene",52,57,5
"S6","ENSG00000271993.1","RP11-285J16.1","antisense",55,57,2
"S6","ENSG00000144671.10","SLC22A14","protein_coding",52,57,5
"S6","ENSG00000010282.14","HHATL","protein_coding",56,57,1
"S6","ENSG00000230970.3","HHATL-AS1","antisense",55,57,2
"S6","ENSG00000180432.5","CYP8B1","protein_coding",56,57,1
"S6","ENSG00000272121.1","RP4-555D20.4","lincRNA",50,57,7
"S6","ENSG00000173585.15","CCR9","protein_coding",56,57,1
"S6","ENSG00000261603.1","PRSS46","protein_coding",53,57,4
"S6","ENSG00000145040.3","UCN2","protein_coding",55,57,2
"S6","ENSG00000284251.1","MIR711","miRNA",53,57,4
"S6","ENSG00000284575.1","MIR4793","miRNA",53,57,4
"S6","ENSG00000226913.1","BSN-AS2","lincRNA",55,57,2
"S6","ENSG00000187492.8","CDHR4","protein_coding",56,57,1
"S6","ENSG00000234667.1","ACTBP13","unitary_pseudogene",48,57,9
"S6","ENSG00000222345.1","SNORD19","snoRNA",56,57,1
"S6","ENSG00000275956.1","RP5-966M1.7","processed_pseudogene",55,57,2
"S6","ENSG00000055957.10","ITIH1","protein_coding",56,57,1
"S6","ENSG00000271916.1","RP11-884K10.6","antisense",56,57,1
"S6","ENSG00000272202.1","RP11-157F20.3","antisense",56,57,1
"S6","ENSG00000283148.1","RP11-456N14.4","lincRNA",50,57,7
"S6","ENSG00000283511.1","RP11-456N14.6","transcribed_unitary_pseudogene",56,57,1
"S6","ENSG00000241359.1","SYNPR-AS1","antisense",56,57,1
"S6","ENSG00000163377.15","FAM19A4","protein_coding",54,57,3
"S6","ENSG00000179799.8","OR7E22P","unprocessed_pseudogene",54,57,3
"S6","ENSG00000236138.4","DUX4L26","processed_pseudogene",55,57,2
"S6","ENSG00000213450.4","VDAC1P7","processed_pseudogene",56,57,1
"S6","ENSG00000080224.17","EPHA6","protein_coding",56,57,1
"S6","ENSG00000240476.1","LINC00973","lincRNA",49,57,8
"S6","ENSG00000144820.7","ADGRG7","protein_coding",30,57,27
"S6","ENSG00000175841.8","FAM172BP","processed_pseudogene",55,57,2
"S6","ENSG00000170044.8","ZPLD1","protein_coding",55,57,2
"S6","ENSG00000206532.2","RP11-553A10.1","lincRNA",56,57,1
"S6","ENSG00000144834.13","TAGLN3","protein_coding",52,57,5
"S6","ENSG00000243081.2","RP11-231E6.1","lincRNA",52,57,5
"S6","ENSG00000243849.1","CFAP44-AS1","antisense",56,57,1
"S6","ENSG00000241490.1","RP11-553L6.2","antisense",56,57,1
"S6","ENSG00000172020.12","GAP43","protein_coding",56,57,1
"S6","ENSG00000163424.8","C3orf30","protein_coding",42,57,15
"S6","ENSG00000251012.1","RP11-484M3.5","protein_coding",40,57,17
"S6","ENSG00000114638.7","UPK1B","protein_coding",55,57,2
"S6","ENSG00000272967.1","RP11-190C22.9","antisense",56,57,1
"S6","ENSG00000282950.1","RP11-174O3.6","lincRNA",23,57,34
"S6","ENSG00000145087.12","STXBP5L","protein_coding",46,57,11
"S6","ENSG00000036828.15","CASR","protein_coding",54,57,3
"S6","ENSG00000065371.17","ROPN1","protein_coding",53,57,4
"S6","ENSG00000250218.1","ALDH1L1-AS1","antisense",49,57,8
"S6","ENSG00000246022.2","ALDH1L1-AS2","antisense",56,57,1
"S6","ENSG00000159650.8","UROC1","protein_coding",54,57,3
"S6","ENSG00000270773.1","RP13-685P2.7","processed_pseudogene",48,57,9
"S6","ENSG00000240006.1","LINC02004","lincRNA",56,57,1
"S6","ENSG00000240086.5","RP11-657O9.1","processed_transcript",47,57,10
"S6","ENSG00000249407.1","IL20RB-AS1","antisense",44,57,13
"S6","ENSG00000168875.2","SOX14","protein_coding",31,57,26
"S6","ENSG00000183770.5","FOXL2","protein_coding",40,57,17
"S6","ENSG00000206262.8","FOXL2NB","protein_coding",26,57,31
"S6","ENSG00000244124.1","ATP1B3-AS1","antisense",56,57,1
"S6","ENSG00000240032.1","LNCSRLR","antisense",55,57,2
"S6","ENSG00000241358.1","RP11-758I14.3","transcribed_processed_pseudogene",50,57,7
"S6","ENSG00000174963.17","ZIC4","protein_coding",39,57,18
"S6","ENSG00000152977.9","ZIC1","protein_coding",45,57,12
"S6","ENSG00000243885.1","RP11-278L15.2","lincRNA",54,57,3
"S6","ENSG00000244503.1","RP11-278L15.6","processed_pseudogene",52,57,5
"S6","ENSG00000243944.5","RP11-167H9.4","antisense",26,57,31
"S6","ENSG00000244541.5","LINC01213","lincRNA",38,57,19
"S6","ENSG00000243550.2","LINC01214","lincRNA",32,57,25
"S6","ENSG00000239941.1","RP11-246A10.1","lincRNA",55,57,2
"S6","ENSG00000214919.3","RP11-674E16.4","sense_intronic",52,57,5
"S6","ENSG00000241135.5","LINC00881","lincRNA",56,57,1
"S6","ENSG00000238741.1","SCARNA7","scaRNA",56,57,1
"S6","ENSG00000179674.3","ARL14","protein_coding",56,57,1
"S6","ENSG00000244128.5","LINC01322","lincRNA",33,57,24
"S6","ENSG00000169064.12","ZBBX","protein_coding",55,57,2
"S6","ENSG00000188306.6","LRRIQ4","protein_coding",56,57,1
"S6","ENSG00000279862.1","RP11-423E7.2","TEC",54,57,3
"S6","ENSG00000223387.6","LINC02068","lincRNA",56,57,1
"S6","ENSG00000226779.1","NAALADL2-AS2","antisense",34,57,23
"S6","ENSG00000223715.1","LINC01208","lincRNA",39,57,18
"S6","ENSG00000203645.2","LINC00501","lincRNA",37,57,20
"S6","ENSG00000277241.1","RP11-114M1.3","processed_pseudogene",55,57,2
"S6","ENSG00000231574.5","LINC02015","lincRNA",56,57,1
"S6","ENSG00000225790.1","RP11-2L8.1","lincRNA",49,57,8
"S6","ENSG00000223941.5","LINC01014","sense_intronic",51,57,6
"S6","ENSG00000237978.5","KCNMB2-AS1","antisense",56,57,1
"S6","ENSG00000242512.8","LINC01206","lincRNA",37,57,20
"S6","ENSG00000234197.1","ETV5-AS1","antisense",56,57,1
"S6","ENSG00000145192.12","AHSG","protein_coding",42,57,15
"S6","ENSG00000090512.11","FETUB","protein_coding",38,57,19
"S6","ENSG00000113905.4","HRG","protein_coding",34,57,23
"S6","ENSG00000113889.11","KNG1","protein_coding",51,57,6
"S6","ENSG00000238942.1","SNORD2","snoRNA",56,57,1
"S6","ENSG00000231982.1","RP11-573D15.1","unprocessed_pseudogene",54,57,3
"S6","ENSG00000228952.1","LINC02041","lincRNA",56,57,1
"S6","ENSG00000157005.3","SST","protein_coding",36,57,21
"S6","ENSG00000224049.1","RP11-30O15.1","lincRNA",51,57,6
"S6","ENSG00000279891.1","FLJ42393","TEC",47,57,10
"S6","ENSG00000205835.8","GMNC","protein_coding",51,57,6
"S6","ENSG00000233308.1","OSTN-AS1","antisense",55,57,2
"S6","ENSG00000223812.5","RP11-197K6.1","lincRNA",12,57,45
"S6","ENSG00000238097.1","LINC02037","lincRNA",32,57,25
"S6","ENSG00000214145.6","LINC00887","lincRNA",56,57,1
"S6","ENSG00000178772.6","CPN2","protein_coding",53,57,4
"S6","ENSG00000234805.1","AC090505.5","processed_pseudogene",48,57,9
"S6","ENSG00000236844.1","AC091633.2","processed_pseudogene",56,57,1
"S6","ENSG00000229178.1","AC069513.4","lincRNA",55,57,2
"S6","ENSG00000235836.1","KIF3AP1","processed_pseudogene",43,57,14
"S6","ENSG00000223783.1","LINC01983","lincRNA",52,57,5
"S6","ENSG00000273009.1","RP11-352G9.1","lincRNA",56,57,1
"S6","ENSG00000236833.1","AC024560.2","lincRNA",54,57,3
"S6","ENSG00000275426.1","CH17-262A2.1","sense_intronic",56,57,1
"S6","ENSG00000242686.4","RP11-1191J2.2","antisense",48,57,9
"S6","ENSG00000251639.2","RP11-20I20.1","processed_pseudogene",55,57,2
"S6","ENSG00000227189.2","AC092535.3","antisense",55,57,2
"S6","ENSG00000248399.1","RP11-503N18.4","sense_intronic",52,57,5
"S6","ENSG00000271977.1","AC226119.4","transcribed_unprocessed_pseudogene",50,57,7
"S6","ENSG00000082929.8","LINC01587","processed_transcript",51,57,6
"S6","ENSG00000181215.14","C4orf50","protein_coding",56,57,1
"S6","ENSG00000249896.2","RP11-586D19.1","transcribed_unprocessed_pseudogene",56,57,1
"S6","ENSG00000250942.1","ENPP7P11","processed_pseudogene",54,57,3
"S6","ENSG00000251087.3","ALG1L3P","unprocessed_pseudogene",44,57,13
"S6","ENSG00000169676.5","DRD5","protein_coding",55,57,2
"S6","ENSG00000251152.1","RP11-281P23.1","lincRNA",55,57,2
"S6","ENSG00000249631.5","RP11-281P23.2","lincRNA",52,57,5
"S6","ENSG00000109705.7","NKX3-2","protein_coding",50,57,7
"S6","ENSG00000246095.2","LINC01096","lincRNA",43,57,14
"S6","ENSG00000249502.1","AC006160.5","antisense",56,57,1
"S6","ENSG00000248238.1","RP11-3J1.1","lincRNA",19,57,38
"S6","ENSG00000248515.1","RP11-608O21.1","lincRNA",14,57,43
"S6","ENSG00000261121.1","RP11-496D24.2","lincRNA",43,57,14
"S6","ENSG00000248545.2","RP11-302F12.3","lincRNA",36,57,21
"S6","ENSG00000250050.1","MTND4P9","unprocessed_pseudogene",55,57,2
"S6","ENSG00000251129.1","RP11-734I18.1","lincRNA",26,57,31
"S6","ENSG00000261761.3","RP11-103J17.2","processed_transcript",16,57,41
"S6","ENSG00000279386.1","RP11-177C12.5","TEC",55,57,2
"S6","ENSG00000249241.1","AC195454.1","lincRNA",53,57,4
"S6","ENSG00000109132.6","PHOX2B","protein_coding",16,57,41
"S6","ENSG00000245870.3","LINC00682","lincRNA",24,57,33
"S6","ENSG00000251350.1","LVCAT1","lincRNA",51,57,6
"S6","ENSG00000183783.6","KCTD8","protein_coding",52,57,5
"S6","ENSG00000151834.15","GABRA2","protein_coding",55,57,2
"S6","ENSG00000170516.16","COX7B2","protein_coding",12,57,45
"S6","ENSG00000109182.11","CWH43","protein_coding",56,57,1
"S6","ENSG00000272576.1","RP11-365H22.2","lincRNA",56,57,1
"S6","ENSG00000212588.1","SNORA26","snoRNA",56,57,1
"S6","ENSG00000242670.1","RPL22P13","processed_pseudogene",55,57,2
"S6","ENSG00000269921.1","RP11-646I6.5","lincRNA",56,57,1
"S6","ENSG00000283156.1","RP11-646I6.3","transcribed_unprocessed_pseudogene",56,57,1
"S6","ENSG00000249693.2","THEGL","protein_coding",50,57,7
"S6","ENSG00000145242.13","EPHA5","protein_coding",53,57,4
"S6","ENSG00000249413.2","RP11-25H12.1","lincRNA",27,57,30
"S6","ENSG00000250656.2","ST3GAL1P1","processed_pseudogene",56,57,1
"S6","ENSG00000109163.6","GNRHR","protein_coding",56,57,1
"S6","ENSG00000153802.11","TMPRSS11D","protein_coding",51,57,6
"S6","ENSG00000197888.2","UGT2B17","protein_coding",55,57,2
"S6","ENSG00000272626.1","RP11-468N14.13","lincRNA",56,57,1
"S6","ENSG00000213759.9","UGT2B11","protein_coding",35,57,22
"S6","ENSG00000250696.5","RP11-704M14.1","antisense",40,57,17
"S6","ENSG00000156096.13","UGT2B4","protein_coding",53,57,4
"S6","ENSG00000271271.5","UGT2A2","protein_coding",33,57,24
"S6","ENSG00000173610.12","UGT2A1","protein_coding",45,57,12
"S6","ENSG00000181617.5","FDCSP","protein_coding",56,57,1
"S6","ENSG00000187689.9","AMTN","protein_coding",47,57,10
"S6","ENSG00000056291.17","NPFFR2","protein_coding",55,57,2
"S6","ENSG00000081051.7","AFP","protein_coding",41,57,16
"S6","ENSG00000109272.3","PF4V1","protein_coding",54,57,3
"S6","ENSG00000249942.1","AC142293.3","antisense",32,57,25
"S6","ENSG00000249717.1","RP11-44F21.3","antisense",55,57,2
"S6","ENSG00000260265.1","RP11-44F21.5","lincRNA",56,57,1
"S6","ENSG00000250735.5","RP11-567N4.3","lincRNA",13,57,44
"S6","ENSG00000174792.10","C4orf26","protein_coding",55,57,2
"S6","ENSG00000156219.16","ART3","protein_coding",56,57,1
"S6","ENSG00000197826.11","C4orf22","protein_coding",56,57,1
"S6","ENSG00000250325.1","IGBP1P4","processed_pseudogene",56,57,1
"S6","ENSG00000250546.5","RP11-8L2.1","processed_transcript",28,57,29
"S6","ENSG00000163623.9","NKX6-1","protein_coding",51,57,6
"S6","ENSG00000249001.5","RP11-742B18.1","antisense",54,57,3
"S6","ENSG00000152595.16","MEPE","protein_coding",46,57,11
"S6","ENSG00000270720.1","RP11-84C13.2","lincRNA",56,57,1
"S6","ENSG00000279013.1","RP11-254A24.2","TEC",56,57,1
"S6","ENSG00000152208.12","GRID2","protein_coding",54,57,3
"S6","ENSG00000249599.1","BMPR1B-AS1","lincRNA",48,57,9
"S6","ENSG00000248510.2","RP11-145G20.1","lincRNA",16,57,41
"S6","ENSG00000198099.8","ADH4","protein_coding",56,57,1
"S6","ENSG00000196344.11","ADH7","protein_coding",56,57,1
"S6","ENSG00000248713.1","RP11-766F14.2","protein_coding",56,57,1
"S6","ENSG00000248740.5","RP11-328K4.1","lincRNA",29,57,28
"S6","ENSG00000169836.4","TACR3","protein_coding",53,57,4
"S6","ENSG00000249635.1","RP11-710F7.3","antisense",55,57,2
"S6","ENSG00000164089.8","ETNPPL","protein_coding",42,57,15
"S6","ENSG00000164093.15","PITX2","protein_coding",55,57,2
"S6","ENSG00000251483.2","LYPLA1P2","processed_pseudogene",56,57,1
"S6","ENSG00000164100.8","NDST3","protein_coding",55,57,2
"S6","ENSG00000172399.5","MYOZ2","protein_coding",55,57,2
"S6","ENSG00000271302.1","RP11-647P12.2","processed_pseudogene",51,57,6
"S6","ENSG00000227145.1","IL21-AS1","antisense",54,57,3
"S6","ENSG00000261083.1","RP11-93I21.3","lincRNA",56,57,1
"S6","ENSG00000248394.1","FOSL1P1","processed_pseudogene",56,57,1
"S6","ENSG00000248187.1","RP11-184M15.1","lincRNA",53,57,4
"S6","ENSG00000246876.6","RP11-519M16.1","lincRNA",0,57,57
"S6","ENSG00000184139.8","RPL7AP28","processed_pseudogene",56,57,1
"S6","ENSG00000272727.1","RP11-142A22.4","lincRNA",36,57,21
"S6","ENSG00000279016.1","RP11-360A10.1","TEC",52,57,5
"S6","ENSG00000243417.1","RP11-555K12.1","processed_pseudogene",55,57,2
"S6","ENSG00000248571.1","RP11-768B22.2","antisense",54,57,3
"S6","ENSG00000151962.7","RBM46","protein_coding",42,57,15
"S6","ENSG00000120251.18","GRIA2","protein_coding",51,57,6
"S6","ENSG00000249568.1","RP11-234O6.2","antisense",27,57,30
"S6","ENSG00000168843.13","FSTL5","protein_coding",50,57,7
"S6","ENSG00000248329.5","APELA","protein_coding",55,57,2
"S6","ENSG00000109511.11","ANXA10","protein_coding",56,57,1
"S6","ENSG00000250596.1","RP11-440I14.2","lincRNA",56,57,1
"S6","ENSG00000251584.1","RP11-440I14.3","lincRNA",55,57,2
"S6","ENSG00000168594.15","ADAM29","protein_coding",56,57,1
"S6","ENSG00000150628.6","SPATA4","protein_coding",56,57,1
"S6","ENSG00000164122.8","ASB5","protein_coding",54,57,3
"S6","ENSG00000248694.1","RP11-18D7.2","antisense",55,57,2
"S6","ENSG00000271538.5","RP11-326I11.4","lincRNA",55,57,2
"S6","ENSG00000254233.1","RP11-242J7.1","lincRNA",51,57,6
"S6","ENSG00000187821.8","HELT","protein_coding",53,57,4
"S6","ENSG00000168412.6","MTNR1A","protein_coding",49,57,8
"S6","ENSG00000250590.5","RP11-565A3.2","lincRNA",0,57,57
"S6","ENSG00000249378.5","LINC01060","lincRNA",36,57,21
"S6","ENSG00000185028.3","LRRC14B","protein_coding",42,57,15
"S6","ENSG00000249201.2","CTD-3080P12.3","antisense",36,57,21
"S6","ENSG00000250584.2","LINC01511","lincRNA",40,57,17
"S6","ENSG00000113430.9","IRX4","protein_coding",36,57,21
"S6","ENSG00000248994.1","RP11-259O2.1","lincRNA",50,57,7
"S6","ENSG00000259757.1","RP11-129I19.2","lincRNA",54,57,3
"S6","ENSG00000260763.1","RP11-445O3.3","lincRNA",24,57,33
"S6","ENSG00000250490.1","LINC02145","lincRNA",56,57,1
"S6","ENSG00000248677.1","LINC02102","lincRNA",56,57,1
"S6","ENSG00000250060.1","RP11-332J15.2","lincRNA",14,57,43
"S6","ENSG00000271998.1","CTD-2199O4.7","lincRNA",53,57,4
"S6","ENSG00000260515.1","CTD-2199O4.3","lincRNA",53,57,4
"S6","ENSG00000272417.1","CTD-2199O4.6","lincRNA",54,57,3
"S6","ENSG00000248783.1","RP11-308B16.2","lincRNA",13,57,44
"S6","ENSG00000248131.5","LINC01194","lincRNA",15,57,42
"S6","ENSG00000243744.2","CTC-232H10.1","processed_pseudogene",56,57,1
"S6","ENSG00000251423.2","CTB-51A17.1","antisense",56,57,1
"S6","ENSG00000248791.1","CTD-2165H16.3","processed_pseudogene",56,57,1
"S6","ENSG00000215196.4","AC091878.1","antisense",54,57,3
"S6","ENSG00000249199.1","CTD-2139B15.5","lincRNA",34,57,23
"S6","ENSG00000145526.11","CDH18","protein_coding",40,57,17
"S6","ENSG00000251629.6","RP11-774D14.1","lincRNA",50,57,7
"S6","ENSG00000233974.3","RP11-823P9.3","processed_pseudogene",55,57,2
"S6","ENSG00000248874.5","C5orf17","lincRNA",54,57,3
"S6","ENSG00000040731.10","CDH10","protein_coding",55,57,2
"S6","ENSG00000250337.5","LINC01021","lincRNA",45,57,12
"S6","ENSG00000259786.6","LINC02109","lincRNA",23,57,34
"S6","ENSG00000250697.1","CTD-2066L21.3","lincRNA",42,57,15
"S6","ENSG00000164175.14","SLC45A2","protein_coding",55,57,2
"S6","ENSG00000271874.1","CTD-2024P10.2","lincRNA",56,57,1
"S6","ENSG00000145626.11","UGT3A1","protein_coding",40,57,17
"S6","ENSG00000168671.9","UGT3A2","protein_coding",52,57,5
"S6","ENSG00000245711.2","NADK2-AS1","antisense",56,57,1
"S6","ENSG00000248587.7","GDNF-AS1","antisense",56,57,1
"S6","ENSG00000271788.1","CTD-2201E18.5","lincRNA",55,57,2
"S6","ENSG00000251131.1","CTD-2035E11.3","antisense",56,57,1
"S6","ENSG00000164588.6","HCN1","protein_coding",54,57,3
"S6","ENSG00000259663.2","CTD-2314G24.2","antisense",53,57,4
"S6","ENSG00000016082.14","ISL1","protein_coding",44,57,13
"S6","ENSG00000240052.1","RP11-289K10.1","processed_pseudogene",55,57,2
"S6","ENSG00000164287.12","CDC20B","protein_coding",55,57,2
"S6","ENSG00000152670.18","DDX4","protein_coding",50,57,7
"S6","ENSG00000225230.1","AC008937.3","antisense",56,57,1
"S6","ENSG00000275634.1","PART1_2","misc_RNA",46,57,11
"S6","ENSG00000152931.7","PART1","lincRNA",55,57,2
"S6","ENSG00000253333.1","RP11-497H16.8","unprocessed_pseudogene",56,57,1
"S6","ENSG00000250387.2","LINC02197","lincRNA",54,57,3
"S6","ENSG00000249743.5","RP11-60A8.1","lincRNA",34,57,23
"S6","ENSG00000251604.1","LINC01385","lincRNA",22,57,35
"S6","ENSG00000248474.1","LINC02122","lincRNA",39,57,18
"S6","ENSG00000242198.1","CTD-2235C13.1","processed_pseudogene",56,57,1
"S6","ENSG00000250258.1","CTC-431G16.2","antisense",48,57,9
"S6","ENSG00000251050.1","RP11-168A11.4","processed_pseudogene",55,57,2
"S6","ENSG00000251450.1","RASGRF2-AS1","antisense",56,57,1
"S6","ENSG00000250874.1","CTC-480C2.1","lincRNA",21,57,36
"S6","ENSG00000245526.10","LINC00461","lincRNA",45,57,12
"S6","ENSG00000240388.2","CTD-2061E19.1","processed_pseudogene",54,57,3
"S6","ENSG00000250049.5","RP11-348J24.2","lincRNA",46,57,11
"S6","ENSG00000232578.4","CTC-303L1.1","processed_pseudogene",56,57,1
"S6","ENSG00000251348.1","HSPD1P11","processed_pseudogene",54,57,3
"S6","ENSG00000236882.7","LINC01554","lincRNA",56,57,1
"S6","ENSG00000249746.1","RP11-254I22.3","lincRNA",56,57,1
"S6","ENSG00000145721.11","LIX1","protein_coding",53,57,4
"S6","ENSG00000205359.9","SLCO6A1","protein_coding",31,57,26
"S6","ENSG00000250682.5","LINC00491","lincRNA",38,57,19
"S6","ENSG00000251026.1","LINC02163","lincRNA",25,57,32
"S6","ENSG00000250441.1","RP11-47F1.1","processed_pseudogene",56,57,1
"S6","ENSG00000248268.1","CTC-499J9.1","antisense",31,57,26
"S6","ENSG00000268223.4","ARL14EPL","protein_coding",56,57,1
"S6","ENSG00000249610.1","CTC-441N14.1","antisense",54,57,3
"S6","ENSG00000250803.6","CTC-441N14.4","protein_coding",56,57,1
"S6","ENSG00000249621.1","CTD-2544H17.1","lincRNA",51,57,6
"S6","ENSG00000249916.1","CTD-2280E9.1","antisense",56,57,1
"S6","ENSG00000145808.9","ADAMTS19","protein_coding",55,57,2
"S6","ENSG00000249312.1","ARL2BPP4","processed_pseudogene",52,57,5
"S6","ENSG00000169194.9","IL13","protein_coding",56,57,1
"S6","ENSG00000230612.3","AC004237.1","antisense",56,57,1
"S6","ENSG00000279197.1","CTB-3M24.1","TEC",38,57,19
"S6","ENSG00000250564.1","RP11-215P8.4","lincRNA",39,57,18
"S6","ENSG00000198868.3","MTND4LP30","processed_pseudogene",54,57,3
"S6","ENSG00000250167.1","CTC-321K16.1","antisense",38,57,19
"S6","ENSG00000250378.2","RP11-119J18.1","protein_coding",45,57,12
"S6","ENSG00000145832.12","SLC25A48","protein_coding",51,57,6
"S6","ENSG00000164616.15","FBXL21","transcribed_unitary_pseudogene",27,57,30
"S6","ENSG00000271824.1","AC009014.3","protein_coding",39,57,18
"S6","ENSG00000226306.6","NPY6R","transcribed_processed_pseudogene",56,57,1
"S6","ENSG00000283288.1","AC138517.6","protein_coding",55,57,2
"S6","ENSG00000279726.1","AC005609.16","antisense",56,57,1
"S6","ENSG00000278907.1","AC005609.19","antisense",54,57,3
"S6","ENSG00000278901.1","AC005609.17","antisense",56,57,1
"S6","ENSG00000248449.2","PCDHGB8P","transcribed_unitary_pseudogene",56,57,1
"S6","ENSG00000278925.1","AC005753.1","lincRNA",56,57,1
"S6","ENSG00000261757.1","AC005592.3","lincRNA",54,57,3
"S6","ENSG00000279130.1","RP11-278J6.4","TEC",56,57,1
"S6","ENSG00000251320.1","CTC-327F10.4","antisense",37,57,20
"S6","ENSG00000178172.6","SPINK6","protein_coding",51,57,6
"S6","ENSG00000251330.3","CTD-2283N19.1","antisense",56,57,1
"S6","ENSG00000164270.17","HTR4","protein_coding",55,57,2
"S6","ENSG00000127743.5","IL17B","protein_coding",56,57,1
"S6","ENSG00000241112.1","RPL29P14","processed_pseudogene",56,57,1
"S6","ENSG00000254226.5","LINC01933","lincRNA",52,57,5
"S6","ENSG00000132911.4","NMUR2","protein_coding",55,57,2
"S6","ENSG00000113196.2","HAND1","protein_coding",52,57,5
"S6","ENSG00000113249.12","HAVCR1","protein_coding",55,57,2
"S6","ENSG00000248544.2","CTB-47B11.3","antisense",56,57,1
"S6","ENSG00000253315.1","LINC01932","lincRNA",56,57,1
"S6","ENSG00000283413.1","CTB-76P12.1","lincRNA",56,57,1
"S6","ENSG00000118990.5","GLRXP3","processed_pseudogene",49,57,8
"S6","ENSG00000113327.15","GABRG2","protein_coding",33,57,24
"S6","ENSG00000188573.7","FBLL1","protein_coding",55,57,2
"S6","ENSG00000204767.3","FAM196B","protein_coding",56,57,1
"S6","ENSG00000168269.8","FOXI1","protein_coding",52,57,5
"S6","ENSG00000250274.1","CTB-114C7.4","lincRNA",56,57,1
"S6","ENSG00000253966.1","CTC-455F18.3","processed_pseudogene",56,57,1
"S6","ENSG00000253428.1","LINC01942","lincRNA",56,57,1
"S6","ENSG00000254211.5","LINC01485","lincRNA",56,57,1
"S6","ENSG00000170091.10","HMP19","protein_coding",54,57,3
"S6","ENSG00000283559.1","RP11-844P9.2","transcribed_unprocessed_pseudogene",52,57,5
"S6","ENSG00000248596.7","RP11-844P9.5","processed_transcript",55,57,2
"S6","ENSG00000283235.1","RP11-844P9.6","processed_transcript",55,57,2
"S6","ENSG00000074317.10","SNCB","protein_coding",54,57,3
"S6","ENSG00000175766.11","EIF4E1B","protein_coding",20,57,37
"S6","ENSG00000131183.10","SLC34A1","protein_coding",53,57,4
"S6","ENSG00000249849.1","RP11-1101H11.1","antisense",53,57,4
"S6","ENSG00000250420.8","AACSP1","transcribed_unprocessed_pseudogene",55,57,2
"S6","ENSG00000113262.14","GRM6","protein_coding",55,57,2
"S6","ENSG00000146090.15","RASGEF1C","protein_coding",51,57,6
"S6","ENSG00000168903.8","BTNL3","protein_coding",56,57,1
"S6","ENSG00000248103.1","CTC-338M12.9","lincRNA",45,57,12
"S6","ENSG00000274525.1","CTC-338M12.13","unprocessed_pseudogene",55,57,2
"S6","ENSG00000217929.3","CICP18","processed_pseudogene",56,57,1
"S6","ENSG00000188996.4","HUS1B","protein_coding",56,57,1
"S6","ENSG00000272465.1","RP1-136B1.1","lincRNA",56,57,1
"S6","ENSG00000164385.8","LINC01600","lincRNA",50,57,7
"S6","ENSG00000217030.1","RP11-428J1.2","processed_pseudogene",56,57,1
"S6","ENSG00000181355.20","OFCC1","protein_coding",25,57,32
"S6","ENSG00000237685.1","RP11-360O19.4","antisense",54,57,3
"S6","ENSG00000234427.1","RP3-413H6.2","lincRNA",52,57,5
"S6","ENSG00000218073.1","RP1-13D10.2","processed_pseudogene",55,57,2
"S6","ENSG00000217078.1","RP1-13D10.3","processed_pseudogene",54,57,3
"S6","ENSG00000261568.1","RP11-524C21.2","lincRNA",56,57,1
"S6","ENSG00000218186.2","KRT8P43","processed_pseudogene",54,57,3
"S6","ENSG00000260286.3","C6orf229","protein_coding",55,57,2
"S6","ENSG00000079689.13","SCGN","protein_coding",51,57,6
"S6","ENSG00000124564.17","SLC17A3","protein_coding",56,57,1
"S6","ENSG00000274267.1","HIST1H3B","protein_coding",44,57,13
"S6","ENSG00000216331.2","HIST1H1PS1","unprocessed_pseudogene",55,57,2
"S6","ENSG00000197409.7","HIST1H3D","protein_coding",56,57,1
"S6","ENSG00000277224.2","HIST1H2BF","protein_coding",52,57,5
"S6","ENSG00000217275.2","RP1-34B20.4","processed_pseudogene",56,57,1
"S6","ENSG00000124575.6","HIST1H1D","protein_coding",55,57,2
"S6","ENSG00000273983.1","HIST1H3G","protein_coding",55,57,2
"S6","ENSG00000261584.1","RP11-457M11.5","lincRNA",47,57,10
"S6","ENSG00000158553.4","POM121L2","protein_coding",52,57,5
"S6","ENSG00000276368.1","HIST1H2AJ","protein_coding",53,57,4
"S6","ENSG00000197238.4","HIST1H4J","protein_coding",52,57,5
"S6","ENSG00000184357.4","HIST1H1B","protein_coding",48,57,9
"S6","ENSG00000274641.1","HIST1H2BO","protein_coding",53,57,4
"S6","ENSG00000124657.1","OR2B6","protein_coding",52,57,5
"S6","ENSG00000235559.1","NOP56P1","processed_pseudogene",56,57,1
"S6","ENSG00000225173.1","XXbac-BPG308K3.5","lincRNA",52,57,5
"S6","ENSG00000204709.4","LINC01556","lincRNA",54,57,3
"S6","ENSG00000229274.1","XXbac-BPG13B8.10","lincRNA",56,57,1
"S6","ENSG00000204644.9","ZFP57","protein_coding",54,57,3
"S6","ENSG00000281831.1","HCP5B","lincRNA",56,57,1
"S6","ENSG00000204614.8","TRIM40","protein_coding",45,57,12
"S6","ENSG00000204613.10","TRIM10","protein_coding",56,57,1
"S6","ENSG00000204610.12","TRIM15","protein_coding",51,57,6
"S6","ENSG00000233892.1","PAIP1P1","processed_pseudogene",56,57,1
"S6","ENSG00000228415.3","PTMAP1","processed_pseudogene",51,57,6
"S6","ENSG00000228022.5","HCG20","lincRNA",56,57,1
"S6","ENSG00000237923.1","XXbac-BPG27H4.8","lincRNA",55,57,2
"S6","ENSG00000261272.1","MUC22","protein_coding",56,57,1
"S6","ENSG00000228789.6","HCG22","lincRNA",49,57,8
"S6","ENSG00000204542.2","C6orf15","protein_coding",30,57,27
"S6","ENSG00000204538.3","PSORS1C2","protein_coding",56,57,1
"S6","ENSG00000204528.3","PSORS1C3","sense_intronic",55,57,2
"S6","ENSG00000231402.1","WASF5P","processed_pseudogene",47,57,10
"S6","ENSG00000204421.2","LY6G6C","protein_coding",56,57,1
"S6","ENSG00000252743.1","RNU6-850P","snRNA",56,57,1
"S6","ENSG00000233627.2","C4A-AS1","antisense",56,57,1
"S6","ENSG00000196301.3","HLA-DRB9","unprocessed_pseudogene",56,57,1
"S6","ENSG00000223837.2","XXbac-BPG181M17.4","sense_intronic",56,57,1
"S6","ENSG00000224796.1","RPL32P1","processed_pseudogene",56,57,1
"S6","ENSG00000237398.1","HLA-DPA3","unprocessed_pseudogene",55,57,2
"S6","ENSG00000272217.1","XXbac-BPG157A10.21","lincRNA",53,57,4
"S6","ENSG00000197251.3","LINC00336","lincRNA",54,57,3
"S6","ENSG00000266509.1","MIR3934","miRNA",56,57,1
"S6","ENSG00000124493.13","GRM4","protein_coding",56,57,1
"S6","ENSG00000112041.12","TULP1","protein_coding",55,57,2
"S6","ENSG00000196748.9","CLPSL2","protein_coding",47,57,10
"S6","ENSG00000204140.9","CLPSL1","protein_coding",39,57,18
"S6","ENSG00000224666.3","RP1-50J22.4","antisense",54,57,3
"S6","ENSG00000279942.1","RP1-153P14.7","TEC",49,57,8
"S6","ENSG00000095981.10","KCNK16","protein_coding",45,57,12
"S6","ENSG00000156564.8","LRFN2","protein_coding",49,57,8
"S6","ENSG00000112212.11","TSPO2","protein_coding",56,57,1
"S6","ENSG00000188056.11","TREML4","protein_coding",55,57,2
"S6","ENSG00000048545.13","GUCA1A","protein_coding",53,57,4
"S6","ENSG00000179157.4","RPS2P28","processed_pseudogene",56,57,1
"S6","ENSG00000231881.1","RP5-1120P11.3","lincRNA",56,57,1
"S6","ENSG00000229349.2","ACTG1P9","processed_pseudogene",56,57,1
"S6","ENSG00000230062.5","ANKRD66","protein_coding",56,57,1
"S6","ENSG00000236164.1","RP11-268F1.3","lincRNA",55,57,2
"S6","ENSG00000164393.8","ADGRF2","protein_coding",56,57,1
"S6","ENSG00000124490.13","CRISP2","protein_coding",56,57,1
"S6","ENSG00000008197.4","TFAP2D","protein_coding",34,57,23
"S6","ENSG00000008196.12","TFAP2B","protein_coding",51,57,6
"S6","ENSG00000137270.10","GCM1","protein_coding",55,57,2
"S6","ENSG00000219863.5","RPL31P28","processed_pseudogene",55,57,2
"S6","ENSG00000231683.6","RP1-27K12.2","lincRNA",43,57,14
"S6","ENSG00000146147.14","MLIP","protein_coding",56,57,1
"S6","ENSG00000137251.15","TINAG","protein_coding",34,57,23
"S6","ENSG00000218980.2","FTH1P15","processed_pseudogene",56,57,1
"S6","ENSG00000276576.1","MRPL30P1","processed_pseudogene",55,57,2
"S6","ENSG00000225096.1","XXbac-BPG55C20.7","lincRNA",55,57,2
"S6","ENSG00000218617.1","RP3-407E4.2","processed_pseudogene",47,57,10
"S6","ENSG00000218274.2","RP3-407E4.3","unprocessed_pseudogene",46,57,11
"S6","ENSG00000112280.15","COL9A1","protein_coding",55,57,2
"S6","ENSG00000181514.6","RP3-474G15.1","processed_pseudogene",32,57,25
"S6","ENSG00000256980.4","KHDC1L","protein_coding",50,57,7
"S6","ENSG00000203907.9","OOEP","protein_coding",56,57,1
"S6","ENSG00000135312.6","HTR1B","protein_coding",56,57,1
"S6","ENSG00000269964.2","MEI4","protein_coding",54,57,3
"S6","ENSG00000220154.2","RP11-46B11.2","processed_pseudogene",46,57,11
"S6","ENSG00000231533.1","RP1-232L24.3","lincRNA",41,57,16
"S6","ENSG00000279659.1","RP11-177G23.1","TEC",54,57,3
"S6","ENSG00000203877.8","RIPPLY2","protein_coding",41,57,16
"S6","ENSG00000231776.5","LINC01611","lincRNA",22,57,35
"S6","ENSG00000234155.1","RP11-30P6.6","lincRNA",55,57,2
"S6","ENSG00000275072.1","SNORD50B","snoRNA",56,57,1
"S6","ENSG00000135346.8","CGA","protein_coding",41,57,16
"S6","ENSG00000279565.1","RP4-570O12.3","TEC",39,57,18
"S6","ENSG00000146276.11","GABRR1","protein_coding",46,57,11
"S6","ENSG00000220418.1","TUBB3P1","processed_pseudogene",49,57,8
"S6","ENSG00000172461.10","FUT9","protein_coding",51,57,6
"S6","ENSG00000184486.9","POU3F2","protein_coding",55,57,2
"S6","ENSG00000112238.11","PRDM13","protein_coding",31,57,26
"S6","ENSG00000112246.9","SIM1","protein_coding",33,57,24
"S6","ENSG00000187772.7","LIN28B","protein_coding",23,57,34
"S6","ENSG00000112333.11","NR2E1","protein_coding",43,57,14
"S6","ENSG00000236347.1","RP11-346D19.1","lincRNA",21,57,36
"S6","ENSG00000230943.1","RP11-367G18.1","lincRNA",56,57,1
"S6","ENSG00000175967.3","RP11-544L8__B.4","antisense",56,57,1
"S6","ENSG00000185002.9","RFX6","protein_coding",43,57,14
"S6","ENSG00000216809.1","RP11-57K17.1","processed_pseudogene",54,57,3
"S6","ENSG00000164434.11","FABP7","protein_coding",52,57,5
"S6","ENSG00000186439.12","TRDN","protein_coding",50,57,7
"S6","ENSG00000184530.8","C6orf58","protein_coding",56,57,1
"S6","ENSG00000228495.1","LINC01013","lincRNA",55,57,2
"S6","ENSG00000231023.6","LINC00326","lincRNA",48,57,9
"S6","ENSG00000220378.3","KRT8P42","processed_pseudogene",56,57,1
"S6","ENSG00000182747.4","SLC35D3","protein_coding",56,57,1
"S6","ENSG00000164485.14","IL22RA2","protein_coding",56,57,1
"S6","ENSG00000230533.2","RP11-95M15.1","lincRNA",40,57,17
"S6","ENSG00000226004.1","RP11-10J5.1","lincRNA",56,57,1
"S6","ENSG00000259828.1","RP11-63E9.1","lincRNA",50,57,7
"S6","ENSG00000236366.2","RP11-440G9.1","lincRNA",32,57,25
"S6","ENSG00000177688.6","SUMO4","protein_coding",53,57,4
"S6","ENSG00000216906.2","RP11-350J20.9","processed_pseudogene",56,57,1
"S6","ENSG00000219395.2","HSPA8P15","processed_pseudogene",56,57,1
"S6","ENSG00000112038.17","OPRM1","protein_coding",55,57,2
"S6","ENSG00000218631.1","RP3-395C13.1","processed_pseudogene",54,57,3
"S6","ENSG00000233682.3","RP11-13P5.2","antisense",55,57,2
"S6","ENSG00000220305.1","HNRNPH1P1","processed_pseudogene",56,57,1
"S6","ENSG00000198670.11","LPA","protein_coding",56,57,1
"S6","ENSG00000122194.18","PLG","protein_coding",56,57,1
"S6","ENSG00000225683.5","PACRG-AS3","antisense",55,57,2
"S6","ENSG00000223414.2","LINC00473","lincRNA",55,57,2
"S6","ENSG00000281832.1","LINC00602","lincRNA",46,57,11
"S6","ENSG00000164458.9","T","protein_coding",42,57,15
"S6","ENSG00000261420.1","RP1-168L15.5","antisense",54,57,3
"S6","ENSG00000280057.1","RP1-168L15.6","TEC",53,57,4
"S6","ENSG00000235008.1","RP3-497J21.1","processed_pseudogene",55,57,2
"S6","ENSG00000120436.3","GPR31","protein_coding",50,57,7
"S6","ENSG00000231720.1","RP11-568A7.3","lincRNA",51,57,6
"S6","ENSG00000112494.9","UNC93A","protein_coding",42,57,15
"S6","ENSG00000203688.4","RP11-351J23.1","lincRNA",55,57,2
"S6","ENSG00000229921.6","KIF25-AS1","lincRNA",54,57,3
"S6","ENSG00000153303.16","FRMD1","protein_coding",52,57,5
"S6","ENSG00000234768.1","RP11-503C24.1","lincRNA",16,57,41
"S6","ENSG00000234647.2","RP11-503C24.4","lincRNA",36,57,21
"S6","ENSG00000224417.2","RP11-503C24.6","sense_intronic",37,57,20
"S6","ENSG00000223485.2","LINC01615","lincRNA",55,57,2
"S6","ENSG00000261039.2","RP11-417E7.2","lincRNA",56,57,1
"S6","ENSG00000213863.2","XX-C2158C12.2","lincRNA",55,57,2
"S6","ENSG00000225532.1","XX-C2158C6.3","lincRNA",55,57,2
"S6","ENSG00000242611.2","AC093627.8","lincRNA",56,57,1
"S6","ENSG00000261795.1","RP11-90P13.1","lincRNA",56,57,1
"S6","ENSG00000249574.1","AC226118.1","lincRNA",56,57,1
"S6","ENSG00000073067.13","CYP2W1","protein_coding",53,57,4
"S6","ENSG00000231892.1","AC073316.2","lincRNA",44,57,13
"S6","ENSG00000236708.1","AC073316.1","antisense",56,57,1
"S6","ENSG00000188365.3","AC092171.2","antisense",56,57,1
"S6","ENSG00000122543.10","OCM","protein_coding",54,57,3
"S6","ENSG00000230825.1","AC005532.5","processed_transcript",56,57,1
"S6","ENSG00000214998.2","CCNB2P1","processed_pseudogene",54,57,3
"S6","ENSG00000272328.1","RP4-594A5.1","lincRNA",37,57,20
"S6","ENSG00000122584.12","NXPH1","protein_coding",40,57,17
"S6","ENSG00000203523.3","TAS2R2P","processed_pseudogene",45,57,12
"S6","ENSG00000229618.2","AC011288.2","lincRNA",46,57,11
"S6","ENSG00000136267.13","DGKB","protein_coding",56,57,1
"S6","ENSG00000004846.16","ABCB5","protein_coding",56,57,1
"S6","ENSG00000164651.16","SP8","protein_coding",45,57,12
"S6","ENSG00000122585.7","NPY","protein_coding",42,57,15
"S6","ENSG00000260951.1","RP5-978I12.1","lincRNA",50,57,7
"S6","ENSG00000257184.3","HOXA10-HOXA9","protein_coding",53,57,4
"S6","ENSG00000005073.5","HOXA11","protein_coding",47,57,10
"S6","ENSG00000240990.9","HOXA11-AS","antisense",48,57,9
"S6","ENSG00000106031.7","HOXA13","protein_coding",35,57,22
"S6","ENSG00000106038.12","EVX1","protein_coding",36,57,21
"S6","ENSG00000226874.1","AC005154.8","processed_pseudogene",56,57,1
"S6","ENSG00000226468.2","AC018641.7","processed_pseudogene",38,57,19
"S6","ENSG00000272905.1","RP11-265E18.1","lincRNA",53,57,4
"S6","ENSG00000197085.11","NPSR1-AS1","processed_transcript",45,57,12
"S6","ENSG00000187258.13","NPSR1","protein_coding",50,57,7
"S6","ENSG00000164532.10","TBX20","protein_coding",47,57,10
"S6","ENSG00000228668.1","TRGV5P","TR_V_pseudogene",56,57,1
"S6","ENSG00000233306.2","TRGV2","TR_V_gene",56,57,1
"S6","ENSG00000233854.1","POU6F2-AS2","antisense",24,57,33
"S6","ENSG00000106536.19","POU6F2","protein_coding",55,57,2
"S6","ENSG00000106540.4","AC004837.3","processed_pseudogene",56,57,1
"S6","ENSG00000232006.8","AC005537.2","lincRNA",49,57,8
"S6","ENSG00000231638.1","AC011738.4","antisense",55,57,2
"S6","ENSG00000146678.9","IGFBP1","protein_coding",56,57,1
"S6","ENSG00000242948.1","EPS15P1","transcribed_processed_pseudogene",49,57,8
"S6","ENSG00000223829.5","AC004870.4","processed_transcript",49,57,8
"S6","ENSG00000146666.5","LINC00525","antisense",54,57,3
"S6","ENSG00000164744.12","SUN3","protein_coding",53,57,4
"S6","ENSG00000226122.1","DDC-AS1","antisense",55,57,2
"S6","ENSG00000228897.1","CTD-2021A8.2","processed_pseudogene",56,57,1
"S6","ENSG00000227080.2","CTD-2021A8.3","processed_pseudogene",53,57,4
"S6","ENSG00000205628.2","LINC01446","lincRNA",33,57,24
"S6","ENSG00000232612.1","RPL31P35","processed_pseudogene",54,57,3
"S6","ENSG00000273720.1","RP11-613E4.4","processed_pseudogene",42,57,15
"S6","ENSG00000226278.1","PSPHP1","unprocessed_pseudogene",40,57,17
"S6","ENSG00000233288.1","RP11-760D2.5","lincRNA",30,57,27
"S6","ENSG00000213067.2","RP11-760D2.10","processed_pseudogene",41,57,16
"S6","ENSG00000260653.5","RP11-114G11.5","lincRNA",52,57,5
"S6","ENSG00000182111.8","ZNF716","protein_coding",31,57,26
"S6","ENSG00000214660.6","SLC29A4P2","unprocessed_pseudogene",50,57,7
"S6","ENSG00000213642.3","RP11-561N12.5","processed_pseudogene",38,57,19
"S6","ENSG00000270948.1","MTDHP1","processed_pseudogene",56,57,1
"S6","ENSG00000224316.1","GTF2IP5","unprocessed_pseudogene",56,57,1
"S6","ENSG00000236529.1","RP13-254B10.1","processed_pseudogene",53,57,4
"S6","ENSG00000232546.1","RP11-458F8.1","unprocessed_pseudogene",56,57,1
"S6","ENSG00000179131.7","RP11-458F8.3","processed_pseudogene",56,57,1
"S6","ENSG00000272843.1","RP11-313P13.5","antisense",54,57,3
"S6","ENSG00000233523.1","PHBP5","processed_pseudogene",56,57,1
"S6","ENSG00000175877.3","WBSCR28","protein_coding",56,57,1
"S6","ENSG00000233491.7","AC010091.1","transcribed_unitary_pseudogene",48,57,9
"S6","ENSG00000228928.1","KPNA2P2","processed_pseudogene",56,57,1
"S6","ENSG00000235436.10","DPY19L2P4","transcribed_unprocessed_pseudogene",54,57,3
"S6","ENSG00000227646.7","STEAP2-AS1","processed_transcript",50,57,7
"S6","ENSG00000234695.1","AC002076.10","antisense",53,57,4
"S6","ENSG00000236453.5","AC003092.1","lincRNA",38,57,19
"S6","ENSG00000233942.1","AC004012.1","lincRNA",54,57,3
"S6","ENSG00000277124.1","DLX6-AS1_2","misc_RNA",23,57,34
"S6","ENSG00000006377.10","DLX6","protein_coding",46,57,11
"S6","ENSG00000231764.8","DLX6-AS1","antisense",53,57,4
"S6","ENSG00000006128.11","TAC1","protein_coding",43,57,14
"S6","ENSG00000238109.1","AC004893.10","processed_pseudogene",56,57,1
"S6","ENSG00000214313.8","AZGP1P1","transcribed_unprocessed_pseudogene",56,57,1
"S6","ENSG00000207547.1","MIR25","miRNA",56,57,1
"S6","ENSG00000284012.1","MIR6840","miRNA",55,57,2
"S6","ENSG00000236305.1","SLC12A9-AS1","antisense",56,57,1
"S6","ENSG00000264425.1","MIR4653","miRNA",53,57,4
"S6","ENSG00000167011.8","NAT16","protein_coding",41,57,16
"S6","ENSG00000213394.3","RPSAP46","processed_pseudogene",52,57,5
"S6","ENSG00000233025.1","CRYZP1","processed_pseudogene",56,57,1
"S6","ENSG00000234715.1","CTB-107G13.1","antisense",52,57,5
"S6","ENSG00000242154.1","RP4-778K6.3","antisense",56,57,1
"S6","ENSG00000251978.1","RNA5SP236","rRNA",49,57,8
"S6","ENSG00000283585.1","CTB-133P21.1","lincRNA",54,57,3
"S6","ENSG00000225546.5","LVCAT5","lincRNA",6,57,51
"S6","ENSG00000106302.9","HYAL4","protein_coding",47,57,10
"S6","ENSG00000234224.2","TMEM229A","protein_coding",51,57,6
"S6","ENSG00000279419.1","RP5-907C10.3","TEC",54,57,3
"S6","ENSG00000224899.1","RP11-3B12.5","lincRNA",43,57,14
"S6","ENSG00000174697.4","LEP","protein_coding",52,57,5
"S6","ENSG00000244218.3","RN7SL81P","misc_RNA",56,57,1
"S6","ENSG00000128510.10","CPA4","protein_coding",56,57,1
"S6","ENSG00000158525.15","CPA5","protein_coding",55,57,2
"S6","ENSG00000271204.1","RP11-138A9.1","lincRNA",55,57,2
"S6","ENSG00000227471.8","AKR1B15","protein_coding",55,57,2
"S6","ENSG00000146857.3","STRA8","protein_coding",28,57,29
"S6","ENSG00000276067.2","RP11-260N14.1","transcribed_unprocessed_pseudogene",41,57,16
"S6","ENSG00000224746.1","AC015987.1","antisense",56,57,1
"S6","ENSG00000234352.9","AC009264.1","antisense",43,57,14
"S6","ENSG00000229677.1","RP11-383F6.1","processed_pseudogene",56,57,1
"S6","ENSG00000236279.6","CLEC2L","protein_coding",55,57,2
"S6","ENSG00000257743.8","MGAM2","protein_coding",53,57,4
"S6","ENSG00000211745.3","TRBV4-2","TR_V_gene",56,57,1
"S6","ENSG00000283063.1","TRBV6-2","TR_V_gene",56,57,1
"S6","ENSG00000229769.2","TRBV10-2","TR_V_gene",51,57,6
"S6","ENSG00000211724.3","TRBV6-6","TR_V_gene",56,57,1
"S6","ENSG00000211725.3","TRBV5-5","TR_V_gene",55,57,2
"S6","ENSG00000211728.2","TRBV5-6","TR_V_gene",56,57,1
"S6","ENSG00000276405.1","TRBV13","TR_V_gene",54,57,3
"S6","ENSG00000275791.1","TRBV10-3","TR_V_gene",56,57,1
"S6","ENSG00000276597.1","TRBV11-3","TR_V_gene",54,57,3
"S6","ENSG00000276819.1","TRBV15","TR_V_gene",54,57,3
"S6","ENSG00000282499.1","TRBV25-1","TR_V_gene",53,57,4
"S6","ENSG00000204983.13","PRSS1","protein_coding",52,57,5
"S6","ENSG00000275896.5","PRSS2","protein_coding",56,57,1
"S6","ENSG00000281958.1","TRBJ1-4","TR_J_gene",55,57,2
"S6","ENSG00000282780.1","TRBJ1-6","TR_J_gene",56,57,1
"S6","ENSG00000211766.1","TRBJ2-2P","TR_J_gene",56,57,1
"S6","ENSG00000237254.2","TRBV30","TR_V_gene",50,57,7
"S6","ENSG00000159763.3","PIP","protein_coding",55,57,2
"S6","ENSG00000188037.10","CLCN1","protein_coding",56,57,1
"S6","ENSG00000214035.3","AC073310.4","processed_pseudogene",54,57,3
"S6","ENSG00000261842.1","RP11-143I21.1","lincRNA",55,57,2
"S6","ENSG00000242048.3","RP13-452N2.1","processed_transcript",56,57,1
"S6","ENSG00000270405.1","RP11-208G20.3","processed_pseudogene",22,57,35
"S6","ENSG00000204894.4","RP11-208G20.2","processed_pseudogene",29,57,28
"S6","ENSG00000234722.3","LINC01287","lincRNA",40,57,17
"S6","ENSG00000235029.1","MNX1-AS2","antisense",56,57,1
"S6","ENSG00000229660.1","RP5-1142J19.1","lincRNA",55,57,2
"S6","ENSG00000222012.1","AC005481.5","antisense",55,57,2
"S6","ENSG00000231980.1","AC011899.10","antisense",54,57,3
"S6","ENSG00000253620.2","AC144568.4","processed_pseudogene",56,57,1
"S6","ENSG00000253764.1","RP11-439C15.4","lincRNA",55,57,2
"S6","ENSG00000253696.2","KBTBD11-OT1","lincRNA",56,57,1
"S6","ENSG00000275591.4","XKR5","protein_coding",54,57,3
"S6","ENSG00000206047.2","DEFA1","protein_coding",56,57,1
"S6","ENSG00000177306.4","OR7E125P","unprocessed_pseudogene",54,57,3
"S6","ENSG00000177257.2","DEFB4B","protein_coding",48,57,9
"S6","ENSG00000171711.2","DEFB4A","protein_coding",47,57,10
"S6","ENSG00000254367.5","RP11-211C9.1","lincRNA",53,57,4
"S6","ENSG00000279949.1","RP11-10A14.9","lincRNA",46,57,11
"S6","ENSG00000253426.5","RP11-10A14.4","lincRNA",56,57,1
"S6","ENSG00000171060.10","C8orf74","protein_coding",30,57,27
"S6","ENSG00000183638.5","RP1L1","protein_coding",56,57,1
"S6","ENSG00000255020.1","AF131216.5","antisense",36,57,21
"S6","ENSG00000154316.16","TDH","transcribed_unitary_pseudogene",56,57,1
"S6","ENSG00000255518.1","RP11-148O21.4","antisense",54,57,3
"S6","ENSG00000255354.1","RP11-148O21.2","antisense",53,57,4
"S6","ENSG00000136574.17","GATA4","protein_coding",51,57,6
"S6","ENSG00000255046.1","RP11-297N6.4","lincRNA",56,57,1
"S6","ENSG00000205879.5","FAM90A2P","unprocessed_pseudogene",52,57,5
"S6","ENSG00000251402.3","FAM90A25P","unprocessed_pseudogene",56,57,1
"S6","ENSG00000251468.2","RP11-369K16.1","unprocessed_pseudogene",55,57,2
"S6","ENSG00000078579.8","FGF20","protein_coding",49,57,8
"S6","ENSG00000253215.1","RP11-156K13.2","antisense",55,57,2
"S6","ENSG00000271654.1","RP11-685B14.3","processed_pseudogene",53,57,4
"S6","ENSG00000253270.1","RP11-1105O14.1","lincRNA",40,57,17
"S6","ENSG00000036565.14","SLC18A1","protein_coding",52,57,5
"S6","ENSG00000158815.10","FGF17","protein_coding",55,57,2
"S6","ENSG00000177725.5","CTD-2530N21.5","sense_overlapping",56,57,1
"S6","ENSG00000272163.1","GS1-72M22.1","antisense",52,57,5
"S6","ENSG00000277586.2","NEFL","protein_coding",56,57,1
"S6","ENSG00000279302.3","RP11-16P20.4","TEC",54,57,3
"S6","ENSG00000260253.1","RP4-676L2.1","sense_overlapping",47,57,10
"S6","ENSG00000253632.1","RP11-486M23.1","lincRNA",45,57,12
"S6","ENSG00000251191.7","LINC00589","lincRNA",55,57,2
"S6","ENSG00000253490.5","LINC02099","lincRNA",56,57,1
"S6","ENSG00000133863.7","TEX15","protein_coding",54,57,3
"S6","ENSG00000253793.1","RP11-293D9.2","processed_pseudogene",55,57,2
"S6","ENSG00000156687.10","UNC5D","protein_coding",56,57,1
"S6","ENSG00000253363.5","RP11-962G15.1","lincRNA",9,57,48
"S6","ENSG00000215262.7","KCNU1","protein_coding",25,57,32
"S6","ENSG00000253414.2","RP11-150O12.6","sense_intronic",56,57,1
"S6","ENSG00000188778.5","ADRB3","protein_coding",56,57,1
"S6","ENSG00000253361.1","RP11-675F6.3","lincRNA",31,57,26
"S6","ENSG00000254100.1","RP11-675F6.4","lincRNA",28,57,29
"S6","ENSG00000243095.1","RPL3P10","processed_pseudogene",56,57,1
"S6","ENSG00000104755.14","ADAM2","protein_coding",22,57,35
"S6","ENSG00000253665.1","RP11-359E19.2","lincRNA",53,57,4
"S6","ENSG00000165061.14","ZMAT4","protein_coding",55,57,2
"S6","ENSG00000253408.5","RP11-231D20.2","antisense",50,57,7
"S6","ENSG00000147434.8","CHRNA6","protein_coding",53,57,4
"S6","ENSG00000248498.3","ASNSP1","unprocessed_pseudogene",47,57,10
"S6","ENSG00000254348.1","RP11-1134I14.4","processed_pseudogene",53,57,4
"S6","ENSG00000248347.3","RP11-1134I14.2","unprocessed_pseudogene",48,57,9
"S6","ENSG00000269924.1","RP11-697N18.4","sense_intronic",55,57,2
"S6","ENSG00000253844.1","RP11-546K22.1","lincRNA",55,57,2
"S6","ENSG00000196711.8","ALKAL1","protein_coding",56,57,1
"S6","ENSG00000183729.3","NPBWR1","protein_coding",53,57,4
"S6","ENSG00000082556.10","OPRK1","protein_coding",56,57,1
"S6","ENSG00000253301.5","LINC01606","lincRNA",53,57,4
"S6","ENSG00000253821.1","RP11-246K15.1","lincRNA",55,57,2
"S6","ENSG00000253376.1","RP11-44D19.1","lincRNA",56,57,1
"S6","ENSG00000251127.2","RP11-280G9.1","lincRNA",40,57,17
"S6","ENSG00000274956.2","UG0898H09","lincRNA",44,57,13
"S6","ENSG00000185942.11","NKAIN3","protein_coding",56,57,1
"S6","ENSG00000246145.1","RRS1-AS1","lincRNA",56,57,1
"S6","ENSG00000261787.1","TCF24","protein_coding",53,57,4
"S6","ENSG00000165078.12","CPA6","protein_coding",56,57,1
"S6","ENSG00000246528.3","RP11-159H10.3","antisense",56,57,1
"S6","ENSG00000253967.1","RP11-333A23.4","lincRNA",44,57,13
"S6","ENSG00000254031.5","RP11-326E22.1","antisense",54,57,3
"S6","ENSG00000253379.5","RP11-1102P16.1","lincRNA",53,57,4
"S6","ENSG00000260838.3","RP11-531A24.3","lincRNA",51,57,6
"S6","ENSG00000253339.1","RP11-434I12.3","lincRNA",56,57,1
"S6","ENSG00000254349.5","MIR2052HG","lincRNA",38,57,19
"S6","ENSG00000253706.5","RP11-758M4.4","antisense",28,57,29
"S6","ENSG00000249395.2","CASC9","lincRNA",44,57,13
"S6","ENSG00000253898.1","LINC01419","lincRNA",18,57,39
"S6","ENSG00000170289.12","CNGB3","protein_coding",54,57,3
"S6","ENSG00000176566.4","DCAF4L2","protein_coding",10,57,47
"S6","ENSG00000245080.7","RP11-320N21.1","antisense",56,57,1
"S6","ENSG00000271930.1","RP11-44N12.5","lincRNA",52,57,5
"S6","ENSG00000236583.1","AP004290.1","processed_pseudogene",52,57,5
"S6","ENSG00000253217.1","KB-1991G8.1","lincRNA",55,57,2
"S6","ENSG00000253824.1","KB-173C10.2","lincRNA",50,57,7
"S6","ENSG00000174226.8","SNX31","protein_coding",52,57,5
"S6","ENSG00000248599.1","FLJ42969","lincRNA",54,57,3
"S6","ENSG00000253633.1","KB-1980E6.3","lincRNA",52,57,5
"S6","ENSG00000261670.1","RP11-1C8.5","lincRNA",55,57,2
"S6","ENSG00000271830.1","RP11-1C8.7","lincRNA",28,57,29
"S6","ENSG00000253477.5","RP11-1C8.4","antisense",25,57,32
"S6","ENSG00000253796.1","RP11-1084E5.1","antisense",54,57,3
"S6","ENSG00000164794.8","KCNV1","protein_coding",50,57,7
"S6","ENSG00000164796.17","CSMD3","protein_coding",54,57,3
"S6","ENSG00000164756.12","SLC30A8","protein_coding",56,57,1
"S6","ENSG00000239917.3","RPS10P16","unprocessed_pseudogene",54,57,3
"S6","ENSG00000225885.6","AC023590.1","antisense",56,57,1
"S6","ENSG00000242206.2","RPS26P35","processed_pseudogene",56,57,1
"S6","ENSG00000254037.2","RP11-775B15.3","processed_pseudogene",56,57,1
"S6","ENSG00000279347.1","RP11-85I17.2","TEC",55,57,2
"S6","ENSG00000250290.1","NCAPGP1","processed_pseudogene",51,57,6
"S6","ENSG00000221461.2","U3","snoRNA",40,57,17
"S6","ENSG00000214814.7","FER1L6","protein_coding",56,57,1
"S6","ENSG00000253227.1","RP11-383J24.1","lincRNA",35,57,22
"S6","ENSG00000244791.2","RP11-65D17.1","lincRNA",49,57,8
"S6","ENSG00000254166.1","CASC19","lincRNA",27,57,30
"S6","ENSG00000247844.1","CCAT1","lincRNA",50,57,7
"S6","ENSG00000246228.6","CASC8","antisense",54,57,3
"S6","ENSG00000249375.7","CASC11","lincRNA",55,57,2
"S6","ENSG00000280055.1","TMEM75","TEC",47,57,10
"S6","ENSG00000207110.1","RNU1-106P","snRNA",55,57,2
"S6","ENSG00000222501.1","RNU4-25P","snRNA",56,57,1
"S6","ENSG00000254275.6","LINC00824","processed_transcript",50,57,7
"S6","ENSG00000253593.2","RP11-157E21.1","lincRNA",52,57,5
"S6","ENSG00000272456.1","CTD-2342N23.3","lincRNA",52,57,5
"S6","ENSG00000254101.5","LINC02055","lincRNA",48,57,9
"S6","ENSG00000169427.6","KCNK9","protein_coding",55,57,2
"S6","ENSG00000253266.1","RP11-128L5.1","lincRNA",55,57,2
"S6","ENSG00000280035.1","RP11-10J21.2","TEC",56,57,1
"S6","ENSG00000197353.3","LYPD2","protein_coding",56,57,1
"S6","ENSG00000283992.1","LYNX1","protein_coding",56,57,1
"S6","ENSG00000167656.4","LY6D","protein_coding",56,57,1
"S6","ENSG00000253715.1","RP11-706C16.8","antisense",55,57,2
"S6","ENSG00000253931.1","RP11-909N17.2","antisense",44,57,13
"S6","ENSG00000254338.1","MAFA-AS1","antisense",44,57,13
"S6","ENSG00000275558.1","RN7SKP175","misc_RNA",56,57,1
"S6","ENSG00000254144.3","RP11-661A12.4","antisense",56,57,1
"S6","ENSG00000254812.1","RP11-661A12.12","antisense",54,57,3
"S6","ENSG00000263612.1","AF186192.6","lincRNA",56,57,1
"S6","ENSG00000235330.2","RPL12P25","transcribed_processed_pseudogene",56,57,1
"S6","ENSG00000137090.11","DMRT1","protein_coding",33,57,24
"S6","ENSG00000064218.4","DMRT3","protein_coding",52,57,5
"S6","ENSG00000120211.4","INSL4","protein_coding",38,57,19
"S6","ENSG00000206147.5","RPL23AP57","processed_pseudogene",56,57,1
"S6","ENSG00000236924.1","RP11-390F4.6","lincRNA",53,57,4
"S6","ENSG00000270372.1","RP11-109M17.2","lincRNA",30,57,27
"S6","ENSG00000270547.5","LINC01235","lincRNA",54,57,3
"S6","ENSG00000273399.2","RP11-408A13.3","lincRNA",56,57,1
"S6","ENSG00000238271.2","IFNWP19","unprocessed_pseudogene",54,57,3
"S6","ENSG00000184995.7","IFNE","protein_coding",50,57,7
"S6","ENSG00000171889.3","MIR31HG","sense_overlapping",53,57,4
"S6","ENSG00000229298.1","TUBB8P1","processed_pseudogene",55,57,2
"S6","ENSG00000107105.14","ELAVL2","protein_coding",56,57,1
"S6","ENSG00000260412.1","RP11-438B23.2","sense_overlapping",53,57,4
"S6","ENSG00000238001.2","SNRPCP1","processed_pseudogene",24,57,33
"S6","ENSG00000188133.5","TMEM215","protein_coding",50,57,7
"S6","ENSG00000122711.8","SPINK4","protein_coding",51,57,6
"S6","ENSG00000234373.1","SNX18P7","processed_pseudogene",47,57,10
"S6","ENSG00000226562.3","CYP4F26P","lincRNA",53,57,4
"S6","ENSG00000235481.2","UBE2R2-AS1","antisense",56,57,1
"S6","ENSG00000174038.12","C9orf131","protein_coding",55,57,2
"S6","ENSG00000250850.2","RP11-297B17.3","antisense",45,57,12
"S6","ENSG00000070601.9","FRMPD1","protein_coding",56,57,1
"S6","ENSG00000250989.1","RP11-392E22.5","processed_pseudogene",56,57,1
"S6","ENSG00000283162.1","RP11-403F21.4","transcribed_unprocessed_pseudogene",56,57,1
"S6","ENSG00000225380.4","IGKV1OR9-2","IG_V_pseudogene",36,57,21
"S6","ENSG00000274680.1","MYO5BP1","processed_pseudogene",55,57,2
"S6","ENSG00000276832.1","RP11-187C18.4","unprocessed_pseudogene",56,57,1
"S6","ENSG00000275297.1","RP11-292F9.1","processed_transcript",56,57,1
"S6","ENSG00000230635.2","CYP4F60P","unprocessed_pseudogene",55,57,2
"S6","ENSG00000276422.1","RP11-144A16.8","lincRNA",56,57,1
"S6","ENSG00000283541.1","RP11-101E5.7","unprocessed_pseudogene",56,57,1
"S6","ENSG00000275676.1","RP11-101E5.1","lincRNA",51,57,6
"S6","ENSG00000204805.8","FAM27E4","processed_pseudogene",55,57,2
"S6","ENSG00000284471.1","RP11-449H15.3","TEC",44,57,13
"S6","ENSG00000229422.1","RP11-262H14.5","processed_pseudogene",53,57,4
"S6","ENSG00000268951.1","RP11-149F8.3","processed_pseudogene",55,57,2
"S6","ENSG00000228656.1","MYO5BP3","processed_pseudogene",56,57,1
"S6","ENSG00000271225.1","BNIP3P4","processed_pseudogene",40,57,17
"S6","ENSG00000197550.3","RP11-460N11.2","unprocessed_pseudogene",55,57,2
"S6","ENSG00000184659.5","FOXD4L4","protein_coding",55,57,2
"S6","ENSG00000204776.6","IGKV1OR-3","IG_V_pseudogene",54,57,3
"S6","ENSG00000276203.4","ANKRD20A3","protein_coding",56,57,1
"S6","ENSG00000277350.1","RP11-395E19.6","lincRNA",51,57,6
"S6","ENSG00000278134.1","RP11-12A20.4","unprocessed_pseudogene",56,57,1
"S6","ENSG00000187559.5","FOXD4L3","protein_coding",55,57,2
"S6","ENSG00000229312.2","RP11-470P21.2","antisense",36,57,21
"S6","ENSG00000204711.8","C9orf135","protein_coding",56,57,1
"S6","ENSG00000229587.2","RP11-197P3.5","sense_intronic",56,57,1
"S6","ENSG00000233262.1","RP11-380F14.2","antisense",56,57,1
"S6","ENSG00000214908.3","RP11-229M1.2","processed_pseudogene",56,57,1
"S6","ENSG00000214888.2","XXyac-YM21GA2.7","antisense",47,57,10
"S6","ENSG00000165023.6","DIRAS2","protein_coding",54,57,3
"S6","ENSG00000226668.5","RP11-526D8.7","transcribed_unprocessed_pseudogene",26,57,31
"S6","ENSG00000188101.5","ALOX15P2","unprocessed_pseudogene",36,57,21
"S6","ENSG00000231990.1","RP11-53B5.1","lincRNA",39,57,18
"S6","ENSG00000131668.13","BARX1","protein_coding",55,57,2
"S6","ENSG00000235601.1","BARX1-AS1","lincRNA",30,57,27
"S6","ENSG00000199133.3","MIRLET7D","miRNA",55,57,2
"S6","ENSG00000130950.13","NUTM2F","protein_coding",56,57,1
"S6","ENSG00000236095.1","RP11-49O14.2","sense_intronic",56,57,1
"S6","ENSG00000271384.1","RP11-435O5.7","lincRNA",56,57,1
"S6","ENSG00000178919.8","FOXE1","protein_coding",52,57,5
"S6","ENSG00000270412.1","RP11-92C4.6","antisense",56,57,1
"S6","ENSG00000226334.1","RP11-217B7.2","antisense",56,57,1
"S6","ENSG00000232486.1","RP11-18B3.2","processed_pseudogene",55,57,2
"S6","ENSG00000224067.2","RP11-430K21.2","processed_pseudogene",56,57,1
"S6","ENSG00000165188.13","RNF183","protein_coding",56,57,1
"S6","ENSG00000230601.6","RP11-402G3.3","protein_coding",42,57,15
"S6","ENSG00000234692.1","RP11-445L6.3","lincRNA",51,57,6
"S6","ENSG00000173077.14","DEC1","protein_coding",55,57,2
"S6","ENSG00000230894.1","RP11-67K19.3","antisense",42,57,15
"S6","ENSG00000237548.1","TTLL11-IT1","lincRNA",49,57,8
"S6","ENSG00000185681.12","MORN5","protein_coding",56,57,1
"S6","ENSG00000188394.6","GPR21","protein_coding",53,57,4
"S6","ENSG00000106689.10","LHX2","protein_coding",55,57,2
"S6","ENSG00000136931.9","NR5A1","protein_coding",46,57,11
"S6","ENSG00000268707.1","RP11-247A12.7","lincRNA",50,57,7
"S6","ENSG00000179058.6","C9orf50","protein_coding",56,57,1
"S6","ENSG00000130711.3","PRDM12","protein_coding",53,57,4
"S6","ENSG00000236687.1","RP11-323H21.3","lincRNA",12,57,45
"S6","ENSG00000170827.9","CELP","transcribed_unprocessed_pseudogene",54,57,3
"S6","ENSG00000196990.8","FAM163B","protein_coding",54,57,3
"S6","ENSG00000235138.1","RP11-374P20.4","antisense",56,57,1
"S6","ENSG00000273473.1","LL09NC01-139C3.1","lincRNA",56,57,1
"S6","ENSG00000233936.1","RP11-399H11.2","lincRNA",55,57,2
"S6","ENSG00000122136.13","OBP2A","protein_coding",51,57,6
"S6","ENSG00000122133.16","PAEP","protein_coding",56,57,1
"S6","ENSG00000237339.5","LINC01502","lincRNA",32,57,25
"S6","ENSG00000165643.10","SOHLH1","protein_coding",32,57,25
"S6","ENSG00000275329.1","RP11-83N9.6","lincRNA",56,57,1
"S6","ENSG00000279813.1","WI2-1959D15.4","TEC",56,57,1
"S6","ENSG00000283769.1","WI2-1959D15.3","antisense",49,57,8
"S6","ENSG00000279141.3","LINC01451","lincRNA",56,57,1
"S6","ENSG00000204001.9","LCN8","protein_coding",25,57,32
"S6","ENSG00000177984.6","LCN15","protein_coding",43,57,14
"S6","ENSG00000261793.1","RP11-350O14.18","protein_coding",54,57,3
"S6","ENSG00000197768.10","STPG3","protein_coding",56,57,1
"S6","ENSG00000148408.12","CACNA1B","protein_coding",54,57,3
"S6","ENSG00000205755.11","CRLF2","protein_coding",56,57,1
"S6","ENSG00000196433.12","ASMT","protein_coding",55,57,2
"S6","ENSG00000223571.6","DHRSX-IT1","sense_intronic",55,57,2
"S6","ENSG00000205667.2","ARSH","protein_coding",54,57,3
"S6","ENSG00000205662.2","RP11-706O15.7","lincRNA",51,57,6
"S6","ENSG00000236120.6","RP11-733O18.1","lincRNA",56,57,1
"S6","ENSG00000169059.12","VCX3A","protein_coding",38,57,19
"S6","ENSG00000182583.12","VCX","protein_coding",36,57,21
"S6","ENSG00000205642.9","VCX3B","protein_coding",49,57,8
"S6","ENSG00000177138.15","FAM9B","protein_coding",42,57,15
"S6","ENSG00000233338.1","TLR8-AS1","antisense",56,57,1
"S6","ENSG00000165192.13","ASB11","protein_coding",56,57,1
"S6","ENSG00000225833.1","GS1-594A7.3","antisense",48,57,9
"S6","ENSG00000238178.6","RP11-431J24.2","antisense",56,57,1
"S6","ENSG00000182798.10","MAGEB17","protein_coding",54,57,3
"S6","ENSG00000283631.1","RP11-1037J10.1","lincRNA",52,57,5
"S6","ENSG00000091482.5","SMPX","protein_coding",54,57,3
"S6","ENSG00000224204.1","PHEX-AS1","antisense",37,57,20
"S6","ENSG00000184735.6","DDX53","protein_coding",19,57,38
"S6","ENSG00000099399.5","MAGEB2","protein_coding",34,57,23
"S6","ENSG00000169297.7","NR0B1","protein_coding",45,57,12
"S6","ENSG00000178556.8","CKS1BP6","processed_pseudogene",55,57,2
"S6","ENSG00000165164.13","CFAP47","protein_coding",56,57,1
"S6","ENSG00000235304.1","LINC01281","lincRNA",53,57,4
"S6","ENSG00000223486.1","AC092198.1","lincRNA",54,57,3
"S6","ENSG00000236276.1","NDP-AS1","antisense",50,57,7
"S6","ENSG00000213997.3","PGAM1P7","processed_pseudogene",52,57,5
"S6","ENSG00000126752.7","SSX1","protein_coding",15,57,42
"S6","ENSG00000205777.17","GAGE1","protein_coding",13,57,44
"S6","ENSG00000068985.4","PAGE1","protein_coding",30,57,27
"S6","ENSG00000274588.1","DGKK","protein_coding",56,57,1
"S6","ENSG00000227329.2","RP11-258C19.4","processed_pseudogene",55,57,2
"S6","ENSG00000102313.8","ITIH6","protein_coding",49,57,8
"S6","ENSG00000238269.8","PAGE2B","protein_coding",40,57,17
"S6","ENSG00000234068.6","PAGE2","protein_coding",25,57,32
"S6","ENSG00000158639.12","PAGE5","protein_coding",42,57,15
"S6","ENSG00000235124.1","KRT8P17","processed_pseudogene",51,57,6
"S6","ENSG00000147160.9","AWAT2","protein_coding",56,57,1
"S6","ENSG00000130055.13","GDPD2","protein_coding",56,57,1
"S6","ENSG00000120498.13","TEX11","protein_coding",56,57,1
"S6","ENSG00000243468.5","INGX","transcribed_processed_pseudogene",54,57,3
"S6","ENSG00000215115.6","CXorf49","protein_coding",45,57,12
"S6","ENSG00000215113.6","CXorf49B","protein_coding",53,57,4
"S6","ENSG00000283178.1","AL590763.16","unprocessed_pseudogene",40,57,17
"S6","ENSG00000274655.1","XIST_intron","misc_RNA",38,57,19
"S6","ENSG00000277577.1","Xist_exon4","misc_RNA",37,57,20
"S6","ENSG00000278039.1","Xist_exon1","misc_RNA",35,57,22
"S6","ENSG00000229807.10","XIST","lincRNA",56,57,1
"S6","ENSG00000232928.2","DDX3P1","processed_pseudogene",56,57,1
"S6","ENSG00000147145.12","LPAR4","protein_coding",56,57,1
"S6","ENSG00000126733.20","DACH2","protein_coding",53,57,4
"S6","ENSG00000179083.6","FAM133A","protein_coding",55,57,2
"S6","ENSG00000281566.2","RP11-485F13.1","lincRNA",12,57,45
"S6","ENSG00000102387.15","TAF7L","protein_coding",56,57,1
"S6","ENSG00000269437.6","NXF2B","protein_coding",56,57,1
"S6","ENSG00000231728.3","LL0XNC01-116E7.2","antisense",56,57,1
"S6","ENSG00000189108.12","IL1RAPL2","protein_coding",51,57,6
"S6","ENSG00000236064.1","RP6-191P20.4","antisense",43,57,14
"S6","ENSG00000277883.1","NLRP3P1","unprocessed_pseudogene",49,57,8
"S6","ENSG00000261409.1","RP6-24A23.7","sense_overlapping",54,57,3
"S6","ENSG00000133124.11","IRS4","protein_coding",51,57,6
"S6","ENSG00000237863.2","RP6-24A23.3","antisense",46,57,11
"S6","ENSG00000243978.8","RGAG1","protein_coding",56,57,1
"S6","ENSG00000260802.1","LINC00890","protein_coding",56,57,1
"S6","ENSG00000147246.9","HTR2C","protein_coding",34,57,23
"S6","ENSG00000204019.4","CT83","protein_coding",51,57,6
"S6","ENSG00000231270.1","RP13-347D8.1","processed_pseudogene",56,57,1
"S6","ENSG00000234493.3","RHOXF1P1","transcribed_unprocessed_pseudogene",53,57,4
"S6","ENSG00000101883.4","RHOXF1","protein_coding",55,57,2
"S6","ENSG00000282815.1","TEX13C","protein_coding",25,57,32
"S6","ENSG00000198354.6","DCAF12L2","protein_coding",54,57,3
"S6","ENSG00000230916.2","MTCO1P53","processed_pseudogene",48,57,9
"S6","ENSG00000232177.1","MTND4P24","processed_pseudogene",50,57,7
"S6","ENSG00000198889.4","DCAF12L1","protein_coding",36,57,21
"S6","ENSG00000183631.4","PRR32","protein_coding",43,57,14
"S6","ENSG00000227060.6","LINC00629","lincRNA",50,57,7
"S6","ENSG00000170965.9","PLAC1","protein_coding",55,57,2
"S6","ENSG00000274024.1","RP13-210D15.8","processed_pseudogene",53,57,4
"S6","ENSG00000268940.5","CT45A1","protein_coding",34,57,23
"S6","ENSG00000269096.6","CT45A3","protein_coding",42,57,15
"S6","ENSG00000269586.7","CT45A10","protein_coding",39,57,18
"S6","ENSG00000181433.9","SAGE1","protein_coding",33,57,24
"S6","ENSG00000219930.4","GAPDHP67","processed_pseudogene",56,57,1
"S6","ENSG00000101977.19","MCF2","protein_coding",56,57,1
"S6","ENSG00000165509.13","MAGEC3","protein_coding",39,57,18
"S6","ENSG00000155495.8","MAGEC1","protein_coding",33,57,24
"S6","ENSG00000046774.9","MAGEC2","protein_coding",27,57,30
"S6","ENSG00000236337.1","FMR1-IT1","sense_intronic",56,57,1
"S6","ENSG00000267978.5","MAGEA9B","protein_coding",20,57,37
"S6","ENSG00000185247.14","MAGEA11","protein_coding",19,57,38
"S6","ENSG00000123584.7","MAGEA9","protein_coding",19,57,38
"S6","ENSG00000156009.9","MAGEA8","protein_coding",46,57,11
"S6","ENSG00000228728.1","RP11-316K19.3","processed_pseudogene",54,57,3
"S6","ENSG00000229967.1","RP11-366F6.2","antisense",7,57,50
"S6","ENSG00000147381.11","MAGEA4","protein_coding",29,57,28
"S6","ENSG00000242520.5","MAGEA5","transcribed_unprocessed_pseudogene",33,57,24
"S6","ENSG00000266560.5","RP11-1007I13.4","processed_transcript",42,57,15
"S6","ENSG00000124260.11","MAGEA10","protein_coding",31,57,26
"S6","ENSG00000011677.12","GABRA3","protein_coding",44,57,13
"S6","ENSG00000268089.2","GABRQ","protein_coding",56,57,1
"S6","ENSG00000221867.8","MAGEA3","protein_coding",39,57,18
"S6","ENSG00000268902.3","CSAG2","protein_coding",50,57,7
"S6","ENSG00000183305.13","MAGEA2B","protein_coding",33,57,24
"S6","ENSG00000198930.12","CSAG1","protein_coding",40,57,17
"S6","ENSG00000213401.9","MAGEA12","protein_coding",34,57,23
"S6","ENSG00000242599.7","CSAG4","transcribed_unprocessed_pseudogene",18,57,39
"S6","ENSG00000268606.5","MAGEA2","protein_coding",31,57,26
"S6","ENSG00000268916.6","CSAG3","protein_coding",49,57,8
"S6","ENSG00000197172.10","MAGEA6","protein_coding",30,57,27
"S6","ENSG00000198883.11","PNMA5","protein_coding",50,57,7
"S6","ENSG00000198681.6","MAGEA1","protein_coding",32,57,25
"S6","ENSG00000214897.4","U82695.5","protein_coding",44,57,13
"S6","ENSG00000067842.17","ATP2B3","protein_coding",47,57,10
"S6","ENSG00000130829.17","DUSP9","protein_coding",56,57,1
"S6","ENSG00000268651.2","CTAG1A","protein_coding",27,57,30
"S6","ENSG00000184033.13","CTAG1B","protein_coding",13,57,44
"S6","ENSG00000126890.13","CTAG2","protein_coding",22,57,35
"S6","ENSG00000206693.1","SNORA56","snoRNA",56,57,1
"S6","ENSG00000224216.1","RP13-228J13.1","antisense",56,57,1
"S6","ENSG00000185203.12","WASIR1","antisense",54,57,3
"S6","ENSG00000227159.8","DDX11L16","unprocessed_pseudogene",56,57,1
"S6","ENSG00000067646.11","ZFY","protein_coding",55,57,2
"S6","ENSG00000233070.1","ZFY-AS1","antisense",24,57,33
"S6","ENSG00000231535.5","LINC00278","lincRNA",23,57,34
"S6","ENSG00000273906.1","RP11-115H13.1","sense_intronic",26,57,31
"S6","ENSG00000092377.13","TBL1Y","protein_coding",38,57,19
"S6","ENSG00000252155.1","RNU6-941P","snRNA",56,57,1
"S6","ENSG00000237447.1","CDC27P2","processed_pseudogene",56,57,1
"S6","ENSG00000271375.1","RP11-295P22.2","processed_pseudogene",54,57,3
"S6","ENSG00000224060.3","ARSEP1","transcribed_unprocessed_pseudogene",54,57,3
"S6","ENSG00000206159.10","GYG2P1","transcribed_unprocessed_pseudogene",28,57,29
"S6","ENSG00000233864.7","TTTY15","lincRNA",30,57,27
"S6","ENSG00000114374.12","USP9Y","protein_coding",45,57,12
"S6","ENSG00000067048.16","DDX3Y","protein_coding",51,57,6
"S6","ENSG00000183878.15","UTY","protein_coding",36,57,21
"S6","ENSG00000154620.5","TMSB4Y","protein_coding",32,57,25
"S6","ENSG00000230663.1","FAM224B","lincRNA",25,57,32
"S6","ENSG00000233522.1","FAM224A","lincRNA",26,57,31
"S6","ENSG00000176728.7","TTTY14","lincRNA",25,57,32
"S6","ENSG00000215580.10","BCORP1","transcribed_unprocessed_pseudogene",24,57,33
"S6","ENSG00000267793.1","RP11-576C2.1","transcribed_processed_pseudogene",22,57,35
"S6","ENSG00000131002.11","TXLNGY","transcribed_unprocessed_pseudogene",44,57,13
"S6","ENSG00000260197.1","RP11-424G14.1","lincRNA",24,57,33
"S6","ENSG00000012817.15","KDM5D","protein_coding",46,57,11
"S6","ENSG00000198692.9","EIF1AY","protein_coding",40,57,17
"S6","ENSG00000237917.1","PARP4P1","unprocessed_pseudogene",50,57,7
"S2","ENSG00000120054.11","CPN1","protein_coding",514,572,58
"S2","ENSG00000257062.6","RP11-125O5.2","protein_coding",514,572,58
"S2","ENSG00000247381.2","PLUT","antisense",514,572,58
"S2","ENSG00000267073.1","AC005256.1","lincRNA",514,572,58
"S2","ENSG00000246876.6","RP11-519M16.1","lincRNA",514,572,58
"S2","ENSG00000250590.5","RP11-565A3.2","lincRNA",514,572,58
"S3","ENSG00000283040.1","FAM166AP3","transcribed_unprocessed_pseudogene",534,540,6
"S3","ENSG00000233078.1","RP11-5P18.5","antisense",534,540,6
"S3","ENSG00000183888.4","C1orf64","protein_coding",534,540,6
"S3","ENSG00000204362.6","RP11-380J14.1","lincRNA",539,540,1
"S3","ENSG00000117148.7","ACTL8","protein_coding",539,540,1
"S3","ENSG00000255811.1","RP1-34M23.5","antisense",539,540,1
"S3","ENSG00000044012.3","GUCA2B","protein_coding",538,540,2
"S3","ENSG00000197273.3","GUCA2A","protein_coding",537,540,3
"S3","ENSG00000157131.10","C8A","protein_coding",539,540,1
"S3","ENSG00000177414.13","UBE2U","protein_coding",538,540,2
"S3","ENSG00000275678.1","RP4-547N15.3","sense_intronic",538,540,2
"S3","ENSG00000225087.1","RP4-660H19.1","lincRNA",538,540,2
"S3","ENSG00000162624.14","LHX8","protein_coding",538,540,2
"S3","ENSG00000153923.10","CLCA3P","transcribed_unprocessed_pseudogene",539,540,1
"S3","ENSG00000117598.11","PLPPR5","protein_coding",539,540,1
"S3","ENSG00000235407.1","CYMP-AS1","lincRNA",538,540,2
"S3","ENSG00000241794.1","SPRR2A","protein_coding",539,540,1
"S3","ENSG00000196805.7","SPRR2B","protein_coding",539,540,1
"S3","ENSG00000203785.8","SPRR2E","protein_coding",539,540,1
"S3","ENSG00000143556.8","S100A7","protein_coding",538,540,2
"S3","ENSG00000229961.2","RP11-71G12.1","transcribed_unitary_pseudogene",539,540,1
"S3","ENSG00000162761.14","LMX1A","protein_coding",537,540,3
"S3","ENSG00000215834.9","FMO9P","transcribed_unitary_pseudogene",539,540,1
"S3","ENSG00000229757.2","RP4-738P11.4","processed_pseudogene",539,540,1
"S3","ENSG00000225826.1","LINC00626","lincRNA",539,540,1
"S3","ENSG00000203740.3","METTL11B","protein_coding",539,540,1
"S3","ENSG00000180999.10","C1orf105","protein_coding",539,540,1
"S3","ENSG00000227579.5","RP1-35C21.2","lincRNA",535,540,5
"S3","ENSG00000260976.1","LINC01633","lincRNA",533,540,7
"S3","ENSG00000230426.2","ERVMER61-1","lincRNA",484,540,56
"S3","ENSG00000134365.12","CFHR4","protein_coding",539,540,1
"S3","ENSG00000198049.6","AVPR1B","protein_coding",537,540,3
"S3","ENSG00000142224.15","IL19","protein_coding",539,540,1
"S3","ENSG00000232621.1","C4BPAP2","unprocessed_pseudogene",537,540,3
"S3","ENSG00000196660.10","SLC30A10","protein_coding",537,540,3
"S3","ENSG00000225554.1","RP11-527D7.1","lincRNA",536,540,4
"S3","ENSG00000231298.6","LINC00704","lincRNA",539,540,1
"S3","ENSG00000239148.1","U8","snoRNA",534,540,6
"S3","ENSG00000223784.1","LINP1","lincRNA",539,540,1
"S3","ENSG00000271046.1","RP11-138I18.2","lincRNA",539,540,1
"S3","ENSG00000272516.1","RP11-573G6.9","lincRNA",539,540,1
"S3","ENSG00000224215.1","RP11-371A19.2","antisense",539,540,1
"S3","ENSG00000182077.10","PTCHD3","protein_coding",535,540,5
"S3","ENSG00000233515.1","LINC01518","lincRNA",539,540,1
"S3","ENSG00000230425.1","RSU1P1","unprocessed_pseudogene",539,540,1
"S3","ENSG00000177354.11","C10orf71","protein_coding",538,540,2
"S3","ENSG00000187714.6","SLC18A3","protein_coding",537,540,3
"S3","ENSG00000070748.18","CHAT","protein_coding",538,540,2
"S3","ENSG00000150275.17","PCDH15","protein_coding",539,540,1
"S3","ENSG00000227877.6","MRLN","protein_coding",539,540,1
"S3","ENSG00000279359.1","RP11-36D19.9","TEC",530,540,10
"S3","ENSG00000229404.5","LINC00858","lincRNA",539,540,1
"S3","ENSG00000204021.3","LIPK","protein_coding",539,540,1
"S3","ENSG00000120054.11","CPN1","protein_coding",466,540,74
"S3","ENSG00000224817.1","RP11-190J1.3","lincRNA",539,540,1
"S3","ENSG00000203837.4","PNLIPRP3","protein_coding",537,540,3
"S3","ENSG00000165863.16","C10orf82","protein_coding",539,540,1
"S3","ENSG00000148704.12","VAX1","protein_coding",536,540,4
"S3","ENSG00000271434.3","RP13-238F13.3","processed_transcript",539,540,1
"S3","ENSG00000154493.17","C10orf90","protein_coding",539,540,1
"S3","ENSG00000280953.2","LINC01163","lincRNA",539,540,1
"S3","ENSG00000176769.9","TCERG1L","protein_coding",538,540,2
"S3","ENSG00000197177.15","ADGRA1","protein_coding",539,540,1
"S3","ENSG00000180176.14","TH","protein_coding",539,540,1
"S3","ENSG00000230483.1","AC124057.5","antisense",539,540,1
"S3","ENSG00000167332.7","OR51E2","protein_coding",539,540,1
"S3","ENSG00000110148.9","CCKBR","protein_coding",539,540,1
"S3","ENSG00000275612.1","RP11-35J10.6","sense_intronic",534,540,6
"S3","ENSG00000271758.2","RP11-35J10.5","lincRNA",539,540,1
"S3","ENSG00000254951.7","RP11-494M8.4","sense_overlapping",539,540,1
"S3","ENSG00000188162.10","OTOG","protein_coding",539,540,1
"S3","ENSG00000165973.18","NELL1","protein_coding",538,540,2
"S3","ENSG00000254497.1","CTD-2560E9.5","antisense",539,540,1
"S3","ENSG00000180210.14","F2","protein_coding",536,540,4
"S3","ENSG00000205025.8","OR5G5P","transcribed_unprocessed_pseudogene",539,540,1
"S3","ENSG00000109991.8","P2RX3","protein_coding",538,540,2
"S3","ENSG00000254399.2","GLYATL1P4","unprocessed_pseudogene",535,540,5
"S3","ENSG00000254799.1","SLC25A47P1","processed_pseudogene",538,540,2
"S3","ENSG00000214797.3","RP11-1036E20.9","lincRNA",538,540,2
"S3","ENSG00000257002.1","AP000438.2","antisense",539,540,1
"S3","ENSG00000255147.1","RP11-655M14.4","unprocessed_pseudogene",539,540,1
"S3","ENSG00000255774.1","AP000439.3","lincRNA",537,540,3
"S3","ENSG00000204529.4","GUCY2EP","transcribed_unprocessed_pseudogene",539,540,1
"S3","ENSG00000254632.1","RP11-21L23.4","antisense",539,540,1
"S3","ENSG00000225678.2","AP000619.5","transcribed_unprocessed_pseudogene",538,540,2
"S3","ENSG00000185742.6","C11orf87","protein_coding",538,540,2
"S3","ENSG00000227487.3","NCAM1-AS1","antisense",538,540,2
"S3","ENSG00000110243.11","APOA5","protein_coding",539,540,1
"S3","ENSG00000246790.2","RP11-730K11.1","antisense",539,540,1
"S3","ENSG00000255298.2","OR8G5","protein_coding",537,540,3
"S3","ENSG00000238117.1","AP004372.1","antisense",536,540,4
"S3","ENSG00000251226.1","RP11-469N6.1","lincRNA",539,540,1
"S3","ENSG00000111262.5","KCNA1","protein_coding",538,540,2
"S3","ENSG00000256417.1","RP11-1038A11.3","lincRNA",539,540,1
"S3","ENSG00000255983.1","RP11-1038A11.1","lincRNA",539,540,1
"S3","ENSG00000215009.5","ACSM4","protein_coding",539,540,1
"S3","ENSG00000111701.6","APOBEC1","protein_coding",539,540,1
"S3","ENSG00000111732.10","AICDA","protein_coding",539,540,1
"S3","ENSG00000255960.1","RP11-459D22.1","processed_pseudogene",538,540,2
"S3","ENSG00000205754.10","SLCO1B7","protein_coding",535,540,5
"S3","ENSG00000257062.6","RP11-125O5.2","protein_coding",476,540,64
"S3","ENSG00000134538.2","SLCO1B1","protein_coding",539,540,1
"S3","ENSG00000256615.1","RP11-59N23.3","antisense",539,540,1
"S3","ENSG00000255760.1","RP11-428G5.5","lincRNA",539,540,1
"S3","ENSG00000173157.16","ADAMTS20","protein_coding",537,540,3
"S3","ENSG00000258116.1","RP11-493L12.6","processed_pseudogene",539,540,1
"S3","ENSG00000177627.9","C12orf54","protein_coding",539,540,1
"S3","ENSG00000123407.3","HOXC12","protein_coding",531,540,9
"S3","ENSG00000228630.5","HOTAIR","antisense",536,540,4
"S3","ENSG00000123388.4","HOXC11","protein_coding",539,540,1
"S3","ENSG00000251151.2","HOXC-AS3","processed_transcript",539,540,1
"S3","ENSG00000185306.12","C12orf56","protein_coding",539,540,1
"S3","ENSG00000111536.4","IL26","protein_coding",539,540,1
"S3","ENSG00000255733.5","IFNG-AS1","antisense",539,540,1
"S3","ENSG00000127325.18","BEST3","protein_coding",539,540,1
"S3","ENSG00000258053.1","CTD-2021H9.3","lincRNA",539,540,1
"S3","ENSG00000257364.1","VENTXP3","processed_pseudogene",534,540,6
"S3","ENSG00000258815.1","RP11-408B11.2","lincRNA",538,540,2
"S3","ENSG00000277081.1","RMST_10","misc_RNA",536,540,4
"S3","ENSG00000255794.7","RMST","processed_transcript",537,540,3
"S3","ENSG00000257501.6","RP11-1016B18.1","transcribed_processed_pseudogene",537,540,3
"S3","ENSG00000257703.5","RP11-328J6.1","lincRNA",537,540,3
"S3","ENSG00000257579.1","RP11-128P10.1","antisense",539,540,1
"S3","ENSG00000089116.3","LHX5","protein_coding",539,540,1
"S3","ENSG00000249550.6","LINC01234","lincRNA",539,540,1
"S3","ENSG00000257654.1","RP11-497G19.2","lincRNA",537,540,3
"S3","ENSG00000139767.8","SRRM4","protein_coding",539,540,1
"S3","ENSG00000249345.6","RP11-575F12.1","lincRNA",525,540,15
"S3","ENSG00000256001.1","RP11-575F12.2","lincRNA",539,540,1
"S3","ENSG00000261650.1","RP11-474D1.4","lincRNA",529,540,11
"S3","ENSG00000214039.8","RP11-474D1.3","lincRNA",537,540,3
"S3","ENSG00000276122.1","RP11-143E21.3","lincRNA",529,540,11
"S3","ENSG00000279905.1","RP11-117L5.1","TEC",539,540,1
"S3","ENSG00000204603.6","LINC01257","lincRNA",539,540,1
"S3","ENSG00000280217.1","RP11-638F5.2","TEC",539,540,1
"S3","ENSG00000279516.1","FAM230C","processed_transcript",539,540,1
"S3","ENSG00000196593.9","ANKRD20A19P","transcribed_unprocessed_pseudogene",539,540,1
"S3","ENSG00000165566.12","AMER2","protein_coding",539,540,1
"S3","ENSG00000132975.7","GPR12","protein_coding",539,540,1
"S3","ENSG00000229609.1","LINC01079","lincRNA",536,540,4
"S3","ENSG00000247381.2","PLUT","antisense",465,540,75
"S3","ENSG00000139515.5","PDX1","protein_coding",539,540,1
"S3","ENSG00000165556.9","CDX2","protein_coding",539,540,1
"S3","ENSG00000133105.7","RXFP2","protein_coding",537,540,3
"S3","ENSG00000279511.1","RP11-676B18.1","TEC",539,540,1
"S3","ENSG00000237361.2","TUSC8","lincRNA",539,540,1
"S3","ENSG00000102794.9","ACOD1","protein_coding",539,540,1
"S3","ENSG00000271776.1","RP11-52L5.6","antisense",538,540,2
"S3","ENSG00000152192.7","POU4F1","protein_coding",539,540,1
"S3","ENSG00000228824.6","MIR4500HG","lincRNA",539,540,1
"S3","ENSG00000272046.1","RP11-471M2.3","lincRNA",527,540,13
"S3","ENSG00000139800.8","ZIC5","protein_coding",538,540,2
"S3","ENSG00000125255.6","SLC10A2","protein_coding",534,540,6
"S3","ENSG00000236242.1","MYO16-AS1","antisense",539,540,1
"S3","ENSG00000234854.1","LINC00676","antisense",515,540,25
"S3","ENSG00000182968.4","SOX1","protein_coding",525,540,15
"S3","ENSG00000211779.3","TRAV5","TR_V_gene",539,540,1
"S3","ENSG00000211780.3","TRAV6","TR_V_gene",539,540,1
"S3","ENSG00000211782.2","TRAV8-1","TR_V_gene",539,540,1
"S3","ENSG00000211790.2","TRAV8-4","TR_V_gene",539,540,1
"S3","ENSG00000211792.2","TRAV14DV4","TR_V_gene",539,540,1
"S3","ENSG00000211802.3","TRAV22","TR_V_gene",539,540,1
"S3","ENSG00000211804.3","TRDV1","TR_V_gene",539,540,1
"S3","ENSG00000211814.1","TRAV35","TR_V_pseudogene",539,540,1
"S3","ENSG00000211816.2","TRAV38-1","TR_V_gene",539,540,1
"S3","ENSG00000211818.1","TRAV39","TR_V_gene",539,540,1
"S3","ENSG00000197616.11","MYH6","protein_coding",539,540,1
"S3","ENSG00000092054.12","MYH7","protein_coding",539,540,1
"S3","ENSG00000257842.5","NOVA1-AS1","antisense",538,540,2
"S3","ENSG00000257185.1","RP11-626P14.2","lincRNA",535,540,5
"S3","ENSG00000258932.5","CTD-3006G17.2","transcribed_processed_pseudogene",536,540,4
"S3","ENSG00000257869.1","CTD-2591A6.2","lincRNA",533,540,7
"S3","ENSG00000258175.1","RP11-412H8.2","lincRNA",539,540,1
"S3","ENSG00000176165.10","FOXG1","protein_coding",539,540,1
"S3","ENSG00000257636.6","RP11-1103G16.1","antisense",539,540,1
"S3","ENSG00000251363.2","RP11-129M6.1","lincRNA",539,540,1
"S3","ENSG00000258700.5","LINC00871","lincRNA",538,540,2
"S3","ENSG00000139915.18","MDGA2","protein_coding",528,540,12
"S3","ENSG00000258791.7","LINC00520","lincRNA",539,540,1
"S3","ENSG00000258592.1","RP11-108M12.3","lincRNA",539,540,1
"S3","ENSG00000140015.19","KCNH5","protein_coding",539,540,1
"S3","ENSG00000267909.2","CCDC177","protein_coding",539,540,1
"S3","ENSG00000266869.1","RP6-114E22.1","lincRNA",537,540,3
"S3","ENSG00000165553.4","NGB","protein_coding",539,540,1
"S3","ENSG00000170099.5","SERPINA6","protein_coding",539,540,1
"S3","ENSG00000100665.11","SERPINA4","protein_coding",539,540,1
"S3","ENSG00000258927.1","RP11-1070N10.5","lincRNA",535,540,5
"S3","ENSG00000259084.6","RP11-1070N10.6","processed_transcript",538,540,2
"S3","ENSG00000257275.6","RP11-164H13.1","antisense",539,540,1
"S3","ENSG00000254656.1","RTL1","protein_coding",530,540,10
"S3","ENSG00000259023.2","LINC00524","lincRNA",536,540,4
"S3","ENSG00000258986.6","TMEM179","protein_coding",539,540,1
"S3","ENSG00000253364.2","RP11-731F5.2","lincRNA",539,540,1
"S3","ENSG00000264781.1","MIR4537","miRNA",539,540,1
"S3","ENSG00000253587.2","IGHV3-30-2","IG_V_pseudogene",539,540,1
"S3","ENSG00000253467.2","IGHV7-40","IG_V_pseudogene",538,540,2
"S3","ENSG00000270816.5","LINC00221","lincRNA",537,540,3
"S3","ENSG00000253941.1","IGHVII-51-2","IG_V_pseudogene",539,540,1
"S3","ENSG00000270356.1","IGHV1OR15-4","IG_V_pseudogene",539,540,1
"S3","ENSG00000182256.12","GABRG3","protein_coding",539,540,1
"S3","ENSG00000261649.6","GOLGA6L7P","protein_coding",537,540,3
"S3","ENSG00000259749.1","NCAPGP2","unprocessed_pseudogene",539,540,1
"S3","ENSG00000134160.13","TRPM1","protein_coding",536,540,4
"S3","ENSG00000260211.2","RP13-395E19.2","processed_pseudogene",538,540,2
"S3","ENSG00000233041.8","PHGR1","protein_coding",536,540,4
"S3","ENSG00000259240.1","RP11-108K3.1","lincRNA",539,540,1
"S3","ENSG00000259306.2","RP11-108K3.2","lincRNA",538,540,2
"S3","ENSG00000260062.3","GOLGA2P11","transcribed_unprocessed_pseudogene",537,540,3
"S3","ENSG00000225362.8","CT62","protein_coding",539,540,1
"S3","ENSG00000277749.1","RP11-60L3.6","antisense",539,540,1
"S3","ENSG00000140600.16","SH3GL3","protein_coding",539,540,1
"S3","ENSG00000140519.12","RHCG","protein_coding",539,540,1
"S3","ENSG00000259485.1","CTD-2147F2.1","lincRNA",534,540,6
"S3","ENSG00000251209.7","LINC00923","lincRNA",538,540,2
"S3","ENSG00000277987.1","RP11-167B3.3","lincRNA",539,540,1
"S3","ENSG00000259590.1","RP11-20G13.3","lincRNA",539,540,1
"S3","ENSG00000086506.2","HBQ1","protein_coding",539,540,1
"S3","ENSG00000261713.6","SSTR5-AS1","processed_transcript",538,540,2
"S3","ENSG00000196364.9","PRSS29P","transcribed_unprocessed_pseudogene",532,540,8
"S3","ENSG00000284395.1","LA16c-312E8.5","protein_coding",537,540,3
"S3","ENSG00000078328.19","RBFOX1","protein_coding",536,540,4
"S3","ENSG00000169347.16","GP2","protein_coding",536,540,4
"S3","ENSG00000103310.10","ZP2","protein_coding",539,540,1
"S3","ENSG00000283213.1","CTC-591M7.1","lincRNA",539,540,1
"S3","ENSG00000278912.1","CTD-2196E14.8","TEC",536,540,4
"S3","ENSG00000261583.1","CTD-2385L22.1","antisense",536,540,4
"S3","ENSG00000236481.1","LINC02195","lincRNA",539,540,1
"S3","ENSG00000169181.12","GSG1L","protein_coding",539,540,1
"S3","ENSG00000174992.7","ZG16","protein_coding",537,540,3
"S3","ENSG00000261704.2","IGHV1OR16-1","IG_V_pseudogene",539,540,1
"S3","ENSG00000271620.1","IGHV3OR16-7","IG_V_pseudogene",539,540,1
"S3","ENSG00000259990.2","RP11-598D12.1","unprocessed_pseudogene",539,540,1
"S3","ENSG00000179755.3","CTD-2144E22.5","lincRNA",539,540,1
"S3","ENSG00000260611.1","RP11-352B15.2","lincRNA",534,540,6
"S3","ENSG00000263082.1","LINC02187","lincRNA",535,540,5
"S3","ENSG00000260057.5","LINC01571","lincRNA",536,540,4
"S3","ENSG00000260963.1","RP11-297L17.2","lincRNA",539,540,1
"S3","ENSG00000249231.7","CASC16","lincRNA",539,540,1
"S3","ENSG00000103546.18","SLC6A2","protein_coding",539,540,1
"S3","ENSG00000169688.10","MT1B","protein_coding",539,540,1
"S3","ENSG00000260115.1","CTC-420A11.2","antisense",537,540,3
"S3","ENSG00000261502.3","RP11-96H17.1","processed_transcript",539,540,1
"S3","ENSG00000260658.5","RP11-368L12.1","lincRNA",539,540,1
"S3","ENSG00000166558.10","SLC38A8","protein_coding",539,540,1
"S3","ENSG00000205037.2","RP11-863P13.4","lincRNA",537,540,3
"S3","ENSG00000142484.6","TM4SF5","protein_coding",539,540,1
"S3","ENSG00000275011.1","RP11-599B13.9","unprocessed_pseudogene",539,540,1
"S3","ENSG00000125414.18","MYH2","protein_coding",539,540,1
"S3","ENSG00000263684.1","RP11-628O18.1","antisense",534,540,6
"S3","ENSG00000250111.3","AC107982.4","unprocessed_pseudogene",539,540,1
"S3","ENSG00000231625.4","CTD-2104P17.1","transcribed_unprocessed_pseudogene",539,540,1
"S3","ENSG00000264932.3","CTD-2104P17.2","antisense",539,540,1
"S3","ENSG00000205212.3","CCDC144NL","protein_coding",539,540,1
"S3","ENSG00000260458.3","KCNJ18","protein_coding",539,540,1
"S3","ENSG00000266120.1","RP11-354P11.2","antisense",539,540,1
"S3","ENSG00000231870.4","KRT17P3","unprocessed_pseudogene",538,540,2
"S3","ENSG00000277268.1","RP11-445F12.1","antisense",536,540,4
"S3","ENSG00000198443.6","KRTAP4-1","protein_coding",539,540,1
"S3","ENSG00000214514.7","KRT42P","transcribed_unprocessed_pseudogene",539,540,1
"S3","ENSG00000167941.2","SOST","protein_coding",539,540,1
"S3","ENSG00000267405.1","CTC-296K1.4","lincRNA",538,540,2
"S3","ENSG00000242207.1","HOXB-AS4","antisense",539,540,1
"S3","ENSG00000229637.3","PRAC2","protein_coding",537,540,3
"S3","ENSG00000182040.8","USH1G","protein_coding",538,540,2
"S3","ENSG00000272461.1","RP11-689C9.1","lincRNA",539,540,1
"S3","ENSG00000263551.5","RP11-78F17.1","lincRNA",539,540,1
"S3","ENSG00000132204.13","LINC00470","lincRNA",539,540,1
"S3","ENSG00000266602.1","RP11-476K15.1","lincRNA",539,540,1
"S3","ENSG00000263745.6","RP11-161I6.2","lincRNA",539,540,1
"S3","ENSG00000266401.1","RP11-874J12.4","antisense",539,540,1
"S3","ENSG00000261520.5","DLGAP1-AS5","antisense",539,540,1
"S3","ENSG00000279479.1","RP11-91I8.2","TEC",539,540,1
"S3","ENSG00000264127.1","SCML2P1","processed_pseudogene",539,540,1
"S3","ENSG00000265933.5","LINC00668","lincRNA",539,540,1
"S3","ENSG00000267069.1","RP11-64C12.8","lincRNA",539,540,1
"S3","ENSG00000176136.6","MC5R","protein_coding",539,540,1
"S3","ENSG00000274214.1","RP11-757O6.6","processed_pseudogene",539,540,1
"S3","ENSG00000265766.3","CXADRP3","transcribed_processed_pseudogene",539,540,1
"S3","ENSG00000263588.1","RP11-595B24.2","lincRNA",538,540,2
"S3","ENSG00000134760.5","DSG1","protein_coding",536,540,4
"S3","ENSG00000266729.5","DSG1-AS1","antisense",522,540,18
"S3","ENSG00000118271.9","TTR","protein_coding",539,540,1
"S3","ENSG00000263450.1","RP11-680N20.1","antisense",534,540,6
"S3","ENSG00000267313.7","KC6","lincRNA",539,540,1
"S3","ENSG00000132872.11","SYT4","protein_coding",539,540,1
"S3","ENSG00000267284.1","RP11-397A16.1","lincRNA",512,540,28
"S3","ENSG00000206129.3","CTD-2008L17.2","lincRNA",539,540,1
"S3","ENSG00000197641.11","SERPINB13","protein_coding",536,540,4
"S3","ENSG00000081138.13","CDH7","protein_coding",539,540,1
"S3","ENSG00000256463.8","SALL3","protein_coding",534,540,6
"S3","ENSG00000267073.1","AC005256.1","lincRNA",479,540,61
"S3","ENSG00000205922.4","ONECUT3","protein_coding",539,540,1
"S3","ENSG00000280091.1","CTC-312O10.3","TEC",537,540,3
"S3","ENSG00000283108.1","CTC-325H20.8","processed_transcript",538,540,2
"S3","ENSG00000198028.3","ZNF560","protein_coding",538,540,2
"S3","ENSG00000267490.1","CTD-3116E22.6","unprocessed_pseudogene",538,540,2
"S3","ENSG00000105143.12","SLC1A6","protein_coding",538,540,2
"S3","ENSG00000105141.5","CASP14","protein_coding",527,540,13
"S3","ENSG00000269516.6","CYP4F23P","transcribed_unprocessed_pseudogene",539,540,1
"S3","ENSG00000186115.12","CYP4F2","protein_coding",539,540,1
"S3","ENSG00000269345.1","VN1R85P","unprocessed_pseudogene",539,540,1
"S3","ENSG00000268038.1","LINC01785","lincRNA",532,540,8
"S3","ENSG00000232680.2","AC002511.3","lincRNA",539,540,1
"S3","ENSG00000267353.1","CTD-2162K18.3","lincRNA",539,540,1
"S3","ENSG00000207296.1","RNU6-140P","snRNA",536,540,4
"S3","ENSG00000142025.15","DMRTC2","protein_coding",539,540,1
"S3","ENSG00000221826.9","PSG3","protein_coding",538,540,2
"S3","ENSG00000243137.7","PSG4","protein_coding",539,540,1
"S3","ENSG00000242675.1","RPS16P9","processed_pseudogene",539,540,1
"S3","ENSG00000188624.2","IGFL3","protein_coding",539,540,1
"S3","ENSG00000268621.5","IGFL2-AS1","lincRNA",538,540,2
"S3","ENSG00000268186.1","CTC-241F20.4","lincRNA",539,540,1
"S3","ENSG00000261949.5","GFY","protein_coding",539,540,1
"S3","ENSG00000167754.12","KLK5","protein_coding",538,540,2
"S3","ENSG00000232044.6","LINC01105","processed_transcript",539,540,1
"S3","ENSG00000224177.6","LINC00570","lincRNA",538,540,2
"S3","ENSG00000231031.6","LINC01804","lincRNA",539,540,1
"S3","ENSG00000233005.1","AC067959.1","lincRNA",537,540,3
"S3","ENSG00000157851.16","DPYSL5","protein_coding",538,540,2
"S3","ENSG00000179270.6","C2orf71","protein_coding",539,540,1
"S3","ENSG00000230587.1","AC093609.1","lincRNA",539,540,1
"S3","ENSG00000271615.1","ACTG1P22","transcribed_processed_pseudogene",539,540,1
"S3","ENSG00000214429.3","CYCSP6","processed_pseudogene",539,540,1
"S3","ENSG00000115386.5","REG1A","protein_coding",536,540,4
"S3","ENSG00000066032.18","CTNNA2","protein_coding",537,540,3
"S3","ENSG00000254345.1","IGKV2D-23","IG_V_pseudogene",539,540,1
"S3","ENSG00000253765.1","IGKV2D-19","IG_V_pseudogene",539,540,1
"S3","ENSG00000270748.1","IGKV2OR2-1","IG_V_pseudogene",538,540,2
"S3","ENSG00000230393.1","AC092667.2","antisense",537,540,3
"S3","ENSG00000234389.1","AC007278.3","sense_intronic",539,540,1
"S3","ENSG00000180251.4","SLC9A4","protein_coding",539,540,1
"S3","ENSG00000280409.1","LINC01101","TEC",538,540,2
"S3","ENSG00000231240.1","KLF2P1","processed_pseudogene",535,540,5
"S3","ENSG00000248313.1","CYP4F27P","unprocessed_pseudogene",538,540,2
"S3","ENSG00000214081.8","CYP4F30P","transcribed_unprocessed_pseudogene",539,540,1
"S3","ENSG00000236516.1","KLF2P4","processed_pseudogene",536,540,4
"S3","ENSG00000242575.1","AC012501.3","transcribed_processed_pseudogene",539,540,1
"S3","ENSG00000227400.2","AC012501.2","sense_overlapping",538,540,2
"S3","ENSG00000279844.1","RP11-20F18.1","TEC",536,540,4
"S3","ENSG00000136535.14","TBR1","protein_coding",538,540,2
"S3","ENSG00000232555.1","AC104088.1","lincRNA",536,540,4
"S3","ENSG00000270460.1","RP11-796E10.1","lincRNA",538,540,2
"S3","ENSG00000280414.1","RP11-572N21.1","TEC",539,540,1
"S3","ENSG00000217236.1","SP9","protein_coding",539,540,1
"S3","ENSG00000236449.1","AC018890.6","antisense",539,540,1
"S3","ENSG00000128714.5","HOXD13","protein_coding",534,540,6
"S3","ENSG00000162992.3","NEUROD1","protein_coding",538,540,2
"S3","ENSG00000222017.1","AC011997.1","antisense",539,540,1
"S3","ENSG00000163499.11","CRYBA2","protein_coding",539,540,1
"S3","ENSG00000227308.2","AC009502.4","lincRNA",539,540,1
"S3","ENSG00000124003.12","MOGAT1","protein_coding",539,540,1
"S3","ENSG00000232023.2","LINC01807","lincRNA",535,540,5
"S3","ENSG00000163273.3","NPPC","protein_coding",538,540,2
"S3","ENSG00000222001.2","AC106876.2","processed_transcript",537,540,3
"S3","ENSG00000227802.1","DNAJB3","transcribed_processed_pseudogene",538,540,2
"S3","ENSG00000178836.6","AC114812.5","transcribed_processed_pseudogene",536,540,4
"S3","ENSG00000235726.5","AC010148.1","processed_transcript",539,540,1
"S3","ENSG00000219159.4","AC011298.2","lincRNA",539,540,1
"S3","ENSG00000172482.4","AGXT","protein_coding",538,540,2
"S3","ENSG00000188011.5","RTP5","protein_coding",539,540,1
"S3","ENSG00000229876.1","CASC20","lincRNA",538,540,2
"S3","ENSG00000101349.16","PAK5","protein_coding",537,540,3
"S3","ENSG00000278041.1","RP5-984P4.6","lincRNA",538,540,2
"S3","ENSG00000125813.13","PAX1","protein_coding",536,540,4
"S3","ENSG00000125823.12","CSTL1","protein_coding",538,540,2
"S3","ENSG00000230725.5","RP4-738P15.1","lincRNA",539,540,1
"S3","ENSG00000238129.5","RP3-410C9.2","lincRNA",538,540,2
"S3","ENSG00000260903.2","XKR7","protein_coding",539,540,1
"S3","ENSG00000226812.2","RP5-881L22.5","antisense",539,540,1
"S3","ENSG00000175121.11","WFDC5","protein_coding",536,540,4
"S3","ENSG00000249139.1","EPPIN-WFDC6","protein_coding",539,540,1
"S3","ENSG00000239783.1","RP5-1050K3.3","processed_pseudogene",539,540,1
"S3","ENSG00000124253.10","PCK1","protein_coding",539,540,1
"S3","ENSG00000276093.1","RP5-1017F8.2","lincRNA",539,540,1
"S3","ENSG00000101204.16","CHRNA4","protein_coding",539,540,1
"S3","ENSG00000279414.1","bP-2171C21.4","processed_pseudogene",539,540,1
"S3","ENSG00000280081.3","LINC01667","lincRNA",538,540,2
"S3","ENSG00000277693.1","AP003900.6","lincRNA",538,540,2
"S3","ENSG00000274391.4","TPTE","protein_coding",537,540,3
"S3","ENSG00000215559.8","ANKRD20A11P","transcribed_unprocessed_pseudogene",539,540,1
"S3","ENSG00000235277.1","AF127577.8","antisense",539,540,1
"S3","ENSG00000154646.8","TMPRSS15","protein_coding",539,540,1
"S3","ENSG00000232692.1","AP001596.6","antisense",539,540,1
"S3","ENSG00000232079.6","LINC01697","processed_transcript",539,540,1
"S3","ENSG00000231324.1","AP000696.2","lincRNA",536,540,4
"S3","ENSG00000198054.11","DSCR8","protein_coding",537,540,3
"S3","ENSG00000235123.5","DSCAM-AS1","antisense",537,540,3
"S3","ENSG00000171587.14","DSCAM","protein_coding",539,540,1
"S3","ENSG00000225745.8","AL773572.7","antisense",538,540,2
"S3","ENSG00000160181.8","TFF2","protein_coding",539,540,1
"S3","ENSG00000227999.1","MTND5P1","processed_pseudogene",537,540,3
"S3","ENSG00000225255.6","LINC01297","lincRNA",538,540,2
"S3","ENSG00000235295.1","LINC01634","lincRNA",539,540,1
"S3","ENSG00000226534.1","KB-1183D5.16","processed_pseudogene",538,540,2
"S3","ENSG00000253752.1","IGLVI-63","IG_V_pseudogene",538,540,2
"S3","ENSG00000253631.1","IGLV7-35","IG_V_pseudogene",539,540,1
"S3","ENSG00000169548.3","ZNF280A","protein_coding",538,540,2
"S3","ENSG00000253920.1","IGLV3-31","IG_V_pseudogene",539,540,1
"S3","ENSG00000273295.1","AP000350.5","lincRNA",539,540,1
"S3","ENSG00000184571.13","PIWIL3","protein_coding",528,540,12
"S3","ENSG00000227188.1","MGAT3-AS1","antisense",534,540,6
"S3","ENSG00000100341.11","PNPLA5","protein_coding",537,540,3
"S3","ENSG00000205634.6","LINC00898","lincRNA",539,540,1
"S3","ENSG00000224271.5","RP11-191L9.4","lincRNA",539,540,1
"S3","ENSG00000279712.1","CTA-280A3.2","lincRNA",539,540,1
"S3","ENSG00000182533.6","CAV3","protein_coding",538,540,2
"S3","ENSG00000092345.13","DAZL","protein_coding",539,540,1
"S3","ENSG00000274840.4","RP11-320G10.1","lincRNA",522,540,18
"S3","ENSG00000225548.5","LINC01980","lincRNA",537,540,3
"S3","ENSG00000144644.14","GADL1","protein_coding",539,540,1
"S3","ENSG00000187094.11","CCK","protein_coding",539,540,1
"S3","ENSG00000010282.14","HHATL","protein_coding",539,540,1
"S3","ENSG00000230970.3","HHATL-AS1","antisense",536,540,4
"S3","ENSG00000206552.4","KRBOX1-AS1","antisense",539,540,1
"S3","ENSG00000163377.15","FAM19A4","protein_coding",539,540,1
"S3","ENSG00000179799.8","OR7E22P","unprocessed_pseudogene",538,540,2
"S3","ENSG00000175161.13","CADM2","protein_coding",539,540,1
"S3","ENSG00000144820.7","ADGRG7","protein_coding",538,540,2
"S3","ENSG00000243081.2","RP11-231E6.1","lincRNA",539,540,1
"S3","ENSG00000239268.2","RP11-384F7.2","lincRNA",539,540,1
"S3","ENSG00000282950.1","RP11-174O3.6","lincRNA",536,540,4
"S3","ENSG00000250218.1","ALDH1L1-AS1","antisense",539,540,1
"S3","ENSG00000246022.2","ALDH1L1-AS2","antisense",539,540,1
"S3","ENSG00000270773.1","RP13-685P2.7","processed_pseudogene",537,540,3
"S3","ENSG00000240086.5","RP11-657O9.1","processed_transcript",539,540,1
"S3","ENSG00000249407.1","IL20RB-AS1","antisense",539,540,1
"S3","ENSG00000168875.2","SOX14","protein_coding",537,540,3
"S3","ENSG00000183770.5","FOXL2","protein_coding",539,540,1
"S3","ENSG00000206262.8","FOXL2NB","protein_coding",536,540,4
"S3","ENSG00000174963.17","ZIC4","protein_coding",539,540,1
"S3","ENSG00000244503.1","RP11-278L15.6","processed_pseudogene",538,540,2
"S3","ENSG00000243944.5","RP11-167H9.4","antisense",539,540,1
"S3","ENSG00000244128.5","LINC01322","lincRNA",538,540,2
"S3","ENSG00000206120.11","EGFEM1P","transcribed_unitary_pseudogene",539,540,1
"S3","ENSG00000241479.1","RP11-641D5.2","antisense",537,540,3
"S3","ENSG00000223930.5","RP11-33A14.1","lincRNA",539,540,1
"S3","ENSG00000242512.8","LINC01206","lincRNA",534,540,6
"S3","ENSG00000178084.1","HTR3C","protein_coding",539,540,1
"S3","ENSG00000145192.12","AHSG","protein_coding",538,540,2
"S3","ENSG00000157005.3","SST","protein_coding",535,540,5
"S3","ENSG00000224049.1","RP11-30O15.1","lincRNA",538,540,2
"S3","ENSG00000205835.8","GMNC","protein_coding",538,540,2
"S3","ENSG00000233308.1","OSTN-AS1","antisense",539,540,1
"S3","ENSG00000188729.6","OSTN","protein_coding",536,540,4
"S3","ENSG00000223812.5","RP11-197K6.1","lincRNA",517,540,23
"S3","ENSG00000238097.1","LINC02037","lincRNA",536,540,4
"S3","ENSG00000237167.1","AC128709.2","lincRNA",533,540,7
"S3","ENSG00000251639.2","RP11-20I20.1","processed_pseudogene",539,540,1
"S3","ENSG00000227189.2","AC092535.3","antisense",539,540,1
"S3","ENSG00000249631.5","RP11-281P23.2","lincRNA",538,540,2
"S3","ENSG00000248238.1","RP11-3J1.1","lincRNA",538,540,2
"S3","ENSG00000248515.1","RP11-608O21.1","lincRNA",526,540,14
"S3","ENSG00000251129.1","RP11-734I18.1","lincRNA",537,540,3
"S3","ENSG00000261761.3","RP11-103J17.2","processed_transcript",538,540,2
"S3","ENSG00000109132.6","PHOX2B","protein_coding",534,540,6
"S3","ENSG00000245870.3","LINC00682","lincRNA",539,540,1
"S3","ENSG00000183783.6","KCTD8","protein_coding",539,540,1
"S3","ENSG00000170516.16","COX7B2","protein_coding",531,540,9
"S3","ENSG00000249413.2","RP11-25H12.1","lincRNA",535,540,5
"S3","ENSG00000213759.9","UGT2B11","protein_coding",539,540,1
"S3","ENSG00000250696.5","RP11-704M14.1","antisense",538,540,2
"S3","ENSG00000271271.5","UGT2A2","protein_coding",535,540,5
"S3","ENSG00000173610.12","UGT2A1","protein_coding",538,540,2
"S3","ENSG00000056291.17","NPFFR2","protein_coding",539,540,1
"S3","ENSG00000081051.7","AFP","protein_coding",537,540,3
"S3","ENSG00000250735.5","RP11-567N4.3","lincRNA",511,540,29
"S3","ENSG00000152595.16","MEPE","protein_coding",539,540,1
"S3","ENSG00000248510.2","RP11-145G20.1","lincRNA",516,540,24
"S3","ENSG00000248740.5","RP11-328K4.1","lincRNA",539,540,1
"S3","ENSG00000169836.4","TACR3","protein_coding",539,540,1
"S3","ENSG00000245384.1","CXXC4-AS1","antisense",539,540,1
"S3","ENSG00000164089.8","ETNPPL","protein_coding",536,540,4
"S3","ENSG00000271302.1","RP11-647P12.2","processed_pseudogene",537,540,3
"S3","ENSG00000227145.1","IL21-AS1","antisense",539,540,1
"S3","ENSG00000246876.6","RP11-519M16.1","lincRNA",470,540,70
"S3","ENSG00000184139.8","RPL7AP28","processed_pseudogene",539,540,1
"S3","ENSG00000151962.7","RBM46","protein_coding",538,540,2
"S3","ENSG00000249568.1","RP11-234O6.2","antisense",534,540,6
"S3","ENSG00000168843.13","FSTL5","protein_coding",539,540,1
"S3","ENSG00000248551.1","RP11-287F9.2","lincRNA",528,540,12
"S3","ENSG00000164122.8","ASB5","protein_coding",538,540,2
"S3","ENSG00000187821.8","HELT","protein_coding",539,540,1
"S3","ENSG00000168412.6","MTNR1A","protein_coding",539,540,1
"S3","ENSG00000250590.5","RP11-565A3.2","lincRNA",466,540,74
"S3","ENSG00000113430.9","IRX4","protein_coding",539,540,1
"S3","ENSG00000248994.1","RP11-259O2.1","lincRNA",538,540,2
"S3","ENSG00000259603.1","CTD-2012M11.3","antisense",539,540,1
"S3","ENSG00000260763.1","RP11-445O3.3","lincRNA",534,540,6
"S3","ENSG00000250060.1","RP11-332J15.2","lincRNA",527,540,13
"S3","ENSG00000248783.1","RP11-308B16.2","lincRNA",528,540,12
"S3","ENSG00000248131.5","LINC01194","lincRNA",536,540,4
"S3","ENSG00000145526.11","CDH18","protein_coding",539,540,1
"S3","ENSG00000251629.6","RP11-774D14.1","lincRNA",537,540,3
"S3","ENSG00000250337.5","LINC01021","lincRNA",539,540,1
"S3","ENSG00000259786.6","LINC02109","lincRNA",517,540,23
"S3","ENSG00000250697.1","CTD-2066L21.3","lincRNA",536,540,4
"S3","ENSG00000145626.11","UGT3A1","protein_coding",538,540,2
"S3","ENSG00000259663.2","CTD-2314G24.2","antisense",537,540,3
"S3","ENSG00000016082.14","ISL1","protein_coding",537,540,3
"S3","ENSG00000275634.1","PART1_2","misc_RNA",536,540,4
"S3","ENSG00000250387.2","LINC02197","lincRNA",533,540,7
"S3","ENSG00000249743.5","RP11-60A8.1","lincRNA",532,540,8
"S3","ENSG00000251604.1","LINC01385","lincRNA",537,540,3
"S3","ENSG00000248474.1","LINC02122","lincRNA",539,540,1
"S3","ENSG00000250874.1","CTC-480C2.1","lincRNA",539,540,1
"S3","ENSG00000205359.9","SLCO6A1","protein_coding",533,540,7
"S3","ENSG00000250682.5","LINC00491","lincRNA",538,540,2
"S3","ENSG00000251026.1","LINC02163","lincRNA",539,540,1
"S3","ENSG00000248663.6","LINC00992","lincRNA",539,540,1
"S3","ENSG00000249610.1","CTC-441N14.1","antisense",538,540,2
"S3","ENSG00000249621.1","CTD-2544H17.1","lincRNA",539,540,1
"S3","ENSG00000113396.12","SLC27A6","protein_coding",539,540,1
"S3","ENSG00000145808.9","ADAMTS19","protein_coding",538,540,2
"S3","ENSG00000250167.1","CTC-321K16.1","antisense",539,540,1
"S3","ENSG00000164616.15","FBXL21","transcribed_unitary_pseudogene",534,540,6
"S3","ENSG00000271824.1","AC009014.3","protein_coding",536,540,4
"S3","ENSG00000118990.5","GLRXP3","processed_pseudogene",539,540,1
"S3","ENSG00000113327.15","GABRG2","protein_coding",529,540,11
"S3","ENSG00000253348.1","CTC-455F18.1","antisense",539,540,1
"S3","ENSG00000249849.1","RP11-1101H11.1","antisense",539,540,1
"S3","ENSG00000228793.1","RP1-223B1.1","lincRNA",539,540,1
"S3","ENSG00000216863.9","LY86-AS1","antisense",539,540,1
"S3","ENSG00000181355.20","OFCC1","protein_coding",529,540,11
"S3","ENSG00000225173.1","XXbac-BPG308K3.5","lincRNA",539,540,1
"S3","ENSG00000204614.8","TRIM40","protein_coding",539,540,1
"S3","ENSG00000204613.10","TRIM10","protein_coding",539,540,1
"S3","ENSG00000237923.1","XXbac-BPG27H4.8","lincRNA",539,540,1
"S3","ENSG00000228789.6","HCG22","lincRNA",539,540,1
"S3","ENSG00000196748.9","CLPSL2","protein_coding",539,540,1
"S3","ENSG00000204140.9","CLPSL1","protein_coding",539,540,1
"S3","ENSG00000095981.10","KCNK16","protein_coding",539,540,1
"S3","ENSG00000156564.8","LRFN2","protein_coding",539,540,1
"S3","ENSG00000124490.13","CRISP2","protein_coding",539,540,1
"S3","ENSG00000008196.12","TFAP2B","protein_coding",536,540,4
"S3","ENSG00000231683.6","RP1-27K12.2","lincRNA",539,540,1
"S3","ENSG00000235899.1","LINC01564","antisense",539,540,1
"S3","ENSG00000225096.1","XXbac-BPG55C20.7","lincRNA",539,540,1
"S3","ENSG00000082293.12","COL19A1","protein_coding",539,540,1
"S3","ENSG00000269964.2","MEI4","protein_coding",539,540,1
"S3","ENSG00000203877.8","RIPPLY2","protein_coding",539,540,1
"S3","ENSG00000231776.5","LINC01611","lincRNA",537,540,3
"S3","ENSG00000135346.8","CGA","protein_coding",539,540,1
"S3","ENSG00000279565.1","RP4-570O12.3","TEC",539,540,1
"S3","ENSG00000146276.11","GABRR1","protein_coding",539,540,1
"S3","ENSG00000112238.11","PRDM13","protein_coding",537,540,3
"S3","ENSG00000112246.9","SIM1","protein_coding",539,540,1
"S3","ENSG00000187772.7","LIN28B","protein_coding",538,540,2
"S3","ENSG00000236347.1","RP11-346D19.1","lincRNA",532,540,8
"S3","ENSG00000185002.9","RFX6","protein_coding",539,540,1
"S3","ENSG00000216809.1","RP11-57K17.1","processed_pseudogene",537,540,3
"S3","ENSG00000182747.4","SLC35D3","protein_coding",538,540,2
"S3","ENSG00000198670.11","LPA","protein_coding",539,540,1
"S3","ENSG00000225683.5","PACRG-AS3","antisense",539,540,1
"S3","ENSG00000231720.1","RP11-568A7.3","lincRNA",539,540,1
"S3","ENSG00000112494.9","UNC93A","protein_coding",539,540,1
"S3","ENSG00000235994.4","RP3-470B24.5","processed_transcript",539,540,1
"S3","ENSG00000153303.16","FRMD1","protein_coding",539,540,1
"S3","ENSG00000234768.1","RP11-503C24.1","lincRNA",537,540,3
"S3","ENSG00000234647.2","RP11-503C24.4","lincRNA",538,540,2
"S3","ENSG00000224417.2","RP11-503C24.6","sense_intronic",538,540,2
"S3","ENSG00000272328.1","RP4-594A5.1","lincRNA",539,540,1
"S3","ENSG00000122584.12","NXPH1","protein_coding",536,540,4
"S3","ENSG00000004846.16","ABCB5","protein_coding",539,540,1
"S3","ENSG00000260951.1","RP5-978I12.1","lincRNA",538,540,2
"S3","ENSG00000106031.7","HOXA13","protein_coding",539,540,1
"S3","ENSG00000106038.12","EVX1","protein_coding",539,540,1
"S3","ENSG00000226468.2","AC018641.7","processed_pseudogene",538,540,2
"S3","ENSG00000164532.10","TBX20","protein_coding",537,540,3
"S3","ENSG00000233854.1","POU6F2-AS2","antisense",539,540,1
"S3","ENSG00000226278.1","PSPHP1","unprocessed_pseudogene",538,540,2
"S3","ENSG00000233288.1","RP11-760D2.5","lincRNA",534,540,6
"S3","ENSG00000182111.8","ZNF716","protein_coding",534,540,6
"S3","ENSG00000242950.6","ERVW-1","protein_coding",537,540,3
"S3","ENSG00000236453.5","AC003092.1","lincRNA",537,540,3
"S3","ENSG00000277124.1","DLX6-AS1_2","misc_RNA",534,540,6
"S3","ENSG00000006377.10","DLX6","protein_coding",539,540,1
"S3","ENSG00000231764.8","DLX6-AS1","antisense",539,540,1
"S3","ENSG00000006128.11","TAC1","protein_coding",535,540,5
"S3","ENSG00000167011.8","NAT16","protein_coding",539,540,1
"S3","ENSG00000251978.1","RNA5SP236","rRNA",539,540,1
"S3","ENSG00000106013.14","ANKRD7","protein_coding",539,540,1
"S3","ENSG00000225546.5","LVCAT5","lincRNA",527,540,13
"S3","ENSG00000158525.15","CPA5","protein_coding",539,540,1
"S3","ENSG00000146857.3","STRA8","protein_coding",537,540,3
"S3","ENSG00000234352.9","AC009264.1","antisense",537,540,3
"S3","ENSG00000283063.1","TRBV6-2","TR_V_gene",539,540,1
"S3","ENSG00000229769.2","TRBV10-2","TR_V_gene",539,540,1
"S3","ENSG00000211724.3","TRBV6-6","TR_V_gene",539,540,1
"S3","ENSG00000211727.3","TRBV7-6","TR_V_gene",539,540,1
"S3","ENSG00000276405.1","TRBV13","TR_V_gene",539,540,1
"S3","ENSG00000275791.1","TRBV10-3","TR_V_gene",539,540,1
"S3","ENSG00000276819.1","TRBV15","TR_V_gene",539,540,1
"S3","ENSG00000282499.1","TRBV25-1","TR_V_gene",539,540,1
"S3","ENSG00000281958.1","TRBJ1-4","TR_J_gene",539,540,1
"S3","ENSG00000270405.1","RP11-208G20.3","processed_pseudogene",537,540,3
"S3","ENSG00000204894.4","RP11-208G20.2","processed_pseudogene",538,540,2
"S3","ENSG00000206047.2","DEFA1","protein_coding",538,540,2
"S3","ENSG00000240247.7","DEFA1B","protein_coding",538,540,2
"S3","ENSG00000279949.1","RP11-10A14.9","lincRNA",539,540,1
"S3","ENSG00000171060.10","C8orf74","protein_coding",539,540,1
"S3","ENSG00000136574.17","GATA4","protein_coding",538,540,2
"S3","ENSG00000253270.1","RP11-1105O14.1","lincRNA",536,540,4
"S3","ENSG00000177725.5","CTD-2530N21.5","sense_overlapping",537,540,3
"S3","ENSG00000272163.1","GS1-72M22.1","antisense",539,540,1
"S3","ENSG00000279302.3","RP11-16P20.4","TEC",537,540,3
"S3","ENSG00000253632.1","RP11-486M23.1","lincRNA",538,540,2
"S3","ENSG00000156687.10","UNC5D","protein_coding",537,540,3
"S3","ENSG00000253363.5","RP11-962G15.1","lincRNA",505,540,35
"S3","ENSG00000215262.7","KCNU1","protein_coding",533,540,7
"S3","ENSG00000253161.5","LINC01605","lincRNA",539,540,1
"S3","ENSG00000253361.1","RP11-675F6.3","lincRNA",539,540,1
"S3","ENSG00000254100.1","RP11-675F6.4","lincRNA",534,540,6
"S3","ENSG00000104755.14","ADAM2","protein_coding",539,540,1
"S3","ENSG00000082556.10","OPRK1","protein_coding",537,540,3
"S3","ENSG00000253301.5","LINC01606","lincRNA",536,540,4
"S3","ENSG00000253821.1","RP11-246K15.1","lincRNA",539,540,1
"S3","ENSG00000253376.1","RP11-44D19.1","lincRNA",527,540,13
"S3","ENSG00000251127.2","RP11-280G9.1","lincRNA",537,540,3
"S3","ENSG00000260838.3","RP11-531A24.3","lincRNA",539,540,1
"S3","ENSG00000253706.5","RP11-758M4.4","antisense",539,540,1
"S3","ENSG00000253898.1","LINC01419","lincRNA",528,540,12
"S3","ENSG00000133742.13","CA1","protein_coding",537,540,3
"S3","ENSG00000176566.4","DCAF4L2","protein_coding",507,540,33
"S3","ENSG00000243504.1","RPS23P1","processed_pseudogene",539,540,1
"S3","ENSG00000174226.8","SNX31","protein_coding",539,540,1
"S3","ENSG00000253477.5","RP11-1C8.4","antisense",539,540,1
"S3","ENSG00000164794.8","KCNV1","protein_coding",539,540,1
"S3","ENSG00000164796.17","CSMD3","protein_coding",539,540,1
"S3","ENSG00000164756.12","SLC30A8","protein_coding",539,540,1
"S3","ENSG00000253227.1","RP11-383J24.1","lincRNA",539,540,1
"S3","ENSG00000254166.1","CASC19","lincRNA",536,540,4
"S3","ENSG00000254275.6","LINC00824","processed_transcript",539,540,1
"S3","ENSG00000155897.9","ADCY8","protein_coding",538,540,2
"S3","ENSG00000254101.5","LINC02055","lincRNA",538,540,2
"S3","ENSG00000137090.11","DMRT1","protein_coding",539,540,1
"S3","ENSG00000120211.4","INSL4","protein_coding",539,540,1
"S3","ENSG00000236924.1","RP11-390F4.6","lincRNA",539,540,1
"S3","ENSG00000270372.1","RP11-109M17.2","lincRNA",529,540,11
"S3","ENSG00000238271.2","IFNWP19","unprocessed_pseudogene",539,540,1
"S3","ENSG00000171889.3","MIR31HG","sense_overlapping",539,540,1
"S3","ENSG00000260412.1","RP11-438B23.2","sense_overlapping",536,540,4
"S3","ENSG00000225380.4","IGKV1OR9-2","IG_V_pseudogene",538,540,2
"S3","ENSG00000275676.1","RP11-101E5.1","lincRNA",538,540,2
"S3","ENSG00000224958.5","PGM5-AS1","antisense",538,540,2
"S3","ENSG00000214888.2","XXyac-YM21GA2.7","antisense",539,540,1
"S3","ENSG00000276535.1","RP11-345K9.3","processed_pseudogene",539,540,1
"S3","ENSG00000230601.6","RP11-402G3.3","protein_coding",539,540,1
"S3","ENSG00000236687.1","RP11-323H21.3","lincRNA",517,540,23
"S3","ENSG00000233936.1","RP11-399H11.2","lincRNA",539,540,1
"S3","ENSG00000237339.5","LINC01502","lincRNA",534,540,6
"S3","ENSG00000283769.1","WI2-1959D15.3","antisense",539,540,1
"S3","ENSG00000204001.9","LCN8","protein_coding",535,540,5
"S3","ENSG00000177984.6","LCN15","protein_coding",537,540,3
"S3","ENSG00000148408.12","CACNA1B","protein_coding",539,540,1
"S3","ENSG00000169933.13","FRMPD4","protein_coding",536,540,4
"S3","ENSG00000224204.1","PHEX-AS1","antisense",539,540,1
"S3","ENSG00000184735.6","DDX53","protein_coding",539,540,1
"S3","ENSG00000099399.5","MAGEB2","protein_coding",532,540,8
"S3","ENSG00000169297.7","NR0B1","protein_coding",536,540,4
"S3","ENSG00000236276.1","NDP-AS1","antisense",539,540,1
"S3","ENSG00000126752.7","SSX1","protein_coding",530,540,10
"S3","ENSG00000205777.17","GAGE1","protein_coding",507,540,33
"S3","ENSG00000068985.4","PAGE1","protein_coding",511,540,29
"S3","ENSG00000274588.1","DGKK","protein_coding",536,540,4
"S3","ENSG00000238269.8","PAGE2B","protein_coding",539,540,1
"S3","ENSG00000234068.6","PAGE2","protein_coding",539,540,1
"S3","ENSG00000147160.9","AWAT2","protein_coding",539,540,1
"S3","ENSG00000215115.6","CXorf49","protein_coding",536,540,4
"S3","ENSG00000204118.1","NAP1L6","protein_coding",539,540,1
"S3","ENSG00000274655.1","XIST_intron","misc_RNA",535,540,5
"S3","ENSG00000277577.1","Xist_exon4","misc_RNA",535,540,5
"S3","ENSG00000278039.1","Xist_exon1","misc_RNA",535,540,5
"S3","ENSG00000126733.20","DACH2","protein_coding",539,540,1
"S3","ENSG00000281566.2","RP11-485F13.1","lincRNA",520,540,20
"S3","ENSG00000269437.6","NXF2B","protein_coding",539,540,1
"S3","ENSG00000261409.1","RP6-24A23.7","sense_overlapping",538,540,2
"S3","ENSG00000133124.11","IRS4","protein_coding",538,540,2
"S3","ENSG00000237863.2","RP6-24A23.3","antisense",538,540,2
"S3","ENSG00000182508.13","LHFPL1","protein_coding",539,540,1
"S3","ENSG00000147246.9","HTR2C","protein_coding",539,540,1
"S3","ENSG00000234493.3","RHOXF1P1","transcribed_unprocessed_pseudogene",534,540,6
"S3","ENSG00000282815.1","TEX13C","protein_coding",531,540,9
"S3","ENSG00000198889.4","DCAF12L1","protein_coding",539,540,1
"S3","ENSG00000268940.5","CT45A1","protein_coding",525,540,15
"S3","ENSG00000269096.6","CT45A3","protein_coding",528,540,12
"S3","ENSG00000269586.7","CT45A10","protein_coding",537,540,3
"S3","ENSG00000165509.13","MAGEC3","protein_coding",538,540,2
"S3","ENSG00000185985.8","SLITRK2","protein_coding",539,540,1
"S3","ENSG00000267978.5","MAGEA9B","protein_coding",539,540,1
"S3","ENSG00000185247.14","MAGEA11","protein_coding",535,540,5
"S3","ENSG00000123584.7","MAGEA9","protein_coding",539,540,1
"S3","ENSG00000229967.1","RP11-366F6.2","antisense",492,540,48
"S3","ENSG00000011677.12","GABRA3","protein_coding",539,540,1
"S3","ENSG00000183305.13","MAGEA2B","protein_coding",539,540,1
"S3","ENSG00000198930.12","CSAG1","protein_coding",539,540,1
"S3","ENSG00000242599.7","CSAG4","transcribed_unprocessed_pseudogene",531,540,9
"S3","ENSG00000268606.5","MAGEA2","protein_coding",537,540,3
"S3","ENSG00000268916.6","CSAG3","protein_coding",538,540,2
"S3","ENSG00000198681.6","MAGEA1","protein_coding",536,540,4
"S3","ENSG00000214897.4","U82695.5","protein_coding",538,540,2
"S3","ENSG00000007350.16","TKTL1","protein_coding",539,540,1
"S3","ENSG00000184033.13","CTAG1B","protein_coding",516,540,24
"S3","ENSG00000126890.13","CTAG2","protein_coding",532,540,8
"S3","ENSG00000233070.1","ZFY-AS1","antisense",535,540,5
"S3","ENSG00000231535.5","LINC00278","lincRNA",535,540,5
"S3","ENSG00000273906.1","RP11-115H13.1","sense_intronic",533,540,7
"S3","ENSG00000092377.13","TBL1Y","protein_coding",538,540,2
"S3","ENSG00000206159.10","GYG2P1","transcribed_unprocessed_pseudogene",536,540,4
"S3","ENSG00000233864.7","TTTY15","lincRNA",535,540,5
"S3","ENSG00000183878.15","UTY","protein_coding",539,540,1
"S3","ENSG00000154620.5","TMSB4Y","protein_coding",539,540,1
"S3","ENSG00000165246.13","NLGN4Y","protein_coding",539,540,1
"S3","ENSG00000230663.1","FAM224B","lincRNA",532,540,8
"S3","ENSG00000233522.1","FAM224A","lincRNA",532,540,8
"S3","ENSG00000176728.7","TTTY14","lincRNA",535,540,5
"S3","ENSG00000215580.10","BCORP1","transcribed_unprocessed_pseudogene",535,540,5
"S3","ENSG00000267793.1","RP11-576C2.1","transcribed_processed_pseudogene",532,540,8
"S3","ENSG00000131002.11","TXLNGY","transcribed_unprocessed_pseudogene",539,540,1
"S3","ENSG00000260197.1","RP11-424G14.1","lincRNA",535,540,5
"S3","ENSG00000012817.15","KDM5D","protein_coding",539,540,1
"S4","ENSG00000283040.1","FAM166AP3","transcribed_unprocessed_pseudogene",515,521,6
"S4","ENSG00000233078.1","RP11-5P18.5","antisense",515,521,6
"S4","ENSG00000183888.4","C1orf64","protein_coding",515,521,6
"S4","ENSG00000204362.6","RP11-380J14.1","lincRNA",520,521,1
"S4","ENSG00000117148.7","ACTL8","protein_coding",520,521,1
"S4","ENSG00000255811.1","RP1-34M23.5","antisense",520,521,1
"S4","ENSG00000044012.3","GUCA2B","protein_coding",519,521,2
"S4","ENSG00000197273.3","GUCA2A","protein_coding",518,521,3
"S4","ENSG00000157131.10","C8A","protein_coding",520,521,1
"S4","ENSG00000177414.13","UBE2U","protein_coding",519,521,2
"S4","ENSG00000275678.1","RP4-547N15.3","sense_intronic",519,521,2
"S4","ENSG00000225087.1","RP4-660H19.1","lincRNA",519,521,2
"S4","ENSG00000162624.14","LHX8","protein_coding",519,521,2
"S4","ENSG00000153923.10","CLCA3P","transcribed_unprocessed_pseudogene",520,521,1
"S4","ENSG00000117598.11","PLPPR5","protein_coding",520,521,1
"S4","ENSG00000235407.1","CYMP-AS1","lincRNA",519,521,2
"S4","ENSG00000241794.1","SPRR2A","protein_coding",520,521,1
"S4","ENSG00000196805.7","SPRR2B","protein_coding",520,521,1
"S4","ENSG00000203785.8","SPRR2E","protein_coding",520,521,1
"S4","ENSG00000143556.8","S100A7","protein_coding",519,521,2
"S4","ENSG00000229961.2","RP11-71G12.1","transcribed_unitary_pseudogene",520,521,1
"S4","ENSG00000162761.14","LMX1A","protein_coding",518,521,3
"S4","ENSG00000215834.9","FMO9P","transcribed_unitary_pseudogene",520,521,1
"S4","ENSG00000229757.2","RP4-738P11.4","processed_pseudogene",520,521,1
"S4","ENSG00000225826.1","LINC00626","lincRNA",520,521,1
"S4","ENSG00000203740.3","METTL11B","protein_coding",520,521,1
"S4","ENSG00000180999.10","C1orf105","protein_coding",520,521,1
"S4","ENSG00000227579.5","RP1-35C21.2","lincRNA",516,521,5
"S4","ENSG00000260976.1","LINC01633","lincRNA",514,521,7
"S4","ENSG00000230426.2","ERVMER61-1","lincRNA",465,521,56
"S4","ENSG00000134365.12","CFHR4","protein_coding",520,521,1
"S4","ENSG00000198049.6","AVPR1B","protein_coding",518,521,3
"S4","ENSG00000142224.15","IL19","protein_coding",520,521,1
"S4","ENSG00000232621.1","C4BPAP2","unprocessed_pseudogene",518,521,3
"S4","ENSG00000196660.10","SLC30A10","protein_coding",518,521,3
"S4","ENSG00000225554.1","RP11-527D7.1","lincRNA",517,521,4
"S4","ENSG00000231298.6","LINC00704","lincRNA",520,521,1
"S4","ENSG00000239148.1","U8","snoRNA",515,521,6
"S4","ENSG00000223784.1","LINP1","lincRNA",520,521,1
"S4","ENSG00000271046.1","RP11-138I18.2","lincRNA",520,521,1
"S4","ENSG00000272516.1","RP11-573G6.9","lincRNA",520,521,1
"S4","ENSG00000224215.1","RP11-371A19.2","antisense",520,521,1
"S4","ENSG00000182077.10","PTCHD3","protein_coding",516,521,5
"S4","ENSG00000233515.1","LINC01518","lincRNA",520,521,1
"S4","ENSG00000230425.1","RSU1P1","unprocessed_pseudogene",520,521,1
"S4","ENSG00000177354.11","C10orf71","protein_coding",519,521,2
"S4","ENSG00000187714.6","SLC18A3","protein_coding",518,521,3
"S4","ENSG00000070748.18","CHAT","protein_coding",519,521,2
"S4","ENSG00000150275.17","PCDH15","protein_coding",520,521,1
"S4","ENSG00000227877.6","MRLN","protein_coding",520,521,1
"S4","ENSG00000279359.1","RP11-36D19.9","TEC",511,521,10
"S4","ENSG00000229404.5","LINC00858","lincRNA",520,521,1
"S4","ENSG00000204021.3","LIPK","protein_coding",520,521,1
"S4","ENSG00000120054.11","CPN1","protein_coding",439,521,82
"S4","ENSG00000224817.1","RP11-190J1.3","lincRNA",520,521,1
"S4","ENSG00000203837.4","PNLIPRP3","protein_coding",518,521,3
"S4","ENSG00000165863.16","C10orf82","protein_coding",520,521,1
"S4","ENSG00000148704.12","VAX1","protein_coding",517,521,4
"S4","ENSG00000271434.3","RP13-238F13.3","processed_transcript",520,521,1
"S4","ENSG00000154493.17","C10orf90","protein_coding",520,521,1
"S4","ENSG00000280953.2","LINC01163","lincRNA",520,521,1
"S4","ENSG00000176769.9","TCERG1L","protein_coding",519,521,2
"S4","ENSG00000197177.15","ADGRA1","protein_coding",520,521,1
"S4","ENSG00000180176.14","TH","protein_coding",520,521,1
"S4","ENSG00000230483.1","AC124057.5","antisense",520,521,1
"S4","ENSG00000167332.7","OR51E2","protein_coding",520,521,1
"S4","ENSG00000110148.9","CCKBR","protein_coding",520,521,1
"S4","ENSG00000275612.1","RP11-35J10.6","sense_intronic",515,521,6
"S4","ENSG00000271758.2","RP11-35J10.5","lincRNA",520,521,1
"S4","ENSG00000254951.7","RP11-494M8.4","sense_overlapping",520,521,1
"S4","ENSG00000188162.10","OTOG","protein_coding",520,521,1
"S4","ENSG00000165973.18","NELL1","protein_coding",519,521,2
"S4","ENSG00000254497.1","CTD-2560E9.5","antisense",520,521,1
"S4","ENSG00000180210.14","F2","protein_coding",517,521,4
"S4","ENSG00000205025.8","OR5G5P","transcribed_unprocessed_pseudogene",520,521,1
"S4","ENSG00000109991.8","P2RX3","protein_coding",519,521,2
"S4","ENSG00000254399.2","GLYATL1P4","unprocessed_pseudogene",516,521,5
"S4","ENSG00000254799.1","SLC25A47P1","processed_pseudogene",519,521,2
"S4","ENSG00000214797.3","RP11-1036E20.9","lincRNA",519,521,2
"S4","ENSG00000257002.1","AP000438.2","antisense",520,521,1
"S4","ENSG00000255147.1","RP11-655M14.4","unprocessed_pseudogene",520,521,1
"S4","ENSG00000255774.1","AP000439.3","lincRNA",518,521,3
"S4","ENSG00000204529.4","GUCY2EP","transcribed_unprocessed_pseudogene",520,521,1
"S4","ENSG00000254632.1","RP11-21L23.4","antisense",520,521,1
"S4","ENSG00000225678.2","AP000619.5","transcribed_unprocessed_pseudogene",519,521,2
"S4","ENSG00000185742.6","C11orf87","protein_coding",519,521,2
"S4","ENSG00000227487.3","NCAM1-AS1","antisense",519,521,2
"S4","ENSG00000110243.11","APOA5","protein_coding",520,521,1
"S4","ENSG00000246790.2","RP11-730K11.1","antisense",520,521,1
"S4","ENSG00000255298.2","OR8G5","protein_coding",518,521,3
"S4","ENSG00000238117.1","AP004372.1","antisense",517,521,4
"S4","ENSG00000251226.1","RP11-469N6.1","lincRNA",520,521,1
"S4","ENSG00000111262.5","KCNA1","protein_coding",519,521,2
"S4","ENSG00000256417.1","RP11-1038A11.3","lincRNA",520,521,1
"S4","ENSG00000255983.1","RP11-1038A11.1","lincRNA",520,521,1
"S4","ENSG00000215009.5","ACSM4","protein_coding",520,521,1
"S4","ENSG00000111701.6","APOBEC1","protein_coding",520,521,1
"S4","ENSG00000111732.10","AICDA","protein_coding",520,521,1
"S4","ENSG00000255960.1","RP11-459D22.1","processed_pseudogene",519,521,2
"S4","ENSG00000205754.10","SLCO1B7","protein_coding",516,521,5
"S4","ENSG00000257062.6","RP11-125O5.2","protein_coding",457,521,64
"S4","ENSG00000134538.2","SLCO1B1","protein_coding",520,521,1
"S4","ENSG00000256615.1","RP11-59N23.3","antisense",520,521,1
"S4","ENSG00000255760.1","RP11-428G5.5","lincRNA",520,521,1
"S4","ENSG00000173157.16","ADAMTS20","protein_coding",518,521,3
"S4","ENSG00000258116.1","RP11-493L12.6","processed_pseudogene",520,521,1
"S4","ENSG00000177627.9","C12orf54","protein_coding",520,521,1
"S4","ENSG00000123407.3","HOXC12","protein_coding",512,521,9
"S4","ENSG00000228630.5","HOTAIR","antisense",517,521,4
"S4","ENSG00000123388.4","HOXC11","protein_coding",520,521,1
"S4","ENSG00000251151.2","HOXC-AS3","processed_transcript",520,521,1
"S4","ENSG00000185306.12","C12orf56","protein_coding",520,521,1
"S4","ENSG00000111536.4","IL26","protein_coding",520,521,1
"S4","ENSG00000255733.5","IFNG-AS1","antisense",520,521,1
"S4","ENSG00000127325.18","BEST3","protein_coding",520,521,1
"S4","ENSG00000258053.1","CTD-2021H9.3","lincRNA",520,521,1
"S4","ENSG00000257364.1","VENTXP3","processed_pseudogene",515,521,6
"S4","ENSG00000258815.1","RP11-408B11.2","lincRNA",519,521,2
"S4","ENSG00000277081.1","RMST_10","misc_RNA",517,521,4
"S4","ENSG00000255794.7","RMST","processed_transcript",518,521,3
"S4","ENSG00000257501.6","RP11-1016B18.1","transcribed_processed_pseudogene",518,521,3
"S4","ENSG00000257703.5","RP11-328J6.1","lincRNA",510,521,11
"S4","ENSG00000257579.1","RP11-128P10.1","antisense",520,521,1
"S4","ENSG00000089116.3","LHX5","protein_coding",520,521,1
"S4","ENSG00000249550.6","LINC01234","lincRNA",520,521,1
"S4","ENSG00000257654.1","RP11-497G19.2","lincRNA",518,521,3
"S4","ENSG00000139767.8","SRRM4","protein_coding",520,521,1
"S4","ENSG00000249345.6","RP11-575F12.1","lincRNA",506,521,15
"S4","ENSG00000256001.1","RP11-575F12.2","lincRNA",520,521,1
"S4","ENSG00000261650.1","RP11-474D1.4","lincRNA",510,521,11
"S4","ENSG00000214039.8","RP11-474D1.3","lincRNA",518,521,3
"S4","ENSG00000276122.1","RP11-143E21.3","lincRNA",501,521,20
"S4","ENSG00000279905.1","RP11-117L5.1","TEC",520,521,1
"S4","ENSG00000204603.6","LINC01257","lincRNA",520,521,1
"S4","ENSG00000280217.1","RP11-638F5.2","TEC",520,521,1
"S4","ENSG00000279516.1","FAM230C","processed_transcript",519,521,2
"S4","ENSG00000196593.9","ANKRD20A19P","transcribed_unprocessed_pseudogene",520,521,1
"S4","ENSG00000165566.12","AMER2","protein_coding",520,521,1
"S4","ENSG00000132975.7","GPR12","protein_coding",520,521,1
"S4","ENSG00000229609.1","LINC01079","lincRNA",509,521,12
"S4","ENSG00000247381.2","PLUT","antisense",446,521,75
"S4","ENSG00000139515.5","PDX1","protein_coding",520,521,1
"S4","ENSG00000165556.9","CDX2","protein_coding",520,521,1
"S4","ENSG00000133105.7","RXFP2","protein_coding",518,521,3
"S4","ENSG00000279511.1","RP11-676B18.1","TEC",520,521,1
"S4","ENSG00000237361.2","TUSC8","lincRNA",520,521,1
"S4","ENSG00000102794.9","ACOD1","protein_coding",520,521,1
"S4","ENSG00000271776.1","RP11-52L5.6","antisense",519,521,2
"S4","ENSG00000152192.7","POU4F1","protein_coding",520,521,1
"S4","ENSG00000228824.6","MIR4500HG","lincRNA",520,521,1
"S4","ENSG00000272046.1","RP11-471M2.3","lincRNA",508,521,13
"S4","ENSG00000139800.8","ZIC5","protein_coding",519,521,2
"S4","ENSG00000125255.6","SLC10A2","protein_coding",515,521,6
"S4","ENSG00000236242.1","MYO16-AS1","antisense",520,521,1
"S4","ENSG00000234854.1","LINC00676","antisense",485,521,36
"S4","ENSG00000182968.4","SOX1","protein_coding",506,521,15
"S4","ENSG00000211779.3","TRAV5","TR_V_gene",520,521,1
"S4","ENSG00000211780.3","TRAV6","TR_V_gene",520,521,1
"S4","ENSG00000211782.2","TRAV8-1","TR_V_gene",520,521,1
"S4","ENSG00000211790.2","TRAV8-4","TR_V_gene",520,521,1
"S4","ENSG00000211792.2","TRAV14DV4","TR_V_gene",520,521,1
"S4","ENSG00000211802.3","TRAV22","TR_V_gene",520,521,1
"S4","ENSG00000211804.3","TRDV1","TR_V_gene",520,521,1
"S4","ENSG00000211814.1","TRAV35","TR_V_pseudogene",520,521,1
"S4","ENSG00000211816.2","TRAV38-1","TR_V_gene",520,521,1
"S4","ENSG00000211818.1","TRAV39","TR_V_gene",520,521,1
"S4","ENSG00000197616.11","MYH6","protein_coding",520,521,1
"S4","ENSG00000092054.12","MYH7","protein_coding",520,521,1
"S4","ENSG00000257842.5","NOVA1-AS1","antisense",519,521,2
"S4","ENSG00000257185.1","RP11-626P14.2","lincRNA",516,521,5
"S4","ENSG00000258932.5","CTD-3006G17.2","transcribed_processed_pseudogene",506,521,15
"S4","ENSG00000257869.1","CTD-2591A6.2","lincRNA",514,521,7
"S4","ENSG00000258175.1","RP11-412H8.2","lincRNA",520,521,1
"S4","ENSG00000176165.10","FOXG1","protein_coding",520,521,1
"S4","ENSG00000257636.6","RP11-1103G16.1","antisense",520,521,1
"S4","ENSG00000251363.2","RP11-129M6.1","lincRNA",520,521,1
"S4","ENSG00000258700.5","LINC00871","lincRNA",519,521,2
"S4","ENSG00000139915.18","MDGA2","protein_coding",509,521,12
"S4","ENSG00000258791.7","LINC00520","lincRNA",520,521,1
"S4","ENSG00000258592.1","RP11-108M12.3","lincRNA",520,521,1
"S4","ENSG00000140015.19","KCNH5","protein_coding",520,521,1
"S4","ENSG00000267909.2","CCDC177","protein_coding",520,521,1
"S4","ENSG00000266869.1","RP6-114E22.1","lincRNA",518,521,3
"S4","ENSG00000165553.4","NGB","protein_coding",520,521,1
"S4","ENSG00000170099.5","SERPINA6","protein_coding",520,521,1
"S4","ENSG00000100665.11","SERPINA4","protein_coding",520,521,1
"S4","ENSG00000258927.1","RP11-1070N10.5","lincRNA",516,521,5
"S4","ENSG00000259084.6","RP11-1070N10.6","processed_transcript",519,521,2
"S4","ENSG00000257275.6","RP11-164H13.1","antisense",520,521,1
"S4","ENSG00000254656.1","RTL1","protein_coding",511,521,10
"S4","ENSG00000259023.2","LINC00524","lincRNA",517,521,4
"S4","ENSG00000258986.6","TMEM179","protein_coding",520,521,1
"S4","ENSG00000253364.2","RP11-731F5.2","lincRNA",520,521,1
"S4","ENSG00000264781.1","MIR4537","miRNA",520,521,1
"S4","ENSG00000253587.2","IGHV3-30-2","IG_V_pseudogene",520,521,1
"S4","ENSG00000253467.2","IGHV7-40","IG_V_pseudogene",519,521,2
"S4","ENSG00000270816.5","LINC00221","lincRNA",518,521,3
"S4","ENSG00000253941.1","IGHVII-51-2","IG_V_pseudogene",520,521,1
"S4","ENSG00000270356.1","IGHV1OR15-4","IG_V_pseudogene",520,521,1
"S4","ENSG00000182256.12","GABRG3","protein_coding",520,521,1
"S4","ENSG00000261649.6","GOLGA6L7P","protein_coding",518,521,3
"S4","ENSG00000259749.1","NCAPGP2","unprocessed_pseudogene",520,521,1
"S4","ENSG00000134160.13","TRPM1","protein_coding",517,521,4
"S4","ENSG00000260211.2","RP13-395E19.2","processed_pseudogene",519,521,2
"S4","ENSG00000233041.8","PHGR1","protein_coding",517,521,4
"S4","ENSG00000259240.1","RP11-108K3.1","lincRNA",520,521,1
"S4","ENSG00000259306.2","RP11-108K3.2","lincRNA",519,521,2
"S4","ENSG00000260062.3","GOLGA2P11","transcribed_unprocessed_pseudogene",518,521,3
"S4","ENSG00000225362.8","CT62","protein_coding",520,521,1
"S4","ENSG00000277749.1","RP11-60L3.6","antisense",520,521,1
"S4","ENSG00000140600.16","SH3GL3","protein_coding",520,521,1
"S4","ENSG00000140519.12","RHCG","protein_coding",520,521,1
"S4","ENSG00000259485.1","CTD-2147F2.1","lincRNA",515,521,6
"S4","ENSG00000251209.7","LINC00923","lincRNA",519,521,2
"S4","ENSG00000277987.1","RP11-167B3.3","lincRNA",520,521,1
"S4","ENSG00000259590.1","RP11-20G13.3","lincRNA",520,521,1
"S4","ENSG00000086506.2","HBQ1","protein_coding",520,521,1
"S4","ENSG00000261713.6","SSTR5-AS1","processed_transcript",519,521,2
"S4","ENSG00000196364.9","PRSS29P","transcribed_unprocessed_pseudogene",513,521,8
"S4","ENSG00000284395.1","LA16c-312E8.5","protein_coding",518,521,3
"S4","ENSG00000078328.19","RBFOX1","protein_coding",517,521,4
"S4","ENSG00000169347.16","GP2","protein_coding",517,521,4
"S4","ENSG00000103310.10","ZP2","protein_coding",520,521,1
"S4","ENSG00000283213.1","CTC-591M7.1","lincRNA",520,521,1
"S4","ENSG00000278912.1","CTD-2196E14.8","TEC",517,521,4
"S4","ENSG00000261583.1","CTD-2385L22.1","antisense",517,521,4
"S4","ENSG00000236481.1","LINC02195","lincRNA",520,521,1
"S4","ENSG00000169181.12","GSG1L","protein_coding",520,521,1
"S4","ENSG00000174992.7","ZG16","protein_coding",518,521,3
"S4","ENSG00000261704.2","IGHV1OR16-1","IG_V_pseudogene",520,521,1
"S4","ENSG00000271620.1","IGHV3OR16-7","IG_V_pseudogene",520,521,1
"S4","ENSG00000259990.2","RP11-598D12.1","unprocessed_pseudogene",520,521,1
"S4","ENSG00000179755.3","CTD-2144E22.5","lincRNA",520,521,1
"S4","ENSG00000260611.1","RP11-352B15.2","lincRNA",515,521,6
"S4","ENSG00000263082.1","LINC02187","lincRNA",516,521,5
"S4","ENSG00000260057.5","LINC01571","lincRNA",517,521,4
"S4","ENSG00000260963.1","RP11-297L17.2","lincRNA",520,521,1
"S4","ENSG00000249231.7","CASC16","lincRNA",520,521,1
"S4","ENSG00000103546.18","SLC6A2","protein_coding",520,521,1
"S4","ENSG00000169688.10","MT1B","protein_coding",520,521,1
"S4","ENSG00000260115.1","CTC-420A11.2","antisense",518,521,3
"S4","ENSG00000261502.3","RP11-96H17.1","processed_transcript",520,521,1
"S4","ENSG00000260658.5","RP11-368L12.1","lincRNA",520,521,1
"S4","ENSG00000166558.10","SLC38A8","protein_coding",520,521,1
"S4","ENSG00000205037.2","RP11-863P13.4","lincRNA",518,521,3
"S4","ENSG00000142484.6","TM4SF5","protein_coding",520,521,1
"S4","ENSG00000275011.1","RP11-599B13.9","unprocessed_pseudogene",520,521,1
"S4","ENSG00000125414.18","MYH2","protein_coding",520,521,1
"S4","ENSG00000263684.1","RP11-628O18.1","antisense",515,521,6
"S4","ENSG00000250111.3","AC107982.4","unprocessed_pseudogene",520,521,1
"S4","ENSG00000231625.4","CTD-2104P17.1","transcribed_unprocessed_pseudogene",520,521,1
"S4","ENSG00000264932.3","CTD-2104P17.2","antisense",520,521,1
"S4","ENSG00000205212.3","CCDC144NL","protein_coding",520,521,1
"S4","ENSG00000260458.3","KCNJ18","protein_coding",520,521,1
"S4","ENSG00000266120.1","RP11-354P11.2","antisense",520,521,1
"S4","ENSG00000231870.4","KRT17P3","unprocessed_pseudogene",519,521,2
"S4","ENSG00000277268.1","RP11-445F12.1","antisense",517,521,4
"S4","ENSG00000198443.6","KRTAP4-1","protein_coding",520,521,1
"S4","ENSG00000214514.7","KRT42P","transcribed_unprocessed_pseudogene",520,521,1
"S4","ENSG00000167941.2","SOST","protein_coding",520,521,1
"S4","ENSG00000267405.1","CTC-296K1.4","lincRNA",519,521,2
"S4","ENSG00000242207.1","HOXB-AS4","antisense",520,521,1
"S4","ENSG00000229637.3","PRAC2","protein_coding",518,521,3
"S4","ENSG00000182040.8","USH1G","protein_coding",519,521,2
"S4","ENSG00000272461.1","RP11-689C9.1","lincRNA",520,521,1
"S4","ENSG00000263551.5","RP11-78F17.1","lincRNA",520,521,1
"S4","ENSG00000132204.13","LINC00470","lincRNA",520,521,1
"S4","ENSG00000266602.1","RP11-476K15.1","lincRNA",520,521,1
"S4","ENSG00000263745.6","RP11-161I6.2","lincRNA",520,521,1
"S4","ENSG00000266401.1","RP11-874J12.4","antisense",520,521,1
"S4","ENSG00000261520.5","DLGAP1-AS5","antisense",520,521,1
"S4","ENSG00000279479.1","RP11-91I8.2","TEC",520,521,1
"S4","ENSG00000264127.1","SCML2P1","processed_pseudogene",520,521,1
"S4","ENSG00000265933.5","LINC00668","lincRNA",520,521,1
"S4","ENSG00000267069.1","RP11-64C12.8","lincRNA",520,521,1
"S4","ENSG00000176136.6","MC5R","protein_coding",520,521,1
"S4","ENSG00000274214.1","RP11-757O6.6","processed_pseudogene",520,521,1
"S4","ENSG00000265766.3","CXADRP3","transcribed_processed_pseudogene",520,521,1
"S4","ENSG00000263588.1","RP11-595B24.2","lincRNA",519,521,2
"S4","ENSG00000134760.5","DSG1","protein_coding",517,521,4
"S4","ENSG00000266729.5","DSG1-AS1","antisense",503,521,18
"S4","ENSG00000118271.9","TTR","protein_coding",520,521,1
"S4","ENSG00000263450.1","RP11-680N20.1","antisense",515,521,6
"S4","ENSG00000267313.7","KC6","lincRNA",520,521,1
"S4","ENSG00000132872.11","SYT4","protein_coding",520,521,1
"S4","ENSG00000267284.1","RP11-397A16.1","lincRNA",493,521,28
"S4","ENSG00000206129.3","CTD-2008L17.2","lincRNA",520,521,1
"S4","ENSG00000197641.11","SERPINB13","protein_coding",517,521,4
"S4","ENSG00000081138.13","CDH7","protein_coding",520,521,1
"S4","ENSG00000256463.8","SALL3","protein_coding",515,521,6
"S4","ENSG00000267073.1","AC005256.1","lincRNA",460,521,61
"S4","ENSG00000205922.4","ONECUT3","protein_coding",520,521,1
"S4","ENSG00000280091.1","CTC-312O10.3","TEC",518,521,3
"S4","ENSG00000283108.1","CTC-325H20.8","processed_transcript",519,521,2
"S4","ENSG00000198028.3","ZNF560","protein_coding",519,521,2
"S4","ENSG00000267490.1","CTD-3116E22.6","unprocessed_pseudogene",519,521,2
"S4","ENSG00000105143.12","SLC1A6","protein_coding",519,521,2
"S4","ENSG00000105141.5","CASP14","protein_coding",507,521,14
"S4","ENSG00000269516.6","CYP4F23P","transcribed_unprocessed_pseudogene",520,521,1
"S4","ENSG00000186115.12","CYP4F2","protein_coding",520,521,1
"S4","ENSG00000269345.1","VN1R85P","unprocessed_pseudogene",520,521,1
"S4","ENSG00000268038.1","LINC01785","lincRNA",513,521,8
"S4","ENSG00000232680.2","AC002511.3","lincRNA",520,521,1
"S4","ENSG00000267353.1","CTD-2162K18.3","lincRNA",520,521,1
"S4","ENSG00000207296.1","RNU6-140P","snRNA",517,521,4
"S4","ENSG00000105205.6","CLC","protein_coding",513,521,8
"S4","ENSG00000142025.15","DMRTC2","protein_coding",520,521,1
"S4","ENSG00000221826.9","PSG3","protein_coding",519,521,2
"S4","ENSG00000243137.7","PSG4","protein_coding",520,521,1
"S4","ENSG00000242675.1","RPS16P9","processed_pseudogene",520,521,1
"S4","ENSG00000188624.2","IGFL3","protein_coding",520,521,1
"S4","ENSG00000268621.5","IGFL2-AS1","lincRNA",519,521,2
"S4","ENSG00000268186.1","CTC-241F20.4","lincRNA",520,521,1
"S4","ENSG00000104827.12","CGB3","protein_coding",520,521,1
"S4","ENSG00000267335.2","CTB-60B18.6","protein_coding",520,521,1
"S4","ENSG00000189052.6","CGB5","protein_coding",520,521,1
"S4","ENSG00000213030.5","CGB8","protein_coding",520,521,1
"S4","ENSG00000261949.5","GFY","protein_coding",520,521,1
"S4","ENSG00000167754.12","KLK5","protein_coding",519,521,2
"S4","ENSG00000232044.6","LINC01105","processed_transcript",520,521,1
"S4","ENSG00000224177.6","LINC00570","lincRNA",519,521,2
"S4","ENSG00000231031.6","LINC01804","lincRNA",520,521,1
"S4","ENSG00000233005.1","AC067959.1","lincRNA",518,521,3
"S4","ENSG00000157851.16","DPYSL5","protein_coding",519,521,2
"S4","ENSG00000179270.6","C2orf71","protein_coding",520,521,1
"S4","ENSG00000230587.1","AC093609.1","lincRNA",520,521,1
"S4","ENSG00000271615.1","ACTG1P22","transcribed_processed_pseudogene",520,521,1
"S4","ENSG00000214429.3","CYCSP6","processed_pseudogene",520,521,1
"S4","ENSG00000115386.5","REG1A","protein_coding",517,521,4
"S4","ENSG00000066032.18","CTNNA2","protein_coding",518,521,3
"S4","ENSG00000254345.1","IGKV2D-23","IG_V_pseudogene",520,521,1
"S4","ENSG00000253765.1","IGKV2D-19","IG_V_pseudogene",520,521,1
"S4","ENSG00000270748.1","IGKV2OR2-1","IG_V_pseudogene",519,521,2
"S4","ENSG00000230393.1","AC092667.2","antisense",518,521,3
"S4","ENSG00000234389.1","AC007278.3","sense_intronic",520,521,1
"S4","ENSG00000180251.4","SLC9A4","protein_coding",520,521,1
"S4","ENSG00000280409.1","LINC01101","TEC",519,521,2
"S4","ENSG00000231240.1","KLF2P1","processed_pseudogene",516,521,5
"S4","ENSG00000248313.1","CYP4F27P","unprocessed_pseudogene",519,521,2
"S4","ENSG00000214081.8","CYP4F30P","transcribed_unprocessed_pseudogene",520,521,1
"S4","ENSG00000236516.1","KLF2P4","processed_pseudogene",517,521,4
"S4","ENSG00000242575.1","AC012501.3","transcribed_processed_pseudogene",520,521,1
"S4","ENSG00000227400.2","AC012501.2","sense_overlapping",519,521,2
"S4","ENSG00000279844.1","RP11-20F18.1","TEC",517,521,4
"S4","ENSG00000136535.14","TBR1","protein_coding",519,521,2
"S4","ENSG00000232555.1","AC104088.1","lincRNA",517,521,4
"S4","ENSG00000270460.1","RP11-796E10.1","lincRNA",519,521,2
"S4","ENSG00000280414.1","RP11-572N21.1","TEC",520,521,1
"S4","ENSG00000217236.1","SP9","protein_coding",520,521,1
"S4","ENSG00000236449.1","AC018890.6","antisense",520,521,1
"S4","ENSG00000128714.5","HOXD13","protein_coding",515,521,6
"S4","ENSG00000162992.3","NEUROD1","protein_coding",519,521,2
"S4","ENSG00000222017.1","AC011997.1","antisense",520,521,1
"S4","ENSG00000163499.11","CRYBA2","protein_coding",520,521,1
"S4","ENSG00000227308.2","AC009502.4","lincRNA",520,521,1
"S4","ENSG00000124003.12","MOGAT1","protein_coding",520,521,1
"S4","ENSG00000232023.2","LINC01807","lincRNA",516,521,5
"S4","ENSG00000163273.3","NPPC","protein_coding",519,521,2
"S4","ENSG00000222001.2","AC106876.2","processed_transcript",518,521,3
"S4","ENSG00000227802.1","DNAJB3","transcribed_processed_pseudogene",519,521,2
"S4","ENSG00000178836.6","AC114812.5","transcribed_processed_pseudogene",517,521,4
"S4","ENSG00000235726.5","AC010148.1","processed_transcript",520,521,1
"S4","ENSG00000219159.4","AC011298.2","lincRNA",520,521,1
"S4","ENSG00000172482.4","AGXT","protein_coding",519,521,2
"S4","ENSG00000188011.5","RTP5","protein_coding",520,521,1
"S4","ENSG00000229876.1","CASC20","lincRNA",519,521,2
"S4","ENSG00000101349.16","PAK5","protein_coding",518,521,3
"S4","ENSG00000278041.1","RP5-984P4.6","lincRNA",519,521,2
"S4","ENSG00000125813.13","PAX1","protein_coding",517,521,4
"S4","ENSG00000125823.12","CSTL1","protein_coding",519,521,2
"S4","ENSG00000230725.5","RP4-738P15.1","lincRNA",520,521,1
"S4","ENSG00000238129.5","RP3-410C9.2","lincRNA",519,521,2
"S4","ENSG00000260903.2","XKR7","protein_coding",520,521,1
"S4","ENSG00000226812.2","RP5-881L22.5","antisense",520,521,1
"S4","ENSG00000175121.11","WFDC5","protein_coding",517,521,4
"S4","ENSG00000249139.1","EPPIN-WFDC6","protein_coding",520,521,1
"S4","ENSG00000239783.1","RP5-1050K3.3","processed_pseudogene",520,521,1
"S4","ENSG00000124253.10","PCK1","protein_coding",520,521,1
"S4","ENSG00000276093.1","RP5-1017F8.2","lincRNA",520,521,1
"S4","ENSG00000101204.16","CHRNA4","protein_coding",520,521,1
"S4","ENSG00000279414.1","bP-2171C21.4","processed_pseudogene",520,521,1
"S4","ENSG00000280081.3","LINC01667","lincRNA",518,521,3
"S4","ENSG00000277693.1","AP003900.6","lincRNA",519,521,2
"S4","ENSG00000274391.4","TPTE","protein_coding",518,521,3
"S4","ENSG00000215559.8","ANKRD20A11P","transcribed_unprocessed_pseudogene",520,521,1
"S4","ENSG00000235277.1","AF127577.8","antisense",520,521,1
"S4","ENSG00000154646.8","TMPRSS15","protein_coding",520,521,1
"S4","ENSG00000232692.1","AP001596.6","antisense",520,521,1
"S4","ENSG00000232079.6","LINC01697","processed_transcript",520,521,1
"S4","ENSG00000231324.1","AP000696.2","lincRNA",517,521,4
"S4","ENSG00000198054.11","DSCR8","protein_coding",518,521,3
"S4","ENSG00000235123.5","DSCAM-AS1","antisense",518,521,3
"S4","ENSG00000171587.14","DSCAM","protein_coding",520,521,1
"S4","ENSG00000225745.8","AL773572.7","antisense",519,521,2
"S4","ENSG00000160181.8","TFF2","protein_coding",520,521,1
"S4","ENSG00000227999.1","MTND5P1","processed_pseudogene",518,521,3
"S4","ENSG00000225255.6","LINC01297","lincRNA",519,521,2
"S4","ENSG00000235295.1","LINC01634","lincRNA",520,521,1
"S4","ENSG00000226534.1","KB-1183D5.16","processed_pseudogene",519,521,2
"S4","ENSG00000253752.1","IGLVI-63","IG_V_pseudogene",519,521,2
"S4","ENSG00000253631.1","IGLV7-35","IG_V_pseudogene",520,521,1
"S4","ENSG00000169548.3","ZNF280A","protein_coding",519,521,2
"S4","ENSG00000253920.1","IGLV3-31","IG_V_pseudogene",520,521,1
"S4","ENSG00000273295.1","AP000350.5","lincRNA",520,521,1
"S4","ENSG00000184571.13","PIWIL3","protein_coding",509,521,12
"S4","ENSG00000227188.1","MGAT3-AS1","antisense",515,521,6
"S4","ENSG00000100341.11","PNPLA5","protein_coding",518,521,3
"S4","ENSG00000205634.6","LINC00898","lincRNA",520,521,1
"S4","ENSG00000224271.5","RP11-191L9.4","lincRNA",520,521,1
"S4","ENSG00000279712.1","CTA-280A3.2","lincRNA",520,521,1
"S4","ENSG00000182533.6","CAV3","protein_coding",519,521,2
"S4","ENSG00000092345.13","DAZL","protein_coding",520,521,1
"S4","ENSG00000274840.4","RP11-320G10.1","lincRNA",503,521,18
"S4","ENSG00000225548.5","LINC01980","lincRNA",518,521,3
"S4","ENSG00000144644.14","GADL1","protein_coding",520,521,1
"S4","ENSG00000187094.11","CCK","protein_coding",520,521,1
"S4","ENSG00000010282.14","HHATL","protein_coding",520,521,1
"S4","ENSG00000230970.3","HHATL-AS1","antisense",517,521,4
"S4","ENSG00000206552.4","KRBOX1-AS1","antisense",520,521,1
"S4","ENSG00000163377.15","FAM19A4","protein_coding",520,521,1
"S4","ENSG00000179799.8","OR7E22P","unprocessed_pseudogene",519,521,2
"S4","ENSG00000175161.13","CADM2","protein_coding",520,521,1
"S4","ENSG00000144820.7","ADGRG7","protein_coding",519,521,2
"S4","ENSG00000243081.2","RP11-231E6.1","lincRNA",520,521,1
"S4","ENSG00000239268.2","RP11-384F7.2","lincRNA",520,521,1
"S4","ENSG00000282950.1","RP11-174O3.6","lincRNA",517,521,4
"S4","ENSG00000250218.1","ALDH1L1-AS1","antisense",520,521,1
"S4","ENSG00000246022.2","ALDH1L1-AS2","antisense",520,521,1
"S4","ENSG00000270773.1","RP13-685P2.7","processed_pseudogene",518,521,3
"S4","ENSG00000240086.5","RP11-657O9.1","processed_transcript",520,521,1
"S4","ENSG00000249407.1","IL20RB-AS1","antisense",520,521,1
"S4","ENSG00000168875.2","SOX14","protein_coding",518,521,3
"S4","ENSG00000183770.5","FOXL2","protein_coding",520,521,1
"S4","ENSG00000206262.8","FOXL2NB","protein_coding",517,521,4
"S4","ENSG00000174963.17","ZIC4","protein_coding",520,521,1
"S4","ENSG00000244503.1","RP11-278L15.6","processed_pseudogene",519,521,2
"S4","ENSG00000243944.5","RP11-167H9.4","antisense",520,521,1
"S4","ENSG00000244128.5","LINC01322","lincRNA",519,521,2
"S4","ENSG00000206120.11","EGFEM1P","transcribed_unitary_pseudogene",520,521,1
"S4","ENSG00000241479.1","RP11-641D5.2","antisense",518,521,3
"S4","ENSG00000223930.5","RP11-33A14.1","lincRNA",520,521,1
"S4","ENSG00000242512.8","LINC01206","lincRNA",515,521,6
"S4","ENSG00000178084.1","HTR3C","protein_coding",520,521,1
"S4","ENSG00000145192.12","AHSG","protein_coding",519,521,2
"S4","ENSG00000157005.3","SST","protein_coding",516,521,5
"S4","ENSG00000224049.1","RP11-30O15.1","lincRNA",519,521,2
"S4","ENSG00000205835.8","GMNC","protein_coding",519,521,2
"S4","ENSG00000233308.1","OSTN-AS1","antisense",520,521,1
"S4","ENSG00000188729.6","OSTN","protein_coding",517,521,4
"S4","ENSG00000223812.5","RP11-197K6.1","lincRNA",498,521,23
"S4","ENSG00000238097.1","LINC02037","lincRNA",517,521,4
"S4","ENSG00000237167.1","AC128709.2","lincRNA",514,521,7
"S4","ENSG00000251639.2","RP11-20I20.1","processed_pseudogene",520,521,1
"S4","ENSG00000227189.2","AC092535.3","antisense",520,521,1
"S4","ENSG00000249631.5","RP11-281P23.2","lincRNA",519,521,2
"S4","ENSG00000248238.1","RP11-3J1.1","lincRNA",519,521,2
"S4","ENSG00000248515.1","RP11-608O21.1","lincRNA",507,521,14
"S4","ENSG00000251129.1","RP11-734I18.1","lincRNA",518,521,3
"S4","ENSG00000261761.3","RP11-103J17.2","processed_transcript",519,521,2
"S4","ENSG00000109132.6","PHOX2B","protein_coding",504,521,17
"S4","ENSG00000245870.3","LINC00682","lincRNA",520,521,1
"S4","ENSG00000183783.6","KCTD8","protein_coding",520,521,1
"S4","ENSG00000170516.16","COX7B2","protein_coding",491,521,30
"S4","ENSG00000249413.2","RP11-25H12.1","lincRNA",516,521,5
"S4","ENSG00000213759.9","UGT2B11","protein_coding",520,521,1
"S4","ENSG00000250696.5","RP11-704M14.1","antisense",519,521,2
"S4","ENSG00000271271.5","UGT2A2","protein_coding",516,521,5
"S4","ENSG00000173610.12","UGT2A1","protein_coding",519,521,2
"S4","ENSG00000056291.17","NPFFR2","protein_coding",520,521,1
"S4","ENSG00000081051.7","AFP","protein_coding",518,521,3
"S4","ENSG00000250735.5","RP11-567N4.3","lincRNA",492,521,29
"S4","ENSG00000152595.16","MEPE","protein_coding",520,521,1
"S4","ENSG00000248510.2","RP11-145G20.1","lincRNA",497,521,24
"S4","ENSG00000248740.5","RP11-328K4.1","lincRNA",520,521,1
"S4","ENSG00000169836.4","TACR3","protein_coding",520,521,1
"S4","ENSG00000245384.1","CXXC4-AS1","antisense",520,521,1
"S4","ENSG00000164089.8","ETNPPL","protein_coding",517,521,4
"S4","ENSG00000271302.1","RP11-647P12.2","processed_pseudogene",518,521,3
"S4","ENSG00000227145.1","IL21-AS1","antisense",520,521,1
"S4","ENSG00000246876.6","RP11-519M16.1","lincRNA",443,521,78
"S4","ENSG00000184139.8","RPL7AP28","processed_pseudogene",520,521,1
"S4","ENSG00000151962.7","RBM46","protein_coding",519,521,2
"S4","ENSG00000249568.1","RP11-234O6.2","antisense",515,521,6
"S4","ENSG00000168843.13","FSTL5","protein_coding",520,521,1
"S4","ENSG00000248551.1","RP11-287F9.2","lincRNA",509,521,12
"S4","ENSG00000164122.8","ASB5","protein_coding",519,521,2
"S4","ENSG00000187821.8","HELT","protein_coding",520,521,1
"S4","ENSG00000168412.6","MTNR1A","protein_coding",520,521,1
"S4","ENSG00000250590.5","RP11-565A3.2","lincRNA",447,521,74
"S4","ENSG00000113430.9","IRX4","protein_coding",520,521,1
"S4","ENSG00000248994.1","RP11-259O2.1","lincRNA",519,521,2
"S4","ENSG00000259603.1","CTD-2012M11.3","antisense",520,521,1
"S4","ENSG00000260763.1","RP11-445O3.3","lincRNA",515,521,6
"S4","ENSG00000250060.1","RP11-332J15.2","lincRNA",487,521,34
"S4","ENSG00000248783.1","RP11-308B16.2","lincRNA",498,521,23
"S4","ENSG00000248131.5","LINC01194","lincRNA",517,521,4
"S4","ENSG00000145526.11","CDH18","protein_coding",520,521,1
"S4","ENSG00000251629.6","RP11-774D14.1","lincRNA",518,521,3
"S4","ENSG00000250337.5","LINC01021","lincRNA",520,521,1
"S4","ENSG00000259786.6","LINC02109","lincRNA",498,521,23
"S4","ENSG00000250697.1","CTD-2066L21.3","lincRNA",517,521,4
"S4","ENSG00000145626.11","UGT3A1","protein_coding",519,521,2
"S4","ENSG00000259663.2","CTD-2314G24.2","antisense",518,521,3
"S4","ENSG00000016082.14","ISL1","protein_coding",518,521,3
"S4","ENSG00000275634.1","PART1_2","misc_RNA",517,521,4
"S4","ENSG00000250387.2","LINC02197","lincRNA",514,521,7
"S4","ENSG00000249743.5","RP11-60A8.1","lincRNA",513,521,8
"S4","ENSG00000251604.1","LINC01385","lincRNA",518,521,3
"S4","ENSG00000248474.1","LINC02122","lincRNA",520,521,1
"S4","ENSG00000250874.1","CTC-480C2.1","lincRNA",520,521,1
"S4","ENSG00000205359.9","SLCO6A1","protein_coding",514,521,7
"S4","ENSG00000250682.5","LINC00491","lincRNA",519,521,2
"S4","ENSG00000251026.1","LINC02163","lincRNA",520,521,1
"S4","ENSG00000248663.6","LINC00992","lincRNA",520,521,1
"S4","ENSG00000249610.1","CTC-441N14.1","antisense",519,521,2
"S4","ENSG00000249621.1","CTD-2544H17.1","lincRNA",520,521,1
"S4","ENSG00000113396.12","SLC27A6","protein_coding",520,521,1
"S4","ENSG00000145808.9","ADAMTS19","protein_coding",519,521,2
"S4","ENSG00000250167.1","CTC-321K16.1","antisense",520,521,1
"S4","ENSG00000164616.15","FBXL21","transcribed_unitary_pseudogene",515,521,6
"S4","ENSG00000271824.1","AC009014.3","protein_coding",517,521,4
"S4","ENSG00000118990.5","GLRXP3","processed_pseudogene",520,521,1
"S4","ENSG00000113327.15","GABRG2","protein_coding",510,521,11
"S4","ENSG00000253348.1","CTC-455F18.1","antisense",520,521,1
"S4","ENSG00000249849.1","RP11-1101H11.1","antisense",520,521,1
"S4","ENSG00000228793.1","RP1-223B1.1","lincRNA",520,521,1
"S4","ENSG00000216863.9","LY86-AS1","antisense",520,521,1
"S4","ENSG00000181355.20","OFCC1","protein_coding",510,521,11
"S4","ENSG00000225173.1","XXbac-BPG308K3.5","lincRNA",520,521,1
"S4","ENSG00000204614.8","TRIM40","protein_coding",520,521,1
"S4","ENSG00000204613.10","TRIM10","protein_coding",520,521,1
"S4","ENSG00000237923.1","XXbac-BPG27H4.8","lincRNA",520,521,1
"S4","ENSG00000228789.6","HCG22","lincRNA",520,521,1
"S4","ENSG00000196748.9","CLPSL2","protein_coding",520,521,1
"S4","ENSG00000204140.9","CLPSL1","protein_coding",520,521,1
"S4","ENSG00000095981.10","KCNK16","protein_coding",520,521,1
"S4","ENSG00000156564.8","LRFN2","protein_coding",520,521,1
"S4","ENSG00000124490.13","CRISP2","protein_coding",520,521,1
"S4","ENSG00000008196.12","TFAP2B","protein_coding",517,521,4
"S4","ENSG00000231683.6","RP1-27K12.2","lincRNA",520,521,1
"S4","ENSG00000235899.1","LINC01564","antisense",520,521,1
"S4","ENSG00000225096.1","XXbac-BPG55C20.7","lincRNA",520,521,1
"S4","ENSG00000082293.12","COL19A1","protein_coding",520,521,1
"S4","ENSG00000269964.2","MEI4","protein_coding",520,521,1
"S4","ENSG00000203877.8","RIPPLY2","protein_coding",520,521,1
"S4","ENSG00000231776.5","LINC01611","lincRNA",518,521,3
"S4","ENSG00000135346.8","CGA","protein_coding",519,521,2
"S4","ENSG00000279565.1","RP4-570O12.3","TEC",520,521,1
"S4","ENSG00000146276.11","GABRR1","protein_coding",520,521,1
"S4","ENSG00000112238.11","PRDM13","protein_coding",518,521,3
"S4","ENSG00000112246.9","SIM1","protein_coding",520,521,1
"S4","ENSG00000187772.7","LIN28B","protein_coding",519,521,2
"S4","ENSG00000236347.1","RP11-346D19.1","lincRNA",513,521,8
"S4","ENSG00000185002.9","RFX6","protein_coding",520,521,1
"S4","ENSG00000216809.1","RP11-57K17.1","processed_pseudogene",518,521,3
"S4","ENSG00000182747.4","SLC35D3","protein_coding",519,521,2
"S4","ENSG00000198670.11","LPA","protein_coding",520,521,1
"S4","ENSG00000225683.5","PACRG-AS3","antisense",520,521,1
"S4","ENSG00000231720.1","RP11-568A7.3","lincRNA",520,521,1
"S4","ENSG00000112494.9","UNC93A","protein_coding",520,521,1
"S4","ENSG00000235994.4","RP3-470B24.5","processed_transcript",520,521,1
"S4","ENSG00000153303.16","FRMD1","protein_coding",520,521,1
"S4","ENSG00000234768.1","RP11-503C24.1","lincRNA",518,521,3
"S4","ENSG00000234647.2","RP11-503C24.4","lincRNA",519,521,2
"S4","ENSG00000224417.2","RP11-503C24.6","sense_intronic",519,521,2
"S4","ENSG00000272328.1","RP4-594A5.1","lincRNA",520,521,1
"S4","ENSG00000122584.12","NXPH1","protein_coding",517,521,4
"S4","ENSG00000004846.16","ABCB5","protein_coding",520,521,1
"S4","ENSG00000260951.1","RP5-978I12.1","lincRNA",519,521,2
"S4","ENSG00000106031.7","HOXA13","protein_coding",520,521,1
"S4","ENSG00000106038.12","EVX1","protein_coding",520,521,1
"S4","ENSG00000226468.2","AC018641.7","processed_pseudogene",519,521,2
"S4","ENSG00000164532.10","TBX20","protein_coding",518,521,3
"S4","ENSG00000233854.1","POU6F2-AS2","antisense",520,521,1
"S4","ENSG00000226278.1","PSPHP1","unprocessed_pseudogene",519,521,2
"S4","ENSG00000233288.1","RP11-760D2.5","lincRNA",515,521,6
"S4","ENSG00000182111.8","ZNF716","protein_coding",515,521,6
"S4","ENSG00000242950.6","ERVW-1","protein_coding",518,521,3
"S4","ENSG00000236453.5","AC003092.1","lincRNA",518,521,3
"S4","ENSG00000277124.1","DLX6-AS1_2","misc_RNA",515,521,6
"S4","ENSG00000006377.10","DLX6","protein_coding",520,521,1
"S4","ENSG00000231764.8","DLX6-AS1","antisense",520,521,1
"S4","ENSG00000006128.11","TAC1","protein_coding",516,521,5
"S4","ENSG00000167011.8","NAT16","protein_coding",520,521,1
"S4","ENSG00000251978.1","RNA5SP236","rRNA",520,521,1
"S4","ENSG00000106013.14","ANKRD7","protein_coding",520,521,1
"S4","ENSG00000225546.5","LVCAT5","lincRNA",508,521,13
"S4","ENSG00000158525.15","CPA5","protein_coding",520,521,1
"S4","ENSG00000146857.3","STRA8","protein_coding",518,521,3
"S4","ENSG00000234352.9","AC009264.1","antisense",518,521,3
"S4","ENSG00000283063.1","TRBV6-2","TR_V_gene",520,521,1
"S4","ENSG00000229769.2","TRBV10-2","TR_V_gene",520,521,1
"S4","ENSG00000211724.3","TRBV6-6","TR_V_gene",520,521,1
"S4","ENSG00000211727.3","TRBV7-6","TR_V_gene",520,521,1
"S4","ENSG00000276405.1","TRBV13","TR_V_gene",520,521,1
"S4","ENSG00000275791.1","TRBV10-3","TR_V_gene",520,521,1
"S4","ENSG00000276819.1","TRBV15","TR_V_gene",520,521,1
"S4","ENSG00000282499.1","TRBV25-1","TR_V_gene",520,521,1
"S4","ENSG00000281958.1","TRBJ1-4","TR_J_gene",520,521,1
"S4","ENSG00000270405.1","RP11-208G20.3","processed_pseudogene",518,521,3
"S4","ENSG00000204894.4","RP11-208G20.2","processed_pseudogene",519,521,2
"S4","ENSG00000206047.2","DEFA1","protein_coding",519,521,2
"S4","ENSG00000240247.7","DEFA1B","protein_coding",519,521,2
"S4","ENSG00000279949.1","RP11-10A14.9","lincRNA",520,521,1
"S4","ENSG00000171060.10","C8orf74","protein_coding",520,521,1
"S4","ENSG00000136574.17","GATA4","protein_coding",519,521,2
"S4","ENSG00000253270.1","RP11-1105O14.1","lincRNA",517,521,4
"S4","ENSG00000177725.5","CTD-2530N21.5","sense_overlapping",518,521,3
"S4","ENSG00000272163.1","GS1-72M22.1","antisense",520,521,1
"S4","ENSG00000279302.3","RP11-16P20.4","TEC",518,521,3
"S4","ENSG00000253632.1","RP11-486M23.1","lincRNA",519,521,2
"S4","ENSG00000156687.10","UNC5D","protein_coding",518,521,3
"S4","ENSG00000253363.5","RP11-962G15.1","lincRNA",476,521,45
"S4","ENSG00000215262.7","KCNU1","protein_coding",503,521,18
"S4","ENSG00000253161.5","LINC01605","lincRNA",520,521,1
"S4","ENSG00000253361.1","RP11-675F6.3","lincRNA",520,521,1
"S4","ENSG00000254100.1","RP11-675F6.4","lincRNA",515,521,6
"S4","ENSG00000104755.14","ADAM2","protein_coding",520,521,1
"S4","ENSG00000082556.10","OPRK1","protein_coding",518,521,3
"S4","ENSG00000253301.5","LINC01606","lincRNA",517,521,4
"S4","ENSG00000253821.1","RP11-246K15.1","lincRNA",520,521,1
"S4","ENSG00000253376.1","RP11-44D19.1","lincRNA",508,521,13
"S4","ENSG00000251127.2","RP11-280G9.1","lincRNA",518,521,3
"S4","ENSG00000260838.3","RP11-531A24.3","lincRNA",520,521,1
"S4","ENSG00000253706.5","RP11-758M4.4","antisense",520,521,1
"S4","ENSG00000253898.1","LINC01419","lincRNA",509,521,12
"S4","ENSG00000133742.13","CA1","protein_coding",518,521,3
"S4","ENSG00000176566.4","DCAF4L2","protein_coding",457,521,64
"S4","ENSG00000243504.1","RPS23P1","processed_pseudogene",520,521,1
"S4","ENSG00000174226.8","SNX31","protein_coding",520,521,1
"S4","ENSG00000253477.5","RP11-1C8.4","antisense",520,521,1
"S4","ENSG00000164794.8","KCNV1","protein_coding",520,521,1
"S4","ENSG00000164796.17","CSMD3","protein_coding",520,521,1
"S4","ENSG00000164756.12","SLC30A8","protein_coding",520,521,1
"S4","ENSG00000253227.1","RP11-383J24.1","lincRNA",520,521,1
"S4","ENSG00000254166.1","CASC19","lincRNA",517,521,4
"S4","ENSG00000254275.6","LINC00824","processed_transcript",520,521,1
"S4","ENSG00000155897.9","ADCY8","protein_coding",519,521,2
"S4","ENSG00000254101.5","LINC02055","lincRNA",519,521,2
"S4","ENSG00000137090.11","DMRT1","protein_coding",520,521,1
"S4","ENSG00000120211.4","INSL4","protein_coding",520,521,1
"S4","ENSG00000236924.1","RP11-390F4.6","lincRNA",520,521,1
"S4","ENSG00000270372.1","RP11-109M17.2","lincRNA",510,521,11
"S4","ENSG00000238271.2","IFNWP19","unprocessed_pseudogene",520,521,1
"S4","ENSG00000171889.3","MIR31HG","sense_overlapping",520,521,1
"S4","ENSG00000260412.1","RP11-438B23.2","sense_overlapping",517,521,4
"S4","ENSG00000122711.8","SPINK4","protein_coding",520,521,1
"S4","ENSG00000225380.4","IGKV1OR9-2","IG_V_pseudogene",519,521,2
"S4","ENSG00000275676.1","RP11-101E5.1","lincRNA",519,521,2
"S4","ENSG00000224958.5","PGM5-AS1","antisense",519,521,2
"S4","ENSG00000214888.2","XXyac-YM21GA2.7","antisense",520,521,1
"S4","ENSG00000276535.1","RP11-345K9.3","processed_pseudogene",520,521,1
"S4","ENSG00000230601.6","RP11-402G3.3","protein_coding",520,521,1
"S4","ENSG00000236687.1","RP11-323H21.3","lincRNA",486,521,35
"S4","ENSG00000233936.1","RP11-399H11.2","lincRNA",520,521,1
"S4","ENSG00000237339.5","LINC01502","lincRNA",515,521,6
"S4","ENSG00000283769.1","WI2-1959D15.3","antisense",520,521,1
"S4","ENSG00000204001.9","LCN8","protein_coding",516,521,5
"S4","ENSG00000177984.6","LCN15","protein_coding",518,521,3
"S4","ENSG00000148408.12","CACNA1B","protein_coding",520,521,1
"S4","ENSG00000169933.13","FRMPD4","protein_coding",517,521,4
"S4","ENSG00000224204.1","PHEX-AS1","antisense",520,521,1
"S4","ENSG00000184735.6","DDX53","protein_coding",520,521,1
"S4","ENSG00000099399.5","MAGEB2","protein_coding",513,521,8
"S4","ENSG00000169297.7","NR0B1","protein_coding",517,521,4
"S4","ENSG00000236276.1","NDP-AS1","antisense",520,521,1
"S4","ENSG00000126752.7","SSX1","protein_coding",508,521,13
"S4","ENSG00000205777.17","GAGE1","protein_coding",487,521,34
"S4","ENSG00000068985.4","PAGE1","protein_coding",484,521,37
"S4","ENSG00000274588.1","DGKK","protein_coding",517,521,4
"S4","ENSG00000238269.8","PAGE2B","protein_coding",520,521,1
"S4","ENSG00000234068.6","PAGE2","protein_coding",520,521,1
"S4","ENSG00000147160.9","AWAT2","protein_coding",520,521,1
"S4","ENSG00000215115.6","CXorf49","protein_coding",517,521,4
"S4","ENSG00000204118.1","NAP1L6","protein_coding",520,521,1
"S4","ENSG00000274655.1","XIST_intron","misc_RNA",516,521,5
"S4","ENSG00000277577.1","Xist_exon4","misc_RNA",516,521,5
"S4","ENSG00000278039.1","Xist_exon1","misc_RNA",516,521,5
"S4","ENSG00000126733.20","DACH2","protein_coding",520,521,1
"S4","ENSG00000281566.2","RP11-485F13.1","lincRNA",480,521,41
"S4","ENSG00000269437.6","NXF2B","protein_coding",520,521,1
"S4","ENSG00000261409.1","RP6-24A23.7","sense_overlapping",519,521,2
"S4","ENSG00000133124.11","IRS4","protein_coding",519,521,2
"S4","ENSG00000237863.2","RP6-24A23.3","antisense",519,521,2
"S4","ENSG00000182508.13","LHFPL1","protein_coding",520,521,1
"S4","ENSG00000147246.9","HTR2C","protein_coding",520,521,1
"S4","ENSG00000234493.3","RHOXF1P1","transcribed_unprocessed_pseudogene",515,521,6
"S4","ENSG00000282815.1","TEX13C","protein_coding",511,521,10
"S4","ENSG00000198889.4","DCAF12L1","protein_coding",520,521,1
"S4","ENSG00000268940.5","CT45A1","protein_coding",506,521,15
"S4","ENSG00000269096.6","CT45A3","protein_coding",509,521,12
"S4","ENSG00000269586.7","CT45A10","protein_coding",518,521,3
"S4","ENSG00000165509.13","MAGEC3","protein_coding",519,521,2
"S4","ENSG00000185985.8","SLITRK2","protein_coding",520,521,1
"S4","ENSG00000267978.5","MAGEA9B","protein_coding",520,521,1
"S4","ENSG00000185247.14","MAGEA11","protein_coding",515,521,6
"S4","ENSG00000123584.7","MAGEA9","protein_coding",520,521,1
"S4","ENSG00000229967.1","RP11-366F6.2","antisense",473,521,48
"S4","ENSG00000011677.12","GABRA3","protein_coding",520,521,1
"S4","ENSG00000183305.13","MAGEA2B","protein_coding",520,521,1
"S4","ENSG00000198930.12","CSAG1","protein_coding",520,521,1
"S4","ENSG00000242599.7","CSAG4","transcribed_unprocessed_pseudogene",512,521,9
"S4","ENSG00000268606.5","MAGEA2","protein_coding",518,521,3
"S4","ENSG00000268916.6","CSAG3","protein_coding",519,521,2
"S4","ENSG00000198681.6","MAGEA1","protein_coding",517,521,4
"S4","ENSG00000214897.4","U82695.5","protein_coding",519,521,2
"S4","ENSG00000007350.16","TKTL1","protein_coding",520,521,1
"S4","ENSG00000184033.13","CTAG1B","protein_coding",497,521,24
"S4","ENSG00000126890.13","CTAG2","protein_coding",513,521,8
"S4","ENSG00000233070.1","ZFY-AS1","antisense",516,521,5
"S4","ENSG00000231535.5","LINC00278","lincRNA",516,521,5
"S4","ENSG00000273906.1","RP11-115H13.1","sense_intronic",514,521,7
"S4","ENSG00000092377.13","TBL1Y","protein_coding",519,521,2
"S4","ENSG00000206159.10","GYG2P1","transcribed_unprocessed_pseudogene",517,521,4
"S4","ENSG00000233864.7","TTTY15","lincRNA",516,521,5
"S4","ENSG00000183878.15","UTY","protein_coding",520,521,1
"S4","ENSG00000154620.5","TMSB4Y","protein_coding",520,521,1
"S4","ENSG00000165246.13","NLGN4Y","protein_coding",520,521,1
"S4","ENSG00000230663.1","FAM224B","lincRNA",513,521,8
"S4","ENSG00000233522.1","FAM224A","lincRNA",513,521,8
"S4","ENSG00000176728.7","TTTY14","lincRNA",516,521,5
"S4","ENSG00000215580.10","BCORP1","transcribed_unprocessed_pseudogene",516,521,5
"S4","ENSG00000267793.1","RP11-576C2.1","transcribed_processed_pseudogene",513,521,8
"S4","ENSG00000131002.11","TXLNGY","transcribed_unprocessed_pseudogene",520,521,1
"S4","ENSG00000260197.1","RP11-424G14.1","lincRNA",516,521,5
"S4","ENSG00000012817.15","KDM5D","protein_coding",520,521,1
"S5","ENSG00000120054.11","CPN1","protein_coding",487,553,66
"S5","ENSG00000257062.6","RP11-125O5.2","protein_coding",495,553,58
"S5","ENSG00000257703.5","RP11-328J6.1","lincRNA",545,553,8
"S5","ENSG00000276122.1","RP11-143E21.3","lincRNA",545,553,8
"S5","ENSG00000229609.1","LINC01079","lincRNA",545,553,8
"S5","ENSG00000247381.2","PLUT","antisense",495,553,58
"S5","ENSG00000234854.1","LINC00676","antisense",540,553,13
"S5","ENSG00000258932.5","CTD-3006G17.2","transcribed_processed_pseudogene",540,553,13
"S5","ENSG00000267073.1","AC005256.1","lincRNA",495,553,58
"S5","ENSG00000105205.6","CLC","protein_coding",545,553,8
"S5","ENSG00000109132.6","PHOX2B","protein_coding",540,553,13
"S5","ENSG00000170516.16","COX7B2","protein_coding",532,553,21
"S5","ENSG00000246876.6","RP11-519M16.1","lincRNA",485,553,68
"S5","ENSG00000250590.5","RP11-565A3.2","lincRNA",495,553,58
"S5","ENSG00000250060.1","RP11-332J15.2","lincRNA",532,553,21
"S5","ENSG00000248783.1","RP11-308B16.2","lincRNA",540,553,13
"S5","ENSG00000253363.5","RP11-962G15.1","lincRNA",538,553,15
"S5","ENSG00000215262.7","KCNU1","protein_coding",540,553,13
"S5","ENSG00000176566.4","DCAF4L2","protein_coding",519,553,34
"S5","ENSG00000236687.1","RP11-323H21.3","lincRNA",540,553,13
"S5","ENSG00000068985.4","PAGE1","protein_coding",545,553,8
"S5","ENSG00000281566.2","RP11-485F13.1","lincRNA",532,553,21
