EnsemblID,component_id,component_version,component_record_or_profile_id,feature_id,feature_name,claim_id,evidence_record_id,source_id,source_version,snapshot_id,artifact_id,artifact_sha256,dependency_id,dependency_level,dependency_relationship_types,extraction_rule_id,extractor_version,missingness_status,source_dataset,source_record_id,raw_record_id,claim_resolution_status,evidence_record_resolution_status,provenance_origin_path,presentation_disclaimer
ENSG00000099953.9,COMP_TRANSCRIPTOMIC_EVIDENCE,COMP_TRANSCRIPTOMIC_EVIDENCE_V0.1,PRF_246FFF2A7A858BCB9C531CB2,FTR_3C38E138B59C75921FF1283F,transcriptomic_record_available,CLM_645310436BB08D3DBBFD1C6A,REC_0EECFF585907F97C3C1A314E,SRC_PROJECT_DE_ROBUSTNESS,PRIMARY_S0_AND_SENSITIVITY_S1-S6_V0.1,TASK026_TRANSCRIPTOMIC_FEATURES_SHA256_4014469439ff14d27c451a356cf7711daa7a5331c58326eced2cf96edb298844,ART_TASK012_INTEGRATED_TARGET_REGISTRY,0587fc6901267b18c8144644571f89ac2cc46053b57ea5def4093795fdbc4c26,DEP_9DBAB5AB013392BCF63FF3EC,DEPENDENT,SHARED_DATASET,TXR_TRANSCRIPT_RECORD_AVAILABLE_V0_1,TRANSCRIPTOMIC_FEATURE_EXTRACTOR_V0.1,OBSERVED,TASK012_INTEGRATED_TARGET_REGISTRY,TASK012::ENSG00000099953.9::TRANSCRIPT_ROBUSTNESS,NOT_APPLICABLE,RESOLVED_TASK014_CLAIM_REGISTRY,RESOLVED_TASK014_RECORD_REGISTRY,outputs/profile_release_candidate_v0.1/provenance/p16/profile_provenance_links.csv,"MMP11 is used as an illustrative biological worked example for scientific communication. Its inclusion is not the result of a project-level therapeutic target ranking, scoring, or recommendation procedure."
ENSG00000099953.9,COMP_TRANSCRIPTOMIC_EVIDENCE,COMP_TRANSCRIPTOMIC_EVIDENCE_V0.1,PRF_246FFF2A7A858BCB9C531CB2,FTR_3C38E138B59C75921FF1283F,transcriptomic_record_available,CLM_645310436BB08D3DBBFD1C6A,REC_1FDB3CAEC78761B6CDAC13A2,SRC_PROJECT_DE_ROBUSTNESS,PRIMARY_S0_AND_SENSITIVITY_S1-S6_V0.1,TASK026_TRANSCRIPTOMIC_FEATURES_SHA256_4014469439ff14d27c451a356cf7711daa7a5331c58326eced2cf96edb298844,ART_TASK012_INTEGRATED_TARGET_REGISTRY,0587fc6901267b18c8144644571f89ac2cc46053b57ea5def4093795fdbc4c26,DEP_9DBAB5AB013392BCF63FF3EC,DEPENDENT,SHARED_DATASET,TXR_TRANSCRIPT_RECORD_AVAILABLE_V0_1,TRANSCRIPTOMIC_FEATURE_EXTRACTOR_V0.1,OBSERVED,TASK012_INTEGRATED_TARGET_REGISTRY,TASK012::ENSG00000099953.9::TRANSCRIPT_PRIMARY,NOT_APPLICABLE,RESOLVED_TASK014_CLAIM_REGISTRY,RESOLVED_TASK014_RECORD_REGISTRY,outputs/profile_release_candidate_v0.1/provenance/p16/profile_provenance_links.csv,"MMP11 is used as an illustrative biological worked example for scientific communication. Its inclusion is not the result of a project-level therapeutic target ranking, scoring, or recommendation procedure."
ENSG00000099953.9,COMP_TRANSCRIPTOMIC_EVIDENCE,COMP_TRANSCRIPTOMIC_EVIDENCE_V0.1,PRF_246FFF2A7A858BCB9C531CB2,FTR_9AFC7A56C59145B76A2658C7,primary_DE_result_available,CLM_645310436BB08D3DBBFD1C6A,REC_1FDB3CAEC78761B6CDAC13A2,SRC_PROJECT_DE_ROBUSTNESS,PRIMARY_S0_AND_SENSITIVITY_S1-S6_V0.1,TASK026_TRANSCRIPTOMIC_FEATURES_SHA256_4014469439ff14d27c451a356cf7711daa7a5331c58326eced2cf96edb298844,ART_TASK012_INTEGRATED_TARGET_REGISTRY,0587fc6901267b18c8144644571f89ac2cc46053b57ea5def4093795fdbc4c26,NOT_APPLICABLE,NOT_APPLICABLE,NOT_APPLICABLE,TXR_PRIMARY_RESULT_AVAILABLE_V0_1,TRANSCRIPTOMIC_FEATURE_EXTRACTOR_V0.1,OBSERVED,TASK012_INTEGRATED_TARGET_REGISTRY,TASK012::ENSG00000099953.9::TRANSCRIPT_PRIMARY,NOT_APPLICABLE,RESOLVED_TASK014_CLAIM_REGISTRY,RESOLVED_TASK014_RECORD_REGISTRY,outputs/profile_release_candidate_v0.1/provenance/p16/profile_provenance_links.csv,"MMP11 is used as an illustrative biological worked example for scientific communication. Its inclusion is not the result of a project-level therapeutic target ranking, scoring, or recommendation procedure."
ENSG00000099953.9,COMP_TRANSCRIPTOMIC_EVIDENCE,COMP_TRANSCRIPTOMIC_EVIDENCE_V0.1,PRF_246FFF2A7A858BCB9C531CB2,FTR_548F8C3816774DCCEF7570EF,sensitivity_results_available,CLM_645310436BB08D3DBBFD1C6A,REC_0EECFF585907F97C3C1A314E,SRC_PROJECT_DE_ROBUSTNESS,PRIMARY_S0_AND_SENSITIVITY_S1-S6_V0.1,TASK026_TRANSCRIPTOMIC_FEATURES_SHA256_4014469439ff14d27c451a356cf7711daa7a5331c58326eced2cf96edb298844,ART_TASK012_INTEGRATED_TARGET_REGISTRY,0587fc6901267b18c8144644571f89ac2cc46053b57ea5def4093795fdbc4c26,NOT_APPLICABLE,NOT_APPLICABLE,NOT_APPLICABLE,TXR_SENSITIVITY_RESULTS_AVAILABLE_V0_1,TRANSCRIPTOMIC_FEATURE_EXTRACTOR_V0.1,OBSERVED,TASK012_INTEGRATED_TARGET_REGISTRY,TASK012::ENSG00000099953.9::TRANSCRIPT_ROBUSTNESS,NOT_APPLICABLE,RESOLVED_TASK014_CLAIM_REGISTRY,RESOLVED_TASK014_RECORD_REGISTRY,outputs/profile_release_candidate_v0.1/provenance/p16/profile_provenance_links.csv,"MMP11 is used as an illustrative biological worked example for scientific communication. Its inclusion is not the result of a project-level therapeutic target ranking, scoring, or recommendation procedure."
ENSG00000099953.9,COMP_TRANSCRIPTOMIC_EVIDENCE,COMP_TRANSCRIPTOMIC_EVIDENCE_V0.1,PRF_246FFF2A7A858BCB9C531CB2,FTR_1B6D9E72CEAD05F498B8A765,effect_direction_observed,CLM_645310436BB08D3DBBFD1C6A,REC_1FDB3CAEC78761B6CDAC13A2,SRC_PROJECT_DE_ROBUSTNESS,PRIMARY_S0_AND_SENSITIVITY_S1-S6_V0.1,TASK026_TRANSCRIPTOMIC_FEATURES_SHA256_4014469439ff14d27c451a356cf7711daa7a5331c58326eced2cf96edb298844,ART_TASK012_INTEGRATED_TARGET_REGISTRY,0587fc6901267b18c8144644571f89ac2cc46053b57ea5def4093795fdbc4c26,NOT_APPLICABLE,NOT_APPLICABLE,NOT_APPLICABLE,TXR_PRIMARY_EFFECT_DIRECTION_V0_1,TRANSCRIPTOMIC_FEATURE_EXTRACTOR_V0.1,OBSERVED,TASK012_INTEGRATED_TARGET_REGISTRY,TASK012::ENSG00000099953.9::TRANSCRIPT_PRIMARY,NOT_APPLICABLE,RESOLVED_TASK014_CLAIM_REGISTRY,RESOLVED_TASK014_RECORD_REGISTRY,outputs/profile_release_candidate_v0.1/provenance/p16/profile_provenance_links.csv,"MMP11 is used as an illustrative biological worked example for scientific communication. Its inclusion is not the result of a project-level therapeutic target ranking, scoring, or recommendation procedure."
ENSG00000099953.9,COMP_TRANSCRIPTOMIC_EVIDENCE,COMP_TRANSCRIPTOMIC_EVIDENCE_V0.1,PRF_246FFF2A7A858BCB9C531CB2,FTR_98080A170A66ED9B5B4A9442,fdr_threshold_version,CLM_645310436BB08D3DBBFD1C6A,REC_1FDB3CAEC78761B6CDAC13A2,SRC_PROJECT_DE_ROBUSTNESS,PRIMARY_S0_AND_SENSITIVITY_S1-S6_V0.1,TASK026_TRANSCRIPTOMIC_FEATURES_SHA256_4014469439ff14d27c451a356cf7711daa7a5331c58326eced2cf96edb298844,ART_TASK012_INTEGRATED_TARGET_REGISTRY,0587fc6901267b18c8144644571f89ac2cc46053b57ea5def4093795fdbc4c26,NOT_APPLICABLE,NOT_APPLICABLE,NOT_APPLICABLE,TXR_FDR_THRESHOLD_VERSION_V0_1,TRANSCRIPTOMIC_FEATURE_EXTRACTOR_V0.1,OBSERVED,TASK012_INTEGRATED_TARGET_REGISTRY,TASK012::ENSG00000099953.9::TRANSCRIPT_PRIMARY,NOT_APPLICABLE,RESOLVED_TASK014_CLAIM_REGISTRY,RESOLVED_TASK014_RECORD_REGISTRY,outputs/profile_release_candidate_v0.1/provenance/p16/profile_provenance_links.csv,"MMP11 is used as an illustrative biological worked example for scientific communication. Its inclusion is not the result of a project-level therapeutic target ranking, scoring, or recommendation procedure."
ENSG00000099953.9,COMP_TRANSCRIPTOMIC_EVIDENCE,COMP_TRANSCRIPTOMIC_EVIDENCE_V0.1,PRF_246FFF2A7A858BCB9C531CB2,FTR_1FDE9A44E6DBD303ABC518ED,fdr_pass_status,CLM_645310436BB08D3DBBFD1C6A,REC_1FDB3CAEC78761B6CDAC13A2,SRC_PROJECT_DE_ROBUSTNESS,PRIMARY_S0_AND_SENSITIVITY_S1-S6_V0.1,TASK026_TRANSCRIPTOMIC_FEATURES_SHA256_4014469439ff14d27c451a356cf7711daa7a5331c58326eced2cf96edb298844,ART_TASK012_INTEGRATED_TARGET_REGISTRY,0587fc6901267b18c8144644571f89ac2cc46053b57ea5def4093795fdbc4c26,NOT_APPLICABLE,NOT_APPLICABLE,NOT_APPLICABLE,TXR_FDR_PASS_STATUS_V0_1,TRANSCRIPTOMIC_FEATURE_EXTRACTOR_V0.1,OBSERVED,TASK012_INTEGRATED_TARGET_REGISTRY,TASK012::ENSG00000099953.9::TRANSCRIPT_PRIMARY,NOT_APPLICABLE,RESOLVED_TASK014_CLAIM_REGISTRY,RESOLVED_TASK014_RECORD_REGISTRY,outputs/profile_release_candidate_v0.1/provenance/p16/profile_provenance_links.csv,"MMP11 is used as an illustrative biological worked example for scientific communication. Its inclusion is not the result of a project-level therapeutic target ranking, scoring, or recommendation procedure."
ENSG00000099953.9,COMP_TRANSCRIPTOMIC_EVIDENCE,COMP_TRANSCRIPTOMIC_EVIDENCE_V0.1,PRF_246FFF2A7A858BCB9C531CB2,FTR_6FC86F75AC1BC80EDC2E6B96,effect_threshold_version,CLM_645310436BB08D3DBBFD1C6A,REC_1FDB3CAEC78761B6CDAC13A2,SRC_PROJECT_DE_ROBUSTNESS,PRIMARY_S0_AND_SENSITIVITY_S1-S6_V0.1,TASK026_TRANSCRIPTOMIC_FEATURES_SHA256_4014469439ff14d27c451a356cf7711daa7a5331c58326eced2cf96edb298844,ART_TASK012_INTEGRATED_TARGET_REGISTRY,0587fc6901267b18c8144644571f89ac2cc46053b57ea5def4093795fdbc4c26,NOT_APPLICABLE,NOT_APPLICABLE,NOT_APPLICABLE,TXR_EFFECT_THRESHOLD_VERSION_V0_1,TRANSCRIPTOMIC_FEATURE_EXTRACTOR_V0.1,OBSERVED,TASK012_INTEGRATED_TARGET_REGISTRY,TASK012::ENSG00000099953.9::TRANSCRIPT_PRIMARY,NOT_APPLICABLE,RESOLVED_TASK014_CLAIM_REGISTRY,RESOLVED_TASK014_RECORD_REGISTRY,outputs/profile_release_candidate_v0.1/provenance/p16/profile_provenance_links.csv,"MMP11 is used as an illustrative biological worked example for scientific communication. Its inclusion is not the result of a project-level therapeutic target ranking, scoring, or recommendation procedure."
ENSG00000099953.9,COMP_TRANSCRIPTOMIC_EVIDENCE,COMP_TRANSCRIPTOMIC_EVIDENCE_V0.1,PRF_246FFF2A7A858BCB9C531CB2,FTR_161B34461051AFB8D99ECEC7,effect_threshold_status,CLM_645310436BB08D3DBBFD1C6A,REC_1FDB3CAEC78761B6CDAC13A2,SRC_PROJECT_DE_ROBUSTNESS,PRIMARY_S0_AND_SENSITIVITY_S1-S6_V0.1,TASK026_TRANSCRIPTOMIC_FEATURES_SHA256_4014469439ff14d27c451a356cf7711daa7a5331c58326eced2cf96edb298844,ART_TASK012_INTEGRATED_TARGET_REGISTRY,0587fc6901267b18c8144644571f89ac2cc46053b57ea5def4093795fdbc4c26,NOT_APPLICABLE,NOT_APPLICABLE,NOT_APPLICABLE,TXR_EFFECT_THRESHOLD_STATUS_V0_1,TRANSCRIPTOMIC_FEATURE_EXTRACTOR_V0.1,OBSERVED,TASK012_INTEGRATED_TARGET_REGISTRY,TASK012::ENSG00000099953.9::TRANSCRIPT_PRIMARY,NOT_APPLICABLE,RESOLVED_TASK014_CLAIM_REGISTRY,RESOLVED_TASK014_RECORD_REGISTRY,outputs/profile_release_candidate_v0.1/provenance/p16/profile_provenance_links.csv,"MMP11 is used as an illustrative biological worked example for scientific communication. Its inclusion is not the result of a project-level therapeutic target ranking, scoring, or recommendation procedure."
ENSG00000099953.9,COMP_TRANSCRIPTOMIC_EVIDENCE,COMP_TRANSCRIPTOMIC_EVIDENCE_V0.1,PRF_246FFF2A7A858BCB9C531CB2,FTR_514EE31B51E76252145191DD,sensitivity_model_count_available,CLM_645310436BB08D3DBBFD1C6A,REC_0EECFF585907F97C3C1A314E,SRC_PROJECT_DE_ROBUSTNESS,PRIMARY_S0_AND_SENSITIVITY_S1-S6_V0.1,TASK026_TRANSCRIPTOMIC_FEATURES_SHA256_4014469439ff14d27c451a356cf7711daa7a5331c58326eced2cf96edb298844,ART_TASK012_INTEGRATED_TARGET_REGISTRY,0587fc6901267b18c8144644571f89ac2cc46053b57ea5def4093795fdbc4c26,NOT_APPLICABLE,NOT_APPLICABLE,NOT_APPLICABLE,TXR_SENSITIVITY_MODEL_COUNT_V0_1,TRANSCRIPTOMIC_FEATURE_EXTRACTOR_V0.1,OBSERVED,TASK012_INTEGRATED_TARGET_REGISTRY,TASK012::ENSG00000099953.9::TRANSCRIPT_ROBUSTNESS,NOT_APPLICABLE,RESOLVED_TASK014_CLAIM_REGISTRY,RESOLVED_TASK014_RECORD_REGISTRY,outputs/profile_release_candidate_v0.1/provenance/p16/profile_provenance_links.csv,"MMP11 is used as an illustrative biological worked example for scientific communication. Its inclusion is not the result of a project-level therapeutic target ranking, scoring, or recommendation procedure."
ENSG00000099953.9,COMP_TRANSCRIPTOMIC_EVIDENCE,COMP_TRANSCRIPTOMIC_EVIDENCE_V0.1,PRF_246FFF2A7A858BCB9C531CB2,FTR_3956DE4B23C204899F77A48D,sensitivity_direction_pattern,CLM_645310436BB08D3DBBFD1C6A,REC_0EECFF585907F97C3C1A314E,SRC_PROJECT_DE_ROBUSTNESS,PRIMARY_S0_AND_SENSITIVITY_S1-S6_V0.1,TASK026_TRANSCRIPTOMIC_FEATURES_SHA256_4014469439ff14d27c451a356cf7711daa7a5331c58326eced2cf96edb298844,ART_TASK012_INTEGRATED_TARGET_REGISTRY,0587fc6901267b18c8144644571f89ac2cc46053b57ea5def4093795fdbc4c26,NOT_APPLICABLE,NOT_APPLICABLE,NOT_APPLICABLE,TXR_SENSITIVITY_DIRECTION_PATTERN_V0_1,TRANSCRIPTOMIC_FEATURE_EXTRACTOR_V0.1,OBSERVED,TASK012_INTEGRATED_TARGET_REGISTRY,TASK012::ENSG00000099953.9::TRANSCRIPT_ROBUSTNESS,NOT_APPLICABLE,RESOLVED_TASK014_CLAIM_REGISTRY,RESOLVED_TASK014_RECORD_REGISTRY,outputs/profile_release_candidate_v0.1/provenance/p16/profile_provenance_links.csv,"MMP11 is used as an illustrative biological worked example for scientific communication. Its inclusion is not the result of a project-level therapeutic target ranking, scoring, or recommendation procedure."
ENSG00000099953.9,COMP_TRANSCRIPTOMIC_EVIDENCE,COMP_TRANSCRIPTOMIC_EVIDENCE_V0.1,PRF_246FFF2A7A858BCB9C531CB2,FTR_DEB3864E845651E1866FE67C,sensitivity_consistency_category,CLM_645310436BB08D3DBBFD1C6A,REC_0EECFF585907F97C3C1A314E,SRC_PROJECT_DE_ROBUSTNESS,PRIMARY_S0_AND_SENSITIVITY_S1-S6_V0.1,TASK026_TRANSCRIPTOMIC_FEATURES_SHA256_4014469439ff14d27c451a356cf7711daa7a5331c58326eced2cf96edb298844,ART_TASK012_INTEGRATED_TARGET_REGISTRY,0587fc6901267b18c8144644571f89ac2cc46053b57ea5def4093795fdbc4c26,DEP_9DBAB5AB013392BCF63FF3EC,DEPENDENT,SHARED_DATASET,TXR_SENSITIVITY_CONSISTENCY_V0_1,TRANSCRIPTOMIC_FEATURE_EXTRACTOR_V0.1,OBSERVED,TASK012_INTEGRATED_TARGET_REGISTRY,TASK012::ENSG00000099953.9::TRANSCRIPT_ROBUSTNESS,NOT_APPLICABLE,RESOLVED_TASK014_CLAIM_REGISTRY,RESOLVED_TASK014_RECORD_REGISTRY,outputs/profile_release_candidate_v0.1/provenance/p16/profile_provenance_links.csv,"MMP11 is used as an illustrative biological worked example for scientific communication. Its inclusion is not the result of a project-level therapeutic target ranking, scoring, or recommendation procedure."
ENSG00000099953.9,COMP_TRANSCRIPTOMIC_EVIDENCE,COMP_TRANSCRIPTOMIC_EVIDENCE_V0.1,PRF_246FFF2A7A858BCB9C531CB2,FTR_DEB3864E845651E1866FE67C,sensitivity_consistency_category,CLM_645310436BB08D3DBBFD1C6A,REC_1FDB3CAEC78761B6CDAC13A2,SRC_PROJECT_DE_ROBUSTNESS,PRIMARY_S0_AND_SENSITIVITY_S1-S6_V0.1,TASK026_TRANSCRIPTOMIC_FEATURES_SHA256_4014469439ff14d27c451a356cf7711daa7a5331c58326eced2cf96edb298844,ART_TASK012_INTEGRATED_TARGET_REGISTRY,0587fc6901267b18c8144644571f89ac2cc46053b57ea5def4093795fdbc4c26,DEP_9DBAB5AB013392BCF63FF3EC,DEPENDENT,SHARED_DATASET,TXR_SENSITIVITY_CONSISTENCY_V0_1,TRANSCRIPTOMIC_FEATURE_EXTRACTOR_V0.1,OBSERVED,TASK012_INTEGRATED_TARGET_REGISTRY,TASK012::ENSG00000099953.9::TRANSCRIPT_PRIMARY,NOT_APPLICABLE,RESOLVED_TASK014_CLAIM_REGISTRY,RESOLVED_TASK014_RECORD_REGISTRY,outputs/profile_release_candidate_v0.1/provenance/p16/profile_provenance_links.csv,"MMP11 is used as an illustrative biological worked example for scientific communication. Its inclusion is not the result of a project-level therapeutic target ranking, scoring, or recommendation procedure."
ENSG00000099953.9,COMP_TRANSCRIPTOMIC_EVIDENCE,COMP_TRANSCRIPTOMIC_EVIDENCE_V0.1,PRF_246FFF2A7A858BCB9C531CB2,FTR_A1C098C6A2B56E01DBBF27E2,identity_conflict_count,CLM_645310436BB08D3DBBFD1C6A,REC_0EECFF585907F97C3C1A314E,SRC_PROJECT_DE_ROBUSTNESS,PRIMARY_S0_AND_SENSITIVITY_S1-S6_V0.1,TASK026_TRANSCRIPTOMIC_FEATURES_SHA256_4014469439ff14d27c451a356cf7711daa7a5331c58326eced2cf96edb298844,ART_TASK012_INTEGRATED_TARGET_REGISTRY,0587fc6901267b18c8144644571f89ac2cc46053b57ea5def4093795fdbc4c26,DEP_9DBAB5AB013392BCF63FF3EC,DEPENDENT,SHARED_DATASET,TXR_IDENTITY_CONFLICT_COUNT_V0_1,TRANSCRIPTOMIC_FEATURE_EXTRACTOR_V0.1,OBSERVED,TASK012_INTEGRATED_TARGET_REGISTRY,TASK012::ENSG00000099953.9::TRANSCRIPT_ROBUSTNESS,NOT_APPLICABLE,RESOLVED_TASK014_CLAIM_REGISTRY,RESOLVED_TASK014_RECORD_REGISTRY,outputs/profile_release_candidate_v0.1/provenance/p16/profile_provenance_links.csv,"MMP11 is used as an illustrative biological worked example for scientific communication. Its inclusion is not the result of a project-level therapeutic target ranking, scoring, or recommendation procedure."
ENSG00000099953.9,COMP_TRANSCRIPTOMIC_EVIDENCE,COMP_TRANSCRIPTOMIC_EVIDENCE_V0.1,PRF_246FFF2A7A858BCB9C531CB2,FTR_A1C098C6A2B56E01DBBF27E2,identity_conflict_count,CLM_645310436BB08D3DBBFD1C6A,REC_1FDB3CAEC78761B6CDAC13A2,SRC_PROJECT_DE_ROBUSTNESS,PRIMARY_S0_AND_SENSITIVITY_S1-S6_V0.1,TASK026_TRANSCRIPTOMIC_FEATURES_SHA256_4014469439ff14d27c451a356cf7711daa7a5331c58326eced2cf96edb298844,ART_TASK012_INTEGRATED_TARGET_REGISTRY,0587fc6901267b18c8144644571f89ac2cc46053b57ea5def4093795fdbc4c26,DEP_9DBAB5AB013392BCF63FF3EC,DEPENDENT,SHARED_DATASET,TXR_IDENTITY_CONFLICT_COUNT_V0_1,TRANSCRIPTOMIC_FEATURE_EXTRACTOR_V0.1,OBSERVED,TASK012_INTEGRATED_TARGET_REGISTRY,TASK012::ENSG00000099953.9::TRANSCRIPT_PRIMARY,NOT_APPLICABLE,RESOLVED_TASK014_CLAIM_REGISTRY,RESOLVED_TASK014_RECORD_REGISTRY,outputs/profile_release_candidate_v0.1/provenance/p16/profile_provenance_links.csv,"MMP11 is used as an illustrative biological worked example for scientific communication. Its inclusion is not the result of a project-level therapeutic target ranking, scoring, or recommendation procedure."
ENSG00000099953.9,COMP_TRANSCRIPTOMIC_EVIDENCE,COMP_TRANSCRIPTOMIC_EVIDENCE_V0.1,PRF_246FFF2A7A858BCB9C531CB2,FTR_5A452EBCC6C1D4D3A42BD6D1,provenance_complete,CLM_645310436BB08D3DBBFD1C6A,REC_0EECFF585907F97C3C1A314E,SRC_PROJECT_DE_ROBUSTNESS,PRIMARY_S0_AND_SENSITIVITY_S1-S6_V0.1,TASK026_TRANSCRIPTOMIC_FEATURES_SHA256_4014469439ff14d27c451a356cf7711daa7a5331c58326eced2cf96edb298844,ART_TASK012_INTEGRATED_TARGET_REGISTRY,0587fc6901267b18c8144644571f89ac2cc46053b57ea5def4093795fdbc4c26,DEP_9DBAB5AB013392BCF63FF3EC,DEPENDENT,SHARED_DATASET,TXR_PROVENANCE_COMPLETE_V0_1,TRANSCRIPTOMIC_FEATURE_EXTRACTOR_V0.1,OBSERVED,TASK012_INTEGRATED_TARGET_REGISTRY,TASK012::ENSG00000099953.9::TRANSCRIPT_ROBUSTNESS,NOT_APPLICABLE,RESOLVED_TASK014_CLAIM_REGISTRY,RESOLVED_TASK014_RECORD_REGISTRY,outputs/profile_release_candidate_v0.1/provenance/p16/profile_provenance_links.csv,"MMP11 is used as an illustrative biological worked example for scientific communication. Its inclusion is not the result of a project-level therapeutic target ranking, scoring, or recommendation procedure."
ENSG00000099953.9,COMP_TRANSCRIPTOMIC_EVIDENCE,COMP_TRANSCRIPTOMIC_EVIDENCE_V0.1,PRF_246FFF2A7A858BCB9C531CB2,FTR_5A452EBCC6C1D4D3A42BD6D1,provenance_complete,CLM_645310436BB08D3DBBFD1C6A,REC_1FDB3CAEC78761B6CDAC13A2,SRC_PROJECT_DE_ROBUSTNESS,PRIMARY_S0_AND_SENSITIVITY_S1-S6_V0.1,TASK026_TRANSCRIPTOMIC_FEATURES_SHA256_4014469439ff14d27c451a356cf7711daa7a5331c58326eced2cf96edb298844,ART_TASK012_INTEGRATED_TARGET_REGISTRY,0587fc6901267b18c8144644571f89ac2cc46053b57ea5def4093795fdbc4c26,DEP_9DBAB5AB013392BCF63FF3EC,DEPENDENT,SHARED_DATASET,TXR_PROVENANCE_COMPLETE_V0_1,TRANSCRIPTOMIC_FEATURE_EXTRACTOR_V0.1,OBSERVED,TASK012_INTEGRATED_TARGET_REGISTRY,TASK012::ENSG00000099953.9::TRANSCRIPT_PRIMARY,NOT_APPLICABLE,RESOLVED_TASK014_CLAIM_REGISTRY,RESOLVED_TASK014_RECORD_REGISTRY,outputs/profile_release_candidate_v0.1/provenance/p16/profile_provenance_links.csv,"MMP11 is used as an illustrative biological worked example for scientific communication. Its inclusion is not the result of a project-level therapeutic target ranking, scoring, or recommendation procedure."
ENSG00000099953.9,COMP_TRANSCRIPTOMIC_EVIDENCE,COMP_TRANSCRIPTOMIC_EVIDENCE_V0.1,PRF_246FFF2A7A858BCB9C531CB2,FTR_790F0FF23834B81002E45A1D,transcript_conflict_count,CLM_645310436BB08D3DBBFD1C6A,REC_0EECFF585907F97C3C1A314E,SRC_PROJECT_DE_ROBUSTNESS,PRIMARY_S0_AND_SENSITIVITY_S1-S6_V0.1,TASK026_TRANSCRIPTOMIC_FEATURES_SHA256_4014469439ff14d27c451a356cf7711daa7a5331c58326eced2cf96edb298844,ART_TASK012_INTEGRATED_TARGET_REGISTRY,0587fc6901267b18c8144644571f89ac2cc46053b57ea5def4093795fdbc4c26,DEP_9DBAB5AB013392BCF63FF3EC,DEPENDENT,SHARED_DATASET,TXR_TRANSCRIPT_CONFLICT_COUNT_V0_1,TRANSCRIPTOMIC_FEATURE_EXTRACTOR_V0.1,OBSERVED,TASK012_INTEGRATED_TARGET_REGISTRY,TASK012::ENSG00000099953.9::TRANSCRIPT_ROBUSTNESS,NOT_APPLICABLE,RESOLVED_TASK014_CLAIM_REGISTRY,RESOLVED_TASK014_RECORD_REGISTRY,outputs/profile_release_candidate_v0.1/provenance/p16/profile_provenance_links.csv,"MMP11 is used as an illustrative biological worked example for scientific communication. Its inclusion is not the result of a project-level therapeutic target ranking, scoring, or recommendation procedure."
ENSG00000099953.9,COMP_TRANSCRIPTOMIC_EVIDENCE,COMP_TRANSCRIPTOMIC_EVIDENCE_V0.1,PRF_246FFF2A7A858BCB9C531CB2,FTR_790F0FF23834B81002E45A1D,transcript_conflict_count,CLM_645310436BB08D3DBBFD1C6A,REC_1FDB3CAEC78761B6CDAC13A2,SRC_PROJECT_DE_ROBUSTNESS,PRIMARY_S0_AND_SENSITIVITY_S1-S6_V0.1,TASK026_TRANSCRIPTOMIC_FEATURES_SHA256_4014469439ff14d27c451a356cf7711daa7a5331c58326eced2cf96edb298844,ART_TASK012_INTEGRATED_TARGET_REGISTRY,0587fc6901267b18c8144644571f89ac2cc46053b57ea5def4093795fdbc4c26,DEP_9DBAB5AB013392BCF63FF3EC,DEPENDENT,SHARED_DATASET,TXR_TRANSCRIPT_CONFLICT_COUNT_V0_1,TRANSCRIPTOMIC_FEATURE_EXTRACTOR_V0.1,OBSERVED,TASK012_INTEGRATED_TARGET_REGISTRY,TASK012::ENSG00000099953.9::TRANSCRIPT_PRIMARY,NOT_APPLICABLE,RESOLVED_TASK014_CLAIM_REGISTRY,RESOLVED_TASK014_RECORD_REGISTRY,outputs/profile_release_candidate_v0.1/provenance/p16/profile_provenance_links.csv,"MMP11 is used as an illustrative biological worked example for scientific communication. Its inclusion is not the result of a project-level therapeutic target ranking, scoring, or recommendation procedure."
ENSG00000099953.9,COMP_TRANSCRIPTOMIC_EVIDENCE,COMP_TRANSCRIPTOMIC_EVIDENCE_V0.1,PRF_246FFF2A7A858BCB9C531CB2,FTR_66A2B2C425B0F847C9F9F110,transcript_qualifying_record_count,CLM_645310436BB08D3DBBFD1C6A,REC_0EECFF585907F97C3C1A314E,SRC_PROJECT_DE_ROBUSTNESS,PRIMARY_S0_AND_SENSITIVITY_S1-S6_V0.1,TASK026_TRANSCRIPTOMIC_FEATURES_SHA256_4014469439ff14d27c451a356cf7711daa7a5331c58326eced2cf96edb298844,ART_TASK012_INTEGRATED_TARGET_REGISTRY,0587fc6901267b18c8144644571f89ac2cc46053b57ea5def4093795fdbc4c26,DEP_9DBAB5AB013392BCF63FF3EC,DEPENDENT,SHARED_DATASET,TXR_TRANSCRIPT_QUALIFYING_RECORD_COUNT_V0_1,TRANSCRIPTOMIC_FEATURE_EXTRACTOR_V0.1,OBSERVED,TASK012_INTEGRATED_TARGET_REGISTRY,TASK012::ENSG00000099953.9::TRANSCRIPT_ROBUSTNESS,NOT_APPLICABLE,RESOLVED_TASK014_CLAIM_REGISTRY,RESOLVED_TASK014_RECORD_REGISTRY,outputs/profile_release_candidate_v0.1/provenance/p16/profile_provenance_links.csv,"MMP11 is used as an illustrative biological worked example for scientific communication. Its inclusion is not the result of a project-level therapeutic target ranking, scoring, or recommendation procedure."
ENSG00000099953.9,COMP_TRANSCRIPTOMIC_EVIDENCE,COMP_TRANSCRIPTOMIC_EVIDENCE_V0.1,PRF_246FFF2A7A858BCB9C531CB2,FTR_66A2B2C425B0F847C9F9F110,transcript_qualifying_record_count,CLM_645310436BB08D3DBBFD1C6A,REC_1FDB3CAEC78761B6CDAC13A2,SRC_PROJECT_DE_ROBUSTNESS,PRIMARY_S0_AND_SENSITIVITY_S1-S6_V0.1,TASK026_TRANSCRIPTOMIC_FEATURES_SHA256_4014469439ff14d27c451a356cf7711daa7a5331c58326eced2cf96edb298844,ART_TASK012_INTEGRATED_TARGET_REGISTRY,0587fc6901267b18c8144644571f89ac2cc46053b57ea5def4093795fdbc4c26,DEP_9DBAB5AB013392BCF63FF3EC,DEPENDENT,SHARED_DATASET,TXR_TRANSCRIPT_QUALIFYING_RECORD_COUNT_V0_1,TRANSCRIPTOMIC_FEATURE_EXTRACTOR_V0.1,OBSERVED,TASK012_INTEGRATED_TARGET_REGISTRY,TASK012::ENSG00000099953.9::TRANSCRIPT_PRIMARY,NOT_APPLICABLE,RESOLVED_TASK014_CLAIM_REGISTRY,RESOLVED_TASK014_RECORD_REGISTRY,outputs/profile_release_candidate_v0.1/provenance/p16/profile_provenance_links.csv,"MMP11 is used as an illustrative biological worked example for scientific communication. Its inclusion is not the result of a project-level therapeutic target ranking, scoring, or recommendation procedure."
ENSG00000099953.9,COMP_TRANSCRIPTOMIC_EVIDENCE,COMP_TRANSCRIPTOMIC_EVIDENCE_V0.1,PRF_246FFF2A7A858BCB9C531CB2,FTR_4D14FCBB4306DDEC54F3BD5D,transcript_observed_context_complete,CLM_645310436BB08D3DBBFD1C6A,REC_0EECFF585907F97C3C1A314E,SRC_PROJECT_DE_ROBUSTNESS,PRIMARY_S0_AND_SENSITIVITY_S1-S6_V0.1,TASK026_TRANSCRIPTOMIC_FEATURES_SHA256_4014469439ff14d27c451a356cf7711daa7a5331c58326eced2cf96edb298844,ART_TASK012_INTEGRATED_TARGET_REGISTRY,0587fc6901267b18c8144644571f89ac2cc46053b57ea5def4093795fdbc4c26,DEP_9DBAB5AB013392BCF63FF3EC,DEPENDENT,SHARED_DATASET,TXR_TRANSCRIPT_CONTEXT_COMPLETE_V0_1,TRANSCRIPTOMIC_FEATURE_EXTRACTOR_V0.1,OBSERVED,TASK012_INTEGRATED_TARGET_REGISTRY,TASK012::ENSG00000099953.9::TRANSCRIPT_ROBUSTNESS,NOT_APPLICABLE,RESOLVED_TASK014_CLAIM_REGISTRY,RESOLVED_TASK014_RECORD_REGISTRY,outputs/profile_release_candidate_v0.1/provenance/p16/profile_provenance_links.csv,"MMP11 is used as an illustrative biological worked example for scientific communication. Its inclusion is not the result of a project-level therapeutic target ranking, scoring, or recommendation procedure."
ENSG00000099953.9,COMP_TRANSCRIPTOMIC_EVIDENCE,COMP_TRANSCRIPTOMIC_EVIDENCE_V0.1,PRF_246FFF2A7A858BCB9C531CB2,FTR_4D14FCBB4306DDEC54F3BD5D,transcript_observed_context_complete,CLM_645310436BB08D3DBBFD1C6A,REC_1FDB3CAEC78761B6CDAC13A2,SRC_PROJECT_DE_ROBUSTNESS,PRIMARY_S0_AND_SENSITIVITY_S1-S6_V0.1,TASK026_TRANSCRIPTOMIC_FEATURES_SHA256_4014469439ff14d27c451a356cf7711daa7a5331c58326eced2cf96edb298844,ART_TASK012_INTEGRATED_TARGET_REGISTRY,0587fc6901267b18c8144644571f89ac2cc46053b57ea5def4093795fdbc4c26,DEP_9DBAB5AB013392BCF63FF3EC,DEPENDENT,SHARED_DATASET,TXR_TRANSCRIPT_CONTEXT_COMPLETE_V0_1,TRANSCRIPTOMIC_FEATURE_EXTRACTOR_V0.1,OBSERVED,TASK012_INTEGRATED_TARGET_REGISTRY,TASK012::ENSG00000099953.9::TRANSCRIPT_PRIMARY,NOT_APPLICABLE,RESOLVED_TASK014_CLAIM_REGISTRY,RESOLVED_TASK014_RECORD_REGISTRY,outputs/profile_release_candidate_v0.1/provenance/p16/profile_provenance_links.csv,"MMP11 is used as an illustrative biological worked example for scientific communication. Its inclusion is not the result of a project-level therapeutic target ranking, scoring, or recommendation procedure."
ENSG00000099953.9,COMP_TRANSCRIPTOMIC_EVIDENCE,COMP_TRANSCRIPTOMIC_EVIDENCE_V0.1,PRF_246FFF2A7A858BCB9C531CB2,FTR_AC824E6D7B35AA84E3230C7C,transcript_assessment_attempted,CLM_645310436BB08D3DBBFD1C6A,REC_0EECFF585907F97C3C1A314E,SRC_PROJECT_DE_ROBUSTNESS,PRIMARY_S0_AND_SENSITIVITY_S1-S6_V0.1,TASK026_TRANSCRIPTOMIC_FEATURES_SHA256_4014469439ff14d27c451a356cf7711daa7a5331c58326eced2cf96edb298844,ART_TASK012_INTEGRATED_TARGET_REGISTRY,0587fc6901267b18c8144644571f89ac2cc46053b57ea5def4093795fdbc4c26,DEP_9DBAB5AB013392BCF63FF3EC,DEPENDENT,SHARED_DATASET,TXR_TRANSCRIPT_ASSESSMENT_ATTEMPTED_V0_1,TRANSCRIPTOMIC_FEATURE_EXTRACTOR_V0.1,OBSERVED,TASK012_INTEGRATED_TARGET_REGISTRY,TASK012::ENSG00000099953.9::TRANSCRIPT_ROBUSTNESS,NOT_APPLICABLE,RESOLVED_TASK014_CLAIM_REGISTRY,RESOLVED_TASK014_RECORD_REGISTRY,outputs/profile_release_candidate_v0.1/provenance/p16/profile_provenance_links.csv,"MMP11 is used as an illustrative biological worked example for scientific communication. Its inclusion is not the result of a project-level therapeutic target ranking, scoring, or recommendation procedure."
ENSG00000099953.9,COMP_TRANSCRIPTOMIC_EVIDENCE,COMP_TRANSCRIPTOMIC_EVIDENCE_V0.1,PRF_246FFF2A7A858BCB9C531CB2,FTR_AC824E6D7B35AA84E3230C7C,transcript_assessment_attempted,CLM_645310436BB08D3DBBFD1C6A,REC_1FDB3CAEC78761B6CDAC13A2,SRC_PROJECT_DE_ROBUSTNESS,PRIMARY_S0_AND_SENSITIVITY_S1-S6_V0.1,TASK026_TRANSCRIPTOMIC_FEATURES_SHA256_4014469439ff14d27c451a356cf7711daa7a5331c58326eced2cf96edb298844,ART_TASK012_INTEGRATED_TARGET_REGISTRY,0587fc6901267b18c8144644571f89ac2cc46053b57ea5def4093795fdbc4c26,DEP_9DBAB5AB013392BCF63FF3EC,DEPENDENT,SHARED_DATASET,TXR_TRANSCRIPT_ASSESSMENT_ATTEMPTED_V0_1,TRANSCRIPTOMIC_FEATURE_EXTRACTOR_V0.1,OBSERVED,TASK012_INTEGRATED_TARGET_REGISTRY,TASK012::ENSG00000099953.9::TRANSCRIPT_PRIMARY,NOT_APPLICABLE,RESOLVED_TASK014_CLAIM_REGISTRY,RESOLVED_TASK014_RECORD_REGISTRY,outputs/profile_release_candidate_v0.1/provenance/p16/profile_provenance_links.csv,"MMP11 is used as an illustrative biological worked example for scientific communication. Its inclusion is not the result of a project-level therapeutic target ranking, scoring, or recommendation procedure."
ENSG00000099953.9,COMP_TRANSCRIPTOMIC_EVIDENCE,COMP_TRANSCRIPTOMIC_EVIDENCE_V0.1,PRF_246FFF2A7A858BCB9C531CB2,FTR_A3FBCF4D030CA461561E2B59,transcript_query_scope_complete,CLM_645310436BB08D3DBBFD1C6A,REC_0EECFF585907F97C3C1A314E,SRC_PROJECT_DE_ROBUSTNESS,PRIMARY_S0_AND_SENSITIVITY_S1-S6_V0.1,TASK026_TRANSCRIPTOMIC_FEATURES_SHA256_4014469439ff14d27c451a356cf7711daa7a5331c58326eced2cf96edb298844,ART_TASK012_INTEGRATED_TARGET_REGISTRY,0587fc6901267b18c8144644571f89ac2cc46053b57ea5def4093795fdbc4c26,DEP_9DBAB5AB013392BCF63FF3EC,DEPENDENT,SHARED_DATASET,TXR_TRANSCRIPT_SCOPE_COMPLETE_V0_1,TRANSCRIPTOMIC_FEATURE_EXTRACTOR_V0.1,OBSERVED,TASK012_INTEGRATED_TARGET_REGISTRY,TASK012::ENSG00000099953.9::TRANSCRIPT_ROBUSTNESS,NOT_APPLICABLE,RESOLVED_TASK014_CLAIM_REGISTRY,RESOLVED_TASK014_RECORD_REGISTRY,outputs/profile_release_candidate_v0.1/provenance/p16/profile_provenance_links.csv,"MMP11 is used as an illustrative biological worked example for scientific communication. Its inclusion is not the result of a project-level therapeutic target ranking, scoring, or recommendation procedure."
ENSG00000099953.9,COMP_TRANSCRIPTOMIC_EVIDENCE,COMP_TRANSCRIPTOMIC_EVIDENCE_V0.1,PRF_246FFF2A7A858BCB9C531CB2,FTR_A3FBCF4D030CA461561E2B59,transcript_query_scope_complete,CLM_645310436BB08D3DBBFD1C6A,REC_1FDB3CAEC78761B6CDAC13A2,SRC_PROJECT_DE_ROBUSTNESS,PRIMARY_S0_AND_SENSITIVITY_S1-S6_V0.1,TASK026_TRANSCRIPTOMIC_FEATURES_SHA256_4014469439ff14d27c451a356cf7711daa7a5331c58326eced2cf96edb298844,ART_TASK012_INTEGRATED_TARGET_REGISTRY,0587fc6901267b18c8144644571f89ac2cc46053b57ea5def4093795fdbc4c26,DEP_9DBAB5AB013392BCF63FF3EC,DEPENDENT,SHARED_DATASET,TXR_TRANSCRIPT_SCOPE_COMPLETE_V0_1,TRANSCRIPTOMIC_FEATURE_EXTRACTOR_V0.1,OBSERVED,TASK012_INTEGRATED_TARGET_REGISTRY,TASK012::ENSG00000099953.9::TRANSCRIPT_PRIMARY,NOT_APPLICABLE,RESOLVED_TASK014_CLAIM_REGISTRY,RESOLVED_TASK014_RECORD_REGISTRY,outputs/profile_release_candidate_v0.1/provenance/p16/profile_provenance_links.csv,"MMP11 is used as an illustrative biological worked example for scientific communication. Its inclusion is not the result of a project-level therapeutic target ranking, scoring, or recommendation procedure."
ENSG00000099953.9,COMP_TRANSCRIPTOMIC_EVIDENCE,COMP_TRANSCRIPTOMIC_EVIDENCE_V0.1,PRF_246FFF2A7A858BCB9C531CB2,FTR_EB781A51895849B6E1288E8B,transcript_record_count,CLM_645310436BB08D3DBBFD1C6A,REC_0EECFF585907F97C3C1A314E,SRC_PROJECT_DE_ROBUSTNESS,PRIMARY_S0_AND_SENSITIVITY_S1-S6_V0.1,TASK026_TRANSCRIPTOMIC_FEATURES_SHA256_4014469439ff14d27c451a356cf7711daa7a5331c58326eced2cf96edb298844,ART_TASK012_INTEGRATED_TARGET_REGISTRY,0587fc6901267b18c8144644571f89ac2cc46053b57ea5def4093795fdbc4c26,DEP_9DBAB5AB013392BCF63FF3EC,DEPENDENT,SHARED_DATASET,TXR_TRANSCRIPT_RECORD_COUNT_V0_1,TRANSCRIPTOMIC_FEATURE_EXTRACTOR_V0.1,OBSERVED,TASK012_INTEGRATED_TARGET_REGISTRY,TASK012::ENSG00000099953.9::TRANSCRIPT_ROBUSTNESS,NOT_APPLICABLE,RESOLVED_TASK014_CLAIM_REGISTRY,RESOLVED_TASK014_RECORD_REGISTRY,outputs/profile_release_candidate_v0.1/provenance/p16/profile_provenance_links.csv,"MMP11 is used as an illustrative biological worked example for scientific communication. Its inclusion is not the result of a project-level therapeutic target ranking, scoring, or recommendation procedure."
ENSG00000099953.9,COMP_TRANSCRIPTOMIC_EVIDENCE,COMP_TRANSCRIPTOMIC_EVIDENCE_V0.1,PRF_246FFF2A7A858BCB9C531CB2,FTR_EB781A51895849B6E1288E8B,transcript_record_count,CLM_645310436BB08D3DBBFD1C6A,REC_1FDB3CAEC78761B6CDAC13A2,SRC_PROJECT_DE_ROBUSTNESS,PRIMARY_S0_AND_SENSITIVITY_S1-S6_V0.1,TASK026_TRANSCRIPTOMIC_FEATURES_SHA256_4014469439ff14d27c451a356cf7711daa7a5331c58326eced2cf96edb298844,ART_TASK012_INTEGRATED_TARGET_REGISTRY,0587fc6901267b18c8144644571f89ac2cc46053b57ea5def4093795fdbc4c26,DEP_9DBAB5AB013392BCF63FF3EC,DEPENDENT,SHARED_DATASET,TXR_TRANSCRIPT_RECORD_COUNT_V0_1,TRANSCRIPTOMIC_FEATURE_EXTRACTOR_V0.1,OBSERVED,TASK012_INTEGRATED_TARGET_REGISTRY,TASK012::ENSG00000099953.9::TRANSCRIPT_PRIMARY,NOT_APPLICABLE,RESOLVED_TASK014_CLAIM_REGISTRY,RESOLVED_TASK014_RECORD_REGISTRY,outputs/profile_release_candidate_v0.1/provenance/p16/profile_provenance_links.csv,"MMP11 is used as an illustrative biological worked example for scientific communication. Its inclusion is not the result of a project-level therapeutic target ranking, scoring, or recommendation procedure."
ENSG00000099953.9,COMP_TRANSCRIPTOMIC_EVIDENCE,COMP_TRANSCRIPTOMIC_EVIDENCE_V0.1,PRF_246FFF2A7A858BCB9C531CB2,FTR_9197703F433AA53DB827C9B8,transcript_partial_condition_count,CLM_645310436BB08D3DBBFD1C6A,REC_0EECFF585907F97C3C1A314E,SRC_PROJECT_DE_ROBUSTNESS,PRIMARY_S0_AND_SENSITIVITY_S1-S6_V0.1,TASK026_TRANSCRIPTOMIC_FEATURES_SHA256_4014469439ff14d27c451a356cf7711daa7a5331c58326eced2cf96edb298844,ART_TASK012_INTEGRATED_TARGET_REGISTRY,0587fc6901267b18c8144644571f89ac2cc46053b57ea5def4093795fdbc4c26,DEP_9DBAB5AB013392BCF63FF3EC,DEPENDENT,SHARED_DATASET,TXR_TRANSCRIPT_PARTIAL_CONDITION_COUNT_V0_1,TRANSCRIPTOMIC_FEATURE_EXTRACTOR_V0.1,OBSERVED,TASK012_INTEGRATED_TARGET_REGISTRY,TASK012::ENSG00000099953.9::TRANSCRIPT_ROBUSTNESS,NOT_APPLICABLE,RESOLVED_TASK014_CLAIM_REGISTRY,RESOLVED_TASK014_RECORD_REGISTRY,outputs/profile_release_candidate_v0.1/provenance/p16/profile_provenance_links.csv,"MMP11 is used as an illustrative biological worked example for scientific communication. Its inclusion is not the result of a project-level therapeutic target ranking, scoring, or recommendation procedure."
ENSG00000099953.9,COMP_TRANSCRIPTOMIC_EVIDENCE,COMP_TRANSCRIPTOMIC_EVIDENCE_V0.1,PRF_246FFF2A7A858BCB9C531CB2,FTR_9197703F433AA53DB827C9B8,transcript_partial_condition_count,CLM_645310436BB08D3DBBFD1C6A,REC_1FDB3CAEC78761B6CDAC13A2,SRC_PROJECT_DE_ROBUSTNESS,PRIMARY_S0_AND_SENSITIVITY_S1-S6_V0.1,TASK026_TRANSCRIPTOMIC_FEATURES_SHA256_4014469439ff14d27c451a356cf7711daa7a5331c58326eced2cf96edb298844,ART_TASK012_INTEGRATED_TARGET_REGISTRY,0587fc6901267b18c8144644571f89ac2cc46053b57ea5def4093795fdbc4c26,DEP_9DBAB5AB013392BCF63FF3EC,DEPENDENT,SHARED_DATASET,TXR_TRANSCRIPT_PARTIAL_CONDITION_COUNT_V0_1,TRANSCRIPTOMIC_FEATURE_EXTRACTOR_V0.1,OBSERVED,TASK012_INTEGRATED_TARGET_REGISTRY,TASK012::ENSG00000099953.9::TRANSCRIPT_PRIMARY,NOT_APPLICABLE,RESOLVED_TASK014_CLAIM_REGISTRY,RESOLVED_TASK014_RECORD_REGISTRY,outputs/profile_release_candidate_v0.1/provenance/p16/profile_provenance_links.csv,"MMP11 is used as an illustrative biological worked example for scientific communication. Its inclusion is not the result of a project-level therapeutic target ranking, scoring, or recommendation procedure."
ENSG00000099953.9,COMP_TRANSCRIPTOMIC_EVIDENCE,COMP_TRANSCRIPTOMIC_EVIDENCE_V0.1,PRF_246FFF2A7A858BCB9C531CB2,FTR_72AC1960408E3639888F1302,transcript_unknown_coverage,CLM_645310436BB08D3DBBFD1C6A,REC_0EECFF585907F97C3C1A314E,SRC_PROJECT_DE_ROBUSTNESS,PRIMARY_S0_AND_SENSITIVITY_S1-S6_V0.1,TASK026_TRANSCRIPTOMIC_FEATURES_SHA256_4014469439ff14d27c451a356cf7711daa7a5331c58326eced2cf96edb298844,ART_TASK012_INTEGRATED_TARGET_REGISTRY,0587fc6901267b18c8144644571f89ac2cc46053b57ea5def4093795fdbc4c26,DEP_9DBAB5AB013392BCF63FF3EC,DEPENDENT,SHARED_DATASET,TXR_TRANSCRIPT_UNKNOWN_COVERAGE_V0_1,TRANSCRIPTOMIC_FEATURE_EXTRACTOR_V0.1,OBSERVED,TASK012_INTEGRATED_TARGET_REGISTRY,TASK012::ENSG00000099953.9::TRANSCRIPT_ROBUSTNESS,NOT_APPLICABLE,RESOLVED_TASK014_CLAIM_REGISTRY,RESOLVED_TASK014_RECORD_REGISTRY,outputs/profile_release_candidate_v0.1/provenance/p16/profile_provenance_links.csv,"MMP11 is used as an illustrative biological worked example for scientific communication. Its inclusion is not the result of a project-level therapeutic target ranking, scoring, or recommendation procedure."
ENSG00000099953.9,COMP_TRANSCRIPTOMIC_EVIDENCE,COMP_TRANSCRIPTOMIC_EVIDENCE_V0.1,PRF_246FFF2A7A858BCB9C531CB2,FTR_72AC1960408E3639888F1302,transcript_unknown_coverage,CLM_645310436BB08D3DBBFD1C6A,REC_1FDB3CAEC78761B6CDAC13A2,SRC_PROJECT_DE_ROBUSTNESS,PRIMARY_S0_AND_SENSITIVITY_S1-S6_V0.1,TASK026_TRANSCRIPTOMIC_FEATURES_SHA256_4014469439ff14d27c451a356cf7711daa7a5331c58326eced2cf96edb298844,ART_TASK012_INTEGRATED_TARGET_REGISTRY,0587fc6901267b18c8144644571f89ac2cc46053b57ea5def4093795fdbc4c26,DEP_9DBAB5AB013392BCF63FF3EC,DEPENDENT,SHARED_DATASET,TXR_TRANSCRIPT_UNKNOWN_COVERAGE_V0_1,TRANSCRIPTOMIC_FEATURE_EXTRACTOR_V0.1,OBSERVED,TASK012_INTEGRATED_TARGET_REGISTRY,TASK012::ENSG00000099953.9::TRANSCRIPT_PRIMARY,NOT_APPLICABLE,RESOLVED_TASK014_CLAIM_REGISTRY,RESOLVED_TASK014_RECORD_REGISTRY,outputs/profile_release_candidate_v0.1/provenance/p16/profile_provenance_links.csv,"MMP11 is used as an illustrative biological worked example for scientific communication. Its inclusion is not the result of a project-level therapeutic target ranking, scoring, or recommendation procedure."
ENSG00000099953.9,COMP_TRANSCRIPTOMIC_EVIDENCE,COMP_TRANSCRIPTOMIC_EVIDENCE_V0.1,PRF_246FFF2A7A858BCB9C531CB2,FTR_3BDB8B884B9B0A5C9FC1E331,transcript_retrieval_failure,CLM_645310436BB08D3DBBFD1C6A,REC_0EECFF585907F97C3C1A314E,SRC_PROJECT_DE_ROBUSTNESS,PRIMARY_S0_AND_SENSITIVITY_S1-S6_V0.1,TASK026_TRANSCRIPTOMIC_FEATURES_SHA256_4014469439ff14d27c451a356cf7711daa7a5331c58326eced2cf96edb298844,ART_TASK012_INTEGRATED_TARGET_REGISTRY,0587fc6901267b18c8144644571f89ac2cc46053b57ea5def4093795fdbc4c26,DEP_9DBAB5AB013392BCF63FF3EC,DEPENDENT,SHARED_DATASET,TXR_TRANSCRIPT_RETRIEVAL_FAILURE_V0_1,TRANSCRIPTOMIC_FEATURE_EXTRACTOR_V0.1,OBSERVED,TASK012_INTEGRATED_TARGET_REGISTRY,TASK012::ENSG00000099953.9::TRANSCRIPT_ROBUSTNESS,NOT_APPLICABLE,RESOLVED_TASK014_CLAIM_REGISTRY,RESOLVED_TASK014_RECORD_REGISTRY,outputs/profile_release_candidate_v0.1/provenance/p16/profile_provenance_links.csv,"MMP11 is used as an illustrative biological worked example for scientific communication. Its inclusion is not the result of a project-level therapeutic target ranking, scoring, or recommendation procedure."
ENSG00000099953.9,COMP_TRANSCRIPTOMIC_EVIDENCE,COMP_TRANSCRIPTOMIC_EVIDENCE_V0.1,PRF_246FFF2A7A858BCB9C531CB2,FTR_3BDB8B884B9B0A5C9FC1E331,transcript_retrieval_failure,CLM_645310436BB08D3DBBFD1C6A,REC_1FDB3CAEC78761B6CDAC13A2,SRC_PROJECT_DE_ROBUSTNESS,PRIMARY_S0_AND_SENSITIVITY_S1-S6_V0.1,TASK026_TRANSCRIPTOMIC_FEATURES_SHA256_4014469439ff14d27c451a356cf7711daa7a5331c58326eced2cf96edb298844,ART_TASK012_INTEGRATED_TARGET_REGISTRY,0587fc6901267b18c8144644571f89ac2cc46053b57ea5def4093795fdbc4c26,DEP_9DBAB5AB013392BCF63FF3EC,DEPENDENT,SHARED_DATASET,TXR_TRANSCRIPT_RETRIEVAL_FAILURE_V0_1,TRANSCRIPTOMIC_FEATURE_EXTRACTOR_V0.1,OBSERVED,TASK012_INTEGRATED_TARGET_REGISTRY,TASK012::ENSG00000099953.9::TRANSCRIPT_PRIMARY,NOT_APPLICABLE,RESOLVED_TASK014_CLAIM_REGISTRY,RESOLVED_TASK014_RECORD_REGISTRY,outputs/profile_release_candidate_v0.1/provenance/p16/profile_provenance_links.csv,"MMP11 is used as an illustrative biological worked example for scientific communication. Its inclusion is not the result of a project-level therapeutic target ranking, scoring, or recommendation procedure."
ENSG00000099953.9,COMP_DISEASE_ASSOCIATION,COMP_DISEASE_ASSOCIATION_V0.1,CMPREC_DA_BA57CC2D64F0EB16106D0D9541FE2321,FTR_DA_7D8238E7E7CEBB229BAA80EF,disease_association_assessment_attempted,CLM_DA_F2F212225804949260C5171B,REC_DA_SCOPE_4B28DB4E7014245EFB6714C1,SRC_OPEN_TARGETS_PLATFORM,26.06,SNAP_DA_OT_26_06_LUAD_EXACT_UNIV_TASK030_V0_1,ART_DA_COVERAGE_D685D100F26AFDA347A80859,b0b7903c33a65f991150804722b832c0168f1156a703411e9d7a3c23c5e8202e,DEP_DA_SCOPE_AD2F7EEF22E6864B7FF6C410,NOT_APPLICABLE,NOT_APPLICABLE,DAR_ASSESSMENT_ATTEMPTED_V0_1,DISEASE_ASSOCIATION_FEATURE_EXTRACTOR_V0.1,OBSERVED,entity_coverage_ledger,QUERY_SCOPE::ENSG00000099953.9,NOT_APPLICABLE_QUERY_SCOPE_RECORD,COMPONENT_NATIVE_REFERENCE_PRESENT,RESOLVED_ENTITY_COVERAGE_SCOPE_RECORD,outputs/disease_association_component_v0.1/component_records.jsonl,"MMP11 is used as an illustrative biological worked example for scientific communication. Its inclusion is not the result of a project-level therapeutic target ranking, scoring, or recommendation procedure."
ENSG00000099953.9,COMP_DISEASE_ASSOCIATION,COMP_DISEASE_ASSOCIATION_V0.1,CMPREC_DA_BA57CC2D64F0EB16106D0D9541FE2321,FTR_DA_82B03C0203D71EF3DADCA29D,disease_association_query_scope_complete,CLM_DA_87F16C3F28A60E84855F8E30,REC_DA_SCOPE_4B28DB4E7014245EFB6714C1,SRC_OPEN_TARGETS_PLATFORM,26.06,SNAP_DA_OT_26_06_LUAD_EXACT_UNIV_TASK030_V0_1,ART_DA_COVERAGE_D685D100F26AFDA347A80859,b0b7903c33a65f991150804722b832c0168f1156a703411e9d7a3c23c5e8202e,DEP_DA_SCOPE_AD2F7EEF22E6864B7FF6C410,NOT_APPLICABLE,NOT_APPLICABLE,DAR_QUERY_SCOPE_COMPLETE_V0_1,DISEASE_ASSOCIATION_FEATURE_EXTRACTOR_V0.1,OBSERVED,entity_coverage_ledger,QUERY_SCOPE::ENSG00000099953.9,NOT_APPLICABLE_QUERY_SCOPE_RECORD,COMPONENT_NATIVE_REFERENCE_PRESENT,RESOLVED_ENTITY_COVERAGE_SCOPE_RECORD,outputs/disease_association_component_v0.1/component_records.jsonl,"MMP11 is used as an illustrative biological worked example for scientific communication. Its inclusion is not the result of a project-level therapeutic target ranking, scoring, or recommendation procedure."
ENSG00000099953.9,COMP_DISEASE_ASSOCIATION,COMP_DISEASE_ASSOCIATION_V0.1,CMPREC_DA_BA57CC2D64F0EB16106D0D9541FE2321,FTR_DA_700667207B84BCC573FD5B32,disease_association_record_availability,CLM_DA_19034ADAECFA24AA22F91027,REC_DA_SCOPE_4B28DB4E7014245EFB6714C1,SRC_OPEN_TARGETS_PLATFORM,26.06,SNAP_DA_OT_26_06_LUAD_EXACT_UNIV_TASK030_V0_1,ART_DA_COVERAGE_D685D100F26AFDA347A80859,b0b7903c33a65f991150804722b832c0168f1156a703411e9d7a3c23c5e8202e,DEP_DA_SCOPE_AD2F7EEF22E6864B7FF6C410,NOT_APPLICABLE,NOT_APPLICABLE,DAR_RECORD_AVAILABILITY_V0_1,DISEASE_ASSOCIATION_FEATURE_EXTRACTOR_V0.1,OBSERVED,entity_coverage_ledger,QUERY_SCOPE::ENSG00000099953.9,NOT_APPLICABLE_QUERY_SCOPE_RECORD,COMPONENT_NATIVE_REFERENCE_PRESENT,RESOLVED_ENTITY_COVERAGE_SCOPE_RECORD,outputs/disease_association_component_v0.1/component_records.jsonl,"MMP11 is used as an illustrative biological worked example for scientific communication. Its inclusion is not the result of a project-level therapeutic target ranking, scoring, or recommendation procedure."
ENSG00000099953.9,COMP_DISEASE_ASSOCIATION,COMP_DISEASE_ASSOCIATION_V0.1,CMPREC_DA_BA57CC2D64F0EB16106D0D9541FE2321,FTR_DA_700667207B84BCC573FD5B32,disease_association_record_availability,CLM_DA_19034ADAECFA24AA22F91027,DA_RAW_4cf5b32a508113eb5602a4438e3448e8b08167b0dd0771dcb105a527396d78c0,SRC_OPEN_TARGETS_PLATFORM,26.06,SNAP_DA_OT_26_06_LUAD_EXACT_UNIV_TASK030_V0_1,INV_6a696278bcba8324abefb6029e4e702ef853a15e5dbae95eb76ce36edf40e213,444549a37400342ce803e0b1b67e574c26f7cc3f44e47089d59884d5f370e39e,DEP_DA_54A1C5E72D18283A3A4CB41E,DEPENDENT,SAME_SOURCE|SHARED_DATASET,DAR_RECORD_AVAILABILITY_V0_1,DISEASE_ASSOCIATION_FEATURE_EXTRACTOR_V0.1,OBSERVED,evidence_europepmc,59c55e522b0b5fd951e296cb6937052ac6950c64,DA_RAW_4cf5b32a508113eb5602a4438e3448e8b08167b0dd0771dcb105a527396d78c0,COMPONENT_NATIVE_REFERENCE_PRESENT,RESOLVED_SNAPSHOT_RAW_RECORD_MANIFEST,outputs/disease_association_component_v0.1/component_records.jsonl,"MMP11 is used as an illustrative biological worked example for scientific communication. Its inclusion is not the result of a project-level therapeutic target ranking, scoring, or recommendation procedure."
ENSG00000099953.9,COMP_DISEASE_ASSOCIATION,COMP_DISEASE_ASSOCIATION_V0.1,CMPREC_DA_BA57CC2D64F0EB16106D0D9541FE2321,FTR_DA_700667207B84BCC573FD5B32,disease_association_record_availability,CLM_DA_19034ADAECFA24AA22F91027,DA_RAW_c3dd388c9f9df24eae9deee688c7c9fb7725b28fa34ee5c2f330bdf0495e9fc9,SRC_OPEN_TARGETS_PLATFORM,26.06,SNAP_DA_OT_26_06_LUAD_EXACT_UNIV_TASK030_V0_1,INV_97c9214eaf2013a683f0b920241886cf827d8aba76deca4212996c02cc08ee91,be938bc9a76e26e85064d36fb1bdd4b7bf0930a74a53b5155c5d02e5843ee4af,DEP_DA_F9A18860D87CB60708311FF6,DEPENDENT,SAME_SOURCE|SHARED_DATASET,DAR_RECORD_AVAILABILITY_V0_1,DISEASE_ASSOCIATION_FEATURE_EXTRACTOR_V0.1,OBSERVED,evidence_europepmc,55a2c15edbd1d4e9429d3e76325e90204ab6c5e1,DA_RAW_c3dd388c9f9df24eae9deee688c7c9fb7725b28fa34ee5c2f330bdf0495e9fc9,COMPONENT_NATIVE_REFERENCE_PRESENT,RESOLVED_SNAPSHOT_RAW_RECORD_MANIFEST,outputs/disease_association_component_v0.1/component_records.jsonl,"MMP11 is used as an illustrative biological worked example for scientific communication. Its inclusion is not the result of a project-level therapeutic target ranking, scoring, or recommendation procedure."
ENSG00000099953.9,COMP_DISEASE_ASSOCIATION,COMP_DISEASE_ASSOCIATION_V0.1,CMPREC_DA_BA57CC2D64F0EB16106D0D9541FE2321,FTR_DA_700667207B84BCC573FD5B32,disease_association_record_availability,CLM_DA_19034ADAECFA24AA22F91027,DA_RAW_794ade1e615c6a00810c7988cd184167f2fb8dde251c4a9fd7819e3516e7d0e1,SRC_OPEN_TARGETS_PLATFORM,26.06,SNAP_DA_OT_26_06_LUAD_EXACT_UNIV_TASK030_V0_1,INV_97c9214eaf2013a683f0b920241886cf827d8aba76deca4212996c02cc08ee91,be938bc9a76e26e85064d36fb1bdd4b7bf0930a74a53b5155c5d02e5843ee4af,DEP_DA_9733EE27F823B75E148ABB39,DEPENDENT,SAME_SOURCE|SHARED_DATASET,DAR_RECORD_AVAILABILITY_V0_1,DISEASE_ASSOCIATION_FEATURE_EXTRACTOR_V0.1,OBSERVED,evidence_europepmc,9267bee526b519ba6f8ff8823415df81aadd8c38,DA_RAW_794ade1e615c6a00810c7988cd184167f2fb8dde251c4a9fd7819e3516e7d0e1,COMPONENT_NATIVE_REFERENCE_PRESENT,RESOLVED_SNAPSHOT_RAW_RECORD_MANIFEST,outputs/disease_association_component_v0.1/component_records.jsonl,"MMP11 is used as an illustrative biological worked example for scientific communication. Its inclusion is not the result of a project-level therapeutic target ranking, scoring, or recommendation procedure."
ENSG00000099953.9,COMP_DISEASE_ASSOCIATION,COMP_DISEASE_ASSOCIATION_V0.1,CMPREC_DA_BA57CC2D64F0EB16106D0D9541FE2321,FTR_DA_700667207B84BCC573FD5B32,disease_association_record_availability,CLM_DA_19034ADAECFA24AA22F91027,DA_RAW_5106f92e3ee59d96b66875dd8ec6da45513931293b029d517e71e35f3f7bfe00,SRC_OPEN_TARGETS_PLATFORM,26.06,SNAP_DA_OT_26_06_LUAD_EXACT_UNIV_TASK030_V0_1,INV_01224a50883bbbe9c423f27ce52d6670d84432739a316eff9947f76871fa0df4,dae5397a17450f4564bf6ffe8f00fa5d99ff81f8579f18a106c690308bb6b103,DEP_DA_707DA79DD85D8383CD064A67,DEPENDENT,SAME_SOURCE|SHARED_DATASET,DAR_RECORD_AVAILABILITY_V0_1,DISEASE_ASSOCIATION_FEATURE_EXTRACTOR_V0.1,OBSERVED,evidence_europepmc,5e3dc36a0bca9be04c6f0a808bfc2e2f25c31674,DA_RAW_5106f92e3ee59d96b66875dd8ec6da45513931293b029d517e71e35f3f7bfe00,COMPONENT_NATIVE_REFERENCE_PRESENT,RESOLVED_SNAPSHOT_RAW_RECORD_MANIFEST,outputs/disease_association_component_v0.1/component_records.jsonl,"MMP11 is used as an illustrative biological worked example for scientific communication. Its inclusion is not the result of a project-level therapeutic target ranking, scoring, or recommendation procedure."
ENSG00000099953.9,COMP_DISEASE_ASSOCIATION,COMP_DISEASE_ASSOCIATION_V0.1,CMPREC_DA_BA57CC2D64F0EB16106D0D9541FE2321,FTR_DA_700667207B84BCC573FD5B32,disease_association_record_availability,CLM_DA_19034ADAECFA24AA22F91027,DA_RAW_8ddc9f2c4e8eea5cab6bc7153c3e43fcf2a1bd4d4d80030098d8e248aa7b3704,SRC_OPEN_TARGETS_PLATFORM,26.06,SNAP_DA_OT_26_06_LUAD_EXACT_UNIV_TASK030_V0_1,INV_35f5cd38fe9fe28f529cd56fbd85d5c672bd8b28652de36631cf25ecc89f0b41,ed59277e1bc245e061fab7029c0ad3caabe7eb3e7470ef326ce7ca633693da43,DEP_DA_3D5548EFD1D961343161439A,DEPENDENT,SAME_SOURCE|SHARED_DATASET,DAR_RECORD_AVAILABILITY_V0_1,DISEASE_ASSOCIATION_FEATURE_EXTRACTOR_V0.1,OBSERVED,evidence_europepmc,55a184ffac9cdf953862687b65ff274c8d033de9,DA_RAW_8ddc9f2c4e8eea5cab6bc7153c3e43fcf2a1bd4d4d80030098d8e248aa7b3704,COMPONENT_NATIVE_REFERENCE_PRESENT,RESOLVED_SNAPSHOT_RAW_RECORD_MANIFEST,outputs/disease_association_component_v0.1/component_records.jsonl,"MMP11 is used as an illustrative biological worked example for scientific communication. Its inclusion is not the result of a project-level therapeutic target ranking, scoring, or recommendation procedure."
ENSG00000099953.9,COMP_DISEASE_ASSOCIATION,COMP_DISEASE_ASSOCIATION_V0.1,CMPREC_DA_BA57CC2D64F0EB16106D0D9541FE2321,FTR_DA_700667207B84BCC573FD5B32,disease_association_record_availability,CLM_DA_19034ADAECFA24AA22F91027,DA_RAW_0cf8d44b41e91f2bc6951f44132527d92e14091d0690a88df7ad73a912683d85,SRC_OPEN_TARGETS_PLATFORM,26.06,SNAP_DA_OT_26_06_LUAD_EXACT_UNIV_TASK030_V0_1,INV_76287eb8fd5f05102249a74953e6c940e472be9c8635681be24c88f6e9be3676,6cb30a3470036c91d1be3ebc6c3b503e59f1869bd29942a282716314c34c65de,DEP_DA_0D444064DB795CE326277536,DEPENDENT,SAME_SOURCE|SHARED_DATASET,DAR_RECORD_AVAILABILITY_V0_1,DISEASE_ASSOCIATION_FEATURE_EXTRACTOR_V0.1,OBSERVED,evidence_europepmc,5e685475f71d483c896b950025992e3384bc8a50,DA_RAW_0cf8d44b41e91f2bc6951f44132527d92e14091d0690a88df7ad73a912683d85,COMPONENT_NATIVE_REFERENCE_PRESENT,RESOLVED_SNAPSHOT_RAW_RECORD_MANIFEST,outputs/disease_association_component_v0.1/component_records.jsonl,"MMP11 is used as an illustrative biological worked example for scientific communication. Its inclusion is not the result of a project-level therapeutic target ranking, scoring, or recommendation procedure."
ENSG00000099953.9,COMP_DISEASE_ASSOCIATION,COMP_DISEASE_ASSOCIATION_V0.1,CMPREC_DA_BA57CC2D64F0EB16106D0D9541FE2321,FTR_DA_700667207B84BCC573FD5B32,disease_association_record_availability,CLM_DA_19034ADAECFA24AA22F91027,DA_RAW_b86a58ad8519defdd1e292a6f04a4e65d989dfdfb3144ad7c7b106b4f3b90e09,SRC_OPEN_TARGETS_PLATFORM,26.06,SNAP_DA_OT_26_06_LUAD_EXACT_UNIV_TASK030_V0_1,INV_bbb5f7b7fee75f78753f741033173ed4824a2b5c4ce6807ba9dfe3c3a00ef828,3f5573a993962ccc3089b580c1165839afae16a017709861d52ea01ae7d407bc,DEP_DA_89D55C00FF3E18C3119A1F06,DEPENDENT,SAME_SOURCE|SHARED_DATASET,DAR_RECORD_AVAILABILITY_V0_1,DISEASE_ASSOCIATION_FEATURE_EXTRACTOR_V0.1,OBSERVED,evidence_europepmc,7fa01a788b07290c833e3dd14ac4940604d06f10,DA_RAW_b86a58ad8519defdd1e292a6f04a4e65d989dfdfb3144ad7c7b106b4f3b90e09,COMPONENT_NATIVE_REFERENCE_PRESENT,RESOLVED_SNAPSHOT_RAW_RECORD_MANIFEST,outputs/disease_association_component_v0.1/component_records.jsonl,"MMP11 is used as an illustrative biological worked example for scientific communication. Its inclusion is not the result of a project-level therapeutic target ranking, scoring, or recommendation procedure."
ENSG00000099953.9,COMP_DISEASE_ASSOCIATION,COMP_DISEASE_ASSOCIATION_V0.1,CMPREC_DA_BA57CC2D64F0EB16106D0D9541FE2321,FTR_DA_700667207B84BCC573FD5B32,disease_association_record_availability,CLM_DA_19034ADAECFA24AA22F91027,DA_RAW_fcf06b5d6de7cd1272387415ade16051f4ffdae6e72768613546d8460e107c9c,SRC_OPEN_TARGETS_PLATFORM,26.06,SNAP_DA_OT_26_06_LUAD_EXACT_UNIV_TASK030_V0_1,INV_137f5a6638b21243ac3bb78768a556bb41317ea52696ab04c184926b6e5f5e26,07e0849758c1b04d09c23123f9a64f2dcb08d927b51c42a0d0caf156984293d4,DEP_DA_54B4D11893ABDD72D208BC3A,DEPENDENT,SAME_SOURCE|SHARED_DATASET,DAR_RECORD_AVAILABILITY_V0_1,DISEASE_ASSOCIATION_FEATURE_EXTRACTOR_V0.1,OBSERVED,evidence_europepmc,5c81e7e788334eea06776a98efb8b8e792fe4673,DA_RAW_fcf06b5d6de7cd1272387415ade16051f4ffdae6e72768613546d8460e107c9c,COMPONENT_NATIVE_REFERENCE_PRESENT,RESOLVED_SNAPSHOT_RAW_RECORD_MANIFEST,outputs/disease_association_component_v0.1/component_records.jsonl,"MMP11 is used as an illustrative biological worked example for scientific communication. Its inclusion is not the result of a project-level therapeutic target ranking, scoring, or recommendation procedure."
ENSG00000099953.9,COMP_DISEASE_ASSOCIATION,COMP_DISEASE_ASSOCIATION_V0.1,CMPREC_DA_BA57CC2D64F0EB16106D0D9541FE2321,FTR_DA_700667207B84BCC573FD5B32,disease_association_record_availability,CLM_DA_19034ADAECFA24AA22F91027,DA_RAW_3b25d179be56924cd196608d5d3d83fd13497741fe4e7a42898cb6c1475e141b,SRC_OPEN_TARGETS_PLATFORM,26.06,SNAP_DA_OT_26_06_LUAD_EXACT_UNIV_TASK030_V0_1,INV_cb597cc950956cc9f78af3c7c89fddf3e00d5a881172ca04a5c9ebfc322b732b,2e548a37b15f7c0fe046f0d2d6d6f19bca2b978a51b73dad5b1bb3c6b94d42f5,DEP_DA_41CBEE0435E46F51678E268B,DEPENDENT,SAME_SOURCE|SHARED_DATASET,DAR_RECORD_AVAILABILITY_V0_1,DISEASE_ASSOCIATION_FEATURE_EXTRACTOR_V0.1,OBSERVED,evidence_europepmc,f65de7ecd8531c2c8f92671e08bff6382c9de09f,DA_RAW_3b25d179be56924cd196608d5d3d83fd13497741fe4e7a42898cb6c1475e141b,COMPONENT_NATIVE_REFERENCE_PRESENT,RESOLVED_SNAPSHOT_RAW_RECORD_MANIFEST,outputs/disease_association_component_v0.1/component_records.jsonl,"MMP11 is used as an illustrative biological worked example for scientific communication. Its inclusion is not the result of a project-level therapeutic target ranking, scoring, or recommendation procedure."
ENSG00000099953.9,COMP_DISEASE_ASSOCIATION,COMP_DISEASE_ASSOCIATION_V0.1,CMPREC_DA_BA57CC2D64F0EB16106D0D9541FE2321,FTR_DA_700667207B84BCC573FD5B32,disease_association_record_availability,CLM_DA_19034ADAECFA24AA22F91027,DA_RAW_884ab3014cb909a3b0747ece3ab1d95dd6acd5f3bf516dbd61ad5a2480a590f8,SRC_OPEN_TARGETS_PLATFORM,26.06,SNAP_DA_OT_26_06_LUAD_EXACT_UNIV_TASK030_V0_1,INV_f41ffa2df1b253e716ca65074890b809126c34193db380fa0ae538e1d86744a9,bcd2339d4f7bd305df921cd250f674cc3b4a71fa6982820a12361f8e93d863fc,DEP_DA_E4E62DC90E1E2CA9BD0B5806,DEPENDENT,SAME_SOURCE|SHARED_DATASET,DAR_RECORD_AVAILABILITY_V0_1,DISEASE_ASSOCIATION_FEATURE_EXTRACTOR_V0.1,OBSERVED,evidence_expression_atlas,6a177018bed8fb7f519283795eb886be96854a51,DA_RAW_884ab3014cb909a3b0747ece3ab1d95dd6acd5f3bf516dbd61ad5a2480a590f8,COMPONENT_NATIVE_REFERENCE_PRESENT,RESOLVED_SNAPSHOT_RAW_RECORD_MANIFEST,outputs/disease_association_component_v0.1/component_records.jsonl,"MMP11 is used as an illustrative biological worked example for scientific communication. Its inclusion is not the result of a project-level therapeutic target ranking, scoring, or recommendation procedure."
ENSG00000099953.9,COMP_DISEASE_ASSOCIATION,COMP_DISEASE_ASSOCIATION_V0.1,CMPREC_DA_BA57CC2D64F0EB16106D0D9541FE2321,FTR_DA_700667207B84BCC573FD5B32,disease_association_record_availability,CLM_DA_19034ADAECFA24AA22F91027,DA_RAW_fe1209a61069fa7275488608327d18fdd6e068792292b0914345392c9f7ede36,SRC_OPEN_TARGETS_PLATFORM,26.06,SNAP_DA_OT_26_06_LUAD_EXACT_UNIV_TASK030_V0_1,INV_f41ffa2df1b253e716ca65074890b809126c34193db380fa0ae538e1d86744a9,bcd2339d4f7bd305df921cd250f674cc3b4a71fa6982820a12361f8e93d863fc,DEP_DA_C086CE4FF21F62C58E5E2127,DEPENDENT,SAME_SOURCE|SHARED_DATASET,DAR_RECORD_AVAILABILITY_V0_1,DISEASE_ASSOCIATION_FEATURE_EXTRACTOR_V0.1,OBSERVED,evidence_expression_atlas,185140b60536b9d61a7039c873b0862e1b52aa3d,DA_RAW_fe1209a61069fa7275488608327d18fdd6e068792292b0914345392c9f7ede36,COMPONENT_NATIVE_REFERENCE_PRESENT,RESOLVED_SNAPSHOT_RAW_RECORD_MANIFEST,outputs/disease_association_component_v0.1/component_records.jsonl,"MMP11 is used as an illustrative biological worked example for scientific communication. Its inclusion is not the result of a project-level therapeutic target ranking, scoring, or recommendation procedure."
ENSG00000099953.9,COMP_DISEASE_ASSOCIATION,COMP_DISEASE_ASSOCIATION_V0.1,CMPREC_DA_BA57CC2D64F0EB16106D0D9541FE2321,FTR_DA_700667207B84BCC573FD5B32,disease_association_record_availability,CLM_DA_19034ADAECFA24AA22F91027,DA_RAW_cac7aeeeadd88cfdd97315750762c76535f4083b0f868a46d47482a0fb6d932f,SRC_OPEN_TARGETS_PLATFORM,26.06,SNAP_DA_OT_26_06_LUAD_EXACT_UNIV_TASK030_V0_1,INV_f41ffa2df1b253e716ca65074890b809126c34193db380fa0ae538e1d86744a9,bcd2339d4f7bd305df921cd250f674cc3b4a71fa6982820a12361f8e93d863fc,DEP_DA_70BA3AA83504BF15633B377D,DEPENDENT,SAME_SOURCE|SHARED_DATASET,DAR_RECORD_AVAILABILITY_V0_1,DISEASE_ASSOCIATION_FEATURE_EXTRACTOR_V0.1,OBSERVED,evidence_expression_atlas,294e88ebd43931d4688d38f5a9cbf29fb94ef3c5,DA_RAW_cac7aeeeadd88cfdd97315750762c76535f4083b0f868a46d47482a0fb6d932f,COMPONENT_NATIVE_REFERENCE_PRESENT,RESOLVED_SNAPSHOT_RAW_RECORD_MANIFEST,outputs/disease_association_component_v0.1/component_records.jsonl,"MMP11 is used as an illustrative biological worked example for scientific communication. Its inclusion is not the result of a project-level therapeutic target ranking, scoring, or recommendation procedure."
ENSG00000099953.9,COMP_DISEASE_ASSOCIATION,COMP_DISEASE_ASSOCIATION_V0.1,CMPREC_DA_BA57CC2D64F0EB16106D0D9541FE2321,FTR_DA_700667207B84BCC573FD5B32,disease_association_record_availability,CLM_DA_19034ADAECFA24AA22F91027,DA_RAW_94b7fa443decc7e03b937392049e80f05a62aeade525696b50f285495e800bf7,SRC_OPEN_TARGETS_PLATFORM,26.06,SNAP_DA_OT_26_06_LUAD_EXACT_UNIV_TASK030_V0_1,INV_f41ffa2df1b253e716ca65074890b809126c34193db380fa0ae538e1d86744a9,bcd2339d4f7bd305df921cd250f674cc3b4a71fa6982820a12361f8e93d863fc,DEP_DA_CB8BECA411FECF9AC5C3C1B0,DEPENDENT,SAME_SOURCE|SHARED_DATASET,DAR_RECORD_AVAILABILITY_V0_1,DISEASE_ASSOCIATION_FEATURE_EXTRACTOR_V0.1,OBSERVED,evidence_expression_atlas,2a79ab18055dd5fc64fa9732703407f6e807dad9,DA_RAW_94b7fa443decc7e03b937392049e80f05a62aeade525696b50f285495e800bf7,COMPONENT_NATIVE_REFERENCE_PRESENT,RESOLVED_SNAPSHOT_RAW_RECORD_MANIFEST,outputs/disease_association_component_v0.1/component_records.jsonl,"MMP11 is used as an illustrative biological worked example for scientific communication. Its inclusion is not the result of a project-level therapeutic target ranking, scoring, or recommendation procedure."
ENSG00000099953.9,COMP_DISEASE_ASSOCIATION,COMP_DISEASE_ASSOCIATION_V0.1,CMPREC_DA_BA57CC2D64F0EB16106D0D9541FE2321,FTR_DA_700667207B84BCC573FD5B32,disease_association_record_availability,CLM_DA_19034ADAECFA24AA22F91027,DA_RAW_c855784afb305dfc6e2595ce462ebdf7bb5f7c0126bb949bfe80f9f189b62b97,SRC_OPEN_TARGETS_PLATFORM,26.06,SNAP_DA_OT_26_06_LUAD_EXACT_UNIV_TASK030_V0_1,INV_f41ffa2df1b253e716ca65074890b809126c34193db380fa0ae538e1d86744a9,bcd2339d4f7bd305df921cd250f674cc3b4a71fa6982820a12361f8e93d863fc,DEP_DA_37454054FA3857773D15A949,DEPENDENT,SAME_SOURCE|SHARED_DATASET,DAR_RECORD_AVAILABILITY_V0_1,DISEASE_ASSOCIATION_FEATURE_EXTRACTOR_V0.1,OBSERVED,evidence_expression_atlas,2427a48723d397d3846f609b6389dbbec5e813b4,DA_RAW_c855784afb305dfc6e2595ce462ebdf7bb5f7c0126bb949bfe80f9f189b62b97,COMPONENT_NATIVE_REFERENCE_PRESENT,RESOLVED_SNAPSHOT_RAW_RECORD_MANIFEST,outputs/disease_association_component_v0.1/component_records.jsonl,"MMP11 is used as an illustrative biological worked example for scientific communication. Its inclusion is not the result of a project-level therapeutic target ranking, scoring, or recommendation procedure."
ENSG00000099953.9,COMP_DISEASE_ASSOCIATION,COMP_DISEASE_ASSOCIATION_V0.1,CMPREC_DA_BA57CC2D64F0EB16106D0D9541FE2321,FTR_DA_9CBAA2F3D8254785BBF693BC,disease_association_record_count,CLM_DA_0A038DDA52364983DD9B57DC,REC_DA_SCOPE_4B28DB4E7014245EFB6714C1,SRC_OPEN_TARGETS_PLATFORM,26.06,SNAP_DA_OT_26_06_LUAD_EXACT_UNIV_TASK030_V0_1,ART_DA_COVERAGE_D685D100F26AFDA347A80859,b0b7903c33a65f991150804722b832c0168f1156a703411e9d7a3c23c5e8202e,DEP_DA_SCOPE_AD2F7EEF22E6864B7FF6C410,NOT_APPLICABLE,NOT_APPLICABLE,DAR_RECORD_COUNT_V0_1,DISEASE_ASSOCIATION_FEATURE_EXTRACTOR_V0.1,OBSERVED,entity_coverage_ledger,QUERY_SCOPE::ENSG00000099953.9,NOT_APPLICABLE_QUERY_SCOPE_RECORD,COMPONENT_NATIVE_REFERENCE_PRESENT,RESOLVED_ENTITY_COVERAGE_SCOPE_RECORD,outputs/disease_association_component_v0.1/component_records.jsonl,"MMP11 is used as an illustrative biological worked example for scientific communication. Its inclusion is not the result of a project-level therapeutic target ranking, scoring, or recommendation procedure."
ENSG00000099953.9,COMP_DISEASE_ASSOCIATION,COMP_DISEASE_ASSOCIATION_V0.1,CMPREC_DA_BA57CC2D64F0EB16106D0D9541FE2321,FTR_DA_9CBAA2F3D8254785BBF693BC,disease_association_record_count,CLM_DA_0A038DDA52364983DD9B57DC,DA_RAW_4cf5b32a508113eb5602a4438e3448e8b08167b0dd0771dcb105a527396d78c0,SRC_OPEN_TARGETS_PLATFORM,26.06,SNAP_DA_OT_26_06_LUAD_EXACT_UNIV_TASK030_V0_1,INV_6a696278bcba8324abefb6029e4e702ef853a15e5dbae95eb76ce36edf40e213,444549a37400342ce803e0b1b67e574c26f7cc3f44e47089d59884d5f370e39e,DEP_DA_54A1C5E72D18283A3A4CB41E,DEPENDENT,SAME_SOURCE|SHARED_DATASET,DAR_RECORD_COUNT_V0_1,DISEASE_ASSOCIATION_FEATURE_EXTRACTOR_V0.1,OBSERVED,evidence_europepmc,59c55e522b0b5fd951e296cb6937052ac6950c64,DA_RAW_4cf5b32a508113eb5602a4438e3448e8b08167b0dd0771dcb105a527396d78c0,COMPONENT_NATIVE_REFERENCE_PRESENT,RESOLVED_SNAPSHOT_RAW_RECORD_MANIFEST,outputs/disease_association_component_v0.1/component_records.jsonl,"MMP11 is used as an illustrative biological worked example for scientific communication. Its inclusion is not the result of a project-level therapeutic target ranking, scoring, or recommendation procedure."
ENSG00000099953.9,COMP_DISEASE_ASSOCIATION,COMP_DISEASE_ASSOCIATION_V0.1,CMPREC_DA_BA57CC2D64F0EB16106D0D9541FE2321,FTR_DA_9CBAA2F3D8254785BBF693BC,disease_association_record_count,CLM_DA_0A038DDA52364983DD9B57DC,DA_RAW_c3dd388c9f9df24eae9deee688c7c9fb7725b28fa34ee5c2f330bdf0495e9fc9,SRC_OPEN_TARGETS_PLATFORM,26.06,SNAP_DA_OT_26_06_LUAD_EXACT_UNIV_TASK030_V0_1,INV_97c9214eaf2013a683f0b920241886cf827d8aba76deca4212996c02cc08ee91,be938bc9a76e26e85064d36fb1bdd4b7bf0930a74a53b5155c5d02e5843ee4af,DEP_DA_F9A18860D87CB60708311FF6,DEPENDENT,SAME_SOURCE|SHARED_DATASET,DAR_RECORD_COUNT_V0_1,DISEASE_ASSOCIATION_FEATURE_EXTRACTOR_V0.1,OBSERVED,evidence_europepmc,55a2c15edbd1d4e9429d3e76325e90204ab6c5e1,DA_RAW_c3dd388c9f9df24eae9deee688c7c9fb7725b28fa34ee5c2f330bdf0495e9fc9,COMPONENT_NATIVE_REFERENCE_PRESENT,RESOLVED_SNAPSHOT_RAW_RECORD_MANIFEST,outputs/disease_association_component_v0.1/component_records.jsonl,"MMP11 is used as an illustrative biological worked example for scientific communication. Its inclusion is not the result of a project-level therapeutic target ranking, scoring, or recommendation procedure."
ENSG00000099953.9,COMP_DISEASE_ASSOCIATION,COMP_DISEASE_ASSOCIATION_V0.1,CMPREC_DA_BA57CC2D64F0EB16106D0D9541FE2321,FTR_DA_9CBAA2F3D8254785BBF693BC,disease_association_record_count,CLM_DA_0A038DDA52364983DD9B57DC,DA_RAW_794ade1e615c6a00810c7988cd184167f2fb8dde251c4a9fd7819e3516e7d0e1,SRC_OPEN_TARGETS_PLATFORM,26.06,SNAP_DA_OT_26_06_LUAD_EXACT_UNIV_TASK030_V0_1,INV_97c9214eaf2013a683f0b920241886cf827d8aba76deca4212996c02cc08ee91,be938bc9a76e26e85064d36fb1bdd4b7bf0930a74a53b5155c5d02e5843ee4af,DEP_DA_9733EE27F823B75E148ABB39,DEPENDENT,SAME_SOURCE|SHARED_DATASET,DAR_RECORD_COUNT_V0_1,DISEASE_ASSOCIATION_FEATURE_EXTRACTOR_V0.1,OBSERVED,evidence_europepmc,9267bee526b519ba6f8ff8823415df81aadd8c38,DA_RAW_794ade1e615c6a00810c7988cd184167f2fb8dde251c4a9fd7819e3516e7d0e1,COMPONENT_NATIVE_REFERENCE_PRESENT,RESOLVED_SNAPSHOT_RAW_RECORD_MANIFEST,outputs/disease_association_component_v0.1/component_records.jsonl,"MMP11 is used as an illustrative biological worked example for scientific communication. Its inclusion is not the result of a project-level therapeutic target ranking, scoring, or recommendation procedure."
ENSG00000099953.9,COMP_DISEASE_ASSOCIATION,COMP_DISEASE_ASSOCIATION_V0.1,CMPREC_DA_BA57CC2D64F0EB16106D0D9541FE2321,FTR_DA_9CBAA2F3D8254785BBF693BC,disease_association_record_count,CLM_DA_0A038DDA52364983DD9B57DC,DA_RAW_5106f92e3ee59d96b66875dd8ec6da45513931293b029d517e71e35f3f7bfe00,SRC_OPEN_TARGETS_PLATFORM,26.06,SNAP_DA_OT_26_06_LUAD_EXACT_UNIV_TASK030_V0_1,INV_01224a50883bbbe9c423f27ce52d6670d84432739a316eff9947f76871fa0df4,dae5397a17450f4564bf6ffe8f00fa5d99ff81f8579f18a106c690308bb6b103,DEP_DA_707DA79DD85D8383CD064A67,DEPENDENT,SAME_SOURCE|SHARED_DATASET,DAR_RECORD_COUNT_V0_1,DISEASE_ASSOCIATION_FEATURE_EXTRACTOR_V0.1,OBSERVED,evidence_europepmc,5e3dc36a0bca9be04c6f0a808bfc2e2f25c31674,DA_RAW_5106f92e3ee59d96b66875dd8ec6da45513931293b029d517e71e35f3f7bfe00,COMPONENT_NATIVE_REFERENCE_PRESENT,RESOLVED_SNAPSHOT_RAW_RECORD_MANIFEST,outputs/disease_association_component_v0.1/component_records.jsonl,"MMP11 is used as an illustrative biological worked example for scientific communication. Its inclusion is not the result of a project-level therapeutic target ranking, scoring, or recommendation procedure."
ENSG00000099953.9,COMP_DISEASE_ASSOCIATION,COMP_DISEASE_ASSOCIATION_V0.1,CMPREC_DA_BA57CC2D64F0EB16106D0D9541FE2321,FTR_DA_9CBAA2F3D8254785BBF693BC,disease_association_record_count,CLM_DA_0A038DDA52364983DD9B57DC,DA_RAW_8ddc9f2c4e8eea5cab6bc7153c3e43fcf2a1bd4d4d80030098d8e248aa7b3704,SRC_OPEN_TARGETS_PLATFORM,26.06,SNAP_DA_OT_26_06_LUAD_EXACT_UNIV_TASK030_V0_1,INV_35f5cd38fe9fe28f529cd56fbd85d5c672bd8b28652de36631cf25ecc89f0b41,ed59277e1bc245e061fab7029c0ad3caabe7eb3e7470ef326ce7ca633693da43,DEP_DA_3D5548EFD1D961343161439A,DEPENDENT,SAME_SOURCE|SHARED_DATASET,DAR_RECORD_COUNT_V0_1,DISEASE_ASSOCIATION_FEATURE_EXTRACTOR_V0.1,OBSERVED,evidence_europepmc,55a184ffac9cdf953862687b65ff274c8d033de9,DA_RAW_8ddc9f2c4e8eea5cab6bc7153c3e43fcf2a1bd4d4d80030098d8e248aa7b3704,COMPONENT_NATIVE_REFERENCE_PRESENT,RESOLVED_SNAPSHOT_RAW_RECORD_MANIFEST,outputs/disease_association_component_v0.1/component_records.jsonl,"MMP11 is used as an illustrative biological worked example for scientific communication. Its inclusion is not the result of a project-level therapeutic target ranking, scoring, or recommendation procedure."
ENSG00000099953.9,COMP_DISEASE_ASSOCIATION,COMP_DISEASE_ASSOCIATION_V0.1,CMPREC_DA_BA57CC2D64F0EB16106D0D9541FE2321,FTR_DA_9CBAA2F3D8254785BBF693BC,disease_association_record_count,CLM_DA_0A038DDA52364983DD9B57DC,DA_RAW_0cf8d44b41e91f2bc6951f44132527d92e14091d0690a88df7ad73a912683d85,SRC_OPEN_TARGETS_PLATFORM,26.06,SNAP_DA_OT_26_06_LUAD_EXACT_UNIV_TASK030_V0_1,INV_76287eb8fd5f05102249a74953e6c940e472be9c8635681be24c88f6e9be3676,6cb30a3470036c91d1be3ebc6c3b503e59f1869bd29942a282716314c34c65de,DEP_DA_0D444064DB795CE326277536,DEPENDENT,SAME_SOURCE|SHARED_DATASET,DAR_RECORD_COUNT_V0_1,DISEASE_ASSOCIATION_FEATURE_EXTRACTOR_V0.1,OBSERVED,evidence_europepmc,5e685475f71d483c896b950025992e3384bc8a50,DA_RAW_0cf8d44b41e91f2bc6951f44132527d92e14091d0690a88df7ad73a912683d85,COMPONENT_NATIVE_REFERENCE_PRESENT,RESOLVED_SNAPSHOT_RAW_RECORD_MANIFEST,outputs/disease_association_component_v0.1/component_records.jsonl,"MMP11 is used as an illustrative biological worked example for scientific communication. Its inclusion is not the result of a project-level therapeutic target ranking, scoring, or recommendation procedure."
ENSG00000099953.9,COMP_DISEASE_ASSOCIATION,COMP_DISEASE_ASSOCIATION_V0.1,CMPREC_DA_BA57CC2D64F0EB16106D0D9541FE2321,FTR_DA_9CBAA2F3D8254785BBF693BC,disease_association_record_count,CLM_DA_0A038DDA52364983DD9B57DC,DA_RAW_b86a58ad8519defdd1e292a6f04a4e65d989dfdfb3144ad7c7b106b4f3b90e09,SRC_OPEN_TARGETS_PLATFORM,26.06,SNAP_DA_OT_26_06_LUAD_EXACT_UNIV_TASK030_V0_1,INV_bbb5f7b7fee75f78753f741033173ed4824a2b5c4ce6807ba9dfe3c3a00ef828,3f5573a993962ccc3089b580c1165839afae16a017709861d52ea01ae7d407bc,DEP_DA_89D55C00FF3E18C3119A1F06,DEPENDENT,SAME_SOURCE|SHARED_DATASET,DAR_RECORD_COUNT_V0_1,DISEASE_ASSOCIATION_FEATURE_EXTRACTOR_V0.1,OBSERVED,evidence_europepmc,7fa01a788b07290c833e3dd14ac4940604d06f10,DA_RAW_b86a58ad8519defdd1e292a6f04a4e65d989dfdfb3144ad7c7b106b4f3b90e09,COMPONENT_NATIVE_REFERENCE_PRESENT,RESOLVED_SNAPSHOT_RAW_RECORD_MANIFEST,outputs/disease_association_component_v0.1/component_records.jsonl,"MMP11 is used as an illustrative biological worked example for scientific communication. Its inclusion is not the result of a project-level therapeutic target ranking, scoring, or recommendation procedure."
ENSG00000099953.9,COMP_DISEASE_ASSOCIATION,COMP_DISEASE_ASSOCIATION_V0.1,CMPREC_DA_BA57CC2D64F0EB16106D0D9541FE2321,FTR_DA_9CBAA2F3D8254785BBF693BC,disease_association_record_count,CLM_DA_0A038DDA52364983DD9B57DC,DA_RAW_fcf06b5d6de7cd1272387415ade16051f4ffdae6e72768613546d8460e107c9c,SRC_OPEN_TARGETS_PLATFORM,26.06,SNAP_DA_OT_26_06_LUAD_EXACT_UNIV_TASK030_V0_1,INV_137f5a6638b21243ac3bb78768a556bb41317ea52696ab04c184926b6e5f5e26,07e0849758c1b04d09c23123f9a64f2dcb08d927b51c42a0d0caf156984293d4,DEP_DA_54B4D11893ABDD72D208BC3A,DEPENDENT,SAME_SOURCE|SHARED_DATASET,DAR_RECORD_COUNT_V0_1,DISEASE_ASSOCIATION_FEATURE_EXTRACTOR_V0.1,OBSERVED,evidence_europepmc,5c81e7e788334eea06776a98efb8b8e792fe4673,DA_RAW_fcf06b5d6de7cd1272387415ade16051f4ffdae6e72768613546d8460e107c9c,COMPONENT_NATIVE_REFERENCE_PRESENT,RESOLVED_SNAPSHOT_RAW_RECORD_MANIFEST,outputs/disease_association_component_v0.1/component_records.jsonl,"MMP11 is used as an illustrative biological worked example for scientific communication. Its inclusion is not the result of a project-level therapeutic target ranking, scoring, or recommendation procedure."
ENSG00000099953.9,COMP_DISEASE_ASSOCIATION,COMP_DISEASE_ASSOCIATION_V0.1,CMPREC_DA_BA57CC2D64F0EB16106D0D9541FE2321,FTR_DA_9CBAA2F3D8254785BBF693BC,disease_association_record_count,CLM_DA_0A038DDA52364983DD9B57DC,DA_RAW_3b25d179be56924cd196608d5d3d83fd13497741fe4e7a42898cb6c1475e141b,SRC_OPEN_TARGETS_PLATFORM,26.06,SNAP_DA_OT_26_06_LUAD_EXACT_UNIV_TASK030_V0_1,INV_cb597cc950956cc9f78af3c7c89fddf3e00d5a881172ca04a5c9ebfc322b732b,2e548a37b15f7c0fe046f0d2d6d6f19bca2b978a51b73dad5b1bb3c6b94d42f5,DEP_DA_41CBEE0435E46F51678E268B,DEPENDENT,SAME_SOURCE|SHARED_DATASET,DAR_RECORD_COUNT_V0_1,DISEASE_ASSOCIATION_FEATURE_EXTRACTOR_V0.1,OBSERVED,evidence_europepmc,f65de7ecd8531c2c8f92671e08bff6382c9de09f,DA_RAW_3b25d179be56924cd196608d5d3d83fd13497741fe4e7a42898cb6c1475e141b,COMPONENT_NATIVE_REFERENCE_PRESENT,RESOLVED_SNAPSHOT_RAW_RECORD_MANIFEST,outputs/disease_association_component_v0.1/component_records.jsonl,"MMP11 is used as an illustrative biological worked example for scientific communication. Its inclusion is not the result of a project-level therapeutic target ranking, scoring, or recommendation procedure."
ENSG00000099953.9,COMP_DISEASE_ASSOCIATION,COMP_DISEASE_ASSOCIATION_V0.1,CMPREC_DA_BA57CC2D64F0EB16106D0D9541FE2321,FTR_DA_9CBAA2F3D8254785BBF693BC,disease_association_record_count,CLM_DA_0A038DDA52364983DD9B57DC,DA_RAW_884ab3014cb909a3b0747ece3ab1d95dd6acd5f3bf516dbd61ad5a2480a590f8,SRC_OPEN_TARGETS_PLATFORM,26.06,SNAP_DA_OT_26_06_LUAD_EXACT_UNIV_TASK030_V0_1,INV_f41ffa2df1b253e716ca65074890b809126c34193db380fa0ae538e1d86744a9,bcd2339d4f7bd305df921cd250f674cc3b4a71fa6982820a12361f8e93d863fc,DEP_DA_E4E62DC90E1E2CA9BD0B5806,DEPENDENT,SAME_SOURCE|SHARED_DATASET,DAR_RECORD_COUNT_V0_1,DISEASE_ASSOCIATION_FEATURE_EXTRACTOR_V0.1,OBSERVED,evidence_expression_atlas,6a177018bed8fb7f519283795eb886be96854a51,DA_RAW_884ab3014cb909a3b0747ece3ab1d95dd6acd5f3bf516dbd61ad5a2480a590f8,COMPONENT_NATIVE_REFERENCE_PRESENT,RESOLVED_SNAPSHOT_RAW_RECORD_MANIFEST,outputs/disease_association_component_v0.1/component_records.jsonl,"MMP11 is used as an illustrative biological worked example for scientific communication. Its inclusion is not the result of a project-level therapeutic target ranking, scoring, or recommendation procedure."
ENSG00000099953.9,COMP_DISEASE_ASSOCIATION,COMP_DISEASE_ASSOCIATION_V0.1,CMPREC_DA_BA57CC2D64F0EB16106D0D9541FE2321,FTR_DA_9CBAA2F3D8254785BBF693BC,disease_association_record_count,CLM_DA_0A038DDA52364983DD9B57DC,DA_RAW_fe1209a61069fa7275488608327d18fdd6e068792292b0914345392c9f7ede36,SRC_OPEN_TARGETS_PLATFORM,26.06,SNAP_DA_OT_26_06_LUAD_EXACT_UNIV_TASK030_V0_1,INV_f41ffa2df1b253e716ca65074890b809126c34193db380fa0ae538e1d86744a9,bcd2339d4f7bd305df921cd250f674cc3b4a71fa6982820a12361f8e93d863fc,DEP_DA_C086CE4FF21F62C58E5E2127,DEPENDENT,SAME_SOURCE|SHARED_DATASET,DAR_RECORD_COUNT_V0_1,DISEASE_ASSOCIATION_FEATURE_EXTRACTOR_V0.1,OBSERVED,evidence_expression_atlas,185140b60536b9d61a7039c873b0862e1b52aa3d,DA_RAW_fe1209a61069fa7275488608327d18fdd6e068792292b0914345392c9f7ede36,COMPONENT_NATIVE_REFERENCE_PRESENT,RESOLVED_SNAPSHOT_RAW_RECORD_MANIFEST,outputs/disease_association_component_v0.1/component_records.jsonl,"MMP11 is used as an illustrative biological worked example for scientific communication. Its inclusion is not the result of a project-level therapeutic target ranking, scoring, or recommendation procedure."
ENSG00000099953.9,COMP_DISEASE_ASSOCIATION,COMP_DISEASE_ASSOCIATION_V0.1,CMPREC_DA_BA57CC2D64F0EB16106D0D9541FE2321,FTR_DA_9CBAA2F3D8254785BBF693BC,disease_association_record_count,CLM_DA_0A038DDA52364983DD9B57DC,DA_RAW_cac7aeeeadd88cfdd97315750762c76535f4083b0f868a46d47482a0fb6d932f,SRC_OPEN_TARGETS_PLATFORM,26.06,SNAP_DA_OT_26_06_LUAD_EXACT_UNIV_TASK030_V0_1,INV_f41ffa2df1b253e716ca65074890b809126c34193db380fa0ae538e1d86744a9,bcd2339d4f7bd305df921cd250f674cc3b4a71fa6982820a12361f8e93d863fc,DEP_DA_70BA3AA83504BF15633B377D,DEPENDENT,SAME_SOURCE|SHARED_DATASET,DAR_RECORD_COUNT_V0_1,DISEASE_ASSOCIATION_FEATURE_EXTRACTOR_V0.1,OBSERVED,evidence_expression_atlas,294e88ebd43931d4688d38f5a9cbf29fb94ef3c5,DA_RAW_cac7aeeeadd88cfdd97315750762c76535f4083b0f868a46d47482a0fb6d932f,COMPONENT_NATIVE_REFERENCE_PRESENT,RESOLVED_SNAPSHOT_RAW_RECORD_MANIFEST,outputs/disease_association_component_v0.1/component_records.jsonl,"MMP11 is used as an illustrative biological worked example for scientific communication. Its inclusion is not the result of a project-level therapeutic target ranking, scoring, or recommendation procedure."
ENSG00000099953.9,COMP_DISEASE_ASSOCIATION,COMP_DISEASE_ASSOCIATION_V0.1,CMPREC_DA_BA57CC2D64F0EB16106D0D9541FE2321,FTR_DA_9CBAA2F3D8254785BBF693BC,disease_association_record_count,CLM_DA_0A038DDA52364983DD9B57DC,DA_RAW_94b7fa443decc7e03b937392049e80f05a62aeade525696b50f285495e800bf7,SRC_OPEN_TARGETS_PLATFORM,26.06,SNAP_DA_OT_26_06_LUAD_EXACT_UNIV_TASK030_V0_1,INV_f41ffa2df1b253e716ca65074890b809126c34193db380fa0ae538e1d86744a9,bcd2339d4f7bd305df921cd250f674cc3b4a71fa6982820a12361f8e93d863fc,DEP_DA_CB8BECA411FECF9AC5C3C1B0,DEPENDENT,SAME_SOURCE|SHARED_DATASET,DAR_RECORD_COUNT_V0_1,DISEASE_ASSOCIATION_FEATURE_EXTRACTOR_V0.1,OBSERVED,evidence_expression_atlas,2a79ab18055dd5fc64fa9732703407f6e807dad9,DA_RAW_94b7fa443decc7e03b937392049e80f05a62aeade525696b50f285495e800bf7,COMPONENT_NATIVE_REFERENCE_PRESENT,RESOLVED_SNAPSHOT_RAW_RECORD_MANIFEST,outputs/disease_association_component_v0.1/component_records.jsonl,"MMP11 is used as an illustrative biological worked example for scientific communication. Its inclusion is not the result of a project-level therapeutic target ranking, scoring, or recommendation procedure."
ENSG00000099953.9,COMP_DISEASE_ASSOCIATION,COMP_DISEASE_ASSOCIATION_V0.1,CMPREC_DA_BA57CC2D64F0EB16106D0D9541FE2321,FTR_DA_9CBAA2F3D8254785BBF693BC,disease_association_record_count,CLM_DA_0A038DDA52364983DD9B57DC,DA_RAW_c855784afb305dfc6e2595ce462ebdf7bb5f7c0126bb949bfe80f9f189b62b97,SRC_OPEN_TARGETS_PLATFORM,26.06,SNAP_DA_OT_26_06_LUAD_EXACT_UNIV_TASK030_V0_1,INV_f41ffa2df1b253e716ca65074890b809126c34193db380fa0ae538e1d86744a9,bcd2339d4f7bd305df921cd250f674cc3b4a71fa6982820a12361f8e93d863fc,DEP_DA_37454054FA3857773D15A949,DEPENDENT,SAME_SOURCE|SHARED_DATASET,DAR_RECORD_COUNT_V0_1,DISEASE_ASSOCIATION_FEATURE_EXTRACTOR_V0.1,OBSERVED,evidence_expression_atlas,2427a48723d397d3846f609b6389dbbec5e813b4,DA_RAW_c855784afb305dfc6e2595ce462ebdf7bb5f7c0126bb949bfe80f9f189b62b97,COMPONENT_NATIVE_REFERENCE_PRESENT,RESOLVED_SNAPSHOT_RAW_RECORD_MANIFEST,outputs/disease_association_component_v0.1/component_records.jsonl,"MMP11 is used as an illustrative biological worked example for scientific communication. Its inclusion is not the result of a project-level therapeutic target ranking, scoring, or recommendation procedure."
ENSG00000099953.9,COMP_DISEASE_ASSOCIATION,COMP_DISEASE_ASSOCIATION_V0.1,CMPREC_DA_BA57CC2D64F0EB16106D0D9541FE2321,FTR_DA_093FB4F50696ADD4A0FFEC7A,disease_association_record_role_set,CLM_DA_5E08A5BD46F1FC2432FC13E3,DA_RAW_4cf5b32a508113eb5602a4438e3448e8b08167b0dd0771dcb105a527396d78c0,SRC_OPEN_TARGETS_PLATFORM,26.06,SNAP_DA_OT_26_06_LUAD_EXACT_UNIV_TASK030_V0_1,INV_6a696278bcba8324abefb6029e4e702ef853a15e5dbae95eb76ce36edf40e213,444549a37400342ce803e0b1b67e574c26f7cc3f44e47089d59884d5f370e39e,DEP_DA_54A1C5E72D18283A3A4CB41E,DEPENDENT,SAME_SOURCE|SHARED_DATASET,DAR_RECORD_ROLE_SET_V0_1,DISEASE_ASSOCIATION_FEATURE_EXTRACTOR_V0.1,OBSERVED,evidence_europepmc,59c55e522b0b5fd951e296cb6937052ac6950c64,DA_RAW_4cf5b32a508113eb5602a4438e3448e8b08167b0dd0771dcb105a527396d78c0,COMPONENT_NATIVE_REFERENCE_PRESENT,RESOLVED_SNAPSHOT_RAW_RECORD_MANIFEST,outputs/disease_association_component_v0.1/component_records.jsonl,"MMP11 is used as an illustrative biological worked example for scientific communication. Its inclusion is not the result of a project-level therapeutic target ranking, scoring, or recommendation procedure."
ENSG00000099953.9,COMP_DISEASE_ASSOCIATION,COMP_DISEASE_ASSOCIATION_V0.1,CMPREC_DA_BA57CC2D64F0EB16106D0D9541FE2321,FTR_DA_093FB4F50696ADD4A0FFEC7A,disease_association_record_role_set,CLM_DA_5E08A5BD46F1FC2432FC13E3,DA_RAW_c3dd388c9f9df24eae9deee688c7c9fb7725b28fa34ee5c2f330bdf0495e9fc9,SRC_OPEN_TARGETS_PLATFORM,26.06,SNAP_DA_OT_26_06_LUAD_EXACT_UNIV_TASK030_V0_1,INV_97c9214eaf2013a683f0b920241886cf827d8aba76deca4212996c02cc08ee91,be938bc9a76e26e85064d36fb1bdd4b7bf0930a74a53b5155c5d02e5843ee4af,DEP_DA_F9A18860D87CB60708311FF6,DEPENDENT,SAME_SOURCE|SHARED_DATASET,DAR_RECORD_ROLE_SET_V0_1,DISEASE_ASSOCIATION_FEATURE_EXTRACTOR_V0.1,OBSERVED,evidence_europepmc,55a2c15edbd1d4e9429d3e76325e90204ab6c5e1,DA_RAW_c3dd388c9f9df24eae9deee688c7c9fb7725b28fa34ee5c2f330bdf0495e9fc9,COMPONENT_NATIVE_REFERENCE_PRESENT,RESOLVED_SNAPSHOT_RAW_RECORD_MANIFEST,outputs/disease_association_component_v0.1/component_records.jsonl,"MMP11 is used as an illustrative biological worked example for scientific communication. Its inclusion is not the result of a project-level therapeutic target ranking, scoring, or recommendation procedure."
ENSG00000099953.9,COMP_DISEASE_ASSOCIATION,COMP_DISEASE_ASSOCIATION_V0.1,CMPREC_DA_BA57CC2D64F0EB16106D0D9541FE2321,FTR_DA_093FB4F50696ADD4A0FFEC7A,disease_association_record_role_set,CLM_DA_5E08A5BD46F1FC2432FC13E3,DA_RAW_794ade1e615c6a00810c7988cd184167f2fb8dde251c4a9fd7819e3516e7d0e1,SRC_OPEN_TARGETS_PLATFORM,26.06,SNAP_DA_OT_26_06_LUAD_EXACT_UNIV_TASK030_V0_1,INV_97c9214eaf2013a683f0b920241886cf827d8aba76deca4212996c02cc08ee91,be938bc9a76e26e85064d36fb1bdd4b7bf0930a74a53b5155c5d02e5843ee4af,DEP_DA_9733EE27F823B75E148ABB39,DEPENDENT,SAME_SOURCE|SHARED_DATASET,DAR_RECORD_ROLE_SET_V0_1,DISEASE_ASSOCIATION_FEATURE_EXTRACTOR_V0.1,OBSERVED,evidence_europepmc,9267bee526b519ba6f8ff8823415df81aadd8c38,DA_RAW_794ade1e615c6a00810c7988cd184167f2fb8dde251c4a9fd7819e3516e7d0e1,COMPONENT_NATIVE_REFERENCE_PRESENT,RESOLVED_SNAPSHOT_RAW_RECORD_MANIFEST,outputs/disease_association_component_v0.1/component_records.jsonl,"MMP11 is used as an illustrative biological worked example for scientific communication. Its inclusion is not the result of a project-level therapeutic target ranking, scoring, or recommendation procedure."
ENSG00000099953.9,COMP_DISEASE_ASSOCIATION,COMP_DISEASE_ASSOCIATION_V0.1,CMPREC_DA_BA57CC2D64F0EB16106D0D9541FE2321,FTR_DA_093FB4F50696ADD4A0FFEC7A,disease_association_record_role_set,CLM_DA_5E08A5BD46F1FC2432FC13E3,DA_RAW_5106f92e3ee59d96b66875dd8ec6da45513931293b029d517e71e35f3f7bfe00,SRC_OPEN_TARGETS_PLATFORM,26.06,SNAP_DA_OT_26_06_LUAD_EXACT_UNIV_TASK030_V0_1,INV_01224a50883bbbe9c423f27ce52d6670d84432739a316eff9947f76871fa0df4,dae5397a17450f4564bf6ffe8f00fa5d99ff81f8579f18a106c690308bb6b103,DEP_DA_707DA79DD85D8383CD064A67,DEPENDENT,SAME_SOURCE|SHARED_DATASET,DAR_RECORD_ROLE_SET_V0_1,DISEASE_ASSOCIATION_FEATURE_EXTRACTOR_V0.1,OBSERVED,evidence_europepmc,5e3dc36a0bca9be04c6f0a808bfc2e2f25c31674,DA_RAW_5106f92e3ee59d96b66875dd8ec6da45513931293b029d517e71e35f3f7bfe00,COMPONENT_NATIVE_REFERENCE_PRESENT,RESOLVED_SNAPSHOT_RAW_RECORD_MANIFEST,outputs/disease_association_component_v0.1/component_records.jsonl,"MMP11 is used as an illustrative biological worked example for scientific communication. Its inclusion is not the result of a project-level therapeutic target ranking, scoring, or recommendation procedure."
ENSG00000099953.9,COMP_DISEASE_ASSOCIATION,COMP_DISEASE_ASSOCIATION_V0.1,CMPREC_DA_BA57CC2D64F0EB16106D0D9541FE2321,FTR_DA_093FB4F50696ADD4A0FFEC7A,disease_association_record_role_set,CLM_DA_5E08A5BD46F1FC2432FC13E3,DA_RAW_8ddc9f2c4e8eea5cab6bc7153c3e43fcf2a1bd4d4d80030098d8e248aa7b3704,SRC_OPEN_TARGETS_PLATFORM,26.06,SNAP_DA_OT_26_06_LUAD_EXACT_UNIV_TASK030_V0_1,INV_35f5cd38fe9fe28f529cd56fbd85d5c672bd8b28652de36631cf25ecc89f0b41,ed59277e1bc245e061fab7029c0ad3caabe7eb3e7470ef326ce7ca633693da43,DEP_DA_3D5548EFD1D961343161439A,DEPENDENT,SAME_SOURCE|SHARED_DATASET,DAR_RECORD_ROLE_SET_V0_1,DISEASE_ASSOCIATION_FEATURE_EXTRACTOR_V0.1,OBSERVED,evidence_europepmc,55a184ffac9cdf953862687b65ff274c8d033de9,DA_RAW_8ddc9f2c4e8eea5cab6bc7153c3e43fcf2a1bd4d4d80030098d8e248aa7b3704,COMPONENT_NATIVE_REFERENCE_PRESENT,RESOLVED_SNAPSHOT_RAW_RECORD_MANIFEST,outputs/disease_association_component_v0.1/component_records.jsonl,"MMP11 is used as an illustrative biological worked example for scientific communication. Its inclusion is not the result of a project-level therapeutic target ranking, scoring, or recommendation procedure."
ENSG00000099953.9,COMP_DISEASE_ASSOCIATION,COMP_DISEASE_ASSOCIATION_V0.1,CMPREC_DA_BA57CC2D64F0EB16106D0D9541FE2321,FTR_DA_093FB4F50696ADD4A0FFEC7A,disease_association_record_role_set,CLM_DA_5E08A5BD46F1FC2432FC13E3,DA_RAW_0cf8d44b41e91f2bc6951f44132527d92e14091d0690a88df7ad73a912683d85,SRC_OPEN_TARGETS_PLATFORM,26.06,SNAP_DA_OT_26_06_LUAD_EXACT_UNIV_TASK030_V0_1,INV_76287eb8fd5f05102249a74953e6c940e472be9c8635681be24c88f6e9be3676,6cb30a3470036c91d1be3ebc6c3b503e59f1869bd29942a282716314c34c65de,DEP_DA_0D444064DB795CE326277536,DEPENDENT,SAME_SOURCE|SHARED_DATASET,DAR_RECORD_ROLE_SET_V0_1,DISEASE_ASSOCIATION_FEATURE_EXTRACTOR_V0.1,OBSERVED,evidence_europepmc,5e685475f71d483c896b950025992e3384bc8a50,DA_RAW_0cf8d44b41e91f2bc6951f44132527d92e14091d0690a88df7ad73a912683d85,COMPONENT_NATIVE_REFERENCE_PRESENT,RESOLVED_SNAPSHOT_RAW_RECORD_MANIFEST,outputs/disease_association_component_v0.1/component_records.jsonl,"MMP11 is used as an illustrative biological worked example for scientific communication. Its inclusion is not the result of a project-level therapeutic target ranking, scoring, or recommendation procedure."
ENSG00000099953.9,COMP_DISEASE_ASSOCIATION,COMP_DISEASE_ASSOCIATION_V0.1,CMPREC_DA_BA57CC2D64F0EB16106D0D9541FE2321,FTR_DA_093FB4F50696ADD4A0FFEC7A,disease_association_record_role_set,CLM_DA_5E08A5BD46F1FC2432FC13E3,DA_RAW_b86a58ad8519defdd1e292a6f04a4e65d989dfdfb3144ad7c7b106b4f3b90e09,SRC_OPEN_TARGETS_PLATFORM,26.06,SNAP_DA_OT_26_06_LUAD_EXACT_UNIV_TASK030_V0_1,INV_bbb5f7b7fee75f78753f741033173ed4824a2b5c4ce6807ba9dfe3c3a00ef828,3f5573a993962ccc3089b580c1165839afae16a017709861d52ea01ae7d407bc,DEP_DA_89D55C00FF3E18C3119A1F06,DEPENDENT,SAME_SOURCE|SHARED_DATASET,DAR_RECORD_ROLE_SET_V0_1,DISEASE_ASSOCIATION_FEATURE_EXTRACTOR_V0.1,OBSERVED,evidence_europepmc,7fa01a788b07290c833e3dd14ac4940604d06f10,DA_RAW_b86a58ad8519defdd1e292a6f04a4e65d989dfdfb3144ad7c7b106b4f3b90e09,COMPONENT_NATIVE_REFERENCE_PRESENT,RESOLVED_SNAPSHOT_RAW_RECORD_MANIFEST,outputs/disease_association_component_v0.1/component_records.jsonl,"MMP11 is used as an illustrative biological worked example for scientific communication. Its inclusion is not the result of a project-level therapeutic target ranking, scoring, or recommendation procedure."
ENSG00000099953.9,COMP_DISEASE_ASSOCIATION,COMP_DISEASE_ASSOCIATION_V0.1,CMPREC_DA_BA57CC2D64F0EB16106D0D9541FE2321,FTR_DA_093FB4F50696ADD4A0FFEC7A,disease_association_record_role_set,CLM_DA_5E08A5BD46F1FC2432FC13E3,DA_RAW_fcf06b5d6de7cd1272387415ade16051f4ffdae6e72768613546d8460e107c9c,SRC_OPEN_TARGETS_PLATFORM,26.06,SNAP_DA_OT_26_06_LUAD_EXACT_UNIV_TASK030_V0_1,INV_137f5a6638b21243ac3bb78768a556bb41317ea52696ab04c184926b6e5f5e26,07e0849758c1b04d09c23123f9a64f2dcb08d927b51c42a0d0caf156984293d4,DEP_DA_54B4D11893ABDD72D208BC3A,DEPENDENT,SAME_SOURCE|SHARED_DATASET,DAR_RECORD_ROLE_SET_V0_1,DISEASE_ASSOCIATION_FEATURE_EXTRACTOR_V0.1,OBSERVED,evidence_europepmc,5c81e7e788334eea06776a98efb8b8e792fe4673,DA_RAW_fcf06b5d6de7cd1272387415ade16051f4ffdae6e72768613546d8460e107c9c,COMPONENT_NATIVE_REFERENCE_PRESENT,RESOLVED_SNAPSHOT_RAW_RECORD_MANIFEST,outputs/disease_association_component_v0.1/component_records.jsonl,"MMP11 is used as an illustrative biological worked example for scientific communication. Its inclusion is not the result of a project-level therapeutic target ranking, scoring, or recommendation procedure."
ENSG00000099953.9,COMP_DISEASE_ASSOCIATION,COMP_DISEASE_ASSOCIATION_V0.1,CMPREC_DA_BA57CC2D64F0EB16106D0D9541FE2321,FTR_DA_093FB4F50696ADD4A0FFEC7A,disease_association_record_role_set,CLM_DA_5E08A5BD46F1FC2432FC13E3,DA_RAW_3b25d179be56924cd196608d5d3d83fd13497741fe4e7a42898cb6c1475e141b,SRC_OPEN_TARGETS_PLATFORM,26.06,SNAP_DA_OT_26_06_LUAD_EXACT_UNIV_TASK030_V0_1,INV_cb597cc950956cc9f78af3c7c89fddf3e00d5a881172ca04a5c9ebfc322b732b,2e548a37b15f7c0fe046f0d2d6d6f19bca2b978a51b73dad5b1bb3c6b94d42f5,DEP_DA_41CBEE0435E46F51678E268B,DEPENDENT,SAME_SOURCE|SHARED_DATASET,DAR_RECORD_ROLE_SET_V0_1,DISEASE_ASSOCIATION_FEATURE_EXTRACTOR_V0.1,OBSERVED,evidence_europepmc,f65de7ecd8531c2c8f92671e08bff6382c9de09f,DA_RAW_3b25d179be56924cd196608d5d3d83fd13497741fe4e7a42898cb6c1475e141b,COMPONENT_NATIVE_REFERENCE_PRESENT,RESOLVED_SNAPSHOT_RAW_RECORD_MANIFEST,outputs/disease_association_component_v0.1/component_records.jsonl,"MMP11 is used as an illustrative biological worked example for scientific communication. Its inclusion is not the result of a project-level therapeutic target ranking, scoring, or recommendation procedure."
ENSG00000099953.9,COMP_DISEASE_ASSOCIATION,COMP_DISEASE_ASSOCIATION_V0.1,CMPREC_DA_BA57CC2D64F0EB16106D0D9541FE2321,FTR_DA_093FB4F50696ADD4A0FFEC7A,disease_association_record_role_set,CLM_DA_5E08A5BD46F1FC2432FC13E3,DA_RAW_884ab3014cb909a3b0747ece3ab1d95dd6acd5f3bf516dbd61ad5a2480a590f8,SRC_OPEN_TARGETS_PLATFORM,26.06,SNAP_DA_OT_26_06_LUAD_EXACT_UNIV_TASK030_V0_1,INV_f41ffa2df1b253e716ca65074890b809126c34193db380fa0ae538e1d86744a9,bcd2339d4f7bd305df921cd250f674cc3b4a71fa6982820a12361f8e93d863fc,DEP_DA_E4E62DC90E1E2CA9BD0B5806,DEPENDENT,SAME_SOURCE|SHARED_DATASET,DAR_RECORD_ROLE_SET_V0_1,DISEASE_ASSOCIATION_FEATURE_EXTRACTOR_V0.1,OBSERVED,evidence_expression_atlas,6a177018bed8fb7f519283795eb886be96854a51,DA_RAW_884ab3014cb909a3b0747ece3ab1d95dd6acd5f3bf516dbd61ad5a2480a590f8,COMPONENT_NATIVE_REFERENCE_PRESENT,RESOLVED_SNAPSHOT_RAW_RECORD_MANIFEST,outputs/disease_association_component_v0.1/component_records.jsonl,"MMP11 is used as an illustrative biological worked example for scientific communication. Its inclusion is not the result of a project-level therapeutic target ranking, scoring, or recommendation procedure."
ENSG00000099953.9,COMP_DISEASE_ASSOCIATION,COMP_DISEASE_ASSOCIATION_V0.1,CMPREC_DA_BA57CC2D64F0EB16106D0D9541FE2321,FTR_DA_093FB4F50696ADD4A0FFEC7A,disease_association_record_role_set,CLM_DA_5E08A5BD46F1FC2432FC13E3,DA_RAW_fe1209a61069fa7275488608327d18fdd6e068792292b0914345392c9f7ede36,SRC_OPEN_TARGETS_PLATFORM,26.06,SNAP_DA_OT_26_06_LUAD_EXACT_UNIV_TASK030_V0_1,INV_f41ffa2df1b253e716ca65074890b809126c34193db380fa0ae538e1d86744a9,bcd2339d4f7bd305df921cd250f674cc3b4a71fa6982820a12361f8e93d863fc,DEP_DA_C086CE4FF21F62C58E5E2127,DEPENDENT,SAME_SOURCE|SHARED_DATASET,DAR_RECORD_ROLE_SET_V0_1,DISEASE_ASSOCIATION_FEATURE_EXTRACTOR_V0.1,OBSERVED,evidence_expression_atlas,185140b60536b9d61a7039c873b0862e1b52aa3d,DA_RAW_fe1209a61069fa7275488608327d18fdd6e068792292b0914345392c9f7ede36,COMPONENT_NATIVE_REFERENCE_PRESENT,RESOLVED_SNAPSHOT_RAW_RECORD_MANIFEST,outputs/disease_association_component_v0.1/component_records.jsonl,"MMP11 is used as an illustrative biological worked example for scientific communication. Its inclusion is not the result of a project-level therapeutic target ranking, scoring, or recommendation procedure."
ENSG00000099953.9,COMP_DISEASE_ASSOCIATION,COMP_DISEASE_ASSOCIATION_V0.1,CMPREC_DA_BA57CC2D64F0EB16106D0D9541FE2321,FTR_DA_093FB4F50696ADD4A0FFEC7A,disease_association_record_role_set,CLM_DA_5E08A5BD46F1FC2432FC13E3,DA_RAW_cac7aeeeadd88cfdd97315750762c76535f4083b0f868a46d47482a0fb6d932f,SRC_OPEN_TARGETS_PLATFORM,26.06,SNAP_DA_OT_26_06_LUAD_EXACT_UNIV_TASK030_V0_1,INV_f41ffa2df1b253e716ca65074890b809126c34193db380fa0ae538e1d86744a9,bcd2339d4f7bd305df921cd250f674cc3b4a71fa6982820a12361f8e93d863fc,DEP_DA_70BA3AA83504BF15633B377D,DEPENDENT,SAME_SOURCE|SHARED_DATASET,DAR_RECORD_ROLE_SET_V0_1,DISEASE_ASSOCIATION_FEATURE_EXTRACTOR_V0.1,OBSERVED,evidence_expression_atlas,294e88ebd43931d4688d38f5a9cbf29fb94ef3c5,DA_RAW_cac7aeeeadd88cfdd97315750762c76535f4083b0f868a46d47482a0fb6d932f,COMPONENT_NATIVE_REFERENCE_PRESENT,RESOLVED_SNAPSHOT_RAW_RECORD_MANIFEST,outputs/disease_association_component_v0.1/component_records.jsonl,"MMP11 is used as an illustrative biological worked example for scientific communication. Its inclusion is not the result of a project-level therapeutic target ranking, scoring, or recommendation procedure."
ENSG00000099953.9,COMP_DISEASE_ASSOCIATION,COMP_DISEASE_ASSOCIATION_V0.1,CMPREC_DA_BA57CC2D64F0EB16106D0D9541FE2321,FTR_DA_093FB4F50696ADD4A0FFEC7A,disease_association_record_role_set,CLM_DA_5E08A5BD46F1FC2432FC13E3,DA_RAW_94b7fa443decc7e03b937392049e80f05a62aeade525696b50f285495e800bf7,SRC_OPEN_TARGETS_PLATFORM,26.06,SNAP_DA_OT_26_06_LUAD_EXACT_UNIV_TASK030_V0_1,INV_f41ffa2df1b253e716ca65074890b809126c34193db380fa0ae538e1d86744a9,bcd2339d4f7bd305df921cd250f674cc3b4a71fa6982820a12361f8e93d863fc,DEP_DA_CB8BECA411FECF9AC5C3C1B0,DEPENDENT,SAME_SOURCE|SHARED_DATASET,DAR_RECORD_ROLE_SET_V0_1,DISEASE_ASSOCIATION_FEATURE_EXTRACTOR_V0.1,OBSERVED,evidence_expression_atlas,2a79ab18055dd5fc64fa9732703407f6e807dad9,DA_RAW_94b7fa443decc7e03b937392049e80f05a62aeade525696b50f285495e800bf7,COMPONENT_NATIVE_REFERENCE_PRESENT,RESOLVED_SNAPSHOT_RAW_RECORD_MANIFEST,outputs/disease_association_component_v0.1/component_records.jsonl,"MMP11 is used as an illustrative biological worked example for scientific communication. Its inclusion is not the result of a project-level therapeutic target ranking, scoring, or recommendation procedure."
ENSG00000099953.9,COMP_DISEASE_ASSOCIATION,COMP_DISEASE_ASSOCIATION_V0.1,CMPREC_DA_BA57CC2D64F0EB16106D0D9541FE2321,FTR_DA_093FB4F50696ADD4A0FFEC7A,disease_association_record_role_set,CLM_DA_5E08A5BD46F1FC2432FC13E3,DA_RAW_c855784afb305dfc6e2595ce462ebdf7bb5f7c0126bb949bfe80f9f189b62b97,SRC_OPEN_TARGETS_PLATFORM,26.06,SNAP_DA_OT_26_06_LUAD_EXACT_UNIV_TASK030_V0_1,INV_f41ffa2df1b253e716ca65074890b809126c34193db380fa0ae538e1d86744a9,bcd2339d4f7bd305df921cd250f674cc3b4a71fa6982820a12361f8e93d863fc,DEP_DA_37454054FA3857773D15A949,DEPENDENT,SAME_SOURCE|SHARED_DATASET,DAR_RECORD_ROLE_SET_V0_1,DISEASE_ASSOCIATION_FEATURE_EXTRACTOR_V0.1,OBSERVED,evidence_expression_atlas,2427a48723d397d3846f609b6389dbbec5e813b4,DA_RAW_c855784afb305dfc6e2595ce462ebdf7bb5f7c0126bb949bfe80f9f189b62b97,COMPONENT_NATIVE_REFERENCE_PRESENT,RESOLVED_SNAPSHOT_RAW_RECORD_MANIFEST,outputs/disease_association_component_v0.1/component_records.jsonl,"MMP11 is used as an illustrative biological worked example for scientific communication. Its inclusion is not the result of a project-level therapeutic target ranking, scoring, or recommendation procedure."
ENSG00000099953.9,COMP_DISEASE_ASSOCIATION,COMP_DISEASE_ASSOCIATION_V0.1,CMPREC_DA_BA57CC2D64F0EB16106D0D9541FE2321,FTR_DA_42A899132BADD20EABD36A29,disease_association_record_granularity_set,CLM_DA_49994B7D4437596402DC13AC,DA_RAW_4cf5b32a508113eb5602a4438e3448e8b08167b0dd0771dcb105a527396d78c0,SRC_OPEN_TARGETS_PLATFORM,26.06,SNAP_DA_OT_26_06_LUAD_EXACT_UNIV_TASK030_V0_1,INV_6a696278bcba8324abefb6029e4e702ef853a15e5dbae95eb76ce36edf40e213,444549a37400342ce803e0b1b67e574c26f7cc3f44e47089d59884d5f370e39e,DEP_DA_54A1C5E72D18283A3A4CB41E,DEPENDENT,SAME_SOURCE|SHARED_DATASET,DAR_RECORD_GRANULARITY_SET_V0_1,DISEASE_ASSOCIATION_FEATURE_EXTRACTOR_V0.1,UNKNOWN,evidence_europepmc,59c55e522b0b5fd951e296cb6937052ac6950c64,DA_RAW_4cf5b32a508113eb5602a4438e3448e8b08167b0dd0771dcb105a527396d78c0,COMPONENT_NATIVE_REFERENCE_PRESENT,RESOLVED_SNAPSHOT_RAW_RECORD_MANIFEST,outputs/disease_association_component_v0.1/component_records.jsonl,"MMP11 is used as an illustrative biological worked example for scientific communication. Its inclusion is not the result of a project-level therapeutic target ranking, scoring, or recommendation procedure."
ENSG00000099953.9,COMP_DISEASE_ASSOCIATION,COMP_DISEASE_ASSOCIATION_V0.1,CMPREC_DA_BA57CC2D64F0EB16106D0D9541FE2321,FTR_DA_42A899132BADD20EABD36A29,disease_association_record_granularity_set,CLM_DA_49994B7D4437596402DC13AC,DA_RAW_c3dd388c9f9df24eae9deee688c7c9fb7725b28fa34ee5c2f330bdf0495e9fc9,SRC_OPEN_TARGETS_PLATFORM,26.06,SNAP_DA_OT_26_06_LUAD_EXACT_UNIV_TASK030_V0_1,INV_97c9214eaf2013a683f0b920241886cf827d8aba76deca4212996c02cc08ee91,be938bc9a76e26e85064d36fb1bdd4b7bf0930a74a53b5155c5d02e5843ee4af,DEP_DA_F9A18860D87CB60708311FF6,DEPENDENT,SAME_SOURCE|SHARED_DATASET,DAR_RECORD_GRANULARITY_SET_V0_1,DISEASE_ASSOCIATION_FEATURE_EXTRACTOR_V0.1,UNKNOWN,evidence_europepmc,55a2c15edbd1d4e9429d3e76325e90204ab6c5e1,DA_RAW_c3dd388c9f9df24eae9deee688c7c9fb7725b28fa34ee5c2f330bdf0495e9fc9,COMPONENT_NATIVE_REFERENCE_PRESENT,RESOLVED_SNAPSHOT_RAW_RECORD_MANIFEST,outputs/disease_association_component_v0.1/component_records.jsonl,"MMP11 is used as an illustrative biological worked example for scientific communication. Its inclusion is not the result of a project-level therapeutic target ranking, scoring, or recommendation procedure."
ENSG00000099953.9,COMP_DISEASE_ASSOCIATION,COMP_DISEASE_ASSOCIATION_V0.1,CMPREC_DA_BA57CC2D64F0EB16106D0D9541FE2321,FTR_DA_42A899132BADD20EABD36A29,disease_association_record_granularity_set,CLM_DA_49994B7D4437596402DC13AC,DA_RAW_794ade1e615c6a00810c7988cd184167f2fb8dde251c4a9fd7819e3516e7d0e1,SRC_OPEN_TARGETS_PLATFORM,26.06,SNAP_DA_OT_26_06_LUAD_EXACT_UNIV_TASK030_V0_1,INV_97c9214eaf2013a683f0b920241886cf827d8aba76deca4212996c02cc08ee91,be938bc9a76e26e85064d36fb1bdd4b7bf0930a74a53b5155c5d02e5843ee4af,DEP_DA_9733EE27F823B75E148ABB39,DEPENDENT,SAME_SOURCE|SHARED_DATASET,DAR_RECORD_GRANULARITY_SET_V0_1,DISEASE_ASSOCIATION_FEATURE_EXTRACTOR_V0.1,UNKNOWN,evidence_europepmc,9267bee526b519ba6f8ff8823415df81aadd8c38,DA_RAW_794ade1e615c6a00810c7988cd184167f2fb8dde251c4a9fd7819e3516e7d0e1,COMPONENT_NATIVE_REFERENCE_PRESENT,RESOLVED_SNAPSHOT_RAW_RECORD_MANIFEST,outputs/disease_association_component_v0.1/component_records.jsonl,"MMP11 is used as an illustrative biological worked example for scientific communication. Its inclusion is not the result of a project-level therapeutic target ranking, scoring, or recommendation procedure."
ENSG00000099953.9,COMP_DISEASE_ASSOCIATION,COMP_DISEASE_ASSOCIATION_V0.1,CMPREC_DA_BA57CC2D64F0EB16106D0D9541FE2321,FTR_DA_42A899132BADD20EABD36A29,disease_association_record_granularity_set,CLM_DA_49994B7D4437596402DC13AC,DA_RAW_5106f92e3ee59d96b66875dd8ec6da45513931293b029d517e71e35f3f7bfe00,SRC_OPEN_TARGETS_PLATFORM,26.06,SNAP_DA_OT_26_06_LUAD_EXACT_UNIV_TASK030_V0_1,INV_01224a50883bbbe9c423f27ce52d6670d84432739a316eff9947f76871fa0df4,dae5397a17450f4564bf6ffe8f00fa5d99ff81f8579f18a106c690308bb6b103,DEP_DA_707DA79DD85D8383CD064A67,DEPENDENT,SAME_SOURCE|SHARED_DATASET,DAR_RECORD_GRANULARITY_SET_V0_1,DISEASE_ASSOCIATION_FEATURE_EXTRACTOR_V0.1,UNKNOWN,evidence_europepmc,5e3dc36a0bca9be04c6f0a808bfc2e2f25c31674,DA_RAW_5106f92e3ee59d96b66875dd8ec6da45513931293b029d517e71e35f3f7bfe00,COMPONENT_NATIVE_REFERENCE_PRESENT,RESOLVED_SNAPSHOT_RAW_RECORD_MANIFEST,outputs/disease_association_component_v0.1/component_records.jsonl,"MMP11 is used as an illustrative biological worked example for scientific communication. Its inclusion is not the result of a project-level therapeutic target ranking, scoring, or recommendation procedure."
ENSG00000099953.9,COMP_DISEASE_ASSOCIATION,COMP_DISEASE_ASSOCIATION_V0.1,CMPREC_DA_BA57CC2D64F0EB16106D0D9541FE2321,FTR_DA_42A899132BADD20EABD36A29,disease_association_record_granularity_set,CLM_DA_49994B7D4437596402DC13AC,DA_RAW_8ddc9f2c4e8eea5cab6bc7153c3e43fcf2a1bd4d4d80030098d8e248aa7b3704,SRC_OPEN_TARGETS_PLATFORM,26.06,SNAP_DA_OT_26_06_LUAD_EXACT_UNIV_TASK030_V0_1,INV_35f5cd38fe9fe28f529cd56fbd85d5c672bd8b28652de36631cf25ecc89f0b41,ed59277e1bc245e061fab7029c0ad3caabe7eb3e7470ef326ce7ca633693da43,DEP_DA_3D5548EFD1D961343161439A,DEPENDENT,SAME_SOURCE|SHARED_DATASET,DAR_RECORD_GRANULARITY_SET_V0_1,DISEASE_ASSOCIATION_FEATURE_EXTRACTOR_V0.1,UNKNOWN,evidence_europepmc,55a184ffac9cdf953862687b65ff274c8d033de9,DA_RAW_8ddc9f2c4e8eea5cab6bc7153c3e43fcf2a1bd4d4d80030098d8e248aa7b3704,COMPONENT_NATIVE_REFERENCE_PRESENT,RESOLVED_SNAPSHOT_RAW_RECORD_MANIFEST,outputs/disease_association_component_v0.1/component_records.jsonl,"MMP11 is used as an illustrative biological worked example for scientific communication. Its inclusion is not the result of a project-level therapeutic target ranking, scoring, or recommendation procedure."
ENSG00000099953.9,COMP_DISEASE_ASSOCIATION,COMP_DISEASE_ASSOCIATION_V0.1,CMPREC_DA_BA57CC2D64F0EB16106D0D9541FE2321,FTR_DA_42A899132BADD20EABD36A29,disease_association_record_granularity_set,CLM_DA_49994B7D4437596402DC13AC,DA_RAW_0cf8d44b41e91f2bc6951f44132527d92e14091d0690a88df7ad73a912683d85,SRC_OPEN_TARGETS_PLATFORM,26.06,SNAP_DA_OT_26_06_LUAD_EXACT_UNIV_TASK030_V0_1,INV_76287eb8fd5f05102249a74953e6c940e472be9c8635681be24c88f6e9be3676,6cb30a3470036c91d1be3ebc6c3b503e59f1869bd29942a282716314c34c65de,DEP_DA_0D444064DB795CE326277536,DEPENDENT,SAME_SOURCE|SHARED_DATASET,DAR_RECORD_GRANULARITY_SET_V0_1,DISEASE_ASSOCIATION_FEATURE_EXTRACTOR_V0.1,UNKNOWN,evidence_europepmc,5e685475f71d483c896b950025992e3384bc8a50,DA_RAW_0cf8d44b41e91f2bc6951f44132527d92e14091d0690a88df7ad73a912683d85,COMPONENT_NATIVE_REFERENCE_PRESENT,RESOLVED_SNAPSHOT_RAW_RECORD_MANIFEST,outputs/disease_association_component_v0.1/component_records.jsonl,"MMP11 is used as an illustrative biological worked example for scientific communication. Its inclusion is not the result of a project-level therapeutic target ranking, scoring, or recommendation procedure."
ENSG00000099953.9,COMP_DISEASE_ASSOCIATION,COMP_DISEASE_ASSOCIATION_V0.1,CMPREC_DA_BA57CC2D64F0EB16106D0D9541FE2321,FTR_DA_42A899132BADD20EABD36A29,disease_association_record_granularity_set,CLM_DA_49994B7D4437596402DC13AC,DA_RAW_b86a58ad8519defdd1e292a6f04a4e65d989dfdfb3144ad7c7b106b4f3b90e09,SRC_OPEN_TARGETS_PLATFORM,26.06,SNAP_DA_OT_26_06_LUAD_EXACT_UNIV_TASK030_V0_1,INV_bbb5f7b7fee75f78753f741033173ed4824a2b5c4ce6807ba9dfe3c3a00ef828,3f5573a993962ccc3089b580c1165839afae16a017709861d52ea01ae7d407bc,DEP_DA_89D55C00FF3E18C3119A1F06,DEPENDENT,SAME_SOURCE|SHARED_DATASET,DAR_RECORD_GRANULARITY_SET_V0_1,DISEASE_ASSOCIATION_FEATURE_EXTRACTOR_V0.1,UNKNOWN,evidence_europepmc,7fa01a788b07290c833e3dd14ac4940604d06f10,DA_RAW_b86a58ad8519defdd1e292a6f04a4e65d989dfdfb3144ad7c7b106b4f3b90e09,COMPONENT_NATIVE_REFERENCE_PRESENT,RESOLVED_SNAPSHOT_RAW_RECORD_MANIFEST,outputs/disease_association_component_v0.1/component_records.jsonl,"MMP11 is used as an illustrative biological worked example for scientific communication. Its inclusion is not the result of a project-level therapeutic target ranking, scoring, or recommendation procedure."
ENSG00000099953.9,COMP_DISEASE_ASSOCIATION,COMP_DISEASE_ASSOCIATION_V0.1,CMPREC_DA_BA57CC2D64F0EB16106D0D9541FE2321,FTR_DA_42A899132BADD20EABD36A29,disease_association_record_granularity_set,CLM_DA_49994B7D4437596402DC13AC,DA_RAW_fcf06b5d6de7cd1272387415ade16051f4ffdae6e72768613546d8460e107c9c,SRC_OPEN_TARGETS_PLATFORM,26.06,SNAP_DA_OT_26_06_LUAD_EXACT_UNIV_TASK030_V0_1,INV_137f5a6638b21243ac3bb78768a556bb41317ea52696ab04c184926b6e5f5e26,07e0849758c1b04d09c23123f9a64f2dcb08d927b51c42a0d0caf156984293d4,DEP_DA_54B4D11893ABDD72D208BC3A,DEPENDENT,SAME_SOURCE|SHARED_DATASET,DAR_RECORD_GRANULARITY_SET_V0_1,DISEASE_ASSOCIATION_FEATURE_EXTRACTOR_V0.1,UNKNOWN,evidence_europepmc,5c81e7e788334eea06776a98efb8b8e792fe4673,DA_RAW_fcf06b5d6de7cd1272387415ade16051f4ffdae6e72768613546d8460e107c9c,COMPONENT_NATIVE_REFERENCE_PRESENT,RESOLVED_SNAPSHOT_RAW_RECORD_MANIFEST,outputs/disease_association_component_v0.1/component_records.jsonl,"MMP11 is used as an illustrative biological worked example for scientific communication. Its inclusion is not the result of a project-level therapeutic target ranking, scoring, or recommendation procedure."
ENSG00000099953.9,COMP_DISEASE_ASSOCIATION,COMP_DISEASE_ASSOCIATION_V0.1,CMPREC_DA_BA57CC2D64F0EB16106D0D9541FE2321,FTR_DA_42A899132BADD20EABD36A29,disease_association_record_granularity_set,CLM_DA_49994B7D4437596402DC13AC,DA_RAW_3b25d179be56924cd196608d5d3d83fd13497741fe4e7a42898cb6c1475e141b,SRC_OPEN_TARGETS_PLATFORM,26.06,SNAP_DA_OT_26_06_LUAD_EXACT_UNIV_TASK030_V0_1,INV_cb597cc950956cc9f78af3c7c89fddf3e00d5a881172ca04a5c9ebfc322b732b,2e548a37b15f7c0fe046f0d2d6d6f19bca2b978a51b73dad5b1bb3c6b94d42f5,DEP_DA_41CBEE0435E46F51678E268B,DEPENDENT,SAME_SOURCE|SHARED_DATASET,DAR_RECORD_GRANULARITY_SET_V0_1,DISEASE_ASSOCIATION_FEATURE_EXTRACTOR_V0.1,UNKNOWN,evidence_europepmc,f65de7ecd8531c2c8f92671e08bff6382c9de09f,DA_RAW_3b25d179be56924cd196608d5d3d83fd13497741fe4e7a42898cb6c1475e141b,COMPONENT_NATIVE_REFERENCE_PRESENT,RESOLVED_SNAPSHOT_RAW_RECORD_MANIFEST,outputs/disease_association_component_v0.1/component_records.jsonl,"MMP11 is used as an illustrative biological worked example for scientific communication. Its inclusion is not the result of a project-level therapeutic target ranking, scoring, or recommendation procedure."
ENSG00000099953.9,COMP_DISEASE_ASSOCIATION,COMP_DISEASE_ASSOCIATION_V0.1,CMPREC_DA_BA57CC2D64F0EB16106D0D9541FE2321,FTR_DA_42A899132BADD20EABD36A29,disease_association_record_granularity_set,CLM_DA_49994B7D4437596402DC13AC,DA_RAW_884ab3014cb909a3b0747ece3ab1d95dd6acd5f3bf516dbd61ad5a2480a590f8,SRC_OPEN_TARGETS_PLATFORM,26.06,SNAP_DA_OT_26_06_LUAD_EXACT_UNIV_TASK030_V0_1,INV_f41ffa2df1b253e716ca65074890b809126c34193db380fa0ae538e1d86744a9,bcd2339d4f7bd305df921cd250f674cc3b4a71fa6982820a12361f8e93d863fc,DEP_DA_E4E62DC90E1E2CA9BD0B5806,DEPENDENT,SAME_SOURCE|SHARED_DATASET,DAR_RECORD_GRANULARITY_SET_V0_1,DISEASE_ASSOCIATION_FEATURE_EXTRACTOR_V0.1,UNKNOWN,evidence_expression_atlas,6a177018bed8fb7f519283795eb886be96854a51,DA_RAW_884ab3014cb909a3b0747ece3ab1d95dd6acd5f3bf516dbd61ad5a2480a590f8,COMPONENT_NATIVE_REFERENCE_PRESENT,RESOLVED_SNAPSHOT_RAW_RECORD_MANIFEST,outputs/disease_association_component_v0.1/component_records.jsonl,"MMP11 is used as an illustrative biological worked example for scientific communication. Its inclusion is not the result of a project-level therapeutic target ranking, scoring, or recommendation procedure."
ENSG00000099953.9,COMP_DISEASE_ASSOCIATION,COMP_DISEASE_ASSOCIATION_V0.1,CMPREC_DA_BA57CC2D64F0EB16106D0D9541FE2321,FTR_DA_42A899132BADD20EABD36A29,disease_association_record_granularity_set,CLM_DA_49994B7D4437596402DC13AC,DA_RAW_fe1209a61069fa7275488608327d18fdd6e068792292b0914345392c9f7ede36,SRC_OPEN_TARGETS_PLATFORM,26.06,SNAP_DA_OT_26_06_LUAD_EXACT_UNIV_TASK030_V0_1,INV_f41ffa2df1b253e716ca65074890b809126c34193db380fa0ae538e1d86744a9,bcd2339d4f7bd305df921cd250f674cc3b4a71fa6982820a12361f8e93d863fc,DEP_DA_C086CE4FF21F62C58E5E2127,DEPENDENT,SAME_SOURCE|SHARED_DATASET,DAR_RECORD_GRANULARITY_SET_V0_1,DISEASE_ASSOCIATION_FEATURE_EXTRACTOR_V0.1,UNKNOWN,evidence_expression_atlas,185140b60536b9d61a7039c873b0862e1b52aa3d,DA_RAW_fe1209a61069fa7275488608327d18fdd6e068792292b0914345392c9f7ede36,COMPONENT_NATIVE_REFERENCE_PRESENT,RESOLVED_SNAPSHOT_RAW_RECORD_MANIFEST,outputs/disease_association_component_v0.1/component_records.jsonl,"MMP11 is used as an illustrative biological worked example for scientific communication. Its inclusion is not the result of a project-level therapeutic target ranking, scoring, or recommendation procedure."
ENSG00000099953.9,COMP_DISEASE_ASSOCIATION,COMP_DISEASE_ASSOCIATION_V0.1,CMPREC_DA_BA57CC2D64F0EB16106D0D9541FE2321,FTR_DA_42A899132BADD20EABD36A29,disease_association_record_granularity_set,CLM_DA_49994B7D4437596402DC13AC,DA_RAW_cac7aeeeadd88cfdd97315750762c76535f4083b0f868a46d47482a0fb6d932f,SRC_OPEN_TARGETS_PLATFORM,26.06,SNAP_DA_OT_26_06_LUAD_EXACT_UNIV_TASK030_V0_1,INV_f41ffa2df1b253e716ca65074890b809126c34193db380fa0ae538e1d86744a9,bcd2339d4f7bd305df921cd250f674cc3b4a71fa6982820a12361f8e93d863fc,DEP_DA_70BA3AA83504BF15633B377D,DEPENDENT,SAME_SOURCE|SHARED_DATASET,DAR_RECORD_GRANULARITY_SET_V0_1,DISEASE_ASSOCIATION_FEATURE_EXTRACTOR_V0.1,UNKNOWN,evidence_expression_atlas,294e88ebd43931d4688d38f5a9cbf29fb94ef3c5,DA_RAW_cac7aeeeadd88cfdd97315750762c76535f4083b0f868a46d47482a0fb6d932f,COMPONENT_NATIVE_REFERENCE_PRESENT,RESOLVED_SNAPSHOT_RAW_RECORD_MANIFEST,outputs/disease_association_component_v0.1/component_records.jsonl,"MMP11 is used as an illustrative biological worked example for scientific communication. Its inclusion is not the result of a project-level therapeutic target ranking, scoring, or recommendation procedure."
ENSG00000099953.9,COMP_DISEASE_ASSOCIATION,COMP_DISEASE_ASSOCIATION_V0.1,CMPREC_DA_BA57CC2D64F0EB16106D0D9541FE2321,FTR_DA_42A899132BADD20EABD36A29,disease_association_record_granularity_set,CLM_DA_49994B7D4437596402DC13AC,DA_RAW_94b7fa443decc7e03b937392049e80f05a62aeade525696b50f285495e800bf7,SRC_OPEN_TARGETS_PLATFORM,26.06,SNAP_DA_OT_26_06_LUAD_EXACT_UNIV_TASK030_V0_1,INV_f41ffa2df1b253e716ca65074890b809126c34193db380fa0ae538e1d86744a9,bcd2339d4f7bd305df921cd250f674cc3b4a71fa6982820a12361f8e93d863fc,DEP_DA_CB8BECA411FECF9AC5C3C1B0,DEPENDENT,SAME_SOURCE|SHARED_DATASET,DAR_RECORD_GRANULARITY_SET_V0_1,DISEASE_ASSOCIATION_FEATURE_EXTRACTOR_V0.1,UNKNOWN,evidence_expression_atlas,2a79ab18055dd5fc64fa9732703407f6e807dad9,DA_RAW_94b7fa443decc7e03b937392049e80f05a62aeade525696b50f285495e800bf7,COMPONENT_NATIVE_REFERENCE_PRESENT,RESOLVED_SNAPSHOT_RAW_RECORD_MANIFEST,outputs/disease_association_component_v0.1/component_records.jsonl,"MMP11 is used as an illustrative biological worked example for scientific communication. Its inclusion is not the result of a project-level therapeutic target ranking, scoring, or recommendation procedure."
ENSG00000099953.9,COMP_DISEASE_ASSOCIATION,COMP_DISEASE_ASSOCIATION_V0.1,CMPREC_DA_BA57CC2D64F0EB16106D0D9541FE2321,FTR_DA_42A899132BADD20EABD36A29,disease_association_record_granularity_set,CLM_DA_49994B7D4437596402DC13AC,DA_RAW_c855784afb305dfc6e2595ce462ebdf7bb5f7c0126bb949bfe80f9f189b62b97,SRC_OPEN_TARGETS_PLATFORM,26.06,SNAP_DA_OT_26_06_LUAD_EXACT_UNIV_TASK030_V0_1,INV_f41ffa2df1b253e716ca65074890b809126c34193db380fa0ae538e1d86744a9,bcd2339d4f7bd305df921cd250f674cc3b4a71fa6982820a12361f8e93d863fc,DEP_DA_37454054FA3857773D15A949,DEPENDENT,SAME_SOURCE|SHARED_DATASET,DAR_RECORD_GRANULARITY_SET_V0_1,DISEASE_ASSOCIATION_FEATURE_EXTRACTOR_V0.1,UNKNOWN,evidence_expression_atlas,2427a48723d397d3846f609b6389dbbec5e813b4,DA_RAW_c855784afb305dfc6e2595ce462ebdf7bb5f7c0126bb949bfe80f9f189b62b97,COMPONENT_NATIVE_REFERENCE_PRESENT,RESOLVED_SNAPSHOT_RAW_RECORD_MANIFEST,outputs/disease_association_component_v0.1/component_records.jsonl,"MMP11 is used as an illustrative biological worked example for scientific communication. Its inclusion is not the result of a project-level therapeutic target ranking, scoring, or recommendation procedure."
ENSG00000099953.9,COMP_DISEASE_ASSOCIATION,COMP_DISEASE_ASSOCIATION_V0.1,CMPREC_DA_BA57CC2D64F0EB16106D0D9541FE2321,FTR_DA_864C69CC403DD6C1884B29F7,disease_association_source_evidence_type_id_set,CLM_DA_1883E67B608998C44D1A3639,DA_RAW_4cf5b32a508113eb5602a4438e3448e8b08167b0dd0771dcb105a527396d78c0,SRC_OPEN_TARGETS_PLATFORM,26.06,SNAP_DA_OT_26_06_LUAD_EXACT_UNIV_TASK030_V0_1,INV_6a696278bcba8324abefb6029e4e702ef853a15e5dbae95eb76ce36edf40e213,444549a37400342ce803e0b1b67e574c26f7cc3f44e47089d59884d5f370e39e,DEP_DA_54A1C5E72D18283A3A4CB41E,DEPENDENT,SAME_SOURCE|SHARED_DATASET,DAR_SOURCE_EVIDENCE_TYPE_SET_V0_1,DISEASE_ASSOCIATION_FEATURE_EXTRACTOR_V0.1,OBSERVED,evidence_europepmc,59c55e522b0b5fd951e296cb6937052ac6950c64,DA_RAW_4cf5b32a508113eb5602a4438e3448e8b08167b0dd0771dcb105a527396d78c0,COMPONENT_NATIVE_REFERENCE_PRESENT,RESOLVED_SNAPSHOT_RAW_RECORD_MANIFEST,outputs/disease_association_component_v0.1/component_records.jsonl,"MMP11 is used as an illustrative biological worked example for scientific communication. Its inclusion is not the result of a project-level therapeutic target ranking, scoring, or recommendation procedure."
ENSG00000099953.9,COMP_DISEASE_ASSOCIATION,COMP_DISEASE_ASSOCIATION_V0.1,CMPREC_DA_BA57CC2D64F0EB16106D0D9541FE2321,FTR_DA_864C69CC403DD6C1884B29F7,disease_association_source_evidence_type_id_set,CLM_DA_1883E67B608998C44D1A3639,DA_RAW_c3dd388c9f9df24eae9deee688c7c9fb7725b28fa34ee5c2f330bdf0495e9fc9,SRC_OPEN_TARGETS_PLATFORM,26.06,SNAP_DA_OT_26_06_LUAD_EXACT_UNIV_TASK030_V0_1,INV_97c9214eaf2013a683f0b920241886cf827d8aba76deca4212996c02cc08ee91,be938bc9a76e26e85064d36fb1bdd4b7bf0930a74a53b5155c5d02e5843ee4af,DEP_DA_F9A18860D87CB60708311FF6,DEPENDENT,SAME_SOURCE|SHARED_DATASET,DAR_SOURCE_EVIDENCE_TYPE_SET_V0_1,DISEASE_ASSOCIATION_FEATURE_EXTRACTOR_V0.1,OBSERVED,evidence_europepmc,55a2c15edbd1d4e9429d3e76325e90204ab6c5e1,DA_RAW_c3dd388c9f9df24eae9deee688c7c9fb7725b28fa34ee5c2f330bdf0495e9fc9,COMPONENT_NATIVE_REFERENCE_PRESENT,RESOLVED_SNAPSHOT_RAW_RECORD_MANIFEST,outputs/disease_association_component_v0.1/component_records.jsonl,"MMP11 is used as an illustrative biological worked example for scientific communication. Its inclusion is not the result of a project-level therapeutic target ranking, scoring, or recommendation procedure."
ENSG00000099953.9,COMP_DISEASE_ASSOCIATION,COMP_DISEASE_ASSOCIATION_V0.1,CMPREC_DA_BA57CC2D64F0EB16106D0D9541FE2321,FTR_DA_864C69CC403DD6C1884B29F7,disease_association_source_evidence_type_id_set,CLM_DA_1883E67B608998C44D1A3639,DA_RAW_794ade1e615c6a00810c7988cd184167f2fb8dde251c4a9fd7819e3516e7d0e1,SRC_OPEN_TARGETS_PLATFORM,26.06,SNAP_DA_OT_26_06_LUAD_EXACT_UNIV_TASK030_V0_1,INV_97c9214eaf2013a683f0b920241886cf827d8aba76deca4212996c02cc08ee91,be938bc9a76e26e85064d36fb1bdd4b7bf0930a74a53b5155c5d02e5843ee4af,DEP_DA_9733EE27F823B75E148ABB39,DEPENDENT,SAME_SOURCE|SHARED_DATASET,DAR_SOURCE_EVIDENCE_TYPE_SET_V0_1,DISEASE_ASSOCIATION_FEATURE_EXTRACTOR_V0.1,OBSERVED,evidence_europepmc,9267bee526b519ba6f8ff8823415df81aadd8c38,DA_RAW_794ade1e615c6a00810c7988cd184167f2fb8dde251c4a9fd7819e3516e7d0e1,COMPONENT_NATIVE_REFERENCE_PRESENT,RESOLVED_SNAPSHOT_RAW_RECORD_MANIFEST,outputs/disease_association_component_v0.1/component_records.jsonl,"MMP11 is used as an illustrative biological worked example for scientific communication. Its inclusion is not the result of a project-level therapeutic target ranking, scoring, or recommendation procedure."
ENSG00000099953.9,COMP_DISEASE_ASSOCIATION,COMP_DISEASE_ASSOCIATION_V0.1,CMPREC_DA_BA57CC2D64F0EB16106D0D9541FE2321,FTR_DA_864C69CC403DD6C1884B29F7,disease_association_source_evidence_type_id_set,CLM_DA_1883E67B608998C44D1A3639,DA_RAW_5106f92e3ee59d96b66875dd8ec6da45513931293b029d517e71e35f3f7bfe00,SRC_OPEN_TARGETS_PLATFORM,26.06,SNAP_DA_OT_26_06_LUAD_EXACT_UNIV_TASK030_V0_1,INV_01224a50883bbbe9c423f27ce52d6670d84432739a316eff9947f76871fa0df4,dae5397a17450f4564bf6ffe8f00fa5d99ff81f8579f18a106c690308bb6b103,DEP_DA_707DA79DD85D8383CD064A67,DEPENDENT,SAME_SOURCE|SHARED_DATASET,DAR_SOURCE_EVIDENCE_TYPE_SET_V0_1,DISEASE_ASSOCIATION_FEATURE_EXTRACTOR_V0.1,OBSERVED,evidence_europepmc,5e3dc36a0bca9be04c6f0a808bfc2e2f25c31674,DA_RAW_5106f92e3ee59d96b66875dd8ec6da45513931293b029d517e71e35f3f7bfe00,COMPONENT_NATIVE_REFERENCE_PRESENT,RESOLVED_SNAPSHOT_RAW_RECORD_MANIFEST,outputs/disease_association_component_v0.1/component_records.jsonl,"MMP11 is used as an illustrative biological worked example for scientific communication. Its inclusion is not the result of a project-level therapeutic target ranking, scoring, or recommendation procedure."
ENSG00000099953.9,COMP_DISEASE_ASSOCIATION,COMP_DISEASE_ASSOCIATION_V0.1,CMPREC_DA_BA57CC2D64F0EB16106D0D9541FE2321,FTR_DA_864C69CC403DD6C1884B29F7,disease_association_source_evidence_type_id_set,CLM_DA_1883E67B608998C44D1A3639,DA_RAW_8ddc9f2c4e8eea5cab6bc7153c3e43fcf2a1bd4d4d80030098d8e248aa7b3704,SRC_OPEN_TARGETS_PLATFORM,26.06,SNAP_DA_OT_26_06_LUAD_EXACT_UNIV_TASK030_V0_1,INV_35f5cd38fe9fe28f529cd56fbd85d5c672bd8b28652de36631cf25ecc89f0b41,ed59277e1bc245e061fab7029c0ad3caabe7eb3e7470ef326ce7ca633693da43,DEP_DA_3D5548EFD1D961343161439A,DEPENDENT,SAME_SOURCE|SHARED_DATASET,DAR_SOURCE_EVIDENCE_TYPE_SET_V0_1,DISEASE_ASSOCIATION_FEATURE_EXTRACTOR_V0.1,OBSERVED,evidence_europepmc,55a184ffac9cdf953862687b65ff274c8d033de9,DA_RAW_8ddc9f2c4e8eea5cab6bc7153c3e43fcf2a1bd4d4d80030098d8e248aa7b3704,COMPONENT_NATIVE_REFERENCE_PRESENT,RESOLVED_SNAPSHOT_RAW_RECORD_MANIFEST,outputs/disease_association_component_v0.1/component_records.jsonl,"MMP11 is used as an illustrative biological worked example for scientific communication. Its inclusion is not the result of a project-level therapeutic target ranking, scoring, or recommendation procedure."
ENSG00000099953.9,COMP_DISEASE_ASSOCIATION,COMP_DISEASE_ASSOCIATION_V0.1,CMPREC_DA_BA57CC2D64F0EB16106D0D9541FE2321,FTR_DA_864C69CC403DD6C1884B29F7,disease_association_source_evidence_type_id_set,CLM_DA_1883E67B608998C44D1A3639,DA_RAW_0cf8d44b41e91f2bc6951f44132527d92e14091d0690a88df7ad73a912683d85,SRC_OPEN_TARGETS_PLATFORM,26.06,SNAP_DA_OT_26_06_LUAD_EXACT_UNIV_TASK030_V0_1,INV_76287eb8fd5f05102249a74953e6c940e472be9c8635681be24c88f6e9be3676,6cb30a3470036c91d1be3ebc6c3b503e59f1869bd29942a282716314c34c65de,DEP_DA_0D444064DB795CE326277536,DEPENDENT,SAME_SOURCE|SHARED_DATASET,DAR_SOURCE_EVIDENCE_TYPE_SET_V0_1,DISEASE_ASSOCIATION_FEATURE_EXTRACTOR_V0.1,OBSERVED,evidence_europepmc,5e685475f71d483c896b950025992e3384bc8a50,DA_RAW_0cf8d44b41e91f2bc6951f44132527d92e14091d0690a88df7ad73a912683d85,COMPONENT_NATIVE_REFERENCE_PRESENT,RESOLVED_SNAPSHOT_RAW_RECORD_MANIFEST,outputs/disease_association_component_v0.1/component_records.jsonl,"MMP11 is used as an illustrative biological worked example for scientific communication. Its inclusion is not the result of a project-level therapeutic target ranking, scoring, or recommendation procedure."
ENSG00000099953.9,COMP_DISEASE_ASSOCIATION,COMP_DISEASE_ASSOCIATION_V0.1,CMPREC_DA_BA57CC2D64F0EB16106D0D9541FE2321,FTR_DA_864C69CC403DD6C1884B29F7,disease_association_source_evidence_type_id_set,CLM_DA_1883E67B608998C44D1A3639,DA_RAW_b86a58ad8519defdd1e292a6f04a4e65d989dfdfb3144ad7c7b106b4f3b90e09,SRC_OPEN_TARGETS_PLATFORM,26.06,SNAP_DA_OT_26_06_LUAD_EXACT_UNIV_TASK030_V0_1,INV_bbb5f7b7fee75f78753f741033173ed4824a2b5c4ce6807ba9dfe3c3a00ef828,3f5573a993962ccc3089b580c1165839afae16a017709861d52ea01ae7d407bc,DEP_DA_89D55C00FF3E18C3119A1F06,DEPENDENT,SAME_SOURCE|SHARED_DATASET,DAR_SOURCE_EVIDENCE_TYPE_SET_V0_1,DISEASE_ASSOCIATION_FEATURE_EXTRACTOR_V0.1,OBSERVED,evidence_europepmc,7fa01a788b07290c833e3dd14ac4940604d06f10,DA_RAW_b86a58ad8519defdd1e292a6f04a4e65d989dfdfb3144ad7c7b106b4f3b90e09,COMPONENT_NATIVE_REFERENCE_PRESENT,RESOLVED_SNAPSHOT_RAW_RECORD_MANIFEST,outputs/disease_association_component_v0.1/component_records.jsonl,"MMP11 is used as an illustrative biological worked example for scientific communication. Its inclusion is not the result of a project-level therapeutic target ranking, scoring, or recommendation procedure."
ENSG00000099953.9,COMP_DISEASE_ASSOCIATION,COMP_DISEASE_ASSOCIATION_V0.1,CMPREC_DA_BA57CC2D64F0EB16106D0D9541FE2321,FTR_DA_864C69CC403DD6C1884B29F7,disease_association_source_evidence_type_id_set,CLM_DA_1883E67B608998C44D1A3639,DA_RAW_fcf06b5d6de7cd1272387415ade16051f4ffdae6e72768613546d8460e107c9c,SRC_OPEN_TARGETS_PLATFORM,26.06,SNAP_DA_OT_26_06_LUAD_EXACT_UNIV_TASK030_V0_1,INV_137f5a6638b21243ac3bb78768a556bb41317ea52696ab04c184926b6e5f5e26,07e0849758c1b04d09c23123f9a64f2dcb08d927b51c42a0d0caf156984293d4,DEP_DA_54B4D11893ABDD72D208BC3A,DEPENDENT,SAME_SOURCE|SHARED_DATASET,DAR_SOURCE_EVIDENCE_TYPE_SET_V0_1,DISEASE_ASSOCIATION_FEATURE_EXTRACTOR_V0.1,OBSERVED,evidence_europepmc,5c81e7e788334eea06776a98efb8b8e792fe4673,DA_RAW_fcf06b5d6de7cd1272387415ade16051f4ffdae6e72768613546d8460e107c9c,COMPONENT_NATIVE_REFERENCE_PRESENT,RESOLVED_SNAPSHOT_RAW_RECORD_MANIFEST,outputs/disease_association_component_v0.1/component_records.jsonl,"MMP11 is used as an illustrative biological worked example for scientific communication. Its inclusion is not the result of a project-level therapeutic target ranking, scoring, or recommendation procedure."
ENSG00000099953.9,COMP_DISEASE_ASSOCIATION,COMP_DISEASE_ASSOCIATION_V0.1,CMPREC_DA_BA57CC2D64F0EB16106D0D9541FE2321,FTR_DA_864C69CC403DD6C1884B29F7,disease_association_source_evidence_type_id_set,CLM_DA_1883E67B608998C44D1A3639,DA_RAW_3b25d179be56924cd196608d5d3d83fd13497741fe4e7a42898cb6c1475e141b,SRC_OPEN_TARGETS_PLATFORM,26.06,SNAP_DA_OT_26_06_LUAD_EXACT_UNIV_TASK030_V0_1,INV_cb597cc950956cc9f78af3c7c89fddf3e00d5a881172ca04a5c9ebfc322b732b,2e548a37b15f7c0fe046f0d2d6d6f19bca2b978a51b73dad5b1bb3c6b94d42f5,DEP_DA_41CBEE0435E46F51678E268B,DEPENDENT,SAME_SOURCE|SHARED_DATASET,DAR_SOURCE_EVIDENCE_TYPE_SET_V0_1,DISEASE_ASSOCIATION_FEATURE_EXTRACTOR_V0.1,OBSERVED,evidence_europepmc,f65de7ecd8531c2c8f92671e08bff6382c9de09f,DA_RAW_3b25d179be56924cd196608d5d3d83fd13497741fe4e7a42898cb6c1475e141b,COMPONENT_NATIVE_REFERENCE_PRESENT,RESOLVED_SNAPSHOT_RAW_RECORD_MANIFEST,outputs/disease_association_component_v0.1/component_records.jsonl,"MMP11 is used as an illustrative biological worked example for scientific communication. Its inclusion is not the result of a project-level therapeutic target ranking, scoring, or recommendation procedure."
ENSG00000099953.9,COMP_DISEASE_ASSOCIATION,COMP_DISEASE_ASSOCIATION_V0.1,CMPREC_DA_BA57CC2D64F0EB16106D0D9541FE2321,FTR_DA_864C69CC403DD6C1884B29F7,disease_association_source_evidence_type_id_set,CLM_DA_1883E67B608998C44D1A3639,DA_RAW_884ab3014cb909a3b0747ece3ab1d95dd6acd5f3bf516dbd61ad5a2480a590f8,SRC_OPEN_TARGETS_PLATFORM,26.06,SNAP_DA_OT_26_06_LUAD_EXACT_UNIV_TASK030_V0_1,INV_f41ffa2df1b253e716ca65074890b809126c34193db380fa0ae538e1d86744a9,bcd2339d4f7bd305df921cd250f674cc3b4a71fa6982820a12361f8e93d863fc,DEP_DA_E4E62DC90E1E2CA9BD0B5806,DEPENDENT,SAME_SOURCE|SHARED_DATASET,DAR_SOURCE_EVIDENCE_TYPE_SET_V0_1,DISEASE_ASSOCIATION_FEATURE_EXTRACTOR_V0.1,OBSERVED,evidence_expression_atlas,6a177018bed8fb7f519283795eb886be96854a51,DA_RAW_884ab3014cb909a3b0747ece3ab1d95dd6acd5f3bf516dbd61ad5a2480a590f8,COMPONENT_NATIVE_REFERENCE_PRESENT,RESOLVED_SNAPSHOT_RAW_RECORD_MANIFEST,outputs/disease_association_component_v0.1/component_records.jsonl,"MMP11 is used as an illustrative biological worked example for scientific communication. Its inclusion is not the result of a project-level therapeutic target ranking, scoring, or recommendation procedure."
ENSG00000099953.9,COMP_DISEASE_ASSOCIATION,COMP_DISEASE_ASSOCIATION_V0.1,CMPREC_DA_BA57CC2D64F0EB16106D0D9541FE2321,FTR_DA_864C69CC403DD6C1884B29F7,disease_association_source_evidence_type_id_set,CLM_DA_1883E67B608998C44D1A3639,DA_RAW_fe1209a61069fa7275488608327d18fdd6e068792292b0914345392c9f7ede36,SRC_OPEN_TARGETS_PLATFORM,26.06,SNAP_DA_OT_26_06_LUAD_EXACT_UNIV_TASK030_V0_1,INV_f41ffa2df1b253e716ca65074890b809126c34193db380fa0ae538e1d86744a9,bcd2339d4f7bd305df921cd250f674cc3b4a71fa6982820a12361f8e93d863fc,DEP_DA_C086CE4FF21F62C58E5E2127,DEPENDENT,SAME_SOURCE|SHARED_DATASET,DAR_SOURCE_EVIDENCE_TYPE_SET_V0_1,DISEASE_ASSOCIATION_FEATURE_EXTRACTOR_V0.1,OBSERVED,evidence_expression_atlas,185140b60536b9d61a7039c873b0862e1b52aa3d,DA_RAW_fe1209a61069fa7275488608327d18fdd6e068792292b0914345392c9f7ede36,COMPONENT_NATIVE_REFERENCE_PRESENT,RESOLVED_SNAPSHOT_RAW_RECORD_MANIFEST,outputs/disease_association_component_v0.1/component_records.jsonl,"MMP11 is used as an illustrative biological worked example for scientific communication. Its inclusion is not the result of a project-level therapeutic target ranking, scoring, or recommendation procedure."
ENSG00000099953.9,COMP_DISEASE_ASSOCIATION,COMP_DISEASE_ASSOCIATION_V0.1,CMPREC_DA_BA57CC2D64F0EB16106D0D9541FE2321,FTR_DA_864C69CC403DD6C1884B29F7,disease_association_source_evidence_type_id_set,CLM_DA_1883E67B608998C44D1A3639,DA_RAW_cac7aeeeadd88cfdd97315750762c76535f4083b0f868a46d47482a0fb6d932f,SRC_OPEN_TARGETS_PLATFORM,26.06,SNAP_DA_OT_26_06_LUAD_EXACT_UNIV_TASK030_V0_1,INV_f41ffa2df1b253e716ca65074890b809126c34193db380fa0ae538e1d86744a9,bcd2339d4f7bd305df921cd250f674cc3b4a71fa6982820a12361f8e93d863fc,DEP_DA_70BA3AA83504BF15633B377D,DEPENDENT,SAME_SOURCE|SHARED_DATASET,DAR_SOURCE_EVIDENCE_TYPE_SET_V0_1,DISEASE_ASSOCIATION_FEATURE_EXTRACTOR_V0.1,OBSERVED,evidence_expression_atlas,294e88ebd43931d4688d38f5a9cbf29fb94ef3c5,DA_RAW_cac7aeeeadd88cfdd97315750762c76535f4083b0f868a46d47482a0fb6d932f,COMPONENT_NATIVE_REFERENCE_PRESENT,RESOLVED_SNAPSHOT_RAW_RECORD_MANIFEST,outputs/disease_association_component_v0.1/component_records.jsonl,"MMP11 is used as an illustrative biological worked example for scientific communication. Its inclusion is not the result of a project-level therapeutic target ranking, scoring, or recommendation procedure."
ENSG00000099953.9,COMP_DISEASE_ASSOCIATION,COMP_DISEASE_ASSOCIATION_V0.1,CMPREC_DA_BA57CC2D64F0EB16106D0D9541FE2321,FTR_DA_864C69CC403DD6C1884B29F7,disease_association_source_evidence_type_id_set,CLM_DA_1883E67B608998C44D1A3639,DA_RAW_94b7fa443decc7e03b937392049e80f05a62aeade525696b50f285495e800bf7,SRC_OPEN_TARGETS_PLATFORM,26.06,SNAP_DA_OT_26_06_LUAD_EXACT_UNIV_TASK030_V0_1,INV_f41ffa2df1b253e716ca65074890b809126c34193db380fa0ae538e1d86744a9,bcd2339d4f7bd305df921cd250f674cc3b4a71fa6982820a12361f8e93d863fc,DEP_DA_CB8BECA411FECF9AC5C3C1B0,DEPENDENT,SAME_SOURCE|SHARED_DATASET,DAR_SOURCE_EVIDENCE_TYPE_SET_V0_1,DISEASE_ASSOCIATION_FEATURE_EXTRACTOR_V0.1,OBSERVED,evidence_expression_atlas,2a79ab18055dd5fc64fa9732703407f6e807dad9,DA_RAW_94b7fa443decc7e03b937392049e80f05a62aeade525696b50f285495e800bf7,COMPONENT_NATIVE_REFERENCE_PRESENT,RESOLVED_SNAPSHOT_RAW_RECORD_MANIFEST,outputs/disease_association_component_v0.1/component_records.jsonl,"MMP11 is used as an illustrative biological worked example for scientific communication. Its inclusion is not the result of a project-level therapeutic target ranking, scoring, or recommendation procedure."
ENSG00000099953.9,COMP_DISEASE_ASSOCIATION,COMP_DISEASE_ASSOCIATION_V0.1,CMPREC_DA_BA57CC2D64F0EB16106D0D9541FE2321,FTR_DA_864C69CC403DD6C1884B29F7,disease_association_source_evidence_type_id_set,CLM_DA_1883E67B608998C44D1A3639,DA_RAW_c855784afb305dfc6e2595ce462ebdf7bb5f7c0126bb949bfe80f9f189b62b97,SRC_OPEN_TARGETS_PLATFORM,26.06,SNAP_DA_OT_26_06_LUAD_EXACT_UNIV_TASK030_V0_1,INV_f41ffa2df1b253e716ca65074890b809126c34193db380fa0ae538e1d86744a9,bcd2339d4f7bd305df921cd250f674cc3b4a71fa6982820a12361f8e93d863fc,DEP_DA_37454054FA3857773D15A949,DEPENDENT,SAME_SOURCE|SHARED_DATASET,DAR_SOURCE_EVIDENCE_TYPE_SET_V0_1,DISEASE_ASSOCIATION_FEATURE_EXTRACTOR_V0.1,OBSERVED,evidence_expression_atlas,2427a48723d397d3846f609b6389dbbec5e813b4,DA_RAW_c855784afb305dfc6e2595ce462ebdf7bb5f7c0126bb949bfe80f9f189b62b97,COMPONENT_NATIVE_REFERENCE_PRESENT,RESOLVED_SNAPSHOT_RAW_RECORD_MANIFEST,outputs/disease_association_component_v0.1/component_records.jsonl,"MMP11 is used as an illustrative biological worked example for scientific communication. Its inclusion is not the result of a project-level therapeutic target ranking, scoring, or recommendation procedure."
ENSG00000099953.9,COMP_DISEASE_ASSOCIATION,COMP_DISEASE_ASSOCIATION_V0.1,CMPREC_DA_BA57CC2D64F0EB16106D0D9541FE2321,FTR_DA_22596E460595A3F18CD9485B,disease_association_source_disease_id_set,CLM_DA_640095910D99544EC0F66F29,DA_RAW_4cf5b32a508113eb5602a4438e3448e8b08167b0dd0771dcb105a527396d78c0,SRC_OPEN_TARGETS_PLATFORM,26.06,SNAP_DA_OT_26_06_LUAD_EXACT_UNIV_TASK030_V0_1,INV_6a696278bcba8324abefb6029e4e702ef853a15e5dbae95eb76ce36edf40e213,444549a37400342ce803e0b1b67e574c26f7cc3f44e47089d59884d5f370e39e,DEP_DA_54A1C5E72D18283A3A4CB41E,DEPENDENT,SAME_SOURCE|SHARED_DATASET,DAR_SOURCE_DISEASE_ID_SET_V0_1,DISEASE_ASSOCIATION_FEATURE_EXTRACTOR_V0.1,OBSERVED,evidence_europepmc,59c55e522b0b5fd951e296cb6937052ac6950c64,DA_RAW_4cf5b32a508113eb5602a4438e3448e8b08167b0dd0771dcb105a527396d78c0,COMPONENT_NATIVE_REFERENCE_PRESENT,RESOLVED_SNAPSHOT_RAW_RECORD_MANIFEST,outputs/disease_association_component_v0.1/component_records.jsonl,"MMP11 is used as an illustrative biological worked example for scientific communication. Its inclusion is not the result of a project-level therapeutic target ranking, scoring, or recommendation procedure."
ENSG00000099953.9,COMP_DISEASE_ASSOCIATION,COMP_DISEASE_ASSOCIATION_V0.1,CMPREC_DA_BA57CC2D64F0EB16106D0D9541FE2321,FTR_DA_22596E460595A3F18CD9485B,disease_association_source_disease_id_set,CLM_DA_640095910D99544EC0F66F29,DA_RAW_c3dd388c9f9df24eae9deee688c7c9fb7725b28fa34ee5c2f330bdf0495e9fc9,SRC_OPEN_TARGETS_PLATFORM,26.06,SNAP_DA_OT_26_06_LUAD_EXACT_UNIV_TASK030_V0_1,INV_97c9214eaf2013a683f0b920241886cf827d8aba76deca4212996c02cc08ee91,be938bc9a76e26e85064d36fb1bdd4b7bf0930a74a53b5155c5d02e5843ee4af,DEP_DA_F9A18860D87CB60708311FF6,DEPENDENT,SAME_SOURCE|SHARED_DATASET,DAR_SOURCE_DISEASE_ID_SET_V0_1,DISEASE_ASSOCIATION_FEATURE_EXTRACTOR_V0.1,OBSERVED,evidence_europepmc,55a2c15edbd1d4e9429d3e76325e90204ab6c5e1,DA_RAW_c3dd388c9f9df24eae9deee688c7c9fb7725b28fa34ee5c2f330bdf0495e9fc9,COMPONENT_NATIVE_REFERENCE_PRESENT,RESOLVED_SNAPSHOT_RAW_RECORD_MANIFEST,outputs/disease_association_component_v0.1/component_records.jsonl,"MMP11 is used as an illustrative biological worked example for scientific communication. Its inclusion is not the result of a project-level therapeutic target ranking, scoring, or recommendation procedure."
ENSG00000099953.9,COMP_DISEASE_ASSOCIATION,COMP_DISEASE_ASSOCIATION_V0.1,CMPREC_DA_BA57CC2D64F0EB16106D0D9541FE2321,FTR_DA_22596E460595A3F18CD9485B,disease_association_source_disease_id_set,CLM_DA_640095910D99544EC0F66F29,DA_RAW_794ade1e615c6a00810c7988cd184167f2fb8dde251c4a9fd7819e3516e7d0e1,SRC_OPEN_TARGETS_PLATFORM,26.06,SNAP_DA_OT_26_06_LUAD_EXACT_UNIV_TASK030_V0_1,INV_97c9214eaf2013a683f0b920241886cf827d8aba76deca4212996c02cc08ee91,be938bc9a76e26e85064d36fb1bdd4b7bf0930a74a53b5155c5d02e5843ee4af,DEP_DA_9733EE27F823B75E148ABB39,DEPENDENT,SAME_SOURCE|SHARED_DATASET,DAR_SOURCE_DISEASE_ID_SET_V0_1,DISEASE_ASSOCIATION_FEATURE_EXTRACTOR_V0.1,OBSERVED,evidence_europepmc,9267bee526b519ba6f8ff8823415df81aadd8c38,DA_RAW_794ade1e615c6a00810c7988cd184167f2fb8dde251c4a9fd7819e3516e7d0e1,COMPONENT_NATIVE_REFERENCE_PRESENT,RESOLVED_SNAPSHOT_RAW_RECORD_MANIFEST,outputs/disease_association_component_v0.1/component_records.jsonl,"MMP11 is used as an illustrative biological worked example for scientific communication. Its inclusion is not the result of a project-level therapeutic target ranking, scoring, or recommendation procedure."
ENSG00000099953.9,COMP_DISEASE_ASSOCIATION,COMP_DISEASE_ASSOCIATION_V0.1,CMPREC_DA_BA57CC2D64F0EB16106D0D9541FE2321,FTR_DA_22596E460595A3F18CD9485B,disease_association_source_disease_id_set,CLM_DA_640095910D99544EC0F66F29,DA_RAW_5106f92e3ee59d96b66875dd8ec6da45513931293b029d517e71e35f3f7bfe00,SRC_OPEN_TARGETS_PLATFORM,26.06,SNAP_DA_OT_26_06_LUAD_EXACT_UNIV_TASK030_V0_1,INV_01224a50883bbbe9c423f27ce52d6670d84432739a316eff9947f76871fa0df4,dae5397a17450f4564bf6ffe8f00fa5d99ff81f8579f18a106c690308bb6b103,DEP_DA_707DA79DD85D8383CD064A67,DEPENDENT,SAME_SOURCE|SHARED_DATASET,DAR_SOURCE_DISEASE_ID_SET_V0_1,DISEASE_ASSOCIATION_FEATURE_EXTRACTOR_V0.1,OBSERVED,evidence_europepmc,5e3dc36a0bca9be04c6f0a808bfc2e2f25c31674,DA_RAW_5106f92e3ee59d96b66875dd8ec6da45513931293b029d517e71e35f3f7bfe00,COMPONENT_NATIVE_REFERENCE_PRESENT,RESOLVED_SNAPSHOT_RAW_RECORD_MANIFEST,outputs/disease_association_component_v0.1/component_records.jsonl,"MMP11 is used as an illustrative biological worked example for scientific communication. Its inclusion is not the result of a project-level therapeutic target ranking, scoring, or recommendation procedure."
ENSG00000099953.9,COMP_DISEASE_ASSOCIATION,COMP_DISEASE_ASSOCIATION_V0.1,CMPREC_DA_BA57CC2D64F0EB16106D0D9541FE2321,FTR_DA_22596E460595A3F18CD9485B,disease_association_source_disease_id_set,CLM_DA_640095910D99544EC0F66F29,DA_RAW_8ddc9f2c4e8eea5cab6bc7153c3e43fcf2a1bd4d4d80030098d8e248aa7b3704,SRC_OPEN_TARGETS_PLATFORM,26.06,SNAP_DA_OT_26_06_LUAD_EXACT_UNIV_TASK030_V0_1,INV_35f5cd38fe9fe28f529cd56fbd85d5c672bd8b28652de36631cf25ecc89f0b41,ed59277e1bc245e061fab7029c0ad3caabe7eb3e7470ef326ce7ca633693da43,DEP_DA_3D5548EFD1D961343161439A,DEPENDENT,SAME_SOURCE|SHARED_DATASET,DAR_SOURCE_DISEASE_ID_SET_V0_1,DISEASE_ASSOCIATION_FEATURE_EXTRACTOR_V0.1,OBSERVED,evidence_europepmc,55a184ffac9cdf953862687b65ff274c8d033de9,DA_RAW_8ddc9f2c4e8eea5cab6bc7153c3e43fcf2a1bd4d4d80030098d8e248aa7b3704,COMPONENT_NATIVE_REFERENCE_PRESENT,RESOLVED_SNAPSHOT_RAW_RECORD_MANIFEST,outputs/disease_association_component_v0.1/component_records.jsonl,"MMP11 is used as an illustrative biological worked example for scientific communication. Its inclusion is not the result of a project-level therapeutic target ranking, scoring, or recommendation procedure."
ENSG00000099953.9,COMP_DISEASE_ASSOCIATION,COMP_DISEASE_ASSOCIATION_V0.1,CMPREC_DA_BA57CC2D64F0EB16106D0D9541FE2321,FTR_DA_22596E460595A3F18CD9485B,disease_association_source_disease_id_set,CLM_DA_640095910D99544EC0F66F29,DA_RAW_0cf8d44b41e91f2bc6951f44132527d92e14091d0690a88df7ad73a912683d85,SRC_OPEN_TARGETS_PLATFORM,26.06,SNAP_DA_OT_26_06_LUAD_EXACT_UNIV_TASK030_V0_1,INV_76287eb8fd5f05102249a74953e6c940e472be9c8635681be24c88f6e9be3676,6cb30a3470036c91d1be3ebc6c3b503e59f1869bd29942a282716314c34c65de,DEP_DA_0D444064DB795CE326277536,DEPENDENT,SAME_SOURCE|SHARED_DATASET,DAR_SOURCE_DISEASE_ID_SET_V0_1,DISEASE_ASSOCIATION_FEATURE_EXTRACTOR_V0.1,OBSERVED,evidence_europepmc,5e685475f71d483c896b950025992e3384bc8a50,DA_RAW_0cf8d44b41e91f2bc6951f44132527d92e14091d0690a88df7ad73a912683d85,COMPONENT_NATIVE_REFERENCE_PRESENT,RESOLVED_SNAPSHOT_RAW_RECORD_MANIFEST,outputs/disease_association_component_v0.1/component_records.jsonl,"MMP11 is used as an illustrative biological worked example for scientific communication. Its inclusion is not the result of a project-level therapeutic target ranking, scoring, or recommendation procedure."
ENSG00000099953.9,COMP_DISEASE_ASSOCIATION,COMP_DISEASE_ASSOCIATION_V0.1,CMPREC_DA_BA57CC2D64F0EB16106D0D9541FE2321,FTR_DA_22596E460595A3F18CD9485B,disease_association_source_disease_id_set,CLM_DA_640095910D99544EC0F66F29,DA_RAW_b86a58ad8519defdd1e292a6f04a4e65d989dfdfb3144ad7c7b106b4f3b90e09,SRC_OPEN_TARGETS_PLATFORM,26.06,SNAP_DA_OT_26_06_LUAD_EXACT_UNIV_TASK030_V0_1,INV_bbb5f7b7fee75f78753f741033173ed4824a2b5c4ce6807ba9dfe3c3a00ef828,3f5573a993962ccc3089b580c1165839afae16a017709861d52ea01ae7d407bc,DEP_DA_89D55C00FF3E18C3119A1F06,DEPENDENT,SAME_SOURCE|SHARED_DATASET,DAR_SOURCE_DISEASE_ID_SET_V0_1,DISEASE_ASSOCIATION_FEATURE_EXTRACTOR_V0.1,OBSERVED,evidence_europepmc,7fa01a788b07290c833e3dd14ac4940604d06f10,DA_RAW_b86a58ad8519defdd1e292a6f04a4e65d989dfdfb3144ad7c7b106b4f3b90e09,COMPONENT_NATIVE_REFERENCE_PRESENT,RESOLVED_SNAPSHOT_RAW_RECORD_MANIFEST,outputs/disease_association_component_v0.1/component_records.jsonl,"MMP11 is used as an illustrative biological worked example for scientific communication. Its inclusion is not the result of a project-level therapeutic target ranking, scoring, or recommendation procedure."
ENSG00000099953.9,COMP_DISEASE_ASSOCIATION,COMP_DISEASE_ASSOCIATION_V0.1,CMPREC_DA_BA57CC2D64F0EB16106D0D9541FE2321,FTR_DA_22596E460595A3F18CD9485B,disease_association_source_disease_id_set,CLM_DA_640095910D99544EC0F66F29,DA_RAW_fcf06b5d6de7cd1272387415ade16051f4ffdae6e72768613546d8460e107c9c,SRC_OPEN_TARGETS_PLATFORM,26.06,SNAP_DA_OT_26_06_LUAD_EXACT_UNIV_TASK030_V0_1,INV_137f5a6638b21243ac3bb78768a556bb41317ea52696ab04c184926b6e5f5e26,07e0849758c1b04d09c23123f9a64f2dcb08d927b51c42a0d0caf156984293d4,DEP_DA_54B4D11893ABDD72D208BC3A,DEPENDENT,SAME_SOURCE|SHARED_DATASET,DAR_SOURCE_DISEASE_ID_SET_V0_1,DISEASE_ASSOCIATION_FEATURE_EXTRACTOR_V0.1,OBSERVED,evidence_europepmc,5c81e7e788334eea06776a98efb8b8e792fe4673,DA_RAW_fcf06b5d6de7cd1272387415ade16051f4ffdae6e72768613546d8460e107c9c,COMPONENT_NATIVE_REFERENCE_PRESENT,RESOLVED_SNAPSHOT_RAW_RECORD_MANIFEST,outputs/disease_association_component_v0.1/component_records.jsonl,"MMP11 is used as an illustrative biological worked example for scientific communication. Its inclusion is not the result of a project-level therapeutic target ranking, scoring, or recommendation procedure."
ENSG00000099953.9,COMP_DISEASE_ASSOCIATION,COMP_DISEASE_ASSOCIATION_V0.1,CMPREC_DA_BA57CC2D64F0EB16106D0D9541FE2321,FTR_DA_22596E460595A3F18CD9485B,disease_association_source_disease_id_set,CLM_DA_640095910D99544EC0F66F29,DA_RAW_3b25d179be56924cd196608d5d3d83fd13497741fe4e7a42898cb6c1475e141b,SRC_OPEN_TARGETS_PLATFORM,26.06,SNAP_DA_OT_26_06_LUAD_EXACT_UNIV_TASK030_V0_1,INV_cb597cc950956cc9f78af3c7c89fddf3e00d5a881172ca04a5c9ebfc322b732b,2e548a37b15f7c0fe046f0d2d6d6f19bca2b978a51b73dad5b1bb3c6b94d42f5,DEP_DA_41CBEE0435E46F51678E268B,DEPENDENT,SAME_SOURCE|SHARED_DATASET,DAR_SOURCE_DISEASE_ID_SET_V0_1,DISEASE_ASSOCIATION_FEATURE_EXTRACTOR_V0.1,OBSERVED,evidence_europepmc,f65de7ecd8531c2c8f92671e08bff6382c9de09f,DA_RAW_3b25d179be56924cd196608d5d3d83fd13497741fe4e7a42898cb6c1475e141b,COMPONENT_NATIVE_REFERENCE_PRESENT,RESOLVED_SNAPSHOT_RAW_RECORD_MANIFEST,outputs/disease_association_component_v0.1/component_records.jsonl,"MMP11 is used as an illustrative biological worked example for scientific communication. Its inclusion is not the result of a project-level therapeutic target ranking, scoring, or recommendation procedure."
ENSG00000099953.9,COMP_DISEASE_ASSOCIATION,COMP_DISEASE_ASSOCIATION_V0.1,CMPREC_DA_BA57CC2D64F0EB16106D0D9541FE2321,FTR_DA_22596E460595A3F18CD9485B,disease_association_source_disease_id_set,CLM_DA_640095910D99544EC0F66F29,DA_RAW_884ab3014cb909a3b0747ece3ab1d95dd6acd5f3bf516dbd61ad5a2480a590f8,SRC_OPEN_TARGETS_PLATFORM,26.06,SNAP_DA_OT_26_06_LUAD_EXACT_UNIV_TASK030_V0_1,INV_f41ffa2df1b253e716ca65074890b809126c34193db380fa0ae538e1d86744a9,bcd2339d4f7bd305df921cd250f674cc3b4a71fa6982820a12361f8e93d863fc,DEP_DA_E4E62DC90E1E2CA9BD0B5806,DEPENDENT,SAME_SOURCE|SHARED_DATASET,DAR_SOURCE_DISEASE_ID_SET_V0_1,DISEASE_ASSOCIATION_FEATURE_EXTRACTOR_V0.1,OBSERVED,evidence_expression_atlas,6a177018bed8fb7f519283795eb886be96854a51,DA_RAW_884ab3014cb909a3b0747ece3ab1d95dd6acd5f3bf516dbd61ad5a2480a590f8,COMPONENT_NATIVE_REFERENCE_PRESENT,RESOLVED_SNAPSHOT_RAW_RECORD_MANIFEST,outputs/disease_association_component_v0.1/component_records.jsonl,"MMP11 is used as an illustrative biological worked example for scientific communication. Its inclusion is not the result of a project-level therapeutic target ranking, scoring, or recommendation procedure."
ENSG00000099953.9,COMP_DISEASE_ASSOCIATION,COMP_DISEASE_ASSOCIATION_V0.1,CMPREC_DA_BA57CC2D64F0EB16106D0D9541FE2321,FTR_DA_22596E460595A3F18CD9485B,disease_association_source_disease_id_set,CLM_DA_640095910D99544EC0F66F29,DA_RAW_fe1209a61069fa7275488608327d18fdd6e068792292b0914345392c9f7ede36,SRC_OPEN_TARGETS_PLATFORM,26.06,SNAP_DA_OT_26_06_LUAD_EXACT_UNIV_TASK030_V0_1,INV_f41ffa2df1b253e716ca65074890b809126c34193db380fa0ae538e1d86744a9,bcd2339d4f7bd305df921cd250f674cc3b4a71fa6982820a12361f8e93d863fc,DEP_DA_C086CE4FF21F62C58E5E2127,DEPENDENT,SAME_SOURCE|SHARED_DATASET,DAR_SOURCE_DISEASE_ID_SET_V0_1,DISEASE_ASSOCIATION_FEATURE_EXTRACTOR_V0.1,OBSERVED,evidence_expression_atlas,185140b60536b9d61a7039c873b0862e1b52aa3d,DA_RAW_fe1209a61069fa7275488608327d18fdd6e068792292b0914345392c9f7ede36,COMPONENT_NATIVE_REFERENCE_PRESENT,RESOLVED_SNAPSHOT_RAW_RECORD_MANIFEST,outputs/disease_association_component_v0.1/component_records.jsonl,"MMP11 is used as an illustrative biological worked example for scientific communication. Its inclusion is not the result of a project-level therapeutic target ranking, scoring, or recommendation procedure."
ENSG00000099953.9,COMP_DISEASE_ASSOCIATION,COMP_DISEASE_ASSOCIATION_V0.1,CMPREC_DA_BA57CC2D64F0EB16106D0D9541FE2321,FTR_DA_22596E460595A3F18CD9485B,disease_association_source_disease_id_set,CLM_DA_640095910D99544EC0F66F29,DA_RAW_cac7aeeeadd88cfdd97315750762c76535f4083b0f868a46d47482a0fb6d932f,SRC_OPEN_TARGETS_PLATFORM,26.06,SNAP_DA_OT_26_06_LUAD_EXACT_UNIV_TASK030_V0_1,INV_f41ffa2df1b253e716ca65074890b809126c34193db380fa0ae538e1d86744a9,bcd2339d4f7bd305df921cd250f674cc3b4a71fa6982820a12361f8e93d863fc,DEP_DA_70BA3AA83504BF15633B377D,DEPENDENT,SAME_SOURCE|SHARED_DATASET,DAR_SOURCE_DISEASE_ID_SET_V0_1,DISEASE_ASSOCIATION_FEATURE_EXTRACTOR_V0.1,OBSERVED,evidence_expression_atlas,294e88ebd43931d4688d38f5a9cbf29fb94ef3c5,DA_RAW_cac7aeeeadd88cfdd97315750762c76535f4083b0f868a46d47482a0fb6d932f,COMPONENT_NATIVE_REFERENCE_PRESENT,RESOLVED_SNAPSHOT_RAW_RECORD_MANIFEST,outputs/disease_association_component_v0.1/component_records.jsonl,"MMP11 is used as an illustrative biological worked example for scientific communication. Its inclusion is not the result of a project-level therapeutic target ranking, scoring, or recommendation procedure."
ENSG00000099953.9,COMP_DISEASE_ASSOCIATION,COMP_DISEASE_ASSOCIATION_V0.1,CMPREC_DA_BA57CC2D64F0EB16106D0D9541FE2321,FTR_DA_22596E460595A3F18CD9485B,disease_association_source_disease_id_set,CLM_DA_640095910D99544EC0F66F29,DA_RAW_94b7fa443decc7e03b937392049e80f05a62aeade525696b50f285495e800bf7,SRC_OPEN_TARGETS_PLATFORM,26.06,SNAP_DA_OT_26_06_LUAD_EXACT_UNIV_TASK030_V0_1,INV_f41ffa2df1b253e716ca65074890b809126c34193db380fa0ae538e1d86744a9,bcd2339d4f7bd305df921cd250f674cc3b4a71fa6982820a12361f8e93d863fc,DEP_DA_CB8BECA411FECF9AC5C3C1B0,DEPENDENT,SAME_SOURCE|SHARED_DATASET,DAR_SOURCE_DISEASE_ID_SET_V0_1,DISEASE_ASSOCIATION_FEATURE_EXTRACTOR_V0.1,OBSERVED,evidence_expression_atlas,2a79ab18055dd5fc64fa9732703407f6e807dad9,DA_RAW_94b7fa443decc7e03b937392049e80f05a62aeade525696b50f285495e800bf7,COMPONENT_NATIVE_REFERENCE_PRESENT,RESOLVED_SNAPSHOT_RAW_RECORD_MANIFEST,outputs/disease_association_component_v0.1/component_records.jsonl,"MMP11 is used as an illustrative biological worked example for scientific communication. Its inclusion is not the result of a project-level therapeutic target ranking, scoring, or recommendation procedure."
ENSG00000099953.9,COMP_DISEASE_ASSOCIATION,COMP_DISEASE_ASSOCIATION_V0.1,CMPREC_DA_BA57CC2D64F0EB16106D0D9541FE2321,FTR_DA_22596E460595A3F18CD9485B,disease_association_source_disease_id_set,CLM_DA_640095910D99544EC0F66F29,DA_RAW_c855784afb305dfc6e2595ce462ebdf7bb5f7c0126bb949bfe80f9f189b62b97,SRC_OPEN_TARGETS_PLATFORM,26.06,SNAP_DA_OT_26_06_LUAD_EXACT_UNIV_TASK030_V0_1,INV_f41ffa2df1b253e716ca65074890b809126c34193db380fa0ae538e1d86744a9,bcd2339d4f7bd305df921cd250f674cc3b4a71fa6982820a12361f8e93d863fc,DEP_DA_37454054FA3857773D15A949,DEPENDENT,SAME_SOURCE|SHARED_DATASET,DAR_SOURCE_DISEASE_ID_SET_V0_1,DISEASE_ASSOCIATION_FEATURE_EXTRACTOR_V0.1,OBSERVED,evidence_expression_atlas,2427a48723d397d3846f609b6389dbbec5e813b4,DA_RAW_c855784afb305dfc6e2595ce462ebdf7bb5f7c0126bb949bfe80f9f189b62b97,COMPONENT_NATIVE_REFERENCE_PRESENT,RESOLVED_SNAPSHOT_RAW_RECORD_MANIFEST,outputs/disease_association_component_v0.1/component_records.jsonl,"MMP11 is used as an illustrative biological worked example for scientific communication. Its inclusion is not the result of a project-level therapeutic target ranking, scoring, or recommendation procedure."
ENSG00000099953.9,COMP_DISEASE_ASSOCIATION,COMP_DISEASE_ASSOCIATION_V0.1,CMPREC_DA_BA57CC2D64F0EB16106D0D9541FE2321,FTR_DA_05FBB66514F7CE91F11FBD5A,disease_association_source_target_id_set,CLM_DA_E0E5123DA134356FFCD3E420,DA_RAW_4cf5b32a508113eb5602a4438e3448e8b08167b0dd0771dcb105a527396d78c0,SRC_OPEN_TARGETS_PLATFORM,26.06,SNAP_DA_OT_26_06_LUAD_EXACT_UNIV_TASK030_V0_1,INV_6a696278bcba8324abefb6029e4e702ef853a15e5dbae95eb76ce36edf40e213,444549a37400342ce803e0b1b67e574c26f7cc3f44e47089d59884d5f370e39e,DEP_DA_54A1C5E72D18283A3A4CB41E,DEPENDENT,SAME_SOURCE|SHARED_DATASET,DAR_SOURCE_TARGET_ID_SET_V0_1,DISEASE_ASSOCIATION_FEATURE_EXTRACTOR_V0.1,OBSERVED,evidence_europepmc,59c55e522b0b5fd951e296cb6937052ac6950c64,DA_RAW_4cf5b32a508113eb5602a4438e3448e8b08167b0dd0771dcb105a527396d78c0,COMPONENT_NATIVE_REFERENCE_PRESENT,RESOLVED_SNAPSHOT_RAW_RECORD_MANIFEST,outputs/disease_association_component_v0.1/component_records.jsonl,"MMP11 is used as an illustrative biological worked example for scientific communication. Its inclusion is not the result of a project-level therapeutic target ranking, scoring, or recommendation procedure."
ENSG00000099953.9,COMP_DISEASE_ASSOCIATION,COMP_DISEASE_ASSOCIATION_V0.1,CMPREC_DA_BA57CC2D64F0EB16106D0D9541FE2321,FTR_DA_05FBB66514F7CE91F11FBD5A,disease_association_source_target_id_set,CLM_DA_E0E5123DA134356FFCD3E420,DA_RAW_c3dd388c9f9df24eae9deee688c7c9fb7725b28fa34ee5c2f330bdf0495e9fc9,SRC_OPEN_TARGETS_PLATFORM,26.06,SNAP_DA_OT_26_06_LUAD_EXACT_UNIV_TASK030_V0_1,INV_97c9214eaf2013a683f0b920241886cf827d8aba76deca4212996c02cc08ee91,be938bc9a76e26e85064d36fb1bdd4b7bf0930a74a53b5155c5d02e5843ee4af,DEP_DA_F9A18860D87CB60708311FF6,DEPENDENT,SAME_SOURCE|SHARED_DATASET,DAR_SOURCE_TARGET_ID_SET_V0_1,DISEASE_ASSOCIATION_FEATURE_EXTRACTOR_V0.1,OBSERVED,evidence_europepmc,55a2c15edbd1d4e9429d3e76325e90204ab6c5e1,DA_RAW_c3dd388c9f9df24eae9deee688c7c9fb7725b28fa34ee5c2f330bdf0495e9fc9,COMPONENT_NATIVE_REFERENCE_PRESENT,RESOLVED_SNAPSHOT_RAW_RECORD_MANIFEST,outputs/disease_association_component_v0.1/component_records.jsonl,"MMP11 is used as an illustrative biological worked example for scientific communication. Its inclusion is not the result of a project-level therapeutic target ranking, scoring, or recommendation procedure."
ENSG00000099953.9,COMP_DISEASE_ASSOCIATION,COMP_DISEASE_ASSOCIATION_V0.1,CMPREC_DA_BA57CC2D64F0EB16106D0D9541FE2321,FTR_DA_05FBB66514F7CE91F11FBD5A,disease_association_source_target_id_set,CLM_DA_E0E5123DA134356FFCD3E420,DA_RAW_794ade1e615c6a00810c7988cd184167f2fb8dde251c4a9fd7819e3516e7d0e1,SRC_OPEN_TARGETS_PLATFORM,26.06,SNAP_DA_OT_26_06_LUAD_EXACT_UNIV_TASK030_V0_1,INV_97c9214eaf2013a683f0b920241886cf827d8aba76deca4212996c02cc08ee91,be938bc9a76e26e85064d36fb1bdd4b7bf0930a74a53b5155c5d02e5843ee4af,DEP_DA_9733EE27F823B75E148ABB39,DEPENDENT,SAME_SOURCE|SHARED_DATASET,DAR_SOURCE_TARGET_ID_SET_V0_1,DISEASE_ASSOCIATION_FEATURE_EXTRACTOR_V0.1,OBSERVED,evidence_europepmc,9267bee526b519ba6f8ff8823415df81aadd8c38,DA_RAW_794ade1e615c6a00810c7988cd184167f2fb8dde251c4a9fd7819e3516e7d0e1,COMPONENT_NATIVE_REFERENCE_PRESENT,RESOLVED_SNAPSHOT_RAW_RECORD_MANIFEST,outputs/disease_association_component_v0.1/component_records.jsonl,"MMP11 is used as an illustrative biological worked example for scientific communication. Its inclusion is not the result of a project-level therapeutic target ranking, scoring, or recommendation procedure."
ENSG00000099953.9,COMP_DISEASE_ASSOCIATION,COMP_DISEASE_ASSOCIATION_V0.1,CMPREC_DA_BA57CC2D64F0EB16106D0D9541FE2321,FTR_DA_05FBB66514F7CE91F11FBD5A,disease_association_source_target_id_set,CLM_DA_E0E5123DA134356FFCD3E420,DA_RAW_5106f92e3ee59d96b66875dd8ec6da45513931293b029d517e71e35f3f7bfe00,SRC_OPEN_TARGETS_PLATFORM,26.06,SNAP_DA_OT_26_06_LUAD_EXACT_UNIV_TASK030_V0_1,INV_01224a50883bbbe9c423f27ce52d6670d84432739a316eff9947f76871fa0df4,dae5397a17450f4564bf6ffe8f00fa5d99ff81f8579f18a106c690308bb6b103,DEP_DA_707DA79DD85D8383CD064A67,DEPENDENT,SAME_SOURCE|SHARED_DATASET,DAR_SOURCE_TARGET_ID_SET_V0_1,DISEASE_ASSOCIATION_FEATURE_EXTRACTOR_V0.1,OBSERVED,evidence_europepmc,5e3dc36a0bca9be04c6f0a808bfc2e2f25c31674,DA_RAW_5106f92e3ee59d96b66875dd8ec6da45513931293b029d517e71e35f3f7bfe00,COMPONENT_NATIVE_REFERENCE_PRESENT,RESOLVED_SNAPSHOT_RAW_RECORD_MANIFEST,outputs/disease_association_component_v0.1/component_records.jsonl,"MMP11 is used as an illustrative biological worked example for scientific communication. Its inclusion is not the result of a project-level therapeutic target ranking, scoring, or recommendation procedure."
ENSG00000099953.9,COMP_DISEASE_ASSOCIATION,COMP_DISEASE_ASSOCIATION_V0.1,CMPREC_DA_BA57CC2D64F0EB16106D0D9541FE2321,FTR_DA_05FBB66514F7CE91F11FBD5A,disease_association_source_target_id_set,CLM_DA_E0E5123DA134356FFCD3E420,DA_RAW_8ddc9f2c4e8eea5cab6bc7153c3e43fcf2a1bd4d4d80030098d8e248aa7b3704,SRC_OPEN_TARGETS_PLATFORM,26.06,SNAP_DA_OT_26_06_LUAD_EXACT_UNIV_TASK030_V0_1,INV_35f5cd38fe9fe28f529cd56fbd85d5c672bd8b28652de36631cf25ecc89f0b41,ed59277e1bc245e061fab7029c0ad3caabe7eb3e7470ef326ce7ca633693da43,DEP_DA_3D5548EFD1D961343161439A,DEPENDENT,SAME_SOURCE|SHARED_DATASET,DAR_SOURCE_TARGET_ID_SET_V0_1,DISEASE_ASSOCIATION_FEATURE_EXTRACTOR_V0.1,OBSERVED,evidence_europepmc,55a184ffac9cdf953862687b65ff274c8d033de9,DA_RAW_8ddc9f2c4e8eea5cab6bc7153c3e43fcf2a1bd4d4d80030098d8e248aa7b3704,COMPONENT_NATIVE_REFERENCE_PRESENT,RESOLVED_SNAPSHOT_RAW_RECORD_MANIFEST,outputs/disease_association_component_v0.1/component_records.jsonl,"MMP11 is used as an illustrative biological worked example for scientific communication. Its inclusion is not the result of a project-level therapeutic target ranking, scoring, or recommendation procedure."
ENSG00000099953.9,COMP_DISEASE_ASSOCIATION,COMP_DISEASE_ASSOCIATION_V0.1,CMPREC_DA_BA57CC2D64F0EB16106D0D9541FE2321,FTR_DA_05FBB66514F7CE91F11FBD5A,disease_association_source_target_id_set,CLM_DA_E0E5123DA134356FFCD3E420,DA_RAW_0cf8d44b41e91f2bc6951f44132527d92e14091d0690a88df7ad73a912683d85,SRC_OPEN_TARGETS_PLATFORM,26.06,SNAP_DA_OT_26_06_LUAD_EXACT_UNIV_TASK030_V0_1,INV_76287eb8fd5f05102249a74953e6c940e472be9c8635681be24c88f6e9be3676,6cb30a3470036c91d1be3ebc6c3b503e59f1869bd29942a282716314c34c65de,DEP_DA_0D444064DB795CE326277536,DEPENDENT,SAME_SOURCE|SHARED_DATASET,DAR_SOURCE_TARGET_ID_SET_V0_1,DISEASE_ASSOCIATION_FEATURE_EXTRACTOR_V0.1,OBSERVED,evidence_europepmc,5e685475f71d483c896b950025992e3384bc8a50,DA_RAW_0cf8d44b41e91f2bc6951f44132527d92e14091d0690a88df7ad73a912683d85,COMPONENT_NATIVE_REFERENCE_PRESENT,RESOLVED_SNAPSHOT_RAW_RECORD_MANIFEST,outputs/disease_association_component_v0.1/component_records.jsonl,"MMP11 is used as an illustrative biological worked example for scientific communication. Its inclusion is not the result of a project-level therapeutic target ranking, scoring, or recommendation procedure."
ENSG00000099953.9,COMP_DISEASE_ASSOCIATION,COMP_DISEASE_ASSOCIATION_V0.1,CMPREC_DA_BA57CC2D64F0EB16106D0D9541FE2321,FTR_DA_05FBB66514F7CE91F11FBD5A,disease_association_source_target_id_set,CLM_DA_E0E5123DA134356FFCD3E420,DA_RAW_b86a58ad8519defdd1e292a6f04a4e65d989dfdfb3144ad7c7b106b4f3b90e09,SRC_OPEN_TARGETS_PLATFORM,26.06,SNAP_DA_OT_26_06_LUAD_EXACT_UNIV_TASK030_V0_1,INV_bbb5f7b7fee75f78753f741033173ed4824a2b5c4ce6807ba9dfe3c3a00ef828,3f5573a993962ccc3089b580c1165839afae16a017709861d52ea01ae7d407bc,DEP_DA_89D55C00FF3E18C3119A1F06,DEPENDENT,SAME_SOURCE|SHARED_DATASET,DAR_SOURCE_TARGET_ID_SET_V0_1,DISEASE_ASSOCIATION_FEATURE_EXTRACTOR_V0.1,OBSERVED,evidence_europepmc,7fa01a788b07290c833e3dd14ac4940604d06f10,DA_RAW_b86a58ad8519defdd1e292a6f04a4e65d989dfdfb3144ad7c7b106b4f3b90e09,COMPONENT_NATIVE_REFERENCE_PRESENT,RESOLVED_SNAPSHOT_RAW_RECORD_MANIFEST,outputs/disease_association_component_v0.1/component_records.jsonl,"MMP11 is used as an illustrative biological worked example for scientific communication. Its inclusion is not the result of a project-level therapeutic target ranking, scoring, or recommendation procedure."
ENSG00000099953.9,COMP_DISEASE_ASSOCIATION,COMP_DISEASE_ASSOCIATION_V0.1,CMPREC_DA_BA57CC2D64F0EB16106D0D9541FE2321,FTR_DA_05FBB66514F7CE91F11FBD5A,disease_association_source_target_id_set,CLM_DA_E0E5123DA134356FFCD3E420,DA_RAW_fcf06b5d6de7cd1272387415ade16051f4ffdae6e72768613546d8460e107c9c,SRC_OPEN_TARGETS_PLATFORM,26.06,SNAP_DA_OT_26_06_LUAD_EXACT_UNIV_TASK030_V0_1,INV_137f5a6638b21243ac3bb78768a556bb41317ea52696ab04c184926b6e5f5e26,07e0849758c1b04d09c23123f9a64f2dcb08d927b51c42a0d0caf156984293d4,DEP_DA_54B4D11893ABDD72D208BC3A,DEPENDENT,SAME_SOURCE|SHARED_DATASET,DAR_SOURCE_TARGET_ID_SET_V0_1,DISEASE_ASSOCIATION_FEATURE_EXTRACTOR_V0.1,OBSERVED,evidence_europepmc,5c81e7e788334eea06776a98efb8b8e792fe4673,DA_RAW_fcf06b5d6de7cd1272387415ade16051f4ffdae6e72768613546d8460e107c9c,COMPONENT_NATIVE_REFERENCE_PRESENT,RESOLVED_SNAPSHOT_RAW_RECORD_MANIFEST,outputs/disease_association_component_v0.1/component_records.jsonl,"MMP11 is used as an illustrative biological worked example for scientific communication. Its inclusion is not the result of a project-level therapeutic target ranking, scoring, or recommendation procedure."
ENSG00000099953.9,COMP_DISEASE_ASSOCIATION,COMP_DISEASE_ASSOCIATION_V0.1,CMPREC_DA_BA57CC2D64F0EB16106D0D9541FE2321,FTR_DA_05FBB66514F7CE91F11FBD5A,disease_association_source_target_id_set,CLM_DA_E0E5123DA134356FFCD3E420,DA_RAW_3b25d179be56924cd196608d5d3d83fd13497741fe4e7a42898cb6c1475e141b,SRC_OPEN_TARGETS_PLATFORM,26.06,SNAP_DA_OT_26_06_LUAD_EXACT_UNIV_TASK030_V0_1,INV_cb597cc950956cc9f78af3c7c89fddf3e00d5a881172ca04a5c9ebfc322b732b,2e548a37b15f7c0fe046f0d2d6d6f19bca2b978a51b73dad5b1bb3c6b94d42f5,DEP_DA_41CBEE0435E46F51678E268B,DEPENDENT,SAME_SOURCE|SHARED_DATASET,DAR_SOURCE_TARGET_ID_SET_V0_1,DISEASE_ASSOCIATION_FEATURE_EXTRACTOR_V0.1,OBSERVED,evidence_europepmc,f65de7ecd8531c2c8f92671e08bff6382c9de09f,DA_RAW_3b25d179be56924cd196608d5d3d83fd13497741fe4e7a42898cb6c1475e141b,COMPONENT_NATIVE_REFERENCE_PRESENT,RESOLVED_SNAPSHOT_RAW_RECORD_MANIFEST,outputs/disease_association_component_v0.1/component_records.jsonl,"MMP11 is used as an illustrative biological worked example for scientific communication. Its inclusion is not the result of a project-level therapeutic target ranking, scoring, or recommendation procedure."
ENSG00000099953.9,COMP_DISEASE_ASSOCIATION,COMP_DISEASE_ASSOCIATION_V0.1,CMPREC_DA_BA57CC2D64F0EB16106D0D9541FE2321,FTR_DA_05FBB66514F7CE91F11FBD5A,disease_association_source_target_id_set,CLM_DA_E0E5123DA134356FFCD3E420,DA_RAW_884ab3014cb909a3b0747ece3ab1d95dd6acd5f3bf516dbd61ad5a2480a590f8,SRC_OPEN_TARGETS_PLATFORM,26.06,SNAP_DA_OT_26_06_LUAD_EXACT_UNIV_TASK030_V0_1,INV_f41ffa2df1b253e716ca65074890b809126c34193db380fa0ae538e1d86744a9,bcd2339d4f7bd305df921cd250f674cc3b4a71fa6982820a12361f8e93d863fc,DEP_DA_E4E62DC90E1E2CA9BD0B5806,DEPENDENT,SAME_SOURCE|SHARED_DATASET,DAR_SOURCE_TARGET_ID_SET_V0_1,DISEASE_ASSOCIATION_FEATURE_EXTRACTOR_V0.1,OBSERVED,evidence_expression_atlas,6a177018bed8fb7f519283795eb886be96854a51,DA_RAW_884ab3014cb909a3b0747ece3ab1d95dd6acd5f3bf516dbd61ad5a2480a590f8,COMPONENT_NATIVE_REFERENCE_PRESENT,RESOLVED_SNAPSHOT_RAW_RECORD_MANIFEST,outputs/disease_association_component_v0.1/component_records.jsonl,"MMP11 is used as an illustrative biological worked example for scientific communication. Its inclusion is not the result of a project-level therapeutic target ranking, scoring, or recommendation procedure."
ENSG00000099953.9,COMP_DISEASE_ASSOCIATION,COMP_DISEASE_ASSOCIATION_V0.1,CMPREC_DA_BA57CC2D64F0EB16106D0D9541FE2321,FTR_DA_05FBB66514F7CE91F11FBD5A,disease_association_source_target_id_set,CLM_DA_E0E5123DA134356FFCD3E420,DA_RAW_fe1209a61069fa7275488608327d18fdd6e068792292b0914345392c9f7ede36,SRC_OPEN_TARGETS_PLATFORM,26.06,SNAP_DA_OT_26_06_LUAD_EXACT_UNIV_TASK030_V0_1,INV_f41ffa2df1b253e716ca65074890b809126c34193db380fa0ae538e1d86744a9,bcd2339d4f7bd305df921cd250f674cc3b4a71fa6982820a12361f8e93d863fc,DEP_DA_C086CE4FF21F62C58E5E2127,DEPENDENT,SAME_SOURCE|SHARED_DATASET,DAR_SOURCE_TARGET_ID_SET_V0_1,DISEASE_ASSOCIATION_FEATURE_EXTRACTOR_V0.1,OBSERVED,evidence_expression_atlas,185140b60536b9d61a7039c873b0862e1b52aa3d,DA_RAW_fe1209a61069fa7275488608327d18fdd6e068792292b0914345392c9f7ede36,COMPONENT_NATIVE_REFERENCE_PRESENT,RESOLVED_SNAPSHOT_RAW_RECORD_MANIFEST,outputs/disease_association_component_v0.1/component_records.jsonl,"MMP11 is used as an illustrative biological worked example for scientific communication. Its inclusion is not the result of a project-level therapeutic target ranking, scoring, or recommendation procedure."
ENSG00000099953.9,COMP_DISEASE_ASSOCIATION,COMP_DISEASE_ASSOCIATION_V0.1,CMPREC_DA_BA57CC2D64F0EB16106D0D9541FE2321,FTR_DA_05FBB66514F7CE91F11FBD5A,disease_association_source_target_id_set,CLM_DA_E0E5123DA134356FFCD3E420,DA_RAW_cac7aeeeadd88cfdd97315750762c76535f4083b0f868a46d47482a0fb6d932f,SRC_OPEN_TARGETS_PLATFORM,26.06,SNAP_DA_OT_26_06_LUAD_EXACT_UNIV_TASK030_V0_1,INV_f41ffa2df1b253e716ca65074890b809126c34193db380fa0ae538e1d86744a9,bcd2339d4f7bd305df921cd250f674cc3b4a71fa6982820a12361f8e93d863fc,DEP_DA_70BA3AA83504BF15633B377D,DEPENDENT,SAME_SOURCE|SHARED_DATASET,DAR_SOURCE_TARGET_ID_SET_V0_1,DISEASE_ASSOCIATION_FEATURE_EXTRACTOR_V0.1,OBSERVED,evidence_expression_atlas,294e88ebd43931d4688d38f5a9cbf29fb94ef3c5,DA_RAW_cac7aeeeadd88cfdd97315750762c76535f4083b0f868a46d47482a0fb6d932f,COMPONENT_NATIVE_REFERENCE_PRESENT,RESOLVED_SNAPSHOT_RAW_RECORD_MANIFEST,outputs/disease_association_component_v0.1/component_records.jsonl,"MMP11 is used as an illustrative biological worked example for scientific communication. Its inclusion is not the result of a project-level therapeutic target ranking, scoring, or recommendation procedure."
ENSG00000099953.9,COMP_DISEASE_ASSOCIATION,COMP_DISEASE_ASSOCIATION_V0.1,CMPREC_DA_BA57CC2D64F0EB16106D0D9541FE2321,FTR_DA_05FBB66514F7CE91F11FBD5A,disease_association_source_target_id_set,CLM_DA_E0E5123DA134356FFCD3E420,DA_RAW_94b7fa443decc7e03b937392049e80f05a62aeade525696b50f285495e800bf7,SRC_OPEN_TARGETS_PLATFORM,26.06,SNAP_DA_OT_26_06_LUAD_EXACT_UNIV_TASK030_V0_1,INV_f41ffa2df1b253e716ca65074890b809126c34193db380fa0ae538e1d86744a9,bcd2339d4f7bd305df921cd250f674cc3b4a71fa6982820a12361f8e93d863fc,DEP_DA_CB8BECA411FECF9AC5C3C1B0,DEPENDENT,SAME_SOURCE|SHARED_DATASET,DAR_SOURCE_TARGET_ID_SET_V0_1,DISEASE_ASSOCIATION_FEATURE_EXTRACTOR_V0.1,OBSERVED,evidence_expression_atlas,2a79ab18055dd5fc64fa9732703407f6e807dad9,DA_RAW_94b7fa443decc7e03b937392049e80f05a62aeade525696b50f285495e800bf7,COMPONENT_NATIVE_REFERENCE_PRESENT,RESOLVED_SNAPSHOT_RAW_RECORD_MANIFEST,outputs/disease_association_component_v0.1/component_records.jsonl,"MMP11 is used as an illustrative biological worked example for scientific communication. Its inclusion is not the result of a project-level therapeutic target ranking, scoring, or recommendation procedure."
ENSG00000099953.9,COMP_DISEASE_ASSOCIATION,COMP_DISEASE_ASSOCIATION_V0.1,CMPREC_DA_BA57CC2D64F0EB16106D0D9541FE2321,FTR_DA_05FBB66514F7CE91F11FBD5A,disease_association_source_target_id_set,CLM_DA_E0E5123DA134356FFCD3E420,DA_RAW_c855784afb305dfc6e2595ce462ebdf7bb5f7c0126bb949bfe80f9f189b62b97,SRC_OPEN_TARGETS_PLATFORM,26.06,SNAP_DA_OT_26_06_LUAD_EXACT_UNIV_TASK030_V0_1,INV_f41ffa2df1b253e716ca65074890b809126c34193db380fa0ae538e1d86744a9,bcd2339d4f7bd305df921cd250f674cc3b4a71fa6982820a12361f8e93d863fc,DEP_DA_37454054FA3857773D15A949,DEPENDENT,SAME_SOURCE|SHARED_DATASET,DAR_SOURCE_TARGET_ID_SET_V0_1,DISEASE_ASSOCIATION_FEATURE_EXTRACTOR_V0.1,OBSERVED,evidence_expression_atlas,2427a48723d397d3846f609b6389dbbec5e813b4,DA_RAW_c855784afb305dfc6e2595ce462ebdf7bb5f7c0126bb949bfe80f9f189b62b97,COMPONENT_NATIVE_REFERENCE_PRESENT,RESOLVED_SNAPSHOT_RAW_RECORD_MANIFEST,outputs/disease_association_component_v0.1/component_records.jsonl,"MMP11 is used as an illustrative biological worked example for scientific communication. Its inclusion is not the result of a project-level therapeutic target ranking, scoring, or recommendation procedure."
ENSG00000099953.9,COMP_DISEASE_ASSOCIATION,COMP_DISEASE_ASSOCIATION_V0.1,CMPREC_DA_BA57CC2D64F0EB16106D0D9541FE2321,FTR_DA_0817C0A67943DAE1A626CA3F,disease_context_mapping_status,CLM_DA_6CCBC24165347E826553582A,REC_DA_SCOPE_4B28DB4E7014245EFB6714C1,SRC_OPEN_TARGETS_PLATFORM,26.06,SNAP_DA_OT_26_06_LUAD_EXACT_UNIV_TASK030_V0_1,ART_DA_COVERAGE_D685D100F26AFDA347A80859,b0b7903c33a65f991150804722b832c0168f1156a703411e9d7a3c23c5e8202e,DEP_DA_SCOPE_AD2F7EEF22E6864B7FF6C410,NOT_APPLICABLE,NOT_APPLICABLE,DAR_DISEASE_MAPPING_STATUS_V0_1,DISEASE_ASSOCIATION_FEATURE_EXTRACTOR_V0.1,OBSERVED,entity_coverage_ledger,QUERY_SCOPE::ENSG00000099953.9,NOT_APPLICABLE_QUERY_SCOPE_RECORD,COMPONENT_NATIVE_REFERENCE_PRESENT,RESOLVED_ENTITY_COVERAGE_SCOPE_RECORD,outputs/disease_association_component_v0.1/component_records.jsonl,"MMP11 is used as an illustrative biological worked example for scientific communication. Its inclusion is not the result of a project-level therapeutic target ranking, scoring, or recommendation procedure."
ENSG00000099953.9,COMP_DISEASE_ASSOCIATION,COMP_DISEASE_ASSOCIATION_V0.1,CMPREC_DA_BA57CC2D64F0EB16106D0D9541FE2321,FTR_DA_9144D682A5E1BF26135D0A1B,target_identity_mapping_status,CLM_DA_45AB745988919A8157E65BBA,REC_DA_SCOPE_4B28DB4E7014245EFB6714C1,SRC_OPEN_TARGETS_PLATFORM,26.06,SNAP_DA_OT_26_06_LUAD_EXACT_UNIV_TASK030_V0_1,ART_DA_COVERAGE_D685D100F26AFDA347A80859,b0b7903c33a65f991150804722b832c0168f1156a703411e9d7a3c23c5e8202e,DEP_DA_SCOPE_AD2F7EEF22E6864B7FF6C410,NOT_APPLICABLE,NOT_APPLICABLE,DAR_TARGET_MAPPING_STATUS_V0_1,DISEASE_ASSOCIATION_FEATURE_EXTRACTOR_V0.1,OBSERVED,entity_coverage_ledger,QUERY_SCOPE::ENSG00000099953.9,NOT_APPLICABLE_QUERY_SCOPE_RECORD,COMPONENT_NATIVE_REFERENCE_PRESENT,RESOLVED_ENTITY_COVERAGE_SCOPE_RECORD,outputs/disease_association_component_v0.1/component_records.jsonl,"MMP11 is used as an illustrative biological worked example for scientific communication. Its inclusion is not the result of a project-level therapeutic target ranking, scoring, or recommendation procedure."
ENSG00000099953.9,COMP_DISEASE_ASSOCIATION,COMP_DISEASE_ASSOCIATION_V0.1,CMPREC_DA_BA57CC2D64F0EB16106D0D9541FE2321,FTR_DA_37A40155B39D07BBB81ED7C5,disease_association_provenance_complete,CLM_DA_FD0669F09EFF55419EFC2578,REC_DA_SCOPE_4B28DB4E7014245EFB6714C1,SRC_OPEN_TARGETS_PLATFORM,26.06,SNAP_DA_OT_26_06_LUAD_EXACT_UNIV_TASK030_V0_1,ART_DA_COVERAGE_D685D100F26AFDA347A80859,b0b7903c33a65f991150804722b832c0168f1156a703411e9d7a3c23c5e8202e,DEP_DA_SCOPE_AD2F7EEF22E6864B7FF6C410,NOT_APPLICABLE,NOT_APPLICABLE,DAR_PROVENANCE_COMPLETE_V0_1,DISEASE_ASSOCIATION_FEATURE_EXTRACTOR_V0.1,OBSERVED,entity_coverage_ledger,QUERY_SCOPE::ENSG00000099953.9,NOT_APPLICABLE_QUERY_SCOPE_RECORD,COMPONENT_NATIVE_REFERENCE_PRESENT,RESOLVED_ENTITY_COVERAGE_SCOPE_RECORD,outputs/disease_association_component_v0.1/component_records.jsonl,"MMP11 is used as an illustrative biological worked example for scientific communication. Its inclusion is not the result of a project-level therapeutic target ranking, scoring, or recommendation procedure."
ENSG00000099953.9,COMP_DISEASE_ASSOCIATION,COMP_DISEASE_ASSOCIATION_V0.1,CMPREC_DA_BA57CC2D64F0EB16106D0D9541FE2321,FTR_DA_37A40155B39D07BBB81ED7C5,disease_association_provenance_complete,CLM_DA_FD0669F09EFF55419EFC2578,DA_RAW_4cf5b32a508113eb5602a4438e3448e8b08167b0dd0771dcb105a527396d78c0,SRC_OPEN_TARGETS_PLATFORM,26.06,SNAP_DA_OT_26_06_LUAD_EXACT_UNIV_TASK030_V0_1,INV_6a696278bcba8324abefb6029e4e702ef853a15e5dbae95eb76ce36edf40e213,444549a37400342ce803e0b1b67e574c26f7cc3f44e47089d59884d5f370e39e,DEP_DA_54A1C5E72D18283A3A4CB41E,DEPENDENT,SAME_SOURCE|SHARED_DATASET,DAR_PROVENANCE_COMPLETE_V0_1,DISEASE_ASSOCIATION_FEATURE_EXTRACTOR_V0.1,OBSERVED,evidence_europepmc,59c55e522b0b5fd951e296cb6937052ac6950c64,DA_RAW_4cf5b32a508113eb5602a4438e3448e8b08167b0dd0771dcb105a527396d78c0,COMPONENT_NATIVE_REFERENCE_PRESENT,RESOLVED_SNAPSHOT_RAW_RECORD_MANIFEST,outputs/disease_association_component_v0.1/component_records.jsonl,"MMP11 is used as an illustrative biological worked example for scientific communication. Its inclusion is not the result of a project-level therapeutic target ranking, scoring, or recommendation procedure."
ENSG00000099953.9,COMP_DISEASE_ASSOCIATION,COMP_DISEASE_ASSOCIATION_V0.1,CMPREC_DA_BA57CC2D64F0EB16106D0D9541FE2321,FTR_DA_37A40155B39D07BBB81ED7C5,disease_association_provenance_complete,CLM_DA_FD0669F09EFF55419EFC2578,DA_RAW_c3dd388c9f9df24eae9deee688c7c9fb7725b28fa34ee5c2f330bdf0495e9fc9,SRC_OPEN_TARGETS_PLATFORM,26.06,SNAP_DA_OT_26_06_LUAD_EXACT_UNIV_TASK030_V0_1,INV_97c9214eaf2013a683f0b920241886cf827d8aba76deca4212996c02cc08ee91,be938bc9a76e26e85064d36fb1bdd4b7bf0930a74a53b5155c5d02e5843ee4af,DEP_DA_F9A18860D87CB60708311FF6,DEPENDENT,SAME_SOURCE|SHARED_DATASET,DAR_PROVENANCE_COMPLETE_V0_1,DISEASE_ASSOCIATION_FEATURE_EXTRACTOR_V0.1,OBSERVED,evidence_europepmc,55a2c15edbd1d4e9429d3e76325e90204ab6c5e1,DA_RAW_c3dd388c9f9df24eae9deee688c7c9fb7725b28fa34ee5c2f330bdf0495e9fc9,COMPONENT_NATIVE_REFERENCE_PRESENT,RESOLVED_SNAPSHOT_RAW_RECORD_MANIFEST,outputs/disease_association_component_v0.1/component_records.jsonl,"MMP11 is used as an illustrative biological worked example for scientific communication. Its inclusion is not the result of a project-level therapeutic target ranking, scoring, or recommendation procedure."
ENSG00000099953.9,COMP_DISEASE_ASSOCIATION,COMP_DISEASE_ASSOCIATION_V0.1,CMPREC_DA_BA57CC2D64F0EB16106D0D9541FE2321,FTR_DA_37A40155B39D07BBB81ED7C5,disease_association_provenance_complete,CLM_DA_FD0669F09EFF55419EFC2578,DA_RAW_794ade1e615c6a00810c7988cd184167f2fb8dde251c4a9fd7819e3516e7d0e1,SRC_OPEN_TARGETS_PLATFORM,26.06,SNAP_DA_OT_26_06_LUAD_EXACT_UNIV_TASK030_V0_1,INV_97c9214eaf2013a683f0b920241886cf827d8aba76deca4212996c02cc08ee91,be938bc9a76e26e85064d36fb1bdd4b7bf0930a74a53b5155c5d02e5843ee4af,DEP_DA_9733EE27F823B75E148ABB39,DEPENDENT,SAME_SOURCE|SHARED_DATASET,DAR_PROVENANCE_COMPLETE_V0_1,DISEASE_ASSOCIATION_FEATURE_EXTRACTOR_V0.1,OBSERVED,evidence_europepmc,9267bee526b519ba6f8ff8823415df81aadd8c38,DA_RAW_794ade1e615c6a00810c7988cd184167f2fb8dde251c4a9fd7819e3516e7d0e1,COMPONENT_NATIVE_REFERENCE_PRESENT,RESOLVED_SNAPSHOT_RAW_RECORD_MANIFEST,outputs/disease_association_component_v0.1/component_records.jsonl,"MMP11 is used as an illustrative biological worked example for scientific communication. Its inclusion is not the result of a project-level therapeutic target ranking, scoring, or recommendation procedure."
ENSG00000099953.9,COMP_DISEASE_ASSOCIATION,COMP_DISEASE_ASSOCIATION_V0.1,CMPREC_DA_BA57CC2D64F0EB16106D0D9541FE2321,FTR_DA_37A40155B39D07BBB81ED7C5,disease_association_provenance_complete,CLM_DA_FD0669F09EFF55419EFC2578,DA_RAW_5106f92e3ee59d96b66875dd8ec6da45513931293b029d517e71e35f3f7bfe00,SRC_OPEN_TARGETS_PLATFORM,26.06,SNAP_DA_OT_26_06_LUAD_EXACT_UNIV_TASK030_V0_1,INV_01224a50883bbbe9c423f27ce52d6670d84432739a316eff9947f76871fa0df4,dae5397a17450f4564bf6ffe8f00fa5d99ff81f8579f18a106c690308bb6b103,DEP_DA_707DA79DD85D8383CD064A67,DEPENDENT,SAME_SOURCE|SHARED_DATASET,DAR_PROVENANCE_COMPLETE_V0_1,DISEASE_ASSOCIATION_FEATURE_EXTRACTOR_V0.1,OBSERVED,evidence_europepmc,5e3dc36a0bca9be04c6f0a808bfc2e2f25c31674,DA_RAW_5106f92e3ee59d96b66875dd8ec6da45513931293b029d517e71e35f3f7bfe00,COMPONENT_NATIVE_REFERENCE_PRESENT,RESOLVED_SNAPSHOT_RAW_RECORD_MANIFEST,outputs/disease_association_component_v0.1/component_records.jsonl,"MMP11 is used as an illustrative biological worked example for scientific communication. Its inclusion is not the result of a project-level therapeutic target ranking, scoring, or recommendation procedure."
ENSG00000099953.9,COMP_DISEASE_ASSOCIATION,COMP_DISEASE_ASSOCIATION_V0.1,CMPREC_DA_BA57CC2D64F0EB16106D0D9541FE2321,FTR_DA_37A40155B39D07BBB81ED7C5,disease_association_provenance_complete,CLM_DA_FD0669F09EFF55419EFC2578,DA_RAW_8ddc9f2c4e8eea5cab6bc7153c3e43fcf2a1bd4d4d80030098d8e248aa7b3704,SRC_OPEN_TARGETS_PLATFORM,26.06,SNAP_DA_OT_26_06_LUAD_EXACT_UNIV_TASK030_V0_1,INV_35f5cd38fe9fe28f529cd56fbd85d5c672bd8b28652de36631cf25ecc89f0b41,ed59277e1bc245e061fab7029c0ad3caabe7eb3e7470ef326ce7ca633693da43,DEP_DA_3D5548EFD1D961343161439A,DEPENDENT,SAME_SOURCE|SHARED_DATASET,DAR_PROVENANCE_COMPLETE_V0_1,DISEASE_ASSOCIATION_FEATURE_EXTRACTOR_V0.1,OBSERVED,evidence_europepmc,55a184ffac9cdf953862687b65ff274c8d033de9,DA_RAW_8ddc9f2c4e8eea5cab6bc7153c3e43fcf2a1bd4d4d80030098d8e248aa7b3704,COMPONENT_NATIVE_REFERENCE_PRESENT,RESOLVED_SNAPSHOT_RAW_RECORD_MANIFEST,outputs/disease_association_component_v0.1/component_records.jsonl,"MMP11 is used as an illustrative biological worked example for scientific communication. Its inclusion is not the result of a project-level therapeutic target ranking, scoring, or recommendation procedure."
ENSG00000099953.9,COMP_DISEASE_ASSOCIATION,COMP_DISEASE_ASSOCIATION_V0.1,CMPREC_DA_BA57CC2D64F0EB16106D0D9541FE2321,FTR_DA_37A40155B39D07BBB81ED7C5,disease_association_provenance_complete,CLM_DA_FD0669F09EFF55419EFC2578,DA_RAW_0cf8d44b41e91f2bc6951f44132527d92e14091d0690a88df7ad73a912683d85,SRC_OPEN_TARGETS_PLATFORM,26.06,SNAP_DA_OT_26_06_LUAD_EXACT_UNIV_TASK030_V0_1,INV_76287eb8fd5f05102249a74953e6c940e472be9c8635681be24c88f6e9be3676,6cb30a3470036c91d1be3ebc6c3b503e59f1869bd29942a282716314c34c65de,DEP_DA_0D444064DB795CE326277536,DEPENDENT,SAME_SOURCE|SHARED_DATASET,DAR_PROVENANCE_COMPLETE_V0_1,DISEASE_ASSOCIATION_FEATURE_EXTRACTOR_V0.1,OBSERVED,evidence_europepmc,5e685475f71d483c896b950025992e3384bc8a50,DA_RAW_0cf8d44b41e91f2bc6951f44132527d92e14091d0690a88df7ad73a912683d85,COMPONENT_NATIVE_REFERENCE_PRESENT,RESOLVED_SNAPSHOT_RAW_RECORD_MANIFEST,outputs/disease_association_component_v0.1/component_records.jsonl,"MMP11 is used as an illustrative biological worked example for scientific communication. Its inclusion is not the result of a project-level therapeutic target ranking, scoring, or recommendation procedure."
ENSG00000099953.9,COMP_DISEASE_ASSOCIATION,COMP_DISEASE_ASSOCIATION_V0.1,CMPREC_DA_BA57CC2D64F0EB16106D0D9541FE2321,FTR_DA_37A40155B39D07BBB81ED7C5,disease_association_provenance_complete,CLM_DA_FD0669F09EFF55419EFC2578,DA_RAW_b86a58ad8519defdd1e292a6f04a4e65d989dfdfb3144ad7c7b106b4f3b90e09,SRC_OPEN_TARGETS_PLATFORM,26.06,SNAP_DA_OT_26_06_LUAD_EXACT_UNIV_TASK030_V0_1,INV_bbb5f7b7fee75f78753f741033173ed4824a2b5c4ce6807ba9dfe3c3a00ef828,3f5573a993962ccc3089b580c1165839afae16a017709861d52ea01ae7d407bc,DEP_DA_89D55C00FF3E18C3119A1F06,DEPENDENT,SAME_SOURCE|SHARED_DATASET,DAR_PROVENANCE_COMPLETE_V0_1,DISEASE_ASSOCIATION_FEATURE_EXTRACTOR_V0.1,OBSERVED,evidence_europepmc,7fa01a788b07290c833e3dd14ac4940604d06f10,DA_RAW_b86a58ad8519defdd1e292a6f04a4e65d989dfdfb3144ad7c7b106b4f3b90e09,COMPONENT_NATIVE_REFERENCE_PRESENT,RESOLVED_SNAPSHOT_RAW_RECORD_MANIFEST,outputs/disease_association_component_v0.1/component_records.jsonl,"MMP11 is used as an illustrative biological worked example for scientific communication. Its inclusion is not the result of a project-level therapeutic target ranking, scoring, or recommendation procedure."
ENSG00000099953.9,COMP_DISEASE_ASSOCIATION,COMP_DISEASE_ASSOCIATION_V0.1,CMPREC_DA_BA57CC2D64F0EB16106D0D9541FE2321,FTR_DA_37A40155B39D07BBB81ED7C5,disease_association_provenance_complete,CLM_DA_FD0669F09EFF55419EFC2578,DA_RAW_fcf06b5d6de7cd1272387415ade16051f4ffdae6e72768613546d8460e107c9c,SRC_OPEN_TARGETS_PLATFORM,26.06,SNAP_DA_OT_26_06_LUAD_EXACT_UNIV_TASK030_V0_1,INV_137f5a6638b21243ac3bb78768a556bb41317ea52696ab04c184926b6e5f5e26,07e0849758c1b04d09c23123f9a64f2dcb08d927b51c42a0d0caf156984293d4,DEP_DA_54B4D11893ABDD72D208BC3A,DEPENDENT,SAME_SOURCE|SHARED_DATASET,DAR_PROVENANCE_COMPLETE_V0_1,DISEASE_ASSOCIATION_FEATURE_EXTRACTOR_V0.1,OBSERVED,evidence_europepmc,5c81e7e788334eea06776a98efb8b8e792fe4673,DA_RAW_fcf06b5d6de7cd1272387415ade16051f4ffdae6e72768613546d8460e107c9c,COMPONENT_NATIVE_REFERENCE_PRESENT,RESOLVED_SNAPSHOT_RAW_RECORD_MANIFEST,outputs/disease_association_component_v0.1/component_records.jsonl,"MMP11 is used as an illustrative biological worked example for scientific communication. Its inclusion is not the result of a project-level therapeutic target ranking, scoring, or recommendation procedure."
ENSG00000099953.9,COMP_DISEASE_ASSOCIATION,COMP_DISEASE_ASSOCIATION_V0.1,CMPREC_DA_BA57CC2D64F0EB16106D0D9541FE2321,FTR_DA_37A40155B39D07BBB81ED7C5,disease_association_provenance_complete,CLM_DA_FD0669F09EFF55419EFC2578,DA_RAW_3b25d179be56924cd196608d5d3d83fd13497741fe4e7a42898cb6c1475e141b,SRC_OPEN_TARGETS_PLATFORM,26.06,SNAP_DA_OT_26_06_LUAD_EXACT_UNIV_TASK030_V0_1,INV_cb597cc950956cc9f78af3c7c89fddf3e00d5a881172ca04a5c9ebfc322b732b,2e548a37b15f7c0fe046f0d2d6d6f19bca2b978a51b73dad5b1bb3c6b94d42f5,DEP_DA_41CBEE0435E46F51678E268B,DEPENDENT,SAME_SOURCE|SHARED_DATASET,DAR_PROVENANCE_COMPLETE_V0_1,DISEASE_ASSOCIATION_FEATURE_EXTRACTOR_V0.1,OBSERVED,evidence_europepmc,f65de7ecd8531c2c8f92671e08bff6382c9de09f,DA_RAW_3b25d179be56924cd196608d5d3d83fd13497741fe4e7a42898cb6c1475e141b,COMPONENT_NATIVE_REFERENCE_PRESENT,RESOLVED_SNAPSHOT_RAW_RECORD_MANIFEST,outputs/disease_association_component_v0.1/component_records.jsonl,"MMP11 is used as an illustrative biological worked example for scientific communication. Its inclusion is not the result of a project-level therapeutic target ranking, scoring, or recommendation procedure."
ENSG00000099953.9,COMP_DISEASE_ASSOCIATION,COMP_DISEASE_ASSOCIATION_V0.1,CMPREC_DA_BA57CC2D64F0EB16106D0D9541FE2321,FTR_DA_37A40155B39D07BBB81ED7C5,disease_association_provenance_complete,CLM_DA_FD0669F09EFF55419EFC2578,DA_RAW_884ab3014cb909a3b0747ece3ab1d95dd6acd5f3bf516dbd61ad5a2480a590f8,SRC_OPEN_TARGETS_PLATFORM,26.06,SNAP_DA_OT_26_06_LUAD_EXACT_UNIV_TASK030_V0_1,INV_f41ffa2df1b253e716ca65074890b809126c34193db380fa0ae538e1d86744a9,bcd2339d4f7bd305df921cd250f674cc3b4a71fa6982820a12361f8e93d863fc,DEP_DA_E4E62DC90E1E2CA9BD0B5806,DEPENDENT,SAME_SOURCE|SHARED_DATASET,DAR_PROVENANCE_COMPLETE_V0_1,DISEASE_ASSOCIATION_FEATURE_EXTRACTOR_V0.1,OBSERVED,evidence_expression_atlas,6a177018bed8fb7f519283795eb886be96854a51,DA_RAW_884ab3014cb909a3b0747ece3ab1d95dd6acd5f3bf516dbd61ad5a2480a590f8,COMPONENT_NATIVE_REFERENCE_PRESENT,RESOLVED_SNAPSHOT_RAW_RECORD_MANIFEST,outputs/disease_association_component_v0.1/component_records.jsonl,"MMP11 is used as an illustrative biological worked example for scientific communication. Its inclusion is not the result of a project-level therapeutic target ranking, scoring, or recommendation procedure."
ENSG00000099953.9,COMP_DISEASE_ASSOCIATION,COMP_DISEASE_ASSOCIATION_V0.1,CMPREC_DA_BA57CC2D64F0EB16106D0D9541FE2321,FTR_DA_37A40155B39D07BBB81ED7C5,disease_association_provenance_complete,CLM_DA_FD0669F09EFF55419EFC2578,DA_RAW_fe1209a61069fa7275488608327d18fdd6e068792292b0914345392c9f7ede36,SRC_OPEN_TARGETS_PLATFORM,26.06,SNAP_DA_OT_26_06_LUAD_EXACT_UNIV_TASK030_V0_1,INV_f41ffa2df1b253e716ca65074890b809126c34193db380fa0ae538e1d86744a9,bcd2339d4f7bd305df921cd250f674cc3b4a71fa6982820a12361f8e93d863fc,DEP_DA_C086CE4FF21F62C58E5E2127,DEPENDENT,SAME_SOURCE|SHARED_DATASET,DAR_PROVENANCE_COMPLETE_V0_1,DISEASE_ASSOCIATION_FEATURE_EXTRACTOR_V0.1,OBSERVED,evidence_expression_atlas,185140b60536b9d61a7039c873b0862e1b52aa3d,DA_RAW_fe1209a61069fa7275488608327d18fdd6e068792292b0914345392c9f7ede36,COMPONENT_NATIVE_REFERENCE_PRESENT,RESOLVED_SNAPSHOT_RAW_RECORD_MANIFEST,outputs/disease_association_component_v0.1/component_records.jsonl,"MMP11 is used as an illustrative biological worked example for scientific communication. Its inclusion is not the result of a project-level therapeutic target ranking, scoring, or recommendation procedure."
ENSG00000099953.9,COMP_DISEASE_ASSOCIATION,COMP_DISEASE_ASSOCIATION_V0.1,CMPREC_DA_BA57CC2D64F0EB16106D0D9541FE2321,FTR_DA_37A40155B39D07BBB81ED7C5,disease_association_provenance_complete,CLM_DA_FD0669F09EFF55419EFC2578,DA_RAW_cac7aeeeadd88cfdd97315750762c76535f4083b0f868a46d47482a0fb6d932f,SRC_OPEN_TARGETS_PLATFORM,26.06,SNAP_DA_OT_26_06_LUAD_EXACT_UNIV_TASK030_V0_1,INV_f41ffa2df1b253e716ca65074890b809126c34193db380fa0ae538e1d86744a9,bcd2339d4f7bd305df921cd250f674cc3b4a71fa6982820a12361f8e93d863fc,DEP_DA_70BA3AA83504BF15633B377D,DEPENDENT,SAME_SOURCE|SHARED_DATASET,DAR_PROVENANCE_COMPLETE_V0_1,DISEASE_ASSOCIATION_FEATURE_EXTRACTOR_V0.1,OBSERVED,evidence_expression_atlas,294e88ebd43931d4688d38f5a9cbf29fb94ef3c5,DA_RAW_cac7aeeeadd88cfdd97315750762c76535f4083b0f868a46d47482a0fb6d932f,COMPONENT_NATIVE_REFERENCE_PRESENT,RESOLVED_SNAPSHOT_RAW_RECORD_MANIFEST,outputs/disease_association_component_v0.1/component_records.jsonl,"MMP11 is used as an illustrative biological worked example for scientific communication. Its inclusion is not the result of a project-level therapeutic target ranking, scoring, or recommendation procedure."
ENSG00000099953.9,COMP_DISEASE_ASSOCIATION,COMP_DISEASE_ASSOCIATION_V0.1,CMPREC_DA_BA57CC2D64F0EB16106D0D9541FE2321,FTR_DA_37A40155B39D07BBB81ED7C5,disease_association_provenance_complete,CLM_DA_FD0669F09EFF55419EFC2578,DA_RAW_94b7fa443decc7e03b937392049e80f05a62aeade525696b50f285495e800bf7,SRC_OPEN_TARGETS_PLATFORM,26.06,SNAP_DA_OT_26_06_LUAD_EXACT_UNIV_TASK030_V0_1,INV_f41ffa2df1b253e716ca65074890b809126c34193db380fa0ae538e1d86744a9,bcd2339d4f7bd305df921cd250f674cc3b4a71fa6982820a12361f8e93d863fc,DEP_DA_CB8BECA411FECF9AC5C3C1B0,DEPENDENT,SAME_SOURCE|SHARED_DATASET,DAR_PROVENANCE_COMPLETE_V0_1,DISEASE_ASSOCIATION_FEATURE_EXTRACTOR_V0.1,OBSERVED,evidence_expression_atlas,2a79ab18055dd5fc64fa9732703407f6e807dad9,DA_RAW_94b7fa443decc7e03b937392049e80f05a62aeade525696b50f285495e800bf7,COMPONENT_NATIVE_REFERENCE_PRESENT,RESOLVED_SNAPSHOT_RAW_RECORD_MANIFEST,outputs/disease_association_component_v0.1/component_records.jsonl,"MMP11 is used as an illustrative biological worked example for scientific communication. Its inclusion is not the result of a project-level therapeutic target ranking, scoring, or recommendation procedure."
ENSG00000099953.9,COMP_DISEASE_ASSOCIATION,COMP_DISEASE_ASSOCIATION_V0.1,CMPREC_DA_BA57CC2D64F0EB16106D0D9541FE2321,FTR_DA_37A40155B39D07BBB81ED7C5,disease_association_provenance_complete,CLM_DA_FD0669F09EFF55419EFC2578,DA_RAW_c855784afb305dfc6e2595ce462ebdf7bb5f7c0126bb949bfe80f9f189b62b97,SRC_OPEN_TARGETS_PLATFORM,26.06,SNAP_DA_OT_26_06_LUAD_EXACT_UNIV_TASK030_V0_1,INV_f41ffa2df1b253e716ca65074890b809126c34193db380fa0ae538e1d86744a9,bcd2339d4f7bd305df921cd250f674cc3b4a71fa6982820a12361f8e93d863fc,DEP_DA_37454054FA3857773D15A949,DEPENDENT,SAME_SOURCE|SHARED_DATASET,DAR_PROVENANCE_COMPLETE_V0_1,DISEASE_ASSOCIATION_FEATURE_EXTRACTOR_V0.1,OBSERVED,evidence_expression_atlas,2427a48723d397d3846f609b6389dbbec5e813b4,DA_RAW_c855784afb305dfc6e2595ce462ebdf7bb5f7c0126bb949bfe80f9f189b62b97,COMPONENT_NATIVE_REFERENCE_PRESENT,RESOLVED_SNAPSHOT_RAW_RECORD_MANIFEST,outputs/disease_association_component_v0.1/component_records.jsonl,"MMP11 is used as an illustrative biological worked example for scientific communication. Its inclusion is not the result of a project-level therapeutic target ranking, scoring, or recommendation procedure."
ENSG00000099953.9,COMP_DISEASE_ASSOCIATION,COMP_DISEASE_ASSOCIATION_V0.1,CMPREC_DA_BA57CC2D64F0EB16106D0D9541FE2321,FTR_DA_1EC7452EEF767F7B88D36EC0,disease_association_dependency_complete,CLM_DA_86D3B796679054B3099FE53C,DA_RAW_4cf5b32a508113eb5602a4438e3448e8b08167b0dd0771dcb105a527396d78c0,SRC_OPEN_TARGETS_PLATFORM,26.06,SNAP_DA_OT_26_06_LUAD_EXACT_UNIV_TASK030_V0_1,INV_6a696278bcba8324abefb6029e4e702ef853a15e5dbae95eb76ce36edf40e213,444549a37400342ce803e0b1b67e574c26f7cc3f44e47089d59884d5f370e39e,DEP_DA_54A1C5E72D18283A3A4CB41E,DEPENDENT,SAME_SOURCE|SHARED_DATASET,DAR_DEPENDENCY_COMPLETE_V0_1,DISEASE_ASSOCIATION_FEATURE_EXTRACTOR_V0.1,OBSERVED,evidence_europepmc,59c55e522b0b5fd951e296cb6937052ac6950c64,DA_RAW_4cf5b32a508113eb5602a4438e3448e8b08167b0dd0771dcb105a527396d78c0,COMPONENT_NATIVE_REFERENCE_PRESENT,RESOLVED_SNAPSHOT_RAW_RECORD_MANIFEST,outputs/disease_association_component_v0.1/component_records.jsonl,"MMP11 is used as an illustrative biological worked example for scientific communication. Its inclusion is not the result of a project-level therapeutic target ranking, scoring, or recommendation procedure."
ENSG00000099953.9,COMP_DISEASE_ASSOCIATION,COMP_DISEASE_ASSOCIATION_V0.1,CMPREC_DA_BA57CC2D64F0EB16106D0D9541FE2321,FTR_DA_1EC7452EEF767F7B88D36EC0,disease_association_dependency_complete,CLM_DA_86D3B796679054B3099FE53C,DA_RAW_c3dd388c9f9df24eae9deee688c7c9fb7725b28fa34ee5c2f330bdf0495e9fc9,SRC_OPEN_TARGETS_PLATFORM,26.06,SNAP_DA_OT_26_06_LUAD_EXACT_UNIV_TASK030_V0_1,INV_97c9214eaf2013a683f0b920241886cf827d8aba76deca4212996c02cc08ee91,be938bc9a76e26e85064d36fb1bdd4b7bf0930a74a53b5155c5d02e5843ee4af,DEP_DA_F9A18860D87CB60708311FF6,DEPENDENT,SAME_SOURCE|SHARED_DATASET,DAR_DEPENDENCY_COMPLETE_V0_1,DISEASE_ASSOCIATION_FEATURE_EXTRACTOR_V0.1,OBSERVED,evidence_europepmc,55a2c15edbd1d4e9429d3e76325e90204ab6c5e1,DA_RAW_c3dd388c9f9df24eae9deee688c7c9fb7725b28fa34ee5c2f330bdf0495e9fc9,COMPONENT_NATIVE_REFERENCE_PRESENT,RESOLVED_SNAPSHOT_RAW_RECORD_MANIFEST,outputs/disease_association_component_v0.1/component_records.jsonl,"MMP11 is used as an illustrative biological worked example for scientific communication. Its inclusion is not the result of a project-level therapeutic target ranking, scoring, or recommendation procedure."
ENSG00000099953.9,COMP_DISEASE_ASSOCIATION,COMP_DISEASE_ASSOCIATION_V0.1,CMPREC_DA_BA57CC2D64F0EB16106D0D9541FE2321,FTR_DA_1EC7452EEF767F7B88D36EC0,disease_association_dependency_complete,CLM_DA_86D3B796679054B3099FE53C,DA_RAW_794ade1e615c6a00810c7988cd184167f2fb8dde251c4a9fd7819e3516e7d0e1,SRC_OPEN_TARGETS_PLATFORM,26.06,SNAP_DA_OT_26_06_LUAD_EXACT_UNIV_TASK030_V0_1,INV_97c9214eaf2013a683f0b920241886cf827d8aba76deca4212996c02cc08ee91,be938bc9a76e26e85064d36fb1bdd4b7bf0930a74a53b5155c5d02e5843ee4af,DEP_DA_9733EE27F823B75E148ABB39,DEPENDENT,SAME_SOURCE|SHARED_DATASET,DAR_DEPENDENCY_COMPLETE_V0_1,DISEASE_ASSOCIATION_FEATURE_EXTRACTOR_V0.1,OBSERVED,evidence_europepmc,9267bee526b519ba6f8ff8823415df81aadd8c38,DA_RAW_794ade1e615c6a00810c7988cd184167f2fb8dde251c4a9fd7819e3516e7d0e1,COMPONENT_NATIVE_REFERENCE_PRESENT,RESOLVED_SNAPSHOT_RAW_RECORD_MANIFEST,outputs/disease_association_component_v0.1/component_records.jsonl,"MMP11 is used as an illustrative biological worked example for scientific communication. Its inclusion is not the result of a project-level therapeutic target ranking, scoring, or recommendation procedure."
ENSG00000099953.9,COMP_DISEASE_ASSOCIATION,COMP_DISEASE_ASSOCIATION_V0.1,CMPREC_DA_BA57CC2D64F0EB16106D0D9541FE2321,FTR_DA_1EC7452EEF767F7B88D36EC0,disease_association_dependency_complete,CLM_DA_86D3B796679054B3099FE53C,DA_RAW_5106f92e3ee59d96b66875dd8ec6da45513931293b029d517e71e35f3f7bfe00,SRC_OPEN_TARGETS_PLATFORM,26.06,SNAP_DA_OT_26_06_LUAD_EXACT_UNIV_TASK030_V0_1,INV_01224a50883bbbe9c423f27ce52d6670d84432739a316eff9947f76871fa0df4,dae5397a17450f4564bf6ffe8f00fa5d99ff81f8579f18a106c690308bb6b103,DEP_DA_707DA79DD85D8383CD064A67,DEPENDENT,SAME_SOURCE|SHARED_DATASET,DAR_DEPENDENCY_COMPLETE_V0_1,DISEASE_ASSOCIATION_FEATURE_EXTRACTOR_V0.1,OBSERVED,evidence_europepmc,5e3dc36a0bca9be04c6f0a808bfc2e2f25c31674,DA_RAW_5106f92e3ee59d96b66875dd8ec6da45513931293b029d517e71e35f3f7bfe00,COMPONENT_NATIVE_REFERENCE_PRESENT,RESOLVED_SNAPSHOT_RAW_RECORD_MANIFEST,outputs/disease_association_component_v0.1/component_records.jsonl,"MMP11 is used as an illustrative biological worked example for scientific communication. Its inclusion is not the result of a project-level therapeutic target ranking, scoring, or recommendation procedure."
ENSG00000099953.9,COMP_DISEASE_ASSOCIATION,COMP_DISEASE_ASSOCIATION_V0.1,CMPREC_DA_BA57CC2D64F0EB16106D0D9541FE2321,FTR_DA_1EC7452EEF767F7B88D36EC0,disease_association_dependency_complete,CLM_DA_86D3B796679054B3099FE53C,DA_RAW_8ddc9f2c4e8eea5cab6bc7153c3e43fcf2a1bd4d4d80030098d8e248aa7b3704,SRC_OPEN_TARGETS_PLATFORM,26.06,SNAP_DA_OT_26_06_LUAD_EXACT_UNIV_TASK030_V0_1,INV_35f5cd38fe9fe28f529cd56fbd85d5c672bd8b28652de36631cf25ecc89f0b41,ed59277e1bc245e061fab7029c0ad3caabe7eb3e7470ef326ce7ca633693da43,DEP_DA_3D5548EFD1D961343161439A,DEPENDENT,SAME_SOURCE|SHARED_DATASET,DAR_DEPENDENCY_COMPLETE_V0_1,DISEASE_ASSOCIATION_FEATURE_EXTRACTOR_V0.1,OBSERVED,evidence_europepmc,55a184ffac9cdf953862687b65ff274c8d033de9,DA_RAW_8ddc9f2c4e8eea5cab6bc7153c3e43fcf2a1bd4d4d80030098d8e248aa7b3704,COMPONENT_NATIVE_REFERENCE_PRESENT,RESOLVED_SNAPSHOT_RAW_RECORD_MANIFEST,outputs/disease_association_component_v0.1/component_records.jsonl,"MMP11 is used as an illustrative biological worked example for scientific communication. Its inclusion is not the result of a project-level therapeutic target ranking, scoring, or recommendation procedure."
ENSG00000099953.9,COMP_DISEASE_ASSOCIATION,COMP_DISEASE_ASSOCIATION_V0.1,CMPREC_DA_BA57CC2D64F0EB16106D0D9541FE2321,FTR_DA_1EC7452EEF767F7B88D36EC0,disease_association_dependency_complete,CLM_DA_86D3B796679054B3099FE53C,DA_RAW_0cf8d44b41e91f2bc6951f44132527d92e14091d0690a88df7ad73a912683d85,SRC_OPEN_TARGETS_PLATFORM,26.06,SNAP_DA_OT_26_06_LUAD_EXACT_UNIV_TASK030_V0_1,INV_76287eb8fd5f05102249a74953e6c940e472be9c8635681be24c88f6e9be3676,6cb30a3470036c91d1be3ebc6c3b503e59f1869bd29942a282716314c34c65de,DEP_DA_0D444064DB795CE326277536,DEPENDENT,SAME_SOURCE|SHARED_DATASET,DAR_DEPENDENCY_COMPLETE_V0_1,DISEASE_ASSOCIATION_FEATURE_EXTRACTOR_V0.1,OBSERVED,evidence_europepmc,5e685475f71d483c896b950025992e3384bc8a50,DA_RAW_0cf8d44b41e91f2bc6951f44132527d92e14091d0690a88df7ad73a912683d85,COMPONENT_NATIVE_REFERENCE_PRESENT,RESOLVED_SNAPSHOT_RAW_RECORD_MANIFEST,outputs/disease_association_component_v0.1/component_records.jsonl,"MMP11 is used as an illustrative biological worked example for scientific communication. Its inclusion is not the result of a project-level therapeutic target ranking, scoring, or recommendation procedure."
ENSG00000099953.9,COMP_DISEASE_ASSOCIATION,COMP_DISEASE_ASSOCIATION_V0.1,CMPREC_DA_BA57CC2D64F0EB16106D0D9541FE2321,FTR_DA_1EC7452EEF767F7B88D36EC0,disease_association_dependency_complete,CLM_DA_86D3B796679054B3099FE53C,DA_RAW_b86a58ad8519defdd1e292a6f04a4e65d989dfdfb3144ad7c7b106b4f3b90e09,SRC_OPEN_TARGETS_PLATFORM,26.06,SNAP_DA_OT_26_06_LUAD_EXACT_UNIV_TASK030_V0_1,INV_bbb5f7b7fee75f78753f741033173ed4824a2b5c4ce6807ba9dfe3c3a00ef828,3f5573a993962ccc3089b580c1165839afae16a017709861d52ea01ae7d407bc,DEP_DA_89D55C00FF3E18C3119A1F06,DEPENDENT,SAME_SOURCE|SHARED_DATASET,DAR_DEPENDENCY_COMPLETE_V0_1,DISEASE_ASSOCIATION_FEATURE_EXTRACTOR_V0.1,OBSERVED,evidence_europepmc,7fa01a788b07290c833e3dd14ac4940604d06f10,DA_RAW_b86a58ad8519defdd1e292a6f04a4e65d989dfdfb3144ad7c7b106b4f3b90e09,COMPONENT_NATIVE_REFERENCE_PRESENT,RESOLVED_SNAPSHOT_RAW_RECORD_MANIFEST,outputs/disease_association_component_v0.1/component_records.jsonl,"MMP11 is used as an illustrative biological worked example for scientific communication. Its inclusion is not the result of a project-level therapeutic target ranking, scoring, or recommendation procedure."
ENSG00000099953.9,COMP_DISEASE_ASSOCIATION,COMP_DISEASE_ASSOCIATION_V0.1,CMPREC_DA_BA57CC2D64F0EB16106D0D9541FE2321,FTR_DA_1EC7452EEF767F7B88D36EC0,disease_association_dependency_complete,CLM_DA_86D3B796679054B3099FE53C,DA_RAW_fcf06b5d6de7cd1272387415ade16051f4ffdae6e72768613546d8460e107c9c,SRC_OPEN_TARGETS_PLATFORM,26.06,SNAP_DA_OT_26_06_LUAD_EXACT_UNIV_TASK030_V0_1,INV_137f5a6638b21243ac3bb78768a556bb41317ea52696ab04c184926b6e5f5e26,07e0849758c1b04d09c23123f9a64f2dcb08d927b51c42a0d0caf156984293d4,DEP_DA_54B4D11893ABDD72D208BC3A,DEPENDENT,SAME_SOURCE|SHARED_DATASET,DAR_DEPENDENCY_COMPLETE_V0_1,DISEASE_ASSOCIATION_FEATURE_EXTRACTOR_V0.1,OBSERVED,evidence_europepmc,5c81e7e788334eea06776a98efb8b8e792fe4673,DA_RAW_fcf06b5d6de7cd1272387415ade16051f4ffdae6e72768613546d8460e107c9c,COMPONENT_NATIVE_REFERENCE_PRESENT,RESOLVED_SNAPSHOT_RAW_RECORD_MANIFEST,outputs/disease_association_component_v0.1/component_records.jsonl,"MMP11 is used as an illustrative biological worked example for scientific communication. Its inclusion is not the result of a project-level therapeutic target ranking, scoring, or recommendation procedure."
ENSG00000099953.9,COMP_DISEASE_ASSOCIATION,COMP_DISEASE_ASSOCIATION_V0.1,CMPREC_DA_BA57CC2D64F0EB16106D0D9541FE2321,FTR_DA_1EC7452EEF767F7B88D36EC0,disease_association_dependency_complete,CLM_DA_86D3B796679054B3099FE53C,DA_RAW_3b25d179be56924cd196608d5d3d83fd13497741fe4e7a42898cb6c1475e141b,SRC_OPEN_TARGETS_PLATFORM,26.06,SNAP_DA_OT_26_06_LUAD_EXACT_UNIV_TASK030_V0_1,INV_cb597cc950956cc9f78af3c7c89fddf3e00d5a881172ca04a5c9ebfc322b732b,2e548a37b15f7c0fe046f0d2d6d6f19bca2b978a51b73dad5b1bb3c6b94d42f5,DEP_DA_41CBEE0435E46F51678E268B,DEPENDENT,SAME_SOURCE|SHARED_DATASET,DAR_DEPENDENCY_COMPLETE_V0_1,DISEASE_ASSOCIATION_FEATURE_EXTRACTOR_V0.1,OBSERVED,evidence_europepmc,f65de7ecd8531c2c8f92671e08bff6382c9de09f,DA_RAW_3b25d179be56924cd196608d5d3d83fd13497741fe4e7a42898cb6c1475e141b,COMPONENT_NATIVE_REFERENCE_PRESENT,RESOLVED_SNAPSHOT_RAW_RECORD_MANIFEST,outputs/disease_association_component_v0.1/component_records.jsonl,"MMP11 is used as an illustrative biological worked example for scientific communication. Its inclusion is not the result of a project-level therapeutic target ranking, scoring, or recommendation procedure."
ENSG00000099953.9,COMP_DISEASE_ASSOCIATION,COMP_DISEASE_ASSOCIATION_V0.1,CMPREC_DA_BA57CC2D64F0EB16106D0D9541FE2321,FTR_DA_1EC7452EEF767F7B88D36EC0,disease_association_dependency_complete,CLM_DA_86D3B796679054B3099FE53C,DA_RAW_884ab3014cb909a3b0747ece3ab1d95dd6acd5f3bf516dbd61ad5a2480a590f8,SRC_OPEN_TARGETS_PLATFORM,26.06,SNAP_DA_OT_26_06_LUAD_EXACT_UNIV_TASK030_V0_1,INV_f41ffa2df1b253e716ca65074890b809126c34193db380fa0ae538e1d86744a9,bcd2339d4f7bd305df921cd250f674cc3b4a71fa6982820a12361f8e93d863fc,DEP_DA_E4E62DC90E1E2CA9BD0B5806,DEPENDENT,SAME_SOURCE|SHARED_DATASET,DAR_DEPENDENCY_COMPLETE_V0_1,DISEASE_ASSOCIATION_FEATURE_EXTRACTOR_V0.1,OBSERVED,evidence_expression_atlas,6a177018bed8fb7f519283795eb886be96854a51,DA_RAW_884ab3014cb909a3b0747ece3ab1d95dd6acd5f3bf516dbd61ad5a2480a590f8,COMPONENT_NATIVE_REFERENCE_PRESENT,RESOLVED_SNAPSHOT_RAW_RECORD_MANIFEST,outputs/disease_association_component_v0.1/component_records.jsonl,"MMP11 is used as an illustrative biological worked example for scientific communication. Its inclusion is not the result of a project-level therapeutic target ranking, scoring, or recommendation procedure."
ENSG00000099953.9,COMP_DISEASE_ASSOCIATION,COMP_DISEASE_ASSOCIATION_V0.1,CMPREC_DA_BA57CC2D64F0EB16106D0D9541FE2321,FTR_DA_1EC7452EEF767F7B88D36EC0,disease_association_dependency_complete,CLM_DA_86D3B796679054B3099FE53C,DA_RAW_fe1209a61069fa7275488608327d18fdd6e068792292b0914345392c9f7ede36,SRC_OPEN_TARGETS_PLATFORM,26.06,SNAP_DA_OT_26_06_LUAD_EXACT_UNIV_TASK030_V0_1,INV_f41ffa2df1b253e716ca65074890b809126c34193db380fa0ae538e1d86744a9,bcd2339d4f7bd305df921cd250f674cc3b4a71fa6982820a12361f8e93d863fc,DEP_DA_C086CE4FF21F62C58E5E2127,DEPENDENT,SAME_SOURCE|SHARED_DATASET,DAR_DEPENDENCY_COMPLETE_V0_1,DISEASE_ASSOCIATION_FEATURE_EXTRACTOR_V0.1,OBSERVED,evidence_expression_atlas,185140b60536b9d61a7039c873b0862e1b52aa3d,DA_RAW_fe1209a61069fa7275488608327d18fdd6e068792292b0914345392c9f7ede36,COMPONENT_NATIVE_REFERENCE_PRESENT,RESOLVED_SNAPSHOT_RAW_RECORD_MANIFEST,outputs/disease_association_component_v0.1/component_records.jsonl,"MMP11 is used as an illustrative biological worked example for scientific communication. Its inclusion is not the result of a project-level therapeutic target ranking, scoring, or recommendation procedure."
ENSG00000099953.9,COMP_DISEASE_ASSOCIATION,COMP_DISEASE_ASSOCIATION_V0.1,CMPREC_DA_BA57CC2D64F0EB16106D0D9541FE2321,FTR_DA_1EC7452EEF767F7B88D36EC0,disease_association_dependency_complete,CLM_DA_86D3B796679054B3099FE53C,DA_RAW_cac7aeeeadd88cfdd97315750762c76535f4083b0f868a46d47482a0fb6d932f,SRC_OPEN_TARGETS_PLATFORM,26.06,SNAP_DA_OT_26_06_LUAD_EXACT_UNIV_TASK030_V0_1,INV_f41ffa2df1b253e716ca65074890b809126c34193db380fa0ae538e1d86744a9,bcd2339d4f7bd305df921cd250f674cc3b4a71fa6982820a12361f8e93d863fc,DEP_DA_70BA3AA83504BF15633B377D,DEPENDENT,SAME_SOURCE|SHARED_DATASET,DAR_DEPENDENCY_COMPLETE_V0_1,DISEASE_ASSOCIATION_FEATURE_EXTRACTOR_V0.1,OBSERVED,evidence_expression_atlas,294e88ebd43931d4688d38f5a9cbf29fb94ef3c5,DA_RAW_cac7aeeeadd88cfdd97315750762c76535f4083b0f868a46d47482a0fb6d932f,COMPONENT_NATIVE_REFERENCE_PRESENT,RESOLVED_SNAPSHOT_RAW_RECORD_MANIFEST,outputs/disease_association_component_v0.1/component_records.jsonl,"MMP11 is used as an illustrative biological worked example for scientific communication. Its inclusion is not the result of a project-level therapeutic target ranking, scoring, or recommendation procedure."
ENSG00000099953.9,COMP_DISEASE_ASSOCIATION,COMP_DISEASE_ASSOCIATION_V0.1,CMPREC_DA_BA57CC2D64F0EB16106D0D9541FE2321,FTR_DA_1EC7452EEF767F7B88D36EC0,disease_association_dependency_complete,CLM_DA_86D3B796679054B3099FE53C,DA_RAW_94b7fa443decc7e03b937392049e80f05a62aeade525696b50f285495e800bf7,SRC_OPEN_TARGETS_PLATFORM,26.06,SNAP_DA_OT_26_06_LUAD_EXACT_UNIV_TASK030_V0_1,INV_f41ffa2df1b253e716ca65074890b809126c34193db380fa0ae538e1d86744a9,bcd2339d4f7bd305df921cd250f674cc3b4a71fa6982820a12361f8e93d863fc,DEP_DA_CB8BECA411FECF9AC5C3C1B0,DEPENDENT,SAME_SOURCE|SHARED_DATASET,DAR_DEPENDENCY_COMPLETE_V0_1,DISEASE_ASSOCIATION_FEATURE_EXTRACTOR_V0.1,OBSERVED,evidence_expression_atlas,2a79ab18055dd5fc64fa9732703407f6e807dad9,DA_RAW_94b7fa443decc7e03b937392049e80f05a62aeade525696b50f285495e800bf7,COMPONENT_NATIVE_REFERENCE_PRESENT,RESOLVED_SNAPSHOT_RAW_RECORD_MANIFEST,outputs/disease_association_component_v0.1/component_records.jsonl,"MMP11 is used as an illustrative biological worked example for scientific communication. Its inclusion is not the result of a project-level therapeutic target ranking, scoring, or recommendation procedure."
ENSG00000099953.9,COMP_DISEASE_ASSOCIATION,COMP_DISEASE_ASSOCIATION_V0.1,CMPREC_DA_BA57CC2D64F0EB16106D0D9541FE2321,FTR_DA_1EC7452EEF767F7B88D36EC0,disease_association_dependency_complete,CLM_DA_86D3B796679054B3099FE53C,DA_RAW_c855784afb305dfc6e2595ce462ebdf7bb5f7c0126bb949bfe80f9f189b62b97,SRC_OPEN_TARGETS_PLATFORM,26.06,SNAP_DA_OT_26_06_LUAD_EXACT_UNIV_TASK030_V0_1,INV_f41ffa2df1b253e716ca65074890b809126c34193db380fa0ae538e1d86744a9,bcd2339d4f7bd305df921cd250f674cc3b4a71fa6982820a12361f8e93d863fc,DEP_DA_37454054FA3857773D15A949,DEPENDENT,SAME_SOURCE|SHARED_DATASET,DAR_DEPENDENCY_COMPLETE_V0_1,DISEASE_ASSOCIATION_FEATURE_EXTRACTOR_V0.1,OBSERVED,evidence_expression_atlas,2427a48723d397d3846f609b6389dbbec5e813b4,DA_RAW_c855784afb305dfc6e2595ce462ebdf7bb5f7c0126bb949bfe80f9f189b62b97,COMPONENT_NATIVE_REFERENCE_PRESENT,RESOLVED_SNAPSHOT_RAW_RECORD_MANIFEST,outputs/disease_association_component_v0.1/component_records.jsonl,"MMP11 is used as an illustrative biological worked example for scientific communication. Its inclusion is not the result of a project-level therapeutic target ranking, scoring, or recommendation procedure."
ENSG00000099953.9,COMP_DISEASE_ASSOCIATION,COMP_DISEASE_ASSOCIATION_V0.1,CMPREC_DA_BA57CC2D64F0EB16106D0D9541FE2321,FTR_DA_DCAA3EEC782BB851B11EEC8B,disease_association_dependency_status_set,CLM_DA_CC79C70444822AF7503F9D55,DA_RAW_4cf5b32a508113eb5602a4438e3448e8b08167b0dd0771dcb105a527396d78c0,SRC_OPEN_TARGETS_PLATFORM,26.06,SNAP_DA_OT_26_06_LUAD_EXACT_UNIV_TASK030_V0_1,INV_6a696278bcba8324abefb6029e4e702ef853a15e5dbae95eb76ce36edf40e213,444549a37400342ce803e0b1b67e574c26f7cc3f44e47089d59884d5f370e39e,DEP_DA_54A1C5E72D18283A3A4CB41E,DEPENDENT,SAME_SOURCE|SHARED_DATASET,DAR_DEPENDENCY_STATUS_SET_V0_1,DISEASE_ASSOCIATION_FEATURE_EXTRACTOR_V0.1,OBSERVED,evidence_europepmc,59c55e522b0b5fd951e296cb6937052ac6950c64,DA_RAW_4cf5b32a508113eb5602a4438e3448e8b08167b0dd0771dcb105a527396d78c0,COMPONENT_NATIVE_REFERENCE_PRESENT,RESOLVED_SNAPSHOT_RAW_RECORD_MANIFEST,outputs/disease_association_component_v0.1/component_records.jsonl,"MMP11 is used as an illustrative biological worked example for scientific communication. Its inclusion is not the result of a project-level therapeutic target ranking, scoring, or recommendation procedure."
ENSG00000099953.9,COMP_DISEASE_ASSOCIATION,COMP_DISEASE_ASSOCIATION_V0.1,CMPREC_DA_BA57CC2D64F0EB16106D0D9541FE2321,FTR_DA_DCAA3EEC782BB851B11EEC8B,disease_association_dependency_status_set,CLM_DA_CC79C70444822AF7503F9D55,DA_RAW_c3dd388c9f9df24eae9deee688c7c9fb7725b28fa34ee5c2f330bdf0495e9fc9,SRC_OPEN_TARGETS_PLATFORM,26.06,SNAP_DA_OT_26_06_LUAD_EXACT_UNIV_TASK030_V0_1,INV_97c9214eaf2013a683f0b920241886cf827d8aba76deca4212996c02cc08ee91,be938bc9a76e26e85064d36fb1bdd4b7bf0930a74a53b5155c5d02e5843ee4af,DEP_DA_F9A18860D87CB60708311FF6,DEPENDENT,SAME_SOURCE|SHARED_DATASET,DAR_DEPENDENCY_STATUS_SET_V0_1,DISEASE_ASSOCIATION_FEATURE_EXTRACTOR_V0.1,OBSERVED,evidence_europepmc,55a2c15edbd1d4e9429d3e76325e90204ab6c5e1,DA_RAW_c3dd388c9f9df24eae9deee688c7c9fb7725b28fa34ee5c2f330bdf0495e9fc9,COMPONENT_NATIVE_REFERENCE_PRESENT,RESOLVED_SNAPSHOT_RAW_RECORD_MANIFEST,outputs/disease_association_component_v0.1/component_records.jsonl,"MMP11 is used as an illustrative biological worked example for scientific communication. Its inclusion is not the result of a project-level therapeutic target ranking, scoring, or recommendation procedure."
ENSG00000099953.9,COMP_DISEASE_ASSOCIATION,COMP_DISEASE_ASSOCIATION_V0.1,CMPREC_DA_BA57CC2D64F0EB16106D0D9541FE2321,FTR_DA_DCAA3EEC782BB851B11EEC8B,disease_association_dependency_status_set,CLM_DA_CC79C70444822AF7503F9D55,DA_RAW_794ade1e615c6a00810c7988cd184167f2fb8dde251c4a9fd7819e3516e7d0e1,SRC_OPEN_TARGETS_PLATFORM,26.06,SNAP_DA_OT_26_06_LUAD_EXACT_UNIV_TASK030_V0_1,INV_97c9214eaf2013a683f0b920241886cf827d8aba76deca4212996c02cc08ee91,be938bc9a76e26e85064d36fb1bdd4b7bf0930a74a53b5155c5d02e5843ee4af,DEP_DA_9733EE27F823B75E148ABB39,DEPENDENT,SAME_SOURCE|SHARED_DATASET,DAR_DEPENDENCY_STATUS_SET_V0_1,DISEASE_ASSOCIATION_FEATURE_EXTRACTOR_V0.1,OBSERVED,evidence_europepmc,9267bee526b519ba6f8ff8823415df81aadd8c38,DA_RAW_794ade1e615c6a00810c7988cd184167f2fb8dde251c4a9fd7819e3516e7d0e1,COMPONENT_NATIVE_REFERENCE_PRESENT,RESOLVED_SNAPSHOT_RAW_RECORD_MANIFEST,outputs/disease_association_component_v0.1/component_records.jsonl,"MMP11 is used as an illustrative biological worked example for scientific communication. Its inclusion is not the result of a project-level therapeutic target ranking, scoring, or recommendation procedure."
ENSG00000099953.9,COMP_DISEASE_ASSOCIATION,COMP_DISEASE_ASSOCIATION_V0.1,CMPREC_DA_BA57CC2D64F0EB16106D0D9541FE2321,FTR_DA_DCAA3EEC782BB851B11EEC8B,disease_association_dependency_status_set,CLM_DA_CC79C70444822AF7503F9D55,DA_RAW_5106f92e3ee59d96b66875dd8ec6da45513931293b029d517e71e35f3f7bfe00,SRC_OPEN_TARGETS_PLATFORM,26.06,SNAP_DA_OT_26_06_LUAD_EXACT_UNIV_TASK030_V0_1,INV_01224a50883bbbe9c423f27ce52d6670d84432739a316eff9947f76871fa0df4,dae5397a17450f4564bf6ffe8f00fa5d99ff81f8579f18a106c690308bb6b103,DEP_DA_707DA79DD85D8383CD064A67,DEPENDENT,SAME_SOURCE|SHARED_DATASET,DAR_DEPENDENCY_STATUS_SET_V0_1,DISEASE_ASSOCIATION_FEATURE_EXTRACTOR_V0.1,OBSERVED,evidence_europepmc,5e3dc36a0bca9be04c6f0a808bfc2e2f25c31674,DA_RAW_5106f92e3ee59d96b66875dd8ec6da45513931293b029d517e71e35f3f7bfe00,COMPONENT_NATIVE_REFERENCE_PRESENT,RESOLVED_SNAPSHOT_RAW_RECORD_MANIFEST,outputs/disease_association_component_v0.1/component_records.jsonl,"MMP11 is used as an illustrative biological worked example for scientific communication. Its inclusion is not the result of a project-level therapeutic target ranking, scoring, or recommendation procedure."
ENSG00000099953.9,COMP_DISEASE_ASSOCIATION,COMP_DISEASE_ASSOCIATION_V0.1,CMPREC_DA_BA57CC2D64F0EB16106D0D9541FE2321,FTR_DA_DCAA3EEC782BB851B11EEC8B,disease_association_dependency_status_set,CLM_DA_CC79C70444822AF7503F9D55,DA_RAW_8ddc9f2c4e8eea5cab6bc7153c3e43fcf2a1bd4d4d80030098d8e248aa7b3704,SRC_OPEN_TARGETS_PLATFORM,26.06,SNAP_DA_OT_26_06_LUAD_EXACT_UNIV_TASK030_V0_1,INV_35f5cd38fe9fe28f529cd56fbd85d5c672bd8b28652de36631cf25ecc89f0b41,ed59277e1bc245e061fab7029c0ad3caabe7eb3e7470ef326ce7ca633693da43,DEP_DA_3D5548EFD1D961343161439A,DEPENDENT,SAME_SOURCE|SHARED_DATASET,DAR_DEPENDENCY_STATUS_SET_V0_1,DISEASE_ASSOCIATION_FEATURE_EXTRACTOR_V0.1,OBSERVED,evidence_europepmc,55a184ffac9cdf953862687b65ff274c8d033de9,DA_RAW_8ddc9f2c4e8eea5cab6bc7153c3e43fcf2a1bd4d4d80030098d8e248aa7b3704,COMPONENT_NATIVE_REFERENCE_PRESENT,RESOLVED_SNAPSHOT_RAW_RECORD_MANIFEST,outputs/disease_association_component_v0.1/component_records.jsonl,"MMP11 is used as an illustrative biological worked example for scientific communication. Its inclusion is not the result of a project-level therapeutic target ranking, scoring, or recommendation procedure."
ENSG00000099953.9,COMP_DISEASE_ASSOCIATION,COMP_DISEASE_ASSOCIATION_V0.1,CMPREC_DA_BA57CC2D64F0EB16106D0D9541FE2321,FTR_DA_DCAA3EEC782BB851B11EEC8B,disease_association_dependency_status_set,CLM_DA_CC79C70444822AF7503F9D55,DA_RAW_0cf8d44b41e91f2bc6951f44132527d92e14091d0690a88df7ad73a912683d85,SRC_OPEN_TARGETS_PLATFORM,26.06,SNAP_DA_OT_26_06_LUAD_EXACT_UNIV_TASK030_V0_1,INV_76287eb8fd5f05102249a74953e6c940e472be9c8635681be24c88f6e9be3676,6cb30a3470036c91d1be3ebc6c3b503e59f1869bd29942a282716314c34c65de,DEP_DA_0D444064DB795CE326277536,DEPENDENT,SAME_SOURCE|SHARED_DATASET,DAR_DEPENDENCY_STATUS_SET_V0_1,DISEASE_ASSOCIATION_FEATURE_EXTRACTOR_V0.1,OBSERVED,evidence_europepmc,5e685475f71d483c896b950025992e3384bc8a50,DA_RAW_0cf8d44b41e91f2bc6951f44132527d92e14091d0690a88df7ad73a912683d85,COMPONENT_NATIVE_REFERENCE_PRESENT,RESOLVED_SNAPSHOT_RAW_RECORD_MANIFEST,outputs/disease_association_component_v0.1/component_records.jsonl,"MMP11 is used as an illustrative biological worked example for scientific communication. Its inclusion is not the result of a project-level therapeutic target ranking, scoring, or recommendation procedure."
ENSG00000099953.9,COMP_DISEASE_ASSOCIATION,COMP_DISEASE_ASSOCIATION_V0.1,CMPREC_DA_BA57CC2D64F0EB16106D0D9541FE2321,FTR_DA_DCAA3EEC782BB851B11EEC8B,disease_association_dependency_status_set,CLM_DA_CC79C70444822AF7503F9D55,DA_RAW_b86a58ad8519defdd1e292a6f04a4e65d989dfdfb3144ad7c7b106b4f3b90e09,SRC_OPEN_TARGETS_PLATFORM,26.06,SNAP_DA_OT_26_06_LUAD_EXACT_UNIV_TASK030_V0_1,INV_bbb5f7b7fee75f78753f741033173ed4824a2b5c4ce6807ba9dfe3c3a00ef828,3f5573a993962ccc3089b580c1165839afae16a017709861d52ea01ae7d407bc,DEP_DA_89D55C00FF3E18C3119A1F06,DEPENDENT,SAME_SOURCE|SHARED_DATASET,DAR_DEPENDENCY_STATUS_SET_V0_1,DISEASE_ASSOCIATION_FEATURE_EXTRACTOR_V0.1,OBSERVED,evidence_europepmc,7fa01a788b07290c833e3dd14ac4940604d06f10,DA_RAW_b86a58ad8519defdd1e292a6f04a4e65d989dfdfb3144ad7c7b106b4f3b90e09,COMPONENT_NATIVE_REFERENCE_PRESENT,RESOLVED_SNAPSHOT_RAW_RECORD_MANIFEST,outputs/disease_association_component_v0.1/component_records.jsonl,"MMP11 is used as an illustrative biological worked example for scientific communication. Its inclusion is not the result of a project-level therapeutic target ranking, scoring, or recommendation procedure."
ENSG00000099953.9,COMP_DISEASE_ASSOCIATION,COMP_DISEASE_ASSOCIATION_V0.1,CMPREC_DA_BA57CC2D64F0EB16106D0D9541FE2321,FTR_DA_DCAA3EEC782BB851B11EEC8B,disease_association_dependency_status_set,CLM_DA_CC79C70444822AF7503F9D55,DA_RAW_fcf06b5d6de7cd1272387415ade16051f4ffdae6e72768613546d8460e107c9c,SRC_OPEN_TARGETS_PLATFORM,26.06,SNAP_DA_OT_26_06_LUAD_EXACT_UNIV_TASK030_V0_1,INV_137f5a6638b21243ac3bb78768a556bb41317ea52696ab04c184926b6e5f5e26,07e0849758c1b04d09c23123f9a64f2dcb08d927b51c42a0d0caf156984293d4,DEP_DA_54B4D11893ABDD72D208BC3A,DEPENDENT,SAME_SOURCE|SHARED_DATASET,DAR_DEPENDENCY_STATUS_SET_V0_1,DISEASE_ASSOCIATION_FEATURE_EXTRACTOR_V0.1,OBSERVED,evidence_europepmc,5c81e7e788334eea06776a98efb8b8e792fe4673,DA_RAW_fcf06b5d6de7cd1272387415ade16051f4ffdae6e72768613546d8460e107c9c,COMPONENT_NATIVE_REFERENCE_PRESENT,RESOLVED_SNAPSHOT_RAW_RECORD_MANIFEST,outputs/disease_association_component_v0.1/component_records.jsonl,"MMP11 is used as an illustrative biological worked example for scientific communication. Its inclusion is not the result of a project-level therapeutic target ranking, scoring, or recommendation procedure."
ENSG00000099953.9,COMP_DISEASE_ASSOCIATION,COMP_DISEASE_ASSOCIATION_V0.1,CMPREC_DA_BA57CC2D64F0EB16106D0D9541FE2321,FTR_DA_DCAA3EEC782BB851B11EEC8B,disease_association_dependency_status_set,CLM_DA_CC79C70444822AF7503F9D55,DA_RAW_3b25d179be56924cd196608d5d3d83fd13497741fe4e7a42898cb6c1475e141b,SRC_OPEN_TARGETS_PLATFORM,26.06,SNAP_DA_OT_26_06_LUAD_EXACT_UNIV_TASK030_V0_1,INV_cb597cc950956cc9f78af3c7c89fddf3e00d5a881172ca04a5c9ebfc322b732b,2e548a37b15f7c0fe046f0d2d6d6f19bca2b978a51b73dad5b1bb3c6b94d42f5,DEP_DA_41CBEE0435E46F51678E268B,DEPENDENT,SAME_SOURCE|SHARED_DATASET,DAR_DEPENDENCY_STATUS_SET_V0_1,DISEASE_ASSOCIATION_FEATURE_EXTRACTOR_V0.1,OBSERVED,evidence_europepmc,f65de7ecd8531c2c8f92671e08bff6382c9de09f,DA_RAW_3b25d179be56924cd196608d5d3d83fd13497741fe4e7a42898cb6c1475e141b,COMPONENT_NATIVE_REFERENCE_PRESENT,RESOLVED_SNAPSHOT_RAW_RECORD_MANIFEST,outputs/disease_association_component_v0.1/component_records.jsonl,"MMP11 is used as an illustrative biological worked example for scientific communication. Its inclusion is not the result of a project-level therapeutic target ranking, scoring, or recommendation procedure."
ENSG00000099953.9,COMP_DISEASE_ASSOCIATION,COMP_DISEASE_ASSOCIATION_V0.1,CMPREC_DA_BA57CC2D64F0EB16106D0D9541FE2321,FTR_DA_DCAA3EEC782BB851B11EEC8B,disease_association_dependency_status_set,CLM_DA_CC79C70444822AF7503F9D55,DA_RAW_884ab3014cb909a3b0747ece3ab1d95dd6acd5f3bf516dbd61ad5a2480a590f8,SRC_OPEN_TARGETS_PLATFORM,26.06,SNAP_DA_OT_26_06_LUAD_EXACT_UNIV_TASK030_V0_1,INV_f41ffa2df1b253e716ca65074890b809126c34193db380fa0ae538e1d86744a9,bcd2339d4f7bd305df921cd250f674cc3b4a71fa6982820a12361f8e93d863fc,DEP_DA_E4E62DC90E1E2CA9BD0B5806,DEPENDENT,SAME_SOURCE|SHARED_DATASET,DAR_DEPENDENCY_STATUS_SET_V0_1,DISEASE_ASSOCIATION_FEATURE_EXTRACTOR_V0.1,OBSERVED,evidence_expression_atlas,6a177018bed8fb7f519283795eb886be96854a51,DA_RAW_884ab3014cb909a3b0747ece3ab1d95dd6acd5f3bf516dbd61ad5a2480a590f8,COMPONENT_NATIVE_REFERENCE_PRESENT,RESOLVED_SNAPSHOT_RAW_RECORD_MANIFEST,outputs/disease_association_component_v0.1/component_records.jsonl,"MMP11 is used as an illustrative biological worked example for scientific communication. Its inclusion is not the result of a project-level therapeutic target ranking, scoring, or recommendation procedure."
ENSG00000099953.9,COMP_DISEASE_ASSOCIATION,COMP_DISEASE_ASSOCIATION_V0.1,CMPREC_DA_BA57CC2D64F0EB16106D0D9541FE2321,FTR_DA_DCAA3EEC782BB851B11EEC8B,disease_association_dependency_status_set,CLM_DA_CC79C70444822AF7503F9D55,DA_RAW_fe1209a61069fa7275488608327d18fdd6e068792292b0914345392c9f7ede36,SRC_OPEN_TARGETS_PLATFORM,26.06,SNAP_DA_OT_26_06_LUAD_EXACT_UNIV_TASK030_V0_1,INV_f41ffa2df1b253e716ca65074890b809126c34193db380fa0ae538e1d86744a9,bcd2339d4f7bd305df921cd250f674cc3b4a71fa6982820a12361f8e93d863fc,DEP_DA_C086CE4FF21F62C58E5E2127,DEPENDENT,SAME_SOURCE|SHARED_DATASET,DAR_DEPENDENCY_STATUS_SET_V0_1,DISEASE_ASSOCIATION_FEATURE_EXTRACTOR_V0.1,OBSERVED,evidence_expression_atlas,185140b60536b9d61a7039c873b0862e1b52aa3d,DA_RAW_fe1209a61069fa7275488608327d18fdd6e068792292b0914345392c9f7ede36,COMPONENT_NATIVE_REFERENCE_PRESENT,RESOLVED_SNAPSHOT_RAW_RECORD_MANIFEST,outputs/disease_association_component_v0.1/component_records.jsonl,"MMP11 is used as an illustrative biological worked example for scientific communication. Its inclusion is not the result of a project-level therapeutic target ranking, scoring, or recommendation procedure."
ENSG00000099953.9,COMP_DISEASE_ASSOCIATION,COMP_DISEASE_ASSOCIATION_V0.1,CMPREC_DA_BA57CC2D64F0EB16106D0D9541FE2321,FTR_DA_DCAA3EEC782BB851B11EEC8B,disease_association_dependency_status_set,CLM_DA_CC79C70444822AF7503F9D55,DA_RAW_cac7aeeeadd88cfdd97315750762c76535f4083b0f868a46d47482a0fb6d932f,SRC_OPEN_TARGETS_PLATFORM,26.06,SNAP_DA_OT_26_06_LUAD_EXACT_UNIV_TASK030_V0_1,INV_f41ffa2df1b253e716ca65074890b809126c34193db380fa0ae538e1d86744a9,bcd2339d4f7bd305df921cd250f674cc3b4a71fa6982820a12361f8e93d863fc,DEP_DA_70BA3AA83504BF15633B377D,DEPENDENT,SAME_SOURCE|SHARED_DATASET,DAR_DEPENDENCY_STATUS_SET_V0_1,DISEASE_ASSOCIATION_FEATURE_EXTRACTOR_V0.1,OBSERVED,evidence_expression_atlas,294e88ebd43931d4688d38f5a9cbf29fb94ef3c5,DA_RAW_cac7aeeeadd88cfdd97315750762c76535f4083b0f868a46d47482a0fb6d932f,COMPONENT_NATIVE_REFERENCE_PRESENT,RESOLVED_SNAPSHOT_RAW_RECORD_MANIFEST,outputs/disease_association_component_v0.1/component_records.jsonl,"MMP11 is used as an illustrative biological worked example for scientific communication. Its inclusion is not the result of a project-level therapeutic target ranking, scoring, or recommendation procedure."
ENSG00000099953.9,COMP_DISEASE_ASSOCIATION,COMP_DISEASE_ASSOCIATION_V0.1,CMPREC_DA_BA57CC2D64F0EB16106D0D9541FE2321,FTR_DA_DCAA3EEC782BB851B11EEC8B,disease_association_dependency_status_set,CLM_DA_CC79C70444822AF7503F9D55,DA_RAW_94b7fa443decc7e03b937392049e80f05a62aeade525696b50f285495e800bf7,SRC_OPEN_TARGETS_PLATFORM,26.06,SNAP_DA_OT_26_06_LUAD_EXACT_UNIV_TASK030_V0_1,INV_f41ffa2df1b253e716ca65074890b809126c34193db380fa0ae538e1d86744a9,bcd2339d4f7bd305df921cd250f674cc3b4a71fa6982820a12361f8e93d863fc,DEP_DA_CB8BECA411FECF9AC5C3C1B0,DEPENDENT,SAME_SOURCE|SHARED_DATASET,DAR_DEPENDENCY_STATUS_SET_V0_1,DISEASE_ASSOCIATION_FEATURE_EXTRACTOR_V0.1,OBSERVED,evidence_expression_atlas,2a79ab18055dd5fc64fa9732703407f6e807dad9,DA_RAW_94b7fa443decc7e03b937392049e80f05a62aeade525696b50f285495e800bf7,COMPONENT_NATIVE_REFERENCE_PRESENT,RESOLVED_SNAPSHOT_RAW_RECORD_MANIFEST,outputs/disease_association_component_v0.1/component_records.jsonl,"MMP11 is used as an illustrative biological worked example for scientific communication. Its inclusion is not the result of a project-level therapeutic target ranking, scoring, or recommendation procedure."
ENSG00000099953.9,COMP_DISEASE_ASSOCIATION,COMP_DISEASE_ASSOCIATION_V0.1,CMPREC_DA_BA57CC2D64F0EB16106D0D9541FE2321,FTR_DA_DCAA3EEC782BB851B11EEC8B,disease_association_dependency_status_set,CLM_DA_CC79C70444822AF7503F9D55,DA_RAW_c855784afb305dfc6e2595ce462ebdf7bb5f7c0126bb949bfe80f9f189b62b97,SRC_OPEN_TARGETS_PLATFORM,26.06,SNAP_DA_OT_26_06_LUAD_EXACT_UNIV_TASK030_V0_1,INV_f41ffa2df1b253e716ca65074890b809126c34193db380fa0ae538e1d86744a9,bcd2339d4f7bd305df921cd250f674cc3b4a71fa6982820a12361f8e93d863fc,DEP_DA_37454054FA3857773D15A949,DEPENDENT,SAME_SOURCE|SHARED_DATASET,DAR_DEPENDENCY_STATUS_SET_V0_1,DISEASE_ASSOCIATION_FEATURE_EXTRACTOR_V0.1,OBSERVED,evidence_expression_atlas,2427a48723d397d3846f609b6389dbbec5e813b4,DA_RAW_c855784afb305dfc6e2595ce462ebdf7bb5f7c0126bb949bfe80f9f189b62b97,COMPONENT_NATIVE_REFERENCE_PRESENT,RESOLVED_SNAPSHOT_RAW_RECORD_MANIFEST,outputs/disease_association_component_v0.1/component_records.jsonl,"MMP11 is used as an illustrative biological worked example for scientific communication. Its inclusion is not the result of a project-level therapeutic target ranking, scoring, or recommendation procedure."
ENSG00000099953.9,COMP_DISEASE_ASSOCIATION,COMP_DISEASE_ASSOCIATION_V0.1,CMPREC_DA_BA57CC2D64F0EB16106D0D9541FE2321,FTR_DA_64832019B331FB741DF84D26,disease_association_structural_conflict_count,CLM_DA_0A76D32C477D77B308DC9E24,REC_DA_SCOPE_4B28DB4E7014245EFB6714C1,SRC_OPEN_TARGETS_PLATFORM,26.06,SNAP_DA_OT_26_06_LUAD_EXACT_UNIV_TASK030_V0_1,ART_DA_COVERAGE_D685D100F26AFDA347A80859,b0b7903c33a65f991150804722b832c0168f1156a703411e9d7a3c23c5e8202e,DEP_DA_SCOPE_AD2F7EEF22E6864B7FF6C410,NOT_APPLICABLE,NOT_APPLICABLE,DAR_CONFLICT_COUNT_V0_1,DISEASE_ASSOCIATION_FEATURE_EXTRACTOR_V0.1,OBSERVED,entity_coverage_ledger,QUERY_SCOPE::ENSG00000099953.9,NOT_APPLICABLE_QUERY_SCOPE_RECORD,COMPONENT_NATIVE_REFERENCE_PRESENT,RESOLVED_ENTITY_COVERAGE_SCOPE_RECORD,outputs/disease_association_component_v0.1/component_records.jsonl,"MMP11 is used as an illustrative biological worked example for scientific communication. Its inclusion is not the result of a project-level therapeutic target ranking, scoring, or recommendation procedure."
ENSG00000099953.9,COMP_DISEASE_ASSOCIATION,COMP_DISEASE_ASSOCIATION_V0.1,CMPREC_DA_BA57CC2D64F0EB16106D0D9541FE2321,FTR_DA_64832019B331FB741DF84D26,disease_association_structural_conflict_count,CLM_DA_0A76D32C477D77B308DC9E24,DA_RAW_4cf5b32a508113eb5602a4438e3448e8b08167b0dd0771dcb105a527396d78c0,SRC_OPEN_TARGETS_PLATFORM,26.06,SNAP_DA_OT_26_06_LUAD_EXACT_UNIV_TASK030_V0_1,INV_6a696278bcba8324abefb6029e4e702ef853a15e5dbae95eb76ce36edf40e213,444549a37400342ce803e0b1b67e574c26f7cc3f44e47089d59884d5f370e39e,DEP_DA_54A1C5E72D18283A3A4CB41E,DEPENDENT,SAME_SOURCE|SHARED_DATASET,DAR_CONFLICT_COUNT_V0_1,DISEASE_ASSOCIATION_FEATURE_EXTRACTOR_V0.1,OBSERVED,evidence_europepmc,59c55e522b0b5fd951e296cb6937052ac6950c64,DA_RAW_4cf5b32a508113eb5602a4438e3448e8b08167b0dd0771dcb105a527396d78c0,COMPONENT_NATIVE_REFERENCE_PRESENT,RESOLVED_SNAPSHOT_RAW_RECORD_MANIFEST,outputs/disease_association_component_v0.1/component_records.jsonl,"MMP11 is used as an illustrative biological worked example for scientific communication. Its inclusion is not the result of a project-level therapeutic target ranking, scoring, or recommendation procedure."
ENSG00000099953.9,COMP_DISEASE_ASSOCIATION,COMP_DISEASE_ASSOCIATION_V0.1,CMPREC_DA_BA57CC2D64F0EB16106D0D9541FE2321,FTR_DA_64832019B331FB741DF84D26,disease_association_structural_conflict_count,CLM_DA_0A76D32C477D77B308DC9E24,DA_RAW_c3dd388c9f9df24eae9deee688c7c9fb7725b28fa34ee5c2f330bdf0495e9fc9,SRC_OPEN_TARGETS_PLATFORM,26.06,SNAP_DA_OT_26_06_LUAD_EXACT_UNIV_TASK030_V0_1,INV_97c9214eaf2013a683f0b920241886cf827d8aba76deca4212996c02cc08ee91,be938bc9a76e26e85064d36fb1bdd4b7bf0930a74a53b5155c5d02e5843ee4af,DEP_DA_F9A18860D87CB60708311FF6,DEPENDENT,SAME_SOURCE|SHARED_DATASET,DAR_CONFLICT_COUNT_V0_1,DISEASE_ASSOCIATION_FEATURE_EXTRACTOR_V0.1,OBSERVED,evidence_europepmc,55a2c15edbd1d4e9429d3e76325e90204ab6c5e1,DA_RAW_c3dd388c9f9df24eae9deee688c7c9fb7725b28fa34ee5c2f330bdf0495e9fc9,COMPONENT_NATIVE_REFERENCE_PRESENT,RESOLVED_SNAPSHOT_RAW_RECORD_MANIFEST,outputs/disease_association_component_v0.1/component_records.jsonl,"MMP11 is used as an illustrative biological worked example for scientific communication. Its inclusion is not the result of a project-level therapeutic target ranking, scoring, or recommendation procedure."
ENSG00000099953.9,COMP_DISEASE_ASSOCIATION,COMP_DISEASE_ASSOCIATION_V0.1,CMPREC_DA_BA57CC2D64F0EB16106D0D9541FE2321,FTR_DA_64832019B331FB741DF84D26,disease_association_structural_conflict_count,CLM_DA_0A76D32C477D77B308DC9E24,DA_RAW_794ade1e615c6a00810c7988cd184167f2fb8dde251c4a9fd7819e3516e7d0e1,SRC_OPEN_TARGETS_PLATFORM,26.06,SNAP_DA_OT_26_06_LUAD_EXACT_UNIV_TASK030_V0_1,INV_97c9214eaf2013a683f0b920241886cf827d8aba76deca4212996c02cc08ee91,be938bc9a76e26e85064d36fb1bdd4b7bf0930a74a53b5155c5d02e5843ee4af,DEP_DA_9733EE27F823B75E148ABB39,DEPENDENT,SAME_SOURCE|SHARED_DATASET,DAR_CONFLICT_COUNT_V0_1,DISEASE_ASSOCIATION_FEATURE_EXTRACTOR_V0.1,OBSERVED,evidence_europepmc,9267bee526b519ba6f8ff8823415df81aadd8c38,DA_RAW_794ade1e615c6a00810c7988cd184167f2fb8dde251c4a9fd7819e3516e7d0e1,COMPONENT_NATIVE_REFERENCE_PRESENT,RESOLVED_SNAPSHOT_RAW_RECORD_MANIFEST,outputs/disease_association_component_v0.1/component_records.jsonl,"MMP11 is used as an illustrative biological worked example for scientific communication. Its inclusion is not the result of a project-level therapeutic target ranking, scoring, or recommendation procedure."
ENSG00000099953.9,COMP_DISEASE_ASSOCIATION,COMP_DISEASE_ASSOCIATION_V0.1,CMPREC_DA_BA57CC2D64F0EB16106D0D9541FE2321,FTR_DA_64832019B331FB741DF84D26,disease_association_structural_conflict_count,CLM_DA_0A76D32C477D77B308DC9E24,DA_RAW_5106f92e3ee59d96b66875dd8ec6da45513931293b029d517e71e35f3f7bfe00,SRC_OPEN_TARGETS_PLATFORM,26.06,SNAP_DA_OT_26_06_LUAD_EXACT_UNIV_TASK030_V0_1,INV_01224a50883bbbe9c423f27ce52d6670d84432739a316eff9947f76871fa0df4,dae5397a17450f4564bf6ffe8f00fa5d99ff81f8579f18a106c690308bb6b103,DEP_DA_707DA79DD85D8383CD064A67,DEPENDENT,SAME_SOURCE|SHARED_DATASET,DAR_CONFLICT_COUNT_V0_1,DISEASE_ASSOCIATION_FEATURE_EXTRACTOR_V0.1,OBSERVED,evidence_europepmc,5e3dc36a0bca9be04c6f0a808bfc2e2f25c31674,DA_RAW_5106f92e3ee59d96b66875dd8ec6da45513931293b029d517e71e35f3f7bfe00,COMPONENT_NATIVE_REFERENCE_PRESENT,RESOLVED_SNAPSHOT_RAW_RECORD_MANIFEST,outputs/disease_association_component_v0.1/component_records.jsonl,"MMP11 is used as an illustrative biological worked example for scientific communication. Its inclusion is not the result of a project-level therapeutic target ranking, scoring, or recommendation procedure."
ENSG00000099953.9,COMP_DISEASE_ASSOCIATION,COMP_DISEASE_ASSOCIATION_V0.1,CMPREC_DA_BA57CC2D64F0EB16106D0D9541FE2321,FTR_DA_64832019B331FB741DF84D26,disease_association_structural_conflict_count,CLM_DA_0A76D32C477D77B308DC9E24,DA_RAW_8ddc9f2c4e8eea5cab6bc7153c3e43fcf2a1bd4d4d80030098d8e248aa7b3704,SRC_OPEN_TARGETS_PLATFORM,26.06,SNAP_DA_OT_26_06_LUAD_EXACT_UNIV_TASK030_V0_1,INV_35f5cd38fe9fe28f529cd56fbd85d5c672bd8b28652de36631cf25ecc89f0b41,ed59277e1bc245e061fab7029c0ad3caabe7eb3e7470ef326ce7ca633693da43,DEP_DA_3D5548EFD1D961343161439A,DEPENDENT,SAME_SOURCE|SHARED_DATASET,DAR_CONFLICT_COUNT_V0_1,DISEASE_ASSOCIATION_FEATURE_EXTRACTOR_V0.1,OBSERVED,evidence_europepmc,55a184ffac9cdf953862687b65ff274c8d033de9,DA_RAW_8ddc9f2c4e8eea5cab6bc7153c3e43fcf2a1bd4d4d80030098d8e248aa7b3704,COMPONENT_NATIVE_REFERENCE_PRESENT,RESOLVED_SNAPSHOT_RAW_RECORD_MANIFEST,outputs/disease_association_component_v0.1/component_records.jsonl,"MMP11 is used as an illustrative biological worked example for scientific communication. Its inclusion is not the result of a project-level therapeutic target ranking, scoring, or recommendation procedure."
ENSG00000099953.9,COMP_DISEASE_ASSOCIATION,COMP_DISEASE_ASSOCIATION_V0.1,CMPREC_DA_BA57CC2D64F0EB16106D0D9541FE2321,FTR_DA_64832019B331FB741DF84D26,disease_association_structural_conflict_count,CLM_DA_0A76D32C477D77B308DC9E24,DA_RAW_0cf8d44b41e91f2bc6951f44132527d92e14091d0690a88df7ad73a912683d85,SRC_OPEN_TARGETS_PLATFORM,26.06,SNAP_DA_OT_26_06_LUAD_EXACT_UNIV_TASK030_V0_1,INV_76287eb8fd5f05102249a74953e6c940e472be9c8635681be24c88f6e9be3676,6cb30a3470036c91d1be3ebc6c3b503e59f1869bd29942a282716314c34c65de,DEP_DA_0D444064DB795CE326277536,DEPENDENT,SAME_SOURCE|SHARED_DATASET,DAR_CONFLICT_COUNT_V0_1,DISEASE_ASSOCIATION_FEATURE_EXTRACTOR_V0.1,OBSERVED,evidence_europepmc,5e685475f71d483c896b950025992e3384bc8a50,DA_RAW_0cf8d44b41e91f2bc6951f44132527d92e14091d0690a88df7ad73a912683d85,COMPONENT_NATIVE_REFERENCE_PRESENT,RESOLVED_SNAPSHOT_RAW_RECORD_MANIFEST,outputs/disease_association_component_v0.1/component_records.jsonl,"MMP11 is used as an illustrative biological worked example for scientific communication. Its inclusion is not the result of a project-level therapeutic target ranking, scoring, or recommendation procedure."
ENSG00000099953.9,COMP_DISEASE_ASSOCIATION,COMP_DISEASE_ASSOCIATION_V0.1,CMPREC_DA_BA57CC2D64F0EB16106D0D9541FE2321,FTR_DA_64832019B331FB741DF84D26,disease_association_structural_conflict_count,CLM_DA_0A76D32C477D77B308DC9E24,DA_RAW_b86a58ad8519defdd1e292a6f04a4e65d989dfdfb3144ad7c7b106b4f3b90e09,SRC_OPEN_TARGETS_PLATFORM,26.06,SNAP_DA_OT_26_06_LUAD_EXACT_UNIV_TASK030_V0_1,INV_bbb5f7b7fee75f78753f741033173ed4824a2b5c4ce6807ba9dfe3c3a00ef828,3f5573a993962ccc3089b580c1165839afae16a017709861d52ea01ae7d407bc,DEP_DA_89D55C00FF3E18C3119A1F06,DEPENDENT,SAME_SOURCE|SHARED_DATASET,DAR_CONFLICT_COUNT_V0_1,DISEASE_ASSOCIATION_FEATURE_EXTRACTOR_V0.1,OBSERVED,evidence_europepmc,7fa01a788b07290c833e3dd14ac4940604d06f10,DA_RAW_b86a58ad8519defdd1e292a6f04a4e65d989dfdfb3144ad7c7b106b4f3b90e09,COMPONENT_NATIVE_REFERENCE_PRESENT,RESOLVED_SNAPSHOT_RAW_RECORD_MANIFEST,outputs/disease_association_component_v0.1/component_records.jsonl,"MMP11 is used as an illustrative biological worked example for scientific communication. Its inclusion is not the result of a project-level therapeutic target ranking, scoring, or recommendation procedure."
ENSG00000099953.9,COMP_DISEASE_ASSOCIATION,COMP_DISEASE_ASSOCIATION_V0.1,CMPREC_DA_BA57CC2D64F0EB16106D0D9541FE2321,FTR_DA_64832019B331FB741DF84D26,disease_association_structural_conflict_count,CLM_DA_0A76D32C477D77B308DC9E24,DA_RAW_fcf06b5d6de7cd1272387415ade16051f4ffdae6e72768613546d8460e107c9c,SRC_OPEN_TARGETS_PLATFORM,26.06,SNAP_DA_OT_26_06_LUAD_EXACT_UNIV_TASK030_V0_1,INV_137f5a6638b21243ac3bb78768a556bb41317ea52696ab04c184926b6e5f5e26,07e0849758c1b04d09c23123f9a64f2dcb08d927b51c42a0d0caf156984293d4,DEP_DA_54B4D11893ABDD72D208BC3A,DEPENDENT,SAME_SOURCE|SHARED_DATASET,DAR_CONFLICT_COUNT_V0_1,DISEASE_ASSOCIATION_FEATURE_EXTRACTOR_V0.1,OBSERVED,evidence_europepmc,5c81e7e788334eea06776a98efb8b8e792fe4673,DA_RAW_fcf06b5d6de7cd1272387415ade16051f4ffdae6e72768613546d8460e107c9c,COMPONENT_NATIVE_REFERENCE_PRESENT,RESOLVED_SNAPSHOT_RAW_RECORD_MANIFEST,outputs/disease_association_component_v0.1/component_records.jsonl,"MMP11 is used as an illustrative biological worked example for scientific communication. Its inclusion is not the result of a project-level therapeutic target ranking, scoring, or recommendation procedure."
ENSG00000099953.9,COMP_DISEASE_ASSOCIATION,COMP_DISEASE_ASSOCIATION_V0.1,CMPREC_DA_BA57CC2D64F0EB16106D0D9541FE2321,FTR_DA_64832019B331FB741DF84D26,disease_association_structural_conflict_count,CLM_DA_0A76D32C477D77B308DC9E24,DA_RAW_3b25d179be56924cd196608d5d3d83fd13497741fe4e7a42898cb6c1475e141b,SRC_OPEN_TARGETS_PLATFORM,26.06,SNAP_DA_OT_26_06_LUAD_EXACT_UNIV_TASK030_V0_1,INV_cb597cc950956cc9f78af3c7c89fddf3e00d5a881172ca04a5c9ebfc322b732b,2e548a37b15f7c0fe046f0d2d6d6f19bca2b978a51b73dad5b1bb3c6b94d42f5,DEP_DA_41CBEE0435E46F51678E268B,DEPENDENT,SAME_SOURCE|SHARED_DATASET,DAR_CONFLICT_COUNT_V0_1,DISEASE_ASSOCIATION_FEATURE_EXTRACTOR_V0.1,OBSERVED,evidence_europepmc,f65de7ecd8531c2c8f92671e08bff6382c9de09f,DA_RAW_3b25d179be56924cd196608d5d3d83fd13497741fe4e7a42898cb6c1475e141b,COMPONENT_NATIVE_REFERENCE_PRESENT,RESOLVED_SNAPSHOT_RAW_RECORD_MANIFEST,outputs/disease_association_component_v0.1/component_records.jsonl,"MMP11 is used as an illustrative biological worked example for scientific communication. Its inclusion is not the result of a project-level therapeutic target ranking, scoring, or recommendation procedure."
ENSG00000099953.9,COMP_DISEASE_ASSOCIATION,COMP_DISEASE_ASSOCIATION_V0.1,CMPREC_DA_BA57CC2D64F0EB16106D0D9541FE2321,FTR_DA_64832019B331FB741DF84D26,disease_association_structural_conflict_count,CLM_DA_0A76D32C477D77B308DC9E24,DA_RAW_884ab3014cb909a3b0747ece3ab1d95dd6acd5f3bf516dbd61ad5a2480a590f8,SRC_OPEN_TARGETS_PLATFORM,26.06,SNAP_DA_OT_26_06_LUAD_EXACT_UNIV_TASK030_V0_1,INV_f41ffa2df1b253e716ca65074890b809126c34193db380fa0ae538e1d86744a9,bcd2339d4f7bd305df921cd250f674cc3b4a71fa6982820a12361f8e93d863fc,DEP_DA_E4E62DC90E1E2CA9BD0B5806,DEPENDENT,SAME_SOURCE|SHARED_DATASET,DAR_CONFLICT_COUNT_V0_1,DISEASE_ASSOCIATION_FEATURE_EXTRACTOR_V0.1,OBSERVED,evidence_expression_atlas,6a177018bed8fb7f519283795eb886be96854a51,DA_RAW_884ab3014cb909a3b0747ece3ab1d95dd6acd5f3bf516dbd61ad5a2480a590f8,COMPONENT_NATIVE_REFERENCE_PRESENT,RESOLVED_SNAPSHOT_RAW_RECORD_MANIFEST,outputs/disease_association_component_v0.1/component_records.jsonl,"MMP11 is used as an illustrative biological worked example for scientific communication. Its inclusion is not the result of a project-level therapeutic target ranking, scoring, or recommendation procedure."
ENSG00000099953.9,COMP_DISEASE_ASSOCIATION,COMP_DISEASE_ASSOCIATION_V0.1,CMPREC_DA_BA57CC2D64F0EB16106D0D9541FE2321,FTR_DA_64832019B331FB741DF84D26,disease_association_structural_conflict_count,CLM_DA_0A76D32C477D77B308DC9E24,DA_RAW_fe1209a61069fa7275488608327d18fdd6e068792292b0914345392c9f7ede36,SRC_OPEN_TARGETS_PLATFORM,26.06,SNAP_DA_OT_26_06_LUAD_EXACT_UNIV_TASK030_V0_1,INV_f41ffa2df1b253e716ca65074890b809126c34193db380fa0ae538e1d86744a9,bcd2339d4f7bd305df921cd250f674cc3b4a71fa6982820a12361f8e93d863fc,DEP_DA_C086CE4FF21F62C58E5E2127,DEPENDENT,SAME_SOURCE|SHARED_DATASET,DAR_CONFLICT_COUNT_V0_1,DISEASE_ASSOCIATION_FEATURE_EXTRACTOR_V0.1,OBSERVED,evidence_expression_atlas,185140b60536b9d61a7039c873b0862e1b52aa3d,DA_RAW_fe1209a61069fa7275488608327d18fdd6e068792292b0914345392c9f7ede36,COMPONENT_NATIVE_REFERENCE_PRESENT,RESOLVED_SNAPSHOT_RAW_RECORD_MANIFEST,outputs/disease_association_component_v0.1/component_records.jsonl,"MMP11 is used as an illustrative biological worked example for scientific communication. Its inclusion is not the result of a project-level therapeutic target ranking, scoring, or recommendation procedure."
ENSG00000099953.9,COMP_DISEASE_ASSOCIATION,COMP_DISEASE_ASSOCIATION_V0.1,CMPREC_DA_BA57CC2D64F0EB16106D0D9541FE2321,FTR_DA_64832019B331FB741DF84D26,disease_association_structural_conflict_count,CLM_DA_0A76D32C477D77B308DC9E24,DA_RAW_cac7aeeeadd88cfdd97315750762c76535f4083b0f868a46d47482a0fb6d932f,SRC_OPEN_TARGETS_PLATFORM,26.06,SNAP_DA_OT_26_06_LUAD_EXACT_UNIV_TASK030_V0_1,INV_f41ffa2df1b253e716ca65074890b809126c34193db380fa0ae538e1d86744a9,bcd2339d4f7bd305df921cd250f674cc3b4a71fa6982820a12361f8e93d863fc,DEP_DA_70BA3AA83504BF15633B377D,DEPENDENT,SAME_SOURCE|SHARED_DATASET,DAR_CONFLICT_COUNT_V0_1,DISEASE_ASSOCIATION_FEATURE_EXTRACTOR_V0.1,OBSERVED,evidence_expression_atlas,294e88ebd43931d4688d38f5a9cbf29fb94ef3c5,DA_RAW_cac7aeeeadd88cfdd97315750762c76535f4083b0f868a46d47482a0fb6d932f,COMPONENT_NATIVE_REFERENCE_PRESENT,RESOLVED_SNAPSHOT_RAW_RECORD_MANIFEST,outputs/disease_association_component_v0.1/component_records.jsonl,"MMP11 is used as an illustrative biological worked example for scientific communication. Its inclusion is not the result of a project-level therapeutic target ranking, scoring, or recommendation procedure."
ENSG00000099953.9,COMP_DISEASE_ASSOCIATION,COMP_DISEASE_ASSOCIATION_V0.1,CMPREC_DA_BA57CC2D64F0EB16106D0D9541FE2321,FTR_DA_64832019B331FB741DF84D26,disease_association_structural_conflict_count,CLM_DA_0A76D32C477D77B308DC9E24,DA_RAW_94b7fa443decc7e03b937392049e80f05a62aeade525696b50f285495e800bf7,SRC_OPEN_TARGETS_PLATFORM,26.06,SNAP_DA_OT_26_06_LUAD_EXACT_UNIV_TASK030_V0_1,INV_f41ffa2df1b253e716ca65074890b809126c34193db380fa0ae538e1d86744a9,bcd2339d4f7bd305df921cd250f674cc3b4a71fa6982820a12361f8e93d863fc,DEP_DA_CB8BECA411FECF9AC5C3C1B0,DEPENDENT,SAME_SOURCE|SHARED_DATASET,DAR_CONFLICT_COUNT_V0_1,DISEASE_ASSOCIATION_FEATURE_EXTRACTOR_V0.1,OBSERVED,evidence_expression_atlas,2a79ab18055dd5fc64fa9732703407f6e807dad9,DA_RAW_94b7fa443decc7e03b937392049e80f05a62aeade525696b50f285495e800bf7,COMPONENT_NATIVE_REFERENCE_PRESENT,RESOLVED_SNAPSHOT_RAW_RECORD_MANIFEST,outputs/disease_association_component_v0.1/component_records.jsonl,"MMP11 is used as an illustrative biological worked example for scientific communication. Its inclusion is not the result of a project-level therapeutic target ranking, scoring, or recommendation procedure."
ENSG00000099953.9,COMP_DISEASE_ASSOCIATION,COMP_DISEASE_ASSOCIATION_V0.1,CMPREC_DA_BA57CC2D64F0EB16106D0D9541FE2321,FTR_DA_64832019B331FB741DF84D26,disease_association_structural_conflict_count,CLM_DA_0A76D32C477D77B308DC9E24,DA_RAW_c855784afb305dfc6e2595ce462ebdf7bb5f7c0126bb949bfe80f9f189b62b97,SRC_OPEN_TARGETS_PLATFORM,26.06,SNAP_DA_OT_26_06_LUAD_EXACT_UNIV_TASK030_V0_1,INV_f41ffa2df1b253e716ca65074890b809126c34193db380fa0ae538e1d86744a9,bcd2339d4f7bd305df921cd250f674cc3b4a71fa6982820a12361f8e93d863fc,DEP_DA_37454054FA3857773D15A949,DEPENDENT,SAME_SOURCE|SHARED_DATASET,DAR_CONFLICT_COUNT_V0_1,DISEASE_ASSOCIATION_FEATURE_EXTRACTOR_V0.1,OBSERVED,evidence_expression_atlas,2427a48723d397d3846f609b6389dbbec5e813b4,DA_RAW_c855784afb305dfc6e2595ce462ebdf7bb5f7c0126bb949bfe80f9f189b62b97,COMPONENT_NATIVE_REFERENCE_PRESENT,RESOLVED_SNAPSHOT_RAW_RECORD_MANIFEST,outputs/disease_association_component_v0.1/component_records.jsonl,"MMP11 is used as an illustrative biological worked example for scientific communication. Its inclusion is not the result of a project-level therapeutic target ranking, scoring, or recommendation procedure."
ENSG00000099953.9,COMP_DISEASE_ASSOCIATION,COMP_DISEASE_ASSOCIATION_V0.1,CMPREC_DA_BA57CC2D64F0EB16106D0D9541FE2321,FTR_DA_B8A497B8C244368863870A61,disease_association_partial_condition_count,CLM_DA_3B258751DEB9CA2EAC9A2342,REC_DA_SCOPE_4B28DB4E7014245EFB6714C1,SRC_OPEN_TARGETS_PLATFORM,26.06,SNAP_DA_OT_26_06_LUAD_EXACT_UNIV_TASK030_V0_1,ART_DA_COVERAGE_D685D100F26AFDA347A80859,b0b7903c33a65f991150804722b832c0168f1156a703411e9d7a3c23c5e8202e,DEP_DA_SCOPE_AD2F7EEF22E6864B7FF6C410,NOT_APPLICABLE,NOT_APPLICABLE,DAR_PARTIAL_CONDITION_COUNT_V0_1,DISEASE_ASSOCIATION_FEATURE_EXTRACTOR_V0.1,OBSERVED,entity_coverage_ledger,QUERY_SCOPE::ENSG00000099953.9,NOT_APPLICABLE_QUERY_SCOPE_RECORD,COMPONENT_NATIVE_REFERENCE_PRESENT,RESOLVED_ENTITY_COVERAGE_SCOPE_RECORD,outputs/disease_association_component_v0.1/component_records.jsonl,"MMP11 is used as an illustrative biological worked example for scientific communication. Its inclusion is not the result of a project-level therapeutic target ranking, scoring, or recommendation procedure."
ENSG00000099953.9,COMP_DISEASE_ASSOCIATION,COMP_DISEASE_ASSOCIATION_V0.1,CMPREC_DA_BA57CC2D64F0EB16106D0D9541FE2321,FTR_DA_B8A497B8C244368863870A61,disease_association_partial_condition_count,CLM_DA_3B258751DEB9CA2EAC9A2342,DA_RAW_4cf5b32a508113eb5602a4438e3448e8b08167b0dd0771dcb105a527396d78c0,SRC_OPEN_TARGETS_PLATFORM,26.06,SNAP_DA_OT_26_06_LUAD_EXACT_UNIV_TASK030_V0_1,INV_6a696278bcba8324abefb6029e4e702ef853a15e5dbae95eb76ce36edf40e213,444549a37400342ce803e0b1b67e574c26f7cc3f44e47089d59884d5f370e39e,DEP_DA_54A1C5E72D18283A3A4CB41E,DEPENDENT,SAME_SOURCE|SHARED_DATASET,DAR_PARTIAL_CONDITION_COUNT_V0_1,DISEASE_ASSOCIATION_FEATURE_EXTRACTOR_V0.1,OBSERVED,evidence_europepmc,59c55e522b0b5fd951e296cb6937052ac6950c64,DA_RAW_4cf5b32a508113eb5602a4438e3448e8b08167b0dd0771dcb105a527396d78c0,COMPONENT_NATIVE_REFERENCE_PRESENT,RESOLVED_SNAPSHOT_RAW_RECORD_MANIFEST,outputs/disease_association_component_v0.1/component_records.jsonl,"MMP11 is used as an illustrative biological worked example for scientific communication. Its inclusion is not the result of a project-level therapeutic target ranking, scoring, or recommendation procedure."
ENSG00000099953.9,COMP_DISEASE_ASSOCIATION,COMP_DISEASE_ASSOCIATION_V0.1,CMPREC_DA_BA57CC2D64F0EB16106D0D9541FE2321,FTR_DA_B8A497B8C244368863870A61,disease_association_partial_condition_count,CLM_DA_3B258751DEB9CA2EAC9A2342,DA_RAW_c3dd388c9f9df24eae9deee688c7c9fb7725b28fa34ee5c2f330bdf0495e9fc9,SRC_OPEN_TARGETS_PLATFORM,26.06,SNAP_DA_OT_26_06_LUAD_EXACT_UNIV_TASK030_V0_1,INV_97c9214eaf2013a683f0b920241886cf827d8aba76deca4212996c02cc08ee91,be938bc9a76e26e85064d36fb1bdd4b7bf0930a74a53b5155c5d02e5843ee4af,DEP_DA_F9A18860D87CB60708311FF6,DEPENDENT,SAME_SOURCE|SHARED_DATASET,DAR_PARTIAL_CONDITION_COUNT_V0_1,DISEASE_ASSOCIATION_FEATURE_EXTRACTOR_V0.1,OBSERVED,evidence_europepmc,55a2c15edbd1d4e9429d3e76325e90204ab6c5e1,DA_RAW_c3dd388c9f9df24eae9deee688c7c9fb7725b28fa34ee5c2f330bdf0495e9fc9,COMPONENT_NATIVE_REFERENCE_PRESENT,RESOLVED_SNAPSHOT_RAW_RECORD_MANIFEST,outputs/disease_association_component_v0.1/component_records.jsonl,"MMP11 is used as an illustrative biological worked example for scientific communication. Its inclusion is not the result of a project-level therapeutic target ranking, scoring, or recommendation procedure."
ENSG00000099953.9,COMP_DISEASE_ASSOCIATION,COMP_DISEASE_ASSOCIATION_V0.1,CMPREC_DA_BA57CC2D64F0EB16106D0D9541FE2321,FTR_DA_B8A497B8C244368863870A61,disease_association_partial_condition_count,CLM_DA_3B258751DEB9CA2EAC9A2342,DA_RAW_794ade1e615c6a00810c7988cd184167f2fb8dde251c4a9fd7819e3516e7d0e1,SRC_OPEN_TARGETS_PLATFORM,26.06,SNAP_DA_OT_26_06_LUAD_EXACT_UNIV_TASK030_V0_1,INV_97c9214eaf2013a683f0b920241886cf827d8aba76deca4212996c02cc08ee91,be938bc9a76e26e85064d36fb1bdd4b7bf0930a74a53b5155c5d02e5843ee4af,DEP_DA_9733EE27F823B75E148ABB39,DEPENDENT,SAME_SOURCE|SHARED_DATASET,DAR_PARTIAL_CONDITION_COUNT_V0_1,DISEASE_ASSOCIATION_FEATURE_EXTRACTOR_V0.1,OBSERVED,evidence_europepmc,9267bee526b519ba6f8ff8823415df81aadd8c38,DA_RAW_794ade1e615c6a00810c7988cd184167f2fb8dde251c4a9fd7819e3516e7d0e1,COMPONENT_NATIVE_REFERENCE_PRESENT,RESOLVED_SNAPSHOT_RAW_RECORD_MANIFEST,outputs/disease_association_component_v0.1/component_records.jsonl,"MMP11 is used as an illustrative biological worked example for scientific communication. Its inclusion is not the result of a project-level therapeutic target ranking, scoring, or recommendation procedure."
ENSG00000099953.9,COMP_DISEASE_ASSOCIATION,COMP_DISEASE_ASSOCIATION_V0.1,CMPREC_DA_BA57CC2D64F0EB16106D0D9541FE2321,FTR_DA_B8A497B8C244368863870A61,disease_association_partial_condition_count,CLM_DA_3B258751DEB9CA2EAC9A2342,DA_RAW_5106f92e3ee59d96b66875dd8ec6da45513931293b029d517e71e35f3f7bfe00,SRC_OPEN_TARGETS_PLATFORM,26.06,SNAP_DA_OT_26_06_LUAD_EXACT_UNIV_TASK030_V0_1,INV_01224a50883bbbe9c423f27ce52d6670d84432739a316eff9947f76871fa0df4,dae5397a17450f4564bf6ffe8f00fa5d99ff81f8579f18a106c690308bb6b103,DEP_DA_707DA79DD85D8383CD064A67,DEPENDENT,SAME_SOURCE|SHARED_DATASET,DAR_PARTIAL_CONDITION_COUNT_V0_1,DISEASE_ASSOCIATION_FEATURE_EXTRACTOR_V0.1,OBSERVED,evidence_europepmc,5e3dc36a0bca9be04c6f0a808bfc2e2f25c31674,DA_RAW_5106f92e3ee59d96b66875dd8ec6da45513931293b029d517e71e35f3f7bfe00,COMPONENT_NATIVE_REFERENCE_PRESENT,RESOLVED_SNAPSHOT_RAW_RECORD_MANIFEST,outputs/disease_association_component_v0.1/component_records.jsonl,"MMP11 is used as an illustrative biological worked example for scientific communication. Its inclusion is not the result of a project-level therapeutic target ranking, scoring, or recommendation procedure."
ENSG00000099953.9,COMP_DISEASE_ASSOCIATION,COMP_DISEASE_ASSOCIATION_V0.1,CMPREC_DA_BA57CC2D64F0EB16106D0D9541FE2321,FTR_DA_B8A497B8C244368863870A61,disease_association_partial_condition_count,CLM_DA_3B258751DEB9CA2EAC9A2342,DA_RAW_8ddc9f2c4e8eea5cab6bc7153c3e43fcf2a1bd4d4d80030098d8e248aa7b3704,SRC_OPEN_TARGETS_PLATFORM,26.06,SNAP_DA_OT_26_06_LUAD_EXACT_UNIV_TASK030_V0_1,INV_35f5cd38fe9fe28f529cd56fbd85d5c672bd8b28652de36631cf25ecc89f0b41,ed59277e1bc245e061fab7029c0ad3caabe7eb3e7470ef326ce7ca633693da43,DEP_DA_3D5548EFD1D961343161439A,DEPENDENT,SAME_SOURCE|SHARED_DATASET,DAR_PARTIAL_CONDITION_COUNT_V0_1,DISEASE_ASSOCIATION_FEATURE_EXTRACTOR_V0.1,OBSERVED,evidence_europepmc,55a184ffac9cdf953862687b65ff274c8d033de9,DA_RAW_8ddc9f2c4e8eea5cab6bc7153c3e43fcf2a1bd4d4d80030098d8e248aa7b3704,COMPONENT_NATIVE_REFERENCE_PRESENT,RESOLVED_SNAPSHOT_RAW_RECORD_MANIFEST,outputs/disease_association_component_v0.1/component_records.jsonl,"MMP11 is used as an illustrative biological worked example for scientific communication. Its inclusion is not the result of a project-level therapeutic target ranking, scoring, or recommendation procedure."
ENSG00000099953.9,COMP_DISEASE_ASSOCIATION,COMP_DISEASE_ASSOCIATION_V0.1,CMPREC_DA_BA57CC2D64F0EB16106D0D9541FE2321,FTR_DA_B8A497B8C244368863870A61,disease_association_partial_condition_count,CLM_DA_3B258751DEB9CA2EAC9A2342,DA_RAW_0cf8d44b41e91f2bc6951f44132527d92e14091d0690a88df7ad73a912683d85,SRC_OPEN_TARGETS_PLATFORM,26.06,SNAP_DA_OT_26_06_LUAD_EXACT_UNIV_TASK030_V0_1,INV_76287eb8fd5f05102249a74953e6c940e472be9c8635681be24c88f6e9be3676,6cb30a3470036c91d1be3ebc6c3b503e59f1869bd29942a282716314c34c65de,DEP_DA_0D444064DB795CE326277536,DEPENDENT,SAME_SOURCE|SHARED_DATASET,DAR_PARTIAL_CONDITION_COUNT_V0_1,DISEASE_ASSOCIATION_FEATURE_EXTRACTOR_V0.1,OBSERVED,evidence_europepmc,5e685475f71d483c896b950025992e3384bc8a50,DA_RAW_0cf8d44b41e91f2bc6951f44132527d92e14091d0690a88df7ad73a912683d85,COMPONENT_NATIVE_REFERENCE_PRESENT,RESOLVED_SNAPSHOT_RAW_RECORD_MANIFEST,outputs/disease_association_component_v0.1/component_records.jsonl,"MMP11 is used as an illustrative biological worked example for scientific communication. Its inclusion is not the result of a project-level therapeutic target ranking, scoring, or recommendation procedure."
ENSG00000099953.9,COMP_DISEASE_ASSOCIATION,COMP_DISEASE_ASSOCIATION_V0.1,CMPREC_DA_BA57CC2D64F0EB16106D0D9541FE2321,FTR_DA_B8A497B8C244368863870A61,disease_association_partial_condition_count,CLM_DA_3B258751DEB9CA2EAC9A2342,DA_RAW_b86a58ad8519defdd1e292a6f04a4e65d989dfdfb3144ad7c7b106b4f3b90e09,SRC_OPEN_TARGETS_PLATFORM,26.06,SNAP_DA_OT_26_06_LUAD_EXACT_UNIV_TASK030_V0_1,INV_bbb5f7b7fee75f78753f741033173ed4824a2b5c4ce6807ba9dfe3c3a00ef828,3f5573a993962ccc3089b580c1165839afae16a017709861d52ea01ae7d407bc,DEP_DA_89D55C00FF3E18C3119A1F06,DEPENDENT,SAME_SOURCE|SHARED_DATASET,DAR_PARTIAL_CONDITION_COUNT_V0_1,DISEASE_ASSOCIATION_FEATURE_EXTRACTOR_V0.1,OBSERVED,evidence_europepmc,7fa01a788b07290c833e3dd14ac4940604d06f10,DA_RAW_b86a58ad8519defdd1e292a6f04a4e65d989dfdfb3144ad7c7b106b4f3b90e09,COMPONENT_NATIVE_REFERENCE_PRESENT,RESOLVED_SNAPSHOT_RAW_RECORD_MANIFEST,outputs/disease_association_component_v0.1/component_records.jsonl,"MMP11 is used as an illustrative biological worked example for scientific communication. Its inclusion is not the result of a project-level therapeutic target ranking, scoring, or recommendation procedure."
ENSG00000099953.9,COMP_DISEASE_ASSOCIATION,COMP_DISEASE_ASSOCIATION_V0.1,CMPREC_DA_BA57CC2D64F0EB16106D0D9541FE2321,FTR_DA_B8A497B8C244368863870A61,disease_association_partial_condition_count,CLM_DA_3B258751DEB9CA2EAC9A2342,DA_RAW_fcf06b5d6de7cd1272387415ade16051f4ffdae6e72768613546d8460e107c9c,SRC_OPEN_TARGETS_PLATFORM,26.06,SNAP_DA_OT_26_06_LUAD_EXACT_UNIV_TASK030_V0_1,INV_137f5a6638b21243ac3bb78768a556bb41317ea52696ab04c184926b6e5f5e26,07e0849758c1b04d09c23123f9a64f2dcb08d927b51c42a0d0caf156984293d4,DEP_DA_54B4D11893ABDD72D208BC3A,DEPENDENT,SAME_SOURCE|SHARED_DATASET,DAR_PARTIAL_CONDITION_COUNT_V0_1,DISEASE_ASSOCIATION_FEATURE_EXTRACTOR_V0.1,OBSERVED,evidence_europepmc,5c81e7e788334eea06776a98efb8b8e792fe4673,DA_RAW_fcf06b5d6de7cd1272387415ade16051f4ffdae6e72768613546d8460e107c9c,COMPONENT_NATIVE_REFERENCE_PRESENT,RESOLVED_SNAPSHOT_RAW_RECORD_MANIFEST,outputs/disease_association_component_v0.1/component_records.jsonl,"MMP11 is used as an illustrative biological worked example for scientific communication. Its inclusion is not the result of a project-level therapeutic target ranking, scoring, or recommendation procedure."
ENSG00000099953.9,COMP_DISEASE_ASSOCIATION,COMP_DISEASE_ASSOCIATION_V0.1,CMPREC_DA_BA57CC2D64F0EB16106D0D9541FE2321,FTR_DA_B8A497B8C244368863870A61,disease_association_partial_condition_count,CLM_DA_3B258751DEB9CA2EAC9A2342,DA_RAW_3b25d179be56924cd196608d5d3d83fd13497741fe4e7a42898cb6c1475e141b,SRC_OPEN_TARGETS_PLATFORM,26.06,SNAP_DA_OT_26_06_LUAD_EXACT_UNIV_TASK030_V0_1,INV_cb597cc950956cc9f78af3c7c89fddf3e00d5a881172ca04a5c9ebfc322b732b,2e548a37b15f7c0fe046f0d2d6d6f19bca2b978a51b73dad5b1bb3c6b94d42f5,DEP_DA_41CBEE0435E46F51678E268B,DEPENDENT,SAME_SOURCE|SHARED_DATASET,DAR_PARTIAL_CONDITION_COUNT_V0_1,DISEASE_ASSOCIATION_FEATURE_EXTRACTOR_V0.1,OBSERVED,evidence_europepmc,f65de7ecd8531c2c8f92671e08bff6382c9de09f,DA_RAW_3b25d179be56924cd196608d5d3d83fd13497741fe4e7a42898cb6c1475e141b,COMPONENT_NATIVE_REFERENCE_PRESENT,RESOLVED_SNAPSHOT_RAW_RECORD_MANIFEST,outputs/disease_association_component_v0.1/component_records.jsonl,"MMP11 is used as an illustrative biological worked example for scientific communication. Its inclusion is not the result of a project-level therapeutic target ranking, scoring, or recommendation procedure."
ENSG00000099953.9,COMP_DISEASE_ASSOCIATION,COMP_DISEASE_ASSOCIATION_V0.1,CMPREC_DA_BA57CC2D64F0EB16106D0D9541FE2321,FTR_DA_B8A497B8C244368863870A61,disease_association_partial_condition_count,CLM_DA_3B258751DEB9CA2EAC9A2342,DA_RAW_884ab3014cb909a3b0747ece3ab1d95dd6acd5f3bf516dbd61ad5a2480a590f8,SRC_OPEN_TARGETS_PLATFORM,26.06,SNAP_DA_OT_26_06_LUAD_EXACT_UNIV_TASK030_V0_1,INV_f41ffa2df1b253e716ca65074890b809126c34193db380fa0ae538e1d86744a9,bcd2339d4f7bd305df921cd250f674cc3b4a71fa6982820a12361f8e93d863fc,DEP_DA_E4E62DC90E1E2CA9BD0B5806,DEPENDENT,SAME_SOURCE|SHARED_DATASET,DAR_PARTIAL_CONDITION_COUNT_V0_1,DISEASE_ASSOCIATION_FEATURE_EXTRACTOR_V0.1,OBSERVED,evidence_expression_atlas,6a177018bed8fb7f519283795eb886be96854a51,DA_RAW_884ab3014cb909a3b0747ece3ab1d95dd6acd5f3bf516dbd61ad5a2480a590f8,COMPONENT_NATIVE_REFERENCE_PRESENT,RESOLVED_SNAPSHOT_RAW_RECORD_MANIFEST,outputs/disease_association_component_v0.1/component_records.jsonl,"MMP11 is used as an illustrative biological worked example for scientific communication. Its inclusion is not the result of a project-level therapeutic target ranking, scoring, or recommendation procedure."
ENSG00000099953.9,COMP_DISEASE_ASSOCIATION,COMP_DISEASE_ASSOCIATION_V0.1,CMPREC_DA_BA57CC2D64F0EB16106D0D9541FE2321,FTR_DA_B8A497B8C244368863870A61,disease_association_partial_condition_count,CLM_DA_3B258751DEB9CA2EAC9A2342,DA_RAW_fe1209a61069fa7275488608327d18fdd6e068792292b0914345392c9f7ede36,SRC_OPEN_TARGETS_PLATFORM,26.06,SNAP_DA_OT_26_06_LUAD_EXACT_UNIV_TASK030_V0_1,INV_f41ffa2df1b253e716ca65074890b809126c34193db380fa0ae538e1d86744a9,bcd2339d4f7bd305df921cd250f674cc3b4a71fa6982820a12361f8e93d863fc,DEP_DA_C086CE4FF21F62C58E5E2127,DEPENDENT,SAME_SOURCE|SHARED_DATASET,DAR_PARTIAL_CONDITION_COUNT_V0_1,DISEASE_ASSOCIATION_FEATURE_EXTRACTOR_V0.1,OBSERVED,evidence_expression_atlas,185140b60536b9d61a7039c873b0862e1b52aa3d,DA_RAW_fe1209a61069fa7275488608327d18fdd6e068792292b0914345392c9f7ede36,COMPONENT_NATIVE_REFERENCE_PRESENT,RESOLVED_SNAPSHOT_RAW_RECORD_MANIFEST,outputs/disease_association_component_v0.1/component_records.jsonl,"MMP11 is used as an illustrative biological worked example for scientific communication. Its inclusion is not the result of a project-level therapeutic target ranking, scoring, or recommendation procedure."
ENSG00000099953.9,COMP_DISEASE_ASSOCIATION,COMP_DISEASE_ASSOCIATION_V0.1,CMPREC_DA_BA57CC2D64F0EB16106D0D9541FE2321,FTR_DA_B8A497B8C244368863870A61,disease_association_partial_condition_count,CLM_DA_3B258751DEB9CA2EAC9A2342,DA_RAW_cac7aeeeadd88cfdd97315750762c76535f4083b0f868a46d47482a0fb6d932f,SRC_OPEN_TARGETS_PLATFORM,26.06,SNAP_DA_OT_26_06_LUAD_EXACT_UNIV_TASK030_V0_1,INV_f41ffa2df1b253e716ca65074890b809126c34193db380fa0ae538e1d86744a9,bcd2339d4f7bd305df921cd250f674cc3b4a71fa6982820a12361f8e93d863fc,DEP_DA_70BA3AA83504BF15633B377D,DEPENDENT,SAME_SOURCE|SHARED_DATASET,DAR_PARTIAL_CONDITION_COUNT_V0_1,DISEASE_ASSOCIATION_FEATURE_EXTRACTOR_V0.1,OBSERVED,evidence_expression_atlas,294e88ebd43931d4688d38f5a9cbf29fb94ef3c5,DA_RAW_cac7aeeeadd88cfdd97315750762c76535f4083b0f868a46d47482a0fb6d932f,COMPONENT_NATIVE_REFERENCE_PRESENT,RESOLVED_SNAPSHOT_RAW_RECORD_MANIFEST,outputs/disease_association_component_v0.1/component_records.jsonl,"MMP11 is used as an illustrative biological worked example for scientific communication. Its inclusion is not the result of a project-level therapeutic target ranking, scoring, or recommendation procedure."
ENSG00000099953.9,COMP_DISEASE_ASSOCIATION,COMP_DISEASE_ASSOCIATION_V0.1,CMPREC_DA_BA57CC2D64F0EB16106D0D9541FE2321,FTR_DA_B8A497B8C244368863870A61,disease_association_partial_condition_count,CLM_DA_3B258751DEB9CA2EAC9A2342,DA_RAW_94b7fa443decc7e03b937392049e80f05a62aeade525696b50f285495e800bf7,SRC_OPEN_TARGETS_PLATFORM,26.06,SNAP_DA_OT_26_06_LUAD_EXACT_UNIV_TASK030_V0_1,INV_f41ffa2df1b253e716ca65074890b809126c34193db380fa0ae538e1d86744a9,bcd2339d4f7bd305df921cd250f674cc3b4a71fa6982820a12361f8e93d863fc,DEP_DA_CB8BECA411FECF9AC5C3C1B0,DEPENDENT,SAME_SOURCE|SHARED_DATASET,DAR_PARTIAL_CONDITION_COUNT_V0_1,DISEASE_ASSOCIATION_FEATURE_EXTRACTOR_V0.1,OBSERVED,evidence_expression_atlas,2a79ab18055dd5fc64fa9732703407f6e807dad9,DA_RAW_94b7fa443decc7e03b937392049e80f05a62aeade525696b50f285495e800bf7,COMPONENT_NATIVE_REFERENCE_PRESENT,RESOLVED_SNAPSHOT_RAW_RECORD_MANIFEST,outputs/disease_association_component_v0.1/component_records.jsonl,"MMP11 is used as an illustrative biological worked example for scientific communication. Its inclusion is not the result of a project-level therapeutic target ranking, scoring, or recommendation procedure."
ENSG00000099953.9,COMP_DISEASE_ASSOCIATION,COMP_DISEASE_ASSOCIATION_V0.1,CMPREC_DA_BA57CC2D64F0EB16106D0D9541FE2321,FTR_DA_B8A497B8C244368863870A61,disease_association_partial_condition_count,CLM_DA_3B258751DEB9CA2EAC9A2342,DA_RAW_c855784afb305dfc6e2595ce462ebdf7bb5f7c0126bb949bfe80f9f189b62b97,SRC_OPEN_TARGETS_PLATFORM,26.06,SNAP_DA_OT_26_06_LUAD_EXACT_UNIV_TASK030_V0_1,INV_f41ffa2df1b253e716ca65074890b809126c34193db380fa0ae538e1d86744a9,bcd2339d4f7bd305df921cd250f674cc3b4a71fa6982820a12361f8e93d863fc,DEP_DA_37454054FA3857773D15A949,DEPENDENT,SAME_SOURCE|SHARED_DATASET,DAR_PARTIAL_CONDITION_COUNT_V0_1,DISEASE_ASSOCIATION_FEATURE_EXTRACTOR_V0.1,OBSERVED,evidence_expression_atlas,2427a48723d397d3846f609b6389dbbec5e813b4,DA_RAW_c855784afb305dfc6e2595ce462ebdf7bb5f7c0126bb949bfe80f9f189b62b97,COMPONENT_NATIVE_REFERENCE_PRESENT,RESOLVED_SNAPSHOT_RAW_RECORD_MANIFEST,outputs/disease_association_component_v0.1/component_records.jsonl,"MMP11 is used as an illustrative biological worked example for scientific communication. Its inclusion is not the result of a project-level therapeutic target ranking, scoring, or recommendation procedure."
ENSG00000099953.9,COMP_DISEASE_ASSOCIATION,COMP_DISEASE_ASSOCIATION_V0.1,CMPREC_DA_BA57CC2D64F0EB16106D0D9541FE2321,FTR_DA_900A836DC6500BDD0AF9F9F1,disease_association_retrieval_failure,CLM_DA_FBF3BFF26FB5F0C9650721F1,REC_DA_SCOPE_4B28DB4E7014245EFB6714C1,SRC_OPEN_TARGETS_PLATFORM,26.06,SNAP_DA_OT_26_06_LUAD_EXACT_UNIV_TASK030_V0_1,ART_DA_COVERAGE_D685D100F26AFDA347A80859,b0b7903c33a65f991150804722b832c0168f1156a703411e9d7a3c23c5e8202e,DEP_DA_SCOPE_AD2F7EEF22E6864B7FF6C410,NOT_APPLICABLE,NOT_APPLICABLE,DAR_RETRIEVAL_FAILURE_V0_1,DISEASE_ASSOCIATION_FEATURE_EXTRACTOR_V0.1,OBSERVED,entity_coverage_ledger,QUERY_SCOPE::ENSG00000099953.9,NOT_APPLICABLE_QUERY_SCOPE_RECORD,COMPONENT_NATIVE_REFERENCE_PRESENT,RESOLVED_ENTITY_COVERAGE_SCOPE_RECORD,outputs/disease_association_component_v0.1/component_records.jsonl,"MMP11 is used as an illustrative biological worked example for scientific communication. Its inclusion is not the result of a project-level therapeutic target ranking, scoring, or recommendation procedure."
ENSG00000099953.9,COMP_DISEASE_ASSOCIATION,COMP_DISEASE_ASSOCIATION_V0.1,CMPREC_DA_BA57CC2D64F0EB16106D0D9541FE2321,FTR_DA_62250DCB762CA165D0C2032F,disease_association_unknown_coverage,CLM_DA_CB6E9A99F1CB95A859EB6C56,REC_DA_SCOPE_4B28DB4E7014245EFB6714C1,SRC_OPEN_TARGETS_PLATFORM,26.06,SNAP_DA_OT_26_06_LUAD_EXACT_UNIV_TASK030_V0_1,ART_DA_COVERAGE_D685D100F26AFDA347A80859,b0b7903c33a65f991150804722b832c0168f1156a703411e9d7a3c23c5e8202e,DEP_DA_SCOPE_AD2F7EEF22E6864B7FF6C410,NOT_APPLICABLE,NOT_APPLICABLE,DAR_UNKNOWN_COVERAGE_V0_1,DISEASE_ASSOCIATION_FEATURE_EXTRACTOR_V0.1,OBSERVED,entity_coverage_ledger,QUERY_SCOPE::ENSG00000099953.9,NOT_APPLICABLE_QUERY_SCOPE_RECORD,COMPONENT_NATIVE_REFERENCE_PRESENT,RESOLVED_ENTITY_COVERAGE_SCOPE_RECORD,outputs/disease_association_component_v0.1/component_records.jsonl,"MMP11 is used as an illustrative biological worked example for scientific communication. Its inclusion is not the result of a project-level therapeutic target ranking, scoring, or recommendation procedure."
ENSG00000099953.9,COMP_DISEASE_ASSOCIATION,COMP_DISEASE_ASSOCIATION_V0.1,CMPREC_DA_BA57CC2D64F0EB16106D0D9541FE2321,FTR_DA_0E64B577753C1CCAE1390E81,disease_association_records_missingness_status,CLM_DA_CA950A18BDA23E9ED818E11F,REC_DA_SCOPE_4B28DB4E7014245EFB6714C1,SRC_OPEN_TARGETS_PLATFORM,26.06,SNAP_DA_OT_26_06_LUAD_EXACT_UNIV_TASK030_V0_1,ART_DA_COVERAGE_D685D100F26AFDA347A80859,b0b7903c33a65f991150804722b832c0168f1156a703411e9d7a3c23c5e8202e,DEP_DA_SCOPE_AD2F7EEF22E6864B7FF6C410,NOT_APPLICABLE,NOT_APPLICABLE,DAR_RECORDS_MISSINGNESS_V0_1,DISEASE_ASSOCIATION_FEATURE_EXTRACTOR_V0.1,OBSERVED,entity_coverage_ledger,QUERY_SCOPE::ENSG00000099953.9,NOT_APPLICABLE_QUERY_SCOPE_RECORD,COMPONENT_NATIVE_REFERENCE_PRESENT,RESOLVED_ENTITY_COVERAGE_SCOPE_RECORD,outputs/disease_association_component_v0.1/component_records.jsonl,"MMP11 is used as an illustrative biological worked example for scientific communication. Its inclusion is not the result of a project-level therapeutic target ranking, scoring, or recommendation procedure."
ENSG00000099953.9,COMP_DISEASE_ASSOCIATION,COMP_DISEASE_ASSOCIATION_V0.1,CMPREC_DA_BA57CC2D64F0EB16106D0D9541FE2321,FTR_DA_0E64B577753C1CCAE1390E81,disease_association_records_missingness_status,CLM_DA_CA950A18BDA23E9ED818E11F,DA_RAW_4cf5b32a508113eb5602a4438e3448e8b08167b0dd0771dcb105a527396d78c0,SRC_OPEN_TARGETS_PLATFORM,26.06,SNAP_DA_OT_26_06_LUAD_EXACT_UNIV_TASK030_V0_1,INV_6a696278bcba8324abefb6029e4e702ef853a15e5dbae95eb76ce36edf40e213,444549a37400342ce803e0b1b67e574c26f7cc3f44e47089d59884d5f370e39e,DEP_DA_54A1C5E72D18283A3A4CB41E,DEPENDENT,SAME_SOURCE|SHARED_DATASET,DAR_RECORDS_MISSINGNESS_V0_1,DISEASE_ASSOCIATION_FEATURE_EXTRACTOR_V0.1,OBSERVED,evidence_europepmc,59c55e522b0b5fd951e296cb6937052ac6950c64,DA_RAW_4cf5b32a508113eb5602a4438e3448e8b08167b0dd0771dcb105a527396d78c0,COMPONENT_NATIVE_REFERENCE_PRESENT,RESOLVED_SNAPSHOT_RAW_RECORD_MANIFEST,outputs/disease_association_component_v0.1/component_records.jsonl,"MMP11 is used as an illustrative biological worked example for scientific communication. Its inclusion is not the result of a project-level therapeutic target ranking, scoring, or recommendation procedure."
ENSG00000099953.9,COMP_DISEASE_ASSOCIATION,COMP_DISEASE_ASSOCIATION_V0.1,CMPREC_DA_BA57CC2D64F0EB16106D0D9541FE2321,FTR_DA_0E64B577753C1CCAE1390E81,disease_association_records_missingness_status,CLM_DA_CA950A18BDA23E9ED818E11F,DA_RAW_c3dd388c9f9df24eae9deee688c7c9fb7725b28fa34ee5c2f330bdf0495e9fc9,SRC_OPEN_TARGETS_PLATFORM,26.06,SNAP_DA_OT_26_06_LUAD_EXACT_UNIV_TASK030_V0_1,INV_97c9214eaf2013a683f0b920241886cf827d8aba76deca4212996c02cc08ee91,be938bc9a76e26e85064d36fb1bdd4b7bf0930a74a53b5155c5d02e5843ee4af,DEP_DA_F9A18860D87CB60708311FF6,DEPENDENT,SAME_SOURCE|SHARED_DATASET,DAR_RECORDS_MISSINGNESS_V0_1,DISEASE_ASSOCIATION_FEATURE_EXTRACTOR_V0.1,OBSERVED,evidence_europepmc,55a2c15edbd1d4e9429d3e76325e90204ab6c5e1,DA_RAW_c3dd388c9f9df24eae9deee688c7c9fb7725b28fa34ee5c2f330bdf0495e9fc9,COMPONENT_NATIVE_REFERENCE_PRESENT,RESOLVED_SNAPSHOT_RAW_RECORD_MANIFEST,outputs/disease_association_component_v0.1/component_records.jsonl,"MMP11 is used as an illustrative biological worked example for scientific communication. Its inclusion is not the result of a project-level therapeutic target ranking, scoring, or recommendation procedure."
ENSG00000099953.9,COMP_DISEASE_ASSOCIATION,COMP_DISEASE_ASSOCIATION_V0.1,CMPREC_DA_BA57CC2D64F0EB16106D0D9541FE2321,FTR_DA_0E64B577753C1CCAE1390E81,disease_association_records_missingness_status,CLM_DA_CA950A18BDA23E9ED818E11F,DA_RAW_794ade1e615c6a00810c7988cd184167f2fb8dde251c4a9fd7819e3516e7d0e1,SRC_OPEN_TARGETS_PLATFORM,26.06,SNAP_DA_OT_26_06_LUAD_EXACT_UNIV_TASK030_V0_1,INV_97c9214eaf2013a683f0b920241886cf827d8aba76deca4212996c02cc08ee91,be938bc9a76e26e85064d36fb1bdd4b7bf0930a74a53b5155c5d02e5843ee4af,DEP_DA_9733EE27F823B75E148ABB39,DEPENDENT,SAME_SOURCE|SHARED_DATASET,DAR_RECORDS_MISSINGNESS_V0_1,DISEASE_ASSOCIATION_FEATURE_EXTRACTOR_V0.1,OBSERVED,evidence_europepmc,9267bee526b519ba6f8ff8823415df81aadd8c38,DA_RAW_794ade1e615c6a00810c7988cd184167f2fb8dde251c4a9fd7819e3516e7d0e1,COMPONENT_NATIVE_REFERENCE_PRESENT,RESOLVED_SNAPSHOT_RAW_RECORD_MANIFEST,outputs/disease_association_component_v0.1/component_records.jsonl,"MMP11 is used as an illustrative biological worked example for scientific communication. Its inclusion is not the result of a project-level therapeutic target ranking, scoring, or recommendation procedure."
ENSG00000099953.9,COMP_DISEASE_ASSOCIATION,COMP_DISEASE_ASSOCIATION_V0.1,CMPREC_DA_BA57CC2D64F0EB16106D0D9541FE2321,FTR_DA_0E64B577753C1CCAE1390E81,disease_association_records_missingness_status,CLM_DA_CA950A18BDA23E9ED818E11F,DA_RAW_5106f92e3ee59d96b66875dd8ec6da45513931293b029d517e71e35f3f7bfe00,SRC_OPEN_TARGETS_PLATFORM,26.06,SNAP_DA_OT_26_06_LUAD_EXACT_UNIV_TASK030_V0_1,INV_01224a50883bbbe9c423f27ce52d6670d84432739a316eff9947f76871fa0df4,dae5397a17450f4564bf6ffe8f00fa5d99ff81f8579f18a106c690308bb6b103,DEP_DA_707DA79DD85D8383CD064A67,DEPENDENT,SAME_SOURCE|SHARED_DATASET,DAR_RECORDS_MISSINGNESS_V0_1,DISEASE_ASSOCIATION_FEATURE_EXTRACTOR_V0.1,OBSERVED,evidence_europepmc,5e3dc36a0bca9be04c6f0a808bfc2e2f25c31674,DA_RAW_5106f92e3ee59d96b66875dd8ec6da45513931293b029d517e71e35f3f7bfe00,COMPONENT_NATIVE_REFERENCE_PRESENT,RESOLVED_SNAPSHOT_RAW_RECORD_MANIFEST,outputs/disease_association_component_v0.1/component_records.jsonl,"MMP11 is used as an illustrative biological worked example for scientific communication. Its inclusion is not the result of a project-level therapeutic target ranking, scoring, or recommendation procedure."
ENSG00000099953.9,COMP_DISEASE_ASSOCIATION,COMP_DISEASE_ASSOCIATION_V0.1,CMPREC_DA_BA57CC2D64F0EB16106D0D9541FE2321,FTR_DA_0E64B577753C1CCAE1390E81,disease_association_records_missingness_status,CLM_DA_CA950A18BDA23E9ED818E11F,DA_RAW_8ddc9f2c4e8eea5cab6bc7153c3e43fcf2a1bd4d4d80030098d8e248aa7b3704,SRC_OPEN_TARGETS_PLATFORM,26.06,SNAP_DA_OT_26_06_LUAD_EXACT_UNIV_TASK030_V0_1,INV_35f5cd38fe9fe28f529cd56fbd85d5c672bd8b28652de36631cf25ecc89f0b41,ed59277e1bc245e061fab7029c0ad3caabe7eb3e7470ef326ce7ca633693da43,DEP_DA_3D5548EFD1D961343161439A,DEPENDENT,SAME_SOURCE|SHARED_DATASET,DAR_RECORDS_MISSINGNESS_V0_1,DISEASE_ASSOCIATION_FEATURE_EXTRACTOR_V0.1,OBSERVED,evidence_europepmc,55a184ffac9cdf953862687b65ff274c8d033de9,DA_RAW_8ddc9f2c4e8eea5cab6bc7153c3e43fcf2a1bd4d4d80030098d8e248aa7b3704,COMPONENT_NATIVE_REFERENCE_PRESENT,RESOLVED_SNAPSHOT_RAW_RECORD_MANIFEST,outputs/disease_association_component_v0.1/component_records.jsonl,"MMP11 is used as an illustrative biological worked example for scientific communication. Its inclusion is not the result of a project-level therapeutic target ranking, scoring, or recommendation procedure."
ENSG00000099953.9,COMP_DISEASE_ASSOCIATION,COMP_DISEASE_ASSOCIATION_V0.1,CMPREC_DA_BA57CC2D64F0EB16106D0D9541FE2321,FTR_DA_0E64B577753C1CCAE1390E81,disease_association_records_missingness_status,CLM_DA_CA950A18BDA23E9ED818E11F,DA_RAW_0cf8d44b41e91f2bc6951f44132527d92e14091d0690a88df7ad73a912683d85,SRC_OPEN_TARGETS_PLATFORM,26.06,SNAP_DA_OT_26_06_LUAD_EXACT_UNIV_TASK030_V0_1,INV_76287eb8fd5f05102249a74953e6c940e472be9c8635681be24c88f6e9be3676,6cb30a3470036c91d1be3ebc6c3b503e59f1869bd29942a282716314c34c65de,DEP_DA_0D444064DB795CE326277536,DEPENDENT,SAME_SOURCE|SHARED_DATASET,DAR_RECORDS_MISSINGNESS_V0_1,DISEASE_ASSOCIATION_FEATURE_EXTRACTOR_V0.1,OBSERVED,evidence_europepmc,5e685475f71d483c896b950025992e3384bc8a50,DA_RAW_0cf8d44b41e91f2bc6951f44132527d92e14091d0690a88df7ad73a912683d85,COMPONENT_NATIVE_REFERENCE_PRESENT,RESOLVED_SNAPSHOT_RAW_RECORD_MANIFEST,outputs/disease_association_component_v0.1/component_records.jsonl,"MMP11 is used as an illustrative biological worked example for scientific communication. Its inclusion is not the result of a project-level therapeutic target ranking, scoring, or recommendation procedure."
ENSG00000099953.9,COMP_DISEASE_ASSOCIATION,COMP_DISEASE_ASSOCIATION_V0.1,CMPREC_DA_BA57CC2D64F0EB16106D0D9541FE2321,FTR_DA_0E64B577753C1CCAE1390E81,disease_association_records_missingness_status,CLM_DA_CA950A18BDA23E9ED818E11F,DA_RAW_b86a58ad8519defdd1e292a6f04a4e65d989dfdfb3144ad7c7b106b4f3b90e09,SRC_OPEN_TARGETS_PLATFORM,26.06,SNAP_DA_OT_26_06_LUAD_EXACT_UNIV_TASK030_V0_1,INV_bbb5f7b7fee75f78753f741033173ed4824a2b5c4ce6807ba9dfe3c3a00ef828,3f5573a993962ccc3089b580c1165839afae16a017709861d52ea01ae7d407bc,DEP_DA_89D55C00FF3E18C3119A1F06,DEPENDENT,SAME_SOURCE|SHARED_DATASET,DAR_RECORDS_MISSINGNESS_V0_1,DISEASE_ASSOCIATION_FEATURE_EXTRACTOR_V0.1,OBSERVED,evidence_europepmc,7fa01a788b07290c833e3dd14ac4940604d06f10,DA_RAW_b86a58ad8519defdd1e292a6f04a4e65d989dfdfb3144ad7c7b106b4f3b90e09,COMPONENT_NATIVE_REFERENCE_PRESENT,RESOLVED_SNAPSHOT_RAW_RECORD_MANIFEST,outputs/disease_association_component_v0.1/component_records.jsonl,"MMP11 is used as an illustrative biological worked example for scientific communication. Its inclusion is not the result of a project-level therapeutic target ranking, scoring, or recommendation procedure."
ENSG00000099953.9,COMP_DISEASE_ASSOCIATION,COMP_DISEASE_ASSOCIATION_V0.1,CMPREC_DA_BA57CC2D64F0EB16106D0D9541FE2321,FTR_DA_0E64B577753C1CCAE1390E81,disease_association_records_missingness_status,CLM_DA_CA950A18BDA23E9ED818E11F,DA_RAW_fcf06b5d6de7cd1272387415ade16051f4ffdae6e72768613546d8460e107c9c,SRC_OPEN_TARGETS_PLATFORM,26.06,SNAP_DA_OT_26_06_LUAD_EXACT_UNIV_TASK030_V0_1,INV_137f5a6638b21243ac3bb78768a556bb41317ea52696ab04c184926b6e5f5e26,07e0849758c1b04d09c23123f9a64f2dcb08d927b51c42a0d0caf156984293d4,DEP_DA_54B4D11893ABDD72D208BC3A,DEPENDENT,SAME_SOURCE|SHARED_DATASET,DAR_RECORDS_MISSINGNESS_V0_1,DISEASE_ASSOCIATION_FEATURE_EXTRACTOR_V0.1,OBSERVED,evidence_europepmc,5c81e7e788334eea06776a98efb8b8e792fe4673,DA_RAW_fcf06b5d6de7cd1272387415ade16051f4ffdae6e72768613546d8460e107c9c,COMPONENT_NATIVE_REFERENCE_PRESENT,RESOLVED_SNAPSHOT_RAW_RECORD_MANIFEST,outputs/disease_association_component_v0.1/component_records.jsonl,"MMP11 is used as an illustrative biological worked example for scientific communication. Its inclusion is not the result of a project-level therapeutic target ranking, scoring, or recommendation procedure."
ENSG00000099953.9,COMP_DISEASE_ASSOCIATION,COMP_DISEASE_ASSOCIATION_V0.1,CMPREC_DA_BA57CC2D64F0EB16106D0D9541FE2321,FTR_DA_0E64B577753C1CCAE1390E81,disease_association_records_missingness_status,CLM_DA_CA950A18BDA23E9ED818E11F,DA_RAW_3b25d179be56924cd196608d5d3d83fd13497741fe4e7a42898cb6c1475e141b,SRC_OPEN_TARGETS_PLATFORM,26.06,SNAP_DA_OT_26_06_LUAD_EXACT_UNIV_TASK030_V0_1,INV_cb597cc950956cc9f78af3c7c89fddf3e00d5a881172ca04a5c9ebfc322b732b,2e548a37b15f7c0fe046f0d2d6d6f19bca2b978a51b73dad5b1bb3c6b94d42f5,DEP_DA_41CBEE0435E46F51678E268B,DEPENDENT,SAME_SOURCE|SHARED_DATASET,DAR_RECORDS_MISSINGNESS_V0_1,DISEASE_ASSOCIATION_FEATURE_EXTRACTOR_V0.1,OBSERVED,evidence_europepmc,f65de7ecd8531c2c8f92671e08bff6382c9de09f,DA_RAW_3b25d179be56924cd196608d5d3d83fd13497741fe4e7a42898cb6c1475e141b,COMPONENT_NATIVE_REFERENCE_PRESENT,RESOLVED_SNAPSHOT_RAW_RECORD_MANIFEST,outputs/disease_association_component_v0.1/component_records.jsonl,"MMP11 is used as an illustrative biological worked example for scientific communication. Its inclusion is not the result of a project-level therapeutic target ranking, scoring, or recommendation procedure."
ENSG00000099953.9,COMP_DISEASE_ASSOCIATION,COMP_DISEASE_ASSOCIATION_V0.1,CMPREC_DA_BA57CC2D64F0EB16106D0D9541FE2321,FTR_DA_0E64B577753C1CCAE1390E81,disease_association_records_missingness_status,CLM_DA_CA950A18BDA23E9ED818E11F,DA_RAW_884ab3014cb909a3b0747ece3ab1d95dd6acd5f3bf516dbd61ad5a2480a590f8,SRC_OPEN_TARGETS_PLATFORM,26.06,SNAP_DA_OT_26_06_LUAD_EXACT_UNIV_TASK030_V0_1,INV_f41ffa2df1b253e716ca65074890b809126c34193db380fa0ae538e1d86744a9,bcd2339d4f7bd305df921cd250f674cc3b4a71fa6982820a12361f8e93d863fc,DEP_DA_E4E62DC90E1E2CA9BD0B5806,DEPENDENT,SAME_SOURCE|SHARED_DATASET,DAR_RECORDS_MISSINGNESS_V0_1,DISEASE_ASSOCIATION_FEATURE_EXTRACTOR_V0.1,OBSERVED,evidence_expression_atlas,6a177018bed8fb7f519283795eb886be96854a51,DA_RAW_884ab3014cb909a3b0747ece3ab1d95dd6acd5f3bf516dbd61ad5a2480a590f8,COMPONENT_NATIVE_REFERENCE_PRESENT,RESOLVED_SNAPSHOT_RAW_RECORD_MANIFEST,outputs/disease_association_component_v0.1/component_records.jsonl,"MMP11 is used as an illustrative biological worked example for scientific communication. Its inclusion is not the result of a project-level therapeutic target ranking, scoring, or recommendation procedure."
ENSG00000099953.9,COMP_DISEASE_ASSOCIATION,COMP_DISEASE_ASSOCIATION_V0.1,CMPREC_DA_BA57CC2D64F0EB16106D0D9541FE2321,FTR_DA_0E64B577753C1CCAE1390E81,disease_association_records_missingness_status,CLM_DA_CA950A18BDA23E9ED818E11F,DA_RAW_fe1209a61069fa7275488608327d18fdd6e068792292b0914345392c9f7ede36,SRC_OPEN_TARGETS_PLATFORM,26.06,SNAP_DA_OT_26_06_LUAD_EXACT_UNIV_TASK030_V0_1,INV_f41ffa2df1b253e716ca65074890b809126c34193db380fa0ae538e1d86744a9,bcd2339d4f7bd305df921cd250f674cc3b4a71fa6982820a12361f8e93d863fc,DEP_DA_C086CE4FF21F62C58E5E2127,DEPENDENT,SAME_SOURCE|SHARED_DATASET,DAR_RECORDS_MISSINGNESS_V0_1,DISEASE_ASSOCIATION_FEATURE_EXTRACTOR_V0.1,OBSERVED,evidence_expression_atlas,185140b60536b9d61a7039c873b0862e1b52aa3d,DA_RAW_fe1209a61069fa7275488608327d18fdd6e068792292b0914345392c9f7ede36,COMPONENT_NATIVE_REFERENCE_PRESENT,RESOLVED_SNAPSHOT_RAW_RECORD_MANIFEST,outputs/disease_association_component_v0.1/component_records.jsonl,"MMP11 is used as an illustrative biological worked example for scientific communication. Its inclusion is not the result of a project-level therapeutic target ranking, scoring, or recommendation procedure."
ENSG00000099953.9,COMP_DISEASE_ASSOCIATION,COMP_DISEASE_ASSOCIATION_V0.1,CMPREC_DA_BA57CC2D64F0EB16106D0D9541FE2321,FTR_DA_0E64B577753C1CCAE1390E81,disease_association_records_missingness_status,CLM_DA_CA950A18BDA23E9ED818E11F,DA_RAW_cac7aeeeadd88cfdd97315750762c76535f4083b0f868a46d47482a0fb6d932f,SRC_OPEN_TARGETS_PLATFORM,26.06,SNAP_DA_OT_26_06_LUAD_EXACT_UNIV_TASK030_V0_1,INV_f41ffa2df1b253e716ca65074890b809126c34193db380fa0ae538e1d86744a9,bcd2339d4f7bd305df921cd250f674cc3b4a71fa6982820a12361f8e93d863fc,DEP_DA_70BA3AA83504BF15633B377D,DEPENDENT,SAME_SOURCE|SHARED_DATASET,DAR_RECORDS_MISSINGNESS_V0_1,DISEASE_ASSOCIATION_FEATURE_EXTRACTOR_V0.1,OBSERVED,evidence_expression_atlas,294e88ebd43931d4688d38f5a9cbf29fb94ef3c5,DA_RAW_cac7aeeeadd88cfdd97315750762c76535f4083b0f868a46d47482a0fb6d932f,COMPONENT_NATIVE_REFERENCE_PRESENT,RESOLVED_SNAPSHOT_RAW_RECORD_MANIFEST,outputs/disease_association_component_v0.1/component_records.jsonl,"MMP11 is used as an illustrative biological worked example for scientific communication. Its inclusion is not the result of a project-level therapeutic target ranking, scoring, or recommendation procedure."
ENSG00000099953.9,COMP_DISEASE_ASSOCIATION,COMP_DISEASE_ASSOCIATION_V0.1,CMPREC_DA_BA57CC2D64F0EB16106D0D9541FE2321,FTR_DA_0E64B577753C1CCAE1390E81,disease_association_records_missingness_status,CLM_DA_CA950A18BDA23E9ED818E11F,DA_RAW_94b7fa443decc7e03b937392049e80f05a62aeade525696b50f285495e800bf7,SRC_OPEN_TARGETS_PLATFORM,26.06,SNAP_DA_OT_26_06_LUAD_EXACT_UNIV_TASK030_V0_1,INV_f41ffa2df1b253e716ca65074890b809126c34193db380fa0ae538e1d86744a9,bcd2339d4f7bd305df921cd250f674cc3b4a71fa6982820a12361f8e93d863fc,DEP_DA_CB8BECA411FECF9AC5C3C1B0,DEPENDENT,SAME_SOURCE|SHARED_DATASET,DAR_RECORDS_MISSINGNESS_V0_1,DISEASE_ASSOCIATION_FEATURE_EXTRACTOR_V0.1,OBSERVED,evidence_expression_atlas,2a79ab18055dd5fc64fa9732703407f6e807dad9,DA_RAW_94b7fa443decc7e03b937392049e80f05a62aeade525696b50f285495e800bf7,COMPONENT_NATIVE_REFERENCE_PRESENT,RESOLVED_SNAPSHOT_RAW_RECORD_MANIFEST,outputs/disease_association_component_v0.1/component_records.jsonl,"MMP11 is used as an illustrative biological worked example for scientific communication. Its inclusion is not the result of a project-level therapeutic target ranking, scoring, or recommendation procedure."
ENSG00000099953.9,COMP_DISEASE_ASSOCIATION,COMP_DISEASE_ASSOCIATION_V0.1,CMPREC_DA_BA57CC2D64F0EB16106D0D9541FE2321,FTR_DA_0E64B577753C1CCAE1390E81,disease_association_records_missingness_status,CLM_DA_CA950A18BDA23E9ED818E11F,DA_RAW_c855784afb305dfc6e2595ce462ebdf7bb5f7c0126bb949bfe80f9f189b62b97,SRC_OPEN_TARGETS_PLATFORM,26.06,SNAP_DA_OT_26_06_LUAD_EXACT_UNIV_TASK030_V0_1,INV_f41ffa2df1b253e716ca65074890b809126c34193db380fa0ae538e1d86744a9,bcd2339d4f7bd305df921cd250f674cc3b4a71fa6982820a12361f8e93d863fc,DEP_DA_37454054FA3857773D15A949,DEPENDENT,SAME_SOURCE|SHARED_DATASET,DAR_RECORDS_MISSINGNESS_V0_1,DISEASE_ASSOCIATION_FEATURE_EXTRACTOR_V0.1,OBSERVED,evidence_expression_atlas,2427a48723d397d3846f609b6389dbbec5e813b4,DA_RAW_c855784afb305dfc6e2595ce462ebdf7bb5f7c0126bb949bfe80f9f189b62b97,COMPONENT_NATIVE_REFERENCE_PRESENT,RESOLVED_SNAPSHOT_RAW_RECORD_MANIFEST,outputs/disease_association_component_v0.1/component_records.jsonl,"MMP11 is used as an illustrative biological worked example for scientific communication. Its inclusion is not the result of a project-level therapeutic target ranking, scoring, or recommendation procedure."
