"field_name","R_class","audit_category","relevant_to_replicate_ffpe_audit","n_records","n_nonmissing","n_missing","n_unique_nonmissing","example_values"
"rail_id","integer","other",FALSE,601,601,0,601,"106670 | 106782 | 107654 | 107655 | 107703"
"external_id","character","other",FALSE,601,601,0,601,"5b1e3218-61b6-4d10-8815-c1038c739f05 | c3257122-09a9-449c-be4a-107703def60c | 6a4c997f-2f28-4888-8d4c-c2dc8b108520 | dc7450dc-4a7a-48ee-bef1-f5e5b46db020 | 642c8ec2-4829-4b2b-af17-a6b52a793e26"
"study","character","other",FALSE,601,601,0,1,"LUAD"
"tcga.tcga_barcode","character","other",FALSE,601,601,0,600,"TCGA-55-7911-01A-11R-2170-07 | TCGA-44-2656-01A-02R-0946-07 | TCGA-44-2657-11A-01R-1758-07 | TCGA-44-5644-01A-21R-2039-07 | TCGA-55-8616-01A-11R-2403-07"
"tcga.gdc_file_id","character","other",FALSE,601,601,0,601,"5b1e3218-61b6-4d10-8815-c1038c739f05 | c3257122-09a9-449c-be4a-107703def60c | 6a4c997f-2f28-4888-8d4c-c2dc8b108520 | dc7450dc-4a7a-48ee-bef1-f5e5b46db020 | 642c8ec2-4829-4b2b-af17-a6b52a793e26"
"tcga.gdc_cases.project.name","character","other",FALSE,601,601,0,1,"Lung Adenocarcinoma"
"tcga.gdc_cases.project.released","logical","other",FALSE,601,601,0,1,"TRUE"
"tcga.gdc_cases.project.state","character","other",FALSE,601,601,0,1,"legacy"
"tcga.gdc_cases.project.primary_site","character","other",FALSE,601,601,0,1,"Lung"
"tcga.gdc_cases.project.project_id","character","other",FALSE,601,601,0,1,"TCGA-LUAD"
"tcga.cgc_sample_sample_type","character","sample",TRUE,601,601,0,3,"Primary Tumor | Solid Tissue Normal | Recurrent Tumor"
"tcga.gdc_cases.case_id","character","other",FALSE,601,601,0,517,"1f0a5312-0590-4230-9da9-fd0cfe693586 | 42ca54fc-c1ae-41cd-bca1-7fe9810db460 | f40301ba-831e-4afd-9ce8-5f3c1a05ff7e | 1fc81cd4-fa89-4135-8c3c-027ffae82b05 | fe714ac0-f874-426a-924b-a2980232b5f7"
"tcga.gdc_updated_datetime","character","other",FALSE,601,601,0,599,"2016-08-06T14:15:38.873654-05:00 | 2016-08-05T02:42:39.839282-05:00 | 2016-08-09T13:57:28.782099-05:00 | 2016-08-09T14:05:07.350915-05:00 | 2016-08-05T03:06:51.420797-05:00"
"tcga.gdc_file_name","character","other",FALSE,601,601,0,601,"UNCID_2193443.9142e848-c5cb-41c1-b80f-5f7674f9a1cb.120402_UNC9-SN296_0290_BC0M6TACXX_3_CAGATC.tar.gz | UNCID_2200469.7b9dc578-8869-4322-a705-bfb9942d9b65.111130_UNC10-SN254_0310_BC06BYACXX_5_GATCAG.tar.gz | UNCID_2187834.ca16fef9-9795-4a33-899f-9bf111ee093e.120723_UNC10-SN254_0372_AC0T70ACXX_7_GATCAG.tar.gz | UNCID_2198905.44205bf0-b593-4c0d-9aeb-4e604314e10f.120109_UNC15-SN850_0161_AD0J66ACXX_6_CTTGTA.tar.gz | UNCID_2182185.78dd0304-d459-4d26-b0ba-39a8078c59d0.130225_UNC12-SN629_0259_BD1TW9ACXX_6_CTTGTA.tar.gz"
"tcga.gdc_submitter_id","character","other",FALSE,601,601,0,601,"59fa85b1-2916-44fe-8654-410e2c373fa5 | 0be8443a-c2a6-4ef4-aa74-360e57e2a722 | 01781e6e-9eca-4680-9169-3ac004a5be17 | a236c3c1-1915-466f-89b6-12deeca2658f | 3c3c9225-0681-4847-9c9c-ce705518bd51"
"tcga.gdc_file_size","numeric","other",FALSE,601,601,0,601,"5470588514 | 9617870166 | 4825936744 | 3475997943 | 4531432926"
"tcga.gdc_access","character","other",FALSE,601,601,0,1,"controlled"
"tcga.gdc_platform","character","other",FALSE,601,601,0,1,"Illumina HiSeq"
"tcga.gdc_state","character","other",FALSE,601,601,0,1,"live"
"tcga.gdc_type","character","other",FALSE,601,601,0,1,"file"
"tcga.gdc_file_state","logical","other",FALSE,601,0,601,0,""
"tcga.gdc_experimental_strategy","character","other",FALSE,601,601,0,1,"RNA-Seq"
"tcga.gdc_data_type","character","other",FALSE,601,601,0,1,"Unaligned reads"
"tcga.gdc_md5sum","character","other",FALSE,601,601,0,601,"b362566145aac52bfbb58c62e12aebd5 | d0dcd7039e2734040c3b212304105c5f | 6277020557e402ad6269177e93f89a37 | b2c55838d70c8031c0a3ee4c01e4bd93 | 18aee0ad6e3f177dd05e3010859f14fa"
"tcga.gdc_data_format","character","other",FALSE,601,601,0,1,"TARGZ"
"tcga.gdc_data_category","character","other",FALSE,601,601,0,1,"Raw sequencing data"
"tcga.gdc_center.code","integer","other",FALSE,601,601,0,1,"7"
"tcga.gdc_center.name","character","other",FALSE,601,601,0,1,"University of North Carolina"
"tcga.gdc_center.short_name","character","other",FALSE,601,601,0,1,"UNC"
"tcga.gdc_center.center_id","character","other",FALSE,601,601,0,1,"ee7a85b3-8177-5d60-a10c-51180eb9009c"
"tcga.gdc_center.namespace","character","other",FALSE,601,601,0,1,"unc.edu"
"tcga.gdc_center.center_type","character","other",FALSE,601,601,0,1,"CGCC"
"tcga.gdc_metadata_files.updated_datetime.analysis","character","other",FALSE,601,601,0,601,"2016-09-29T20:20:10.782174-05:00 | 2016-09-29T21:01:11.430551-05:00 | 2016-09-29T21:11:51.641166-05:00 | 2016-09-29T22:39:04.069685-05:00 | 2016-09-29T22:51:54.346400-05:00"
"tcga.gdc_metadata_files.created_datetime.analysis","character","other",FALSE,601,601,0,115,"2016-05-03T11:07:49.533403-05:00 | 2016-05-03T11:11:34.768699-05:00 | 2016-05-03T11:04:08.378765-05:00 | 2016-05-03T11:09:20.226196-05:00 | 2016-05-03T10:58:10.152442-05:00"
"tcga.gdc_metadata_files.file_name.analysis","character","other",FALSE,601,601,0,601,"59fa85b1-2916-44fe-8654-410e2c373fa5_analysis.xml | 0be8443a-c2a6-4ef4-aa74-360e57e2a722_analysis.xml | 01781e6e-9eca-4680-9169-3ac004a5be17_analysis.xml | a236c3c1-1915-466f-89b6-12deeca2658f_analysis.xml | 3c3c9225-0681-4847-9c9c-ce705518bd51_analysis.xml"
"tcga.gdc_metadata_files.md5sum.analysis","character","other",FALSE,601,601,0,601,"443777721f46ef0d7b4f74b2ae38156b | 0a4c069e026ae5e8355c201cdabd424a | 5df3a0413b91aa67634cdcd7558a4260 | 2188ff436c0552baf88d2867a94e75db | 0fe877f78ad51df2053bf087d9c7b3b6"
"tcga.gdc_metadata_files.data_format.analysis","character","other",FALSE,601,601,0,1,"SRA XML"
"tcga.gdc_metadata_files.access.analysis","character","other",FALSE,601,601,0,1,"open"
"tcga.gdc_metadata_files.file_id.analysis","character","other",FALSE,601,601,0,601,"6952258f-eba5-47fb-a26a-3e1530fd1ac8 | 82bb8cef-5a6f-4f25-82c7-cb4abfdc5a1a | 8976ebf3-1cca-43f5-ae66-af180841901d | bf66fffc-f85c-4aa8-92c9-391ea9e7e5e6 | c763cf91-b5ba-4237-817a-cdbcd2bf73db"
"tcga.gdc_metadata_files.data_category.analysis","character","other",FALSE,601,601,0,1,"Sequencing Data"
"tcga.gdc_metadata_files.file_size.analysis","integer","other",FALSE,601,601,0,8,"2122 | 2123 | 2124 | 2129 | 2121"
"tcga.gdc_metadata_files.file_state.analysis","character","other",FALSE,601,601,0,1,"submitted"
"tcga.gdc_metadata_files.updated_datetime.experiment","character","other",FALSE,601,601,0,601,"2016-09-29T22:48:57.813608-05:00 | 2016-08-13T03:38:43.207011-05:00 | 2016-09-29T22:29:22.167111-05:00 | 2016-08-26T02:11:06.016848-05:00 | 2016-09-29T20:49:34.820165-05:00"
"tcga.gdc_metadata_files.file_name.experiment","character","other",FALSE,601,601,0,601,"59fa85b1-2916-44fe-8654-410e2c373fa5_experiment.xml | 0be8443a-c2a6-4ef4-aa74-360e57e2a722_experiment.xml | 01781e6e-9eca-4680-9169-3ac004a5be17_experiment.xml | a236c3c1-1915-466f-89b6-12deeca2658f_experiment.xml | 3c3c9225-0681-4847-9c9c-ce705518bd51_experiment.xml"
"tcga.gdc_metadata_files.md5sum.experiment","character","other",FALSE,601,601,0,601,"f9104f2c7aa24a59d57c8cffac07d353 | f51bc08df8975fa0dc71afa91c1ec179 | b77a2bb58dd3ba9a80d447f57ca43746 | 883e731200e55e9e52f7335e1099334b | 7208faba793ea3909c804784aaf4d07d"
"tcga.gdc_metadata_files.file_id.experiment","character","other",FALSE,601,601,0,601,"c58a79f7-4ca8-40f8-8c99-7aa2156b7b03 | 38dbb6c3-ca82-4e5a-ac7e-b484c0724fd7 | b958bd0e-0244-4b97-872a-49f9a6583cf2 | d9023e28-55ef-42d2-b78e-a2f785adc76b | 7b7334d3-3369-4a12-8351-6f1aefc1dd45"
"tcga.gdc_metadata_files.file_size.experiment","integer","other",FALSE,601,601,0,6,"2431 | 2430 | 2600 | 2628 | 2884"
"tcga.gdc_metadata_files.updated_datetime.run","character","other",FALSE,601,601,0,601,"2016-09-29T21:52:28.728528-05:00 | 2016-09-29T23:53:28.412178-05:00 | 2016-09-29T19:37:18.647719-05:00 | 2016-09-29T22:38:19.924074-05:00 | 2016-09-29T19:53:41.341533-05:00"
"tcga.gdc_metadata_files.file_name.run","character","other",FALSE,601,601,0,601,"59fa85b1-2916-44fe-8654-410e2c373fa5_run.xml | 0be8443a-c2a6-4ef4-aa74-360e57e2a722_run.xml | 01781e6e-9eca-4680-9169-3ac004a5be17_run.xml | a236c3c1-1915-466f-89b6-12deeca2658f_run.xml | 3c3c9225-0681-4847-9c9c-ce705518bd51_run.xml"
"tcga.gdc_metadata_files.md5sum.run","character","other",FALSE,601,601,0,601,"8106f167e8fc25c7bd739b60313de8f5 | 7834ec9856f6e25edadadc1a68ebd5fd | fad14aa42047bdbab6e4bab0dc6ca866 | 3ee72e2d1105c8127ba94b0cf346e3b8 | 7140b87f6707ae4a3ed171ff17402af5"
"tcga.gdc_metadata_files.file_id.run","character","other",FALSE,601,601,0,601,"a2a31048-ff72-49ba-85fa-1056855e00b4 | eda99a12-9115-4e7a-9c77-3fc964143636 | 4f1217d6-55df-499a-b484-bb34442d2b85 | beeedad9-265b-4567-b654-2927e83cba7d | 59483603-6294-4189-9826-cca15e2c482d"
"tcga.gdc_metadata_files.file_size.run","integer","other",FALSE,601,601,0,4,"354 | 352 | 343 | 355"
"tcga.gdc_cases.updated_datetime","character","other",FALSE,601,601,0,517,"2016-09-08T13:14:33.858907-05:00 | 2016-09-08T14:05:29.735349-05:00 | 2016-09-08T13:28:30.422740-05:00 | 2016-09-08T13:06:41.714308-05:00 | 2016-09-08T13:10:15.099802-05:00"
"tcga.gdc_cases.submitter_id","character","other",FALSE,601,601,0,517,"TCGA-55-7911 | TCGA-44-2656 | TCGA-44-2657 | TCGA-44-5644 | TCGA-55-8616"
"tcga.gdc_cases.demographic.updated_datetime","character","other",FALSE,601,601,0,517,"2016-09-02T19:06:55.342113-05:00 | 2016-09-02T19:07:08.689235-05:00 | 2016-09-02T19:14:19.620550-05:00 | 2016-09-02T19:08:03.434427-05:00 | 2016-09-02T19:04:52.606165-05:00"
"tcga.gdc_cases.demographic.gender","character","other",FALSE,601,601,0,2,"female | male"
"tcga.gdc_cases.demographic.submitter_id","character","other",FALSE,601,601,0,517,"TCGA-55-7911_demographic | TCGA-44-2656_demographic | TCGA-44-2657_demographic | TCGA-44-5644_demographic | TCGA-55-8616_demographic"
"tcga.gdc_cases.demographic.year_of_birth","integer","other",FALSE,601,582,19,55,"1941 | 1950 | 1935 | 1959 | 1954"
"tcga.gdc_cases.demographic.race","character","other",FALSE,601,601,0,5,"white | not reported | black or african american | asian | american indian or alaska native"
"tcga.gdc_cases.demographic.demographic_id","character","other",FALSE,601,601,0,517,"80d045b9-bfcd-5500-8814-6356d1a9afc0 | d118d77d-b3f5-592d-be04-d4b229010e91 | f9ecfdd0-5d6f-5f0a-a990-b7d5167143b5 | 2c838b0d-8ec3-5287-9e96-8754af942186 | 09082c79-2303-5525-86d6-f963477b4828"
"tcga.gdc_cases.demographic.ethnicity","character","other",FALSE,601,601,0,3,"not hispanic or latino | not reported | hispanic or latino"
"tcga.gdc_cases.demographic.year_of_death","integer","other",FALSE,601,146,455,18,"2009 | 2007 | 2006 | 1998 | 2002"
"tcga.gdc_cases.project.program.dbgap_accession_number","character","other",FALSE,601,601,0,1,"phs000178"
"tcga.gdc_cases.project.program.name","character","other",FALSE,601,601,0,1,"TCGA"
"tcga.gdc_cases.project.program.program_id","character","other",FALSE,601,601,0,1,"b80aa962-9650-5110-b3eb-bd087da808db"
"tcga.gdc_cases.tissue_source_site.project","character","other",FALSE,601,601,0,1,"Lung adenocarcinoma"
"tcga.gdc_cases.tissue_source_site.bcr_id","character","other",FALSE,601,601,0,2,"IGC | NCH"
"tcga.gdc_cases.tissue_source_site.code","character","other",FALSE,601,601,0,33,"55 | 44 | 91 | L9 | 80"
"tcga.gdc_cases.tissue_source_site.tissue_source_site_id","character","other",FALSE,601,601,0,33,"0dccbfb8-2c53-5716-8631-109ce36081d4 | 8a2f99e1-2b8a-51d6-a834-0aec29d3e323 | e7589539-866f-5c7f-85db-534b12f5c555 | 0c7fb18c-c292-54bc-b84c-e09864e83382 | 97a25fa9-3330-5402-8b61-ea126cc4f4fa"
"tcga.gdc_cases.tissue_source_site.name","character","other",FALSE,601,601,0,33,"International Genomics Consortium | Christiana Healthcare | ABS - IUPUI | Candler | Ontario Institute for Cancer Research (OICR)/Ottawa"
"tcga.gdc_cases.diagnoses.classification_of_tumor","character","other",FALSE,601,601,0,1,"not reported"
"tcga.gdc_cases.diagnoses.primary_diagnosis","character","other",FALSE,601,601,0,7,"c34.2 | c34.1 | c34.3 | c34.30 | c34.8"
"tcga.gdc_cases.diagnoses.submitter_id","character","other",FALSE,601,601,0,517,"TCGA-55-7911_diagnosis | TCGA-44-2656_diagnosis | TCGA-44-2657_diagnosis | TCGA-44-5644_diagnosis | TCGA-55-8616_diagnosis"
"tcga.gdc_cases.diagnoses.tumor_stage","character","other",FALSE,601,601,0,10,"stage ia | stage ib | stage iia | stage iib | stage iiia"
"tcga.gdc_cases.diagnoses.age_at_diagnosis","integer","other",FALSE,601,563,38,475,"25746 | 21766 | 27298 | 18644 | 21225"
"tcga.gdc_cases.diagnoses.vital_status","character","other",FALSE,601,601,0,2,"alive | dead"
"tcga.gdc_cases.diagnoses.morphology","character","other",FALSE,601,601,0,12,"8140/3 | 8230/3 | 8260/3 | 8255/3 | 8252/3"
"tcga.gdc_cases.diagnoses.days_to_death","integer","other",FALSE,601,215,386,175,"3361 | 1499 | 701 | 2318 | 586"
"tcga.gdc_cases.diagnoses.days_to_last_follow_up","integer","other",FALSE,601,457,144,331,"537 | 1429 | 1351 | 863 | 48"
"tcga.gdc_cases.diagnoses.diagnosis_id","character","other",FALSE,601,601,0,517,"226630d6-0bc6-5f1c-aa96-72d26c65c7a7 | 6737f52c-ac28-5c60-aa8c-b1deca5eb3a0 | 7982fa01-64e5-508d-9bc7-fa962a4d4b47 | a584fdee-e0b5-5dc5-8e46-5129d9ea5f02 | 314c85df-99b5-51e1-b766-66c7087b189e"
"tcga.gdc_cases.diagnoses.tissue_or_organ_of_origin","character","other",FALSE,601,601,0,6,"c34.2 | c34.1 | c34.3 | c34.9 | c34.8"
"tcga.gdc_cases.diagnoses.days_to_birth","integer","other",FALSE,601,563,38,475,"-25746 | -21766 | -27298 | -18644 | -21225"
"tcga.gdc_cases.diagnoses.treatments.submitter_id","character","other",FALSE,601,601,0,517,"TCGA-55-7911_treatment | TCGA-44-2656_treatment | TCGA-44-2657_treatment | TCGA-44-5644_treatment | TCGA-55-8616_treatment"
"tcga.gdc_cases.diagnoses.treatments.treatment_id","character","other",FALSE,601,601,0,517,"05857150-a29f-58d5-9dc1-447e359d06ff | 36b11917-8664-5db0-816f-b6d636da7624 | 93d097b5-0fb6-59f1-98dd-b719b1b69091 | c9c4ecc6-c295-5850-9ca8-9bb731e19c8d | 11da1884-187c-5f8e-b3ac-ad884ea78c81"
"tcga.gdc_cases.samples.sample_type_id","integer","sample",TRUE,601,601,0,3,"1 | 11 | 2"
"tcga.gdc_cases.samples.oct_embedded","character","sample",TRUE,601,122,479,2,"false | true"
"tcga.gdc_cases.samples.submitter_id","character","sample",TRUE,601,601,0,589,"TCGA-55-7911-01A | TCGA-44-2656-01A | TCGA-44-2657-11A | TCGA-44-5644-01A | TCGA-55-8616-01A"
"tcga.gdc_cases.samples.intermediate_dimension","numeric","sample",TRUE,601,476,125,19,"0.5 | 0.8 | 0.6 | 1 | 0.4"
"tcga.gdc_cases.samples.sample_id","character","sample",TRUE,601,601,0,589,"49cf5040-2d73-4538-8825-7fba37379289 | 5593f581-3d45-4a4a-a525-bfae1f4753a0 | e443f8b9-d975-4e40-bb62-af4380ceb520 | 597d38ff-839c-4fe3-b889-efd0f680b715 | 2f073ffa-787e-4657-b1cd-d2db4865c809"
"tcga.gdc_cases.samples.is_ffpe","logical","ffpe",TRUE,601,601,0,2,"FALSE | TRUE"
"tcga.gdc_cases.samples.pathology_report_uuid","character","sample",TRUE,601,542,59,517,"0c8ea3a9-23b7-4c43-8972-3660048b8537 | 3c7e7f0d-f1b6-42cf-895e-df6cc52f4c2a | 041e212a-2fdd-42af-9326-9fb5fef07126 | 4506aced-56d2-4297-9a5c-40539f20be87 | 6C586925-8FAC-4A75-8A67-574B24B9D0BA"
"tcga.gdc_cases.samples.sample_type","character","sample",TRUE,601,601,0,3,"Primary Tumor | Solid Tissue Normal | Recurrent Tumor"
"tcga.gdc_cases.samples.shortest_dimension","numeric","sample",TRUE,601,476,125,10,"0.4 | 0.5 | 0.2 | 0.6 | 0.1"
"tcga.gdc_cases.samples.days_to_collection","integer","sample",TRUE,601,122,479,115,"225 | 8 | 90 | 130 | 1691"
"tcga.gdc_cases.samples.initial_weight","integer","sample",TRUE,601,129,472,41,"50 | 280 | 150 | 580 | 140"
"tcga.gdc_cases.samples.longest_dimension","numeric","sample",TRUE,601,476,125,30,"0.8 | 1.6 | 1 | 0.5 | 1.4"
"tcga.gdc_cases.samples.portions.creation_datetime","integer","portion",TRUE,601,601,0,155,"1325635200 | 1262131200 | 1292457600 | 1312156800 | 1343779200"
"tcga.gdc_cases.samples.portions.portion_number","integer","portion",TRUE,601,601,0,15,"11 | 2 | 1 | 21 | 31"
"tcga.gdc_cases.samples.portions.weight","integer","portion",TRUE,601,596,5,106,"38 | 113 | 69 | 40 | 32"
"tcga.gdc_cases.samples.portions.submitter_id","character","portion",TRUE,601,601,0,589,"TCGA-55-7911-01A-11 | TCGA-44-2656-01A-02 | TCGA-44-2657-11A-01 | TCGA-44-5644-01A-21 | TCGA-55-8616-01A-11"
"tcga.gdc_cases.samples.portions.portion_id","character","portion",TRUE,601,601,0,589,"af4d74e6-b7c1-4aa8-870b-2513c61e055f | 6290eb0f-7ecb-4af6-8491-887ec56911d5 | 20d2aeba-0c87-43a7-8c03-9ea8d7e20a9b | 7e2359e2-9343-46c5-8f13-560b9ef1bf3b | 15230caa-7142-4dac-83cc-ce9083a64a1d"
"tcga.gdc_cases.samples.portions.analytes.analyte_type","character","analyte",TRUE,601,601,0,1,"RNA"
"tcga.gdc_cases.samples.portions.analytes.submitter_id","character","analyte",TRUE,601,601,0,589,"TCGA-55-7911-01A-11R | TCGA-44-2656-01A-02R | TCGA-44-2657-11A-01R | TCGA-44-5644-01A-21R | TCGA-55-8616-01A-11R"
"tcga.gdc_cases.samples.portions.analytes.analyte_id","character","analyte",TRUE,601,601,0,589,"c5f11ae7-b37a-4171-a6ff-e2ed23ca0ef4 | a8463ad6-6ffd-4a8f-88f8-a6ca48389cae | ac17a6ee-7118-45cb-b98a-39df0ce90ffa | 61b1898f-39da-4be2-af7e-c9f36f3e66d7 | 337c5f30-a1d6-41ea-8f4e-f817309d5d99"
"tcga.gdc_cases.samples.portions.analytes.a260_a280_ratio","numeric","analyte",TRUE,601,418,183,36,"1.8 | 1.74 | 2.11 | 1.6 | 1.7"
"tcga.gdc_cases.samples.portions.analytes.concentration","numeric","analyte",TRUE,601,601,0,7,"0.15 | 0.13 | 0.16 | 0.14 | 0.17"
"tcga.gdc_cases.samples.portions.analytes.spectrophotometer_method","character","analyte",TRUE,601,601,0,1,"UV Spec"
"tcga.gdc_cases.samples.portions.analytes.analyte_type_id","character","analyte",TRUE,601,601,0,1,"R"
"tcga.gdc_cases.samples.portions.analytes.aliquots.source_center","integer","aliquot",TRUE,601,601,0,2,"22 | 23"
"tcga.gdc_cases.samples.portions.analytes.aliquots.submitter_id","character","aliquot",TRUE,601,601,0,600,"TCGA-55-7911-01A-11R-2170-07 | TCGA-44-2656-01A-02R-0946-07 | TCGA-44-2657-11A-01R-1758-07 | TCGA-44-5644-01A-21R-2039-07 | TCGA-55-8616-01A-11R-2403-07"
"tcga.gdc_cases.samples.portions.analytes.aliquots.aliquot_id","character","aliquot",TRUE,601,601,0,600,"9142e848-c5cb-41c1-b80f-5f7674f9a1cb | 7b9dc578-8869-4322-a705-bfb9942d9b65 | ca16fef9-9795-4a33-899f-9bf111ee093e | 44205bf0-b593-4c0d-9aeb-4e604314e10f | 78dd0304-d459-4d26-b0ba-39a8078c59d0"
"tcga.gdc_cases.samples.portions.analytes.aliquots.concentration","numeric","aliquot",TRUE,601,601,0,7,"0.15 | 0.13 | 0.16 | 0.14 | 0.17"
"tcga.gdc_cases.samples.portions.annotations.category","logical","annotation",TRUE,601,0,601,0,""
"tcga.gdc_cases.samples.portions.annotations.status","logical","annotation",TRUE,601,0,601,0,""
"tcga.gdc_cases.samples.portions.annotations.classification","logical","annotation",TRUE,601,0,601,0,""
"tcga.gdc_cases.samples.portions.annotations.updated_datetime","logical","annotation",TRUE,601,0,601,0,""
"tcga.gdc_cases.samples.portions.annotations.created_datetime","logical","annotation",TRUE,601,0,601,0,""
"tcga.gdc_cases.samples.portions.annotations.notes","logical","annotation",TRUE,601,0,601,0,""
"tcga.gdc_cases.samples.portions.annotations.submitter_id","logical","annotation",TRUE,601,0,601,0,""
"tcga.gdc_cases.samples.portions.annotations.annotation_id","logical","annotation",TRUE,601,0,601,0,""
"tcga.gdc_cases.samples.annotations.category","logical","annotation",TRUE,601,0,601,0,""
"tcga.gdc_cases.samples.annotations.status","logical","annotation",TRUE,601,0,601,0,""
"tcga.gdc_cases.samples.annotations.classification","logical","annotation",TRUE,601,0,601,0,""
"tcga.gdc_cases.samples.annotations.updated_datetime","logical","annotation",TRUE,601,0,601,0,""
"tcga.gdc_cases.samples.annotations.created_datetime","logical","annotation",TRUE,601,0,601,0,""
"tcga.gdc_cases.samples.annotations.notes","logical","annotation",TRUE,601,0,601,0,""
"tcga.gdc_cases.samples.annotations.submitter_id","logical","annotation",TRUE,601,0,601,0,""
"tcga.gdc_cases.samples.annotations.annotation_id","logical","annotation",TRUE,601,0,601,0,""
"tcga.gdc_cases.exposures.cigarettes_per_day","numeric","other",FALSE,601,404,197,94,"5.26027397260274 | 1.26027397260274 | 1.36986301369863 | 0.958904109589041 | 1.64383561643836"
"tcga.gdc_cases.exposures.weight","logical","other",FALSE,601,0,601,0,""
"tcga.gdc_cases.exposures.alcohol_history","logical","other",FALSE,601,0,601,0,""
"tcga.gdc_cases.exposures.bmi","logical","other",FALSE,601,0,601,0,""
"tcga.gdc_cases.exposures.years_smoked","integer","other",FALSE,601,224,377,49,"22 | 15 | 47 | 25 | 20"
"tcga.gdc_cases.exposures.height","logical","other",FALSE,601,0,601,0,""
"tcga.gdc_cases.exposures.exposure_id","character","other",FALSE,601,601,0,517,"725423b7-9acb-5e73-b8ec-50caed5c243e | ed8b7fe8-02cf-5895-8986-9759190cd5c7 | 51a5b058-8e1f-5b50-a568-798c72fe813b | a0a25f0d-2081-5cb0-b43b-dd7102d7e30f | e4e2a3a2-7ecc-5e71-bae7-c533ef60c5c6"
"tcga.gdc_cases.exposures.submitter_id","character","other",FALSE,601,601,0,517,"TCGA-55-7911_exposure | TCGA-44-2656_exposure | TCGA-44-2657_exposure | TCGA-44-5644_exposure | TCGA-55-8616_exposure"
"tcga.gdc_associated_entities.entity_type","character","other",FALSE,601,601,0,1,"aliquot"
"tcga.cgc_filename","character","other",FALSE,601,601,0,601,"UNCID_2193443.9142e848-c5cb-41c1-b80f-5f7674f9a1cb.120402_UNC9-SN296_0290_BC0M6TACXX_3_CAGATC.tar.gz | UNCID_2200469.7b9dc578-8869-4322-a705-bfb9942d9b65.111130_UNC10-SN254_0310_BC06BYACXX_5_GATCAG.tar.gz | UNCID_2187834.ca16fef9-9795-4a33-899f-9bf111ee093e.120723_UNC10-SN254_0372_AC0T70ACXX_7_GATCAG.tar.gz | UNCID_2198905.44205bf0-b593-4c0d-9aeb-4e604314e10f.120109_UNC15-SN850_0161_AD0J66ACXX_6_CTTGTA.tar.gz | UNCID_2182185.78dd0304-d459-4d26-b0ba-39a8078c59d0.130225_UNC12-SN629_0259_BD1TW9ACXX_6_CTTGTA.tar.gz"
"tcga.cgc_file_upload_date","character","other",FALSE,601,601,0,592,"2013-09-22T14:37:04.000Z | 2013-09-26T23:36:05.000Z | 2013-09-18T04:13:04.000Z | 2013-09-24T17:31:04.000Z | 2013-09-13T11:21:04.000Z"
"tcga.cgc_file_last_modified_date","character","other",FALSE,601,601,0,579,"2013-09-22T14:56:01.000Z | 2013-09-27T02:55:01.000Z | 2013-09-18T05:18:01.000Z | 2013-09-24T17:44:02.000Z | 2013-09-13T11:35:02.000Z"
"tcga.cgc_file_submitter_id","character","other",FALSE,601,601,0,601,"59FA85B1-2916-44FE-8654-410E2C373FA5 | 0BE8443A-C2A6-4EF4-AA74-360E57E2A722 | 01781E6E-9ECA-4680-9169-3AC004A5BE17 | A236C3C1-1915-466F-89B6-12DEECA2658F | 3C3C9225-0681-4847-9C9C-CE705518BD51"
"tcga.cgc_file_sample","character","sample",TRUE,601,601,0,589,"49CF5040-2D73-4538-8825-7FBA37379289 | 5593F581-3D45-4A4A-A525-BFAE1F4753A0 | E443F8B9-D975-4E40-BB62-AF4380CEB520 | 597D38FF-839C-4FE3-B889-EFD0F680B715 | 2F073FFA-787E-4657-B1CD-D2DB4865C809"
"tcga.cgc_file_data_subtype","character","other",FALSE,601,601,0,1,"Unaligned reads"
"tcga.cgc_file_size","numeric","other",FALSE,601,601,0,601,"5470588514 | 9617870166 | 4825936744 | 3475997943 | 4531432926"
"tcga.cgc_file_access_level","character","other",FALSE,601,601,0,1,"Controlled"
"tcga.cgc_file_platform","character","other",FALSE,601,601,0,1,"Illumina HiSeq"
"tcga.cgc_file_investigation","character","other",FALSE,601,601,0,1,"TCGA-LUAD"
"tcga.cgc_file_experimental_strategy","character","other",FALSE,601,601,0,1,"RNA-Seq"
"tcga.cgc_file_data_type","character","other",FALSE,601,601,0,1,"Raw sequencing data"
"tcga.cgc_file_aliquot","character","aliquot",TRUE,601,601,0,600,"9142E848-C5CB-41C1-B80F-5F7674F9A1CB | 7B9DC578-8869-4322-A705-BFB9942D9B65 | CA16FEF9-9795-4A33-899F-9BF111EE093E | 44205BF0-B593-4C0D-9AEB-4E604314E10F | 78DD0304-D459-4D26-B0BA-39A8078C59D0"
"tcga.cgc_file_data_submitting_center","character","other",FALSE,601,601,0,1,"University of North Carolina"
"tcga.cgc_file_file_id","character","other",FALSE,601,601,0,601,"564a4021e4b0ef12181bf5a9 | 564a3ab9e4b093830b690cd9 | 564a3c01e4b08c5d8691b46b | 564a579fe4b093830b6bc0d7 | 564a39f4e4b08c5d86910ca3"
"tcga.cgc_file_case","character","other",FALSE,601,601,0,517,"1F0A5312-0590-4230-9DA9-FD0CFE693586 | 42CA54FC-C1AE-41CD-BCA1-7FE9810DB460 | F40301BA-831E-4AFD-9CE8-5F3C1A05FF7E | 1FC81CD4-FA89-4135-8C3C-027FFAE82B05 | FE714AC0-F874-426A-924B-A2980232B5F7"
"tcga.cgc_file_disease_type","character","other",FALSE,601,601,0,1,"Lung Adenocarcinoma"
"tcga.cgc_file_data_format","character","other",FALSE,601,601,0,1,"TARGZ"
"tcga.cgc_file_portion","character","portion",TRUE,601,601,0,589,"AF4D74E6-B7C1-4AA8-870B-2513C61E055F | 6290EB0F-7ECB-4AF6-8491-887EC56911D5 | 20D2AEBA-0C87-43A7-8C03-9EA8D7E20A9B | 7E2359E2-9343-46C5-8F13-560B9EF1BF3B | 15230CAA-7142-4DAC-83CC-CE9083A64A1D"
"tcga.cgc_file_published_date","character","other",FALSE,601,601,0,579,"2013-09-22T14:56:01.000Z | 2013-09-27T02:55:01.000Z | 2013-09-18T05:18:01.000Z | 2013-09-24T17:44:02.000Z | 2013-09-13T11:35:02.000Z"
"tcga.cgc_file_analyte","character","analyte",TRUE,601,601,0,589,"C5F11AE7-B37A-4171-A6FF-E2ED23CA0EF4 | A8463AD6-6FFD-4A8F-88F8-A6CA48389CAE | AC17A6EE-7118-45CB-B98A-39DF0CE90FFA | 61B1898F-39DA-4BE2-AF7E-C9F36F3E66D7 | 337C5F30-A1D6-41EA-8F4E-F817309D5D99"
"tcga.cgc_sample_country_of_sample_procurement","character","sample",TRUE,601,601,0,9,"United States | Canada | Australia | Vietnam | Germany"
"tcga.cgc_sample_is_ffpe","character","ffpe",TRUE,601,601,0,2,"NO | YES"
"tcga.cgc_sample_sample_type_code","integer","sample",TRUE,601,601,0,3,"1 | 11 | 2"
"tcga.cgc_sample_shortest_dimension","numeric","sample",TRUE,601,476,125,10,"0.4 | 0.5 | 0.2 | 0.6 | 0.1"
"tcga.cgc_sample_tissue_source_site","character","sample",TRUE,601,601,0,34,"International Genomics Consortium | Christiana Healthcare | ABS - IUPUI | Candler | Ontario Institute for Cancer Research (OICR)/Ottawa"
"tcga.cgc_sample_days_to_collection","integer","sample",TRUE,601,122,479,115,"225 | 8 | 90 | 130 | 1691"
"tcga.cgc_sample_portion","character","portion",TRUE,601,601,0,589,"AF4D74E6-B7C1-4AA8-870B-2513C61E055F | AE981D74-8A11-455B-8BEE-E64772D0CD78 | 20D2AEBA-0C87-43A7-8C03-9EA8D7E20A9B | 7E2359E2-9343-46C5-8F13-560B9EF1BF3B | 15230CAA-7142-4DAC-83CC-CE9083A64A1D"
"tcga.cgc_sample_intermediate_dimension","numeric","sample",TRUE,601,476,125,19,"0.5 | 0.8 | 0.6 | 1 | 0.4"
"tcga.cgc_sample_tissue_source_site_code","character","sample",TRUE,601,601,0,33,"55 | 44 | 91 | L9 | 80"
"tcga.cgc_sample_file","character","sample",TRUE,601,601,0,589,"mdanderson.org_LUAD.MDA_RPPA_Core.SuperCurve.Level_2.75ec6f61-ec15-409e-a0a6-e4b5618375e5.txt | mdanderson.org_LUAD.MDA_RPPA_Core.SuperCurve.Level_2.84750167-98a3-4be6-a407-39a6c9629a14.txt | TCGA-44-2657-11A-01R-1757-13_mirna.bam | mdanderson.org_LUAD.MDA_RPPA_Core.SuperCurve.Level_2.07d9b06a-f8d3-46d8-b864-4dfd4430540b.txt | TCGA-55-8616-01A-11H-2402-13.isoform.quantification.txt"
"tcga.cgc_sample_initial_weight","integer","sample",TRUE,601,129,472,41,"50 | 280 | 150 | 580 | 140"
"tcga.cgc_sample_id","character","sample",TRUE,601,601,0,589,"TCGA-55-7911-01A | TCGA-44-2656-01A | TCGA-44-2657-11A | TCGA-44-5644-01A | TCGA-55-8616-01A"
"tcga.cgc_sample_longest_dimension","numeric","sample",TRUE,601,476,125,30,"0.8 | 1.6 | 1 | 0.5 | 1.4"
"tcga.cgc_case_drug_therapy","character","other",FALSE,601,165,436,140,"9EF4D129-7435-454B-B14A-430A7F80A624 | 416E251E-06BA-4E59-B9B0-22DB5FAC92E1 | 095F50E9-408C-4353-B7D6-339A2BBC1895 | 452EC58F-55A9-4B79-9095-1800BC34F9A8 | 36EB3446-D9DC-4620-830A-8CE6A214F2DB"
"tcga.cgc_case_program","character","other",FALSE,601,601,0,1,"TCGA"
"tcga.cgc_case_year_of_diagnosis","integer","other",FALSE,601,600,1,23,"2011 | 2009 | 2010 | 2012 | 2007"
"tcga.cgc_case_new_tumor_event","character","other",FALSE,601,600,1,516,"TCGA-55-7911_NTE-1 | TCGA-44-2656_NTE-1 | TCGA-44-2657_NTE-1 | TCGA-44-5644_NTE-1 | TCGA-55-8616_NTE-1"
"tcga.cgc_case_primary_therapy_outcome_success","character","other",FALSE,601,139,462,4,"Complete Remission/Response | Stable Disease | Progressive Disease | Partial Remission/Response"
"tcga.cgc_case_tumor_status","character","other",FALSE,601,475,126,2,"TUMOR FREE | WITH TUMOR"
"tcga.cgc_case_sample","character","sample",TRUE,601,601,0,517,"8FD965B3-34AA-4377-943B-BDA1209A8A2B | 964B9560-2F8D-4C19-943B-6941E4BE7042 | E443F8B9-D975-4E40-BB62-AF4380CEB520 | B5BF4E72-08FD-4AA3-8A22-18585BDFA054 | CB392D84-443D-4CE5-8681-B93060B71ED4"
"tcga.cgc_case_age_at_diagnosis","integer","other",FALSE,601,581,20,52,"70 | 59 | 74 | 51 | 58"
"tcga.cgc_case_file","character","other",FALSE,601,601,0,517,"nationwidechildrens.org_clinical.TCGA-55-7911.xml | jhu-usc.edu_LUAD.HumanMethylation27.2.lvl-2.TCGA-44-2656-01A-02D-0945-05.txt | nationwidechildrens.org_clinical.TCGA-44-2657.xml | mdanderson.org_LUAD.MDA_RPPA_Core.SuperCurve.Level_2.07d9b06a-f8d3-46d8-b864-4dfd4430540b.txt | nationwidechildrens.org_clinical.TCGA-55-8616.xml"
"tcga.cgc_case_vital_status","character","other",FALSE,601,600,1,2,"Alive | Dead"
"tcga.cgc_case_days_to_death","integer","other",FALSE,601,146,455,117,"3361 | 1499 | 701 | 2318 | 586"
"tcga.cgc_case_id","character","other",FALSE,601,601,0,517,"TCGA-55-7911 | TCGA-44-2656 | TCGA-44-2657 | TCGA-44-5644 | TCGA-55-8616"
"tcga.cgc_case_ethnicity","character","other",FALSE,601,459,142,2,"NOT HISPANIC OR LATINO | HISPANIC OR LATINO"
"tcga.cgc_case_follow_up","character","other",FALSE,601,465,136,392,"6C67B112-4633-4A5E-8731-C18F764ADB3E | F823F92C-9E8E-4393-9381-62CFC40FF094 | C8B44A22-7CAB-4D8D-A222-C557B242790D | A4C3F323-E35C-4654-9855-2092454AAB32 | 5A4ACA69-D8C5-4169-9815-150180962775"
"tcga.cgc_case_new_tumor_event_after_initial_treatment","character","other",FALSE,601,184,417,2,"NO | YES"
"tcga.cgc_case_days_to_last_follow_up","integer","other",FALSE,601,463,138,270,"21 | 582 | 400 | 498 | 48"
"tcga.cgc_case_prior_diagnosis","character","other",FALSE,601,600,1,4,"No | Yes, History of Synchronous and or Bilateral Malignancy | Yes, History of Prior Malignancy | Yes"
"tcga.cgc_case_primary_site","character","other",FALSE,601,601,0,1,"Lung"
"tcga.cgc_case_icd_o3site","character","other",FALSE,601,600,1,6,"C34.2 | C34.1 | C34.3 | C34.9 | C34.8"
"tcga.cgc_case_pathologic_n","character","other",FALSE,601,599,2,5,"N0 | NX | N1 | N2 | N3"
"tcga.cgc_case_histological_diagnosis","character","other",FALSE,601,600,1,12,"Lung Adenocarcinoma- Not Otherwise Specified (NOS) | Lung Solid Pattern Predominant Adenocarcinoma | Lung Papillary Adenocarcinoma | Lung Adenocarcinoma Mixed Subtype | Lung Bronchioloalveolar Carcinoma Nonmucinous"
"tcga.cgc_case_performance_status_score_ecog","integer","other",FALSE,601,280,321,5,"0 | 1 | 2 | 3 | 4"
"tcga.cgc_case_performance_status_score_timing","character","other",FALSE,601,303,298,5,"Pre-Adjuvant Therapy | Pre-Operative | Post-Adjuvant Therapy | Other | Adjuvant therapy"
"tcga.cgc_case_clinical_stage","logical","other",FALSE,601,0,601,0,""
"tcga.cgc_case_pathologic_stage","character","other",FALSE,601,598,3,9,"Stage IA | Stage IB | Stage IIA | Stage IIB | Stage IIIA"
"tcga.cgc_case_performance_status_score_karnofsky","integer","other",FALSE,601,149,452,8,"90 | 80 | 60 | 70 | 0"
"tcga.cgc_case_pathologic_t","character","other",FALSE,601,600,1,9,"T1a | T2 | T2a | T2b | T1b"
"tcga.cgc_case_icd_o3histology","character","other",FALSE,601,600,1,12,"8140/3 | 8230/3 | 8260/3 | 8255/3 | 8252/3"
"tcga.cgc_case_other_histological_diagnosis","logical","other",FALSE,601,0,601,0,""
"tcga.cgc_case_gender","character","other",FALSE,601,600,1,2,"FEMALE | MALE"
"tcga.cgc_case_icd10","character","other",FALSE,601,600,1,9,"C34.2 | C34.1 | C34.3 | C34.11 | C34.30"
"tcga.cgc_case_batch_number","integer","other",FALSE,601,601,0,20,"196 | 37 | 52 | 166 | 238"
"tcga.cgc_case_clinical_m","logical","other",FALSE,601,0,601,0,""
"tcga.cgc_case_clinical_n","logical","other",FALSE,601,0,601,0,""
"tcga.cgc_case_radiation_therapy","character","other",FALSE,601,96,505,77,"D8885BBE-DB76-4E6B-BE99-41D87580699B | 54EAF59D-B6E1-49F1-BE58-190269254416 | CBA362C5-DDE4-49C3-8870-7282E45CEE6D | 25072FF0-DBFB-45AB-9BFC-F640A5B12E6A | 0EB7CCDF-6DFF-4DD1-802D-F035CAF16D3A"
"tcga.cgc_case_race","character","other",FALSE,601,533,68,4,"WHITE | BLACK OR AFRICAN AMERICAN | ASIAN | AMERICAN INDIAN OR ALASKA NATIVE"
"tcga.cgc_case_clinical_t","logical","other",FALSE,601,0,601,0,""
"tcga.cgc_portion_portion_number","integer","portion",TRUE,601,601,0,15,"11 | 2 | 1 | 21 | 31"
"tcga.cgc_portion_weight","integer","portion",TRUE,601,596,5,106,"38 | 113 | 69 | 40 | 32"
"tcga.cgc_portion_slide","character","portion",TRUE,601,601,0,589,"B54D3799-0647-4966-910F-C880F646386D | 82BBEB8F-6E54-49BD-95BF-75EDA3C80C23 | 03D328D6-5C0E-42EC-90B8-8F4B721CFE87 | 316090CB-4B49-44BF-8617-248644724EBC | 7A848B5B-1460-490B-8586-7084F535FB57"
"tcga.cgc_portion_analyte","character","analyte",TRUE,601,601,0,589,"C5F11AE7-B37A-4171-A6FF-E2ED23CA0EF4 | FD761A47-4EEF-47E0-92DD-55C834C345EC | AC17A6EE-7118-45CB-B98A-39DF0CE90FFA | 96A6FE26-A5DA-404D-A588-400D2E393DF6 | DF247E0B-69B2-4BDC-B07D-8AFEA6D259A0"
"tcga.cgc_portion_file","character","portion",TRUE,601,601,0,589,"UNCID_2193443.9142e848-c5cb-41c1-b80f-5f7674f9a1cb.120402_UNC9-SN296_0290_BC0M6TACXX_3_CAGATC.tar.gz | TCGA-44-2656-01A-02T-0947-13_mirna.bam.bai | TCGA-44-2657-11A-01R-1757-13_mirna.bam | 6929742045_R03C02_Red.idat | 8784241064_R02C01_Grn.idat"
"tcga.cgc_portion_id","character","portion",TRUE,601,601,0,589,"TCGA-55-7911-01A-11 | TCGA-44-2656-01A-02 | TCGA-44-2657-11A-01 | TCGA-44-5644-01A-21 | TCGA-55-8616-01A-11"
"tcga.cgc_slide_percent_tumor_nuclei","integer","other",FALSE,601,538,63,24,"80 | 70 | 65 | 100 | 75"
"tcga.cgc_slide_percent_normal_cells","integer","other",FALSE,601,518,83,25,"0 | 5 | 15 | 6 | 10"
"tcga.cgc_slide_percent_monocyte_infiltration","integer","other",FALSE,601,237,364,13,"0 | 3 | 2 | 5 | 1"
"tcga.cgc_slide_percent_lymphocyte_infiltration","integer","other",FALSE,601,276,325,25,"10 | 5 | 20 | 2 | 0"
"tcga.cgc_slide_percent_stromal_cells","integer","other",FALSE,601,521,80,34,"5 | 10 | 35 | 0 | 30"
"tcga.cgc_slide_section_location","character","other",FALSE,601,601,0,2,"TOP | BOTTOM"
"tcga.cgc_slide_percent_necrosis","integer","other",FALSE,601,538,63,19,"0 | 10 | 2 | 5 | 15"
"tcga.cgc_slide_percent_neutrophil_infiltration","integer","other",FALSE,601,223,378,12,"0 | 3 | 1 | 5 | 15"
"tcga.cgc_slide_id","character","other",FALSE,601,601,0,589,"TCGA-55-7911-01A-01-TS1 | TCGA-44-2656-01A-01-BS1 | TCGA-44-2657-11A-01-TS1 | TCGA-44-5644-01A-01-BS1 | TCGA-55-8616-01A-01-TS1"
"tcga.cgc_slide_percent_tumor_cells","integer","other",FALSE,601,519,82,47,"95 | 85 | 65 | 100 | 70"
"tcga.cgc_drug_therapy_drug_name","character","other",FALSE,601,158,443,38,"Cisplatin | Taxol | cisplatin | recPRAME+AS15 ASCI | Carboplatin"
"tcga.cgc_drug_therapy_pharmaceutical_therapy_type","character","other",FALSE,601,165,436,5,"Chemotherapy | Vaccine | Targeted Molecular therapy | Immunotherapy | Ancillary"
"tcga.cgc_drug_therapy_id","character","other",FALSE,601,165,436,140,"TCGA-97-8175-D44238 | TCGA-50-5068-D32058 | TCGA-69-A59K-D40359 | TCGA-44-7660-D32371 | TCGA-86-8671-D66090"
"tcga.cgc_radiation_therapy_id","character","other",FALSE,601,96,505,77,"TCGA-55-7911-R48786 | TCGA-97-8175-R44237 | TCGA-55-8096-R59100 | TCGA-78-7162-R17154 | TCGA-64-5779-R31477"
"tcga.cgc_radiation_therapy_radiation_type","character","other",FALSE,601,92,509,6,"External | EXTERNAL BEAM | IMPLANTS | Internal | OTHER: SPECIFY IN NOTES"
"tcga.cgc_radiation_therapy_radiation_therapy_site","character","other",FALSE,601,94,507,5,"Primary Tumor Field | Local Recurrence | Distant Recurrence | Regional site | Distant site"
"tcga.cgc_follow_up_new_tumor_event","logical","other",FALSE,601,0,601,0,""
"tcga.cgc_follow_up_new_tumor_event_after_initial_treatment","character","other",FALSE,601,419,182,2,"YES | NO"
"tcga.cgc_follow_up_days_to_last_follow_up","integer","other",FALSE,601,315,286,233,"537 | 582 | 1351 | 863 | 44"
"tcga.cgc_follow_up_tumor_status","character","other",FALSE,601,390,211,2,"TUMOR FREE | WITH TUMOR"
"tcga.cgc_follow_up_vital_status","character","other",FALSE,601,460,141,2,"Alive | Dead"
"tcga.cgc_follow_up_days_to_death","integer","other",FALSE,601,139,462,113,"1499 | 701 | 2318 | 586 | 1026"
"tcga.cgc_follow_up_id","character","other",FALSE,601,465,136,392,"TCGA-55-7911-F48785 | TCGA-44-2656-F5294 | TCGA-44-2657-F39296 | TCGA-44-5644-F38817 | TCGA-91-A4BC-F45192"
"tcga.xml_bcr_patient_barcode","character","other",FALSE,601,601,0,517,"TCGA-55-7911 | TCGA-44-2656 | TCGA-44-2657 | TCGA-44-5644 | TCGA-55-8616"
"tcga.xml_additional_studies","character","other",FALSE,601,41,560,1,"TCGAFPPP"
"tcga.xml_tissue_source_site","character","other",FALSE,601,601,0,33,"55 | 44 | 91 | L9 | 80"
"tcga.xml_patient_id","character","other",FALSE,601,601,0,517,"7911 | 2656 | 2657 | 5644 | 8616"
"tcga.xml_informed_consent_verified","character","other",FALSE,601,601,0,1,"YES"
"tcga.xml_icd_o_3_site","character","other",FALSE,601,601,0,6,"C34.2 | C34.1 | C34.3 | C34.9 | C34.8"
"tcga.xml_icd_o_3_histology","character","other",FALSE,601,601,0,12,"8140/3 | 8230/3 | 8260/3 | 8255/3 | 8252/3"
"tcga.xml_icd_10","character","other",FALSE,601,601,0,7,"C34.2 | C34.1 | C34.3 | C34.30 | C34.8"
"tcga.xml_tissue_prospective_collection_indicator","character","other",FALSE,601,594,7,2,"YES | NO"
"tcga.xml_tissue_retrospective_collection_indicator","character","other",FALSE,601,594,7,2,"NO | YES"
"tcga.xml_days_to_birth","integer","other",FALSE,601,563,38,475,"-25746 | -21766 | -27298 | -18644 | -21225"
"tcga.xml_race_list","character","other",FALSE,601,535,66,4,"WHITE | BLACK OR AFRICAN AMERICAN | ASIAN | AMERICAN INDIAN OR ALASKA NATIVE"
"tcga.xml_ethnicity","character","other",FALSE,601,461,140,2,"NOT HISPANIC OR LATINO | HISPANIC OR LATINO"
"tcga.xml_other_dx","character","other",FALSE,601,601,0,4,"No | Yes, History of Synchronous/Bilateral Malignancy | Yes, History of Prior Malignancy | Yes"
"tcga.xml_history_of_neoadjuvant_treatment","character","other",FALSE,601,596,5,2,"No | Yes"
"tcga.xml_vital_status","character","other",FALSE,601,601,0,2,"Alive | Dead"
"tcga.xml_days_to_last_followup","integer","other",FALSE,601,448,153,262,"21 | 582 | 400 | 498 | 48"
"tcga.xml_days_to_death","integer","other",FALSE,601,146,455,118,"3361 | 1499 | 701 | 2318 | 586"
"tcga.xml_radiation_therapy","character","other",FALSE,601,155,446,2,"NO | YES"
"tcga.xml_postoperative_rx_tx","logical","other",FALSE,601,0,601,0,""
"tcga.xml_person_neoplasm_cancer_status","character","other",FALSE,601,486,115,2,"TUMOR FREE | WITH TUMOR"
"tcga.xml_has_new_tumor_events_information","character","other",FALSE,601,601,0,2,"NO | YES"
"tcga.xml_day_of_form_completion","integer","other",FALSE,601,598,3,31,"10 | 8 | 12 | 28 | 5"
"tcga.xml_month_of_form_completion","integer","other",FALSE,601,601,0,12,"3 | 10 | 12 | 2 | 8"
"tcga.xml_year_of_form_completion","integer","other",FALSE,601,601,0,5,"2012 | 2010 | 2011 | 2013 | 2014"
"tcga.xml_has_follow_ups_information","character","other",FALSE,601,601,0,2,"YES | NO"
"tcga.xml_has_drugs_information","character","other",FALSE,601,601,0,2,"NO | YES"
"tcga.xml_has_radiations_information","character","other",FALSE,601,601,0,2,"YES | NO"
"tcga.xml_primary_pathology_histological_type","logical","other",FALSE,601,0,601,0,""
"tcga.xml_primary_pathology_leiomyosarcoma_histologic_subtype","logical","other",FALSE,601,0,601,0,""
"tcga.xml_primary_pathology_primary_tumor_lower_uterus_segment","logical","other",FALSE,601,0,601,0,""
"tcga.xml_primary_pathology_leiomyosarcoma_major_vessel_involvement","logical","other",FALSE,601,0,601,0,""
"tcga.xml_primary_pathology_synovial_sarcoma","logical","vial",TRUE,601,0,601,0,""
"tcga.xml_primary_pathology_tumor_depth","logical","other",FALSE,601,0,601,0,""
"tcga.xml_primary_pathology_tumor_tissue_sites","logical","other",FALSE,601,0,601,0,""
"tcga.xml_primary_pathology_tumor_tissue_site_other","logical","other",FALSE,601,0,601,0,""
"tcga.xml_primary_pathology_days_to_initial_pathologic_diagnosis","logical","other",FALSE,601,0,601,0,""
"tcga.xml_primary_pathology_age_at_initial_pathologic_diagnosis","logical","other",FALSE,601,0,601,0,""
"tcga.xml_primary_pathology_year_of_initial_pathologic_diagnosis","logical","other",FALSE,601,0,601,0,""
"tcga.xml_primary_pathology_margin_status","logical","other",FALSE,601,0,601,0,""
"tcga.xml_primary_pathology_residual_tumor","logical","other",FALSE,601,0,601,0,""
"tcga.xml_primary_pathology_tumor_total_necrosis_percent","logical","other",FALSE,601,0,601,0,""
"tcga.xml_primary_pathology_tumor_necrosis_percent","logical","other",FALSE,601,0,601,0,""
"tcga.xml_primary_pathology_mitotic_count","logical","other",FALSE,601,0,601,0,""
"tcga.xml_primary_pathology_tumor_multifocal","logical","other",FALSE,601,0,601,0,""
"tcga.xml_primary_pathology_discontiguous_lesion_count","logical","other",FALSE,601,0,601,0,""
"tcga.xml_primary_pathology_tumor_sizes","logical","other",FALSE,601,0,601,0,""
"tcga.xml_primary_pathology_radiologic_tumor_burden","logical","other",FALSE,601,0,601,0,""
"tcga.xml_primary_pathology_pathologic_tumor_burden","logical","other",FALSE,601,0,601,0,""
"tcga.xml_primary_pathology_local_disease_recurrence","logical","other",FALSE,601,0,601,0,""
"tcga.xml_primary_pathology_metastatic_diagnosis","logical","other",FALSE,601,0,601,0,""
"tcga.xml_primary_pathology_metastatic_site_at_diagnosis","logical","other",FALSE,601,0,601,0,""
"tcga.xml_primary_pathology_metastatic_site_at_diagnosis_other","logical","other",FALSE,601,0,601,0,""
"tcga.xml_primary_pathology_contiguous_organ_resection_site","logical","other",FALSE,601,0,601,0,""
"tcga.xml_primary_pathology_other_contiguous_organ_resection_site","logical","other",FALSE,601,0,601,0,""
"tcga.xml_primary_pathology_contiguous_organ_invaded","logical","other",FALSE,601,0,601,0,""
"tcga.xml_primary_pathology_well_differentiated_liposarcoma_primary_dx","logical","other",FALSE,601,0,601,0,""
"tcga.xml_primary_pathology_days_to_well_differentiated_liposarcoma_primary_dx","logical","other",FALSE,601,0,601,0,""
"tcga.xml_primary_pathology_days_to_well_differentiated_liposarcoma_resection","logical","other",FALSE,601,0,601,0,""
"tcga.xml_tumor_tissue_site","character","other",FALSE,601,601,0,1,"Lung"
"tcga.xml_adenocarcinoma_invasion","logical","other",FALSE,601,0,601,0,""
"tcga.xml_histological_type","character","other",FALSE,601,601,0,12,"Lung Adenocarcinoma- Not Otherwise Specified (NOS) | Lung Solid Pattern Predominant Adenocarcinoma | Lung Papillary Adenocarcinoma | Lung Adenocarcinoma Mixed Subtype | Lung Bronchioloalveolar Carcinoma Nonmucinous"
"tcga.xml_histological_type_other","logical","other",FALSE,601,0,601,0,""
"tcga.xml_tumor_type","logical","other",FALSE,601,0,601,0,""
"tcga.xml_anatomic_neoplasm_subdivision","character","other",FALSE,601,587,14,6,"R-Middle | R-Upper | L-Upper | R-Lower | L-Lower"
"tcga.xml_anatomic_neoplasm_subdivision_other","character","other",FALSE,601,4,597,4,"ALL 3 LOBES OF RT LUNG | RUL and RML | Lingula | Right upper, lower"
"tcga.xml_days_to_initial_pathologic_diagnosis","integer","other",FALSE,601,582,19,1,"0"
"tcga.xml_age_at_initial_pathologic_diagnosis","integer","other",FALSE,601,582,19,52,"70 | 59 | 74 | 51 | 58"
"tcga.xml_year_of_initial_pathologic_diagnosis","integer","other",FALSE,601,591,10,23,"2011 | 2009 | 2010 | 2012 | 2007"
"tcga.xml_initial_pathologic_diagnosis_method","logical","other",FALSE,601,0,601,0,""
"tcga.xml_init_pathology_dx_method_other","logical","other",FALSE,601,0,601,0,""
"tcga.xml_surgery_performed_type","logical","other",FALSE,601,0,601,0,""
"tcga.xml_primary_lymph_node_presentation_assessment","logical","other",FALSE,601,0,601,0,""
"tcga.xml_lymph_node_examined_count","logical","other",FALSE,601,0,601,0,""
"tcga.xml_number_of_lymphnodes_positive_by_he","logical","other",FALSE,601,0,601,0,""
"tcga.xml_number_of_lymphnodes_positive_by_ihc","logical","other",FALSE,601,0,601,0,""
"tcga.xml_neoplasm_histologic_grade","logical","other",FALSE,601,0,601,0,""
"tcga.xml_histologic_grading_tier_category","logical","other",FALSE,601,0,601,0,""
"tcga.xml_maximum_tumor_dimension","logical","other",FALSE,601,0,601,0,""
"tcga.xml_residual_tumor","character","other",FALSE,601,434,167,4,"R0 | RX | R1 | R2"
"tcga.xml_patient_death_reason","logical","other",FALSE,601,0,601,0,""
"tcga.xml_source_of_patient_death_reason","logical","other",FALSE,601,0,601,0,""
"tcga.xml_tobacco_smoking_history","integer","other",FALSE,601,581,20,5,"3 | 4 | 2 | 1 | 5"
"tcga.xml_year_of_tobacco_smoking_onset","integer","other",FALSE,601,316,285,59,"1959 | 1994 | 1975 | 1976 | 1972"
"tcga.xml_stopped_smoking_year","integer","other",FALSE,601,304,297,51,"1981 | 2009 | 2006 | 1999 | 2001"
"tcga.xml_number_pack_years_smoked","numeric","other",FALSE,601,404,197,94,"96 | 23 | 25 | 17.5 | 30"
"tcga.xml_alcoholic_exposure_category","logical","other",FALSE,601,0,601,0,""
"tcga.xml_frequency_of_alcohol_consumption","logical","other",FALSE,601,0,601,0,""
"tcga.xml_amount_of_alcohol_consumption_per_day","logical","other",FALSE,601,0,601,0,""
"tcga.xml_history_of_diabetes","logical","other",FALSE,601,0,601,0,""
"tcga.xml_days_to_diabetes_onset","logical","other",FALSE,601,0,601,0,""
"tcga.xml_history_of_chronic_pancreatitis","logical","other",FALSE,601,0,601,0,""
"tcga.xml_days_to_pancreatitis_onset","logical","other",FALSE,601,0,601,0,""
"tcga.xml_family_history_of_cancer","logical","other",FALSE,601,0,601,0,""
"tcga.xml_relative_cancer_types","logical","other",FALSE,601,0,601,0,""
"tcga.xml_targeted_molecular_therapy","character","other",FALSE,601,154,447,2,"NO | YES"
"tcga.xml_history_prior_surgery_type_other","logical","other",FALSE,601,0,601,0,""
"tcga.xml_primary_therapy_outcome_success","character","other",FALSE,601,149,452,4,"Complete Remission/Response | Stable Disease | Progressive Disease | Partial Remission/Response"
"tcga.xml_stage_event_system_version","character","other",FALSE,601,577,24,5,"7th | 6th | 3rd | 5th | 4th"
"tcga.xml_stage_event_clinical_stage","logical","other",FALSE,601,0,601,0,""
"tcga.xml_stage_event_pathologic_stage","character","other",FALSE,601,592,9,9,"Stage IA | Stage IB | Stage IIA | Stage IIB | Stage IIIA"
"tcga.xml_stage_event_tnm_categories","character","other",FALSE,601,601,0,71,"T1aN0MX | T2N0M0 | T2NXM0 | T2aN0 | T2aN0M0"
"tcga.xml_stage_event_psa","logical","other",FALSE,601,0,601,0,""
"tcga.xml_stage_event_gleason_grading","logical","other",FALSE,601,0,601,0,""
"tcga.xml_stage_event_ann_arbor","logical","other",FALSE,601,0,601,0,""
"tcga.xml_stage_event_serum_markers","logical","other",FALSE,601,0,601,0,""
"tcga.xml_stage_event_igcccg_stage","logical","other",FALSE,601,0,601,0,""
"tcga.xml_stage_event_masaoka_stage","logical","other",FALSE,601,0,601,0,""
"tcga.xml_days_to_last_known_alive","integer","other",FALSE,601,15,586,7,"96 | 197 | 575 | 141 | 97"
"tcga.xml_preoperative_pretreatment_cea_level","logical","other",FALSE,601,0,601,0,""
"tcga.xml_non_nodal_tumor_deposits","logical","other",FALSE,601,0,601,0,""
"tcga.xml_circumferential_resection_margin","logical","other",FALSE,601,0,601,0,""
"tcga.xml_venous_invasion","logical","other",FALSE,601,0,601,0,""
"tcga.xml_lymphatic_invasion","logical","other",FALSE,601,0,601,0,""
"tcga.xml_perineural_invasion_present","logical","other",FALSE,601,0,601,0,""
"tcga.xml_microsatellite_instability","logical","other",FALSE,601,0,601,0,""
"tcga.xml_number_of_loci_tested","logical","other",FALSE,601,0,601,0,""
"tcga.xml_number_of_abnormal_loci","logical","other",FALSE,601,0,601,0,""
"tcga.xml_kras_gene_analysis_performed","character","other",FALSE,601,369,232,2,"NO | YES"
"tcga.xml_kras_mutation_found","character","other",FALSE,601,70,531,2,"NO | YES"
"tcga.xml_kras_mutation_codon","logical","other",FALSE,601,0,601,0,""
"tcga.xml_braf_gene_analysis_performed","logical","other",FALSE,601,0,601,0,""
"tcga.xml_braf_gene_analysis_result","logical","other",FALSE,601,0,601,0,""
"tcga.xml_synchronous_colon_cancer_present","logical","other",FALSE,601,0,601,0,""
"tcga.xml_history_of_colon_polyps","logical","other",FALSE,601,0,601,0,""
"tcga.xml_colon_polyps_present","logical","other",FALSE,601,0,601,0,""
"tcga.xml_loss_expression_of_mismatch_repair_proteins_by_ihc","logical","other",FALSE,601,0,601,0,""
"tcga.xml_loss_expression_of_mismatch_repair_proteins_by_ihc_results","logical","other",FALSE,601,0,601,0,""
"tcga.xml_number_of_first_degree_relatives_with_cancer_diagnosis","logical","other",FALSE,601,0,601,0,""
"tcga.xml_pleurodesis_performed","logical","other",FALSE,601,0,601,0,""
"tcga.xml_pleurodesis_performed_90_days","logical","other",FALSE,601,0,601,0,""
"tcga.xml_history_asbestos_exposure","logical","other",FALSE,601,0,601,0,""
"tcga.xml_asbestos_exposure_type","logical","other",FALSE,601,0,601,0,""
"tcga.xml_asbestos_exposure_source","logical","other",FALSE,601,0,601,0,""
"tcga.xml_asbestos_exposure_age","logical","other",FALSE,601,0,601,0,""
"tcga.xml_asbestos_exposure_years","logical","other",FALSE,601,0,601,0,""
"tcga.xml_asbestos_exposure_age_last","logical","other",FALSE,601,0,601,0,""
"tcga.xml_primary_occupation","logical","other",FALSE,601,0,601,0,""
"tcga.xml_primary_occupation_other","logical","other",FALSE,601,0,601,0,""
"tcga.xml_person_occupation_years_number","logical","other",FALSE,601,0,601,0,""
"tcga.xml_blood_relative_cancer_history_list","logical","other",FALSE,601,0,601,0,""
"tcga.xml_karnofsky_performance_score","integer","other",FALSE,601,101,500,7,"90 | 60 | 80 | 70 | 0"
"tcga.xml_eastern_cancer_oncology_group","integer","other",FALSE,601,239,362,4,"0 | 1 | 2 | 3"
"tcga.xml_performance_status_scale_timing","character","other",FALSE,601,252,349,4,"Pre-Adjuvant Therapy | Preoperative | Other | Post-Adjuvant Therapy"
"tcga.xml_primary_pathology_tumor_tissue_site","logical","other",FALSE,601,0,601,0,""
"tcga.xml_primary_pathology_laterality","logical","other",FALSE,601,0,601,0,""
"tcga.xml_primary_pathology_serum_mesothelin_prior_tx","logical","other",FALSE,601,0,601,0,""
"tcga.xml_primary_pathology_serum_mesothelin_lower_limit","logical","other",FALSE,601,0,601,0,""
"tcga.xml_primary_pathology_serum_mesothelin_upper_limit","logical","other",FALSE,601,0,601,0,""
"tcga.xml_primary_pathology_creatinine_prior_tx","logical","other",FALSE,601,0,601,0,""
"tcga.xml_primary_pathology_creatinine_norm_range_lower","logical","other",FALSE,601,0,601,0,""
"tcga.xml_primary_pathology_creatinine_norm_range_upper","logical","other",FALSE,601,0,601,0,""
"tcga.xml_primary_pathology_suv_of_pleura_max","logical","other",FALSE,601,0,601,0,""
"tcga.xml_primary_pathology_mesothelioma_detection_method","logical","other",FALSE,601,0,601,0,""
"tcga.xml_prior_glioma","logical","other",FALSE,601,0,601,0,""
"tcga.xml_laterality","logical","other",FALSE,601,0,601,0,""
"tcga.xml_lactate_dehydrogenase_result","logical","other",FALSE,601,0,601,0,""
"tcga.xml_serum_calcium_result","logical","other",FALSE,601,0,601,0,""
"tcga.xml_hemoglobin_result","logical","other",FALSE,601,0,601,0,""
"tcga.xml_platelet_qualitative_result","logical","other",FALSE,601,0,601,0,""
"tcga.xml_white_cell_count_result","logical","other",FALSE,601,0,601,0,""
"tcga.xml_erythrocyte_sedimentation_rate_result","logical","other",FALSE,601,0,601,0,""
"tcga.xml_number_of_lymphnodes_positive","logical","other",FALSE,601,0,601,0,""
"tcga.xml_mitotane_therapy","logical","other",FALSE,601,0,601,0,""
"tcga.xml_mitotane_therapy_adjuvant_setting","logical","other",FALSE,601,0,601,0,""
"tcga.xml_therapeutic_mitotane_levels_achieved","logical","other",FALSE,601,0,601,0,""
"tcga.xml_therapeutic_mitotane_lvl_recurrence","logical","other",FALSE,601,0,601,0,""
"tcga.xml_mitotane_therapy_for_macroscopic_residual_disease","logical","other",FALSE,601,0,601,0,""
"tcga.xml_therapeutic_mitotane_lvl_macroscopic_residual","logical","other",FALSE,601,0,601,0,""
"tcga.xml_therapeutic_mitotane_lvl_progression","logical","other",FALSE,601,0,601,0,""
"tcga.xml_post_surgical_procedure_assessment_thyroid_gland_carcinoma_status","logical","other",FALSE,601,0,601,0,""
"tcga.xml_primary_pathology_ct_scan","logical","other",FALSE,601,0,601,0,""
"tcga.xml_primary_pathology_ct_scan_findings","logical","other",FALSE,601,0,601,0,""
"tcga.xml_primary_pathology_primary_lymph_node_presentation_assessment","logical","other",FALSE,601,0,601,0,""
"tcga.xml_primary_pathology_lymph_node_examined_count","logical","other",FALSE,601,0,601,0,""
"tcga.xml_primary_pathology_number_of_lymphnodes_positive_by_he","logical","other",FALSE,601,0,601,0,""
"tcga.xml_primary_pathology_weiss_assessment_report","logical","other",FALSE,601,0,601,0,""
"tcga.xml_primary_pathology_mitoses_count","logical","other",FALSE,601,0,601,0,""
"tcga.xml_primary_pathology_metastatic_neoplasm_confirmed_diagnosis_method_names","logical","other",FALSE,601,0,601,0,""
"tcga.xml_primary_pathology_metastatic_neoplasm_initial_diagnosis_anatomic_sites","logical","other",FALSE,601,0,601,0,""
"tcga.xml_primary_pathology_excess_adrenal_hormone_history_types","logical","other",FALSE,601,0,601,0,""
"tcga.xml_primary_pathology_germline_genotype_testing_report","logical","other",FALSE,601,0,601,0,""
"tcga.xml_menopause_status","logical","other",FALSE,601,0,601,0,""
"tcga.xml_birth_control_pill_history_usage_category","logical","other",FALSE,601,0,601,0,""
"tcga.xml_number_of_successful_pregnancies_which_resulted_in_at_least_1_live_birth","logical","other",FALSE,601,0,601,0,""
"tcga.xml_patient_pregnancy_spontaneous_abortion_count","logical","other",FALSE,601,0,601,0,""
"tcga.xml_patient_pregnancy_therapeutic_abortion_count","logical","other",FALSE,601,0,601,0,""
"tcga.xml_ectopic_pregnancy_count","logical","other",FALSE,601,0,601,0,""
"tcga.xml_pregnancy_stillbirth_count","logical","other",FALSE,601,0,601,0,""
"tcga.xml_female_breast_feeding_or_pregnancy_status_indicator","logical","other",FALSE,601,0,601,0,""
"tcga.xml_total_number_of_pregnancies","logical","other",FALSE,601,0,601,0,""
"tcga.xml_age_began_smoking_in_years","logical","other",FALSE,601,0,601,0,""
"tcga.xml_patient_history_immune_system_and_related_disorders_names","logical","other",FALSE,601,0,601,0,""
"tcga.xml_patient_history_immune_system_and_related_disorders_text","logical","other",FALSE,601,0,601,0,""
"tcga.xml_assessment_timepoint_category","logical","other",FALSE,601,0,601,0,""
"tcga.xml_days_to_performance_status_assessment","logical","other",FALSE,601,0,601,0,""
"tcga.xml_tumor_response_cdus_type","logical","other",FALSE,601,0,601,0,""
"tcga.xml_keratinizing_squamous_cell_carcinoma_present_indicator","logical","other",FALSE,601,0,601,0,""
"tcga.xml_lymph_node_location_positive_pathology_names","logical","other",FALSE,601,0,601,0,""
"tcga.xml_lymph_node_location_positive_pathology_text","logical","other",FALSE,601,0,601,0,""
"tcga.xml_hysterectomy_performed_type","logical","other",FALSE,601,0,601,0,""
"tcga.xml_hysterectomy_performed_text","logical","other",FALSE,601,0,601,0,""
"tcga.xml_cervical_neoplasm_pathologic_margin_involved_type","logical","other",FALSE,601,0,601,0,""
"tcga.xml_cervical_neoplasm_pathologic_margin_involved_text","logical","other",FALSE,601,0,601,0,""
"tcga.xml_cervical_carcinoma_pelvic_extension_text","logical","other",FALSE,601,0,601,0,""
"tcga.xml_lymphovascular_invasion_indicator","logical","other",FALSE,601,0,601,0,""
"tcga.xml_cervical_carcinoma_corpus_uteri_involvement_indicator","logical","other",FALSE,601,0,601,0,""
"tcga.xml_days_to_fdg_or_ct_pet_performed","logical","other",FALSE,601,0,601,0,""
"tcga.xml_standardized_uptake_value_cervix_uteri_assessment_measurement","logical","other",FALSE,601,0,601,0,""
"tcga.xml_fdg_or_ct_pet_performed_outcomes","logical","other",FALSE,601,0,601,0,""
"tcga.xml_days_to_diagnostic_mri_performed","logical","other",FALSE,601,0,601,0,""
"tcga.xml_diagnostic_mri_result_outcomes","logical","other",FALSE,601,0,601,0,""
"tcga.xml_days_to_diagnostic_computed_tomography_performed","logical","other",FALSE,601,0,601,0,""
"tcga.xml_diagnostic_ct_result_outcomes","logical","other",FALSE,601,0,601,0,""
"tcga.xml_human_papillomavirus_types","logical","other",FALSE,601,0,601,0,""
"tcga.xml_human_papillomavirus_other_type_text","logical","other",FALSE,601,0,601,0,""
"tcga.xml_human_papillomavirus_laboratory_procedure_performed_name","logical","other",FALSE,601,0,601,0,""
"tcga.xml_human_papillomavirus_laboratory_procedure_performed_text","logical","other",FALSE,601,0,601,0,""
"tcga.xml_oligonucleotide_primer_pair_laboratory_procedure_performed_name","logical","other",FALSE,601,0,601,0,""
"tcga.xml_pregnant_at_diagnosis","logical","other",FALSE,601,0,601,0,""
"tcga.xml_treatment","logical","other",FALSE,601,0,601,0,""
"tcga.xml_er_detection_method_text","logical","other",FALSE,601,0,601,0,""
"tcga.xml_pgr_detection_method_text","logical","other",FALSE,601,0,601,0,""
"tcga.xml_anatomic_neoplasm_subdivisions","logical","other",FALSE,601,0,601,0,""
"tcga.xml_her2_neu_chromosone_17_signal_ratio_value","logical","other",FALSE,601,0,601,0,""
"tcga.xml_axillary_lymph_node_stage_method_type","logical","other",FALSE,601,0,601,0,""
"tcga.xml_axillary_lymph_node_stage_other_method_descriptive_text","logical","other",FALSE,601,0,601,0,""
"tcga.xml_breast_carcinoma_surgical_procedure_name","logical","other",FALSE,601,0,601,0,""
"tcga.xml_breast_neoplasm_other_surgical_procedure_descriptive_text","logical","other",FALSE,601,0,601,0,""
"tcga.xml_breast_carcinoma_primary_surgical_procedure_name","logical","other",FALSE,601,0,601,0,""
"tcga.xml_surgical_procedure_purpose_other_text","logical","other",FALSE,601,0,601,0,""
"tcga.xml_breast_carcinoma_progesterone_receptor_status","logical","other",FALSE,601,0,601,0,""
"tcga.xml_cytokeratin_immunohistochemistry_staining_method_micrometastasis_indicator","logical","other",FALSE,601,0,601,0,""
"tcga.xml_breast_carcinoma_immunohistochemistry_er_pos_finding_scale","logical","other",FALSE,601,0,601,0,""
"tcga.xml_immunohistochemistry_positive_cell_score","logical","other",FALSE,601,0,601,0,""
"tcga.xml_her2_immunohistochemistry_level_result","logical","other",FALSE,601,0,601,0,""
"tcga.xml_breast_cancer_surgery_margin_status","logical","other",FALSE,601,0,601,0,""
"tcga.xml_margin_status","logical","other",FALSE,601,0,601,0,""
"tcga.xml_lab_procedure_her2_neu_in_situ_hybrid_outcome_type","logical","other",FALSE,601,0,601,0,""
"tcga.xml_breast_carcinoma_estrogen_receptor_status","logical","other",FALSE,601,0,601,0,""
"tcga.xml_lab_proc_her2_neu_immunohistochemistry_receptor_status","logical","other",FALSE,601,0,601,0,""
"tcga.xml_pos_finding_progesterone_receptor_other_measurement_scale_text","logical","other",FALSE,601,0,601,0,""
"tcga.xml_positive_finding_estrogen_receptor_other_measurement_scale_text","logical","other",FALSE,601,0,601,0,""
"tcga.xml_her2_erbb_pos_finding_cell_percent_category","logical","other",FALSE,601,0,601,0,""
"tcga.xml_pos_finding_her2_erbb2_other_measurement_scale_text","logical","other",FALSE,601,0,601,0,""
"tcga.xml_her2_erbb_method_calculation_method_text","logical","other",FALSE,601,0,601,0,""
"tcga.xml_her2_neu_and_centromere_17_copy_number_analysis_input_total_number_count","logical","other",FALSE,601,0,601,0,""
"tcga.xml_her2_and_centromere_17_positive_finding_other_measurement_scale_text","logical","other",FALSE,601,0,601,0,""
"tcga.xml_her2_erbb_pos_finding_fluorescence_in_situ_hybridization_calculation_method_text","logical","other",FALSE,601,0,601,0,""
"tcga.xml_fluorescence_in_situ_hybridization_diagnostic_procedure_chromosome_17_signal_result_range","logical","other",FALSE,601,0,601,0,""
"tcga.xml_first_nonlymph_node_metastasis_anatomic_sites","logical","other",FALSE,601,0,601,0,""
"tcga.xml_er_level_cell_percentage_category","logical","other",FALSE,601,0,601,0,""
"tcga.xml_progesterone_receptor_level_cell_percent_category","logical","other",FALSE,601,0,601,0,""
"tcga.xml_distant_metastasis_present_ind2","logical","other",FALSE,601,0,601,0,""
"tcga.xml_metastatic_breast_carcinoma_estrogen_receptor_status","logical","other",FALSE,601,0,601,0,""
"tcga.xml_metastatic_breast_carcinoma_estrogen_receptor_level_cell_percent_category","logical","other",FALSE,601,0,601,0,""
"tcga.xml_metastatic_breast_carcinoma_immunohistochemistry_er_pos_cell_score","logical","other",FALSE,601,0,601,0,""
"tcga.xml_metastatic_breast_carcinoma_progesterone_receptor_status","logical","other",FALSE,601,0,601,0,""
"tcga.xml_metastatic_breast_carcinoma_lab_proc_her2_neu_immunohistochemistry_receptor_status","logical","other",FALSE,601,0,601,0,""
"tcga.xml_metastatic_breast_carcinoma_progesterone_receptor_level_cell_percent_category","logical","other",FALSE,601,0,601,0,""
"tcga.xml_metastatic_breast_carcinoma_immunohistochemistry_pr_pos_cell_score","logical","other",FALSE,601,0,601,0,""
"tcga.xml_metastatic_breast_carcinoma_her2_erbb_pos_finding_cell_percent_category","logical","other",FALSE,601,0,601,0,""
"tcga.xml_metastatic_breast_carcinoma_erbb2_immunohistochemistry_level_result","logical","other",FALSE,601,0,601,0,""
"tcga.xml_metastatic_breast_carcinoma_lab_proc_her2_neu_in_situ_hybridization_outcome_type","logical","other",FALSE,601,0,601,0,""
"tcga.xml_metastatic_breast_carcinoma_her2_neu_chromosone_17_signal_ratio_value","logical","other",FALSE,601,0,601,0,""
"tcga.xml_her2_neu_breast_carcinoma_copy_analysis_input_total_number","logical","other",FALSE,601,0,601,0,""
"tcga.xml_breast_carcinoma_immunohistochemistry_progesterone_receptor_pos_finding_scale","logical","other",FALSE,601,0,601,0,""
"tcga.xml_breast_carcinoma_immunohistochemistry_pos_cell_score","logical","other",FALSE,601,0,601,0,""
"tcga.xml_country_of_birth","logical","other",FALSE,601,0,601,0,""
"tcga.xml_country_of_procurement","logical","other",FALSE,601,0,601,0,""
"tcga.xml_state_province_of_procurement","logical","other",FALSE,601,0,601,0,""
"tcga.xml_city_of_procurement","logical","other",FALSE,601,0,601,0,""
"tcga.xml_reflux_history","logical","other",FALSE,601,0,601,0,""
"tcga.xml_antireflux_treatment_types","logical","other",FALSE,601,0,601,0,""
"tcga.xml_h_pylori_infection","logical","other",FALSE,601,0,601,0,""
"tcga.xml_initial_diagnosis_by","logical","other",FALSE,601,0,601,0,""
"tcga.xml_barretts_esophagus","logical","other",FALSE,601,0,601,0,""
"tcga.xml_goblet_cells_present","logical","other",FALSE,601,0,601,0,""
"tcga.xml_history_of_esophageal_cancer","logical","other",FALSE,601,0,601,0,""
"tcga.xml_number_of_relatives_diagnosed","logical","other",FALSE,601,0,601,0,""
"tcga.xml_primary_pathology_esophageal_tumor_cental_location","logical","other",FALSE,601,0,601,0,""
"tcga.xml_primary_pathology_esophageal_tumor_involvement_sites","logical","other",FALSE,601,0,601,0,""
"tcga.xml_primary_pathology_columnar_metaplasia_present","logical","other",FALSE,601,0,601,0,""
"tcga.xml_primary_pathology_columnar_mucosa_goblet_cell_present","logical","other",FALSE,601,0,601,0,""
"tcga.xml_primary_pathology_columnar_mucosa_dysplasia","logical","other",FALSE,601,0,601,0,""
"tcga.xml_primary_pathology_neoplasm_histologic_grade","logical","other",FALSE,601,0,601,0,""
"tcga.xml_primary_pathology_initial_pathologic_diagnosis_method","logical","other",FALSE,601,0,601,0,""
"tcga.xml_primary_pathology_init_pathology_dx_method_other","logical","other",FALSE,601,0,601,0,""
"tcga.xml_primary_pathology_lymph_node_metastasis_radiographic_evidence","logical","other",FALSE,601,0,601,0,""
"tcga.xml_primary_pathology_number_of_lymphnodes_positive_by_ihc","logical","other",FALSE,601,0,601,0,""
"tcga.xml_primary_pathology_planned_surgery_status","logical","other",FALSE,601,0,601,0,""
"tcga.xml_primary_pathology_treatment_prior_to_surgery","logical","other",FALSE,601,0,601,0,""
"tcga.xml_primary_pathology_karnofsky_performance_score","logical","other",FALSE,601,0,601,0,""
"tcga.xml_primary_pathology_eastern_cancer_oncology_group","logical","other",FALSE,601,0,601,0,""
"tcga.xml_primary_pathology_radiation_therapy","logical","other",FALSE,601,0,601,0,""
"tcga.xml_primary_pathology_postoperative_rx_tx","logical","other",FALSE,601,0,601,0,""
"tcga.xml_history_of_disease","logical","other",FALSE,601,0,601,0,""
"tcga.xml_tests_performed","logical","other",FALSE,601,0,601,0,""
"tcga.xml_primary_pathology_follicular_percent","logical","other",FALSE,601,0,601,0,""
"tcga.xml_primary_pathology_lymph_node_involvement_sites","logical","other",FALSE,601,0,601,0,""
"tcga.xml_primary_pathology_extranodal_involvment_site_other","logical","other",FALSE,601,0,601,0,""
"tcga.xml_primary_pathology_extranodal_sites_involvement_number","logical","other",FALSE,601,0,601,0,""
"tcga.xml_primary_pathology_maximum_tumor_dimension","logical","other",FALSE,601,0,601,0,""
"tcga.xml_primary_pathology_maximum_tumor_bulk_anatomic_site","logical","other",FALSE,601,0,601,0,""
"tcga.xml_primary_pathology_bone_marrow_biopsy_done","logical","other",FALSE,601,0,601,0,""
"tcga.xml_primary_pathology_bone_marrow_involvement","logical","other",FALSE,601,0,601,0,""
"tcga.xml_primary_pathology_bone_marrow_sample_histology","logical","sample",TRUE,601,0,601,0,""
"tcga.xml_presence_of_sarcomatoid_features","logical","other",FALSE,601,0,601,0,""
"tcga.xml_percent_tumor_sarcomatoid","logical","other",FALSE,601,0,601,0,""
"tcga.xml_history_pheo_or_para_include_benign","logical","other",FALSE,601,0,601,0,""
"tcga.xml_history_pheo_or_para_anatomic_site","logical","other",FALSE,601,0,601,0,""
"tcga.xml_primary_pathology_outside_adrenal","logical","other",FALSE,601,0,601,0,""
"tcga.xml_primary_pathology_disease_detected_on_screening","logical","other",FALSE,601,0,601,0,""
"tcga.xml_eye_color","logical","other",FALSE,601,0,601,0,""
"tcga.xml_primary_pathology_tumor_tissue_site_list","logical","other",FALSE,601,0,601,0,""
"tcga.xml_primary_pathology_tumor_morphology_list","logical","other",FALSE,601,0,601,0,""
"tcga.xml_primary_pathology_cytogenetic_abnormality_list","logical","other",FALSE,601,0,601,0,""
"tcga.xml_primary_pathology_gene_expression_profile_list","logical","other",FALSE,601,0,601,0,""
"tcga.xml_primary_pathology_extravascular_matrix_patterns","logical","other",FALSE,601,0,601,0,""
"tcga.xml_primary_pathology_tumor_infiltrating_lymphocytes","logical","other",FALSE,601,0,601,0,""
"tcga.xml_primary_pathology_tumor_infiltrating_macrophages","logical","other",FALSE,601,0,601,0,""
"tcga.xml_primary_pathology_tumor_basal_diameter","logical","other",FALSE,601,0,601,0,""
"tcga.xml_primary_pathology_tumor_basal_diameter_mx","logical","other",FALSE,601,0,601,0,""
"tcga.xml_primary_pathology_tumor_thickness","logical","other",FALSE,601,0,601,0,""
"tcga.xml_primary_pathology_tumor_thickness_measurement","logical","other",FALSE,601,0,601,0,""
"tcga.xml_primary_pathology_extrascleral_extension","logical","other",FALSE,601,0,601,0,""
"tcga.xml_primary_pathology_extranocular_nodule_size","logical","other",FALSE,601,0,601,0,""
"tcga.xml_primary_pathology_tumor_shape_pathologic_clinical","logical","other",FALSE,601,0,601,0,""
"tcga.xml_primary_pathology_metastatic_site_list","logical","other",FALSE,601,0,601,0,""
"tcga.xml_primary_pathology_other_metastatic_site","logical","other",FALSE,601,0,601,0,""
"tcga.xml_primary_neoplasm_melanoma_dx","logical","other",FALSE,601,0,601,0,""
"tcga.xml_sites_of_primary_melanomas","logical","other",FALSE,601,0,601,0,""
"tcga.xml_breslow_depth_value","logical","other",FALSE,601,0,601,0,""
"tcga.xml_melanoma_clark_level_value","logical","other",FALSE,601,0,601,0,""
"tcga.xml_melanoma_ulceration_indicator","logical","other",FALSE,601,0,601,0,""
"tcga.xml_malignant_neoplasm_mitotic_count_rate","logical","other",FALSE,601,0,601,0,""
"tcga.xml_days_to_submitted_specimen_dx","logical","other",FALSE,601,0,601,0,""
"tcga.xml_distant_metastasis_anatomic_site","logical","other",FALSE,601,0,601,0,""
"tcga.xml_melanoma_origin_skin_anatomic_site","logical","other",FALSE,601,0,601,0,""
"tcga.xml_prior_systemic_therapy_types","logical","other",FALSE,601,0,601,0,""
"tcga.xml_interferon_90_day_prior_excision_admin_indicator","logical","other",FALSE,601,0,601,0,""
"tcga.xml_leukemia_specimen_cell_source_type","logical","other",FALSE,601,0,601,0,""
"tcga.xml_cumulative_agent_total_dose","logical","other",FALSE,601,0,601,0,""
"tcga.xml_prior_hematologic_disorder_diagnosis_indicator","logical","other",FALSE,601,0,601,0,""
"tcga.xml_total_dose_units","logical","other",FALSE,601,0,601,0,""
"tcga.xml_hydroxyurea_agent_administered_day_count","logical","other",FALSE,601,0,601,0,""
"tcga.xml_hydroxyurea_administration_prior_registration_clinical_study_indicator","logical","other",FALSE,601,0,601,0,""
"tcga.xml_atra_exposure","logical","other",FALSE,601,0,601,0,""
"tcga.xml_steroid_therapy_administered","logical","other",FALSE,601,0,601,0,""
"tcga.xml_person_history_nonmedical_leukemia_causing_agent_type","logical","other",FALSE,601,0,601,0,""
"tcga.xml_lab_procedure_blast_cell_outcome_percentage_value","logical","other",FALSE,601,0,601,0,""
"tcga.xml_leukemia_french_american_british_morphology_code","logical","other",FALSE,601,0,601,0,""
"tcga.xml_immunophenotype_cytochemistry_testing_results","logical","other",FALSE,601,0,601,0,""
"tcga.xml_lab_procedure_bone_marrow_cellularity_outcome_percent_value","logical","other",FALSE,601,0,601,0,""
"tcga.xml_lab_procedure_leukocyte_result_unspecified_value","logical","other",FALSE,601,0,601,0,""
"tcga.xml_lab_procedure_hemoglobin_result_specified_value","logical","other",FALSE,601,0,601,0,""
"tcga.xml_lab_procedure_hematocrit_outcome_percent_value","logical","other",FALSE,601,0,601,0,""
"tcga.xml_platelet_result_count","logical","other",FALSE,601,0,601,0,""
"tcga.xml_lab_procedure_bone_marrow_blast_cell_outcome_percent_value","logical","other",FALSE,601,0,601,0,""
"tcga.xml_lab_procedure_bone_marrow_promyelocyte_result_percent_value","logical","other",FALSE,601,0,601,0,""
"tcga.xml_lab_procedure_bone_marrow_myelocyte_result_percent_value","logical","other",FALSE,601,0,601,0,""
"tcga.xml_lab_procedure_bone_marrow_metamyelocyte_result_value","logical","other",FALSE,601,0,601,0,""
"tcga.xml_lab_procedure_bone_marrow_band_cell_result_percent_value","logical","other",FALSE,601,0,601,0,""
"tcga.xml_lab_procedure_bone_marrow_neutrophil_result_percent_value","logical","other",FALSE,601,0,601,0,""
"tcga.xml_lab_procedure_bone_marrow_lab_eosinophil_result_percent_value","logical","other",FALSE,601,0,601,0,""
"tcga.xml_lab_procedure_bone_marrow_basophil_result_percent_value","logical","other",FALSE,601,0,601,0,""
"tcga.xml_lab_procedure_bone_marrow_lymphocyte_outcome_percent_value","logical","other",FALSE,601,0,601,0,""
"tcga.xml_lab_procedure_monocyte_result_percent_value","logical","other",FALSE,601,0,601,0,""
"tcga.xml_lab_procedure_bone_marrow_prolymphocyte_result_percent_value","logical","other",FALSE,601,0,601,0,""
"tcga.xml_lab_procedure_bone_marrow_promonocyte_count_result_percent_value","logical","other",FALSE,601,0,601,0,""
"tcga.xml_lab_procedure_abnormal_lymphocyte_result_percent_value","logical","other",FALSE,601,0,601,0,""
"tcga.xml_cytogenetic_analysis_performed_ind","logical","other",FALSE,601,0,601,0,""
"tcga.xml_fluorescence_in_situ_hybrid_cytogenetics_metaphase_nucleus_result_count","logical","other",FALSE,601,0,601,0,""
"tcga.xml_acute_myeloid_leukemia_calgb_cytogenetics_risk_category","logical","other",FALSE,601,0,601,0,""
"tcga.xml_cytogenetic_abnormalities","logical","other",FALSE,601,0,601,0,""
"tcga.xml_cytogenetic_abnormality_other","logical","other",FALSE,601,0,601,0,""
"tcga.xml_fish_evaluation_performed_ind","logical","other",FALSE,601,0,601,0,""
"tcga.xml_fluorescence_in_situ_hybridization_abnormal_result_indicator","logical","other",FALSE,601,0,601,0,""
"tcga.xml_fish_test_component_results","logical","other",FALSE,601,0,601,0,""
"tcga.xml_germline_testing_performed","logical","other",FALSE,601,0,601,0,""
"tcga.xml_disease_detection_molecular_analysis_method_type","logical","other",FALSE,601,0,601,0,""
"tcga.xml_molecular_analysis_abnormal_result_indicator","logical","other",FALSE,601,0,601,0,""
"tcga.xml_molecular_analysis_abnormality_testing_results","logical","other",FALSE,601,0,601,0,""
"tcga.xml_horm_ther","logical","other",FALSE,601,0,601,0,""
"tcga.xml_prior_tamoxifen_administered_usage_category","logical","other",FALSE,601,0,601,0,""
"tcga.xml_hypertension","logical","other",FALSE,601,0,601,0,""
"tcga.xml_diabetes","logical","other",FALSE,601,0,601,0,""
"tcga.xml_pregnancies","logical","other",FALSE,601,0,601,0,""
"tcga.xml_colorectal_cancer","logical","other",FALSE,601,0,601,0,""
"tcga.xml_primary_pathology_anatomic_neoplasm_subdivision","logical","other",FALSE,601,0,601,0,""
"tcga.xml_primary_pathology_surgical_approach","logical","other",FALSE,601,0,601,0,""
"tcga.xml_primary_pathology_peritoneal_wash","logical","other",FALSE,601,0,601,0,""
"tcga.xml_primary_pathology_pct_tumor_invasion","logical","other",FALSE,601,0,601,0,""
"tcga.xml_primary_pathology_total_pelv_lnr","logical","other",FALSE,601,0,601,0,""
"tcga.xml_primary_pathology_pln_pos_light_micro","logical","other",FALSE,601,0,601,0,""
"tcga.xml_primary_pathology_pln_pos_ihc","logical","other",FALSE,601,0,601,0,""
"tcga.xml_primary_pathology_total_pelv_lnp","logical","other",FALSE,601,0,601,0,""
"tcga.xml_primary_pathology_total_aor_lnr","logical","other",FALSE,601,0,601,0,""
"tcga.xml_primary_pathology_aln_pos_light_micro","logical","other",FALSE,601,0,601,0,""
"tcga.xml_primary_pathology_aln_pos_ihc","logical","other",FALSE,601,0,601,0,""
"tcga.xml_primary_pathology_total_aor.lnp","logical","other",FALSE,601,0,601,0,""
"tcga.xml_diagnosis","character","other",FALSE,601,601,0,1,"Lung Adenocarcinoma"
"tcga.xml_location_in_lung_parenchyma","character","other",FALSE,601,199,402,2,"Central Lung | Peripheral Lung"
"tcga.xml_kras_mutation_result","character","other",FALSE,601,22,579,6,"G12A | G12C | G12V | Other | G12D"
"tcga.xml_egfr_mutation_performed","character","other",FALSE,601,301,300,2,"NO | YES"
"tcga.xml_egfr_mutation_result","character","other",FALSE,601,25,576,5,"Other | Exon 19 Deletion | L861Q | L858R | T790M"
"tcga.xml_eml4_alk_translocation_performed","character","other",FALSE,601,265,336,2,"NO | YES"
"tcga.xml_eml4_alk_translocation_method","character","other",FALSE,601,25,576,3,"FISH | IHC | RT-PCR"
"tcga.xml_pulmonary_function_test_performed","character","other",FALSE,601,389,212,2,"YES | NO"
"tcga.xml_pre_bronchodilator_fev1_percent","numeric","other",FALSE,601,279,322,96,"64 | 79 | 120 | 59 | 49"
"tcga.xml_post_bronchodilator_fev1_percent","numeric","other",FALSE,601,166,435,77,"86 | 84 | 147 | 69 | 54"
"tcga.xml_pre_bronchodilator_fev1_fvc_percent","numeric","other",FALSE,601,237,364,75,"86 | 78 | 103 | 58 | 64"
"tcga.xml_post_bronchodilator_fev1_fvc_percent","numeric","other",FALSE,601,139,462,65,"86 | 87 | 62 | 75 | 91"
"tcga.xml_dlco_predictive_percent","numeric","other",FALSE,601,242,359,88,"72 | 96 | 61 | 44 | 57"
"tcga.xml_lymphnode_neck_dissection","logical","other",FALSE,601,0,601,0,""
"tcga.xml_lymphnode_dissection_method_left","logical","other",FALSE,601,0,601,0,""
"tcga.xml_lymphnode_dissection_method_right","logical","other",FALSE,601,0,601,0,""
"tcga.xml_egfr_amplication_status","logical","other",FALSE,601,0,601,0,""
"tcga.xml_presence_of_pathological_nodal_extracapsular_spread","logical","other",FALSE,601,0,601,0,""
"tcga.xml_lymphovascular_invasion_present","logical","other",FALSE,601,0,601,0,""
"tcga.xml_hpv_status_by_p16_testing","logical","other",FALSE,601,0,601,0,""
"tcga.xml_hpv_status_by_ish_testing","logical","other",FALSE,601,0,601,0,""
"tcga.xml_patient_personal_medical_history_thyroid_gland_disorder_names","logical","other",FALSE,601,0,601,0,""
"tcga.xml_patient_personal_medical_history_thyroid_other_specify_text","logical","other",FALSE,601,0,601,0,""
"tcga.xml_first_degree_relative_history_thyroid_gland_carcinoma_diagnosis_relationship_types","logical","other",FALSE,601,0,601,0,""
"tcga.xml_person_lifetime_risk_radiation_exposure_indicator","logical","other",FALSE,601,0,601,0,""
"tcga.xml_primary_thyroid_gland_neoplasm_location_anatomic_site","logical","other",FALSE,601,0,601,0,""
"tcga.xml_primary_neoplasm_focus_type","logical","other",FALSE,601,0,601,0,""
"tcga.xml_neoplasm_dimension","logical","other",FALSE,601,0,601,0,""
"tcga.xml_lymph_node_preoperative_scan_indicator","logical","other",FALSE,601,0,601,0,""
"tcga.xml_lymph_node_preoperative_assessment_diagnostic_imaging_types","logical","other",FALSE,601,0,601,0,""
"tcga.xml_extrathyroid_carcinoma_present_extension_status","logical","other",FALSE,601,0,601,0,""
"tcga.xml_metastatic_neoplasm_confirmed_diagnosis_method_names","logical","other",FALSE,601,0,601,0,""
"tcga.xml_metastatic_neoplasm_confirmed_diagnosis_method_text","logical","other",FALSE,601,0,601,0,""
"tcga.xml_metastatic_site","logical","other",FALSE,601,0,601,0,""
"tcga.xml_other_metastatic_site","logical","other",FALSE,601,0,601,0,""
"tcga.xml_genotype_analysis_performed_indicator","logical","other",FALSE,601,0,601,0,""
"tcga.xml_genotyping_results_gene_mutation_not_reported_reasons","logical","other",FALSE,601,0,601,0,""
"tcga.xml_braf_gene_genotyping_outcome_lab_results_text","logical","other",FALSE,601,0,601,0,""
"tcga.xml_ras_family_gene_genotyping_outcome_lab_results_text","logical","other",FALSE,601,0,601,0,""
"tcga.xml_ret_ptc_rearrangement_genotyping_outcome_lab_results_text","logical","other",FALSE,601,0,601,0,""
"tcga.xml_other_genotyping_outcome_lab_results_text","logical","other",FALSE,601,0,601,0,""
"tcga.xml_i_131_total_administered_preparation_technique","logical","other",FALSE,601,0,601,0,""
"tcga.xml_i_131_first_administered_dose","logical","other",FALSE,601,0,601,0,""
"tcga.xml_i_131_subsequent_administered_dose","logical","other",FALSE,601,0,601,0,""
"tcga.xml_i_131_total_administered_dose","logical","other",FALSE,601,0,601,0,""
"tcga.xml_radiation_therapy_administered_preparation_technique_text","logical","other",FALSE,601,0,601,0,""
"tcga.xml_radiation_therapy_administered_dose_text","logical","other",FALSE,601,0,601,0,""
"tcga.xml_radiosensitizing_agent_administered_indicator","logical","other",FALSE,601,0,601,0,""
"tcga.xml_person_occupation_description_text","logical","other",FALSE,601,0,601,0,""
"tcga.xml_occupation_primary_job","logical","other",FALSE,601,0,601,0,""
"tcga.xml_chemical_exposure_text","logical","other",FALSE,601,0,601,0,""
"tcga.xml_person_primary_industry_text","logical","other",FALSE,601,0,601,0,""
"tcga.xml_diagnosis_subtype","logical","other",FALSE,601,0,601,0,""
"tcga.xml_disease_extracapsular_extension_ind.3","logical","other",FALSE,601,0,601,0,""
"tcga.xml_bladder_carcinoma_extracapsular_extension_status","logical","other",FALSE,601,0,601,0,""
"tcga.xml_metastatic_site_list","logical","other",FALSE,601,0,601,0,""
"tcga.xml_person_concomitant_prostate_carcinoma_occurrence_indicator","logical","other",FALSE,601,0,601,0,""
"tcga.xml_person_concomitant_prostate_carcinoma_pathologic_t_stage","logical","other",FALSE,601,0,601,0,""
"tcga.xml_history_non_muscle_invasive_blca","logical","other",FALSE,601,0,601,0,""
"tcga.xml_history_ionizing_rt_to_head","logical","other",FALSE,601,0,601,0,""
"tcga.xml_tumor_location","logical","other",FALSE,601,0,601,0,""
"tcga.xml_supratentorial_localization","logical","other",FALSE,601,0,601,0,""
"tcga.xml_seizure_history","logical","other",FALSE,601,0,601,0,""
"tcga.xml_headache_history","logical","other",FALSE,601,0,601,0,""
"tcga.xml_mental_status_changes","logical","other",FALSE,601,0,601,0,""
"tcga.xml_visual_changes","logical","other",FALSE,601,0,601,0,""
"tcga.xml_sensory_changes","logical","other",FALSE,601,0,601,0,""
"tcga.xml_motor_movement_changes","logical","other",FALSE,601,0,601,0,""
"tcga.xml_first_presenting_symptom","logical","other",FALSE,601,0,601,0,""
"tcga.xml_first_presenting_symptom_longest_duration","logical","other",FALSE,601,0,601,0,""
"tcga.xml_asthma_history","logical","other",FALSE,601,0,601,0,""
"tcga.xml_eczema_history","logical","other",FALSE,601,0,601,0,""
"tcga.xml_hay_fever_history","logical","other",FALSE,601,0,601,0,""
"tcga.xml_mold_or_dust_allergy_history","logical","other",FALSE,601,0,601,0,""
"tcga.xml_first_diagnosis_age_asth_ecz_hay_fev_mold_dust","logical","other",FALSE,601,0,601,0,""
"tcga.xml_food_allergy_history","logical","other",FALSE,601,0,601,0,""
"tcga.xml_food_allergy_types","logical","other",FALSE,601,0,601,0,""
"tcga.xml_first_diagnosis_age_of_food_allergy","logical","other",FALSE,601,0,601,0,""
"tcga.xml_animal_insect_allergy_history","logical","other",FALSE,601,0,601,0,""
"tcga.xml_animal_insect_allergy_types","logical","other",FALSE,601,0,601,0,""
"tcga.xml_first_diagnosis_age_of_animal_insect_allergy","logical","other",FALSE,601,0,601,0,""
"tcga.xml_preoperative_corticosteroids","logical","other",FALSE,601,0,601,0,""
"tcga.xml_preoperative_antiseizure_meds","logical","other",FALSE,601,0,601,0,""
"tcga.xml_family_history_of_primary_brain_tumor","logical","other",FALSE,601,0,601,0,""
"tcga.xml_ldh1_mutation_tested","logical","other",FALSE,601,0,601,0,""
"tcga.xml_ldh1_mutation_test_method","logical","other",FALSE,601,0,601,0,""
"tcga.xml_ldh1_mutation_found","logical","other",FALSE,601,0,601,0,""
"tcga.xml_inherited_genetic_syndrome_found","logical","other",FALSE,601,0,601,0,""
"tcga.xml_inherited_genetic_syndrome_result","logical","other",FALSE,601,0,601,0,""
"tcga.xml_history_of_undescended_testis","logical","other",FALSE,601,0,601,0,""
"tcga.xml_level_of_non_descent","logical","other",FALSE,601,0,601,0,""
"tcga.xml_undescended_testis_corrected","logical","other",FALSE,601,0,601,0,""
"tcga.xml_undescended_testis_corrected_age","logical","other",FALSE,601,0,601,0,""
"tcga.xml_undescended_testis_method_left","logical","other",FALSE,601,0,601,0,""
"tcga.xml_undescended_testis_method_right","logical","other",FALSE,601,0,601,0,""
"tcga.xml_history_hypospadias","logical","other",FALSE,601,0,601,0,""
"tcga.xml_history_fertility","logical","other",FALSE,601,0,601,0,""
"tcga.xml_family_history_testicular_cancer","logical","other",FALSE,601,0,601,0,""
"tcga.xml_relation_testicular_cancer_list","logical","other",FALSE,601,0,601,0,""
"tcga.xml_family_history_other_cancer","logical","other",FALSE,601,0,601,0,""
"tcga.xml_postoperative_tx_list","logical","other",FALSE,601,0,601,0,""
"tcga.xml_primary_pathology_bilateral_diagnosis_timing_type","logical","other",FALSE,601,0,601,0,""
"tcga.xml_primary_pathology_days_to_bilateral_tumor_dx","logical","other",FALSE,601,0,601,0,""
"tcga.xml_primary_pathology_synchronous_tumor_histology_list","logical","other",FALSE,601,0,601,0,""
"tcga.xml_primary_pathology_testis_tumor_macroextent","logical","other",FALSE,601,0,601,0,""
"tcga.xml_primary_pathology_testis_tumor_macroextent_other","logical","other",FALSE,601,0,601,0,""
"tcga.xml_primary_pathology_testis_tumor_microextent","logical","other",FALSE,601,0,601,0,""
"tcga.xml_primary_pathology_histology_list","logical","other",FALSE,601,0,601,0,""
"tcga.xml_primary_pathology_intratubular_germ_cell_neoplasm","logical","other",FALSE,601,0,601,0,""
"tcga.xml_primary_pathology_lymphovascular_invasion_present","logical","other",FALSE,601,0,601,0,""
"tcga.xml_primary_pathology_pre_orchi_serum_marker_info","logical","other",FALSE,601,0,601,0,""
"tcga.xml_primary_pathology_post_orchi_serum_marker_info","logical","other",FALSE,601,0,601,0,""
"tcga.xml_primary_pathology_post_orchi_lymph_node_dissection","logical","other",FALSE,601,0,601,0,""
"tcga.xml_primary_pathology_molecular_test_result_list","logical","other",FALSE,601,0,601,0,""
"tcga.xml_primary_pathology_first_treatment_success","logical","other",FALSE,601,0,601,0,""
"tcga.xml_surgical_approach","logical","other",FALSE,601,0,601,0,""
"tcga.xml_peritoneal_wash","logical","other",FALSE,601,0,601,0,""
"tcga.xml_pct_tumor_invasion","logical","other",FALSE,601,0,601,0,""
"tcga.xml_total_pelv_lnr","logical","other",FALSE,601,0,601,0,""
"tcga.xml_pln_pos_light_micro","logical","other",FALSE,601,0,601,0,""
"tcga.xml_pln_pos_ihc","logical","other",FALSE,601,0,601,0,""
"tcga.xml_total_pelv_lnp","logical","other",FALSE,601,0,601,0,""
"tcga.xml_total_aor_lnr","logical","other",FALSE,601,0,601,0,""
"tcga.xml_aln_pos_light_micro","logical","other",FALSE,601,0,601,0,""
"tcga.xml_aln_pos_ihc","logical","other",FALSE,601,0,601,0,""
"tcga.xml_total_aor.lnp","logical","other",FALSE,601,0,601,0,""
"tcga.xml_relative_family_cancer_history","logical","other",FALSE,601,0,601,0,""
"tcga.xml_cancer_first_degree_relative","logical","other",FALSE,601,0,601,0,""
"tcga.xml_history_hepato_carcinoma_risk_factors","logical","other",FALSE,601,0,601,0,""
"tcga.xml_post_op_ablation_embolization_tx","logical","other",FALSE,601,0,601,0,""
"tcga.xml_specimen_collection_method_name","logical","other",FALSE,601,0,601,0,""
"tcga.xml_vascular_tumor_cell_type","logical","other",FALSE,601,0,601,0,""
"tcga.xml_child_pugh_classification_grade","logical","other",FALSE,601,0,601,0,""
"tcga.xml_fetoprotein_outcome_value","logical","other",FALSE,601,0,601,0,""
"tcga.xml_fetoprotein_outcome_lower_limit","logical","other",FALSE,601,0,601,0,""
"tcga.xml_fetoprotein_outcome_upper_limit","logical","other",FALSE,601,0,601,0,""
"tcga.xml_platelet_result_lower_limit","logical","other",FALSE,601,0,601,0,""
"tcga.xml_platelet_result_upper_limit","logical","other",FALSE,601,0,601,0,""
"tcga.xml_prothrombin_time_result_value","logical","other",FALSE,601,0,601,0,""
"tcga.xml_inter_norm_ratio_lower_limit","logical","other",FALSE,601,0,601,0,""
"tcga.xml_intern_norm_ratio_upper_limit","logical","other",FALSE,601,0,601,0,""
"tcga.xml_albumin_result_specified_value","logical","other",FALSE,601,0,601,0,""
"tcga.xml_albumin_result_lower_limit","logical","other",FALSE,601,0,601,0,""
"tcga.xml_albumin_result_upper_limit","logical","other",FALSE,601,0,601,0,""
"tcga.xml_bilirubin_upper_limit","logical","other",FALSE,601,0,601,0,""
"tcga.xml_bilirubin_lower_limit","logical","other",FALSE,601,0,601,0,""
"tcga.xml_total_bilirubin_upper_limit","logical","other",FALSE,601,0,601,0,""
"tcga.xml_creatinine_value_in_mg_dl","logical","other",FALSE,601,0,601,0,""
"tcga.xml_creatinine_lower_level","logical","other",FALSE,601,0,601,0,""
"tcga.xml_creatinine_upper_limit","logical","other",FALSE,601,0,601,0,""
"tcga.xml_fibrosis_ishak_score","logical","other",FALSE,601,0,601,0,""
"tcga.xml_adjacent_hepatic_tissue_inflammation_extent_type","logical","other",FALSE,601,0,601,0,""
"tcga.xml_viral_hepatitis_serologies","logical","other",FALSE,601,0,601,0,""
"tcga.xml_ablations","logical","other",FALSE,601,0,601,0,""
"tcga.xml_tumor_residual_disease","logical","other",FALSE,601,0,601,0,""
"tcga.xml_jewish_origin","logical","other",FALSE,601,0,601,0,""
"tcga.xml_zone_of_origin","logical","other",FALSE,601,0,601,0,""
"tcga.xml_tumor_levels","logical","other",FALSE,601,0,601,0,""
"tcga.xml_days_to_bone_scan_performed","logical","other",FALSE,601,0,601,0,""
"tcga.xml_bone_scan_results","logical","other",FALSE,601,0,601,0,""
"tcga.xml_diagnostic_ct_abd_pelvis_performed","logical","other",FALSE,601,0,601,0,""
"tcga.xml_diagnostic_ct_abd_pelvis_results","logical","other",FALSE,601,0,601,0,""
"tcga.xml_diagnostic_mri_performed","logical","other",FALSE,601,0,601,0,""
"tcga.xml_diagnostic_mri_results","logical","other",FALSE,601,0,601,0,""
"tcga.xml_lymphnodes_examined","logical","other",FALSE,601,0,601,0,""
"tcga.xml_number_of_lymphnodes_examined","logical","other",FALSE,601,0,601,0,""
"tcga.xml_biochemical_recurrence","logical","other",FALSE,601,0,601,0,""
"tcga.xml_days_to_first_biochemical_recurrence","logical","other",FALSE,601,0,601,0,""
"tcga.xml_primary_pathology_specimen_collection_method_name","logical","other",FALSE,601,0,601,0,""
"tcga.xml_primary_pathology_history_prior_surgery_type_other","logical","other",FALSE,601,0,601,0,""
"tcga.xml_primary_pathology_vascular_tumor_cell_type","logical","other",FALSE,601,0,601,0,""
"tcga.xml_primary_pathology_perineural_invasion_present","logical","other",FALSE,601,0,601,0,""
"tcga.xml_primary_pathology_child_pugh_classification_grade","logical","other",FALSE,601,0,601,0,""
"tcga.xml_primary_pathology_ca_19_9_level","logical","other",FALSE,601,0,601,0,""
"tcga.xml_primary_pathology_ca_19_9_level_lower","logical","other",FALSE,601,0,601,0,""
"tcga.xml_primary_pathology_ca_19_9_level_upper","logical","other",FALSE,601,0,601,0,""
"tcga.xml_primary_pathology_fetoprotein_outcome_value","logical","other",FALSE,601,0,601,0,""
"tcga.xml_primary_pathology_fetoprotein_outcome_lower_limit","logical","other",FALSE,601,0,601,0,""
"tcga.xml_primary_pathology_fetoprotein_outcome_upper_limit","logical","other",FALSE,601,0,601,0,""
"tcga.xml_primary_pathology_platelet_result_count","logical","other",FALSE,601,0,601,0,""
"tcga.xml_primary_pathology_platelet_result_lower_limit","logical","other",FALSE,601,0,601,0,""
"tcga.xml_primary_pathology_platelet_result_upper_limit","logical","other",FALSE,601,0,601,0,""
"tcga.xml_primary_pathology_prothrombin_time_result_value","logical","other",FALSE,601,0,601,0,""
"tcga.xml_primary_pathology_inter_norm_ratio_lower_limit","logical","other",FALSE,601,0,601,0,""
"tcga.xml_primary_pathology_intern_norm_ratio_upper_limit","logical","other",FALSE,601,0,601,0,""
"tcga.xml_primary_pathology_albumin_result_specified_value","logical","other",FALSE,601,0,601,0,""
"tcga.xml_primary_pathology_albumin_result_lower_limit","logical","other",FALSE,601,0,601,0,""
"tcga.xml_primary_pathology_albumin_result_upper_limit","logical","other",FALSE,601,0,601,0,""
"tcga.xml_primary_pathology_bilirubin_upper_limit","logical","other",FALSE,601,0,601,0,""
"tcga.xml_primary_pathology_bilirubin_lower_limit","logical","other",FALSE,601,0,601,0,""
"tcga.xml_primary_pathology_total_bilirubin_upper_limit","logical","other",FALSE,601,0,601,0,""
"tcga.xml_primary_pathology_creatinine_value_in_mg_dl","logical","other",FALSE,601,0,601,0,""
"tcga.xml_primary_pathology_creatinine_lower_level","logical","other",FALSE,601,0,601,0,""
"tcga.xml_primary_pathology_creatinine_upper_limit","logical","other",FALSE,601,0,601,0,""
"tcga.xml_primary_pathology_fibrosis_ishak_score","logical","other",FALSE,601,0,601,0,""
"tcga.xml_primary_pathology_cholangitis_tissue_evidence","logical","other",FALSE,601,0,601,0,""
"tcga.xml_antireflux_treatment","logical","other",FALSE,601,0,601,0,""
"tcga.xml_family_history_of_stomach_cancer","logical","other",FALSE,601,0,601,0,""
"tcga.xml_number_of_relatives_with_stomach_cancer","logical","other",FALSE,601,0,601,0,""
"tcga.xml_primary_pathology_histological_type_list","logical","other",FALSE,601,0,601,0,""
"tcga.xml_primary_pathology_history_myasthenia_gravis","logical","other",FALSE,601,0,601,0,""
"tcga.xml_primary_pathology_section_myasthenia_gravis","logical","other",FALSE,601,0,601,0,""
"recount_project.project","character","other",FALSE,601,601,0,1,"LUAD"
"recount_project.organism","character","other",FALSE,601,601,0,1,"Homo sapiens"
"recount_project.file_source","character","other",FALSE,601,601,0,1,"data_sources/tcga"
"recount_project.metadata_source","character","other",FALSE,601,601,0,1,"data_sources/tcga"
"recount_project.date_processed","character","other",FALSE,601,601,0,1,"2019-12-01"
"recount_qc.aligned_reads..chrm","numeric","qc_or_flag",TRUE,601,601,0,418,"2.91 | 2.37 | 2.17 | 7.75 | 8.02"
"recount_qc.aligned_reads..chrx","numeric","qc_or_flag",TRUE,601,601,0,177,"2.83 | 2.88 | 1.9 | 2.77 | 2.33"
"recount_qc.aligned_reads..chry","numeric","qc_or_flag",TRUE,601,601,0,22,"0.02 | 0.04 | 0.03 | 0.1 | 0.06"
"recount_qc.bc_auc.all_reads_all_bases","numeric","qc_or_flag",TRUE,601,601,0,601,"5090930015 | 9337024963 | 4988597037 | 3898861319 | 4697925843"
"recount_qc.bc_auc.all_reads_annotated_bases","numeric","qc_or_flag",TRUE,601,601,0,601,"7039716806 | 13042283464 | 6813848386 | 5515678983 | 6787547440"
"recount_qc.bc_auc.unique_reads_all_bases","numeric","qc_or_flag",TRUE,601,601,0,601,"4727549856 | 8641055910 | 4447462662 | 3569943810 | 4351856988"
"recount_qc.bc_auc.unique_reads_annotated_bases","numeric","qc_or_flag",TRUE,601,601,0,601,"6647948155 | 12220526375 | 6338738169 | 5142081311 | 6378891918"
"recount_qc.bc_auc.all_.","numeric","qc_or_flag",TRUE,601,601,0,447,"138.28 | 139.68 | 136.59 | 141.47 | 144.48"
"recount_qc.bc_auc.unique_.","numeric","qc_or_flag",TRUE,601,601,0,444,"140.62 | 141.42 | 142.52 | 144.04 | 146.58"
"recount_qc.bc_frag.count","integer","qc_or_flag",TRUE,601,601,0,601,"54044086 | 98483477 | 52720009 | 41038063 | 49668044"
"recount_qc.bc_frag.kallisto_count","integer","qc_or_flag",TRUE,601,601,0,601,"42318714 | 78083868 | 43201008 | 34749232 | 41151465"
"recount_qc.bc_frag.kallisto_mean_length","numeric","qc_or_flag",TRUE,601,601,0,600,"285.256 | 252.65 | 259.229 | 241.081 | 243.146"
"recount_qc.bc_frag.mean_length","numeric","qc_or_flag",TRUE,601,601,0,601,"2474.167 | 3376.769 | 2209.671 | 1705.276 | 1472.129"
"recount_qc.bc_frag.mode_length","integer","qc_or_flag",TRUE,601,601,0,33,"187 | 145 | 166 | 147 | 135"
"recount_qc.bc_frag.mode_length_count","integer","qc_or_flag",TRUE,601,601,0,601,"209648 | 565371 | 310480 | 227967 | 282947"
"recount_qc.exon_fc.all_.","numeric","qc_or_flag",TRUE,601,601,0,421,"84.09 | 88.99 | 85.99 | 82.99 | 88.11"
"recount_qc.exon_fc.unique_.","numeric","qc_or_flag",TRUE,601,601,0,416,"90.54 | 96.16 | 96.4 | 90.63 | 95.1"
"recount_qc.exon_fc_count_all.total","integer","qc_or_flag",TRUE,601,601,0,601,"64648477 | 114601092 | 74556893 | 48350457 | 58399651"
"recount_qc.exon_fc_count_all.assigned","integer","qc_or_flag",TRUE,601,601,0,601,"45444720 | 87642764 | 45334431 | 34058047 | 43764770"
"recount_qc.exon_fc_count_unique.total","integer","qc_or_flag",TRUE,601,601,0,601,"64648477 | 114601092 | 74556893 | 48350457 | 58399651"
"recount_qc.exon_fc_count_unique.assigned","integer","qc_or_flag",TRUE,601,601,0,601,"45444720 | 87642764 | 45334431 | 34058047 | 43764770"
"recount_qc.gene_fc.all_.","numeric","qc_or_flag",TRUE,601,601,0,424,"84.36 | 89.88 | 87.18 | 84.31 | 88.95"
"recount_qc.gene_fc.unique_.","numeric","qc_or_flag",TRUE,601,601,0,412,"86.11 | 91.31 | 91.84 | 90.4 | 86.93"
"recount_qc.gene_fc_count_all.total","integer","qc_or_flag",TRUE,601,601,0,601,"64648477 | 114601092 | 74556893 | 48350457 | 58399651"
"recount_qc.gene_fc_count_all.assigned","integer","qc_or_flag",TRUE,601,601,0,601,"45589341 | 88517676 | 45962297 | 34598356 | 44180318"
"recount_qc.gene_fc_count_unique.total","integer","qc_or_flag",TRUE,601,601,0,601,"64648477 | 114601092 | 74556893 | 48350457 | 58399651"
"recount_qc.gene_fc_count_unique.assigned","integer","qc_or_flag",TRUE,601,601,0,601,"43220925 | 83228636 | 43188970 | 32359325 | 41601083"
"recount_qc.intron_sum","numeric","qc_or_flag",TRUE,601,601,0,601,"198283341 | 123308583 | 59532812 | 135326900 | 85699717"
"recount_qc.intron_sum_.","numeric","qc_or_flag",TRUE,601,601,0,285,"3.89 | 1.32 | 1.19 | 3.47 | 1.82"
"recount_qc.star.._of_chimeric_reads","numeric","qc_or_flag",TRUE,601,601,0,209,"2.8 | 2.03 | 3.08 | 2.48 | 2.38"
"recount_qc.star.._of_reads_mapped_to_multiple_loci","numeric","qc_or_flag",TRUE,601,601,0,348,"6.62 | 6.94 | 10.07 | 8.03 | 6.89"
"recount_qc.star.._of_reads_mapped_to_too_many_loci","numeric","qc_or_flag",TRUE,601,601,0,34,"0.08 | 0.06 | 0.09 | 0.16 | 0.12"
"recount_qc.star.._of_reads_unmapped._other","numeric","qc_or_flag",TRUE,601,601,0,30,"0.04 | 0.03 | 0.11 | 0.05 | 0.06"
"recount_qc.star.._of_reads_unmapped._too_many_mismatches","numeric","qc_or_flag",TRUE,601,601,0,1,"0"
"recount_qc.star.._of_reads_unmapped._too_short","numeric","qc_or_flag",TRUE,601,601,0,337,"6.97 | 6.72 | 6.67 | 4.61 | 6.12"
"recount_qc.star.all_mapped_reads","integer","qc_or_flag",TRUE,601,601,0,601,"54044086 | 98483477 | 52720009 | 41038063 | 49668044"
"recount_qc.star.average_input_read_length","integer","qc_or_flag",TRUE,601,601,0,3,"96 | 100 | 97"
"recount_qc.star.average_mapped_length","numeric","qc_or_flag",TRUE,601,601,0,151,"94.26 | 94.85 | 94.64 | 95.07 | 94.65"
"recount_qc.star.deletion_average_length","numeric","qc_or_flag",TRUE,601,601,0,48,"1.48 | 1.43 | 1.46 | 1.42 | 1.28"
"recount_qc.star.deletion_rate_per_base","numeric","qc_or_flag",TRUE,601,601,0,8,"0 | 0.01 | 0.07 | 0.04 | 0.05"
"recount_qc.star.insertion_average_length","numeric","qc_or_flag",TRUE,601,601,0,26,"1.21 | 1.22 | 1.2 | 1.19 | 1.23"
"recount_qc.star.insertion_rate_per_base","numeric","qc_or_flag",TRUE,601,601,0,5,"0.01 | 0 | 0.02 | 0.22 | 1.39"
"recount_qc.star.mapping_speed._million_of_reads_per_hour","numeric","qc_or_flag",TRUE,601,601,0,587,"747.91 | 713.8 | 674 | 735.53 | 753.83"
"recount_qc.star.mismatch_rate_per_base._.","numeric","qc_or_flag",TRUE,601,601,0,86,"0.34 | 0.47 | 0.53 | 0.2 | 0.23"
"recount_qc.star.number_of_chimeric_reads","integer","qc_or_flag",TRUE,601,601,0,601,"1629972 | 2149586 | 1740702 | 1067624 | 1260230"
"recount_qc.star.number_of_input_reads","integer","qc_or_flag",TRUE,601,601,0,601,"58170410 | 105682279 | 56541442 | 43110380 | 52977600"
"recount_qc.star.number_of_reads_mapped_to_multiple_loci","integer","qc_or_flag",TRUE,601,601,0,601,"3851100 | 7338185 | 5692189 | 3460906 | 3650036"
"recount_qc.star.number_of_reads_mapped_to_too_many_loci","integer","qc_or_flag",TRUE,601,601,0,599,"47739 | 61054 | 33621 | 37853 | 40105"
"recount_qc.star.number_of_reads_unmapped._other","integer","qc_or_flag",TRUE,601,601,0,599,"21741 | 32739 | 16148 | 45315 | 28889"
"recount_qc.star.number_of_reads_unmapped._too_many_mismatches","integer","qc_or_flag",TRUE,601,601,0,1,"0"
"recount_qc.star.number_of_reads_unmapped._too_short","integer","qc_or_flag",TRUE,601,601,0,600,"4056844 | 7105009 | 3771664 | 1989149 | 3240562"
"recount_qc.star.number_of_splices._at.ac","integer","qc_or_flag",TRUE,601,601,0,563,"3455 | 6172 | 2964 | 2717 | 3642"
"recount_qc.star.number_of_splices._annotated_.sjdb.","integer","qc_or_flag",TRUE,601,601,0,1,"0"
"recount_qc.star.number_of_splices._gc.ag","integer","qc_or_flag",TRUE,601,601,0,598,"46033 | 103901 | 39173 | 29790 | 43597"
"recount_qc.star.number_of_splices._gt.ag","integer","qc_or_flag",TRUE,601,601,0,601,"6766456 | 14823118 | 7124382 | 4670085 | 6718995"
"recount_qc.star.number_of_splices._non.canonical","integer","qc_or_flag",TRUE,601,601,0,600,"22125 | 40654 | 29006 | 13293 | 17902"
"recount_qc.star.number_of_splices._total","integer","qc_or_flag",TRUE,601,601,0,601,"6838069 | 14973845 | 7195525 | 4715885 | 6784136"
"recount_qc.star.uniquely_mapped_reads_.","numeric","qc_or_flag",TRUE,601,601,0,421,"86.29 | 86.24 | 83.17 | 87.16 | 86.86"
"recount_qc.star.uniquely_mapped_reads_number","integer","qc_or_flag",TRUE,601,601,0,601,"50192986 | 91145292 | 47027820 | 37577157 | 46018008"
"recount_qc.junction_count","integer","qc_or_flag",TRUE,601,601,0,599,"210310 | 251197 | 201395 | 205653 | 212174"
"recount_qc.junction_coverage","integer","qc_or_flag",TRUE,601,601,0,601,"7208759 | 16095197 | 7647135 | 5142981 | 7115489"
"recount_qc.junction_avg_coverage","numeric","qc_or_flag",TRUE,601,601,0,601,"34.276824687366 | 64.074001679956 | 37.970828471412 | 25.008052398944 | 33.53610244422"
"recount_qc.star.number_of_input_reads_both","numeric","qc_or_flag",TRUE,601,601,0,601,"58170410 | 105682279 | 56541442 | 43110380 | 52977600"
"recount_qc.star.all_mapped_reads_both","numeric","qc_or_flag",TRUE,601,601,0,601,"54044086 | 98483477 | 52720009 | 41038063 | 49668044"
"recount_qc.star.number_of_chimeric_reads_both","numeric","qc_or_flag",TRUE,601,601,0,601,"1629972 | 2149586 | 1740702 | 1067624 | 1260230"
"recount_qc.star.number_of_reads_mapped_to_multiple_loci_both","numeric","qc_or_flag",TRUE,601,601,0,601,"3851100 | 7338185 | 5692189 | 3460906 | 3650036"
"recount_qc.star.number_of_reads_mapped_to_too_many_loci_both","numeric","qc_or_flag",TRUE,601,601,0,599,"47739 | 61054 | 33621 | 37853 | 40105"
"recount_qc.star.number_of_reads_unmapped._other_both","numeric","qc_or_flag",TRUE,601,601,0,599,"21741 | 32739 | 16148 | 45315 | 28889"
"recount_qc.star.number_of_reads_unmapped._too_many_mismatches_both","numeric","qc_or_flag",TRUE,601,601,0,1,"0"
"recount_qc.star.number_of_reads_unmapped._too_short_both","numeric","qc_or_flag",TRUE,601,601,0,600,"4056844 | 7105009 | 3771664 | 1989149 | 3240562"
"recount_qc.star.uniquely_mapped_reads_number_both","numeric","qc_or_flag",TRUE,601,601,0,601,"50192986 | 91145292 | 47027820 | 37577157 | 46018008"
"recount_qc.star.._mapped_reads_both","numeric","qc_or_flag",TRUE,601,601,0,81,"92.9 | 93.2 | 95.2 | 93.8 | 90.8"
"recount_qc.star.._chimeric_reads_both","numeric","qc_or_flag",TRUE,601,601,0,39,"2.8 | 2 | 3.1 | 2.5 | 2.4"
"recount_qc.star.._reads_mapped_to_multiple_loci_both","numeric","qc_or_flag",TRUE,601,601,0,88,"6.6 | 6.9 | 10.1 | 8 | 8.9"
"recount_qc.star.._reads_mapped_to_too_many_loci_both","numeric","qc_or_flag",TRUE,601,601,0,8,"0.1 | 0.2 | 0 | 0.5 | 0.3"
"recount_qc.star.._reads_unmapped._other_both","numeric","qc_or_flag",TRUE,601,601,0,7,"0 | 0.1 | 0.2 | 0.4 | 0.3"
"recount_qc.star.._reads_unmapped._too_many_mismatches_both","numeric","qc_or_flag",TRUE,601,601,0,1,"0"
"recount_qc.star.._reads_unmapped._too_short_both","numeric","qc_or_flag",TRUE,601,601,0,82,"7 | 6.7 | 4.6 | 6.1 | 9"
"recount_qc.star.uniquely_mapped_reads_._both","numeric","qc_or_flag",TRUE,601,601,0,119,"86.3 | 86.2 | 83.2 | 87.2 | 86.9"
"recount_seq_qc.min_len","integer","qc_or_flag",TRUE,601,601,0,2,"48 | 50"
"recount_seq_qc.max_len","integer","qc_or_flag",TRUE,601,601,0,2,"48 | 50"
"recount_seq_qc.avg_len","numeric","qc_or_flag",TRUE,601,601,0,2,"48 | 50"
"recount_seq_qc..distinct_quality_values","integer","qc_or_flag",TRUE,601,601,0,1,"38"
"recount_seq_qc..bases","numeric","qc_or_flag",TRUE,601,601,0,601,"2792179680 | 5072749392 | 2713989216 | 2069298240 | 2542924800"
"recount_seq_qc..a","numeric","qc_or_flag",TRUE,601,601,0,53,"25.4 | 24.5 | 23.9 | 24.4 | 24.1"
"recount_seq_qc..c","numeric","qc_or_flag",TRUE,601,601,0,48,"24.7 | 25.6 | 26.3 | 25.8 | 25.9"
"recount_seq_qc..g","numeric","qc_or_flag",TRUE,601,601,0,48,"24.4 | 24.8 | 25.7 | 24.3 | 25.1"
"recount_seq_qc..t","numeric","qc_or_flag",TRUE,601,601,0,42,"25.5 | 25.1 | 24.1 | 25.6 | 24.7"
"recount_seq_qc..n","numeric","qc_or_flag",TRUE,601,601,0,8,"0 | 0.1 | 0.3 | 0.4 | 1.1"
"recount_seq_qc.avgq","numeric","qc_or_flag",TRUE,601,601,0,45,"36.5 | 37 | 37.9 | 38.4 | 37.7"
"recount_seq_qc.errq","numeric","qc_or_flag",TRUE,601,601,0,96,"23 | 23.9 | 25.1 | 27.2 | 26.6"
"BigWigURL","character","other",FALSE,601,601,0,601,"https://recount-opendata.s3.amazonaws.com/recount3/release/human/data_sources/tcga/base_sums/AD/LUAD/05/tcga.base_sums.LUAD_5b1e3218-61b6-4d10-8815-c1038c739f05.ALL.bw | https://recount-opendata.s3.amazonaws.com/recount3/release/human/data_sources/tcga/base_sums/AD/LUAD/0C/tcga.base_sums.LUAD_c3257122-09a9-449c-be4a-107703def60c.ALL.bw | https://recount-opendata.s3.amazonaws.com/recount3/release/human/data_sources/tcga/base_sums/AD/LUAD/20/tcga.base_sums.LUAD_6a4c997f-2f28-4888-8d4c-c2dc8b108520.ALL.bw | https://recount-opendata.s3.amazonaws.com/recount3/release/human/data_sources/tcga/base_sums/AD/LUAD/20/tcga.base_sums.LUAD_dc7450dc-4a7a-48ee-bef1-f5e5b46db020.ALL.bw | https://recount-opendata.s3.amazonaws.com/recount3/release/human/data_sources/tcga/base_sums/AD/LUAD/26/tcga.base_sums.LUAD_642c8ec2-4829-4b2b-af17-a6b52a793e26.ALL.bw"
