"final_observation_index","tcga_sample_barcode","sample_id","sample_submitter_id","case_id","case_submitter_id","sample_type","group","batch_number","tissue_source_site","tissue_source_site_code","n_expression_records_aggregated","raw_library_size_before_filtering","raw_library_size_after_filtering","tmm_normalization_factor","effective_library_size","MDS1","MDS2","PC1","PC2","PC3","PC4","PC5","RLE_median_logCPM","RLE_IQR_logCPM"
1,"TCGA-55-7911-01","49cf5040-2d73-4538-8825-7fba37379289","TCGA-55-7911-01A","1f0a5312-0590-4230-9da9-fd0cfe693586","TCGA-55-7911","Primary Tumor","tumor","196","International Genomics Consortium","55",1,49910355,49887835,1.11979288958654,55864042.9098668,0.00577868429308299,-1.97119131030526,-27.0052736783455,11.0533117820505,-18.8073356254295,60.5639295271497,-18.0706253362379,0,0.981817912788356
2,"TCGA-44-2656-01","5593f581-3d45-4a4a-a525-bfae1f4753a0","TCGA-44-2656-01A","42ca54fc-c1ae-41cd-bca1-7fe9810db460","TCGA-44-2656","Primary Tumor","tumor","37","Christiana Healthcare","44",1,97684569,97657770,0.979357164242913,95641836.6934866,0.152486727590749,-1.44469986184965,-3.49855950871536,-45.8390058116933,-16.411423474141,46.8968279373771,17.9479984110156,0.0108355368821271,0.83303330916784
3,"TCGA-44-2657-11","e443f8b9-d975-4e40-bb62-af4380ceb520","TCGA-44-2657-11A","f40301ba-831e-4afd-9ce8-5f3c1a05ff7e","TCGA-44-2657","Solid Tissue Normal","normal","52","Christiana Healthcare","44",1,50463042,50448788,0.967197072929442,48793920.086438,2.28435537078748,0.210790389975907,120.400690821668,-34.2346085012254,-9.90749799762662,-16.3303037116999,23.685559516745,-5.32907051820075e-15,0.879783829947993
4,"TCGA-44-5644-01","597d38ff-839c-4fe3-b889-efd0f680b715","TCGA-44-5644-01A","1fc81cd4-fa89-4135-8c3c-027ffae82b05","TCGA-44-5644","Primary Tumor","tumor","166","Christiana Healthcare","44",1,37876719,37843319,1.06026769206483,40124048.4962033,-1.88636120569471,1.97627108861722,-99.7237287132129,80.9718857534643,-13.0435168737072,-86.6618394600897,-10.4413289914171,0.0131712724513116,1.45949149300717
5,"TCGA-55-8616-01","2f073ffa-787e-4657-b1cd-d2db4865c809","TCGA-55-8616-01A","fe714ac0-f874-426a-924b-a2980232b5f7","TCGA-55-8616","Primary Tumor","tumor","238","International Genomics Consortium","55",1,48610491,48597444,1.03581757868781,50338086.7744963,0.413192805606191,-0.327853743063043,6.60704827220729,48.2795696590416,-6.0550077146902,43.1614979434254,-9.33456149179957,0.0234229046066108,1.00034563682538
6,"TCGA-91-A4BC-01","485a7981-a812-4c8c-a288-4f5cd8a50607","TCGA-91-A4BC-01A","ea0b9461-0d4d-4ade-a255-1b03dd85e30e","TCGA-91-A4BC","Primary Tumor","tumor","258","ABS - IUPUI","91",1,48538763,48514190,0.950796827986854,46127137.9643516,-1.92513403504223,0.724020970269139,-59.1131009620904,20.7018974676126,-95.9994632471771,-51.7382818326933,19.150849828517,0.0113166509289466,1.18742959578457
7,"TCGA-L9-A444-01","452d513d-d9f8-40bf-a3a7-75453c875561","TCGA-L9-A444-01A","4a1d30e8-e93a-41ed-8e54-08eaff6556a7","TCGA-L9-A444","Primary Tumor","tumor","258","Candler","L9",1,40571324,40555082,0.977266683707756,39633130.4936361,-0.600729688685958,-1.90403636447399,-21.4574323360039,16.7282771282452,-75.2545146400695,54.4584897727772,1.72695689868493,-5.32907051820075e-15,1.06072166517331
8,"TCGA-80-5607-01","4736860e-fd90-40d1-815e-e1d164123dd8","TCGA-80-5607-01A","645903b5-ba37-48a1-985b-a019b8db3236","TCGA-80-5607","Primary Tumor","tumor","160","Ontario Institute for Cancer Research (OICR)/Ottawa","80",1,31780588,31771267,1.03294634700794,32818014.1874638,0.633524497997972,-0.419349809560313,10.946106711326,-8.13513478271004,15.0001195467978,31.5254834410407,14.8419019507736,-0.00245558379008903,0.853810497131693
9,"TCGA-97-8175-01","a05b004e-8a92-4520-a3e1-85ed60db14fa","TCGA-97-8175-01A","f4350d9c-3f40-4829-bbc4-8acb2f3ff512","TCGA-97-8175","Primary Tumor","tumor","222","Washington University - NYU","97",1,75336023,75312677,0.981318044001844,73905688.8821827,-0.343341907790454,-1.45338772829794,-30.410334414528,-8.20441066615498,22.1249809286109,66.3799810464316,-23.5420797710222,0.00277163638602251,0.972831115126073
10,"TCGA-55-7281-01","afec3b25-c3f7-4e48-8fb0-6fb4dd581081","TCGA-55-7281-01A","659668e8-f0d9-4ff2-bbc8-9246f2ef49ab","TCGA-55-7281","Primary Tumor","tumor","166","International Genomics Consortium","55",1,51462737,51451285,0.878122618698086,45180537.1195816,0.255080669011694,-1.66594006882681,5.02000700680036,-21.3971425199897,6.22822763330138,77.0708576901602,10.357915051246,-0.0103813745624783,0.989518760027648
11,"TCGA-78-8662-01","cffeea21-61c8-4f86-b8d3-e67b019768cc","TCGA-78-8662-01A","16e64a1e-08b0-4c27-8c69-fa64551f8ca4","TCGA-78-8662","Primary Tumor","tumor","238","Prince Charles Hospital","78",1,38180094,38167042,0.990435723980587,37802001.8754675,0.340348714872723,-0.849186157799383,-55.9251722809454,52.1842193603583,84.4731074681856,30.2896710956841,-61.4658217315072,-0.0565157330730397,1.6055832602114
12,"TCGA-50-5068-01","63d5b15a-fb94-4b8b-9e93-1dd1cc0a157f","TCGA-50-5068-01A","591c068f-bbb1-4df2-9abb-d1a2e4a58372","TCGA-50-5068","Primary Tumor","tumor","84","University of Pittsburgh","50",1,34871033,34862241,0.955744681410068,33319401.417786,0.498236373168162,-0.933114996812514,3.35506195277782,-51.7150755119735,26.5122230899357,55.527196968969,91.7913368982227,-0.0430394700041843,1.67254058047762
13,"TCGA-91-6849-11","7f82cda9-daa0-469f-9157-e6c30171150f","TCGA-91-6849-11A","953a908d-0993-42f6-853b-512611d19a2c","TCGA-91-6849","Solid Tissue Normal","normal","160","ABS - IUPUI","91",1,33998048,33985366,1.060687840094,36047864.4573441,3.3094216689131,1.02495634877041,165.973663681482,10.0267083814326,13.4024979947656,-43.1033838578553,-26.9708734993878,-0.0087345565247885,1.0794007821054
14,"TCGA-44-6145-11","420fd4eb-e667-4f53-811c-b128d261acf8","TCGA-44-6145-11A","6144d666-8f77-4efe-95f1-f9e5c4e5e056","TCGA-44-6145","Solid Tissue Normal","normal","119","Christiana Healthcare","44",1,41176615,41165743,0.913234976615188,37593996.3459518,3.04940344924527,0.213476871501624,147.556598874593,-15.5675767006709,21.1557483176142,-17.9658502766916,-11.1502678375021,-0.00855750644799802,0.951710114922179
15,"TCGA-86-A456-01","e48c5428-b22b-40a8-8f42-193c68e48f07","TCGA-86-A456-01A","8e2aca86-7cba-4631-9f25-4d14219dbc6d","TCGA-86-A456","Primary Tumor","tumor","258","Asterand","86",1,42727841,42711351,1.0982551927744,46907963.02616,0.691314774828486,-1.04212400665405,25.3896162978459,52.0166958604077,-14.6350378247328,49.5440356794708,-18.1667475399142,-0.000453788543157627,0.972692715826401
16,"TCGA-55-1592-01","e190a9e4-10ae-4060-a071-4b8b73479023","TCGA-55-1592-01A","a41c46da-7ed4-4192-bd16-b3cbb94a5133","TCGA-55-1592","Primary Tumor","tumor","37","International Genomics Consortium","55",1,90497363,90409376,1.16356776212729,105197435.307645,-0.453753988585027,0.580217896269352,-8.4089429276888,20.556013159411,-9.28845650505082,-32.0396623735147,-27.0431478371504,0.027112430878677,0.863715622165743
17,"TCGA-49-4486-01","5ae9b10f-347c-48c3-90cd-9290055cfe4b","TCGA-49-4486-01A","61c655ec-52b5-453f-a6cc-b2aba445b027","TCGA-49-4486","Primary Tumor","tumor","58","Johns Hopkins","49",1,101567031,101550056,0.685966173398277,69659903.3227008,0.993457470488572,0.402443569538605,-1.15315959741698,64.7804216741559,141.330691927713,31.0637451191143,89.111910157084,-0.0298161426133512,1.62364601808561
18,"TCGA-91-6835-11","d6ef8f0b-39ad-42bd-b2bd-62b42bbb69e2","TCGA-91-6835-11A","2f09479f-87fc-4c34-8e2c-333e970a3681","TCGA-91-6835","Solid Tissue Normal","normal","144","ABS - IUPUI","91",1,39518569,39499451,1.13424558578835,44802077.9378132,2.73551914556668,1.28543183637169,130.952135452533,16.8377192020827,-13.7338734374238,-27.3184184826214,-19.5764387407325,-0.007561855703619,0.952695102334184
19,"TCGA-69-A59K-01","af5e9c02-8823-4c78-8238-fdc419e5d309","TCGA-69-A59K-01A","67fa3e41-c7c6-44c5-9e67-6bcb2715aacc","TCGA-69-A59K","Primary Tumor","tumor","278","Washington University - Cleveland Clinic","69",1,51372699,51341180,1.06848800273333,54857434.8761724,-0.406463096682619,-0.357329710445062,-31.2449053534712,9.50094765255024,-46.0274364554652,13.5227756579697,-30.2551020768799,0.00033997040977507,1.22236474166472
20,"TCGA-78-7147-01","5d0e7b83-5577-450a-b1a5-59ca03fc3bc5","TCGA-78-7147-01A","e7d30bc2-42e8-49c5-a5b3-9f58411b007a","TCGA-78-7147","Primary Tumor","tumor","166","Prince Charles Hospital","78",1,64317169,64297512,1.08211685211987,69577421.2845793,0.392044775824691,-0.122926015154188,-14.2084572369173,51.9358825640691,15.0928578281492,46.9018316415451,-12.4157159742795,0.0506538956241245,1.06652636293396
21,"TCGA-55-6986-01","9622c370-68d0-48da-a7e0-5eb4765b6f27","TCGA-55-6986-01A","028e99e9-5b9a-4954-bb6e-6d4709a3cea8","TCGA-55-6986","Primary Tumor","tumor","160","International Genomics Consortium","55",1,36963510,36954517,0.998812948397022,36910650.0813579,0.601591778194789,-1.08701676813156,15.4749829314167,-4.86476735854224,31.6585074681983,35.2677647751947,7.10642534321485,-0.0150379797705741,0.925648364443469
22,"TCGA-44-3919-01","9de8d353-3442-41d8-8bfe-a08c4975eaca","TCGA-44-3919-01A","66ed89f6-8ba2-49d0-af0f-4b6ebf2381bf","TCGA-44-3919","Primary Tumor","tumor","52","Christiana Healthcare","44",1,80847497,80825782,1.10238116274034,89100819.5405575,0.107963171345938,-1.02201206305321,8.55430098000539,-10.8193565602258,-41.1351141831976,38.2523480408358,8.54324425826553,0.0178552084909322,0.693308962871129
23,"TCGA-97-8179-01","7e66ee53-b64f-452e-aeb2-00f97813c126","TCGA-97-8179-01A","11c2e619-8aeb-4f86-b03b-78f9a8099263","TCGA-97-8179","Primary Tumor","tumor","222","Washington University - NYU","97",1,62310312,62286054,1.06123926853797,66100406.3870763,0.936035481396708,0.31998142079364,7.63435358939536,65.0460310577632,62.9946263218204,3.59813504627171,-33.788395541336,0.00910157439577197,1.04606071605224
24,"TCGA-44-7660-01","6c2f3100-7ed8-41dd-9f8f-98b8eb245c12","TCGA-44-7660-01A","a534b96b-1665-444a-9308-e610f2f0e510","TCGA-44-7660","Primary Tumor","tumor","183","Christiana Healthcare","44",1,66275489,66193063,1.05319727993352,69714353.902068,-1.52979130976696,1.61919244252982,-80.9733346933957,26.8887315013257,-17.1943486171464,-64.1311179204811,-54.2718209683747,0.0490682971529866,1.33812601327702
25,"TCGA-71-6725-01","83973755-fa6a-460a-a042-385b34698c39","TCGA-71-6725-01A","4b7cd595-e7f9-45a8-b736-a8c7c42d9539","TCGA-71-6725","Primary Tumor","tumor","144","ILSBio","71",1,84063940,84045801,0.882475737617974,74168380.2311684,0.575952598223923,-1.51547710050821,-25.4270694884983,47.414722833827,57.6702087686232,79.4477640238847,-26.38493518318,0.0055841061906301,1.2850756316533
26,"TCGA-05-4417-01","9ab40e48-6979-43cb-9acf-1d4f474cad4d","TCGA-05-4417-01A","a244a99a-d7cc-4fb1-bc76-b66886481621","TCGA-05-4417","Primary Tumor","tumor","144","Indivumed","05",1,42635327,42625440,0.948526192771458,40431346.3184082,-0.999805061231323,0.533398649313313,-16.9827662955939,-35.5803351370347,-25.9516063634866,-38.8391899087787,54.0476902254134,-0.0254190375033638,0.876877377639472
27,"TCGA-50-8457-01","063385d8-f8bc-4268-8219-63dc2dc7973c","TCGA-50-8457-01A","d45aee46-838e-44af-8422-46710b3240a8","TCGA-50-8457","Primary Tumor","tumor","232","University of Pittsburgh","50",1,63479629,63462574,0.999294776207779,63417818.6828996,0.333265832766849,-0.680451676501104,52.2435762559765,11.9259215713013,-57.4711665334095,18.1543624029254,30.3255957993042,0.0302563703689901,0.858860089418424
28,"TCGA-55-6978-11","bf086e79-d781-4620-b8f5-868e70f293c2","TCGA-55-6978-11A","5134c56f-8286-4ec8-8348-237cee7dad5e","TCGA-55-6978","Solid Tissue Normal","normal","160","International Genomics Consortium","55",1,32759622,32747238,1.09389158733886,35821928.1567833,3.08349515341497,1.338180349334,157.941098617557,1.09810867051295,16.056173828576,-35.7310849561606,-19.7604811456955,-0.0054970342748879,0.981061386677422
29,"TCGA-NJ-A4YG-01","337b38b7-752e-4246-aba2-163140b1e3c7","TCGA-NJ-A4YG-01A","7fd03220-531e-4ef8-beca-e9703e8c0ae1","TCGA-NJ-A4YG","Primary Tumor","tumor","278","Washington University - Rush University","NJ",1,48132552,48113120,0.97179953050541,46756307.4271505,0.0376379229967976,-0.774537578879998,0.883769022933732,45.0958015091682,0.744846426392333,58.5331295056079,16.3367314839426,-0.000892678876009745,0.948681917821698
30,"TCGA-55-6979-11","b431b2d3-66b6-4d0a-b90b-c526341e9170","TCGA-55-6979-11A","5af499be-d2b9-4eaf-9a9f-435dccb51917","TCGA-55-6979","Solid Tissue Normal","normal","160","International Genomics Consortium","55",1,27808367,27800667,0.957594597663259,26621768.5306352,2.67035023547335,-0.32274698447518,129.83969507701,-22.3594759188229,15.523544690858,-8.04129393127813,-6.94695059960758,-0.0157753462031023,0.919370190919918
31,"TCGA-86-8671-01","7d86a05d-f448-4a95-9bbc-6e19338ba98c","TCGA-86-8671-01A","c4cfa3cc-e305-42dd-be57-97efbb891659","TCGA-86-8671","Primary Tumor","tumor","238","Asterand","86",1,48502119,48485839,1.08095262490197,52410894.9376245,0.425044759094013,-0.680648981765503,48.9936550028028,-7.29445540564247,-84.5810965045974,10.7126354751617,13.0530648805983,0.0208975571006047,0.958417144272969
32,"TCGA-69-7765-01","49a4f112-f32d-4b68-989b-d761767ee973","TCGA-69-7765-01A","bcf2e591-9dae-440f-bd03-5f27c57db741","TCGA-69-7765","Primary Tumor","tumor","196","Washington University - Cleveland Clinic","69",1,45597636,45583118,1.00938958634705,46011124.6224286,-0.388948419384828,-1.21759144658915,-7.9264021407074,-33.6456700904601,-30.0418433650427,23.5533891010632,2.30305370320376,-0.0209457268204701,0.880836515670252
33,"TCGA-75-6206-01","4afc6152-819b-4e55-817d-df8a42eb0d36","TCGA-75-6206-01A","c4c1469d-752f-42b6-8686-714ad4a8ac97","TCGA-75-6206","Primary Tumor","tumor","119","Ontario Institute for Cancer Research (OICR)","75",1,37623188,37615863,0.97338429491631,36614690.2839235,0.56057981564535,-0.375169346482018,27.0557521955554,37.4588013146744,59.960272548125,5.98335880009732,7.02895048559848,-0.00858222116816063,0.971134360561839
34,"TCGA-L9-A5IP-01","ef98c575-44c9-4524-8754-45250f60a5c8","TCGA-L9-A5IP-01A","2a43e61e-2151-4c5a-b062-74ce9dfd8d4a","TCGA-L9-A5IP","Primary Tumor","tumor","406","Candler","L9",1,62614324,62584284,0.922085076484577,57708034.2988725,-2.33551161358075,0.930689547519805,-95.2847043094217,-29.5703394972037,16.570518482493,-32.5373501657277,-15.4651573625097,0.00825090772325529,1.26731292808811
35,"TCGA-44-A4SS-01","6176e1f7-8dfd-4de4-8abb-3eff1839de56","TCGA-44-A4SS-01A","f934ed41-090e-4313-bbc5-d1a4a9ed9ad7","TCGA-44-A4SS","Primary Tumor","tumor","264","Christiana Healthcare","44",1,45773902,45755576,1.03644279522233,47423037.0864478,-1.43792430830926,0.66936801365171,-42.3172600408659,-24.1864666871976,-18.4556257316487,-11.9637818483706,-36.9545836108327,0,0.998767804582233
36,"TCGA-05-4433-01","1e9dac94-1a10-47d0-ae92-81d38a264376","TCGA-05-4433-01A","aea68827-dc0f-484d-a00d-06deeaa4b3ce","TCGA-05-4433","Primary Tumor","tumor","144","Indivumed","05",1,36731177,36717978,0.966007129904266,35469828.543668,0.582379834999673,1.53642960968193,32.7600238217626,-17.3150698563331,30.6596280647135,-18.3181514501174,-13.2152239754742,-0.0318130679236578,0.961856244729411
37,"TCGA-69-8254-01","96bdafe1-b0fb-4126-9734-1374d615ef6d","TCGA-69-8254-01A","f0c94f68-bfd9-45cb-b4fd-8bb1ae4e9a2b","TCGA-69-8254","Primary Tumor","tumor","222","Washington University - Cleveland Clinic","69",1,110217934,110140463,0.94823165405895,104438673.409309,0.833457168241424,1.24349540652753,55.3462089575082,14.7235578628655,-31.1921653402601,-1.49779658092289,42.3648622988324,0.0147739192017342,0.874999831309978
38,"TCGA-75-6207-01","323d4a3b-38d8-4428-9135-437a839dc8e4","TCGA-75-6207-01A","58babefe-7e81-4594-ba29-50d1de92a5ab","TCGA-75-6207","Primary Tumor","tumor","119","Ontario Institute for Cancer Research (OICR)","75",1,47746259,47721782,1.10592485348958,52776704.7666119,-0.50675926153023,-1.30730948934884,-55.8305604937536,-14.2105599869469,47.7894630109146,43.7967123201077,-55.0520714520097,-0.00977502560972598,1.26415433389474
39,"TCGA-55-6543-01","8d9491e7-9b14-4988-8fa7-e6af041120bd","TCGA-55-6543-01A","e68219b0-a9c2-49df-8f0d-db5ea97fd2dc","TCGA-55-6543","Primary Tumor","tumor","119","International Genomics Consortium","55",1,45812068,45802272,0.984337609293083,45084898.9206715,0.785258788587312,-0.873181063763856,26.6957811326148,-10.8660244925284,9.96651485490719,33.5393774472291,2.44496392308353,-0.000332711996555601,0.849001075929219
40,"TCGA-05-4418-01","c9e092b2-d6c3-4161-bd9e-0fa4015bebbb","TCGA-05-4418-01A","d2c1e896-6886-4122-bb48-5fbcd3f641f4","TCGA-05-4418","Primary Tumor","tumor","58","Indivumed","05",1,96777542,96736707,0.843929739875795,81638983.974951,-1.90256000594877,1.36403665015947,-86.9731704575543,-67.3116806932096,19.0416739961673,-39.1233036826056,56.0730598459312,0.0013120820975695,1.25122924946613
41,"TCGA-55-8615-01","7873c1a9-b1ea-46cc-b787-dfbad3366494","TCGA-55-8615-01A","06fe7f3e-4edd-4150-981c-93787ea19b39","TCGA-55-8615","Primary Tumor","tumor","238","International Genomics Consortium","55",1,48860331,48842531,0.975444837942698,47643194.7360062,-1.27977130714039,1.36857565146919,-68.8798405226024,88.7872009223402,27.8267642380364,-38.2777224740183,14.3783778084796,0.0138385362364337,1.14717008257877
42,"TCGA-55-8096-01","a5d9be94-1204-49cb-8758-1505d853564c","TCGA-55-8096-01A","36470b30-a3b3-4d28-851b-918a7ff88011","TCGA-55-8096","Primary Tumor","tumor","213","International Genomics Consortium","55",1,90692307,90648184,1.11700539346545,101254510.435848,-1.17579497839547,0.0969563587795023,-17.7415712259878,13.5156263504656,-70.3747042595952,-0.733088899046007,-8.34451459621666,0.0264177730035118,0.97966452050775
43,"TCGA-78-7162-01","5e9ed3d4-fad6-47fc-aa55-c7e710b76dc8","TCGA-78-7162-01A","16cd58db-d52c-403e-9e9c-6da2e99f6bad","TCGA-78-7162","Primary Tumor","tumor","183","Prince Charles Hospital","78",1,73222388,73209403,0.914377198320231,66941008.8058367,1.48454776297859,0.912505105079987,71.5813587232218,-6.53569554553029,45.9126858281333,-33.4175996333642,39.8034737423947,0.0104168321475029,0.882071583923875
44,"TCGA-55-6971-11","32727a14-832e-4a74-9a6f-27cb1658d8b6","TCGA-55-6971-11A","8d0736fe-261c-445c-bfd2-a3ea3ceaf367","TCGA-55-6971","Solid Tissue Normal","normal","160","International Genomics Consortium","55",1,40674380,40658414,0.990999390779216,40292463.5040491,2.62438690593929,-0.523343574278155,142.298213912559,18.2767379521337,24.6048805797484,-15.3848487705669,-51.593414253474,0.00322714802968682,1.05275501738445
45,"TCGA-78-7537-01","42395277-99e9-40db-8fae-b91681b9fd4e","TCGA-78-7537-01A","67a2bc21-7c87-4678-997d-a434de672436","TCGA-78-7537","Primary Tumor","tumor","183","Prince Charles Hospital","78",1,84413797,84396451,0.847826660578494,71553561.2160065,-0.0718637987675989,-0.178708248791439,1.85830881143052,42.7197829439872,20.6559084491343,10.1314454113002,54.3018700615992,-0.00104723255224248,0.992565517135909
46,"TCGA-64-5779-01","4131da8f-3c6c-43e1-a7eb-81cb8988f524","TCGA-64-5779-01A","1c58d9b8-17a2-4fc6-9898-fe6f47bd2c2a","TCGA-64-5779","Primary Tumor","tumor","84","Fox Chase","64",1,40257350,40227750,1.0207844526106,41063861.7635059,-1.71610482401905,0.9051733453308,-53.0998397756762,17.5220812174848,-72.2052154802898,-85.9322352453153,11.339769280156,-0.00767096660640754,1.13117495861104
47,"TCGA-49-AAR0-01","8fa41683-e16d-4f46-a3db-672c9f1b7823","TCGA-49-AAR0-01A","3afa5045-a1ee-4a07-8aad-2e252b2f7d7a","TCGA-49-AAR0","Primary Tumor","tumor","406","Johns Hopkins","49",1,56664428,56627522,1.07416962297413,60827563.9566991,-0.125950728936384,1.90447295656257,2.34345570668672,62.1620497454402,-25.008070203517,-40.1652742468847,30.9557487850502,0.095382518648724,1.10264017029833
48,"TCGA-55-6983-11","f6d0a76c-9baf-458c-b4c7-2784272a2f62","TCGA-55-6983-11A","54a0e4d7-c274-4569-9c25-45bbe26d7f21","TCGA-55-6983","Solid Tissue Normal","normal","160","International Genomics Consortium","55",1,31669204,31659293,0.950885806966929,30104372.3723074,2.86006772184523,0.632424296221435,136.401348165866,5.3819712064271,26.1120582754138,-13.5453154147706,-17.6160002400158,-0.0133243141810857,0.946770667114297
49,"TCGA-44-8120-01","56703aef-270a-4537-b9a1-c9ebbe873411","TCGA-44-8120-01A","83e38dbd-edab-47f2-b19f-6ea38fc6bece","TCGA-44-8120","Primary Tumor","tumor","213","Christiana Healthcare","44",1,83035201,83012566,1.09254635294691,90695076.2320646,0.234535562401376,-1.20740710013078,8.07278785370474,0.146570815951145,15.9739753683228,23.8965101249643,-19.1761884907516,0.000511961203123246,0.903465285199393
50,"TCGA-55-7227-01","65386909-c47a-486f-a8c8-fd9321d83de7","TCGA-55-7227-01A","4e7b2af4-b158-41a7-be22-bea227a759e6","TCGA-55-7227","Primary Tumor","tumor","166","International Genomics Consortium","55",1,42401747,42387785,1.04858708183119,44447283.7784379,0.552659678890797,-1.24986793973416,23.9708338403432,-7.6022412454885,-11.8178768407144,48.5953794089011,-2.38364070181113,0.0129335281114187,0.780182920550296
51,"TCGA-86-8674-01","1a954c08-6297-4c7f-ad8c-e50cb2754f7e","TCGA-86-8674-01A","0a1eea76-e19a-4547-9b24-abf7051cc4db","TCGA-86-8674","Primary Tumor","tumor","238","Asterand","86",1,45406695,45397978,0.888500061836128,40336106.2602352,-0.952524193500698,0.855229979123722,-70.5830448262577,85.325123515034,74.3616121161014,-0.766119578418644,51.0817487961784,-0.0357953554557278,1.35977607019085
52,"TCGA-55-6981-01","2b87b12c-5ca7-4492-a2f6-26f9644e1d5a","TCGA-55-6981-01A","0a45f302-5748-48f3-9dc9-66c01843a68e","TCGA-55-6981","Primary Tumor","tumor","160","International Genomics Consortium","55",1,29317016,29309703,0.977457746049242,28648996.2317527,-0.267902950232621,-1.63291757486286,-30.8527141152116,-3.1897174176619,-12.0330392231235,48.3535528769307,-32.9651528314342,-0.0185034446398529,0.983633489048363
53,"TCGA-NJ-A4YP-01","848cfbda-c996-41e3-ad7a-474814fd3f4e","TCGA-NJ-A4YP-01A","42259aa6-c9f5-4309-a956-dbf930312f44","TCGA-NJ-A4YP","Primary Tumor","tumor","278","Washington University - Rush University","NJ",1,112511774,112472617,1.05065203672127,118169584.126421,-1.27159276956048,0.0843721573941769,-48.2535100743326,16.2256130314817,13.4805357174646,10.9832346522945,24.3915007557889,0,0.947833906632202
54,"TCGA-64-1681-01","8010b0ae-f003-491e-aa81-36a9dff7de96","TCGA-64-1681-01A","c583fdd1-8cd2-4c15-a23e-0644261f65da","TCGA-64-1681","Primary Tumor","tumor","183","Fox Chase","64",1,72823799,72804823,0.992821187001679,72282170.7903071,1.22504668173938,0.219803962395027,48.0385058455271,23.3222507033211,-3.57361201696193,24.3082192892109,17.7500038991559,0.00300847643115003,0.885545020401546
55,"TCGA-69-7974-01","b8a5a1e0-3095-49b6-aae7-f7621c398f59","TCGA-69-7974-01A","3e1df30f-744a-41e9-a169-7dbbff66622e","TCGA-69-7974","Primary Tumor","tumor","204","Washington University - Cleveland Clinic","69",1,85110003,85080580,1.02794357717687,87458035.7534831,0.509887011835996,-0.544992820525166,12.9924884070119,-21.7046492718525,-12.0766085773437,29.5426315466361,-27.7666794150949,0.0157619320303706,0.854548109456656
56,"TCGA-69-7763-01","5aa09c6e-a062-4834-aa6d-4ec1bed510d7","TCGA-69-7763-01A","1b31cdb3-1837-49d6-a857-1830f8800299","TCGA-69-7763","Primary Tumor","tumor","196","Washington University - Cleveland Clinic","69",1,47489662,47479205,0.969583719630625,46035064.189005,0.653616637621316,0.316053766125956,39.6243175881157,-7.48003032863941,14.2231456217039,-14.6003955240261,35.1132417760428,-0.0179117077641088,0.848361624837498
57,"TCGA-55-A4DF-01","36576033-1b30-4d02-977b-983220fc8f32","TCGA-55-A4DF-01A","362000e4-cf7c-48fc-93cc-8f5994b442ea","TCGA-55-A4DF","Primary Tumor","tumor","258","International Genomics Consortium","55",1,52072250,52034924,1.20993459429686,62958854.6592079,-0.958866144696403,1.19897220159522,-48.3372723989011,17.2771408009576,-50.4504208593621,-64.6697731084992,-45.3653420465264,-5.32907051820075e-15,1.24878747062542
58,"TCGA-97-A4M6-01","4b24bb00-acf5-4cf4-a84a-020baa60782d","TCGA-97-A4M6-01A","31ff69b5-9e58-44da-8326-bdfc7ee495c4","TCGA-97-A4M6","Primary Tumor","tumor","264","Washington University - NYU","97",1,52267101,52248743,1.17533182562201,61409610.4966452,0.473665105513426,-0.310586139807918,29.1829296443488,38.1800993392694,-41.9395011794987,26.8212172967153,-0.527252314573419,0.00836769044182306,0.97180243867671
59,"TCGA-55-7914-01","356e0f37-c095-455e-b3ea-252afa34806e","TCGA-55-7914-01A","69dba721-a168-47a4-b7ff-80a448bad654","TCGA-55-7914","Primary Tumor","tumor","196","International Genomics Consortium","55",1,52174270,52144056,1.03806618654943,54128981.3631397,0.354847947143093,-1.12112362443083,-10.559818224424,8.57375635775464,-19.3981113404392,27.1930238403322,12.1584556981093,-5.32907051820075e-15,1.02100343735062
60,"TCGA-L9-A443-01","3e08e880-bb50-4460-b1bf-06064f12d0c2","TCGA-L9-A443-01A","3b89ac82-63f6-41b9-a03d-34b9ffc1550d","TCGA-L9-A443","Primary Tumor","tumor","258","Candler","L9",1,46168550,46148423,1.08623783269911,50128162.9820017,0.0441786629453045,-0.269401627369958,3.68396514404942,72.185627144154,-35.8998050723491,46.6002955258025,10.6560283273239,0.0120776284714476,1.21774807866803
61,"TCGA-50-5933-01","d2355f3a-e2ce-4791-b1fb-b570850681df","TCGA-50-5933-01A","7a0ea814-f0de-4bc4-a81a-daa000559369","TCGA-50-5933","Primary Tumor","tumor","119","University of Pittsburgh","50",1,45605589,45595377,0.975370618789872,44472391.0784475,-1.72851526307233,-2.23254375310136,-53.5412309215591,-104.912634602695,9.19311487194126,35.6038813232376,-51.6626731961709,-0.0198370650256989,1.18588830998785
62,"TCGA-L4-A4E5-01","c12f1638-214d-40f8-a553-b616a52f6933","TCGA-L4-A4E5-01A","32a7b827-c3f9-4607-ae63-dae8caa2bc97","TCGA-L4-A4E5","Primary Tumor","tumor","264","Gundersen Lutheran Health System","L4",1,57038183,57016132,1.06634823785148,60799051.8873074,-0.393994448533698,-1.39205098785004,-59.6183675104108,57.5674490830976,-34.4413745539233,47.2326659576941,-41.5954144908546,-5.32907051820075e-15,1.21572844207277
63,"TCGA-86-8054-01","f716c981-41d1-479d-962e-881d6199abce","TCGA-86-8054-01A","0fe909ea-d52c-4b71-816f-57f62d4a5744","TCGA-86-8054","Primary Tumor","tumor","213","Asterand","86",1,74101373,74048885,1.02090519853253,75596891.6420378,-0.731066184955347,1.1546449706445,-61.1546429477785,20.0803726399586,49.2646601403277,-83.8239565298181,-25.1349511215492,0,1.39721110167158
64,"TCGA-49-4501-01","fc511a67-5383-4877-aeef-36c0b7934b77","TCGA-49-4501-01A","0780eb43-d5b5-4c3d-9825-beacba5cc723","TCGA-49-4501","Primary Tumor","tumor","58","Johns Hopkins","49",1,102691191,102667450,0.992067133881053,101853002.864376,0.293126960647468,-0.628085772944151,17.9083229758382,-21.5999508160512,16.8125172273627,33.9498361754105,42.0420721301795,0.0412998035216141,0.948324739377657
65,"TCGA-55-6980-01","c58243d7-77ea-4806-8298-2e322d5219a3","TCGA-55-6980-01A","2f0710f4-827b-45b2-9b7e-c27385b481a7","TCGA-55-6980","Primary Tumor","tumor","160","International Genomics Consortium","55",1,29906756,29897680,1.01019550329713,30202501.8950164,-0.304671691080361,-0.713692915374799,17.6652804717994,-16.8498735854146,-25.6925535730354,40.2786283720454,-10.4898833268082,-0.00484709238564263,0.905702660032773
66,"TCGA-L4-A4E6-01","6f44f833-1108-4ea1-a472-f3964f2d73a8","TCGA-L4-A4E6-01A","26a92e1b-08d8-45cd-af0c-eaf2514808a2","TCGA-L4-A4E6","Primary Tumor","tumor","258","Gundersen Lutheran Health System","L4",1,52008686,51991689,0.955662911578607,49686528.8876294,1.41410865905441,-0.75627991249197,101.602030770284,7.97275488739987,-20.0634283655827,-2.64529882252655,-24.9989993045052,0.000964245502673711,1.04516122272642
67,"TCGA-95-7567-01","e97a07a0-16bb-40c7-9df4-95dadf83b04c","TCGA-95-7567-01A","3bc7026f-73f2-418b-bd62-f4768582b790","TCGA-95-7567","Primary Tumor","tumor","183","Washington University - Emory","95",1,91689960,91674783,0.922064675028406,84530078.9951946,-1.08951925894513,-1.72387320839667,-65.0764203038817,-23.0650259531728,9.21129863513514,52.980989068172,19.6472633530865,-0.00562638258227774,1.04217413477829
68,"TCGA-55-6970-11","49d32568-b016-4a49-b866-53486697fea7","TCGA-55-6970-11A","7cce924f-12a1-4895-9866-5d4b1869dde6","TCGA-55-6970","Solid Tissue Normal","normal","160","International Genomics Consortium","55",1,33368089,33355794,1.06417601062462,35496435.7901366,2.72247379657584,0.0152114036244686,147.41510704742,-22.5539744884967,-8.14588900449654,-31.9765590592823,-21.626829728466,-5.32907051820075e-15,1.07582828938151
69,"TCGA-97-8172-01","d516aff8-1bb4-4627-885a-0c247ae4ae57","TCGA-97-8172-01A","cbf1f718-6bb7-4daf-b9d6-fb294281decb","TCGA-97-8172","Primary Tumor","tumor","222","Washington University - NYU","97",1,95340144,95300744,1.15624449116119,110190960.253563,0.48728877719817,-0.432331711233855,55.4967434813617,35.4684251241079,-60.8368023181065,-7.18455326760254,2.35409210850665,0.0527615428878949,0.997256290202653
70,"TCGA-67-3771-01","b0410cd6-693d-41d6-9dad-d1b1c30bf5cb","TCGA-67-3771-01A","0df573ee-28f0-4244-b434-09e6ca59fbf0","TCGA-67-3771","Primary Tumor","tumor","37","St Joseph's Medical Center (MD)","67",1,39300114,39266584,1.16739523035383,45839622.8738882,-1.30189735470815,1.44614280948918,-54.6247404529392,-7.22559896219537,-39.2585604023994,-66.1288796947074,3.49876383611823,-0.0135032631264469,1.05814944209997
71,"TCGA-44-A4SU-01","5d4e89c1-563b-4008-9cfd-1b3eb4fbf88a","TCGA-44-A4SU-01A","bf34664d-423d-4257-99d4-797f7d366455","TCGA-44-A4SU","Primary Tumor","tumor","264","Christiana Healthcare","44",1,59318743,59293627,1.0858095179686,64381584.55148,-0.614903750827661,-0.37594836958637,-13.5513429687928,67.3808904348702,-89.8629860258905,27.8577370905342,-9.07689694093832,0.0437261147659647,1.1214326125698
72,"TCGA-86-8279-01","37901d81-dc2a-4f55-b6c5-f117274d50b8","TCGA-86-8279-01A","2923e404-38f2-437a-b57e-23401fbe0273","TCGA-86-8279","Primary Tumor","tumor","222","Asterand","86",1,82575253,82511192,1.04674352163135,86368055.6880808,-0.405059101127225,-1.57346681727163,-33.5085325016071,39.2316487249751,8.33014205825142,41.3354066245817,-46.612128034032,0.0464916327028531,1.03026848391812
73,"TCGA-55-6981-11","7f21527c-8434-474e-b223-b24d5b4d57f7","TCGA-55-6981-11A","0a45f302-5748-48f3-9dc9-66c01843a68e","TCGA-55-6981","Solid Tissue Normal","normal","160","International Genomics Consortium","55",1,27328287,27312973,1.15744989374988,31613397.6968432,2.86164321971332,0.585833356304797,152.178606266065,20.4227768006531,4.74769872876401,-41.5006631834168,-55.3013502147489,0,1.1130124716054
74,"TCGA-NJ-A4YF-01","ecbaf334-d86b-4316-ae93-84feff5da296","TCGA-NJ-A4YF-01A","595fc3ad-f603-421b-b130-52f1f617050b","TCGA-NJ-A4YF","Primary Tumor","tumor","278","Washington University - Rush University","NJ",1,47158671,47139202,0.853948212809305,40254437.3011568,-1.61389216731659,-0.142303440816658,-95.3036275198931,72.6421746338728,19.1956544702517,-5.59559772622703,-2.18477563026055,0,1.41521419220537
75,"TCGA-83-5908-01","d2b8a9f4-7d70-43a0-b5f6-5b7365a03944","TCGA-83-5908-01A","25d4ea9e-f773-4f11-bac9-64efdad73211","TCGA-83-5908","Primary Tumor","tumor","84","CHI-Penrose Colorado","83",1,63434488,63409372,1.10495220676066,70064325.5207074,-0.863308453474063,-1.02382401808988,-46.1726344862278,-51.0151521705928,-31.8202842161482,20.9990145961907,-56.4787644254356,0.0184145447969492,1.05888236868143
76,"TCGA-S2-AA1A-01","a28cc4b4-4819-41ef-adf7-34ee50e29ba6","TCGA-S2-AA1A-01A","31458638-e19c-43e5-ab13-9c64b3b3681d","TCGA-S2-AA1A","Primary Tumor","tumor","406","Albert Einstein Medical Center","S2",1,47294637,47265070,0.957592859593292,45260693.5401771,0.0304762414172433,0.830351747547306,42.0285676227427,9.65443627362011,-94.908181320765,-15.4012336780302,41.7698449450291,0.0161431367774831,1.06116789104027
77,"TCGA-50-5931-11","0ebe60d2-3a5b-41a5-a3f2-8e50a72dc2d1","TCGA-50-5931-11A","12ccd581-a921-41bc-bcee-4e9be54532cc","TCGA-50-5931","Solid Tissue Normal","normal","119","University of Pittsburgh","50",1,38464012,38454326,0.853450207236819,32818852.4938522,3.05985770421185,-0.213744880068899,151.325010423128,-28.5501574769414,66.3361600337239,-23.6670592002889,-28.5228695456665,-0.0265100423336381,1.10385523040749
78,"TCGA-49-AAR4-01","3bce57d8-32d5-4f56-b0a4-544c3fee778f","TCGA-49-AAR4-01A","765ad5a5-134b-4680-a6d4-1dd113dc47cc","TCGA-49-AAR4","Primary Tumor","tumor","423","Johns Hopkins","49",1,44722680,44701262,1.0471103748738,46807155.2101517,-1.17757919568238,-0.0708555909992641,-28.8674363918426,21.079409835039,-102.284350206806,22.914275518963,1.06814014069508,0.0530119297092371,1.15470124997966
79,"TCGA-MP-A4TH-01","b574f6d5-8cd6-4e23-92ac-2a2b64eded38","TCGA-MP-A4TH-01A","7a111b4f-46e9-4e34-8024-0b9fdc5cbcd8","TCGA-MP-A4TH","Primary Tumor","tumor","278","Washington University - Mayo Clinic","MP",1,58490030,58470504,1.03735657291744,60654761.6461955,0.585533244502651,-0.327584002319444,42.7968249749046,47.2460613043617,-52.6140497851327,1.33724947646215,27.5760693982892,-0.000922703100615152,0.951314369937597
80,"TCGA-50-6591-01","0791e7aa-e97c-4dd0-9615-09ec7090f684","TCGA-50-6591-01A","9b132e4f-7e35-4cc5-8711-43ad62b906d0","TCGA-50-6591","Primary Tumor","tumor","119","University of Pittsburgh","50",1,40822008,40784979,1.03769179778346,42322238.1810706,-0.473350136270369,-0.509407835583845,-65.3753983204403,12.7049026393623,58.7592324931457,-49.3378898670925,-141.60022053876,-5.32907051820075e-15,1.61055441701784
81,"TCGA-73-4658-01","bfde37f2-ab6f-4426-a33d-ef9d21772f02","TCGA-73-4658-01A","afb91740-2668-46d7-ba01-bb26153ad1c7","TCGA-73-4658","Primary Tumor","tumor","119","Roswell Park","73",1,45516099,45506092,0.929668735039545,42305590.9862332,-0.0122056457091401,-1.62539878918178,5.74321157465863,-80.4358344791683,6.16347282221784,43.0521932072149,28.7086119387993,0.00276035931729246,0.956760717834763
82,"TCGA-55-7995-01","ee6445a5-22e8-42d8-a2e3-8f0058066352","TCGA-55-7995-01A","abd6647b-d2eb-404d-8283-443e92addf55","TCGA-55-7995","Primary Tumor","tumor","204","International Genomics Consortium","55",1,84624217,84578757,1.10673135623752,93605962.4434932,-0.806809324454277,0.835527378353509,-36.681765809427,16.6176571470855,-37.5827362707774,-37.0613086332113,-46.5215005151461,0.0547403619143507,1.17246036843144
83,"TCGA-67-6216-01","4eaa4b4a-e9db-4e65-97d6-7fa1a205da95","TCGA-67-6216-01A","ccecce70-dd54-4c5b-bf9f-ca87d290cb00","TCGA-67-6216","Primary Tumor","tumor","119","St Joseph's Medical Center (MD)","67",1,46684423,46671891,0.965231804005507,45049193.5462784,0.136820467888852,-1.75065629881965,1.06244875300736,9.61376208836279,-8.71758212520102,76.1888711965133,11.0364553879666,0.00198597284036572,0.829667999045298
84,"TCGA-44-6147-11","d990632b-b55a-4893-9c3d-5ac0fb6bb6f8","TCGA-44-6147-11A","889aec8e-14ba-48d9-8fe1-f2416e82b333","TCGA-44-6147","Solid Tissue Normal","normal","119","Christiana Healthcare","44",1,52034047,52018607,0.865036401284084,44997988.599091,2.76122133788904,0.0689701990257787,137.799183309842,-35.9473817322374,28.0453388903869,-30.5836849960173,-42.8672335819276,-0.00631369511690527,1.19429472386009
85,"TCGA-J2-A4AD-01","bd57c86d-bb0d-40a3-9292-97d6b33db1ea","TCGA-J2-A4AD-01A","096bd95f-9900-4db2-b1c4-103902c3b31f","TCGA-J2-A4AD","Primary Tumor","tumor","258","ABS - Lahey Clinic","J2",1,62716357,62675675,1.1244841933257,70477805.8435191,-0.611915292909727,0.742296071410475,-37.5865872641235,46.198807543588,-11.282649210083,-11.7258927030126,-70.5875066210264,0.0528521974877625,1.16029576264848
86,"TCGA-50-5072-01","aeb9e1bc-a9d2-4aa3-8cdd-cc4edbf5edf9","TCGA-50-5072-01A","1575148b-0f63-44ee-86fd-93ae1a02be0b","TCGA-50-5072","Primary Tumor","tumor","144","University of Pittsburgh","50",1,56859098,56814758,1.08731430738555,61775499.2440474,-1.45433684204472,2.02299405687803,-63.0908981081806,-29.7711934379102,34.239217889116,-74.5204915887347,3.55472419918079,-0.0123766550586356,1.07313782944392
87,"TCGA-50-6597-01","c5363830-3db9-4c0c-aa47-b32fdc888c60","TCGA-50-6597-01A","0d66bf6c-eed0-4726-bd5b-3bf6d610b4e0","TCGA-50-6597","Primary Tumor","tumor","144","University of Pittsburgh","50",1,33045262,33032731,0.801661731671286,26481076.3352918,0.0163516689408199,-0.233002499611636,-13.5768445704814,29.9712340433059,20.6828503730018,55.7248494111764,76.3533143697842,-0.0795339081779427,1.72164092005828
88,"TCGA-93-A4JQ-01","0d7f5772-0319-4b56-9970-49fd21082f04","TCGA-93-A4JQ-01A","7093024b-cf56-4783-b973-b72573ed7f2b","TCGA-93-A4JQ","Primary Tumor","tumor","264","Washington University - St. Louis","93",1,59649038,59604215,1.24664459292437,74305272.3452516,-0.994510248285939,0.468146314500865,-17.6306622572713,4.16729402277451,-88.3778124219216,-9.3600379010567,-27.7637291796185,0.0240910251608101,1.01488496099854
89,"TCGA-64-5775-01","5449bced-1356-4de5-9352-349725656c5c","TCGA-64-5775-01A","c8544fb3-b26e-4672-bb81-a271db724b04","TCGA-64-5775","Primary Tumor","tumor","84","Fox Chase","64",1,54590614,54545356,0.834798633479733,45534388.6514656,-1.91935046628151,-0.697516655361087,-79.5950477264561,-125.819529718764,82.7546149220356,-21.4672799362778,-80.5843053657108,-0.0477430351213926,1.81446899373045
90,"TCGA-05-4382-01","cce6d71f-369e-467f-bd7e-03d20e97b7f3","TCGA-05-4382-01A","3434b91a-c05f-460f-a078-7b1bb6e7085d","TCGA-05-4382","Primary Tumor","tumor","58","Indivumed","05",1,114710033,114603941,1.0477077419846,120071436.247647,-1.8117059597931,-0.364275247189112,-47.9908040842123,-36.2268834576836,-48.5852713152434,-15.9999847702879,-15.0202434694661,0.0131113097961026,0.873612767249614
91,"TCGA-MN-A4N1-01","44d07be5-4621-41a2-a574-35122a3e5fbc","TCGA-MN-A4N1-01A","75a0bb0b-6528-4fb8-a9e6-254905d21df4","TCGA-MN-A4N1","Primary Tumor","tumor","264","BLN - Baylor","MN",1,62092928,62070272,1.02130919754429,63392939.6876757,-0.985826808187186,-0.733036667132249,-68.5877107948865,65.90317132046,-1.22576291992669,49.0042402068251,-39.727760056564,0.0254257064634866,1.36326463555317
92,"TCGA-J2-A4AE-01","34492a58-bfc3-48a7-a1dc-a5c3f5f7d462","TCGA-J2-A4AE-01A","e5f956dd-f49f-435c-83c3-5b1b0a2050ed","TCGA-J2-A4AE","Primary Tumor","tumor","258","ABS - Lahey Clinic","J2",1,45845990,45824382,1.12137914894142,51386506.4879263,1.44908523301794,-0.166919781973119,59.664889145531,72.4729910534457,-45.4778783362615,23.8536988333726,-4.33891065981452,-0.00641987910454403,1.15006597097294
93,"TCGA-44-A47G-01","70058d0b-3a99-490d-8f3a-97611faf2326","TCGA-44-A47G-01A","da345947-498b-4272-a231-a987ed4fe151","TCGA-44-A47G","Primary Tumor","tumor","258","Christiana Healthcare","44",1,49485861,49471600,0.994244339578489,49186858.2698912,0.153981871081636,-0.58860384724181,14.3194393356243,-8.54822266045129,-66.3491329139442,41.8736679183627,9.03980544893823,-5.32907051820075e-15,0.854905830850305
94,"TCGA-93-A4JP-01","63315e75-2b50-4b79-b553-036fa7fd024f","TCGA-93-A4JP-01A","30f276a8-3a4b-4de8-aea0-7f605d100401","TCGA-93-A4JP","Primary Tumor","tumor","264","Washington University - St. Louis","93",1,60529329,60498442,1.15977306837707,70164463.710372,1.24745406621644,0.609516136896101,80.0587193476746,26.1336817085075,-4.2038418671459,-29.3742906043634,-57.6230491035528,0.0480413868431723,0.934832165596741
95,"TCGA-NJ-A55O-01","ea2baaca-c8b1-4c4b-8890-47003f63f9b3","TCGA-NJ-A55O-01A","8ab8c4ba-311e-41d0-85ea-a0245aca1bdd","TCGA-NJ-A55O","Primary Tumor","tumor","278","Washington University - Rush University","NJ",1,47376014,47361161,0.959366657095048,45436718.7047104,0.250453527189123,0.945004786248728,25.4638421663731,46.9758778918212,20.52276032087,-11.6115324448252,11.3739406584584,-5.32907051820075e-15,0.836644402193816
96,"TCGA-78-7148-01","f40fdd2f-868d-4cda-952e-bd385e8cc84c","TCGA-78-7148-01A","e8060c45-451d-4779-9584-f284db47e63e","TCGA-78-7148","Primary Tumor","tumor","166","Prince Charles Hospital","78",1,52883989,52869463,0.908058278519685,48008553.5580402,-1.10905390822744,1.49102258615391,-40.91306927976,-2.50754195356992,69.5782257961715,-35.1701743914028,42.9835516480746,-0.00302998606909988,1.0060463747395
97,"TCGA-49-4490-11","e350aefe-7984-477b-988e-e82fdc941dcd","TCGA-49-4490-11A","6c3655ca-8ae7-4ad7-b3e4-0c3ec293fba7","TCGA-49-4490","Solid Tissue Normal","normal","144","Johns Hopkins","49",1,43617896,43607929,0.856846666681241,37365308.6045222,2.53573479509902,0.474621616101507,125.156013171807,-81.052272465436,78.1076077379759,-29.1113971694239,37.0322736483529,-0.00731529542941578,1.45283542841201
98,"TCGA-64-1678-01","0a2d9fad-c5df-46c1-bf96-529c7c92dfba","TCGA-64-1678-01A","f77cf4d3-9829-4fd3-95a1-b29aed9e94b8","TCGA-64-1678","Primary Tumor","tumor","37","Fox Chase","64",1,40512127,40492285,0.734833413907234,29755084.0234547,-1.97767193723949,1.55569317258744,-128.792487759882,34.6606980807523,68.0684049127762,-49.5740653528323,85.5168317009044,-0.0475848784065787,2.08179941569539
99,"TCGA-05-4398-01","da010683-c537-478f-8f95-e606b05dbc5c","TCGA-05-4398-01A","31c96e35-5e2f-429c-b12a-7bc5a497a300","TCGA-05-4398","Primary Tumor","tumor","58","Indivumed","05",1,123780739,123730413,1.0925515877228,135181859.172748,-1.08012915191325,-1.23725156236838,-63.127154550025,-33.3611882133162,-41.8581583899508,39.1812058020329,-15.518717683515,0.0318228220553542,0.964670084990253
100,"TCGA-62-8402-01","3e7cdfb1-cdeb-4c56-91aa-08930083b39d","TCGA-62-8402-01A","433a32d0-93d1-4897-8e36-beb1ec1d998e","TCGA-62-8402","Primary Tumor","tumor","232","Thoraxklinik at University Hospital Heidelberg","62",1,50213785,50160765,1.07334067043199,53839589.1344814,-1.82604587274054,0.2858320019705,-78.5853270184593,19.3474412856722,-14.2193462454891,-34.642082925592,-16.6856158836613,0,1.11052585226342
101,"TCGA-78-7540-01","df16b5d4-5e5d-455c-9c5f-a151e5864557","TCGA-78-7540-01A","05534064-8b43-4c82-95da-70fd83bd6560","TCGA-78-7540","Primary Tumor","tumor","183","Prince Charles Hospital","78",1,85627671,85576937,0.800638400142061,68516181.928738,0.279142338960219,1.92071121819434,25.6037762667105,13.3595773702976,30.7845157747878,2.38031727147508,17.5324217710856,-0.0348623944448567,1.16722231560683
102,"TCGA-MP-A4TI-01","3e2f1a0a-b097-45b4-8cf4-92a38e134bc5","TCGA-MP-A4TI-01A","f327dea0-2d30-482f-809c-76a148a749b7","TCGA-MP-A4TI","Primary Tumor","tumor","264","Washington University - Mayo Clinic","MP",1,49963064,49947633,1.09608644548101,54746923.5151598,-0.300866257662204,-1.31705953121841,-7.39078811328399,-49.2847358136493,-52.3589696393673,27.2538139987406,-33.7235178711111,-0.00714426011521091,0.943668166303887
103,"TCGA-50-5935-11","7d689c5f-365d-4e69-8ae6-971d96d56df1","TCGA-50-5935-11A","100430c8-1446-45c8-af36-b6dbb3ddd0c1","TCGA-50-5935","Solid Tissue Normal","normal","119","University of Pittsburgh","50",1,35355277,35346100,0.991347837406193,35040279.795743,3.2928071281401,0.646929546152174,161.295775142471,-25.486696473237,44.3256696960977,-36.7854013335746,-35.5118109284459,-0.00836427401479622,1.03810464763729
104,"TCGA-44-6776-01","64fb8eba-a055-4128-92ca-695a3a6f8ebd","TCGA-44-6776-01A","c2a1de2e-6451-4c95-8ce6-263f2b7e6eff","TCGA-44-6776","Primary Tumor","tumor","144","Christiana Healthcare","44",1,37043706,37036938,0.879018689479198,32556160.7030823,1.11551712449379,0.558076517479748,30.5524291560368,60.4645016131955,78.4444093814239,1.18221868635432,33.1993352947921,-5.32907051820075e-15,1.0770331579793
105,"TCGA-55-8204-01","cba50f48-facb-4eb3-9a72-73c5b585bdc6","TCGA-55-8204-01A","75589307-f141-4d0d-b35d-adbbc77b3dec","TCGA-55-8204","Primary Tumor","tumor","213","International Genomics Consortium","55",1,69164512,69132190,0.972677440996244,67243321.6596661,-0.476760321628103,1.08187841146878,-13.1472190280321,-61.921513123774,-33.7796412029248,-31.7908014407975,27.6288855919306,-0.0204175931710997,1.07216911519542
106,"TCGA-55-6712-01","ea75499c-7bf0-47be-9b09-3c12aaa22f12","TCGA-55-6712-01A","f17d3463-af6c-42c2-a8e9-fae45f69286f","TCGA-55-6712","Primary Tumor","tumor","144","International Genomics Consortium","55",1,35556507,35546099,0.964044804303808,34268032.0542188,-0.344136097694786,-1.04304906610473,-13.9017599377771,-64.0617446518655,-17.4040383604764,38.4844926321997,-4.98674172590531,-0.020061643185302,1.01633452399974
107,"TCGA-38-4630-01","83d01ff9-d0a9-4606-80ed-9a417a980ef7","TCGA-38-4630-01A","f1985735-a188-4567-a88a-530f9b80291b","TCGA-38-4630","Primary Tumor","tumor","58","UNC","38",1,109279527,109118440,1.17416063916833,128122577.255451,-1.61341669161058,-0.107013510963731,-73.3779481408078,5.66013327848347,-1.78368879500076,-51.1481682810974,-82.795637507774,0.0351678322245061,1.46327281694741
108,"TCGA-49-4494-01","7ca68089-c61f-4d31-8cc8-fb11ae70910a","TCGA-49-4494-01A","c6d78e27-e510-4f57-abae-19efa6105a8d","TCGA-49-4494","Primary Tumor","tumor","58","Johns Hopkins","49",1,97714079,97692605,0.836215211551808,81692042.3571222,-0.459085216621161,-0.528720831298019,-62.5824939174778,-51.1581063148423,74.7531012689718,59.2488994944192,57.9291810399136,-0.0396689674175204,1.53179048543309
109,"TCGA-50-6592-01","01f94091-eb70-40d3-9d56-70c4f847cb4c","TCGA-50-6592-01A","09918b81-4696-4cba-a45a-5fe7407c2337","TCGA-50-6592","Primary Tumor","tumor","119","University of Pittsburgh","50",1,60060239,60022346,1.07861188660179,64740815.8573256,-1.81658057965313,1.05952783682956,-73.0955772807455,-61.2449266101032,-20.1032315613638,-49.3623571014245,-27.1698406834916,-0.0139340017382137,1.10365616935159
110,"TCGA-97-7546-01","60d4bb1a-a25f-485e-8247-1ea42220015a","TCGA-97-7546-01A","1d90c9f3-5025-4867-a2f0-e455b6a254fa","TCGA-97-7546","Primary Tumor","tumor","166","Washington University - NYU","97",1,52401428,52383690,1.10875266649203,58080555.9681918,1.55271947592832,-0.701886269742953,79.0834006203397,-2.85881852427648,-11.0503098458337,0.139320592711627,-8.44806426836997,0.0128284367873419,0.995723960361232
111,"TCGA-44-2662-11","a6afb5f5-02c7-4710-b3d3-d4aa934d8d49","TCGA-44-2662-11A","ccda26c1-a6d6-4317-8cf8-8a87e15ce12e","TCGA-44-2662","Solid Tissue Normal","normal","37","Christiana Healthcare","44",1,64181793,64166004,0.804849904804242,51644002.2110686,2.8986085221187,-0.0259125784800815,152.959469046668,-35.1915386387139,55.1749890966466,-22.919060410428,-33.799571841856,0.00541140146719199,1.10950321730641
112,"TCGA-78-7161-01","08acba8a-143f-43e6-9562-e41dcacba681","TCGA-78-7161-01A","86faf16c-56fd-4b7b-a6b2-b4c83bec93e1","TCGA-78-7161","Primary Tumor","tumor","166","Prince Charles Hospital","78",1,77677157,77633679,0.984546817812723,76433991.6145444,-0.748766549869177,1.14482045266991,-32.3603018741853,97.9983837271519,3.14653160256461,-41.1593309137217,18.7160634327436,0.0325780920210774,1.10062539789016
113,"TCGA-69-7979-01","ce8e86ec-52dd-45ad-b65f-ca10e5f782f4","TCGA-69-7979-01A","a5bd7d50-9c14-49e6-89cf-6bf440c42309","TCGA-69-7979","Primary Tumor","tumor","204","Washington University - Cleveland Clinic","69",1,82806065,82779939,1.02491279464386,84842218.6209385,-0.723658234544627,-0.306344587599526,-45.8156020801527,30.2514389329732,-9.53268931667714,13.7698213536414,-41.1445328069884,0.0304547527177844,1.18864352856149
114,"TCGA-69-7978-01","edba8888-6d1b-43a7-988d-5df420922c80","TCGA-69-7978-01A","f462cfef-f60a-4d3e-b92d-b8d8f50b6bb3","TCGA-69-7978","Primary Tumor","tumor","204","Washington University - Cleveland Clinic","69",1,76609566,76586492,1.04292074795645,79873641.5200003,-0.990492073198846,-0.951417307055883,-27.0858340341173,-64.0047735829023,-60.2240205394974,20.081370603092,-21.4149885360907,0.0117369497638979,0.901537297616737
115,"TCGA-50-5939-11","1a762ac4-b6ef-4ea1-889a-0fda1df26765","TCGA-50-5939-11A","12b79b4f-c28c-418e-a1e7-e622f33fdcc2","TCGA-50-5939","Solid Tissue Normal","normal","84","University of Pittsburgh","50",1,42101889,42091709,0.903028222484178,38010001.1595913,3.12585148125557,0.0686762162167997,161.080504589846,-37.9011486440435,45.2278537552554,-42.5248141421358,-42.8495374597193,-5.32907051820075e-15,1.13182817053605
116,"TCGA-86-7955-01","85e8a3bf-0536-4556-a40f-8a523c04b337","TCGA-86-7955-01A","0d0d83d9-d558-4d38-977b-6f1b2471beda","TCGA-86-7955","Primary Tumor","tumor","204","Asterand","86",1,81653131,81584339,0.952339767762556,77696010.4563217,-1.54079214581281,0.46009415775948,-120.888939714716,47.4319340875831,68.8386773334228,-29.1238859490559,-62.0745597011217,0.0631354430649741,1.5789772496678
117,"TCGA-67-3773-01","e4cb66f4-e847-40bf-af14-20a3867a1c35","TCGA-67-3773-01A","009be09b-f9f6-43b7-8f45-4a648f8123ce","TCGA-67-3773","Primary Tumor","tumor","37","St Joseph's Medical Center (MD)","67",1,34730288,34720974,0.875490779411493,30397892.5891862,1.30596940912418,-1.56314406354985,37.0342952406897,-13.8888271002586,46.3052503749863,69.7669474114225,49.4630109982862,-0.0425074030668249,1.30359077834988
118,"TCGA-93-8067-01","45885727-79fe-43d6-866e-1fe7ded4bfdc","TCGA-93-8067-01A","bbe88801-34f3-46d2-bbfd-b46c3901ed71","TCGA-93-8067","Primary Tumor","tumor","222","Washington University - St. Louis","93",1,95324434,95300190,0.914774459541217,87178179.8014253,-0.522524465725841,1.8763382991578,-38.5060703187291,9.97288992004384,30.4472550004154,-27.4592555607098,20.4254112562242,-0.00607014428137553,1.07462716592
119,"TCGA-64-1680-01","0bdbe623-cf95-465a-917d-87dfb6a8618e","TCGA-64-1680-01A","1ab7ad70-0f80-41d8-8efa-3baebc8223cc","TCGA-64-1680","Primary Tumor","tumor","37","Fox Chase","64",1,40038207,40028130,0.862132201141292,34509539.8244698,1.17280518537643,-0.601678578771996,20.3104807421978,15.2037813250647,71.3562318770321,72.6013419921774,45.409978355951,-5.32907051820075e-15,1.25412829404962
120,"TCGA-55-8512-01","727baf6e-e991-426e-a823-07908aa85202","TCGA-55-8512-01A","202e5df9-69f2-432c-a59d-cc5aa176e973","TCGA-55-8512","Primary Tumor","tumor","238","International Genomics Consortium","55",1,48770848,48724505,1.10048629252028,53620649.8623358,1.94566956226244,2.36461007145219,90.8450194576718,84.8189577787013,-17.0629521440527,-33.4870741835335,-12.3998513864653,0.00575247969221748,1.1342220736279
121,"TCGA-05-5429-01","fbc90b42-7d26-456b-a166-41993a1d3f0d","TCGA-05-5429-01A","63bd2175-4b7c-44c9-aef3-9efc8f79837b","TCGA-05-5429","Primary Tumor","tumor","84","Indivumed","05",1,35691634,35666401,0.888839542135537,31701707.5344624,-0.919413894731217,1.93369180617109,-41.3870862191922,-58.5065241111964,53.6122736933806,-6.72229842737694,60.5539704507023,-0.0347593007949221,1.52474667574926
122,"TCGA-44-5645-01","37a8d3a5-baa0-427c-ab43-48ae4b93633b","TCGA-44-5645-01A","ddeacccf-0953-4952-8a4e-c2617f2e7bcc","TCGA-44-5645","Primary Tumor","tumor","84","Christiana Healthcare","44",1,41555975,41542290,1.15029692656423,47785968.50944,1.53793061691717,-0.448188976140919,76.6009931275939,21.0382129926361,-26.7244370821256,15.20407751528,4.07752705552981,0.00527801076801593,0.896164101381823
123,"TCGA-05-4415-01","57e160f5-45fc-44ef-95c6-54e112e3b7f5","TCGA-05-4415-01A","d15b7b29-c5c5-41d8-b83b-7cc12fe92820","TCGA-05-4415","Primary Tumor","tumor","144","Indivumed","05",1,55007871,54939345,0.924221031882932,50776098.1268724,-1.37619183031912,0.224259444534671,-91.5889106569282,-62.0336583481348,70.9454089227311,-52.5254143920968,-44.5553921569632,-0.0244100311573607,1.65311122316811
124,"TCGA-55-8513-01","3c330531-cd16-4176-b67a-7997c4e518b5","TCGA-55-8513-01A","a3fd20b2-e001-44ab-9716-754e5ae70808","TCGA-55-8513","Primary Tumor","tumor","238","International Genomics Consortium","55",1,35076153,35059446,1.12907391275813,39584705.8743525,1.50995132283987,1.73814031603064,97.9213957254338,23.2665819802889,-55.6578928356283,-21.8085432670322,12.3252125142601,0.00195684472568147,1.00186507343025
125,"TCGA-55-7728-01","d1a83e2e-276f-4366-acd1-fe6bd3f7988f","TCGA-55-7728-01A","db769d5c-a794-448d-9130-38a82d051c95","TCGA-55-7728","Primary Tumor","tumor","204","International Genomics Consortium","55",1,82328061,82285932,0.907394422006985,74665795.706446,-0.177898246526689,1.29217074332119,21.2472692409568,40.2529711506662,-66.2839986576286,11.6937601065706,15.3103058657767,0.0421923608489994,1.32000386234291
126,"TCGA-97-A4M2-01","b572a3ea-e568-49db-8e35-a80f4a6d82e9","TCGA-97-A4M2-01A","345aef28-d49b-491b-a337-b1ac55c37d35","TCGA-97-A4M2","Primary Tumor","tumor","264","Washington University - NYU","97",1,56390673,56365726,1.14510399852046,64544618.2221089,1.39082812208778,0.715584126348698,86.3185947653159,53.9958946559195,-50.8978026290369,-13.7345769830684,13.8739686299061,0.0201459944551896,1.07038234023848
127,"TCGA-05-4403-01","44b1d21c-0794-428c-ba01-82812d74da2f","TCGA-05-4403-01A","ce15f31f-2bad-4485-96fa-495bfa262e66","TCGA-05-4403","Primary Tumor","tumor","58","Indivumed","05",1,113442408,113409641,0.79940150118878,90659837.2646806,0.176820862413313,1.76708266827144,26.5170197943112,-70.0100487772638,49.2836065063001,-3.56394939261945,61.8453930384425,0,1.19864848733133
128,"TCGA-91-6831-11","41433a93-f941-40d7-bd47-cb6bef90d289","TCGA-91-6831-11A","db0b9e63-4272-4f29-bf0e-1ec0fe79a9d7","TCGA-91-6831","Solid Tissue Normal","normal","144","ABS - IUPUI","91",1,23418571,23411516,0.974481305275842,22814084.6701663,2.83488274411164,-0.346295727043786,152.854659837253,-31.0123199982063,56.1275873234836,-32.2556991531564,-54.977097418494,-0.0703924014333652,1.26678886808399
129,"TCGA-55-8505-01","194612e8-9876-4350-b54d-404db4ac27c3","TCGA-55-8505-01A","f59e5a76-f803-470b-910c-a897a149d939","TCGA-55-8505","Primary Tumor","tumor","238","International Genomics Consortium","55",1,43980326,43950324,1.03852520540358,45643519.2596537,-1.83022651771726,2.19319404190869,-70.1602423598447,-11.4759098106174,1.31056042559195,-58.1337981369158,-2.01897396314247,0.00424650291225259,0.995555625330101
130,"TCGA-44-6145-01","007783b3-a1b5-4e9b-8add-6d01fefb5697","TCGA-44-6145-01A","6144d666-8f77-4efe-95f1-f9e5c4e5e056","TCGA-44-6145","Primary Tumor","tumor","119","Christiana Healthcare","44",1,41859903,41849595,0.98199658096648,41096159.2048319,-0.652913399354318,0.532571515996813,-17.1973139572308,-56.6508365447063,-26.2625504353133,-14.0778578347256,36.5980614415746,-0.0211073347580367,0.902481795794107
131,"TCGA-MP-A4TD-01","90e374aa-f02d-40dd-b306-cf392ef1026d","TCGA-MP-A4TD-01A","383d1253-349f-43b3-bebd-9f1d1cf14b3d","TCGA-MP-A4TD","Primary Tumor","tumor","278","Washington University - Mayo Clinic","MP",1,56620540,56599912,1.03437372115208,58545461.5923202,-0.848451105060464,1.54315047002566,-13.6669088153813,53.1009743010657,-57.2439918934615,-38.2005160241613,50.2194430448289,0.0398291668754829,1.03785934269328
132,"TCGA-49-6761-11","f4fb69c3-8ee2-465c-8025-8b7ae74ea828","TCGA-49-6761-11A","4cd3d483-2283-4c6a-a57a-444216119d34","TCGA-49-6761","Solid Tissue Normal","normal","160","Johns Hopkins","49",1,30099722,30092367,0.917302359553515,27603799.2536503,3.35209790286549,0.0350111883435951,145.57583475105,-13.9382933298989,83.3368524511843,-8.34352206525058,-25.8771240356554,-0.00531559772264867,1.0097884761745
133,"TCGA-91-6831-01","7b1d8b50-f3df-4aab-a654-c3810d8d576d","TCGA-91-6831-01A","db0b9e63-4272-4f29-bf0e-1ec0fe79a9d7","TCGA-91-6831","Primary Tumor","tumor","144","ABS - IUPUI","91",1,38996049,38972554,1.10651433584451,43123689.7054744,-1.86299910596255,0.57343263287887,-81.5888743140777,-10.2958524072281,-20.7228022681329,-72.9784488571805,1.57230704502942,-0.0253728134346425,1.09532545030096
134,"TCGA-55-8092-01","12870223-d36b-4a35-ba3d-70ed75eeab1d","TCGA-55-8092-01A","4b92fce2-3772-40eb-ab34-a27937b58590","TCGA-55-8092","Primary Tumor","tumor","213","International Genomics Consortium","55",1,84658396,84615056,1.01525581134077,85905927.3309245,-1.7501224858745,0.550025206925635,-64.9015841881542,-4.50799269767629,-46.3706450064184,-35.8202227293932,20.1439291944189,0.0296081356138516,1.052610435507
135,"TCGA-86-A4P8-01","ca71bc74-8511-48b2-a84f-6dbbd01aefc3","TCGA-86-A4P8-01A","646910ee-5f5d-40ac-a21a-75790f89430a","TCGA-86-A4P8","Primary Tumor","tumor","264","Asterand","86",1,55560298,55534333,1.13277388558943,62907842.1760272,2.67609892739297,-0.218612696579762,138.786785009833,28.0890532820409,-26.592469556753,-11.5983281425535,-43.604519270183,0.022481657516359,1.19578425941612
136,"TCGA-86-A4JF-01","1c0bc537-7eb8-4bbf-b7bb-cc8e0e610277","TCGA-86-A4JF-01A","e01e4fb3-236a-4d16-9073-555876b688e9","TCGA-86-A4JF","Primary Tumor","tumor","264","Asterand","86",1,58575743,58562303,0.946391763088004,55422881.1866639,-0.0807709375978966,-1.46358540360172,-34.5548034294203,-0.356020112823534,0.204588506237908,51.7082465688243,3.68326285365022,-0.00832404584427884,1.01097612878207
137,"TCGA-73-4677-01","ef88b85a-61ee-44e1-bb63-1b4ce9154bfb","TCGA-73-4677-01A","03c3409a-9d16-41d0-9e26-f9fc2547a4c8","TCGA-73-4677","Primary Tumor","tumor","58","Roswell Park","73",1,100857988,100839544,0.817611876497546,82447608.7949969,0.912745161542877,0.776089458486171,26.9078519330871,0.577827467269456,80.2751526779323,-3.46370177288784,75.6379808889587,-5.32907051820075e-15,1.13728050928811
138,"TCGA-55-7994-01","c8aa8a2e-e681-4a82-9320-f35f67650581","TCGA-55-7994-01A","67dbe286-edb3-4d07-8f74-9e5254f01945","TCGA-55-7994","Primary Tumor","tumor","204","International Genomics Consortium","55",1,75734708,75705166,1.04513164859169,79121864.9484878,-0.63227087695857,-1.44227415705176,-45.8166299608472,-18.170617806703,-14.0480632144199,54.5496101961859,-53.8900048625919,0.0146872789424896,1.17144331160702
139,"TCGA-NJ-A55R-01","d00051b0-6181-47be-91c4-79d9530d18a5","TCGA-NJ-A55R-01A","7c7d777b-bf00-4c24-97fc-922580d5605f","TCGA-NJ-A55R","Primary Tumor","tumor","278","Washington University - Rush University","NJ",1,120634689,120430685,1.05985418030229,127638964.933919,-1.27840599727395,2.53561710430494,-36.4628305514328,83.7701810746872,-52.0163077283438,-91.2058215519357,9.19055494606373,0.0476239463252129,1.16665570394595
140,"TCGA-91-6847-11","599c32bd-7967-4ced-a571-8836135510a9","TCGA-91-6847-11A","97831d28-ab41-4c18-bfc2-c4c6bc757d13","TCGA-91-6847","Solid Tissue Normal","normal","160","ABS - IUPUI","91",1,33901791,33891394,0.988373887996578,33497368.8574039,3.47495523777083,0.958231490472128,161.080400895288,29.7228134053221,47.6357798705339,-24.1151432297945,-31.4779465141451,-0.000727452970584519,1.00841111108727
141,"TCGA-55-8301-01","657cb9df-3597-459a-991a-2dda352e08ae","TCGA-55-8301-01A","b36b7567-30d3-4d0c-84c4-b203986e0fdb","TCGA-55-8301","Primary Tumor","tumor","222","International Genomics Consortium","55",1,69300839,69282113,0.920527871819849,63776116.0350723,-0.923490194890454,-1.29589631440996,-25.4626290903444,-28.9818502849919,-53.962549162269,24.0743472088393,17.8027250455712,0.0136584270819944,0.758975258915718
142,"TCGA-67-3770-01","74bcf2d5-fd42-423e-bd96-b2de1b0cf778","TCGA-67-3770-01A","eeab558b-8d1e-4843-861d-dbfb06061758","TCGA-67-3770","Primary Tumor","tumor","37","St Joseph's Medical Center (MD)","67",1,31881688,31870394,0.931967872951872,29702183.3063181,1.20482548169436,-0.669653699440063,26.2693006809195,13.3838427777223,62.9034297684238,60.9951848305158,39.2028686535868,-0.0229250049578595,1.40892968602794
143,"TCGA-55-7574-01","6a460559-d291-43c0-a624-25474e601e99","TCGA-55-7574-01A","a7911bdc-13f1-434a-bfa3-f8ba55d15846","TCGA-55-7574","Primary Tumor","tumor","166","International Genomics Consortium","55",1,33449460,33435561,1.1133265541211,37224697.9132357,-0.117528756068991,-0.590502491155671,24.4822355530455,2.7553150881947,-73.1832972835154,-6.81343425572182,6.75006329267702,1.34621263265799e-05,0.903411446863336
144,"TCGA-38-4627-01","feec7fa2-1f3f-4cbe-a89c-df01d13a9299","TCGA-38-4627-01A","d717fa33-3c91-4ced-89c6-79ff5542f04c","TCGA-38-4627","Primary Tumor","tumor","58","UNC","38",1,78063958,78047763,0.892686227616028,69672163.1263398,-0.513443701203559,0.190284818214735,21.729883060098,-106.99572414956,-3.53701085763693,-9.17283367756891,39.0628488642062,0.0459594282215231,1.15377427559173
145,"TCGA-86-7713-01","a7347072-546c-4370-9214-96a17a713b27","TCGA-86-7713-01A","cc68632c-b1e3-491b-b562-9468e2d1c101","TCGA-86-7713","Primary Tumor","tumor","183","Asterand","86",1,92774022,92719067,1.03126772486289,95618181.2764998,-0.649434789139755,0.878509236965563,-59.0156100435706,64.5662154059744,28.3705647723836,-48.9259677470094,-5.93528268613061,-5.32907051820075e-15,1.39721193181864
146,"TCGA-86-7953-01","c85ed66e-c58b-45d9-82f6-8248b9e05338","TCGA-86-7953-01A","54775a66-08cc-4f38-98f2-e7b2b5cec994","TCGA-86-7953","Primary Tumor","tumor","204","Asterand","86",1,76204187,76161477,1.11021652449473,84555730.2953254,-0.471309386560161,-0.268416842537861,-35.1771414074859,-14.4952613737469,-19.2157589781439,-7.35220934748419,-31.1456547185228,0.00478982250421223,0.991459026929286
147,"TCGA-69-8253-01","1b856a2b-97be-4461-a496-279df908c30e","TCGA-69-8253-01A","44d8c859-4b7a-4e9d-bffc-0de0e6afdcc4","TCGA-69-8253","Primary Tumor","tumor","222","Washington University - Cleveland Clinic","69",1,100086272,100066586,0.876762311768072,87734611.2720986,0.503294259905693,0.0386973614885439,3.53358244000003,35.645666867401,43.0079002729702,16.1861370056093,47.5202445852339,-0.0230759369542068,1.00706707395765
148,"TCGA-44-6146-01","ad66185f-983d-4416-b705-25d3d4d8b5a5","TCGA-44-6146-01A","0c0b610e-fe4c-406d-a5ed-5cc3b11dabf5","TCGA-44-6146","Primary Tumor","tumor","119","Christiana Healthcare","44",1,61068955,61020965,0.823400856869726,50244714.8680176,0.528342550279766,1.60726411124499,31.2701642880054,15.4737120111474,54.5098932883697,-23.5620527028421,-5.65778119763982,-0.0248692911705426,1.27101075442846
149,"TCGA-NJ-A55A-01","b4cff170-45a5-488f-8dbe-07e934f683d9","TCGA-NJ-A55A-01A","b8b5ed35-b299-4c1e-9226-5ca055dc7a43","TCGA-NJ-A55A","Primary Tumor","tumor","278","Washington University - Rush University","NJ",1,26549116,26533606,1.29389724362149,34331759.6667385,1.9411872322678,1.45189018305889,86.4814265481803,41.9384365359184,-71.3392531798743,-5.51498948826397,8.04990045454487,-5.32907051820075e-15,1.00114828374334
150,"TCGA-69-8255-01","228443d4-e892-4ae7-88b4-a47463d4094c","TCGA-69-8255-01A","552712d3-da16-441e-ba93-11810793d598","TCGA-69-8255","Primary Tumor","tumor","222","Washington University - Cleveland Clinic","69",1,115688612,115448827,0.895249112173849,103355459.873262,-0.785416269575182,1.43748617309456,-84.2111096286597,7.73967580688632,15.4897143098394,-60.9412423502873,5.01820497479998,-5.32907051820075e-15,1.44243207909485
151,"TCGA-L9-A743-01","72218786-f74e-4746-9447-26ca882b83a5","TCGA-L9-A743-01A","a5f2576a-d628-47de-a5df-76a4f3105dcc","TCGA-L9-A743","Primary Tumor","tumor","406","Candler","L9",1,57199094,57180566,1.08725200036273,62169684.7653731,-0.168988179592363,-0.208227934503918,13.7314174361237,-10.1674808647639,-81.5790194467063,19.2194933657052,21.1904636204943,0.0267454855896836,0.808201349420805
152,"TCGA-MP-A4TJ-01","2cf77e0e-8054-4ec4-97a6-247c7c881c6f","TCGA-MP-A4TJ-01A","8f52cccd-5709-4753-9670-31a573ee27ab","TCGA-MP-A4TJ","Primary Tumor","tumor","278","Washington University - Mayo Clinic","MP",1,33008013,32994099,1.13221730372422,37356489.8085901,0.136987428886153,1.32983846210729,31.2934161399055,-0.406857173690402,-91.3363640401815,-44.1619733430727,46.8719713644473,-0.00636539978397099,0.89657840877185
153,"TCGA-86-8673-01","7901609b-ec53-48e1-80ee-489fa4187ebb","TCGA-86-8673-01A","bc4c4079-b449-485d-84e4-a40496e563e8","TCGA-86-8673","Primary Tumor","tumor","238","Asterand","86",1,43802948,43789997,1.00285866076433,43915177.7462939,-1.28767623395967,-0.878608832012031,-72.1391004836722,30.884808174498,-9.05925824047065,37.8855388536096,8.92265344657069,-0.0144759243155379,1.2694734090212
154,"TCGA-55-7816-01","16094f17-9587-435b-ba5c-7f568b5dab56","TCGA-55-7816-01A","548b0b68-ff45-4d45-adbe-984259e4a68b","TCGA-55-7816","Primary Tumor","tumor","196","International Genomics Consortium","55",1,66455482,66414723,1.0450632293113,69407584.8921953,0.413245639717012,-0.497413496463345,54.4602351526085,-37.9936103139148,-18.823714095028,-17.9446025693477,-47.8745430595279,0.0133828114571095,1.06275631437441
155,"TCGA-95-7562-01","91d58448-b712-4626-82c6-a451fddf277d","TCGA-95-7562-01A","193201a3-1447-47b1-bdf1-11ae0eb3b2f3","TCGA-95-7562","Primary Tumor","tumor","213","Washington University - Emory","95",1,76685927,76664996,0.96295908293436,73825254.2413264,-0.924349785551994,-0.383071232688083,-60.5674906556399,-48.1888545353989,31.7057307222668,7.22122200246384,10.8051311945625,0,1.33779535873785
156,"TCGA-62-8398-01","ec51c45a-d518-4333-bd7e-3ae606b40d01","TCGA-62-8398-01A","2fabeb98-05e3-4f55-97f5-fbc675e25a3d","TCGA-62-8398","Primary Tumor","tumor","232","Thoraxklinik at University Hospital Heidelberg","62",1,68123482,68104489,0.985687086867847,67129715.3650333,-1.41076459477896,1.33475211216811,-62.0740780197261,-13.0300945808976,21.1577717846233,-33.8452756684156,4.15596770007803,-0.0144643503290277,1.01589926528553
157,"TCGA-50-5930-11","4cddb392-fc4b-4400-a44f-2e92a78b3e97","TCGA-50-5930-11A","368e23f0-e573-4547-bf5a-14080baf737b","TCGA-50-5930","Solid Tissue Normal","normal","119","University of Pittsburgh","50",1,37543242,37536333,0.835298651393752,31354048.3331668,2.75325656967785,-0.347707181083548,139.844790392013,-27.7848839125696,64.5124427191411,-18.2895914162457,-14.8580373004402,-0.0234685846019473,1.00137424468218
158,"TCGA-73-4676-01","22434a49-eb8a-43ac-8c08-ae6dcbe6fbb8","TCGA-73-4676-01A","195a5afb-b79f-44d2-9d12-884487630c2b","TCGA-73-4676","Primary Tumor","tumor","119","Roswell Park","73",1,48704670,48693372,0.934332483454132,45495799.1885159,0.37042152249767,-0.968400135464811,-28.5648884125178,-44.4065620277029,84.6455263452508,48.2516959705786,-26.8083345480906,-0.0105022926655729,1.26396757657939
159,"TCGA-78-8648-01","79843244-8e55-4f0b-9282-20ffc846e690","TCGA-78-8648-01A","5ace9608-d38a-42f2-a877-ec7c9d211808","TCGA-78-8648","Primary Tumor","tumor","238","Prince Charles Hospital","78",1,43165068,43156369,0.805912845123133,34780272.1259738,-0.686953512015983,-0.657582286733796,30.9761476019728,-66.4897609978674,-70.4620560700057,-24.5546512123203,13.7839970503187,-0.007366035140143,0.902148262160738
160,"TCGA-MP-A4T9-01","cca5449d-6645-4588-a0b5-c1f0b57e5c3b","TCGA-MP-A4T9-01A","70081320-540f-41d2-8687-ee6d011f8eb0","TCGA-MP-A4T9","Primary Tumor","tumor","264","Washington University - Mayo Clinic","MP",1,57444133,57424803,1.1756274885509,67510176.93142,0.122013318938061,-0.986861942939949,21.0067344117781,4.92616603514631,-29.6595474778085,26.8315571244229,-46.507727202898,0.0405795466123083,0.815960362305613
161,"TCGA-55-8510-01","431c3f05-aa24-4d13-8dfe-96145289ae02","TCGA-55-8510-01A","962fd4e7-9199-43d9-abce-e3dfa46da62c","TCGA-55-8510","Primary Tumor","tumor","238","International Genomics Consortium","55",1,44338767,44326400,1.03289884574339,45784687.3959599,0.33236701252995,-0.600848325943444,14.9978410651773,5.83152107317248,-44.1603242234623,32.3880779548087,-14.9580633270719,0.0349561632463855,0.848605848721684
162,"TCGA-55-8087-01","f0054242-3f54-41d4-9f74-94f61fefbfbc","TCGA-55-8087-01A","e254aaeb-012c-4d92-8a03-cce1f6a2bcd6","TCGA-55-8087","Primary Tumor","tumor","213","International Genomics Consortium","55",1,82427035,82390490,1.16918207744722,96329484.2600941,1.07634829072135,-0.678806247846454,35.6522336235169,79.1107950299247,23.3018694415536,31.7132970935077,-26.2176591682702,0.0575337696556979,1.01396194042113
163,"TCGA-44-6148-01","c0fe5ffe-c0a3-4e62-aa55-2bc18788e505","TCGA-44-6148-01A","8994c8c4-9ea0-46cb-b4a5-0055d7da5bfa","TCGA-44-6148","Primary Tumor","tumor","119","Christiana Healthcare","44",1,46989269,46953077,1.16613734793472,54753736.6901545,2.02809390906347,1.8252973383404,109.596197006729,25.332831743679,-35.1428807785995,-42.8515123970542,14.9468698458075,-5.32907051820075e-15,1.0637974861271
164,"TCGA-97-8547-01","3073311b-5b00-4fd7-b1f6-1067d2e86564","TCGA-97-8547-01A","ac0d7a82-82cb-4aec-b859-e37375f3de8b","TCGA-97-8547","Primary Tumor","tumor","238","Washington University - NYU","97",1,35224919,35211581,1.02471178393381,36081721.9816399,-0.670697388810652,-1.1752739816833,-20.9405599678399,29.5247373520205,-24.3864109461545,68.5096406599238,-43.7402145100374,0,1.02146925982435
165,"TCGA-73-7499-01","9fd8c73a-da18-4019-9deb-16c93fe1fce2","TCGA-73-7499-01A","7782ceaa-da49-4232-8b3f-534971adaad8","TCGA-73-7499","Primary Tumor","tumor","204","Roswell Park","73",1,73043396,73017787,1.09122798351691,79679052.4688771,-0.629279571599962,-0.145186193973863,-38.4328933057717,-4.85325782807032,-22.5894449248793,26.8391278390707,47.9544023565823,-5.32907051820075e-15,1.21528066597559
166,"TCGA-38-4627-11","43c2448e-0f93-4437-85cb-5f61397b0f4c","TCGA-38-4627-11A","d717fa33-3c91-4ced-89c6-79ff5542f04c","TCGA-38-4627","Solid Tissue Normal","normal","58","UNC","38",1,52285842,52274455,0.871141273509563,45538435.3007184,2.60693403536154,0.006779113675398,123.339636940606,-86.0832222455246,72.6146448227637,-11.9386077556446,35.1696574103147,-5.32907051820075e-15,1.35505866562368
167,"TCGA-78-7154-01","5a9f5ccb-635d-440e-ad03-fde8f63a2233","TCGA-78-7154-01A","d288b69f-1e79-4429-8646-9994b7c54f8f","TCGA-78-7154","Primary Tumor","tumor","166","Prince Charles Hospital","78",1,49026033,49007495,0.967622839035913,47420771.4459383,-0.408991312155889,1.75517315437935,-49.9342891387436,-25.3589314600878,71.8222037455369,-43.6413804372033,-13.5712041140292,-0.0299937443229279,1.34083925867158
168,"TCGA-49-AARQ-01","58dcad42-2e30-4cb9-ada6-5e72c4bcf406","TCGA-49-AARQ-01A","9a2a226e-9605-4214-9320-469305e664e6","TCGA-49-AARQ","Primary Tumor","tumor","423","Johns Hopkins","49",1,53479786,53451757,0.8938632512547,47778561.2972962,-0.78481712745519,0.00397058492775209,-58.9312922949754,89.7606483131897,-38.852521159008,29.6267770657868,-22.5600692138208,-0.00223724700851324,1.76671052865288
169,"TCGA-78-7145-01","6b0b11c9-2adc-4b55-b7bb-cf67b11cab86","TCGA-78-7145-01A","4ef872e1-82c9-4939-9248-41ed9d3085b2","TCGA-78-7145","Primary Tumor","tumor","166","Prince Charles Hospital","78",1,45841407,45829854,0.978292759439278,44835014.3343592,-0.264997391013215,-1.85743780907262,-35.0614069276092,-38.7524074942745,55.2225976423634,60.6860526616251,-27.1859053272632,-0.0290158340948568,1.21864816449241
170,"TCGA-44-7662-01","5e72a9b0-5f80-462e-a586-262f573dc62c","TCGA-44-7662-01A","ab9e6815-4d13-44db-93e5-553eb4f5bc95","TCGA-44-7662","Primary Tumor","tumor","183","Christiana Healthcare","44",1,88179329,88154398,1.01519415900049,89493829.9398047,-1.75953635328234,-1.91938653344739,-67.9715889760619,-49.4333241835437,-42.0474390864624,26.0991402321787,-38.6849724663854,0.00269947271583537,0.891034862958197
171,"TCGA-55-8619-01","0deed408-8acb-43ce-84a3-143aabd23312","TCGA-55-8619-01A","772324a5-5513-454d-ad6b-605798f69b73","TCGA-55-8619","Primary Tumor","tumor","238","International Genomics Consortium","55",1,49409036,49382407,0.957424426246087,47279922.6886258,0.785638987588047,0.945606784842713,80.1453552836249,-9.90170954456887,-54.2117589547849,-16.45098663154,19.721502133976,0.0102807490907484,0.908270331204632
172,"TCGA-49-6745-01","357f3efe-e2c9-432a-a2b6-75a5fdbae3be","TCGA-49-6745-01A","9c7875ad-ab71-4d48-b2e3-e4c7a46393e9","TCGA-49-6745","Primary Tumor","tumor","144","Johns Hopkins","49",1,49456656,49446845,0.990905478834663,48997149.6215884,0.346214025024584,-1.09734143899545,6.95058904942313,-88.1975562025172,27.4771925754466,32.0874099618852,-17.5278972277478,-0.0100659126429441,1.02746564760432
173,"TCGA-78-8640-01","7dbabdaa-9fdf-4a94-815a-a493b5dac4ce","TCGA-78-8640-01A","18478121-f1d1-4bdd-9511-8ab22f4a0660","TCGA-78-8640","Primary Tumor","tumor","238","Prince Charles Hospital","78",1,45132618,45109045,1.01371310568141,45727630.1012725,-0.795505573749453,0.260570894085992,-72.2591191040256,13.7109947400247,7.06593128313396,-29.2516512224044,-33.2556712787544,-0.01108159046137,1.1837112792185
174,"TCGA-97-7553-01","d23900e0-0335-429c-b9b6-16fa06740f92","TCGA-97-7553-01A","37c8d73a-45ae-40fc-ba9a-721b755c1160","TCGA-97-7553","Primary Tumor","tumor","166","Washington University - NYU","97",1,60516481,60498774,1.10163192311601,66647380.7477808,1.53525227814821,-0.237158061498212,78.3510582049148,-39.2253936459301,-22.7663629130621,-12.8222067377777,-3.56515270368202,0.0213587021212169,0.813897328375126
175,"TCGA-05-4432-01","2a675528-1abc-4220-a61a-25109850ce0d","TCGA-05-4432-01A","e737f650-b72d-44e7-b750-558a56716803","TCGA-05-4432","Primary Tumor","tumor","58","Indivumed","05",1,91863107,91826215,1.04108907224134,95599268.9817842,-1.11480017896609,1.46402350518087,-47.0350463866329,6.18733547608275,-16.5401179570985,-76.474085358899,37.0544376875062,0.00373300683132882,0.955105154620399
176,"TCGA-69-7764-01","d1194f81-3244-41e2-a4ab-5fa0485ec6aa","TCGA-69-7764-01A","243c6fd6-5516-46e5-bcef-292d93d7b7d3","TCGA-69-7764","Primary Tumor","tumor","196","Washington University - Cleveland Clinic","69",1,39804920,39788165,1.03888292920289,41335245.402808,0.479718646485938,0.158189322359777,7.26463037137003,68.7865089287493,4.74287449233714,-11.3913274433194,14.5104644560343,-0.0012511037200631,1.1144620786314
177,"TCGA-99-8032-01","754b78a3-43cd-467c-bcca-377f76b9038f","TCGA-99-8032-01A","7e83f9dd-b038-497b-a113-a55605398b7b","TCGA-99-8032","Primary Tumor","tumor","213","Washington University - Alabama","99",1,75993131,75950520,1.0111625154265,76798318.8511505,-1.31759501915427,1.88338344345648,-41.4231435440489,37.3150975451701,-46.3102403736153,-77.7724230587857,45.4161928460391,0.011342573643597,0.904632965963183
178,"TCGA-49-6742-11","d9548fe4-5631-473a-82cd-1b089b638963","TCGA-49-6742-11A","21fb46f9-4bbb-441c-af19-a687e9138344","TCGA-49-6742","Solid Tissue Normal","normal","144","Johns Hopkins","49",1,48095618,48084719,0.879640422471035,42297262.535561,2.94330876506928,0.95137794781595,136.179523533614,-11.3606802497255,37.3075183728038,-21.3351820798662,10.8869032924367,0.0044066774029794,0.959296216535654
179,"TCGA-91-A4BD-01","6e10437d-da57-4298-b082-9d7c59d09c5c","TCGA-91-A4BD-01A","0d980584-4484-4063-8243-c3cd67f6f588","TCGA-91-A4BD","Primary Tumor","tumor","258","ABS - IUPUI","91",1,35943752,35935343,0.856444138339725,30776613.8715775,1.73036907098264,-0.00414293984974805,52.1028736036438,55.6494652599757,15.0727989081739,66.186115297036,59.2949858341221,-5.32907051820075e-15,1.3399569518489
180,"TCGA-MP-A4T4-01","59546c0f-5f27-43bf-aa2e-90dc44c971b6","TCGA-MP-A4T4-01A","301ca6e8-7981-4264-b4ae-38f56f7f9225","TCGA-MP-A4T4","Primary Tumor","tumor","278","Washington University - Mayo Clinic","MP",1,57123782,57104804,1.02497663892754,58531090.0705357,-0.735262939692972,-0.992129552648253,-20.2081983543254,-17.4929519256244,-92.9302537463232,35.3553271855178,-9.63346253475988,0.00726193228568509,0.937318681785472
181,"TCGA-69-7973-01","35300581-d122-4221-814e-801512df4984","TCGA-69-7973-01A","dc9eaaa0-0bfd-46d0-994f-310826879da4","TCGA-69-7973","Primary Tumor","tumor","204","Washington University - Cleveland Clinic","69",1,89941498,89899458,1.07021519406422,96211765.8897382,-0.625933863176611,0.994802026945899,-40.2939768458031,29.7075276110333,-1.56363250113164,-58.6632458566632,20.7354640560911,0.0276374222788515,1.02529930707678
182,"TCGA-55-6975-11","b42fbf86-25db-46ec-b71f-18b8d9b83bc1","TCGA-55-6975-11A","a046888c-f153-4f35-a1b6-23dd1691a91a","TCGA-55-6975","Solid Tissue Normal","normal","160","International Genomics Consortium","55",1,29913769,29904235,0.968291032334503,28956002.5793236,2.26996111953282,-0.253126848203467,133.534383473244,-6.18261022348602,20.3344339505255,-27.1703951031299,-26.8941055912348,-0.00358788888240436,1.02057909572247
183,"TCGA-38-A44F-01","45c17476-0525-46d2-8448-48d4de6713f1","TCGA-38-A44F-01A","258a3a41-211b-4c66-bd3b-ef03014a6967","TCGA-38-A44F","Primary Tumor","tumor","258","UNC","38",1,47681284,47660515,1.08764990668794,51837954.6924492,0.720149910853817,1.8336847849989,65.6739758365331,12.7119217151462,-66.9158689039771,-7.0052152366764,47.5188063908967,0.0227403619658892,1.06815040876527
184,"TCGA-55-6982-11","ffb185aa-75ac-4696-936b-52f35a345a2d","TCGA-55-6982-11A","35cb7841-9b09-465a-90c5-e3b8a9faad49","TCGA-55-6982","Solid Tissue Normal","normal","160","International Genomics Consortium","55",1,33598131,33584173,1.15083922747552,38649983.7107243,2.93506691235006,0.396913757825094,154.63022781769,3.20394379124363,-10.9768432281428,-27.8219541717348,-40.4896266679779,0.00634407983891716,1.0779234109437
185,"TCGA-78-7542-01","43b96e20-df08-4c56-915f-5d626f90c415","TCGA-78-7542-01A","e64f76e4-f748-4d9e-ba71-53e2818a7920","TCGA-78-7542","Primary Tumor","tumor","183","Prince Charles Hospital","78",1,89969450,89927152,0.87123783636107,78347937.3385931,-1.10077384500526,-0.538686810345238,-71.639390412215,-45.4395086635514,37.7533428886742,31.4555913827745,-53.1817680850824,0,1.37734299051765
186,"TCGA-05-4430-01","122aaa4f-8fd5-4c41-bff8-8a45bdfb3f81","TCGA-05-4430-01A","3a23cdb5-2327-45ac-b0b5-d4afe038c757","TCGA-05-4430","Primary Tumor","tumor","58","Indivumed","05",1,82967635,82943373,1.02391044253054,84926585.7534053,0.339067287772671,-0.151324541936942,17.0504150445069,-50.0617176640253,-1.40825122564126,10.9391242709625,29.0660867421973,0.0456869288238888,0.895479071142642
187,"TCGA-50-8460-01","40bfeee7-9932-47d6-87a8-5fd7514c2917","TCGA-50-8460-01A","497cc506-03fe-4ffa-860b-5a12adb1bc7d","TCGA-50-8460","Primary Tumor","tumor","232","University of Pittsburgh","50",1,51765025,51753955,0.863053902775986,44666452.8468427,1.197807635197,-0.546845252006628,48.4830702527899,10.6376018152072,-26.263036540902,46.2005575235061,39.364232961849,0.0028090450669811,0.94572312404398
188,"TCGA-44-7670-01","7f56df3f-b649-43d1-ab46-ad460233e46b","TCGA-44-7670-01A","9b38eded-3f46-4aaa-9991-68008d97bdbe","TCGA-44-7670","Primary Tumor","tumor","183","Christiana Healthcare","44",1,78377989,78318780,1.11133926640718,87038735.5111053,-0.690930888575772,1.76868933402829,-39.2442686780305,0.982763283515044,4.61497079549505,-62.7985132014321,-23.8022666860106,0.0227944306214789,1.23238417287547
189,"TCGA-95-7039-01","745aaf77-a464-4363-b6e4-10d30ff947b8","TCGA-95-7039-01A","ae702159-5b6a-41dd-868c-7540f9e1131c","TCGA-95-7039","Primary Tumor","tumor","160","Washington University - Emory","95",1,35915219,35905004,1.00984181749502,36258374.496526,0.110364755720064,-1.71539886732759,-28.1150149563896,2.65981025103865,38.0969192611104,63.2253554256394,-23.194839161535,-0.0302984517599378,1.09148453088801
190,"TCGA-49-6744-11","e3962e0e-eafa-4016-8fa4-1c4ba0d2a9ad","TCGA-49-6744-11A","15340dd3-84ae-49fb-989a-eb212f3e73da","TCGA-49-6744","Solid Tissue Normal","normal","144","Johns Hopkins","49",1,38581369,38570161,0.981123834413166,37842104.2542531,3.1697758069102,0.393625153466366,162.935979742007,-26.4062594126201,36.6583554702696,-42.3544392059884,-35.1144235900045,0,1.16740840674237
191,"TCGA-75-6211-01","55f79464-e4d9-47be-8ce8-c4959e9eb753","TCGA-75-6211-01A","2db08267-d346-4d42-aac0-b76831903253","TCGA-75-6211","Primary Tumor","tumor","119","Ontario Institute for Cancer Research (OICR)","75",1,37941235,37921652,1.03480348795474,39241457.7586057,-1.63809798087867,1.8300858388621,-83.4114009327219,19.7523224913333,-11.6394474117445,-74.7705231971802,37.9440874969492,-0.0141810077567648,1.23789926633466
192,"TCGA-55-8207-01","11f47c9a-6435-47fb-ace2-74f29f5f3f01","TCGA-55-8207-01A","b256e065-c681-4f82-8b68-a8ef7c413791","TCGA-55-8207","Primary Tumor","tumor","213","International Genomics Consortium","55",1,77500784,77477662,0.993944737478273,77008514.4170204,0.74239794419635,-1.08429633500799,52.1436706733603,7.03339369280484,-10.8846887553941,42.3872870143076,-16.6303880657724,0.0460645427155235,0.862240943269766
193,"TCGA-62-8395-01","aafb0ebe-3fde-4cfb-a560-11e85e839dcc","TCGA-62-8395-01A","5c266025-e590-457c-af86-4c2dc9797267","TCGA-62-8395","Primary Tumor","tumor","232","Thoraxklinik at University Hospital Heidelberg","62",1,52140448,52123056,1.12168548966085,58465675.5919799,0.544268883867165,0.0461866127393483,28.4244022501823,51.7715621867103,-1.59604883332195,-3.59474726752621,0.378255839090973,0.0131581308098832,0.95043642077976
194,"TCGA-55-8614-01","556bb046-bd81-4366-a167-e86d991ee732","TCGA-55-8614-01A","a8de1beb-6296-44eb-bd63-c603f70faaf3","TCGA-55-8614","Primary Tumor","tumor","238","International Genomics Consortium","55",1,41208876,41189378,1.07653933565939,44341985.6283436,-0.282123518056321,0.643121128063544,-4.19429793883972,3.15078272392121,-42.1576031365986,-24.1706049262665,-27.9948734374068,0.00108866456581513,1.05247664814956
195,"TCGA-49-4487-01","3e88613e-9b97-4dbc-a052-b6dfe8c09956","TCGA-49-4487-01A","bd4e9a9f-17f3-4d33-92fc-fcc45dd0e7b4","TCGA-49-4487","Primary Tumor","tumor","144","Johns Hopkins","49",1,33307866,33297527,0.97294996482603,32396827.7234438,-0.815344619766837,-0.463825569346939,-33.8041115338734,-25.5787600589759,-28.9958272271849,-16.9056118707222,28.9590049752774,-0.0165226388206324,1.00423950425199
196,"TCGA-44-7671-01","89850fa4-1b8c-429b-bdfd-8a92804e289a","TCGA-44-7671-01A","ebb33753-9d38-4368-9033-3e55f129d00d","TCGA-44-7671","Primary Tumor","tumor","183","Christiana Healthcare","44",1,83800631,83785692,0.874622001336013,73280809.6203628,0.192602341918378,1.50330035983304,13.1315784874095,9.54634247665409,70.001323566433,-25.8442070209197,43.4572697228879,0.0367067949427928,1.06271392539463
197,"TCGA-64-5815-01","4420aae3-3f44-4852-974d-74f155b99fe4","TCGA-64-5815-01A","a65700c2-e58c-4fd4-aeb1-5686b8f4d212","TCGA-64-5815","Primary Tumor","tumor","84","Fox Chase","64",1,36149151,36143105,0.868961246475474,31406957.5722939,-0.949133948343325,-1.15801106978926,-15.0247275516056,-100.429066138439,-2.84804686281955,29.298620864487,19.4083700563507,-0.0312436370978983,1.01627385323484
198,"TCGA-55-6972-11","650e21b6-138d-4b15-9551-a088695ef45f","TCGA-55-6972-11A","c4d1e105-28b7-48df-abef-fbe09782fdb2","TCGA-55-6972","Solid Tissue Normal","normal","160","International Genomics Consortium","55",1,31694601,31681835,1.05600111434121,33456053.0643745,3.11527838667696,0.402564898221043,155.196325715466,5.60526344875607,7.74873196100897,-34.5761885810597,-34.9346367536206,-5.32907051820075e-15,1.05145631954061
199,"TCGA-MP-A4TE-01","3e11762a-faf0-489d-8985-8ede2ccabd76","TCGA-MP-A4TE-01A","bebd0025-74e2-451b-93b3-86f82df43573","TCGA-MP-A4TE","Primary Tumor","tumor","278","Washington University - Mayo Clinic","MP",1,64179449,64152038,0.850730389512182,54576088.2757403,-1.79097947445186,2.61897930245461,-101.016714174527,83.2468079398927,16.8462487419791,-78.0760552900606,64.0880316794619,0,1.30080285335505
200,"TCGA-J2-8192-01","45021ebd-8e13-44c2-8203-aa9f72b50e6e","TCGA-J2-8192-01A","369f14c4-2191-4962-a309-3e23ddc4e5fc","TCGA-J2-8192","Primary Tumor","tumor","213","ABS - Lahey Clinic","J2",1,89344038,89309639,1.14614229785061,102361554.863669,-0.50312696925365,-0.748007100629791,13.5040228646407,-30.0025272743564,-38.0097871825655,23.4060106921392,-19.0165364652012,0.026460534398721,0.906676601560822
201,"TCGA-MP-A4T8-01","07b7f665-383c-4cf0-a677-52bce36a674c","TCGA-MP-A4T8-01A","7c4ed533-ee66-48be-a84b-ff8607742818","TCGA-MP-A4T8","Primary Tumor","tumor","264","Washington University - Mayo Clinic","MP",1,58847409,58828211,1.04414793853383,61425355.2432834,-1.18374279513762,0.141126390192448,-71.0185952976214,44.8356210522004,27.3922651570016,-2.23965427245881,-19.9675341343442,0,1.03023695227652
202,"TCGA-55-8097-01","54e85adb-6f45-4815-9816-a18b349cce42","TCGA-55-8097-01A","afe83af5-af22-49c0-88b4-f1d0dfcbe238","TCGA-55-8097","Primary Tumor","tumor","213","International Genomics Consortium","55",1,81574821,81537376,1.15174456985697,93910230.0483857,1.08218004457381,-0.5959265061412,47.1140443827565,64.2878861303163,-12.3377656574854,27.0460965860605,-7.24261002953743,0.0445834223330945,0.933690611047179
203,"TCGA-50-6595-01","9ed482d9-2aea-4200-a994-107a1e88f17b","TCGA-50-6595-01A","82476d2d-e403-4f6b-8dd6-cc84e3329478","TCGA-50-6595","Primary Tumor","tumor","144","University of Pittsburgh","50",1,38843185,38834287,0.987507805377117,38349161.5287551,-1.2717085383381,-0.883220407508943,-43.4452826524701,-122.230683778487,15.7070661552391,2.80483971282698,-24.7672447127019,-0.0425581100229068,1.15937583015496
204,"TCGA-69-7980-01","e54ef0f0-38a5-4226-9a6a-c76aa12de589","TCGA-69-7980-01A","aee86a89-0377-4080-b16c-408bfbe78687","TCGA-69-7980","Primary Tumor","tumor","204","Washington University - Cleveland Clinic","69",1,80030708,79999894,1.12792918269041,90234215.0547397,-0.227668639484372,-0.0635116258877236,-11.6587478028486,27.7760262170936,-27.6041086101704,5.29577455345374,-36.1911016646271,0.0257396427787649,0.954179826683337
205,"TCGA-55-8620-01","ee8a12e2-8827-4abe-af6f-aa39995f6b99","TCGA-55-8620-01A","5510ad32-62fd-4adc-964a-ae4e997c2f4b","TCGA-55-8620","Primary Tumor","tumor","238","International Genomics Consortium","55",1,43378602,43323213,1.11407632398614,48265365.8823086,-0.924462446711491,2.10240379645743,-66.5107555186738,27.5868022058513,-39.1789960545608,-100.427902838762,-24.4156215403779,-0.00354436434065075,1.36489841403228
206,"TCGA-38-6178-01","81fb5fa9-d901-4faa-b909-376b8676d2bc","TCGA-38-6178-01A","edf80622-aea2-4b50-bb69-691d6708aa83","TCGA-38-6178","Primary Tumor","tumor","119","UNC","38",1,29326009,29317757,1.14242419842471,33493315.0403354,-0.2374321016671,-0.823069898410193,-8.37597716025368,-1.75380482260721,-22.2719557475421,17.7694822811031,-21.6446265753187,0.0118349863278824,0.899915658435589
207,"TCGA-95-A4VK-01","728db9f6-58b5-4270-a494-1298809f17c0","TCGA-95-A4VK-01A","d344dae0-adf4-4697-b703-7690c13d8331","TCGA-95-A4VK","Primary Tumor","tumor","278","Washington University - Emory","95",1,51653716,51629870,1.1607126195702,59927441.6557687,-0.244453694961395,0.286276467049617,-18.7438005964192,66.7707506092799,-16.8645078418158,1.16347498631298,0.166489037555006,-0.0137892764748395,1.02577216580899
208,"TCGA-55-7903-01","c7c2f2f3-d5f6-4fb8-b02a-79fa39a42756","TCGA-55-7903-01A","77c4dbb2-eceb-4e0d-bcde-63dc817d5f35","TCGA-55-7903","Primary Tumor","tumor","196","International Genomics Consortium","55",1,53580123,53557382,1.08861573499428,58303408.7702995,-0.126344844320293,-2.06484606117551,-38.1670243988588,29.7014163357802,16.9429097514519,82.2680233943638,-37.2246285788324,0.0235445948766515,1.04819193772505
209,"TCGA-80-5608-01","20c166c8-6e1f-44b0-81ba-c41add0e0466","TCGA-80-5608-01A","5c06d97f-2aaa-43de-b085-09d7829356ba","TCGA-80-5608","Primary Tumor","tumor","160","Ontario Institute for Cancer Research (OICR)/Ottawa","80",1,78929069,78908795,0.864390494082763,68208012.2975255,-0.216580852100938,1.95968751616526,-29.7571692500286,54.3723550453894,17.4757428503617,-41.1446624192803,59.9167382121866,-5.32907051820075e-15,0.977204040099149
210,"TCGA-O1-A52J-01","cf14428a-1964-4f11-aa9a-d60c6631c2c6","TCGA-O1-A52J-01A","42432463-8e92-4f25-b72a-f03953527aa5","TCGA-O1-A52J","Primary Tumor","tumor","278","Washington University - CALGB","O1",1,54953502,54926637,1.00795438478602,55363544.6057,0.846517416231569,-0.740474959012895,32.9177291536036,69.3002494846122,-2.30253839938008,48.5467669022874,-43.6257968264069,0.00730600646705404,1.26387282769472
211,"TCGA-55-6987-01","d0bfb6cc-abc4-4b09-b668-1003f3eed1a7","TCGA-55-6987-01A","2efc156c-464a-4c2f-a854-39fefe32081c","TCGA-55-6987","Primary Tumor","tumor","160","International Genomics Consortium","55",1,100786153,100752153,0.916849524545193,92374563.5749545,-0.699230568139385,0.684832581528258,-14.7657984665947,-42.9399321564357,-39.7376433829438,-29.4820057404113,44.529252183687,0.0111162790633328,0.829446509585057
212,"TCGA-91-8497-01","81905199-81c6-4718-8bea-951bc6c810a1","TCGA-91-8497-01A","4ad63dac-76a7-4527-abce-d7a0184e8739","TCGA-91-8497","Primary Tumor","tumor","238","ABS - IUPUI","91",1,39872889,39856457,1.10501377611065,44041934.0519616,0.35910673413598,1.3050477626745,62.9588334602635,43.9687658805917,-67.1853587409117,-38.4372709564703,46.2550066857931,0.0376806935605001,0.954966072980253
213,"TCGA-44-2655-11","298662ad-dbff-4344-9b80-d744c258c292","TCGA-44-2655-11A","07b5663f-9a54-4462-b6c1-6fc8116b8714","TCGA-44-2655","Solid Tissue Normal","normal","37","Christiana Healthcare","44",1,85168460,85147362,0.928500543317578,79059371.8790585,3.21098665669021,0.698024886197485,159.75454100383,-19.9776116343811,39.9378649764205,-40.0643744498882,-29.876571752334,0.0292001384364638,0.992837828320087
214,"TCGA-73-4668-01","fdbfdf52-c0cd-4fbb-a910-b747516dfef4","TCGA-73-4668-01A","b2285924-9813-4f46-bb8f-91a0efd8a9b6","TCGA-73-4668","Primary Tumor","tumor","58","Roswell Park","73",1,111552434,111528992,0.886175367104734,98834245.428421,-0.957061608367522,-1.71356150792225,-54.110497554804,-23.8760046431507,2.16489753512625,37.0582111450494,-16.1988692031202,0.0131004480407828,1.00257439655775
215,"TCGA-86-7714-01","e40ad349-500b-49cb-977d-3dc18d0ccbf9","TCGA-86-7714-01A","532c1852-76dd-489f-9380-36766d6e3c34","TCGA-86-7714","Primary Tumor","tumor","196","Asterand","86",1,26600327,26593192,1.01682965531031,27040746.2549609,0.798656226133505,-1.19376161473962,36.2789520339833,16.4271403918002,37.6590566641446,56.6105148891782,-23.8764469636905,-0.00699607192705787,1.06490939188164
216,"TCGA-49-AARE-01","21483940-2c8f-411d-b36f-fb927cfbd6d4","TCGA-49-AARE-01A","cd9e70e4-8622-4a07-8646-63f8275c1737","TCGA-49-AARE","Primary Tumor","tumor","423","Johns Hopkins","49",1,66137408,66108875,0.952941234715038,62997872.9681221,-1.02914652342793,0.5446579621977,-64.1479342814568,44.1111756694404,-38.4234754305843,-4.54051292776959,-3.46080546090806,0.0393408075938793,1.28378421945209
217,"TCGA-44-2655-01","9fcabda1-ea79-4188-8b3f-7d0fd060a819","TCGA-44-2655-01A","07b5663f-9a54-4462-b6c1-6fc8116b8714","TCGA-44-2655","Primary Tumor","tumor","37","Christiana Healthcare","44",1,103952900,103924244,0.983191965697481,102177481.741985,0.866153005152394,0.38273649590564,28.9229283240533,6.74014918524219,63.1297284620505,14.5918878466953,60.1652363426552,-0.00163445699782611,1.02828211370586
218,"TCGA-50-5933-11","e535fb19-2411-4e71-a3cd-08aec4f0fd4c","TCGA-50-5933-11A","7a0ea814-f0de-4bc4-a81a-daa000559369","TCGA-50-5933","Solid Tissue Normal","normal","119","University of Pittsburgh","50",1,49298444,49284650,0.882135972486053,43475762.6563848,3.05606944686186,0.678069200712911,157.963689412113,-28.4196780020262,25.8796550495764,-36.8471085490855,-19.11982305278,-0.0107155376091121,1.19894112913451
219,"TCGA-78-7158-01","ee0d4640-5609-430e-8b80-3058a3f313a8","TCGA-78-7158-01A","501c987e-d1eb-48a9-89eb-72a5062c90b4","TCGA-78-7158","Primary Tumor","tumor","166","Prince Charles Hospital","78",1,62348658,62319709,1.03838985317279,64712153.4782809,0.60621881476442,-1.20819105186988,-7.52264391604628,56.7133998033627,48.6504465167004,44.1021178357363,-12.4599525833987,0.0392936317793071,1.17917154101577
220,"TCGA-53-7626-01","7d0017c2-db42-4758-8dc4-0250ec5fd83c","TCGA-53-7626-01A","d3ff328c-2488-47bd-8663-366b6812c7b5","TCGA-53-7626","Primary Tumor","tumor","183","University of Miami","53",1,86772644,86741655,1.09035013813172,94578775.5110239,1.22131710783394,-1.14449261061044,58.1149163156402,-24.1621785285193,-27.7205983294462,12.4813475779651,-0.844644449413184,0.0230032476542141,0.872990260247074
221,"TCGA-NJ-A4YQ-01","fdfca85d-9c11-4f55-8f43-7e4d54afdf9e","TCGA-NJ-A4YQ-01A","52df074f-a402-4b78-9472-f8eb268efded","TCGA-NJ-A4YQ","Primary Tumor","tumor","278","Washington University - Rush University","NJ",1,46325383,46303896,1.00161347078148,46378605.9832647,-0.774630005986362,-0.40745926544565,-38.0558037939408,3.85104120582476,-62.1055980454647,-4.194972790049,-13.2166499038742,0.00235784692549812,1.05670511677326
222,"TCGA-86-7711-01","7ed47e1b-1d36-4f8a-a101-3ef0756ad08f","TCGA-86-7711-01A","9c894668-88f5-4308-a1c0-6b8acc6aaaec","TCGA-86-7711","Primary Tumor","tumor","183","Asterand","86",1,89283901,89258180,0.840017885552,74978467.6318198,-1.80305205407306,-0.0756714795005844,-85.2547058231596,-82.0731072361121,18.7671366607528,-35.6740700720811,-34.0767675906828,-0.00650729964660512,1.36223000829217
223,"TCGA-50-5946-01","ad9a794f-52dd-4572-bf29-cd3d11ba6c24","TCGA-50-5946-01A","c95957a7-1a1a-4c8d-bb61-7c99b500f224","TCGA-50-5946","Primary Tumor","tumor","119","University of Pittsburgh","50",1,75585207,75519189,1.13463675910528,85686847.8572189,-1.5487853981925,-0.188094117301104,-81.9531523866661,53.8302576809806,0.447863001956253,-9.81794514842785,-78.6464301287689,0.0702255632926164,1.2963803272936
224,"TCGA-67-3772-01","f65c895f-cfea-46a3-b3a0-7c8a98d7522a","TCGA-67-3772-01A","673493f6-975c-49e8-934c-001e9a0fff90","TCGA-67-3772","Primary Tumor","tumor","37","St Joseph's Medical Center (MD)","67",1,63159428,63143694,0.913992331774799,57712852.1159344,0.223487361054675,-0.145740633667784,15.0002589415439,-49.9654608575329,16.091064332242,27.2672846625291,91.3359237617557,0.00408775855674248,1.24405891578033
225,"TCGA-99-8025-01","0e02dc1a-653b-4b16-824a-251a1aa41c2d","TCGA-99-8025-01A","84c3ba70-afa7-4b69-be69-7ec8d6022c56","TCGA-99-8025","Primary Tumor","tumor","213","Washington University - Alabama","99",1,78191726,78167307,1.06084142312678,82923117.1998682,-0.16408964159502,-0.023481835558746,-14.869544180002,33.9917501772551,-20.3005541106363,29.1308483367121,7.54991038994093,0.0104068614701234,0.953028749683924
226,"TCGA-86-8076-01","a06a952f-aaea-4471-8004-26108e382a9b","TCGA-86-8076-01A","8609edfc-119d-4d63-9188-c86aabd5ca52","TCGA-86-8076","Primary Tumor","tumor","213","Asterand","86",1,74625085,74605491,0.999810276272008,74591336.5681188,0.410478421762961,0.870764832637307,28.3426768849367,-3.39940630312732,-28.2706809520305,-9.60316733742004,66.4477236525526,-5.32907051820075e-15,0.731344726909893
227,"TCGA-49-6761-01","b675e2fa-e96b-48a1-aff0-7d311c053d5a","TCGA-49-6761-01A","4cd3d483-2283-4c6a-a57a-444216119d34","TCGA-49-6761","Primary Tumor","tumor","160","Johns Hopkins","49",1,37779502,37765108,0.936012428359059,35348610.4463221,-0.646494375749627,-1.90311585970102,-60.006613389858,-33.6897884271168,19.3760115213928,64.7427621782564,-13.8753051189455,-0.033054733948684,1.20922539117559
228,"TCGA-L9-A7SV-01","b8f9acbf-0e4b-4967-a11b-7234b6cf83e0","TCGA-L9-A7SV-01A","54e90433-5218-4d83-848f-f995ecba2a63","TCGA-L9-A7SV","Primary Tumor","tumor","406","Candler","L9",1,67079144,67001209,1.11141030541079,74465834.1575825,-0.438348927543253,-0.750931597546056,-49.9476571341194,97.4875881946295,3.96902138775487,21.1029783138284,-70.2947649186935,0.0258686495891771,1.47594237820184
229,"TCGA-50-7109-01","763310b9-3fb9-4a22-851c-e4335a2ed21c","TCGA-50-7109-01A","7eb540b4-8dd3-4382-a488-e48b1c7213b3","TCGA-50-7109","Primary Tumor","tumor","166","University of Pittsburgh","50",1,48872124,48848589,1.02281697869949,49963166.214713,-0.511699390291525,0.756717373323843,-36.0145485006505,14.5180216700273,-2.15884893981475,-47.5007297407917,45.1581934372492,-0.00865653023911062,1.01174878745364
230,"TCGA-44-3918-01","2ff8bafd-2ac5-4bfd-8c60-81519cd44166","TCGA-44-3918-01A","6e3b6b72-142d-4b8d-a462-28a205796e41","TCGA-44-3918","Primary Tumor","tumor","52","Christiana Healthcare","44",1,75935746,75914205,0.99863449930076,75810544.0999903,-0.67730456681354,-1.27726989014392,-29.2447216496777,-59.2781927068266,-42.5760243987921,38.9416427575728,42.4727614115493,0.00341115993680752,1.06531894929456
231,"TCGA-MP-A4T7-01","b4c61d50-4631-442d-b518-ca666d0243f5","TCGA-MP-A4T7-01A","47062ad2-ba82-45c8-a871-bdea84f0c405","TCGA-MP-A4T7","Primary Tumor","tumor","264","Washington University - Mayo Clinic","MP",1,61029502,61012780,1.02143570437792,62320631.9153554,0.219973427666265,0.624147521206323,0.439842156367916,48.6330548849087,25.0506056110617,-2.39185692271445,0.482270870784195,-5.32907051820075e-15,0.944204722445615
232,"TCGA-05-4425-01","98bee17e-0b07-40d8-a70f-3163dbfd9c79","TCGA-05-4425-01A","69b23036-add9-42c9-941f-02fb74d9b08c","TCGA-05-4425","Primary Tumor","tumor","119","Indivumed","05",1,42733981,42723427,1.02994708206019,44002868.9742617,-0.035838868139487,-0.939362438829022,-0.672965571825089,-35.9876887626566,21.203279326273,47.1071967383874,10.0405198774949,9.30114268312687e-05,1.01758279138011
233,"TCGA-86-8074-01","0382e297-1b96-433b-9440-6811d685b13b","TCGA-86-8074-01A","482eb2a7-6fed-4e4c-b1b6-14d6d869f855","TCGA-86-8074","Primary Tumor","tumor","213","Asterand","86",1,91864572,91833095,1.15850002997468,106388643.310167,-0.982422171747484,-1.16051825036642,-43.5016265562948,-26.4211085893999,-21.7499971210244,37.459753472163,-24.0773254877735,0.0280649943801969,0.903605034058717
234,"TCGA-55-7576-01","2b2bc6f3-088e-4a84-afb3-182a4acb0652","TCGA-55-7576-01A","055e9a43-3c00-4110-a303-e4407676bec0","TCGA-55-7576","Primary Tumor","tumor","183","International Genomics Consortium","55",1,100974826,100953500,1.02254151924223,103229145.262821,-0.21613439176727,-1.62778132210201,-21.4980080774118,-28.7721057076811,14.5884871224996,36.697043653575,-28.0594519674392,0.0262804177423377,0.85371820252291
235,"TCGA-95-8039-01","8745dbd3-cf9f-4edb-b419-5f0bd590f273","TCGA-95-8039-01A","87f1b3df-4bc7-4336-b658-f30ac1c5c796","TCGA-95-8039","Primary Tumor","tumor","213","Washington University - Emory","95",1,83412757,83382961,1.12059452333758,93438489.4362707,0.683731275874318,-0.673939107279754,18.5129778939722,14.3042391499439,5.27475355858822,50.7516157258628,-11.117653794278,0.0365164298630984,0.79193580916717
236,"TCGA-55-6969-11","cf83442c-cc01-41e6-bc00-c193237213ea","TCGA-55-6969-11A","d6e274a0-6425-437b-bc07-1225be7808d5","TCGA-55-6969","Solid Tissue Normal","normal","160","International Genomics Consortium","55",1,33720453,33707995,1.03224895727809,34795042.6906851,2.51469344538159,-0.130892684730424,129.023462474014,8.32389938650765,-14.5748662597191,-19.4775442993193,-10.9082067523749,-5.32907051820075e-15,0.955431991837836
237,"TCGA-44-5643-01","ed5b47c1-569f-492b-8d6c-155e3ba79acb","TCGA-44-5643-01A","27fceec1-3298-4cdd-a4e6-8f5cf34604f0","TCGA-44-5643","Primary Tumor","tumor","84","Christiana Healthcare","44",1,42601807,42570377,1.00783046125229,42903722.687594,-0.611121484609821,0.64891042796152,-67.4233225217166,-39.1550220590451,26.1382515194011,-47.3924182535625,-29.9624707563257,-0.0589496000224594,1.51076338628229
238,"TCGA-62-8394-01","2df58e78-c244-4e4e-9360-d1ce8943c01d","TCGA-62-8394-01A","742e0e32-25b5-4d41-8bf5-364b571cfd93","TCGA-62-8394","Primary Tumor","tumor","232","Thoraxklinik at University Hospital Heidelberg","62",1,57353496,57335855,1.10013792723012,63077348.6756669,-0.209527171484646,0.0787941089521475,-32.8859212844506,24.1188781351238,-12.263857439231,16.8017976024343,-34.2556999439326,0.000269450537938976,1.05432121096175
239,"TCGA-78-7539-01","d342edd9-680a-40d4-bb18-9cd7810bb052","TCGA-78-7539-01A","7be86a90-6da8-4c01-8a7a-bc5cfef9894f","TCGA-78-7539","Primary Tumor","tumor","183","Prince Charles Hospital","78",1,83161439,83138289,1.00266911710199,83360194.829,-0.339368790796116,-1.18119774585454,-13.4888836240008,28.0946715301192,17.0587890774932,38.9909169516703,9.06187566709924,-0.0119117156461445,1.0092296925038
240,"TCGA-49-4506-01","9edea53d-ad06-4b5d-bff0-48e834c3684f","TCGA-49-4506-01A","b61abdfd-b7a0-4e1a-b570-d1eaecad3a9e","TCGA-49-4506","Primary Tumor","tumor","58","Johns Hopkins","49",1,98831675,98795842,0.63406706901481,62643189.9677902,-1.4815996842763,0.754142885918646,-96.8089677139554,-47.6919489684199,60.5465683626328,0.183982796553066,73.7336227224945,-0.0545868704723065,1.67889526675093
241,"TCGA-78-7155-01","284de41b-6ad8-4c29-9eca-9a841cd7c3b7","TCGA-78-7155-01A","fc79086c-af9a-4c27-b074-f7050b6f3381","TCGA-78-7155","Primary Tumor","tumor","166","Prince Charles Hospital","78",1,39895343,39842076,1.02803722265102,40959137.1556907,-1.54335692819138,-0.268352906163398,-91.8867467829522,-13.1997687953593,66.1169860995324,-65.8000341746994,-121.952462647027,-0.0807157895096569,2.01887791824871
242,"TCGA-62-A471-01","9ab03618-703c-4401-a198-e02510807646","TCGA-62-A471-01A","0075437e-ba1a-46be-86d6-9773209a2b5e","TCGA-62-A471","Primary Tumor","tumor","258","Thoraxklinik at University Hospital Heidelberg","62",1,52296595,52268844,0.970967745151116,50751361.6003354,-1.90121626105073,1.62459664155623,-110.9484908454,29.0392009909969,37.1165200465121,-41.5259330629384,-18.6807395239194,-0.000565080109840022,1.33570618223855
243,"TCGA-44-4112-01","6c206676-e511-4281-91f5-bfe91b3279a4","TCGA-44-4112-01A","68b86559-38b2-41f2-b66e-c3c2b628b14d","TCGA-44-4112","Primary Tumor","tumor","52","Christiana Healthcare","44",1,65704468,65684839,1.03866205925918,68224350.137848,-0.556584962153369,-1.44586954242793,-31.0221923927409,-30.1491986074607,3.7710285654118,42.7898979460299,20.277867843917,0.0168985347669885,1.04507310147682
244,"TCGA-55-A493-01","a08a22c9-5b3a-4748-89af-0fae50522f1b","TCGA-55-A493-01A","e43a2b72-35c6-4466-9007-ce96caf77ea8","TCGA-55-A493","Primary Tumor","tumor","258","International Genomics Consortium","55",1,52429601,52400698,1.07475485793599,56317904.7347368,-1.79296878279846,-1.19888562509991,-75.8467167748726,-39.7974512284633,-63.7284626360191,21.40189867209,-64.0617505587995,0,1.1573192013887
245,"TCGA-35-5375-01","78b3d4a5-8563-433d-b271-6e37385e0584","TCGA-35-5375-01A","5d2a9a4f-678d-4089-a8c5-81a5cb696629","TCGA-35-5375","Primary Tumor","tumor","84","Cureline","35",1,29077647,29063721,0.845666945336724,24578228.1581888,-1.10799826160967,0.743661772436564,-83.9391576367823,-62.8232205546131,50.2346391579659,-17.0871339863504,46.4425516190814,-0.152195599312616,1.85418304175426
246,"TCGA-44-6774-01","79cf84b5-84ff-42e5-b438-697b35d272fc","TCGA-44-6774-01A","33c71ead-4c2a-476d-85ef-885dbbfc2cbd","TCGA-44-6774","Primary Tumor","tumor","144","Christiana Healthcare","44",1,30047646,30040067,0.921123093675561,27670599.4492611,-1.3584122116785,-0.58227903730415,-13.7656289272887,-55.6639857902369,-32.6382506996877,-33.3089765079912,-11.1656836000123,-0.0544299200535333,0.892677630686332
247,"TCGA-35-4122-01","587f8383-3a48-49af-8ac4-d86e6009c96b","TCGA-35-4122-01A","44adf4cb-2829-4153-80fd-a8b7ee0e654a","TCGA-35-4122","Primary Tumor","tumor","52","Cureline","35",1,68376720,68354931,0.78848517439827,53896849.6905167,-1.24446792400863,-0.33639013120774,-63.0830725299698,-132.495142753674,39.2388443123326,23.8932299467175,73.9731012204064,-0.022915383740754,1.78986690210622
248,"TCGA-91-6828-11","a2ea00c0-232e-496b-bffb-20ce1b533099","TCGA-91-6828-11A","9536e32d-2707-48d2-a36d-08c521665bb9","TCGA-91-6828","Solid Tissue Normal","normal","144","ABS - IUPUI","91",1,40509683,40496806,0.974544855343432,39465953.945141,3.1978119253514,1.366700376473,158.966894996304,7.3876719713945,40.9888249308331,-38.160004964353,-29.8006608676201,-0.000948297177521429,1.04348763609357
249,"TCGA-55-7907-01","88c65791-1a9c-4121-955a-9bd5ed1b0bba","TCGA-55-7907-01A","bf755bc2-b7aa-4c3c-8b3c-58b089b5cab6","TCGA-55-7907","Primary Tumor","tumor","196","International Genomics Consortium","55",1,33649700,33635763,1.10212939407946,37070963.0945903,-0.658303599888456,-0.562136533958564,-30.8597229123704,-5.69728156151516,-19.7158439873149,22.4875466388255,0.470266001672296,-0.0119451466350435,0.998624859549826
250,"TCGA-55-6984-01","76c0adae-eef5-459e-a4c9-397d94ebfdcc","TCGA-55-6984-01A","f063ddbb-1668-40df-9ec2-b0a23ca2c389","TCGA-55-6984","Primary Tumor","tumor","160","International Genomics Consortium","55",1,36003557,35993586,0.870408883923602,31329137.0186682,-0.165730378745373,1.14139659066176,-15.9555889786012,-10.6761351769203,8.04890749073466,-0.836060064697706,23.1597436001116,-0.00541170938918148,1.01932045347345
251,"TCGA-05-4420-01","4b202550-9744-4c6c-ad17-97f764ea3f18","TCGA-05-4420-01A","3d2aa654-1b5f-4eb4-a1c2-af31f5760069","TCGA-05-4420","Primary Tumor","tumor","58","Indivumed","05",1,105990749,105954066,0.948569195072383,100504763.100266,-1.65728634911509,0.575308699906312,-96.8975035809468,13.8587715735367,35.1045315229784,-30.7371994070099,32.7092972589859,0.038058205351877,1.32922217097985
252,"TCGA-97-8552-01","ff0ad6a3-94e2-4dea-a9c8-7c790d65e56e","TCGA-97-8552-01A","9ca1a26c-82e0-48b3-b3bb-2ed57086eeb1","TCGA-97-8552","Primary Tumor","tumor","238","Washington University - NYU","97",1,44984577,44966431,1.09843572586683,49392734.2751256,2.27628685035906,0.884794545587394,100.522938342734,70.313184852479,-39.2865590324212,17.2743736986389,3.19320130186149,0.0408203663365714,1.04888218342292
253,"TCGA-NJ-A7XG-01","5a6826b4-7926-4378-86bf-76c028508b3b","TCGA-NJ-A7XG-01A","01e9888d-b5b9-48f1-8ba6-8a89af108a04","TCGA-NJ-A7XG","Primary Tumor","tumor","406","Washington University - Rush University","NJ",1,58345764,58328543,0.964297296790614,56246056.3406351,0.244915046646083,-0.813391918401219,-8.31581441540915,108.53712632389,38.7817176189366,72.8600942798035,-16.7700645803813,0.0186518411634891,1.19669922701271
254,"TCGA-67-4679-01","1fd0b739-e037-4791-b4a4-daf75d55022b","TCGA-67-4679-01B","3e635902-5310-4406-8b4d-a238ce382639","TCGA-67-4679","Primary Tumor","tumor","119","St Joseph's Medical Center (MD)","67",1,47045137,47029185,1.02110165343825,48021578.5633532,1.99636341259762,-0.411611926616146,81.468745609505,53.5531611675373,9.35889667456902,35.2540100808731,-8.95466822224076,-0.000112709223042184,0.959461332516706
255,"TCGA-73-4666-01","5bae2e45-6dbc-458c-a66f-702eb1af7357","TCGA-73-4666-01A","4c31127e-d095-4978-9dac-35153c27f6ed","TCGA-73-4666","Primary Tumor","tumor","58","Roswell Park","73",1,95410609,95389118,0.94338444786305,89988610.4165733,-0.590575431714271,-1.35142580000164,-62.6354119484511,-65.2209576656732,39.044788756865,46.9144539297648,-35.9415405255208,-5.32907051820075e-15,1.29028229955233
256,"TCGA-62-8397-01","1a40c0ef-0b6f-48c9-98cc-b64e8660f2a3","TCGA-62-8397-01A","9240d5fc-de23-4436-8099-da9bd3054860","TCGA-62-8397","Primary Tumor","tumor","232","Thoraxklinik at University Hospital Heidelberg","62",1,23254940,23250031,0.732694514666106,17035170.1795169,0.226917176966802,-1.28445576427296,14.3251762822651,37.2956584164768,16.0560548744213,65.8587638862188,9.83012254551472,-0.0796287520625845,1.17863008289761
257,"TCGA-55-8085-01","a527b0d5-599a-4ec6-9eca-bae98872f440","TCGA-55-8085-01A","5fd0f07b-8bb9-4378-bd26-28a26057e8fe","TCGA-55-8085","Primary Tumor","tumor","213","International Genomics Consortium","55",1,80557333,80528100,1.02449290435303,82500467.0510311,-0.525732801887318,0.729020017636945,-47.4839486072117,31.6525369341349,2.65900131268524,-13.8888753547308,36.765962950522,0.00788833238099418,0.962428983238553
258,"TCGA-55-6971-01","9ee35460-266a-485d-966d-b235fe620ccc","TCGA-55-6971-01A","8d0736fe-261c-445c-bfd2-a3ea3ceaf367","TCGA-55-6971","Primary Tumor","tumor","160","International Genomics Consortium","55",1,33296993,33284695,1.07184666514166,35676089.3360074,-0.503116941929988,0.407330180168943,5.84854550338673,-14.4222545827799,-63.5589546857887,-33.3112784855524,28.7737882104718,-2.45797494353717e-05,0.901546938582495
259,"TCGA-75-6212-01","4f516204-3c17-4df0-b9bb-6b6dc9af4fd2","TCGA-75-6212-01A","23069f19-eba5-4ea5-ae7d-1ee4399ce7c1","TCGA-75-6212","Primary Tumor","tumor","119","Ontario Institute for Cancer Research (OICR)","75",1,37618068,37610274,0.885829664108987,33316296.384467,0.776402312267243,-1.08414964917342,33.7598205709828,-13.5884224542078,10.7190717460146,47.1743382771632,35.5687653360146,-0.0315978608840397,0.985138855136969
260,"TCGA-55-7910-01","796a6e60-2289-48e0-8a50-ddfce6ebf73b","TCGA-55-7910-01A","b2bc53d6-ef78-4ae9-a6b5-1c7cad9a43eb","TCGA-55-7910","Primary Tumor","tumor","196","International Genomics Consortium","55",1,31468791,31447457,1.02484170834721,32228665.5550555,-1.16539832497439,0.510315348705458,-76.0169013915441,64.533120324735,-16.487799351284,-48.2493357612645,27.0979032554884,-0.00107447239904079,1.32742215092266
261,"TCGA-49-6742-01","f0a4ae58-d5bc-4ab0-b1cf-0d951ea91fc7","TCGA-49-6742-01A","21fb46f9-4bbb-441c-af19-a687e9138344","TCGA-49-6742","Primary Tumor","tumor","144","Johns Hopkins","49",1,36437985,36398944,1.02890484524874,37451049.8435376,-0.500915123905411,2.16096306355881,-39.0144708703092,22.1806195119486,81.8884117985511,-55.5423485614824,-9.89156139565821,-5.32907051820075e-15,1.10421017946294
262,"TCGA-55-7727-01","d69112ac-842a-4ac1-82be-af6fac624ca4","TCGA-55-7727-01A","ba49117e-dab6-4e7d-bc44-f11dcafa1318","TCGA-55-7727","Primary Tumor","tumor","196","International Genomics Consortium","55",1,26626377,26606080,1.18982698609438,31656631.978186,0.338471247454782,-1.41772018187362,1.97466068028928,12.8257146370601,6.66351585140505,34.9443491577715,-24.016182692058,-0.0217718919363406,1.31600438894693
263,"TCGA-55-A492-01","8e690229-01ba-4158-ac60-256310bae644","TCGA-55-A492-01A","39ab7174-5707-498d-9959-523680e04198","TCGA-55-A492","Primary Tumor","tumor","258","International Genomics Consortium","55",1,58052091,58037628,0.781074397504237,45331705.322675,0.458652314649787,1.06271449311739,3.94794506509717,107.499146796626,70.9260507975531,21.1380100056181,83.4054144487312,0,1.61441575024239
264,"TCGA-67-3774-01","b3585415-9ab9-4614-8b15-8edb66efd1dc","TCGA-67-3774-01A","36ad7fc7-0cc1-4f01-aef1-f89b3cb4feac","TCGA-67-3774","Primary Tumor","tumor","37","St Joseph's Medical Center (MD)","67",1,45323003,45310921,1.02769476485126,46565796.3022888,0.774316320755733,0.948689602756812,41.9467912851876,10.6876357540035,4.69037152999638,-19.8696430893735,53.3909736147239,-5.32907051820075e-15,0.858722401983577
265,"TCGA-55-8506-01","db809a73-5e5f-42f2-ab05-89bac944411d","TCGA-55-8506-01A","3ed05070-6633-4de5-9f72-090f93aa2e4d","TCGA-55-8506","Primary Tumor","tumor","238","International Genomics Consortium","55",1,44212704,44202512,0.950650026772354,42021119.2162053,-0.459682754711104,-1.48055766687121,-45.6902498993914,16.389239911396,-5.90277250990229,68.153621684653,-8.81463674257357,-0.0139253764059941,1.18466329170065
266,"TCGA-97-7547-01","d4d43ae0-2a4c-49e5-8481-fa3614dfe5c1","TCGA-97-7547-01A","6092bd5c-e97c-4a77-a4ad-c87623b17507","TCGA-97-7547","Primary Tumor","tumor","166","Washington University - NYU","97",1,64893792,64873444,0.898113452092785,58263712.739988,0.20582431006212,-0.500524877691713,18.5971189233636,2.98126636442658,1.15238332708895,20.5566155066905,16.9213193293537,0,1.0903107752704
267,"TCGA-49-6745-11","36be2a07-e71c-4b12-83d8-506376da8f5e","TCGA-49-6745-11A","9c7875ad-ab71-4d48-b2e3-e4c7a46393e9","TCGA-49-6745","Solid Tissue Normal","normal","144","Johns Hopkins","49",1,43331094,43319458,0.938981228461565,40676157.8891292,3.40614704743477,1.00614186254483,149.677995987037,-30.1635262118687,87.5861715870821,-20.325138355599,15.1535640814403,0,1.30841496506762
268,"TCGA-97-7941-01","586803bd-5ffb-4d14-8dc9-3e540a683afe","TCGA-97-7941-01A","b266cbf5-80de-4473-b16f-08c502d365ca","TCGA-97-7941","Primary Tumor","tumor","204","Washington University - NYU","97",1,77101633,77070968,1.11447254176183,85893477.6030044,0.819210128806073,1.62453675871729,62.7001155456229,37.7284329440224,-16.9597543849109,-7.14911099295059,9.03216568873215,0.0276035415325034,0.874302265447733
269,"TCGA-53-A4EZ-01","07af724b-7a04-47b8-b282-662710a1c347","TCGA-53-A4EZ-01A","7ca711ec-9ac0-4fa7-8a60-32ae84b8789a","TCGA-53-A4EZ","Primary Tumor","tumor","264","University of Miami","53",1,65277066,65243732,0.997810856091979,65100904.0815556,-1.18063741708485,1.04757342986596,-81.5461798865372,94.447819667215,20.7362894720227,-22.4996107550703,-6.35897607971296,-5.32907051820075e-15,1.43019994294484
270,"TCGA-50-5932-01","7ecb9621-7a1f-4876-9dfb-9b77cc4cb7b4","TCGA-50-5932-01A","ebcba7f2-ce13-4bae-97cd-91a6b1dcd465","TCGA-50-5932","Primary Tumor","tumor","119","University of Pittsburgh","50",1,61505553,61495602,0.885702658662716,54466818.1874642,0.204506367749666,-0.680578656734623,-15.8151352699476,21.666804201609,79.7058916297024,14.8769728291721,8.12628659993482,-0.000219540012145636,1.29593369618611
271,"TCGA-78-7149-01","bff592ed-0ba6-44c2-b04e-0aad7b73089d","TCGA-78-7149-01A","2de1ba51-eae1-4a54-b7cd-d6d739fdc39d","TCGA-78-7149","Primary Tumor","tumor","166","Prince Charles Hospital","78",1,55417243,55402508,0.885944900990337,49083569.4646764,-0.208441491992734,1.32934915239541,-8.98543323025996,60.9811579332356,59.4241318682654,-11.9382334273829,59.351690914907,-0.00893437739400471,1.21076749796223
272,"TCGA-05-4384-01","e4416303-50b0-4316-bfee-030c7b29fac6","TCGA-05-4384-01A","9a50e7e4-831d-489f-87d2-979e987561cc","TCGA-05-4384","Primary Tumor","tumor","119","Indivumed","05",1,39330595,39317685,1.13895655390715,44781135.0152069,0.485141831786439,0.310818837396142,36.6789442212346,48.2201352781499,36.4966199696336,-3.26161465027933,0.082428397378392,-5.32907051820075e-15,0.823548516459411
273,"TCGA-97-A4M5-01","091e0712-7fde-442c-aef1-5c504f91b227","TCGA-97-A4M5-01A","5fe77d4a-a8a5-4c90-8ff2-9c3bbbb309ef","TCGA-97-A4M5","Primary Tumor","tumor","264","Washington University - NYU","97",1,61647404,61626917,1.1371982307597,70082020.9795751,0.847561033611095,1.56893815733869,58.2294220689818,35.8904779164945,-26.1132340460853,-36.2486102913105,13.6158582055486,0.011293551540946,0.821254870977006
274,"TCGA-MP-A4TF-01","a1283c20-bb35-40bb-91f7-e21b3307f031","TCGA-MP-A4TF-01A","86dac334-f30e-438e-810a-8e45f69dbb7e","TCGA-MP-A4TF","Primary Tumor","tumor","278","Washington University - Mayo Clinic","MP",1,33036746,33018574,1.11748558561046,36897780.5024121,-1.62497238299379,-0.285885878707649,-77.5944312214003,6.83058699817258,-10.6557425380281,-15.8771879313819,-30.3308994263435,0.0382263690127307,1.22863006630136
275,"TCGA-44-2665-01","a0863fa6-515c-44fa-825f-f9e243f945f1","TCGA-44-2665-01A","fb79c491-7b01-42ae-8369-8364e442e31b","TCGA-44-2665","Primary Tumor","tumor","37","Christiana Healthcare","44",1,64429375,64403712,1.07945618866478,69520985.4913844,-0.869765248689115,-1.45338968273198,-13.4444400232325,-41.3484843627054,-13.3117542586069,47.4292735645416,-21.8247294885458,0.0373001715033638,0.976124803651489
276,"TCGA-50-5936-11","5af84779-8d50-4ba9-a61c-04bd7de3f812","TCGA-50-5936-11A","ef42ae4c-a108-468e-beed-437cf3cf2962","TCGA-50-5936","Solid Tissue Normal","normal","84","University of Pittsburgh","50",1,40509332,40499644,0.924533264461085,37443268.0768318,3.29793344167305,0.387578048983458,161.913465081869,-24.5288815429739,51.633572269288,-34.6414830953356,-39.6812478965868,-0.0114604733947457,1.06935236891325
277,"TCGA-73-4670-01","646402af-ba5f-438c-ae63-213ebd58b16d","TCGA-73-4670-01A","1b354837-4925-4480-ac32-6b44d0957314","TCGA-73-4670","Primary Tumor","tumor","58","Roswell Park","73",1,112802444,112773856,0.818992823579768,92360978.7514182,-1.61296151030409,0.534646702245156,-101.549361227212,-53.4415616109756,61.2056537917743,-17.9353036775209,31.5888881271133,-0.000654413347872251,1.46837529868461
278,"TCGA-49-4512-01","d809a778-d1ac-4406-ab09-67cc70f1f0c2","TCGA-49-4512-01A","a1e65587-24c1-4b41-92a7-4e1f15fffd78","TCGA-49-4512","Primary Tumor","tumor","144","Johns Hopkins","49",1,39203668,39192386,0.904744291498499,35459087.5037057,0.309122578882024,-1.01808738765955,9.64986521078369,37.8720839808868,-16.5663240823661,64.4262713566712,-6.39012921614078,0.0423416574930475,1.07920501713253
279,"TCGA-97-A4M0-01","6dd5d1bd-d39f-462e-9d6e-158dc08dc0af","TCGA-97-A4M0-01A","dd63d0fd-e24b-40a5-88c5-7d3d4106631e","TCGA-97-A4M0","Primary Tumor","tumor","264","Washington University - NYU","97",1,55820212,55800311,1.06944492560175,59675359.4459495,0.772919274758951,-1.35840908367042,18.348568726963,65.9889885588807,-26.5111459817272,68.5745008284911,-21.5235160079274,-5.32907051820075e-15,1.08489714484572
280,"TCGA-78-7156-01","fab452a2-a57a-4d63-80bc-2ad2b5a20f03","TCGA-78-7156-01A","7b0622ab-63ea-483f-ae40-d3ea587bdbba","TCGA-78-7156","Primary Tumor","tumor","166","Prince Charles Hospital","78",1,43847809,43830357,0.984977437529492,43171912.7238628,0.659499904482551,0.232892313069476,15.5433879849615,81.736927830369,106.271047152157,-9.04320146550252,7.06829775422785,-5.32907051820075e-15,1.31953767751102
281,"TCGA-44-3396-11","baeecbd4-2b44-4334-b4d9-3ec4e73e368b","TCGA-44-3396-11A","3bd6badb-27ff-4d8d-b206-4d28dc264862","TCGA-44-3396","Solid Tissue Normal","normal","58","Christiana Healthcare","44",1,91045027,91022637,0.915869222385562,83364831.7686733,2.89077919301068,0.766516861690977,157.589290421971,-43.0283803606613,1.20873152197214,-42.1149999050614,-12.6502760287513,0.0248016208359914,1.03754316676512
282,"TCGA-44-7669-01","37599a47-3ab8-4b42-a227-270e8652c160","TCGA-44-7669-01A","4b22ad71-c585-4077-ad3c-c6e026d0c7fa","TCGA-44-7669","Primary Tumor","tumor","183","Christiana Healthcare","44",1,76382830,76327184,1.19704461931559,91367044.9147111,-0.495073050928597,1.72039665244872,-23.8177213287233,4.92819160585471,-15.5764905566202,-101.715544510683,-36.5816502078374,0.0166349593430035,1.17052735867933
283,"TCGA-J2-8194-01","0d1aff40-772d-436f-9802-971880a2058b","TCGA-J2-8194-01A","2b68b51f-bd4c-4bbb-b4e6-2eead53da2a4","TCGA-J2-8194","Primary Tumor","tumor","213","ABS - Lahey Clinic","J2",1,74128247,74104657,1.0705782061786,79334830.7605404,0.0463077470984153,0.578933166522217,-3.98013511891986,23.096667492637,51.4202504009235,-10.2381135997356,11.7461147173536,0.00438597893474113,0.951584001989227
284,"TCGA-80-5611-01","97025733-075c-49a4-a587-ba54a1714207","TCGA-80-5611-01A","e51f717f-72e8-400e-9f35-fc5dc32fdf71","TCGA-80-5611","Primary Tumor","tumor","84","Ontario Institute for Cancer Research (OICR)/Ottawa","80",1,42342446,42312943,1.07443674227717,45462580.6330796,-1.93506538865669,0.0417423745879208,-84.480364059181,-18.720254398336,24.1183864218903,-0.317552156075671,-29.2539929916618,-5.32907051820075e-15,1.25550119149484
285,"TCGA-62-A46R-01","fbce7d71-f82c-4457-a1c5-53edd05a0ea4","TCGA-62-A46R-01A","c497f8c7-2fb5-44d9-bc7c-69cfd0b51b54","TCGA-62-A46R","Primary Tumor","tumor","258","Thoraxklinik at University Hospital Heidelberg","62",1,50106576,50090476,1.03197354814729,51692046.2461065,0.0909368340052034,-1.33524383487354,-5.41181445418448,33.0669593127152,-22.755809507951,67.6972981184733,-25.6151718459213,-5.32907051820075e-15,1.10501775843586
286,"TCGA-86-8359-01","6601f037-bdf0-4171-86e4-aa4da7c9e83e","TCGA-86-8359-01A","7e7f089c-25f7-4e14-aed5-d741047b9e42","TCGA-86-8359","Primary Tumor","tumor","232","Asterand","86",1,41128542,41118155,0.974122745526741,40054130.0395941,-1.30174600026327,0.689826514671184,-57.9437219660547,8.82917675203823,-6.21439119822035,-5.90850613872463,47.9354249070076,-0.017241723225393,1.05286497432583
287,"TCGA-55-7913-01","e7a733ac-55e0-4395-ad3b-7cfc5b526d01","TCGA-55-7913-01B","c9c533ee-e154-4a56-bce9-b5af37574b2f","TCGA-55-7913","Primary Tumor","tumor","213","International Genomics Consortium","55",1,88527544,88487714,0.988766753937557,87493709.7351349,-1.97348731209783,0.593288680051463,-105.397918812911,45.7215612530754,31.3131335033837,-31.9708948195831,-3.05337102562442,0.0715756793951159,1.24086984580792
288,"TCGA-MN-A4N5-01","034cf68f-79af-40f3-bb6e-26ae98b3a62f","TCGA-MN-A4N5-01A","17e09b0d-eab2-40ec-ae3c-be9ab63fcef0","TCGA-MN-A4N5","Primary Tumor","tumor","264","BLN - Baylor","MN",1,64715044,64688612,1.1267681420904,72889067.1576466,-0.117606723366418,-1.19265164352528,-23.1826084112138,44.5096113855977,-34.0979481665148,57.9726795314768,-41.7402283987573,0.000188444928621578,1.06944904517269
289,"TCGA-86-A4P7-01","d5cb5845-eb00-422d-a3d1-d3061ba078d5","TCGA-86-A4P7-01A","9e640ff7-996e-427b-b56c-519a1e23baab","TCGA-86-A4P7","Primary Tumor","tumor","264","Asterand","86",1,53517666,53495638,1.1720060025789,62697208.847788,0.891455277855222,-0.399807203256726,54.8898245012333,34.6702895107575,-64.8814067636461,3.24368578901059,-1.7019749280582,0.0276650048225537,0.914870701150597
290,"TCGA-05-4402-01","07c1fce4-ec48-47a4-8391-e553936b67f2","TCGA-05-4402-01A","722d6818-f1cb-49f4-b68a-fd0a31304681","TCGA-05-4402","Primary Tumor","tumor","58","Indivumed","05",1,113257809,113218945,1.05859831192066,119853384.054438,-0.599181553679945,0.239236853473392,-16.6662202478543,-23.2782198551397,-9.35071997429423,1.43268335394637,5.14896156758617,0.0271325016646776,0.816195818300546
291,"TCGA-50-5935-01","98687adb-f8e9-4e6e-bc1b-396a3ddfac96","TCGA-50-5935-01A","100430c8-1446-45c8-af36-b6dbb3ddd0c1","TCGA-50-5935","Primary Tumor","tumor","119","University of Pittsburgh","50",1,39402657,39386744,1.04312295039255,41085216.6076362,0.060951159218759,-0.866370782045177,9.49037213516321,30.9832370595859,-4.06498195858234,33.124416217769,16.5387549935026,0,0.884417394085946
292,"TCGA-L9-A8F4-01","5a1d5fb9-900f-4f73-bead-d67cae987a8a","TCGA-L9-A8F4-01A","927fc5e0-2c14-4c20-a49b-f10d8a1175c3","TCGA-L9-A8F4","Primary Tumor","tumor","406","Candler","L9",1,65888499,65852330,1.12658249435885,74188082.1907424,-1.55772232987513,-0.146736565015024,-55.4563122868436,21.9993411327726,-74.3953801707175,-19.1245616502183,-13.0253430596794,0.0066263759669043,1.07493634685322
293,"TCGA-49-4510-01","9a479d32-13a4-46c2-b26d-34cb6051a891","TCGA-49-4510-01A","f77b6930-a1ce-446e-a15d-c018cbbecfee","TCGA-49-4510","Primary Tumor","tumor","58","Johns Hopkins","49",1,101399232,101368516,0.884923944267883,89703427.003302,0.339998597347973,0.610595321056269,5.89814229834183,69.5289212875363,18.5613454433114,2.44822290323511,69.0767844328224,0.0198685719346616,1.22207353583628
294,"TCGA-49-AARR-01","a8db5a04-924f-4348-9bcd-24c24e2346dd","TCGA-49-AARR-01A","9b93a7c5-f9b4-4461-8078-0201a725c9cf","TCGA-49-AARR","Primary Tumor","tumor","423","Johns Hopkins","49",1,50214977,50177106,1.13168569555637,56784713.1046159,1.98105082539821,2.3531167473433,108.097602378993,33.7296652046478,-76.3411098479753,-49.4960586687825,12.6901520957483,0.0156268088017961,1.14852546469334
295,"TCGA-50-5944-01","bf8fdf82-62b4-4b5d-93e7-ce153576fe49","TCGA-50-5944-01A","1c339545-c08a-4a77-b8e9-a7e49e53853f","TCGA-50-5944","Primary Tumor","tumor","119","University of Pittsburgh","50",1,42677607,42666946,0.967346977139894,41273741.2368911,1.51266318838816,-0.667521396915142,63.6457667450812,-3.74912518220003,38.8384687521945,17.3339048089285,-18.3132819116067,-5.32907051820075e-15,0.955189047907394
296,"TCGA-44-2665-11","e8d3015b-0b27-4cd5-b6a4-931b587d8a12","TCGA-44-2665-11A","fb79c491-7b01-42ae-8369-8364e442e31b","TCGA-44-2665","Solid Tissue Normal","normal","37","Christiana Healthcare","44",1,79576720,79561569,0.85750808403158,68224688.5957363,3.04644676562856,-0.0635484654381302,140.871294245652,-22.9306875272201,47.1975947467149,-16.4545489513408,-24.3758753368213,0.000885372751579183,0.934409551455536
297,"TCGA-64-5774-01","252c5d60-7033-44c3-8ab5-4604670a80f4","TCGA-64-5774-01A","fd3fc273-c035-40ea-a459-ff4806f5d592","TCGA-64-5774","Primary Tumor","tumor","84","Fox Chase","64",1,52306948,52284638,1.02143865905396,53405550.5278416,-2.03689816702635,1.36174909613049,-105.587554490636,23.8080109328551,-1.43457202745565,-77.0183504669677,27.1166949458688,0.0266880322081773,1.25137774702492
298,"TCGA-55-6642-01","08d8f333-08f9-4268-99b7-61f7b057f542","TCGA-55-6642-01A","474b86d9-d897-467d-85d4-51dfa26ea107","TCGA-55-6642","Primary Tumor","tumor","144","International Genomics Consortium","55",1,48653938,48642768,0.809821707956134,39391969.461474,-1.67970389816242,0.454997972327333,-32.2962847648587,-33.3769264591086,-48.7767876303085,-50.2340131892878,36.7786922235374,-0.046511210902396,0.952106826025056
299,"TCGA-55-6986-11","e8e0e53a-4009-4141-ba6f-eed35fcaad7b","TCGA-55-6986-11A","028e99e9-5b9a-4954-bb6e-6d4709a3cea8","TCGA-55-6986","Solid Tissue Normal","normal","160","International Genomics Consortium","55",1,87203641,87159925,1.1157473499659,97248455.3419768,3.14653388777195,1.56420055365982,161.957563836337,26.522506363948,-2.50841445670895,-43.1396371650214,-33.6374323736892,0.0262276846721159,1.07605178336919
300,"TCGA-49-AAR9-01","9e129d06-15b7-4d89-bac0-9cb62c54dc5a","TCGA-49-AAR9-01A","47b749e6-e060-4aa1-8f29-976e489ba789","TCGA-49-AAR9","Primary Tumor","tumor","423","Johns Hopkins","49",1,54551541,54534263,0.893678300055516,48736087.4526204,-2.60125086194412,0.113679292967655,-127.820564425806,-24.0731371739051,56.4398353676915,-18.4745299144483,-81.2921342188716,-0.00464005303477399,1.5348895636935
301,"TCGA-50-5051-01","180eb213-0ddc-4f10-ab0e-b3af92cde3c3","TCGA-50-5051-01A","e1c55bac-bb41-4964-add5-ecd6ba04b58d","TCGA-50-5051","Primary Tumor","tumor","144","University of Pittsburgh","50",1,38773502,38753491,0.93780679471454,36343287.1787088,-0.695975731087161,1.762324366538,-42.9675457538832,87.0121867400972,0.447465812853268,-38.290577669138,50.8635274786201,0.0182442484644016,1.12299628862705
302,"TCGA-55-8206-01","bc4e0d7d-c267-46d7-a79b-075456fb3b68","TCGA-55-8206-01A","a214a959-3b21-4f25-a615-383cda7afdff","TCGA-55-8206","Primary Tumor","tumor","213","International Genomics Consortium","55",1,82882465,82852023,1.12741150171434,93408323.6705014,1.56825147504355,-0.356216802836899,76.3101320780192,33.2166829767063,-17.6044421913399,9.62873984072707,-5.73630943626008,0.0321686741610097,0.896185110699801
303,"TCGA-55-8089-01","8950ac53-1f70-46bc-a094-ec946e6e3a78","TCGA-55-8089-01A","1070ff27-17c9-43dd-a4f6-daa643eb9123","TCGA-55-8089","Primary Tumor","tumor","213","International Genomics Consortium","55",1,78428555,78395182,1.02814631200297,80601717.2521017,-0.583490336254368,-0.181216011904689,-21.8391373603154,-83.905187762945,-20.7609896950173,-4.8047246450193,-0.801594469129416,-0.00320837343026298,0.955406618886252
304,"TCGA-69-7761-01","c8c5aa67-c6b9-48ba-ace2-b040170d73fc","TCGA-69-7761-01A","77828a90-8e2a-4664-b674-d837e6e34fe4","TCGA-69-7761","Primary Tumor","tumor","196","Washington University - Cleveland Clinic","69",1,51944082,51916848,0.991272429343995,51463740.0408429,-1.27165553439835,0.969712909318674,-19.9356731967948,-51.2055183084101,-58.7504690467551,-25.6298998668307,13.439420354209,-0.00404431683928941,1.08125092121083
305,"TCGA-78-8655-01","e3ab8511-d37d-4cec-a954-cfc616b2cefd","TCGA-78-8655-01A","a905d275-9283-4fa6-bbbf-46019bd1bcb7","TCGA-78-8655","Primary Tumor","tumor","238","Prince Charles Hospital","78",1,37913115,37904427,1.06946681178226,40537526.6961235,0.181150126987926,-1.80696424248514,-2.49857384578293,-1.92347077321519,9.5989105114108,59.4226164114393,-7.10260783954092,-0.00390790974384658,0.883831785352928
306,"TCGA-67-6217-01","bc0fe45c-3249-46d7-8991-c6888f0b9579","TCGA-67-6217-01A","108a71cf-b9db-47cd-aa74-c03ec989b41b","TCGA-67-6217","Primary Tumor","tumor","119","St Joseph's Medical Center (MD)","67",1,46010643,45994822,1.0591961412111,48717537.9780916,0.990966110832587,-0.762195911033731,44.3810234918002,46.0555099909734,-34.9064027776147,32.8710021350941,3.80620427243609,0.0128222226376042,0.884740456036437
307,"TCGA-75-5126-01","39509ea1-e728-4350-b444-798c72ade33a","TCGA-75-5126-01A","93766482-2f20-4c8f-bbd8-bdd203c37d5a","TCGA-75-5126","Primary Tumor","tumor","119","Ontario Institute for Cancer Research (OICR)","75",1,35040973,35032526,1.00280587743978,35130822.9743618,0.553809896320982,-0.282111729534727,20.2149919510407,-82.6250596680002,22.5690737899147,20.4055190953621,6.5177924557833,-5.32907051820075e-15,1.00491004720568
308,"TCGA-78-7166-01","7ec420fc-c770-4cb8-a186-8ce94f791444","TCGA-78-7166-01A","b40d0849-f4ef-4a14-9732-9beb708cb46b","TCGA-78-7166","Primary Tumor","tumor","183","Prince Charles Hospital","78",1,83331775,83313329,0.712525004534564,59362830.1235146,-1.32443926706195,1.25739969493027,-82.4922385359333,58.0963598008328,37.3028551522403,-2.89647162983586,49.2338071387697,-0.00448276618892018,1.36291759090321
309,"TCGA-55-6985-11","78fc7ec1-6795-45d8-a9e1-c8ef88d202e5","TCGA-55-6985-11A","e5cb0c86-8fe2-4cfc-b32b-e8ec3839ffc4","TCGA-55-6985","Solid Tissue Normal","normal","160","International Genomics Consortium","55",1,68011960,67987929,1.03885004182301,70629262.8851096,2.65295237064111,0.8888356147268,144.071721533479,1.39184596262109,-6.19227883268559,-30.729421779342,-8.34556604157068,0.0100593193023858,0.933110734631273
310,"TCGA-55-7573-01","482c1c70-ae61-45da-b1c0-4303abdda2cd","TCGA-55-7573-01A","8e41153b-9faf-45c3-8397-8a428ef5c0d5","TCGA-55-7573","Primary Tumor","tumor","166","International Genomics Consortium","55",1,37320479,37305988,1.19014037718974,44399362.6297561,1.46538820009017,0.0974368959126157,72.5506319535908,29.4216874022642,-39.2594832866194,9.37815893547359,0.195187572083749,0.0179727886031524,0.868440016046563
311,"TCGA-93-A4JN-01","1e39a044-eed2-4c19-9cc7-4c80d21087ab","TCGA-93-A4JN-01A","9dda72ec-1698-44e2-b35c-11e9a2704380","TCGA-93-A4JN","Primary Tumor","tumor","264","Washington University - St. Louis","93",1,59313075,59286146,1.22386364161587,72558158.5409302,-0.0871300445662925,-0.554524274170732,10.5727705365221,30.9342537259055,-81.1279618392008,3.80247070744146,-25.3387823382599,0.0294052122563392,1.09667525932008
312,"TCGA-55-6968-01","df25f146-a833-4bfd-adf7-b41b6a7f797e","TCGA-55-6968-01A","83a6ed20-b3cf-48b9-8ed3-a080cd4951fa","TCGA-55-6968","Primary Tumor","tumor","160","International Genomics Consortium","55",1,43093536,43056161,1.09195950072913,47015584.0688732,-1.86294708804525,0.9717110970793,-74.0075061608143,-25.0856027679888,-50.5425489736491,-85.0242244435232,-29.6230059688645,-0.019321834794934,1.17245568816666
313,"TCGA-78-7159-01","785daa57-5e12-4b23-8287-384d46e55e57","TCGA-78-7159-01A","4d153600-81f9-44fb-b485-6355ec306d6a","TCGA-78-7159","Primary Tumor","tumor","166","Prince Charles Hospital","78",1,52291543,52269452,1.05705584434759,55251729.7174456,-1.20304323942335,0.9538934756618,-61.1708894074025,30.4054959168986,-18.9935848935567,-54.530816481564,43.8736604559658,0.000245816822453004,0.941477081169865
314,"TCGA-62-A470-01","fceb89f9-c4db-42b4-84dd-06a8603c071b","TCGA-62-A470-01A","e60a8f8a-0fe6-40e5-9f30-bcff48ac73f4","TCGA-62-A470","Primary Tumor","tumor","258","Thoraxklinik at University Hospital Heidelberg","62",1,21191693,21182222,1.0368744177085,21963304.1020223,0.123374634805624,2.19135823436654,-8.22861054058448,99.0624330506127,37.8112212349364,-55.6353738645286,18.0252147399419,-0.0522919789546576,1.20894385480753
315,"TCGA-55-1595-01","b8e996d3-14b1-465f-b1e3-d6849b144be1","TCGA-55-1595-01A","d31aeefc-b59b-42e9-9919-750b17a70a3d","TCGA-55-1595","Primary Tumor","tumor","37","International Genomics Consortium","55",1,84722521,84691013,1.11383483202087,94331800.2385327,-0.435038540091069,-1.47894482875702,-28.3166980394197,17.6214973051608,-22.3452447538568,16.4439457153189,-9.83597296966418,0,0.919195587893862
316,"TCGA-95-A4VN-01","3012b1da-0624-4538-8835-a701b0be5c66","TCGA-95-A4VN-01A","389f78a3-fa0b-406c-9434-aa0298341a8c","TCGA-95-A4VN","Primary Tumor","tumor","278","Washington University - Emory","95",1,54875376,54859585,1.071767135409,58796700.2651764,0.20436115937167,-1.14670206820359,-12.2038458963299,-6.34583385616328,-23.7007170446059,44.0291425348846,-30.8100969229882,-0.00204112568361636,0.899599567403483
317,"TCGA-64-1676-01","4bdf77d2-33cc-46e0-af34-1e66a90a213a","TCGA-64-1676-01A","fb6b289c-aaf9-4d8e-b6e0-5d35bce1b6e1","TCGA-64-1676","Primary Tumor","tumor","37","Fox Chase","64",1,45375811,45363784,0.784688867779223,35596456.3051412,-0.80359691185331,-2.120666167075,-64.8891782553094,-58.1124795255845,49.7383017319305,96.2702042370581,52.0850121831211,-0.116390504610633,1.67432470747882
318,"TCGA-55-8508-01","1d8e9258-d210-4ef8-b448-65d628bb3063","TCGA-55-8508-01A","bab335f9-b241-41a7-b107-79b9676b37b8","TCGA-55-8508","Primary Tumor","tumor","238","International Genomics Consortium","55",1,37267916,37255331,0.842420937381952,31384670.8634949,-1.95640156106597,1.10538794924763,-62.9127416631944,28.0613968488956,-61.8433758065128,-52.8891208521654,48.7707473606881,0,0.97238072306321
319,"TCGA-05-4405-01","9ce83cc4-7b9b-4ce7-98f5-5ce8a8d70902","TCGA-05-4405-01A","f587c9ab-2949-4410-80d6-a050865d48aa","TCGA-05-4405","Primary Tumor","tumor","144","Indivumed","05",1,36200212,36189171,1.11528848284665,40361365.6200678,0.121003966682026,-1.14940229939682,6.62833306941111,8.18842308196283,-45.1351591874341,37.4245590878724,-12.8160082145357,0,0.859492991178151
320,"TCGA-95-A4VP-01","4ed3eaec-0085-4115-bbe7-27645b6a3a8b","TCGA-95-A4VP-01A","9e22a3af-7f28-4757-8684-ed64a2a27ad1","TCGA-95-A4VP","Primary Tumor","tumor","278","Washington University - Emory","95",1,56498594,56471184,0.923400510161376,52145520.1150169,-0.205129951776306,1.19602448597211,3.99522692225068,63.9977970407149,-29.8521937716708,-43.9065600296876,50.8916798399496,0.00861103283610454,1.24611518409041
321,"TCGA-75-7030-01","56c937b3-b48f-4662-b992-3265dbb6bc7d","TCGA-75-7030-01A","df576520-a6b6-4c9b-8d06-3f59cc5342fd","TCGA-75-7030","Primary Tumor","tumor","160","Ontario Institute for Cancer Research (OICR)","75",1,29395599,29385705,0.975755676337578,28673268.4569316,0.148116353792584,1.48900260681571,60.997289595306,-41.9864124209051,-50.8551746192984,-29.2210691895292,39.7142357704671,-0.0116092768981847,0.909164430253417
322,"TCGA-55-8507-01","baa282a3-b78b-4be7-9756-4e4c6298f8a3","TCGA-55-8507-01A","d63c028b-b6d3-49ce-b63e-261eed3b86df","TCGA-55-8507","Primary Tumor","tumor","238","International Genomics Consortium","55",1,45452216,45429676,1.11948067587354,50857644.3931961,-0.254677557887783,1.03399221992778,-20.3661667368459,56.6519186650791,7.99547292468198,-42.7364381185347,-6.94165413033105,-5.32907051820075e-15,0.959819970346892
323,"TCGA-78-7536-01","359f80d0-faea-42ad-82c7-e34d238a3a3e","TCGA-78-7536-01A","daf0e08e-1738-43f8-874a-b37d79cbe3a7","TCGA-78-7536","Primary Tumor","tumor","183","Prince Charles Hospital","78",1,91570313,91535492,1.00994522927241,92445833.4545026,-1.70445638335617,0.741707861213293,-96.6035103228526,14.2335570319887,22.6462472953206,-55.8550102596935,-4.0470468116804,0.0283862908714672,1.37432040267677
324,"TCGA-38-4631-01","13b0d336-205a-42ac-8a50-db0eb065013d","TCGA-38-4631-01A","2483621a-4db3-41ab-aa33-b9427ea8a0af","TCGA-38-4631","Primary Tumor","tumor","119","UNC","38",1,36412034,36395563,0.93771218237529,34128562.8095073,-2.21984395793263,1.2629244070593,-114.862838460655,-54.2926198364546,35.2152850188519,-47.2408724008688,26.8676852640953,-0.0344151522593689,1.66041079970311
325,"TCGA-99-7458-01","f6e030dc-ed9a-43c5-8d47-bf2f039e780d","TCGA-99-7458-01A","96d93e23-bb0d-46a8-9685-5ed0d6b83059","TCGA-99-7458","Primary Tumor","tumor","166","Washington University - Alabama","99",1,75513971,75487939,1.10766005536694,83614974.6922764,0.973437039745135,-0.671177948632515,52.1933212191758,-3.9875671803722,-22.0954221923856,31.4311546431122,-18.0739414970454,0.0467759462601172,0.884896012337671
326,"TCGA-91-7771-01","25b98904-0171-403a-a66f-11f586ecf8c0","TCGA-91-7771-01A","c0fdb152-25d2-404b-bec7-a43ece381f5b","TCGA-91-7771","Primary Tumor","tumor","196","ABS - IUPUI","91",1,47729701,47712040,1.09168246271303,52086397.3282626,-0.11269171930264,1.40907260617911,24.1837834485506,10.7466529412728,-16.2879000538513,-48.6675214988027,39.2432602819967,-0.00127031158032209,0.938619849355996
327,"TCGA-75-5122-01","dd9c2f71-145a-4f7f-8b64-095b1fc75c3d","TCGA-75-5122-01A","78ae716b-0ca5-4c01-a053-d41288385fcd","TCGA-75-5122","Primary Tumor","tumor","119","Ontario Institute for Cancer Research (OICR)","75",1,45468641,45456204,0.93508047058217,42505208.6271991,-0.889759421447158,-1.56833651236057,-17.986247072039,-88.0513478870946,-9.02983626279234,35.7929484260935,-0.046061546787856,-5.32907051820075e-15,1.03958559426629
328,"TCGA-MP-A4SY-01","4bbc2e4d-c9c2-4142-924c-c4d939522ddd","TCGA-MP-A4SY-01A","8cc6bcec-65df-46a9-a88c-09762a132857","TCGA-MP-A4SY","Primary Tumor","tumor","264","Washington University - Mayo Clinic","MP",1,58455179,58433587,1.12636934151321,65817800.9114447,-0.803884901630237,-0.563764965404871,-20.0372653976432,8.66212889854986,-24.6230759306034,34.2333215445395,-38.8134510116526,-5.32907051820075e-15,0.930727796911611
329,"TCGA-50-6673-01","e273b4e3-35dc-4f46-a668-70d6eb8bf4fc","TCGA-50-6673-01A","ab8d7f84-dd71-42c7-9471-4db967a9c89c","TCGA-50-6673","Primary Tumor","tumor","160","University of Pittsburgh","50",1,46939204,46902488,1.00419552778124,47099268.6914135,-0.547463804098517,1.16557557034195,1.09971709702811,-33.6240634931277,-15.3724412776433,-25.5397596542007,13.2508403161523,-5.32907051820075e-15,0.993662027263328
330,"TCGA-05-5428-01","a6342eed-126b-4afb-86ef-2257b1645e5e","TCGA-05-5428-01A","3fe8f8e4-5396-4362-82f5-366e2fb69db2","TCGA-05-5428","Primary Tumor","tumor","84","Indivumed","05",1,38351101,38341140,0.819267835168808,31411662.7657042,-0.449920642816757,-0.811214710174268,-71.7192872721387,-43.84463954761,109.394889299756,66.3912173561076,31.9419963193069,-0.10239781803519,1.80378947383727
331,"TCGA-44-3398-01","58493fd3-5923-436c-bf10-7315b007c5c0","TCGA-44-3398-01A","ffb0c0b7-165e-4439-b3e6-62431f40b7fe","TCGA-44-3398","Primary Tumor","tumor","52","Christiana Healthcare","44",1,72458621,72433175,0.999244211203455,72378430.8178368,0.0677992132294635,-0.742918324536939,22.296469728496,-69.1889274220357,1.74389185778992,37.1648362691143,50.9028149628338,0.0370789861875335,1.24686735452738
332,"TCGA-55-1596-01","9a7a1b22-9df6-438f-ad00-54755c7dbc7c","TCGA-55-1596-01A","199386c2-bb53-4fad-a1b6-59ab216a4a50","TCGA-55-1596","Primary Tumor","tumor","37","International Genomics Consortium","55",1,42367827,42342990,1.06248255199106,44988688.0741318,-1.69681594528426,1.52475754894953,-94.5393756838672,7.89525498952086,29.4906896213387,-43.1061169610385,14.2802052042232,-0.0159744515577094,1.36779985261792
333,"TCGA-49-6743-01","5d7dae28-fc9f-4160-83aa-122f999668b0","TCGA-49-6743-01A","a391d49f-a822-460b-981c-6fbe1868ee38","TCGA-49-6743","Primary Tumor","tumor","144","Johns Hopkins","49",1,45979360,45946565,1.08107338036005,49671608.3404829,-1.50219700238871,0.224729325930168,-65.1934346266201,-53.7536933462691,-4.53369258385226,-43.1194044975871,-24.8149952172789,-0.0201377635876642,1.17735177692958
334,"TCGA-35-4123-01","3af63e86-157b-408c-9527-58a45107ddd2","TCGA-35-4123-01A","6cf49cf0-de4c-4c90-8358-eae19c6206b0","TCGA-35-4123","Primary Tumor","tumor","52","Cureline","35",1,61879162,61858325,0.967697219497348,59860129.1052633,-1.44076865964605,-2.02724695478201,-75.1974202032299,-95.6118026849228,21.4523580735034,65.4639173828226,11.5833352682654,-0.0137845459354877,1.41267454872308
335,"TCGA-44-7667-01","48e8bef9-85ff-4b0f-b249-a1f6c63dd100","TCGA-44-7667-01A","7f6455e8-fa3d-4452-acb2-8c9995073072","TCGA-44-7667","Primary Tumor","tumor","183","Christiana Healthcare","44",1,72732776,72682700,0.954829983204157,69399621.2202328,-1.77511235392342,0.718723056431757,-114.796765617614,-12.0567743608161,49.9028198062996,-79.1952588494487,-17.6721503676154,-0.000756847038396957,1.67773676060192
336,"TCGA-44-6777-01","174e4405-4848-4e5e-93cc-0cdf2795c91a","TCGA-44-6777-01A","349e6f38-2c67-4a69-a777-b9173a2a27cf","TCGA-44-6777","Primary Tumor","tumor","144","Christiana Healthcare","44",1,54888573,54879056,0.830209081739465,45561090.6884887,-0.49100098987436,-1.82071986446642,17.4409993046373,-98.1885647487596,-31.9414718272916,28.9803919657216,11.0146582389272,-5.32907051820075e-15,1.02732871892137
337,"TCGA-50-5941-01","91719392-76ce-479f-ba05-e43bf0201cc4","TCGA-50-5941-01A","f3f024c2-52f1-400e-946c-398f5b72e6dc","TCGA-50-5941","Primary Tumor","tumor","119","University of Pittsburgh","50",1,41246147,41238536,1.00071866602129,41268172.7345908,0.125320516875526,-1.05055688590818,-2.05004608447696,-67.8877017918133,-17.1417049004418,26.1898457456294,23.7096013591795,-0.000756486160920611,0.813777206411679
338,"TCGA-75-6203-01","336eb991-5705-4bc0-a167-6d7f82f81697","TCGA-75-6203-01A","a8d6694c-a213-4544-ac0b-63bce16d8f4e","TCGA-75-6203","Primary Tumor","tumor","119","Ontario Institute for Cancer Research (OICR)","75",1,41624388,41615609,0.873919315020585,36368684.5114445,1.70786919166736,-0.645150738255335,105.065101969823,-24.2008570360561,23.632480919098,1.02733636578063,6.12645100783528,1.87310882004965e-06,0.878420356946651
339,"TCGA-78-7633-01","b49eb906-19c3-4eb7-93f7-1c37bc85ce61","TCGA-78-7633-01A","44218b35-219c-4ad9-a01e-fde14067c4c0","TCGA-78-7633","Primary Tumor","tumor","183","Prince Charles Hospital","78",1,95182042,95166187,0.81336259781752,77404617.0827079,1.12575396997368,0.210072419540242,17.9582855535689,49.6275858420052,127.933490490199,-19.0917942090802,-16.3089555860733,0.0152297502633116,1.21612431771481
340,"TCGA-49-6743-11","4da6a729-3cae-47f9-8739-d4b614b8561d","TCGA-49-6743-11A","a391d49f-a822-460b-981c-6fbe1868ee38","TCGA-49-6743","Solid Tissue Normal","normal","144","Johns Hopkins","49",1,40008124,39997934,0.923591771779799,36941762.7305915,2.72499682839758,-0.273318110720568,139.424375609062,-44.9058832674593,64.443506420456,-26.0805491010955,-12.5141206187225,-0.0116925130388272,1.05544067538464
341,"TCGA-55-8091-01","55b07618-5b99-436f-a0dd-fe96a13851d6","TCGA-55-8091-01A","d12b6930-9ae4-4fe7-ad69-d183135c91ab","TCGA-55-8091","Primary Tumor","tumor","213","International Genomics Consortium","55",1,72580590,72559454,1.03315946445247,74965486.6356033,-0.173429468351414,-0.154084553792416,17.1068414978171,-29.0904721276268,-43.6121471090534,14.831258579097,9.81326449812711,0.0143485012997087,0.834039445512446
342,"TCGA-55-7284-01","aee334d0-5a07-4392-bf02-aca59066a68f","TCGA-55-7284-01B","0b15fcb8-1fb7-497e-80b9-d3db66a3c0a2","TCGA-55-7284","Primary Tumor","tumor","213","International Genomics Consortium","55",1,80055656,79989081,1.04256161081496,83393545.1349682,0.365692623856035,2.02951008633109,60.7342312774959,-6.72621975127103,4.23376060234906,-29.0270975094632,3.26464709177535,0.0184942973684432,0.867559699113176
343,"TCGA-4B-A93V-01","6614550d-d050-4b77-9cc0-1e6a7438c675","TCGA-4B-A93V-01A","f1f80dd2-891d-46dd-a3e0-f007628cb515","TCGA-4B-A93V","Primary Tumor","tumor","406","Mary Bird Perkins Cancer Center - Our Lady of the Lake","4B",1,65585007,65551784,0.850752391310639,55768336.9926785,-1.7619903259421,0.782744964923546,-95.5876200328845,73.6528611957774,-2.4225525239429,-42.4537697287832,59.6140279829129,0,1.54388929010016
344,"TCGA-50-8459-01","6023ee7e-e392-4f33-a781-7af6bff1a403","TCGA-50-8459-01A","9cfc1519-33e7-4145-a4ad-78b5c449853a","TCGA-50-8459","Primary Tumor","tumor","232","University of Pittsburgh","50",1,55007771,54991611,0.898739652104741,49423141.3388193,-0.744983181058121,0.920687335782789,33.908676434518,-56.8920288264822,-75.6432630377447,-19.6846939372055,15.6897582736793,-0.00499621806711414,0.995308181639566
345,"TCGA-MP-A5C7-01","752c10cd-6816-459f-9844-1775e75ad6cf","TCGA-MP-A5C7-01A","8f04660a-2efb-4947-9eab-375066b9eb33","TCGA-MP-A5C7","Primary Tumor","tumor","278","Washington University - Mayo Clinic","MP",1,62921794,62892923,1.08100290340946,67987432.3669076,0.191486413298563,0.975357458844969,-17.3359478580758,125.912867009061,58.2495091065339,-19.3831337050954,23.0802709833673,0.0279249951827039,1.28772611807102
346,"TCGA-62-A472-01","b45ae61c-6377-403d-a094-2b7a245cb45d","TCGA-62-A472-01A","e499069b-a16a-49e9-941a-e3e9ea62af25","TCGA-62-A472","Primary Tumor","tumor","258","Thoraxklinik at University Hospital Heidelberg","62",1,24816739,24805777,1.19304975087271,29594526.0700539,0.113471054590017,-1.66821571180522,-24.284327098264,44.1050119198781,-5.00822061114135,73.7875933440897,-38.0596280240778,-0.0125181758818752,1.12229495942948
347,"TCGA-86-8585-01","558e3668-fbe7-4e8e-beb0-90ab33587b5a","TCGA-86-8585-01A","2f1a4b16-104c-40eb-8114-8245847bb716","TCGA-86-8585","Primary Tumor","tumor","238","Asterand","86",1,39721583,39690059,1.03222176591836,40968942.7903838,-0.935947698283123,0.523825196355978,-55.8778526964936,13.2534319645883,-29.0136629905066,-20.8091031691923,-0.597805481509438,0.00459335475374445,1.13250135781282
348,"TCGA-50-5044-01","b307dae9-2cc8-4afd-a268-84788309ac61","TCGA-50-5044-01A","fa0c7392-d485-41ac-bf7e-244a528209ae","TCGA-50-5044","Primary Tumor","tumor","144","University of Pittsburgh","50",1,33756133,33744430,0.851154557002507,28721725.3679521,-0.232282985880456,-0.71450252128682,-20.6989635591213,-64.8995233044571,18.61628773056,24.5135248216566,23.8936024109895,-0.0812476632642194,1.34672999102254
349,"TCGA-75-5147-01","f9f9c1dd-8462-4560-82b8-aea4309854c9","TCGA-75-5147-01A","d2824e6d-3784-45c2-9b0f-52b17356b5da","TCGA-75-5147","Primary Tumor","tumor","84","Ontario Institute for Cancer Research (OICR)","75",1,85486633,85419381,1.21975234771156,104190490.514818,-1.28367487354991,1.08475400413292,-38.9939317028606,-20.7582341165194,-32.9706872926472,-25.4393758356981,24.5896617470772,0.051355095837772,1.11449263123964
350,"TCGA-05-5715-01","84e27f5e-ce0d-4bb7-9ae8-5b12162bb801","TCGA-05-5715-01A","e0a19099-5d25-40df-ad73-6260df3a1b32","TCGA-05-5715","Primary Tumor","tumor","84","Indivumed","05",1,33979563,33971494,0.923993070353565,31389425.0455577,-0.160015078820924,0.101271240048795,-12.9428674955369,-27.5042657397937,37.1704457969506,28.1750817308741,31.9878690455483,-0.00768003563489372,1.11161969459614
351,"TCGA-44-2657-01","1028d7a9-0ac0-4fd8-a34b-46f3e6e53f79","TCGA-44-2657-01A","f40301ba-831e-4afd-9ce8-5f3c1a05ff7e","TCGA-44-2657","Primary Tumor","tumor","52","Christiana Healthcare","44",1,46845443,46831707,0.959237132995342,44922712.3559579,0.0365103079490365,-0.1110818613995,34.129731901958,-17.2001627441142,-69.5551438866422,6.99946688911154,42.092044426299,0.0318489046283623,0.843391215168743
352,"TCGA-91-6830-01","ade256d3-7ad5-441c-ad53-ab635b1668e4","TCGA-91-6830-01A","5a2f8140-8f90-4e94-b703-5fa5aa96be7b","TCGA-91-6830","Primary Tumor","tumor","160","ABS - IUPUI","91",1,32218011,32196974,1.20618548118589,38835522.5769196,-0.364622297972248,1.30416958559962,22.092436457229,-20.6469347678432,-12.5749046884301,-49.0649048117654,-21.8090403683141,0.0012984498444033,0.943671513814892
353,"TCGA-91-8499-01","c70ede8e-5761-434c-af09-8315bd688cd4","TCGA-91-8499-01A","54480f58-7e63-4aed-a116-c2c2252e8364","TCGA-91-8499","Primary Tumor","tumor","238","ABS - IUPUI","91",1,39229136,39175400,1.167867409773,45751672.9248213,-1.10620545037745,0.66892866221885,-79.348347116195,-31.7615512852386,11.4314580422797,-74.090930865339,-32.464616158382,-0.00329324938275422,1.56424403639822
354,"TCGA-86-8280-01","dc242475-d2c0-4c6a-b227-f6a21a27179a","TCGA-86-8280-01A","d8faa3a7-6b3f-4e69-8c88-184e41055bd7","TCGA-86-8280","Primary Tumor","tumor","222","Asterand","86",1,70389003,70366775,1.14711527937577,80718802.762897,0.823525012285819,-0.307585357124387,44.153167737127,11.3130760112604,-56.4858821404007,15.6630284453068,19.1163624658924,0.0443073715430566,0.757097621141681
355,"TCGA-50-5936-01","5b90379e-83f2-459a-be36-bd7ebbb6bfff","TCGA-50-5936-01A","ef42ae4c-a108-468e-beed-437cf3cf2962","TCGA-50-5936","Primary Tumor","tumor","84","University of Pittsburgh","50",1,32661049,32652972,1.03664249138079,33849458.2450671,-1.32734518202207,0.37266145389473,-48.7392503000809,-46.94870624494,30.3055096386844,-27.9223561577099,6.12427307438408,-0.0223197419329437,1.00044227288204
356,"TCGA-97-8177-01","5711ce53-0bac-4a5d-b7ba-4e1bc0c56924","TCGA-97-8177-01A","09078761-1c14-4d01-8e15-535c19a9b0f9","TCGA-97-8177","Primary Tumor","tumor","222","Washington University - NYU","97",1,82084720,82056345,1.04546442005495,85786989.1372536,0.232169106236462,-0.292448823639177,22.1532644869407,-0.292732010634167,-13.0031996938526,28.6972323683939,34.6834607630941,0.0414014377532437,0.865304025868055
357,"TCGA-38-4632-11","84f43782-7249-46c3-9241-51e8933fa720","TCGA-38-4632-11A","875333ab-9048-462d-aaa2-693ad127e3cc","TCGA-38-4632","Solid Tissue Normal","normal","119","UNC","38",1,33958052,33950737,0.851446146161588,28907224.1779956,2.41747424746957,0.112896876389048,109.432989061771,-67.2705980132474,66.38255948262,-7.79092935424582,42.6163737416312,-0.0317343711462059,1.21161361949698
358,"TCGA-55-6984-11","0e0ff02a-dd07-487b-bd81-fa2a001977fb","TCGA-55-6984-11A","f063ddbb-1668-40df-9ec2-b0a23ca2c389","TCGA-55-6984","Solid Tissue Normal","normal","160","International Genomics Consortium","55",1,74409666,74385901,0.945591296445204,70338660.5638346,3.43716305849383,0.61311307144841,158.712741652039,17.7890403607673,40.745014483911,-17.2818009269692,-31.1990424622902,0.0135040272544984,0.963873022614956
359,"TCGA-38-7271-01","ed2389b5-16eb-43e8-87b8-a15304da629a","TCGA-38-7271-01A","8214a0d1-5e2d-4a7a-acb1-e5580755db83","TCGA-38-7271","Primary Tumor","tumor","166","UNC","38",1,36679646,36672073,0.897815779320859,32924765.7998064,0.380075798337532,-0.815875059493982,47.2295526991833,-69.5576132028271,-29.1634973492431,5.87696562980315,48.7817353953238,-0.00159693524780935,0.856769446101666
360,"TCGA-44-2662-01","d2198941-e96f-40bd-9fbe-82886217d5db","TCGA-44-2662-01A","ccda26c1-a6d6-4317-8cf8-8a87e15ce12e","TCGA-44-2662","Primary Tumor","tumor","37","Christiana Healthcare","44",1,80217401,80193998,1.00209404478542,80361927.8233337,-1.79830598754399,-1.58645398163216,-69.7789672969979,-71.1071508738838,-5.28965691172328,32.4559128378633,-41.7137608724834,-5.32907051820075e-15,1.05292463768916
361,"TCGA-69-8453-01","b2e72f91-58fb-4a15-9a13-09c93b339bc6","TCGA-69-8453-01A","9f4f2ff3-3c02-4281-a398-b0d0955e58eb","TCGA-69-8453","Primary Tumor","tumor","232","Washington University - Cleveland Clinic","69",1,56423126,56405605,0.987613994679514,55706964.8763648,0.987369579518036,1.53312529357708,71.0147752169408,-20.2213308542691,-18.2944446772551,-9.62099271465636,17.5581286292111,0.000552948221477889,0.778167712184446
362,"TCGA-69-7760-01","a096292c-055c-4243-b625-1e2a5f31e3d6","TCGA-69-7760-01A","8981f0c9-7155-4c96-bf77-7d40fe404323","TCGA-69-7760","Primary Tumor","tumor","196","Washington University - Cleveland Clinic","69",1,49232935,49204493,0.87159520696719,42886400.2600506,-0.892202795965752,-0.714360495524911,-65.1657640019173,30.0471755302918,42.033882769984,39.3630705455792,-32.1891515264248,0.00803378913918246,1.34552473788524
363,"TCGA-44-6146-11","ded52bac-fedf-43e0-be97-e261a84383ad","TCGA-44-6146-11A","0c0b610e-fe4c-406d-a5ed-5cc3b11dabf5","TCGA-44-6146","Solid Tissue Normal","normal","119","Christiana Healthcare","44",1,34111002,34101451,0.995356903309308,33943114.6657141,2.9593561910971,-0.143111534743102,151.720562848183,-24.3283433234235,24.4881666101043,-38.4371436679247,-39.1211336084006,-0.00753826173777417,1.07082198183901
364,"TCGA-71-8520-01","fb9c6881-c503-45c8-b17a-b47a9e8d9003","TCGA-71-8520-01A","37884d39-64e8-4242-b6bd-4c0a1daa21cd","TCGA-71-8520","Primary Tumor","tumor","238","ILSBio","71",1,38129089,38116095,1.1001596989569,41933791.6006126,-0.430397551146907,-1.26389522844467,-19.4436136456916,27.2683722354017,-28.7568711493793,54.1675445628198,-40.2479502108103,0.0132267208142389,1.0714729399394
365,"TCGA-55-6968-11","affbf41b-ea28-406a-bdcb-146b9c053978","TCGA-55-6968-11A","83a6ed20-b3cf-48b9-8ed3-a080cd4951fa","TCGA-55-6968","Solid Tissue Normal","normal","160","International Genomics Consortium","55",1,35281324,35271819,0.954515226540557,33667488.3032825,2.60021932676893,0.147888905303955,122.196090132828,-5.7820057236739,5.62618765150531,-10.5797149505858,5.60436336042268,0.0044144797122474,0.830493929558847
366,"TCGA-78-7163-01","96bd691f-1807-456a-bef1-cb5018f5b0b1","TCGA-78-7163-01A","5abd6651-69be-42f8-bdc0-308e68136d31","TCGA-78-7163","Primary Tumor","tumor","183","Prince Charles Hospital","78",1,73086462,73064888,0.843662558865454,61642110.3732978,-0.669604268482062,-0.261485119312884,-32.7107244836789,55.9525106900614,55.1362802821327,51.7784389126493,18.1866345911994,0.0250012617856874,1.4886170394024
367,"TCGA-MP-A4TK-01","e71a1971-e1c7-4cd9-ae0a-9458a053042d","TCGA-MP-A4TK-01A","f7f9f522-de88-4f9c-8ba4-7be3726faaf8","TCGA-MP-A4TK","Primary Tumor","tumor","264","Washington University - Mayo Clinic","MP",1,57022389,57001283,1.01585251705021,57904896.8106414,-1.02307066727012,-1.31234475541711,-19.9874859748178,-25.912954202413,-75.4465300527462,24.1079242478275,-18.5117269152023,0.0203744867851576,0.933688508192657
368,"TCGA-73-7498-01","05c6aeef-ef6a-4176-b283-68def74d13ae","TCGA-73-7498-01A","ad74c0e8-8878-4efc-997d-981cd547bc5b","TCGA-73-7498","Primary Tumor","tumor","204","Roswell Park","73",1,92175415,92142906,1.09071576267144,100501719.992553,1.00506972595814,-0.356461582834657,47.3794682950096,72.0215430399864,4.18108678206575,9.82006216836213,9.83485127455934,0.0264211913358274,0.895933230579202
369,"TCGA-91-6828-01","cfe0f0e4-d8bf-40ce-99f1-2bf99ceca18b","TCGA-91-6828-01A","9536e32d-2707-48d2-a36d-08c521665bb9","TCGA-91-6828","Primary Tumor","tumor","144","ABS - IUPUI","91",1,28222817,28213816,1.08485497179404,30607898.5608822,-0.0896950327603424,0.417632729287698,3.48517820237215,7.35783153661529,-20.0213481024469,-35.9760454441175,12.1633160003262,-0.0346096543821779,1.01554369873548
370,"TCGA-97-7937-01","cb0017ba-aee1-4046-81da-320040863bc2","TCGA-97-7937-01A","fcfe0b53-dfc1-42fa-9efc-2b2ff259297e","TCGA-97-7937","Primary Tumor","tumor","196","Washington University - NYU","97",1,63465357,63441826,0.974344954734385,61814223.0822368,-0.787084477421916,-1.51467353349091,-51.1809006937988,49.575958022567,20.1161667646605,53.2440599967924,-53.1982630489628,0.050984731507969,1.18612923317929
371,"TCGA-75-7027-01","b24cfbec-f890-4685-9e7f-405da7eac9ad","TCGA-75-7027-01A","488646a1-0bdb-45f8-8c30-bef006924511","TCGA-75-7027","Primary Tumor","tumor","160","Ontario Institute for Cancer Research (OICR)","75",1,93481862,93447119,0.996519634198609,93121888.8427939,-1.631080990334,1.6276886009406,-78.4619304501887,-13.3147328885346,15.970426451426,-63.0085569266284,2.6962768001532,-5.32907051820075e-15,1.09126387730095
372,"TCGA-50-5045-01","bdd75bca-6224-4743-a367-cb1ff01e8121","TCGA-50-5045-01A","9ee20c0d-a1c3-47f3-abda-131b3f190f52","TCGA-50-5045","Primary Tumor","tumor","84","University of Pittsburgh","50",1,71172950,71156390,0.945428271861786,67273262.8296233,-0.0828596999925654,-0.716693064206542,11.8034887500044,-73.3779849242501,-33.9502190637028,33.7797483399833,70.9225315659435,0.0307695619763217,1.1215784915932
373,"TCGA-75-7025-01","9cea4206-b460-433b-bf50-29c56cb8e33d","TCGA-75-7025-01A","681b1176-9676-44d3-892c-1d5dba1ce25b","TCGA-75-7025","Primary Tumor","tumor","160","Ontario Institute for Cancer Research (OICR)","75",1,73161283,73122206,1.14333094968469,83602881.2290199,0.934262849076527,0.630346723302915,69.9648420804561,50.9967625828132,-69.1714967163986,10.0502028237374,1.38500913216352,0.0464271502912639,1.05004942935015
374,"TCGA-95-7947-01","d7fa3625-5e16-4211-b96b-b36b91b3d491","TCGA-95-7947-01A","e0acafdd-06d0-48a6-bd68-577ef666a419","TCGA-95-7947","Primary Tumor","tumor","204","Washington University - Emory","95",1,70857783,70831734,1.16541011367184,82548019.1725135,0.494968611133593,0.0294053935153612,-8.63841697073806,7.13004792143925,-6.89013986647365,-7.89638561284811,-30.1960751181636,0.00694526099804715,1.11819948049826
375,"TCGA-05-4249-01","80f196fe-1eaf-40cb-ab58-c84795acc5c7","TCGA-05-4249-01A","4addf05f-3668-4b3f-a17f-c0227329ca52","TCGA-05-4249","Primary Tumor","tumor","52","Indivumed","05",1,75786086,75767134,1.0561990762384,80025176.9400309,0.458206063968759,-0.440968092861707,17.2857361476698,13.0238145743636,-17.4382652128288,24.7111395592935,10.9898552951173,0.013025715323282,0.889283228547921
376,"TCGA-91-6849-01","4bee0576-d35f-477b-b974-79cb89c88950","TCGA-91-6849-01A","953a908d-0993-42f6-853b-512611d19a2c","TCGA-91-6849","Primary Tumor","tumor","160","ABS - IUPUI","91",1,29446530,29437008,0.938274626163565,27619997.6765739,0.254472884764459,0.35554831161577,17.9878832393633,19.5234635652279,14.2303909776272,1.57628810010334,70.9861992120652,-0.041107898391088,0.953449421686719
377,"TCGA-91-8496-01","8f55069f-2232-44b6-b9e8-7e12b3a268bd","TCGA-91-8496-01A","656a5eb4-e4a5-4d21-a800-3586f4d6588b","TCGA-91-8496","Primary Tumor","tumor","238","ABS - IUPUI","91",1,39481352,39471877,0.887663096264961,35037728.5532097,2.4756489546824,-0.981308906448722,79.6651066280222,-0.466737867401522,84.5142344862358,57.001573998956,17.2387332767835,-0.018821896333333,1.24657095940857
378,"TCGA-55-6975-01","f274b7e1-4f18-4f90-851f-5c2d8b984fd3","TCGA-55-6975-01A","a046888c-f153-4f35-a1b6-23dd1691a91a","TCGA-55-6975","Primary Tumor","tumor","160","International Genomics Consortium","55",1,30826643,30817630,1.02590873559937,31616075.8274691,-2.58367770982238,0.421349958560769,-80.4833454886826,-80.828364994773,19.4831335794828,-55.185309530014,-5.97964966742314,-0.0542291799347618,1.10324800839679
379,"TCGA-44-2659-01","42208ba8-f465-4d62-9ed9-5dbfaa525913","TCGA-44-2659-01A","bf15f7ad-9d92-473b-91d1-f24aa373ab97","TCGA-44-2659","Primary Tumor","tumor","37","Christiana Healthcare","44",1,87172108,87140697,0.972267313035159,84724051.3282009,0.352064954112089,-1.31488135956524,22.3045024965111,-4.12364004676894,-28.6856193715479,29.287684190615,-1.27849445538174,0.0134388696551169,0.89920913714496
380,"TCGA-05-5425-01","89aa7c0e-a004-4338-899b-b99728889969","TCGA-05-5425-01A","9b4eeecb-6aff-435b-a244-ec362af92b7f","TCGA-05-5425","Primary Tumor","tumor","84","Indivumed","05",1,47309015,47298233,0.979343920260283,46321236.9276043,-0.629165310800643,0.892485274074041,-36.6167343246746,-48.8521109038969,27.1694629029803,-26.1652345739142,58.2810512458622,-0.0141706561072357,1.10670848880674
381,"TCGA-78-7220-01","98038913-75d0-41a6-ac67-a9263f5ab18a","TCGA-78-7220-01A","fd5c44ef-ea50-4fba-9e8d-e371cf34ebdb","TCGA-78-7220","Primary Tumor","tumor","166","Prince Charles Hospital","78",1,50300235,50257629,1.07722730380205,54138890.1831538,-1.24550475879263,1.90535412286467,-77.9670021192916,5.3625720473306,72.464787874314,-82.4361938163454,-40.0791516925959,-0.015477881884189,1.39484116729507
382,"TCGA-05-5420-01","27e4accb-fbc9-4d65-93d1-169870998203","TCGA-05-5420-01A","8b119d1c-6d21-4bbd-8a00-12da7b97d6c4","TCGA-05-5420","Primary Tumor","tumor","84","Indivumed","05",1,40128404,40113477,0.798296682172594,32022455.5995067,-1.32177115754552,0.988163196771318,-51.4133725063154,-86.566226051884,18.4763223501407,-35.232081947956,107.390824195919,-0.0627842134028198,1.63303924364865
383,"TCGA-50-6593-01","3b2ed302-d8f1-4078-95f0-3b5c5b322deb","TCGA-50-6593-01A","e10568fe-0436-43f2-9f0f-48f9903868c4","TCGA-50-6593","Primary Tumor","tumor","119","University of Pittsburgh","50",1,39549642,39539552,1.07063431125485,42332401.0228454,0.38443892788417,-0.631935852503318,8.69288772348846,-12.0631378706895,-17.4739120130446,40.19064362487,-1.42953555479248,0.00257217074224592,0.797792117381244
384,"TCGA-55-A494-01","8178f402-db5c-4343-a6f6-4d4f9d3bf4ac","TCGA-55-A494-01A","adbaba9c-5efc-4130-82f6-8055eab13795","TCGA-55-A494","Primary Tumor","tumor","264","International Genomics Consortium","55",1,53867622,53840639,1.05447158403094,56773423.8915678,-1.00975591521119,-0.0524464472505457,-87.4508835142086,124.227636452443,29.2258286385389,12.3607310200815,-62.8144596400954,0.0387620027860038,1.37412721761974
385,"TCGA-78-7143-01","ee72f78d-e5db-4c99-9034-0b5bbf6df849","TCGA-78-7143-01A","54254f5a-50e8-4150-a9b7-56a0470d2a56","TCGA-78-7143","Primary Tumor","tumor","166","Prince Charles Hospital","78",1,52898461,52878983,1.25111708653367,66157799.1498233,0.755026418707751,-0.899805658148011,5.59524260733376,49.0205827302596,2.19514547398843,54.8248211317679,-44.3063121620959,0.00371638500821048,0.920173605346761
386,"TCGA-99-8033-01","5e686ec3-9100-4153-9a90-8b7fb8d4ba0a","TCGA-99-8033-01A","9582b436-145b-4f84-8f7f-8b39b8254cc1","TCGA-99-8033","Primary Tumor","tumor","213","Washington University - Alabama","99",1,86095825,86060762,1.06371776702127,91544361.5827894,-1.12417559945162,-0.274911745605904,-69.2106129124126,1.22840798535995,20.899929566426,10.6899498945846,-8.10143158047386,0.0171847610193174,1.08650740294006
387,"TCGA-97-8174-01","82c59ef8-ba24-4538-a643-e07e604206a5","TCGA-97-8174-01A","8c695c24-e7f9-449a-9258-a1bc8a33bf9a","TCGA-97-8174","Primary Tumor","tumor","222","Washington University - NYU","97",1,100626403,100589800,0.999174644273271,100506777.63252,1.08799149146292,0.140941370998745,66.5835724493384,33.5961560993523,-2.27416483411382,-22.8889422000332,8.66553591454851,0.0395256585330381,0.958970349904254
388,"TCGA-05-4397-01","c4c061cd-e926-400b-b18c-b47c234337ca","TCGA-05-4397-01A","6dfd47d2-831a-4386-9051-f78199a16bb5","TCGA-05-4397","Primary Tumor","tumor","58","Indivumed","05",1,116351400,116267709,1.11902080325078,130105985.117308,-1.81645579735957,0.232765802072738,-81.6931052494652,-15.6978485464759,23.5193455117757,-21.7065072378706,-34.7394992484358,0.0178760397401538,1.45242070220122
389,"TCGA-49-AARN-01","cea128ca-4e69-4bf4-be47-e0481a809727","TCGA-49-AARN-01A","98ef41fa-3015-445a-bbdc-984361c911f7","TCGA-49-AARN","Primary Tumor","tumor","423","Johns Hopkins","49",1,32979903,32957031,1.14403694435299,37704061.0401867,-0.350635797059748,0.425687289209749,-8.63349189529309,35.2674326394079,-53.6237381676985,29.5190152697978,17.8847957126592,0.0296347667698619,0.894216286055052
390,"TCGA-44-A47A-01","ba172f1c-7e94-41e6-8078-41079b8eeee8","TCGA-44-A47A-01A","7b9479ff-23d6-4689-91f0-02efc94300f9","TCGA-44-A47A","Primary Tumor","tumor","258","Christiana Healthcare","44",1,49211903,49189018,1.11696909446514,54942612.8930895,-0.033464030511157,-1.09510316591777,-6.84756660621502,49.4083869408202,-14.0719582053381,55.3588916880982,-14.7446166858559,0.00563778180364061,1.0143574392531
391,"TCGA-78-7146-01","98a8d751-4efd-442e-a242-0fe399c2586f","TCGA-78-7146-01A","ff9def3d-17e5-4ef6-b74e-933f11ed6f00","TCGA-78-7146","Primary Tumor","tumor","166","Prince Charles Hospital","78",1,55828957,55810537,0.971312941233474,54209496.8452896,-1.24922649509442,-0.934180916243887,-97.586253796346,-38.0758908649767,63.8145475689954,25.2553348627896,-83.1366804127192,0,1.40031085359599
392,"TCGA-55-5899-01","8e131477-b3c5-43ea-bb00-c3052e67c74b","TCGA-55-5899-01A","996a0070-e9bf-4601-8ef7-60212108258d","TCGA-55-5899","Primary Tumor","tumor","84","International Genomics Consortium","55",1,42193753,42128192,1.03555143567593,43625909.708031,-1.71171613752946,2.1401376053317,-77.9549080616154,-10.0523011826919,16.2489522864835,-91.8143915095618,-18.1811280121943,-0.038894525251187,1.27443244961588
393,"TCGA-64-5778-01","92514fd2-a178-42e8-8929-0910558e7f87","TCGA-64-5778-01A","8fdbd88f-19ae-4ab8-bcd7-6bfa1bbde742","TCGA-64-5778","Primary Tumor","tumor","84","Fox Chase","64",1,51512109,51496051,1.00919126082436,51969364.6361655,0.0718006977266371,-0.943582737355749,-27.1094916852598,7.06292422518656,-2.52547653729746,68.7867536735905,53.4562288138859,-5.32907051820075e-15,1.32045604755403
394,"TCGA-49-6744-01","a9d69d7e-298c-4ab6-b64f-1edc58832ccd","TCGA-49-6744-01A","15340dd3-84ae-49fb-989a-eb212f3e73da","TCGA-49-6744","Primary Tumor","tumor","144","Johns Hopkins","49",1,51251117,51237015,1.0537351409209,53990243.221391,-0.114216095108517,-0.726349835010963,21.609717955266,-41.9232283677145,-25.4313992360577,8.51154127920354,25.4116702505757,0.00295655224690458,0.722977129072754
395,"TCGA-38-4625-01","cc72dc0d-9c39-4217-b5cb-8cad390d7e86","TCGA-38-4625-01A","0ea4920f-f4c8-4590-84b3-eb419824e144","TCGA-38-4625","Primary Tumor","tumor","58","UNC","38",2,204501870,204271914,0.959121945345831,195921675.535196,-0.421362856234645,-1.09301836594071,-57.946430503402,-81.729373495029,39.3716186692232,16.6817392652921,-6.41376645399762,0.00340395367129404,1.37578398883754
396,"TCGA-35-3615-01","7407d705-6ec6-4143-93d2-eedcf5a22399","TCGA-35-3615-01A","e8b7a103-644f-4865-92f8-80b053bd5e17","TCGA-35-3615","Primary Tumor","tumor","37","Cureline","35",1,92887723,92865028,0.872091364190026,80986788.954065,0.508863979194726,0.122945807679426,-2.20834309331341,26.5385468706522,81.2476089881477,26.4120168340622,63.4609808516207,-0.00430684248059521,1.15132020118732
397,"TCGA-J2-A4AG-01","ed940a3c-39ed-4127-9174-03ffcf448505","TCGA-J2-A4AG-01A","e21e2af3-dc71-41fa-94ba-7a7929f47d90","TCGA-J2-A4AG","Primary Tumor","tumor","258","ABS - Lahey Clinic","J2",1,42470726,42454485,1.09478380404181,46478482.586936,0.342185789688064,-1.25126875200589,24.1112191998734,23.8064689663114,-40.3230375339763,36.8375144725544,-6.10471819189236,0,0.941782740328093
398,"TCGA-62-A46O-01","493205f9-34b7-483b-885a-ace1e4894250","TCGA-62-A46O-01A","d7ae8efb-aa4d-4807-9772-55b0a28ccd5c","TCGA-62-A46O","Primary Tumor","tumor","258","Thoraxklinik at University Hospital Heidelberg","62",1,44402625,44360391,1.0286229734082,45630117.2919705,-1.83274741249749,1.26135110923361,-110.177597832486,35.8751213473514,46.7843318779157,-69.9429156087573,-62.3763183341583,0.013738548865708,1.60568216409898
399,"TCGA-75-5146-01","373c5231-b6ae-49db-ac0d-d674a0c9c100","TCGA-75-5146-01A","1d276b62-5e64-48fb-b2ce-5192b511fe37","TCGA-75-5146","Primary Tumor","tumor","84","Ontario Institute for Cancer Research (OICR)","75",1,37683035,37674448,1.00393725158777,37822781.7802062,1.04830011947202,0.10224918364162,35.4707222013148,0.534374092989085,41.9612817403714,1.30953817332226,70.2904282006547,-0.0130396053170048,1.18151213437878
400,"TCGA-91-6835-01","efd3f14f-f785-4aec-9efd-6dd8e9c41eba","TCGA-91-6835-01A","2f09479f-87fc-4c34-8e2c-333e970a3681","TCGA-91-6835","Primary Tumor","tumor","144","ABS - IUPUI","91",1,50151549,50129975,1.22735404042909,61527227.3628592,0.603168520434504,-0.253579680617399,39.5384619758521,-19.0105392553607,-48.2055042208498,-0.515004821673696,-41.0536120490945,0.0291352457287353,0.971321487188603
401,"TCGA-38-4628-01","a74f6423-b5d3-4ae2-b61f-3ee04b1073bf","TCGA-38-4628-01A","cc4bd56a-25c5-4c48-b583-ac3aeb778ca6","TCGA-38-4628","Primary Tumor","tumor","58","UNC","38",1,91749370,91730670,0.864907724536559,79338565.059914,-0.169852380502635,-1.11054035848324,-26.189297165725,-46.7783486627452,77.1986564629598,52.5686087023146,25.5222026611893,0,1.51691428503994
402,"TCGA-86-8669-01","de0e8b86-5791-4e7c-b939-30857cd7b0a8","TCGA-86-8669-01A","7b89166e-c5b8-481b-aa70-495141499b91","TCGA-86-8669","Primary Tumor","tumor","238","Asterand","86",1,40439631,40425397,0.982427333362064,39715014.9748128,-0.356991295593908,1.24206328763413,-19.571267910776,43.5018913427771,-3.90865071374181,-55.3354447715814,43.2713304320364,-0.0275011347831214,1.03180953103312
403,"TCGA-86-8073-01","1e5c2507-a7ee-4714-afdc-08a6c0f415e9","TCGA-86-8073-01A","cd902d08-215e-4bd0-88e4-4fd01ab43cbf","TCGA-86-8073","Primary Tumor","tumor","213","Asterand","86",1,86390424,86347521,1.22674281192043,105926200.713898,0.223344141952524,0.0489646727710291,7.1995989702127,13.295577718452,9.46173081719601,-5.6202748938541,-50.3421073378509,0.0280602694288801,0.975917624072882
404,"TCGA-44-6775-01","7c606f64-69a1-465c-9f4e-2eb1ebeda5d7","TCGA-44-6775-01A","3c4ff061-d214-4d1c-8d2e-3034f207c252","TCGA-44-6775","Primary Tumor","tumor","144","Christiana Healthcare","44",1,48296103,48282144,1.11939064529394,54046580.328335,-0.511128089345136,-0.741280948723792,1.144536314313,-33.0844119387744,-62.0260499333239,13.0417383218833,-17.1041889184724,0.0130987974008762,0.856500106179266
405,"TCGA-55-1594-01","2885d4b3-34a6-421d-b20c-eedad721d10a","TCGA-55-1594-01A","6d72de06-232a-4983-a06c-eba6d82cb3f1","TCGA-55-1594","Primary Tumor","tumor","37","International Genomics Consortium","55",1,61326612,61284004,1.10451914477614,67689355.6865372,-1.05931327344634,1.52870498226204,-66.9953599006779,0.566315370697752,-0.571773893218026,-82.9918047835196,-5.96795211908775,-0.0150322156029733,1.23010930194507
406,"TCGA-55-8090-01","53a420fd-6e31-46ee-8ac6-b383f4305cd2","TCGA-55-8090-01A","4d51ee44-e6f4-4bcb-be28-e9df54b39a8d","TCGA-55-8090","Primary Tumor","tumor","213","International Genomics Consortium","55",1,91876391,91851036,0.982508995541114,90244469.1197707,0.344794284271659,-0.811385615309506,5.04681967632132,3.44178258679923,-15.9416401715765,44.548819626912,-3.73313518138022,0,0.814350784439412
407,"TCGA-MP-A4SW-01","71de7aed-0fd7-4381-847b-885e1310d6ef","TCGA-MP-A4SW-01A","15f12d2c-b834-4bfc-b526-f03bf85bfe96","TCGA-MP-A4SW","Primary Tumor","tumor","264","Washington University - Mayo Clinic","MP",1,59276637,59254541,1.06171657106576,62911528.0905955,0.152560360110063,-0.381932797098717,-5.60844899900643,52.2701969371301,-57.6778875911652,50.4498784952011,13.0164806527331,0.0177336584330996,1.00044595915467
408,"TCGA-78-7150-01","4a1d97dd-fdd4-4c57-8dda-7b320237af36","TCGA-78-7150-01A","a0e57b39-960e-4e46-8aa0-d0ee2fd9a7cc","TCGA-78-7150","Primary Tumor","tumor","166","Prince Charles Hospital","78",1,51890300,51860666,1.00103486971323,51914335.0325514,-2.33971472102753,1.67098336681474,-100.224972545677,-44.0035056140057,55.7610270574127,-74.3352643661875,-27.6680162662083,0.00224744539079946,1.34647298096509
409,"TCGA-38-4632-01","d994817a-474e-4f92-8a78-7586caa85d52","TCGA-38-4632-01A","875333ab-9048-462d-aaa2-693ad127e3cc","TCGA-38-4632","Primary Tumor","tumor","119","UNC","38",1,34607897,34597440,0.984722264871788,34068869.4755658,-0.618842626593097,-0.963369372308588,-59.53243871317,-63.9742266136498,38.2641270711271,58.9813558612895,45.411879293251,-0.0466512120583861,1.42734769601308
410,"TCGA-50-5066-01","478cc306-6aee-4597-8834-1e5cf8b05a59","TCGA-50-5066-01A","3199cfe5-3be3-43cd-a36b-5cf2c7a9929f","TCGA-50-5066","Primary Tumor","tumor","84","University of Pittsburgh","50",1,39940438,39928821,0.862626404610956,34443655.2995844,-1.15726637428815,-0.622796316067637,-53.5675450535713,-112.453646064459,18.634806097537,10.8923269276578,71.8313985023408,-0.047234425586566,1.76882965853846
411,"TCGA-55-8299-01","5d0ed8d1-6e84-4f6c-8e0e-0317aa8b0e3f","TCGA-55-8299-01A","2cd8ea73-cb3f-4b17-9b97-fa12eb03b85b","TCGA-55-8299","Primary Tumor","tumor","222","International Genomics Consortium","55",1,60192146,60171830,1.07512865425524,64692458.611975,-0.384564203309379,-0.833991394949224,10.1296593688194,-40.7831461028856,-18.3896762712369,-0.697877579635785,-6.85486174003178,-0.00437985581826073,0.73187682566587
412,"TCGA-55-8205-01","63e09d3b-9462-4555-b5e7-41740faa7dde","TCGA-55-8205-01A","95fa64b0-91e1-4427-b81a-53c47a053563","TCGA-55-8205","Primary Tumor","tumor","213","International Genomics Consortium","55",1,74303588,74276517,1.10235705064004,81879242.2119347,-0.13360967292109,-1.22599314160501,-19.5705642353839,-76.3261758110419,-21.5449326542855,11.8703585250876,-30.8124046118136,0,1.00063478078451
413,"TCGA-05-4250-01","8f274178-7a8e-46b6-8d2c-900338bbb946","TCGA-05-4250-01A","f98ecd8a-b878-4f53-b911-20cd8e17281c","TCGA-05-4250","Primary Tumor","tumor","52","Indivumed","05",1,74684312,74663518,0.99500479882707,74290558.7073113,-0.612461127385022,-0.944158313683991,-47.093794989584,-80.7283075110485,20.8987840241914,31.5560031848044,-10.8597586790232,-0.0137243543227764,1.07745729626136
414,"TCGA-44-3398-11","90dd1872-3a13-4dd9-b470-962a22663e8d","TCGA-44-3398-11B","ffb0c0b7-165e-4439-b3e6-62431f40b7fe","TCGA-44-3398","Solid Tissue Normal","normal","52","Christiana Healthcare","44",1,74422793,74399464,1.01529403622751,75537332.0977236,2.93340592717461,0.714134306698824,154.181326435822,-27.807976767779,10.0528252817852,-37.1728348343008,-19.4901225818525,0.0197680120969554,0.947047082069432
415,"TCGA-50-6590-01","fbc17626-365c-4be6-b3a7-d282e7c19236","TCGA-50-6590-01A","114a34c0-983b-4d90-9181-1823c9637a63","TCGA-50-6590","Primary Tumor","tumor","144","University of Pittsburgh","50",1,50194529,50171774,0.942214152066297,47272555.4970719,-2.27711614244634,-0.622408202860977,-85.5274045804622,-105.759848865704,-36.7827348990831,-22.8065973126799,-28.1804293202446,0,1.17001920443137
416,"TCGA-93-7348-01","cd8ff232-b36b-4ed0-a0c6-7e0e172ea390","TCGA-93-7348-01A","e739b4f7-ae46-45c6-9013-9571cbadaf99","TCGA-93-7348","Primary Tumor","tumor","166","Washington University - St. Louis","93",1,44556335,44541441,1.04315826246566,46463772.2012768,-0.0574584159212928,0.350260265409032,17.4910917569246,13.2488534745709,-60.3576866294627,5.30857526142206,36.0145081711072,0.0122654443522358,0.868729002239215
417,"TCGA-MN-A4N4-01","37dd3ded-0df0-4d10-8756-0429a6da5405","TCGA-MN-A4N4-01A","ceead734-1ce0-4385-b65a-a9c853b7308e","TCGA-MN-A4N4","Primary Tumor","tumor","264","BLN - Baylor","MN",1,55876174,55834676,1.05012255528339,58633252.6345399,-1.86467784386982,-0.193898323403079,-64.0547854846518,8.0883648056205,-50.6416994164098,-0.662312999619226,-43.591863147503,-0.00575687333448238,1.12784564428788
418,"TCGA-05-5423-01","0250727d-cbe6-4d03-89cc-5221ac72a065","TCGA-05-5423-01A","33e3f736-7990-4f7a-ac35-863247566541","TCGA-05-5423","Primary Tumor","tumor","84","Indivumed","05",1,39420029,39405560,1.00873519873418,39749775.3978316,1.11300194075418,-0.876429055723623,27.53485637996,-11.9304045386765,47.6572757136416,67.5211327280315,55.3778312329733,0,1.33609910577765
419,"TCGA-97-A4M7-01","3d39d81b-c341-426c-b979-560c429b3af2","TCGA-97-A4M7-01A","c6b680e3-d96e-4fc7-8053-77454b7a14fa","TCGA-97-A4M7","Primary Tumor","tumor","264","Washington University - NYU","97",1,63001948,62974781,1.13076412025348,71209622.8356205,0.759090160148287,0.618443742267743,48.4377009750009,42.5955704973689,-83.9261056579602,6.79363336375987,15.3649790339329,0.0346956296034244,1.00411366317465
420,"TCGA-86-6562-01","de4bb1d0-8bd9-4614-85ca-c39d8c636bcc","TCGA-86-6562-01A","dcd066ba-5894-453e-b1da-82092858c3db","TCGA-86-6562","Primary Tumor","tumor","119","Asterand","86",1,43832978,43824686,1.0280268702761,45052954.789413,-0.0536742292115846,-1.32405909175582,-9.41469246721506,-27.7053473083127,6.15872974341053,27.3644574212464,-9.53905612114317,-5.32907051820075e-15,0.866862134827156
421,"TCGA-86-8672-01","3e8b8c83-55c0-43f7-a4c1-24386b6f4f3a","TCGA-86-8672-01A","c0e263eb-1a83-4dc8-8abe-3dd2a59bae1b","TCGA-86-8672","Primary Tumor","tumor","238","Asterand","86",1,37664202,37656054,0.964590939768309,36322688.5158262,-2.01120201306146,-0.48105182884822,-85.6315295705872,-32.4285091290818,-3.09075959006318,14.5104496751127,23.3736781211785,-0.0222322640350248,1.13588968004961
422,"TCGA-55-A4DG-01","4ddf0a0c-a1ec-4f94-b886-ad444a50be97","TCGA-55-A4DG-01A","3e34c7d9-90fa-41e2-ba6b-4bbc332adc4e","TCGA-55-A4DG","Primary Tumor","tumor","258","International Genomics Consortium","55",1,48193996,48170439,1.12690434138491,54283476.835517,0.337764660542846,-0.900112224862803,20.1324946946156,76.1815863885739,-52.1501940979127,36.5810380945437,-22.2983283507985,0.00775007889080559,1.25811811110195
423,"TCGA-91-6836-01","49a0ab8a-f379-4394-accf-0b4b08d2dcc6","TCGA-91-6836-01A","0b31dbdf-0623-48e4-a0ec-017650dceda7","TCGA-91-6836","Primary Tumor","tumor","144","ABS - IUPUI","91",1,52177596,52162283,0.995999580428409,51953611.9821879,-1.46255676623424,-1.53796750337834,-100.190407892714,-26.2863800335008,27.0043065734155,13.0387762870325,-49.0562864218938,-0.00672834719392057,1.43111280572531
424,"TCGA-05-4244-01","bac0b02d-ac3b-4784-b8bf-180eadd548a3","TCGA-05-4244-01A","34040b83-7e8a-4264-a551-b16621843e28","TCGA-05-4244","Primary Tumor","tumor","52","Indivumed","05",1,74828979,74797521,1.05422491977917,78853410.5759059,0.652635379727648,-1.2005033381468,-2.97033792415223,31.388474911453,0.0302872790217914,73.1707313304748,-37.1530634583329,0.0203579840159809,0.969787097361522
425,"TCGA-73-A9RS-01","72ca76ae-bcf6-4f98-b891-95bec77fad2d","TCGA-73-A9RS-01A","2a394996-809f-459f-a647-d209921ccbd2","TCGA-73-A9RS","Primary Tumor","tumor","423","Roswell Park","73",1,27269057,27258367,1.0410981718116,28378636.0502696,-0.81770161248498,0.285445479567803,-81.4764219023034,41.1484489252529,27.3564634256148,-30.4085093379038,-10.0835277018472,-0.0151707486388484,1.44041411225907
426,"TCGA-97-A4M1-01","a9c846b1-9ee0-4f96-85bf-b7dd53c4230c","TCGA-97-A4M1-01A","c0c879f7-c332-4d31-9f7e-a3bf361b36ee","TCGA-97-A4M1","Primary Tumor","tumor","264","Washington University - NYU","97",1,53844669,53824422,1.11547625305082,60039864.5751863,2.14836932511972,-0.297388342501174,93.280924253978,81.4160491426314,2.6819649073348,24.9570841666203,-20.7623478224884,0.0343908817425416,1.10269081523852
427,"TCGA-MP-A4TA-01","e13c84fa-e93c-42dd-874f-c1d616c72dd8","TCGA-MP-A4TA-01A","98ee294a-46ed-4572-bdd4-a932c3498a25","TCGA-MP-A4TA","Primary Tumor","tumor","264","Washington University - Mayo Clinic","MP",1,60840195,60783455,1.14592342582999,69653184.987383,-2.13078085605877,1.4473178840431,-93.5143053461149,13.274973685018,-26.0621730125124,-48.2178032435007,-11.160497386671,0.0401344471589478,1.16377965554584
428,"TCGA-86-A4D0-01","5de445ab-85e8-4bec-bf61-f6b4240306e1","TCGA-86-A4D0-01A","528a0fce-0719-4b19-a69d-3f18681696c5","TCGA-86-A4D0","Primary Tumor","tumor","258","Asterand","86",1,56265306,56231716,1.00069661376615,56270887.7874598,-1.33600781576684,2.21314067010513,-92.5245435446117,64.7795576111959,20.904719087319,-85.2065169420092,15.5165445759203,-5.32907051820075e-15,1.32895162952051
429,"TCGA-55-6978-01","500910ea-f0c9-4ed9-a2c6-510f92c36e7d","TCGA-55-6978-01A","5134c56f-8286-4ec8-8348-237cee7dad5e","TCGA-55-6978","Primary Tumor","tumor","160","International Genomics Consortium","55",1,70547628,70528716,1.09141750457873,76976275.217862,-0.765094009196859,-1.19315027596381,-25.0473379627735,-90.5917292958193,-32.0903770331726,5.27654917533957,-35.6421821164231,-0.00880155878029237,0.930510660964354
430,"TCGA-97-8176-01","a5bff681-5b9e-4d3e-93d8-b7ae8f2fd233","TCGA-97-8176-01A","12c27db5-db2f-48dc-a2ca-9557b951f43e","TCGA-97-8176","Primary Tumor","tumor","238","Washington University - NYU","97",1,43148309,43133501,1.08564179176946,46827531.3109297,-0.652416219027275,1.57974800238571,-39.3550184566534,29.6934577306886,23.4994166515441,-24.9236460679407,9.86255033730013,0.0157646123135555,0.971599663995005
431,"TCGA-86-8358-01","5942f197-2b77-4a7f-8bca-763cc1902a0b","TCGA-86-8358-01A","467d96d7-4a42-4116-8c32-0e4b34f96d8a","TCGA-86-8358","Primary Tumor","tumor","232","Asterand","86",1,33356130,33314013,1.27239304159779,42388518.3288984,-1.16291643700944,1.99966409370554,-67.7697634638159,14.5615842125828,-40.5430545103597,-113.12886209221,-56.3215388293625,0,1.41713694623069
432,"TCGA-44-6779-01","5e04d394-7a40-4e89-ba20-892774dcb469","TCGA-44-6779-01A","cbbea9f1-396a-4bf3-b67c-2cac3394dceb","TCGA-44-6779","Primary Tumor","tumor","144","Christiana Healthcare","44",1,30854091,30847897,0.875516788774411,27007851.7218838,-2.03938652939919,-1.07879851962107,-61.8282956858338,-105.388360184114,31.999463623285,14.9169088257676,-21.3762887869562,-0.0993389257008195,1.36361553263858
433,"TCGA-05-4396-01","4d85772b-287e-4790-b1e8-cd1c0e88ad48","TCGA-05-4396-01A","9f81c602-8afa-4588-b0b6-6e5a1a128d5a","TCGA-05-4396","Primary Tumor","tumor","144","Indivumed","05",1,32201389,32189027,1.01057629416302,32529467.6183735,-0.59295658767516,1.48508365347429,-21.4730302968543,55.7985037745426,41.3674754834281,-41.2363975127374,2.81038186956249,-0.0179334780780316,1.2543507260536
434,"TCGA-78-8660-01","597244d5-db58-435e-9ddb-98e0c2ec97fd","TCGA-78-8660-01A","781f40c9-c099-4c96-8269-ebe2a449c93d","TCGA-78-8660","Primary Tumor","tumor","238","Prince Charles Hospital","78",1,45454227,45439446,1.04425421235651,47450332.8926461,-0.106025955156651,-0.962954967336474,-31.4159953295877,-4.22632794687952,-3.34735649727253,30.4813121965824,-5.27704202536874,-0.0100415128583917,0.953029053410299
435,"TCGA-97-8171-01","84cb5264-6158-40ec-8b65-f96a4a7d6ce4","TCGA-97-8171-01A","397d3f69-1453-4057-b177-8723eec923d1","TCGA-97-8171","Primary Tumor","tumor","222","Washington University - NYU","97",1,99412549,99372371,0.862333055354912,85692080.3022918,0.141068020987218,-0.474684781653277,-31.2402073217836,97.451065211806,65.9135719336127,27.9053460563281,-13.131450281307,0.0256455624690224,1.56753224312224
436,"TCGA-44-7661-01","a6096034-3c2c-4c96-88fe-56a22c2d167c","TCGA-44-7661-01A","cbfef004-b437-4d51-9d88-a2db50aa6481","TCGA-44-7661","Primary Tumor","tumor","183","Christiana Healthcare","44",1,79088926,79055670,1.06354005712678,84078871.7879958,-0.209485516630423,-1.5203491503277,1.08264353219067,-73.6240728970987,-1.32966003349104,17.6656779666793,-63.8416405764207,0.0142295559089747,0.876784986132602
437,"TCGA-50-5931-01","16a2d381-75a0-423b-aac2-d5710afb183b","TCGA-50-5931-01A","12ccd581-a921-41bc-bcee-4e9be54532cc","TCGA-50-5931","Primary Tumor","tumor","119","University of Pittsburgh","50",1,38439209,38372267,1.21062766179249,46454527.8758873,-1.13966877276319,0.840811534547469,-66.6197157794214,14.1692927623679,12.5198015656853,-60.8151805164699,-74.4417534635936,0.0224800151341646,1.33105186325647
438,"TCGA-64-1677-01","cd1bdd0b-eae2-4fc5-8da2-4d13926c7885","TCGA-64-1677-01A","8a16ddb3-4861-4128-bed9-0b1f94fe8cf7","TCGA-64-1677","Primary Tumor","tumor","37","Fox Chase","64",1,28900472,28888628,0.933948970359321,26980504.3756935,-0.941971369634848,-0.82784895216767,-76.8666466010705,4.99196775037322,16.279697652942,29.412165955531,51.0832582092505,-0.022600436227383,1.43630962345493
439,"TCGA-55-6980-11","2315f189-cce1-4ee2-8943-9bba2099a391","TCGA-55-6980-11A","2f0710f4-827b-45b2-9b7e-c27385b481a7","TCGA-55-6980","Solid Tissue Normal","normal","160","International Genomics Consortium","55",1,27756213,27745366,1.06918092939152,29664816.206188,3.15419494365667,0.546997136287029,159.714630819324,18.9373413459973,-8.56688783393076,-32.113176163488,-26.580156819945,-5.32907051820075e-15,1.07084224938096
440,"TCGA-73-4675-01","1f5fa8fd-1de8-4456-8935-71b5a8b54bd2","TCGA-73-4675-01A","ae39e358-08d7-4367-ae68-82b469e791e4","TCGA-73-4675","Primary Tumor","tumor","58","Roswell Park","73",1,92987798,92955165,0.949675718223863,88277263.0839927,-0.108531773075579,0.778205079093629,-7.57924258025628,39.8178935275275,26.9182756502868,17.6383739456852,36.9381346050199,0.0051680482342733,1.08065894680751
441,"TCGA-53-7813-01","8ab7f1ee-35f0-460c-8a4f-751748de5e4a","TCGA-53-7813-01A","42d208bd-cd77-4bfb-ad53-9fc072a87393","TCGA-53-7813","Primary Tumor","tumor","196","University of Miami","53",1,30293727,30281917,0.915285119802117,27716588.0291828,-1.10025565178327,0.393558485636663,-60.3803555547657,69.0632018350373,-20.7149995940997,-33.1637775361845,42.0177980318943,-0.0355278170568697,1.43302796406221
442,"TCGA-55-7815-01","bdab4848-dfb5-4b58-9d79-4ab0f0f80cbd","TCGA-55-7815-01A","dd46c83e-6551-485b-b935-f3beed891244","TCGA-55-7815","Primary Tumor","tumor","196","International Genomics Consortium","55",1,26533054,26525946,0.978995377320655,25968778.5130573,-1.34492290722403,0.0990591115394532,-27.8919510901202,-47.5373375362155,22.8584263211461,-37.5928972124967,14.5568050341615,-0.111226215637154,1.73661996595365
443,"TCGA-91-6847-01","96a05d4b-3731-4b98-b38f-a6b33cd6ed96","TCGA-91-6847-01A","97831d28-ab41-4c18-bfc2-c4c6bc757d13","TCGA-91-6847","Primary Tumor","tumor","160","ABS - IUPUI","91",1,69420172,69384774,1.04371524731193,72417946.5550926,-1.49280872832297,-0.632993776447546,-89.9651129699165,19.2995165339928,64.349463234268,-1.67966030313722,-107.52554129487,0.0354869143103764,1.48519714516622
444,"TCGA-44-8117-01","d84e1b10-b7c6-4916-afbc-b311d2ccf19d","TCGA-44-8117-01A","6d96a298-be5a-4e14-afe8-ca4b6ca298d6","TCGA-44-8117","Primary Tumor","tumor","213","Christiana Healthcare","44",1,90983759,90956714,0.973967825645276,88588912.9624193,-0.0884891552405644,-1.97461895968003,-37.620026639247,5.42231954660476,11.5691223519231,52.8934637097519,-43.0404065905428,0.00150151360638873,1.07422630089671
445,"TCGA-55-8621-01","1c1c73ec-c57d-4b5b-9a17-8cd3557f21f9","TCGA-55-8621-01A","8d535aa6-6d59-4965-b5ed-17217d8f5930","TCGA-55-8621","Primary Tumor","tumor","238","International Genomics Consortium","55",1,51347215,51331604,1.06627052105156,54733376.1434924,1.206558313655,0.592467891628645,83.4610772326212,-9.75960695323962,-57.1728711324985,-24.4261955678205,9.41882276652294,0.0172036995469047,0.789960071179611
446,"TCGA-50-6594-01","dab00804-e92f-43f1-9348-16f3015b5dce","TCGA-50-6594-01A","8504fd86-a70a-4cba-9ec8-25c9e60ca549","TCGA-50-6594","Primary Tumor","tumor","119","University of Pittsburgh","50",1,34321972,34308387,1.02213877031785,35067932.4997688,-1.54518887627971,-1.69083220314772,-87.7879356510047,-31.2207158527409,34.2400043003926,52.513514309865,-53.2930437698872,-0.0251498937259274,1.42067758117424
447,"TCGA-44-8119-01","b671ceeb-72d0-40e3-8279-954e6ed242dd","TCGA-44-8119-01A","230dc42d-681c-4e31-9d2e-c724e61829fb","TCGA-44-8119","Primary Tumor","tumor","213","Christiana Healthcare","44",1,108739743,108672102,0.982787180199754,106801548.69096,-1.97593806614261,0.933670311813228,-62.4835281930138,-18.3208689710434,-27.6479209588692,-81.4090314197078,-4.05010298180974,0.0216610278114417,1.08053172713575
448,"TCGA-91-6829-11","eedf6790-10f7-4c33-a1a6-7857ad23f7e8","TCGA-91-6829-11A","1427cd18-5ad3-491a-9981-908e31ae49db","TCGA-91-6829","Solid Tissue Normal","normal","144","ABS - IUPUI","91",1,43007895,42993219,0.920738871357194,39585527.9380727,2.67489233205324,0.534682887837412,129.508354929449,6.37090926753352,17.5185911189767,-6.72974254917458,-16.3344758231743,-5.32907051820075e-15,0.956893341019927
449,"TCGA-97-A4M3-01","afd144f3-77bf-45fe-8d8b-eea4288c1d74","TCGA-97-A4M3-01A","575752f8-2788-43cd-afde-f0f600f39d18","TCGA-97-A4M3","Primary Tumor","tumor","264","Washington University - NYU","97",1,53573032,53554887,0.913132463541375,48902705.90099,0.114670626509499,0.436950335898181,-0.979435113069971,66.0868425670868,44.1201330718157,-10.8330593960014,13.9465409330604,-0.0078990486255961,1.06304094383649
450,"TCGA-55-8511-01","933577d0-75b1-4f9f-baa1-2dd1ab254fd2","TCGA-55-8511-01A","1f1df7ea-00b9-4432-86de-da773d1451e5","TCGA-55-8511","Primary Tumor","tumor","238","International Genomics Consortium","55",1,46672763,46660439,1.00310310825091,46805231.3932519,-0.718055450586498,-1.06997611086381,-40.8327000048246,-23.2627763697963,-55.0350426723188,33.1679592073589,-4.94325355706153,-0.00421754409262529,1.02798761654001
451,"TCGA-49-4514-01","7f64139d-0e81-4bbd-9719-85d0ad471ed5","TCGA-49-4514-01A","b87a5d92-4c09-48fe-bb08-b3c89a7c892e","TCGA-49-4514","Primary Tumor","tumor","144","Johns Hopkins","49",1,43823770,43815205,0.720450585267217,31566690.0858531,-0.846803134094601,1.62236432233207,-64.1808088946647,12.4912560771872,34.6495487697752,-9.75097402889812,86.9254383084934,-0.0546285718676816,1.54394973670254
452,"TCGA-95-8494-01","1a929496-806b-42f7-a45d-5f66a73eedcd","TCGA-95-8494-01A","6ee9caec-65ac-46db-9426-ffaa31967ae2","TCGA-95-8494","Primary Tumor","tumor","232","Washington University - Emory","95",1,38148572,38137230,1.02737638594015,39181289.5271682,-0.227370827551326,-1.69751096782818,-59.559963332637,10.672901132854,34.1123623641544,97.3590593304627,-54.6008656143887,-0.0497538478248125,1.27432301084933
453,"TCGA-55-6985-01","c52909f8-5d3f-4db2-952a-8c13814ddfb0","TCGA-55-6985-01A","e5cb0c86-8fe2-4cfc-b32b-e8ec3839ffc4","TCGA-55-6985","Primary Tumor","tumor","160","International Genomics Consortium","55",1,36456054,36444942,1.06693241884514,38884290.1227307,0.537199514553903,0.278081135773127,19.9451915312253,-19.4484337254744,-55.1861312248983,7.78873011769995,10.0372894373853,0,0.764863747963054
454,"TCGA-93-7347-01","7e1638d3-f134-4dc8-becc-9f4d49d83024","TCGA-93-7347-01A","ef03654a-dcf1-41ff-a67e-4f3fbf9ba807","TCGA-93-7347","Primary Tumor","tumor","204","Washington University - St. Louis","93",1,69346982,69327281,1.00788518428948,69873939.3869733,0.563870236337629,-0.587575254816971,39.6478090324142,-11.3861723311939,-43.6765253055301,37.2859399128399,34.384400422256,0.0316221568975958,0.760882309669443
455,"TCGA-49-AAQV-01","5efd5b2c-3db1-4153-b01f-8f0087d96940","TCGA-49-AAQV-01A","96dfa373-4597-49a5-942e-d9b4dc5d28fc","TCGA-49-AAQV","Primary Tumor","tumor","406","Johns Hopkins","49",1,79200141,79165331,1.10655491195766,87600785.8748041,-0.813224548970243,-0.316852098904656,-42.9949430670306,42.0549688282608,-39.2514422430613,37.1869725290184,6.4015357570518,0.0437908844318531,1.03723589446444
456,"TCGA-49-4512-11","67bf333d-f746-497f-b6b1-f241e93dc467","TCGA-49-4512-11A","a1e65587-24c1-4b41-92a7-4e1f15fffd78","TCGA-49-4512","Solid Tissue Normal","normal","144","Johns Hopkins","49",1,38115209,38107230,0.810325247409458,30879250.5778391,2.62570091067591,0.267907101204966,120.843965479488,-56.3067633696767,60.8861107829716,-2.8227708713705,61.9560088457796,-0.0321890595058274,1.40971100876624
457,"TCGA-44-A47B-01","32c4dcd3-8cc1-4a7d-b593-b8d0b7541c1b","TCGA-44-A47B-01A","967d6548-5a84-4b7e-bc3f-2e522859fce6","TCGA-44-A47B","Primary Tumor","tumor","258","Christiana Healthcare","44",1,56637763,56608939,1.03443069713322,58558024.2337421,-0.344411060195981,-0.87987832634977,-18.8187138428284,47.4930185264183,-0.758297093556247,26.4733556727638,-19.654624052133,-0.0147490293447387,1.06877814478831
458,"TCGA-97-7938-01","b187fc64-f51c-4be1-8f97-0075472aafd4","TCGA-97-7938-01A","e6e75590-9520-4b1c-8a28-4a1d2b2218fc","TCGA-97-7938","Primary Tumor","tumor","196","Washington University - NYU","97",1,41433745,41416820,1.09188929312981,45222582.3134846,1.14823299913624,-0.639059630935483,53.1796846771064,22.3950236169438,12.492555231954,19.8591706071666,-16.0994834742906,0,0.995906298482674
459,"TCGA-MP-A4SV-01","b5c9beed-da9d-4110-9b6d-54a66498d5cc","TCGA-MP-A4SV-01A","706420c4-8820-4b41-80d9-f3efd1d2a4f0","TCGA-MP-A4SV","Primary Tumor","tumor","264","Washington University - Mayo Clinic","MP",1,55472143,55443168,1.23889525557124,68688277.7890394,-0.830291554050876,-0.281581709608175,-38.7767720636218,26.220463955297,-56.9948950789884,13.6161268171762,-15.0613464203679,0.0181743856833489,0.845135543159988
460,"TCGA-44-6778-01","15321297-7110-4e79-8d6f-94c95bc83c94","TCGA-44-6778-01A","5d5cc436-6e57-4d23-a164-7f5153c2e666","TCGA-44-6778","Primary Tumor","tumor","144","Christiana Healthcare","44",1,39736356,39702962,1.1658928368521,46289398.997611,-0.239696697639188,1.22990073767263,34.4394732513502,-27.1713427208707,-49.8826562720677,-95.9875375106195,-24.9411604722258,0.00527884089245068,1.07880395179886
461,"TCGA-55-7725-01","f9455bbc-a475-476e-bd97-6137fb011e65","TCGA-55-7725-01A","9fcdccae-676e-4071-93c3-23d2d3ab0c00","TCGA-55-7725","Primary Tumor","tumor","196","International Genomics Consortium","55",1,27559335,27544710,1.04824545966811,28873617.1953748,1.52937393965028,-0.77958595972569,50.0753626608754,25.8037824233533,22.7386407297383,35.0116447676542,-1.60819809606694,-0.0290956432501142,1.44916004670826
462,"TCGA-50-5942-01","aed669e8-23b6-4786-9398-6bb048815dfa","TCGA-50-5942-01A","75dd635e-8e0c-4c0b-b21c-20f77770218d","TCGA-50-5942","Primary Tumor","tumor","119","University of Pittsburgh","50",1,44469262,44456112,0.98965003961707,43995993.0020209,1.64655868979899,0.105210112857544,81.8799488248224,16.4429097040013,-0.968154191600353,6.77321144648563,31.9794394893402,0,1.06110456714227
463,"TCGA-05-4395-01","9ded6605-39a3-4c0f-ad2e-7f6863960dbe","TCGA-05-4395-01A","762dea8a-5b41-4058-979a-b7876ed13d7e","TCGA-05-4395","Primary Tumor","tumor","58","Indivumed","05",1,111685150,111659000,0.779619143791939,87051493.9766641,-1.77041172013892,0.119214199289101,-104.465514245127,-63.606363915102,82.0301684238111,19.2704888014403,15.2319723603653,-0.00744441418009567,1.57171608066188
464,"TCGA-86-8278-01","ccdde798-056a-4cc9-8aa8-63cf283691d9","TCGA-86-8278-01A","a816e355-be6f-4d16-b051-b6d86ed8cded","TCGA-86-8278","Primary Tumor","tumor","222","Asterand","86",1,100982389,100951352,1.05484007214528,106487531.426844,-0.467304527806765,-0.960777966070841,-9.59562749976838,-2.31692419747657,-44.6690566463162,35.9901664316781,-4.17700037182565,0.0238464160537729,0.905263109896065
465,"TCGA-38-4626-01","60a9564a-c68d-4791-a093-19b144ee7717","TCGA-38-4626-01A","2079155a-d91d-4246-a038-01934a580f32","TCGA-38-4626","Primary Tumor","tumor","58","UNC","38",1,123159765,123134136,0.899942454993348,110813636.645325,1.64772511047817,-0.460731001320169,79.3889517967465,-15.1410976571966,16.3811035951723,2.55213836586667,-19.1504503317908,0.0308093042618505,0.709150209502898
466,"TCGA-55-6983-01","168a4a36-b73d-4c17-aaa4-1e4824a155c2","TCGA-55-6983-01A","54a0e4d7-c274-4569-9c25-45bbe26d7f21","TCGA-55-6983","Primary Tumor","tumor","160","International Genomics Consortium","55",1,79255208,79233083,1.04967938107765,83169333.5243142,-0.00882174295880949,1.69325872905795,15.4116279028524,2.9386472006226,-18.7959390502072,-34.6019504033662,76.3904226479157,0.00969866672502318,0.797300531891147
467,"TCGA-44-2661-01","48dd9724-8848-48c3-8628-7e78a24e3f2c","TCGA-44-2661-01A","f3501466-cf32-4866-b5fb-e94dd32341bc","TCGA-44-2661","Primary Tumor","tumor","52","Christiana Healthcare","44",1,65342329,65324585,0.966904235210624,63162617.8998764,0.981489245697704,-0.426056878563666,52.928038998855,-31.0435545594825,-33.4117353708713,30.6404642043134,70.5638190350615,0.0286497856720785,1.03170942640754
468,"TCGA-50-5930-01","3e30dbd1-10bf-4450-8d19-6f44d3284e02","TCGA-50-5930-01A","368e23f0-e573-4547-bf5a-14080baf737b","TCGA-50-5930","Primary Tumor","tumor","119","University of Pittsburgh","50",1,23461394,23453684,0.8956401546533,21006061.1649496,-1.27876449779228,1.05431571882855,-39.7841747699785,-41.2249314904474,-14.3159639193285,-48.1801158652267,38.6003088943362,-0.0619047702438014,0.948576218379766
469,"TCGA-49-AAR2-01","c78b35b2-7299-4fd3-88df-a40b087455e0","TCGA-49-AAR2-01A","f809e7d9-a75e-41c9-ac2c-5bec6ffcb4a2","TCGA-49-AAR2","Primary Tumor","tumor","406","Johns Hopkins","49",1,57869315,57797757,0.797889586873475,46116228.4549435,-1.24918174253961,1.92549662630774,-77.7507048746561,103.666316150517,-31.4630747608436,-38.2104725894601,61.2460196094722,-0.00331870452723226,1.75840621948138
470,"TCGA-97-A4LX-01","66e63d23-d3e7-4c6a-b099-4000ebaf8c71","TCGA-97-A4LX-01A","e2b0d873-4942-4483-9a88-d5c6338d0382","TCGA-97-A4LX","Primary Tumor","tumor","264","Washington University - NYU","97",1,58534910,58515058,1.10841180521586,64858781.0700907,0.0735475115454797,-0.860796994956545,13.5986986258733,-14.337359845631,-80.1779671837888,18.3995213201494,-2.15521468733002,-5.32907051820075e-15,0.868424972156274
471,"TCGA-91-6829-01","9b416640-9aec-4b0d-aa88-b94287375950","TCGA-91-6829-01A","1427cd18-5ad3-491a-9981-908e31ae49db","TCGA-91-6829","Primary Tumor","tumor","144","ABS - IUPUI","91",1,45003775,44983995,1.11936238861838,50353392.0927974,-1.02131404177697,-0.62559312599549,-23.0169259852238,-35.2927581696539,2.79520535004042,-30.667351446369,-64.4739435060366,-0.00281606817063151,1.09164035912624
472,"TCGA-55-7724-01","4a42220d-afcf-4cda-b030-f84cddd61e66","TCGA-55-7724-01A","294cb595-0907-44c7-bbef-985a27c1e6e2","TCGA-55-7724","Primary Tumor","tumor","196","International Genomics Consortium","55",1,27221553,27202300,1.08769514200841,29587809.5614553,0.176637119792398,0.597016506381405,42.1504868614764,-64.3630097404442,-5.87800988729167,-48.6848826037346,-10.1366525279211,-0.00605107171508745,1.25870091000507
473,"TCGA-93-A4JO-01","e88b670d-57af-4001-a9f3-0e13496b426a","TCGA-93-A4JO-01A","3daebe75-c6df-478e-8a4c-11186fd5ead9","TCGA-93-A4JO","Primary Tumor","tumor","264","Washington University - St. Louis","93",1,49854258,49829510,1.16179121265583,57891486.8489458,0.732494277974882,0.0557677101313764,27.9434937601975,31.0783201482428,-70.4614735497495,18.2985298781747,-2.55771783576207,0.0361562740045842,1.067933769641
474,"TCGA-62-A46V-01","745a2adb-7096-4c8a-a830-c627ade98da9","TCGA-62-A46V-01A","f809e21d-5f2e-4f3b-a1aa-d6b8d463552a","TCGA-62-A46V","Primary Tumor","tumor","258","Thoraxklinik at University Hospital Heidelberg","62",1,51002987,50982323,1.10154587575552,56159367.637086,-0.0540186687363512,-1.6503914837024,-17.3115361325557,61.1096749621591,12.0720137357649,80.9755988792193,-46.9637585164977,-5.32907051820075e-15,1.14371993060484
475,"TCGA-55-7726-01","32342d96-3b04-4881-9e98-9cb63918fe48","TCGA-55-7726-01A","923b37e4-fcf7-46a0-8cb2-9139711fec7b","TCGA-55-7726","Primary Tumor","tumor","196","International Genomics Consortium","55",1,30746478,30737065,0.949219550214753,29176223.0142216,-1.53637020710686,-0.907375467987261,-50.5322493056822,-93.242110049786,-11.5204271105261,-7.09622655956969,-45.8956340424102,-0.0814565143360659,1.33338376280862
476,"TCGA-49-6767-01","708a8742-f6d6-411d-9340-2c6c25885d22","TCGA-49-6767-01A","6bffe800-ec2b-4638-9333-97fe85dcd91c","TCGA-49-6767","Primary Tumor","tumor","144","Johns Hopkins","49",1,40459699,40447285,1.01207183620779,40935557.99957,-1.6750204519209,-1.57097137061205,-95.8146117196811,-55.6276043404412,34.4789733169229,44.7520032669839,-60.5629167235329,-0.0417522998267836,1.32413468785934
477,"TCGA-73-4662-01","c7d727b6-47c6-4339-b9dd-5baf41527bd4","TCGA-73-4662-01A","294ff941-aea1-4588-9a0e-e9f5393e2bb6","TCGA-73-4662","Primary Tumor","tumor","58","Roswell Park","73",1,110402259,110366633,1.00911047134815,111372125.047738,0.465078140584766,-1.57686287985014,12.5335421755462,2.87004857538651,-19.7003563221637,41.7328914983304,2.4608349556132,0.0214498401408214,0.83463903992554
478,"TCGA-05-4434-01","7a03048b-58b6-4cae-b143-81c0a4977ac6","TCGA-05-4434-01A","d94fe32f-bedd-4f4c-9feb-fcb60d40f4bb","TCGA-05-4434","Primary Tumor","tumor","58","Indivumed","05",1,113546140,113501149,1.15900625927612,131548542.126031,-0.633331302544446,0.70614908709485,-6.21635926288743,-26.9734777457497,-40.5735836379023,1.37471863910319,10.8729097545682,0.0292143185454248,0.773289258541233
479,"TCGA-55-7283-01","08b21fc8-ce08-47c4-b715-6e34213edc07","TCGA-55-7283-01A","ccfdad76-cc45-447f-bed8-ede8f6a8844d","TCGA-55-7283","Primary Tumor","tumor","166","International Genomics Consortium","55",1,51411464,51401116,0.989842537020809,50879011.0671409,1.23894993028809,-0.901970413153693,28.9544364347069,6.90080004718154,53.062125822338,46.2567840802906,1.94741527946613,-5.32907051820075e-15,0.97745134203141
480,"TCGA-86-8056-01","cf53a83e-bff6-4b6b-80aa-1847866fa09b","TCGA-86-8056-01A","472337c2-a2fc-403a-8c17-69511193128b","TCGA-86-8056","Primary Tumor","tumor","213","Asterand","86",1,80867552,80833402,1.2065080626571,97526151.2450024,1.02235723004458,0.0930875887227955,43.9937549188259,23.3788484293667,-3.02021584273928,13.9889085969391,-11.6848595928011,0.0404512909528489,0.963670703499574
481,"TCGA-50-5049-01","21b2f32e-ccea-4b20-86d3-6647e99825cf","TCGA-50-5049-01A","9944f46f-9fa8-4e2c-a806-776bec7f8803","TCGA-50-5049","Primary Tumor","tumor","84","University of Pittsburgh","50",1,51799085,51788380,0.892988165622527,46246410.4567624,-0.604822100600834,-0.42790355496447,-1.12922440868836,-99.0315572035778,-32.443967135759,-3.45656393363546,54.7638541954392,0.00298448627025727,1.03549135337839
482,"TCGA-55-8514-01","a236f15a-76cc-4a2d-9087-e824ad581453","TCGA-55-8514-01A","6845099a-b2c9-48d8-b856-9903d39bb92e","TCGA-55-8514","Primary Tumor","tumor","238","International Genomics Consortium","55",1,42264371,42249632,0.959533242057177,40539926.3686826,0.232995616052225,-1.03069048768031,-11.6860065382579,78.7658375087007,-3.64236239557112,59.1817564496117,-11.0785951621391,-0.0161191520911592,1.32262963748485
483,"TCGA-86-8075-01","23157ce2-7257-4118-9a6e-4cdfbc6c4bf7","TCGA-86-8075-01A","8869000d-09d7-465a-ac32-54d1935c43e7","TCGA-86-8075","Primary Tumor","tumor","213","Asterand","86",1,85887054,85859833,1.09641123451165,94137685.4944944,-0.7192911790007,-0.729532190713883,-18.6052029076143,-33.9128976260904,-49.4478279796594,-0.383332279180631,-29.7219069485107,0.0149124671842904,0.903519342433773
484,"TCGA-55-8208-01","6ea79640-5376-40fd-b9d4-e846335579d2","TCGA-55-8208-01A","77f8c850-b4e6-46a1-ab12-a50e0044a0c8","TCGA-55-8208","Primary Tumor","tumor","213","International Genomics Consortium","55",1,69812885,69789670,1.05592506474675,73692661.8134046,-0.648749730688935,0.634966357048492,-0.507787351795869,-45.8502225548539,-69.3937428750784,-21.7760347008413,28.8369458287669,-5.32907051820075e-15,0.816004226543118
485,"TCGA-05-4427-01","785b0c56-bed5-4d19-b7b3-d1a0ceb5d648","TCGA-05-4427-01A","78a24c56-576c-4245-bb42-6603b3d19897","TCGA-05-4427","Primary Tumor","tumor","144","Indivumed","05",1,44656729,44640439,1.06847870824432,47697358.5981792,-0.557929322795328,-1.89381087578242,-44.4586373690351,-26.5751467861209,1.98740619271075,23.9725517934278,-57.3629013046495,-0.0396466431239746,1.12635371667188
486,"TCGA-99-AA5R-01","ddbe2867-b02a-45d6-8514-921eaf6074ea","TCGA-99-AA5R-01A","d3e23815-7f9d-48aa-9aef-3a1dd9d464d7","TCGA-99-AA5R","Primary Tumor","tumor","406","Washington University - Alabama","99",1,51069098,51048561,1.06516232993517,54375004.1745975,1.26277637423772,-0.926170729066419,90.9509406133853,12.4558677669398,-53.6201340992389,-0.115962464783529,-6.93659182505438,0.0232897753617014,1.06202927782708
487,"TCGA-50-5939-01","6a27f5f8-f4ee-45c7-b953-ddd7d0291dbb","TCGA-50-5939-01A","12b79b4f-c28c-418e-a1e7-e622f33fdcc2","TCGA-50-5939","Primary Tumor","tumor","84","University of Pittsburgh","50",1,38191945,38185415,0.941237249388502,35941534.9813585,-0.621738855633938,0.344537856543582,-19.1788957836381,-86.5835342495889,8.22614028104112,-25.6843791896493,10.6025556796312,-0.0313731868065576,1.01070029559102
488,"TCGA-38-4625-11","0d76e56d-bc9d-4085-aa3c-c6edbdb6dd59","TCGA-38-4625-11A","0ea4920f-f4c8-4590-84b3-eb419824e144","TCGA-38-4625","Solid Tissue Normal","normal","58","UNC","38",1,80999816,80982911,0.824399032418577,66762233.4708398,3.13478630360966,0.746872626893068,151.244362851757,-35.3517169924514,57.2877377470341,-16.8115492923822,26.8730289106592,0.0212572991077022,1.15046148126365
489,"TCGA-44-6776-11","da9934b1-92aa-4a5f-b12d-efe510fd7499","TCGA-44-6776-11A","c2a1de2e-6451-4c95-8ce6-263f2b7e6eff","TCGA-44-6776","Solid Tissue Normal","normal","144","Christiana Healthcare","44",1,36648370,36637297,1.00706006555293,36895958.718502,3.4961927009141,0.779795324028063,168.073186562417,15.5078283566359,52.6136918121083,-32.9068545466987,-48.1756396978137,-0.013749174727094,1.05981170053452
490,"TCGA-64-5781-01","b32f509d-91e5-4601-b8b3-4b0a5212c22b","TCGA-64-5781-01A","41c4c704-825e-49f5-9d54-dbd7d30725e0","TCGA-64-5781","Primary Tumor","tumor","84","Fox Chase","64",1,44057491,44048232,0.873012764984319,38454668.8109907,-2.19887312135615,-0.189235989828384,-91.6597607389773,-77.6008459861301,27.8866430790601,10.6731260672463,46.1232977907985,-0.073412992577914,1.39090271327689
491,"TCGA-53-7624-01","61358ba0-7194-40f5-b239-2ed06cbaf546","TCGA-53-7624-01A","54a9cc9e-3eee-4caa-9f33-4ea64a2999ba","TCGA-53-7624","Primary Tumor","tumor","183","University of Miami","53",1,54224193,54100242,1.06829039289621,57794768.7819603,-2.17960960031277,0.72355108358689,-99.6850039723352,-29.5660347597639,17.5628627937643,-59.2838466702102,-78.1316840945891,0.0148612857437777,1.3661256030008
492,"TCGA-75-6205-01","d845174b-1a04-4d22-b34f-c48d7ae35233","TCGA-75-6205-01A","9a63f744-4ed4-4b4d-aac6-f9bda66aa563","TCGA-75-6205","Primary Tumor","tumor","119","Ontario Institute for Cancer Research (OICR)","75",1,28527205,28520760,1.00779984942104,28743217.6333737,-0.711340063746648,-1.46026798090333,-14.8384901632269,-94.2538596447216,-29.6462737268343,31.5054141597951,-15.3974571318891,-0.0137377809567407,0.970413010510912
493,"TCGA-44-6778-11","2d27ed82-5872-4628-b6b3-a3deecceb0df","TCGA-44-6778-11A","5d5cc436-6e57-4d23-a164-7f5153c2e666","TCGA-44-6778","Solid Tissue Normal","normal","144","Christiana Healthcare","44",1,44381036,44363907,1.010753471008,44840972.987726,2.603607909112,0.69482720300435,151.030545275956,-20.9768722567035,5.00900488878201,-50.2696661222461,-37.9524912002614,0.0118159901201749,1.13302899420134
494,"TCGA-62-A46S-01","9f9bd43e-2204-4837-a4a1-8bba437b179b","TCGA-62-A46S-01A","e00a60d7-4253-443d-a187-680ad0931349","TCGA-62-A46S","Primary Tumor","tumor","258","Thoraxklinik at University Hospital Heidelberg","62",1,60036500,60013436,0.976835913244508,58623279.5620008,0.0796742391671808,1.13941135641182,3.34871777486976,72.2182304920061,-1.692557382587,-24.0768619027811,41.1670844358407,-0.0264067235402595,1.02447383627162
495,"TCGA-49-4505-01","d1fb0862-8d9c-4bc4-aac6-81dc4eed66c9","TCGA-49-4505-01A","088edf89-d2b5-40c7-b066-df3bd383f7ea","TCGA-49-4505","Primary Tumor","tumor","58","Johns Hopkins","49",1,104750945,104725990,0.909497739432404,95248051.1648205,0.250780479471033,-1.38543940394406,-0.221949087732588,-30.9986861468352,7.26006355155994,64.7538796609585,34.8240317063454,0.0278799001118782,0.958150519272833
496,"TCGA-44-2666-01","27a64f32-69c5-4c49-86b4-c8fc923cae08","TCGA-44-2666-01A","e16ca88f-488b-40f0-9169-e5a62482a2ff","TCGA-44-2666","Primary Tumor","tumor","37","Christiana Healthcare","44",1,72020509,71994769,1.07697418509031,77536507.67454,0.891595320212007,-0.243985418723566,26.5135123173159,24.2487599871074,23.2979494624312,20.6178601921119,5.70123450306852,0.0500281141153712,0.894492328458898
497,"TCGA-97-7552-01","9dcb355a-c122-4341-89d7-1df471315a49","TCGA-97-7552-01A","1b110eb4-a01d-4c50-ba18-77da4dedd549","TCGA-97-7552","Primary Tumor","tumor","166","Washington University - NYU","97",1,60403043,60379237,1.02755512664944,62042994.5225319,0.414859755006647,1.76649625398557,66.4570753833307,-49.5462894316588,-45.7766818682542,-37.2178100742548,48.8866558422675,-0.00867202021898339,1.03605619500965
498,"TCGA-L9-A50W-01","b08432a7-891a-41ee-a2c0-10a994d01e00","TCGA-L9-A50W-01A","a815619f-dbba-469f-a1f7-dfbd51cd86c5","TCGA-L9-A50W","Primary Tumor","tumor","406","Candler","L9",1,67689162,67661831,1.03285426390006,69884810.6516352,0.342599244387475,-0.274724362855632,6.00459000725243,75.5622803989603,-22.0362452402064,43.1421954849616,10.0374236013761,0.0271505222406478,1.12796083558352
499,"TCGA-55-A491-01","48257830-1c09-4bb6-b7a4-3dd3049a42f7","TCGA-55-A491-01A","a250a369-e536-4a18-b7af-2911133d7bdc","TCGA-55-A491","Primary Tumor","tumor","258","International Genomics Consortium","55",1,53575880,53559429,0.938111531468233,50244717.9637541,-1.32064745623032,-0.499296637536086,-50.6858017476138,1.40309408678176,-55.0896350645038,13.566270727288,3.50252136192145,-0.00536705456904768,1.08447575505358
500,"TCGA-55-A57B-01","0ecbd044-0689-4395-a3d6-fb0d46fcf226","TCGA-55-A57B-01A","3b21b982-dba2-45f4-ad8d-21dc86fcaaa7","TCGA-55-A57B","Primary Tumor","tumor","406","International Genomics Consortium","55",1,69723256,69682886,1.17782678386926,82074369.5081081,0.752029289395166,-0.584388188812555,43.4779041563708,34.1519930482351,-16.2196910541232,23.3795090496143,-69.6176668525574,0.0374130797665402,1.00518875654299
501,"TCGA-75-5125-01","73a77977-fab0-486f-8d15-be8b30c8808a","TCGA-75-5125-01A","205759a6-6391-491b-9857-0080c3a5871e","TCGA-75-5125","Primary Tumor","tumor","119","Ontario Institute for Cancer Research (OICR)","75",1,45405730,45389815,1.10190942964602,50015465.1583881,-0.613753728025726,-1.71000834472997,-46.7774136021623,-40.7511506013297,-17.1633286947061,43.6698448986574,-34.4200995985824,-0.00480003594439406,1.04853865650716
502,"TCGA-78-7160-01","d0090140-e835-484e-bef0-e83011931b66","TCGA-78-7160-01A","c1a01e8c-1f7e-4e24-bfad-90b73f88e992","TCGA-78-7160","Primary Tumor","tumor","166","Prince Charles Hospital","78",1,41960322,41948061,1.1063558073029,46409480.8924465,-0.209622924823684,1.15000795886387,4.99315513030001,-28.4148587156509,29.439999438391,-32.2444990909542,21.3217765088067,-0.0019386245964319,0.893776717369117
503,"TCGA-05-4422-01","dacbc55d-25c6-4e86-bd1b-38345b4df7a7","TCGA-05-4422-01A","44dec838-b653-42a7-a58b-a1fd232cd68c","TCGA-05-4422","Primary Tumor","tumor","58","Indivumed","05",1,98803463,98754866,1.0299270242769,101710305.272244,-0.725728936870726,1.69961082842658,-33.1060983190974,57.3225272659541,0.231392321807066,-31.2739161632302,68.5400616943357,0.0436965709413063,1.06639887542276
504,"TCGA-64-1679-01","29152789-d08a-49d2-87b2-2e2ea8ff6573","TCGA-64-1679-01A","81a0b2ff-a3d3-41bb-9ce6-765e6ae894af","TCGA-64-1679","Primary Tumor","tumor","183","Fox Chase","64",1,92186922,92148763,0.918210682341463,84611978.5511517,-1.64036959488793,-0.44464940516458,-39.6490112534643,-63.107694170716,-4.52532388461077,6.48366755554108,-48.4708737033694,0.0160746367858842,1.07085925642784
505,"TCGA-49-4488-01","1aea8530-43fd-47ea-a2f1-377267dc9d33","TCGA-49-4488-01A","d721bfe0-90e3-415e-b9f3-1a270efa5fbb","TCGA-49-4488","Primary Tumor","tumor","119","Johns Hopkins","49",1,34957520,34949776,0.952431125108047,33287254.4779542,-0.201396561543703,-1.21059919256677,-48.5355067165663,-36.2630038380882,49.7369069639455,72.08244117599,40.417020604538,-0.0121292805093915,1.38713366691589
506,"TCGA-55-A48Y-01","ab07da42-d065-45d5-8eee-7904295044c3","TCGA-55-A48Y-01A","12c07138-e3fa-418a-89e3-628da12bc99e","TCGA-55-A48Y","Primary Tumor","tumor","258","International Genomics Consortium","55",1,53420132,53409430,0.87705402994447,46842955.8185371,-1.31401961921175,0.439582800389861,-55.6295793770025,-21.9506532078447,22.856226182994,-30.6783019284574,42.204059950526,-0.0388431157534823,1.07766371523258
507,"TCGA-38-4626-11","84997fe4-69b9-41d5-9a71-a8147cf08a2e","TCGA-38-4626-11A","2079155a-d91d-4246-a038-01934a580f32","TCGA-38-4626","Solid Tissue Normal","normal","58","UNC","38",1,80994213,80975941,0.856872542271832,69386060.4275239,2.74529397036016,0.823055377549648,133.16462754551,-28.5128408047484,46.4133808129826,-5.39342748843804,22.008410076911,0.00235841207084198,1.08525765939549
508,"TCGA-44-A479-01","9a91307f-a0b6-4baf-85be-95bfcf0d095a","TCGA-44-A479-01A","851867cb-9ad0-4fdf-ac75-9bb0427ad440","TCGA-44-A479","Primary Tumor","tumor","258","Christiana Healthcare","44",1,49586169,49553812,1.06492407870484,52771047.5904128,-2.01634825826568,1.3582509450568,-47.3395997099624,11.2793632662797,-95.7127842913446,-77.3471206689038,23.0758618353373,0.00436343171447251,1.08225589197108
509,"TCGA-62-A46U-01","1454406f-934b-4073-814e-387008c99a2b","TCGA-62-A46U-01A","793649e5-f479-4d64-8723-2ef488fe0fd9","TCGA-62-A46U","Primary Tumor","tumor","258","Thoraxklinik at University Hospital Heidelberg","62",1,58134753,58114431,1.07592313386401,62526660.7242441,-1.01143747288006,-1.15141416420304,-21.1823234116415,-0.324856663545584,-28.6460602021488,50.564523975648,-31.228632674287,0.0229874774558656,0.998722839535094
510,"TCGA-75-6214-01","7dceaead-79bb-4e91-a724-f0fae56442ce","TCGA-75-6214-01A","32592562-11fa-435a-b40b-2b242bae53aa","TCGA-75-6214","Primary Tumor","tumor","160","Ontario Institute for Cancer Research (OICR)","75",1,86525456,86466756,0.914459794269617,79070371.9029211,-1.15530008661233,0.57218768553791,-75.4953884614783,-19.7180314619743,39.0630323590075,-7.97729262441408,-83.1265055669041,0.0144841521022312,1.22922814530406
511,"TCGA-44-7672-01","adb65cdc-08c7-46e3-a74f-7fa4d0ca4e3b","TCGA-44-7672-01A","4036c6fc-c82e-47bb-a384-6f299dc30b52","TCGA-44-7672","Primary Tumor","tumor","183","Christiana Healthcare","44",1,80531702,80516042,0.833510955993642,67111003.1402442,-0.940512699265357,-0.258770609318157,-9.87844315388139,-59.4906225290729,-59.9923105707071,10.5188423268838,52.1168082716748,0.00530969535068926,0.821183831879951
512,"TCGA-95-7043-01","2e0b958b-1e93-41ab-8a8a-21a2d7f99935","TCGA-95-7043-01A","c650b1ff-8a4c-4ee9-b7c1-268c28c83827","TCGA-95-7043","Primary Tumor","tumor","160","Washington University - Emory","95",1,33885761,33874255,0.903345498804812,30600155.7796164,-0.575117987390814,0.566141584080013,-63.7132406450024,42.5823983713843,50.9109747866435,-18.3703584799361,-9.2009414128821,-0.048569720161415,1.44405165055057
513,"TCGA-44-6777-11","5f42537f-8c2a-48b6-8d9c-1f409711d128","TCGA-44-6777-11A","349e6f38-2c67-4a69-a777-b9173a2a27cf","TCGA-44-6777","Solid Tissue Normal","normal","144","Christiana Healthcare","44",1,36782500,36775666,0.889385668528789,32707750.2910015,2.79422518458367,0.13261512036911,144.227194682063,-54.560621170426,16.7322417794035,-25.1330766876541,15.3322795944397,-0.00273316095155263,0.969266778376948
514,"TCGA-73-4676-11","d68673cd-08ca-404c-ad04-0774c51a6bfb","TCGA-73-4676-11A","195a5afb-b79f-44d2-9d12-884487630c2b","TCGA-73-4676","Solid Tissue Normal","normal","119","Roswell Park","73",1,35967847,35961420,0.798074789719728,28699902.7045228,3.05223989380936,0.264955126998998,140.436902039172,-67.9116976552663,78.417967065369,-12.0231127553892,32.4203781279395,-0.0457733009334349,1.27934148177507
515,"TCGA-55-8203-01","d1f3852d-d23c-41af-9ec0-19c4ba1b1da5","TCGA-55-8203-01A","9a9bd705-1ef1-4a6c-bb1e-bdd346dc01c0","TCGA-55-8203","Primary Tumor","tumor","213","International Genomics Consortium","55",1,86508524,86478839,1.04598182455373,90455293.802508,-1.01518473279531,0.647386097669398,-45.2931456323858,23.4718238807903,-31.7291396437924,-22.4806906484214,62.361328658888,0.00924527570401157,0.821323278931489
516,"TCGA-44-6144-11","5e244ef2-6bd6-4947-9b33-82d5b7c3dc36","TCGA-44-6144-11A","22302e92-fdfa-462a-9249-efdaa26ee5ed","TCGA-44-6144","Solid Tissue Normal","normal","119","Christiana Healthcare","44",1,44359238,44348913,0.908010805683827,40269292.2243319,2.85910344199844,-0.178517429180652,140.514362031236,-15.575927825248,63.22918924749,-13.5586724724794,-42.84194198125,0,0.913624467485581
517,"TCGA-50-5932-11","0e7847d9-d1d0-4980-8f44-c428f36b83f0","TCGA-50-5932-11A","ebcba7f2-ce13-4bae-97cd-91a6b1dcd465","TCGA-50-5932","Solid Tissue Normal","normal","119","University of Pittsburgh","50",1,32345795,32337288,0.966444736489754,31252201.7799533,3.24664882302632,0.28950136488943,162.597086691902,-24.715253864378,42.3433473210851,-42.1551969242776,-42.5377055848036,-0.012496784514121,1.08295649011027
518,"TCGA-62-A46Y-01","dea6de72-0f67-44f8-aea7-28c15adf4e60","TCGA-62-A46Y-01A","562a562b-ca03-44ac-b282-b51b457d8dae","TCGA-62-A46Y","Primary Tumor","tumor","258","Thoraxklinik at University Hospital Heidelberg","62",1,53791374,53774983,1.08779776252788,58496306.1873746,1.20335448724724,-0.635944917866711,31.5564620131445,33.6741948962301,-15.3297377974144,63.0697773217971,-2.66447213834563,0.018994723379679,0.811698301902661
519,"TCGA-49-AARO-01","58084363-d165-44b9-9702-9a1e3732ee1b","TCGA-49-AARO-01A","5202458b-c38a-47c0-a0ba-5f1a59a762a0","TCGA-49-AARO","Primary Tumor","tumor","423","Johns Hopkins","49",1,46026288,46003891,1.12082744720574,51562423.7110612,-0.404525527584278,-0.0612792133585408,0.0137500311409181,10.8690851305877,-84.3552376052805,28.0939625656692,-15.1395827565038,0.0436943935477578,1.09128218791476
520,"TCGA-44-2668-11","275b1d31-bc89-4e56-9861-626afb8bbcc0","TCGA-44-2668-11A","bab43415-d413-40be-a4c0-2c40a52afe6a","TCGA-44-2668","Solid Tissue Normal","normal","37","Christiana Healthcare","44",1,73235053,73222473,0.803840967771818,58859223.5589658,2.20782786157347,-0.362442136375304,111.661320245724,-49.0979690813425,35.9622157852955,-8.71737939756394,-10.5308812577707,-0.00358572127193935,1.01410854847991
521,"TCGA-44-2668-01","dd9a6c68-b8b4-4168-9ff9-72a45f20c44f","TCGA-44-2668-01A","bab43415-d413-40be-a4c0-2c40a52afe6a","TCGA-44-2668","Primary Tumor","tumor","37","Christiana Healthcare","44",1,95406825,95382447,0.943906178933611,90032081.0851076,-1.4555498209518,-1.50635415727861,-59.8133291512007,-104.92944676878,-15.8806704248727,22.3015824516258,-33.1143108411934,0.000257817708488317,1.09005143209382
522,"TCGA-97-7554-01","ec52b227-65eb-406f-a02b-f4cd1fdf6b3c","TCGA-97-7554-01A","a9644274-13bb-4228-9b4f-14260ccc26eb","TCGA-97-7554","Primary Tumor","tumor","166","Washington University - NYU","97",1,61707783,61692056,0.906367442066309,55915670.9925315,-0.304093424836363,-1.30900510837685,-9.95324183735197,-61.4271555561184,-15.9998538773473,28.2430034084713,1.59959172525284,-0.000756920015233309,0.991439925790507
523,"TCGA-38-4629-01","eb822f95-8b15-4c86-b5e5-b0afe9c32e0c","TCGA-38-4629-01A","127bf818-f7e5-46b5-a9de-39f6d96b8b83","TCGA-38-4629","Primary Tumor","tumor","58","UNC","38",1,94778984,94760380,0.847228746679515,80283717.9822746,-1.35162080474983,-1.56105330875458,-60.945825261777,-131.408310471354,17.5332472524432,40.7121695084504,16.1794677512761,-1.98007775751297e-05,1.30845162875748
524,"TCGA-05-4389-01","ed61ac6a-f21f-4b88-928a-029340d4aebd","TCGA-05-4389-01A","a3de401d-91fe-49a2-bb07-81c1a06506e6","TCGA-05-4389","Primary Tumor","tumor","58","Indivumed","05",1,76141541,76113859,1.00782581881934,76709512.2701747,-1.12353869866323,1.19924041084135,-56.2498456006897,-16.0164174536856,30.2483750056206,-23.0955984649495,35.1175677196144,0.0171780417152659,1.0756076382618
525,"TCGA-78-7152-01","98bbbf97-fbf4-4cbc-9536-f11febbf350b","TCGA-78-7152-01A","b56dad1e-2fd5-47d8-9cc7-a54be9a1bae2","TCGA-78-7152","Primary Tumor","tumor","166","Prince Charles Hospital","78",1,28039638,28034675,0.950804557209113,26655496.7498764,-0.000241085487692199,-0.484845346423136,-9.70506473776749,0.281292773548279,28.6511880522998,25.7762139383667,52.6360138120789,-0.0398141225375157,0.945970751488078
526,"TCGA-MP-A4T6-01","5a8b5291-c9c2-48a8-9d01-66b150a71eb7","TCGA-MP-A4T6-01A","5f4934be-eee3-40e1-8838-38103badc898","TCGA-MP-A4T6","Primary Tumor","tumor","278","Washington University - Mayo Clinic","MP",1,66470003,66429426,1.20387410821316,79972665.9848623,0.339646506243831,-0.42978368690033,-2.2866383667629,118.502258785671,-53.4578502025886,48.9796584437608,-17.8914670691889,0.0400038942361338,1.40002752889103
527,"TCGA-50-5055-01","68d19e88-7fbd-48cc-a09f-55c47bfaf6e7","TCGA-50-5055-01A","cc3d9750-7ce0-489f-86d4-8017b7ebed29","TCGA-50-5055","Primary Tumor","tumor","84","University of Pittsburgh","50",1,33548543,33538442,1.00593834349177,33737604.7887749,0.0268322927800369,0.0480867837498133,31.0893026944736,-66.3155061096662,-44.6859192714362,7.88385855180106,82.337950868597,-5.32907051820075e-15,1.09551483557471
528,"TCGA-55-6982-01","3b284fc6-7dc4-46c2-8ec9-1121ef0b4308","TCGA-55-6982-01A","35cb7841-9b09-465a-90c5-e3b8a9faad49","TCGA-55-6982","Primary Tumor","tumor","160","International Genomics Consortium","55",1,32866015,32858094,0.959635014327978,31531777.50648,-0.666467288154308,-0.65634203617566,-19.2430860360776,-40.0004464771657,-29.0490461805956,26.1931567670665,6.35938418945326,-0.00978338427973863,0.893645132385031
529,"TCGA-05-4426-01","0c06cf85-61eb-4e6d-ae54-b8f5cbab9b63","TCGA-05-4426-01A","36bf02f8-c1c8-49f9-a417-adf88a205c70","TCGA-05-4426","Primary Tumor","tumor","58","Indivumed","05",1,102177111,102150662,0.979788101414187,100086003.179182,0.390251710849299,-1.37607360700977,-5.55481481103835,-1.29296970879635,35.951608349273,68.1956080873779,-30.3101647523761,0.0190602708600573,0.974702663486256
530,"TCGA-73-4659-01","c35a5ed1-1821-4077-ba1e-b972dfa3233b","TCGA-73-4659-01A","cd0dc947-b708-464e-beb7-954c9d4583e7","TCGA-73-4659","Primary Tumor","tumor","58","Roswell Park","73",1,124642938,124612147,0.98138319309324,122292266.721064,-0.125767048483061,1.4890865070878,-5.93806814919555,6.85158072260108,22.2501375064914,-38.9050713164095,36.381854389761,0.0196329503461943,0.821317290409184
531,"TCGA-55-6969-01","64a45521-0494-45f6-b605-198e5c2c56ba","TCGA-55-6969-01A","d6e274a0-6425-437b-bc07-1225be7808d5","TCGA-55-6969","Primary Tumor","tumor","160","International Genomics Consortium","55",1,88286710,88223473,0.930570940765877,82098200.267243,-1.90241241757261,0.759850962513956,-65.0327216281092,-26.1030019919455,-57.3132529501414,-74.4300441317643,18.3111978661466,-5.32907051820075e-15,0.89350354099788
532,"TCGA-86-7701-01","b355e6c2-b427-40e7-92a6-2c8c942db86f","TCGA-86-7701-01A","a3f6bc1c-19ab-4eeb-a9ac-3d2fac850bde","TCGA-86-7701","Primary Tumor","tumor","196","Asterand","86",1,26705092,26690880,1.0610631765448,28320709.9175761,-1.29134680089622,1.43273712398111,-43.1222837873436,-10.7784154890635,-47.4871269373026,-74.9170601699387,58.0710692089731,-0.0301779874422667,1.06234770658448
533,"TCGA-49-4507-01","962f85ff-1f27-49e4-8c3d-798facea122f","TCGA-49-4507-01A","50b2c647-aecd-4c81-af22-0d8116593552","TCGA-49-4507","Primary Tumor","tumor","58","Johns Hopkins","49",1,92755804,92731578,0.775634689037252,71925828.6659637,-2.00125068972959,0.40880242934001,-103.898920829896,-29.2586869249353,23.5288040044017,15.2899098792487,54.2500865625142,-0.000267149538335287,1.60588922024263
534,"TCGA-67-6215-01","3ba5f6b9-6458-44e2-a0aa-b5c7e5fcd632","TCGA-67-6215-01A","dbd5b0de-94c9-45dd-afb3-6820a7ecaca2","TCGA-67-6215","Primary Tumor","tumor","119","St Joseph's Medical Center (MD)","67",1,88831715,88808640,0.898909362404255,79830917.958389,0.568020828105064,-1.14702251624269,-1.64555685969725,34.1496342577872,52.2751213542869,64.7283389981725,-11.3471378881293,0.0500654242652114,0.996444174978747
535,"TCGA-44-6147-01","43f5270a-f2f2-4dd9-83b5-486b805e35b8","TCGA-44-6147-01A","889aec8e-14ba-48d9-8fe1-f2416e82b333","TCGA-44-6147","Primary Tumor","tumor","119","Christiana Healthcare","44",1,48571818,48549767,1.18798901608698,57676589.929582,0.763431480149231,1.12766698921423,48.4437648791577,13.6022381140195,-68.8664356805488,-18.4479179529891,18.8085423612797,0.0187600968243327,0.823649575397502
536,"TCGA-NJ-A4YI-01","e7ed1627-7ec0-48f5-983d-09b1241c28ec","TCGA-NJ-A4YI-01A","2c03141e-a0bd-4e8d-91e4-9744d139ccce","TCGA-NJ-A4YI","Primary Tumor","tumor","278","Washington University - Rush University","NJ",1,36652763,36623716,1.06324811825454,38940097.1204885,-0.0557658397998108,-0.738608602985373,-0.398460107478578,57.6825514359417,3.24327704466707,60.3120422560566,-41.005183260363,0,1.16795917071524
537,"TCGA-05-4424-01","a4d06d63-8da9-4c3c-a75d-4079c2238aa8","TCGA-05-4424-01A","66763a0c-6cda-4832-a0cc-e7b496d78eaa","TCGA-05-4424","Primary Tumor","tumor","144","Indivumed","05",1,49463769,49415034,1.06130515144543,52444430.1430513,-0.313679258113442,0.682762252551576,0.728761957962049,-32.2399474655995,2.92906381356677,-51.0498834589778,-27.5867734017082,-0.000620557941595212,1.06143217324119
538,"TCGA-44-6148-11","ace83cb7-28bc-44ba-a600-8a6155e08a42","TCGA-44-6148-11A","8994c8c4-9ea0-46cb-b4a5-0055d7da5bfa","TCGA-44-6148","Solid Tissue Normal","normal","119","Christiana Healthcare","44",1,59255831,59231435,1.07734354141015,63812603.9457051,2.94773465923629,1.65339690503656,164.758492059609,4.32179274187242,-4.89327289966435,-56.6351613617177,-21.9516230047036,0.0194051875594202,1.0676935308295
539,"TCGA-95-7948-01","bf5d88da-2302-4b32-be0f-cc45638039c9","TCGA-95-7948-01A","a52e99d6-a61a-439d-b0b1-ca7a0eabcb04","TCGA-95-7948","Primary Tumor","tumor","204","Washington University - Emory","95",1,76705842,76664555,1.01153525320897,77548900.0540779,0.183601844417443,-0.962752226123922,-18.7987417527066,35.5244561364683,24.7535672512773,49.203226639214,-8.65289191911356,0.0413329738351315,1.2833990125379
540,"TCGA-05-4410-01","f8961f5c-e28b-44a2-8e4e-b5759fe2d849","TCGA-05-4410-01A","d28e465c-e553-4c53-8bb7-3d8199b9a8a5","TCGA-05-4410","Primary Tumor","tumor","144","Indivumed","05",1,33676413,33668505,0.988147424373086,33269446.4982424,-0.154709302067465,-0.535802240575879,0.847486981839845,-5.7681486323537,-51.5852095929697,24.1915323387982,8.95139463144661,-0.00493953931991697,0.978328932587195
541,"TCGA-91-6848-01","93b55ce3-3ab0-4bc1-b1a2-3f02b13dc7b0","TCGA-91-6848-01A","0232d299-4cdf-4fd7-9a5e-8d13c208b40c","TCGA-91-6848","Primary Tumor","tumor","160","ABS - IUPUI","91",1,32078779,32003824,1.14817162697966,36745882.6716507,-1.42389825717314,-0.285665416001024,-51.9211327001352,-116.532264699967,-31.7814076939523,-64.7403236552856,-60.1592597249844,-0.0371516937373417,1.32366334480359
542,"TCGA-49-4490-01","185bc9bd-1e20-467c-9c06-908c8aa27e7d","TCGA-49-4490-01A","6c3655ca-8ae7-4ad7-b3e4-0c3ec293fba7","TCGA-49-4490","Primary Tumor","tumor","144","Johns Hopkins","49",1,31408648,31397095,1.02898801760769,32307234.5426905,-0.572458688675928,0.115682128021465,-22.4516559930984,24.9318111069253,5.42295420733187,34.5666003888379,-16.5243598827387,0.0164112581561042,1.11512341078492
543,"TCGA-86-8668-01","826d2a46-4a89-4398-8a22-1ba7fefe4a7b","TCGA-86-8668-01A","f2d8b332-2f03-46e5-a9d5-f163972e5fa7","TCGA-86-8668","Primary Tumor","tumor","238","Asterand","86",1,34582341,34571498,1.07395795390568,37128335.2555345,0.967051183725708,-0.797552293042187,53.6386961916268,16.3807762387666,-53.0496516016013,20.2821992295061,-11.5448124284175,0.00604075383317593,1.03946036559987
544,"TCGA-62-A46P-01","cef2c059-5564-4d16-b57f-4bf83e2eeb95","TCGA-62-A46P-01A","0c59ff96-5e4a-4664-a0b1-d057b4725483","TCGA-62-A46P","Primary Tumor","tumor","258","Thoraxklinik at University Hospital Heidelberg","62",1,36538856,36527237,0.903711221850404,33010073.9800893,0.0598943639562928,0.855539314744467,-21.6115612810851,106.263881730428,34.3329562114186,0.165682585265325,64.4096144860516,-0.057696161621021,1.44684759688635
545,"TCGA-44-5645-11","feaf6024-f488-4636-bd99-7fd770cc3d15","TCGA-44-5645-11A","ddeacccf-0953-4952-8a4e-c2617f2e7bcc","TCGA-44-5645","Solid Tissue Normal","normal","84","Christiana Healthcare","44",1,53785362,53770108,0.999870929918177,53763167.8877608,3.36198298203342,0.430662975264513,162.185516442343,-8.71830920320989,22.1293515488796,-32.5546872337919,-21.5193228770325,0.0183136138062597,1.0005671223733
546,"TCGA-55-A48Z-01","24057913-52eb-4f50-a501-c11003b2356a","TCGA-55-A48Z-01A","16d3c1c1-cf3a-44b6-b564-8ae5464b243d","TCGA-55-A48Z","Primary Tumor","tumor","264","International Genomics Consortium","55",1,55201303,55180644,1.09668653817141,60515869.442429,-1.36793284441358,-0.941450297369825,-42.1784863001902,20.5191559449524,-74.6174271364395,22.3666784269596,-17.8829897135508,0.0145175300088399,0.998682477934841
547,"TCGA-44-3396-01","b560df97-986b-4a88-a0f1-c38a30080edb","TCGA-44-3396-01A","3bd6badb-27ff-4d8d-b206-4d28dc264862","TCGA-44-3396","Primary Tumor","tumor","58","Christiana Healthcare","44",1,123321700,123284272,0.988351903473869,121848244.89959,-1.40226652354714,-1.1944408790045,-41.4749444313168,-59.604079312287,-59.3818786797626,19.4359084702728,5.97149244208596,0.0294537469758271,0.844866963054944
548,"TCGA-55-6979-01","11e65f8b-4e48-42e7-a87c-bcf2538168c6","TCGA-55-6979-01A","5af499be-d2b9-4eaf-9a9f-435dccb51917","TCGA-55-6979","Primary Tumor","tumor","160","International Genomics Consortium","55",1,37660891,37648530,1.04922802261334,39501892.6861991,-0.729606573635784,-1.20173734112302,-19.6583975964324,-40.3487668278963,-68.965204554541,28.3297816373906,5.35535544976564,-0.00591248116261167,0.83214773959567
549,"TCGA-55-A490-01","2421f79c-fb83-46f6-9ae2-dd275575f568","TCGA-55-A490-01A","b89de053-d253-447f-952e-9a2edcf6bca5","TCGA-55-A490","Primary Tumor","tumor","258","International Genomics Consortium","55",1,56230975,56205080,0.830477081504261,46677030.8041135,-1.82117105198989,-1.03714741301187,-76.0203190446606,-0.373180200370121,-16.7441952146743,7.14592489577169,-32.568533449892,-0.0567353019839107,1.54489706249114
550,"TCGA-99-8028-01","a1733a18-9fe8-4fed-a8d4-0d9dea6cefba","TCGA-99-8028-01A","9759bf3a-74ff-433f-99bb-f9406f222ed2","TCGA-99-8028","Primary Tumor","tumor","213","Washington University - Alabama","99",1,73965694,73945437,0.86867938505217,64234876.740574,-0.244564496978941,-0.689872486571183,15.8174244617929,-32.7407000395014,-77.6880476931412,30.1216234447231,48.4749595470175,0.0405401158778539,0.971501506764748
551,"TCGA-95-7944-01","51206ca4-92c3-4fab-94a7-7f38aa4e0bee","TCGA-95-7944-01A","abab925c-bef3-4072-b9c4-40f808744593","TCGA-95-7944","Primary Tumor","tumor","204","Washington University - Emory","95",1,76895314,76867827,0.942843868909036,72474359.4033105,-1.72323179028703,-0.098798218272923,-60.6859108953325,-33.2131050217181,13.672473640819,-0.243983208556416,-31.6264776816126,-0.00872040761186899,1.23624960995947
552,"TCGA-55-6970-01","ce18c482-da4e-4166-a49c-29dc0bfb4472","TCGA-55-6970-01A","7cce924f-12a1-4895-9866-5d4b1869dde6","TCGA-55-6970","Primary Tumor","tumor","160","International Genomics Consortium","55",1,78480211,78466163,0.975898338376119,76574998.0904497,-0.219100801560073,0.195468066417525,-7.12617360019281,-33.5819957899616,28.8933796770654,-26.1932797908216,32.7087433637714,-0.00167991715954285,0.986410305294132
553,"TCGA-55-7570-01","ccfec92a-3843-4e73-9f83-746d9b2df60c","TCGA-55-7570-01A","ff07ea4b-4e50-410d-99d6-96a351dad7b1","TCGA-55-7570","Primary Tumor","tumor","166","International Genomics Consortium","55",1,56377578,56241983,1.09839914413918,61776145.9918905,-1.45756546231445,1.10485910941217,-97.8806465472095,5.3915353988515,24.0723419973925,-80.1474477519672,-33.8734508357577,0.012000788346332,1.4252780530203
554,"TCGA-55-A48X-01","9602a00c-a48d-455e-ab57-0e61414098fe","TCGA-55-A48X-01A","32d9935a-f5cd-43b3-88bd-09e6e2b9090d","TCGA-55-A48X","Primary Tumor","tumor","258","International Genomics Consortium","55",1,50862713,50843735,1.18791115610941,60397840.0247706,0.493485281870439,-0.312219869863516,33.7925573904298,27.5325280551109,-79.8536040890623,21.1806527583873,3.96877772796921,0.0305097297779648,0.850283935795239
555,"TCGA-55-6972-01","38c83b40-fba4-48d4-ad6e-93768cb6139f","TCGA-55-6972-01A","c4d1e105-28b7-48df-abef-fbe09782fdb2","TCGA-55-6972","Primary Tumor","tumor","160","International Genomics Consortium","55",1,27207464,27195644,0.968712268878896,26344754.0028627,0.578901158357714,0.387693435852973,-29.9518890296812,119.289369397617,140.060046332307,17.5998807897303,22.0857498075513,-0.00976688439423257,1.66259565305653
556,"TCGA-91-6836-11","baa41644-5248-4838-acc4-56d35c7a88ae","TCGA-91-6836-11A","0b31dbdf-0623-48e4-a0ec-017650dceda7","TCGA-91-6836","Solid Tissue Normal","normal","144","ABS - IUPUI","91",1,34039498,34028542,0.990231566036253,33696136.4345904,3.1955136353964,0.336596979057857,155.969318487222,-3.7968895865351,30.044403757285,-21.4828759856319,-22.7173735505961,-0.00245074032674197,0.969190099200974
557,"TCGA-50-6595-11","572aec4a-6aa4-4528-b994-885415e7eea2","TCGA-50-6595-11A","82476d2d-e403-4f6b-8dd6-cc84e3329478","TCGA-50-6595","Solid Tissue Normal","normal","144","University of Pittsburgh","50",1,70371140,70348966,1.00135925419734,70444588.1273141,3.38783931372214,0.376899609469062,166.786477385364,-11.1491948054288,25.9764424480852,-35.5561691288409,-40.251938686745,0.0117132022066173,1.00189398933632
558,"TCGA-86-6851-01","f8a79bdf-6b97-44be-9cf1-b51faeca5d63","TCGA-86-6851-01A","035c0b2b-c722-443b-8962-db4ee92c7532","TCGA-86-6851","Primary Tumor","tumor","160","Asterand","86",1,101792095,101756486,0.938352538446233,95483456.9414686,-1.24279871285919,-0.668671193637836,-27.372792852598,-7.32366415162338,-94.3558561730397,4.02667491662772,-17.638108979887,0.036984468494401,1.0122226754062
559,"TCGA-78-7535-01","c0a8c73c-35ba-4724-b13a-9a9986af36c0","TCGA-78-7535-01A","46592b7b-6968-42a6-83af-0917c9f4a9a5","TCGA-78-7535","Primary Tumor","tumor","183","Prince Charles Hospital","78",1,86534995,86511894,0.788481666536721,68213042.3563681,-0.253999043285501,-1.31464533039266,-43.3185512991047,61.6895130696164,36.4181162368855,92.0241964789183,-0.596496572653985,0,1.46360221631649
560,"TCGA-86-8055-01","a3bf3f65-7b44-4993-a126-c76870dbbbac","TCGA-86-8055-01A","34d8e84e-c3e1-417d-8b9b-8563d9fa0f8e","TCGA-86-8055","Primary Tumor","tumor","213","Asterand","86",1,77472981,77444137,1.07442794397858,83208144.8901056,-1.32628631619712,-0.0760271026388714,-32.0546417700967,-62.6632231120826,-34.6920808409234,-11.0611366171884,-22.8035709400166,0.0192611380969478,0.929355612584508
561,"TCGA-78-7153-01","f9e817fa-fc13-419f-9039-ee7422f0d10d","TCGA-78-7153-01A","c353f949-5f66-4a2c-b8f0-17be8bf19e0a","TCGA-78-7153","Primary Tumor","tumor","166","Prince Charles Hospital","78",1,51107670,51094269,0.838221408398543,42828310.122274,-0.63944305141309,1.0083559505091,-43.1350781110844,43.879203785422,54.2776808223019,-17.1284123232932,78.6703339726485,-0.0166455386590361,1.22881035392709
562,"TCGA-55-8302-01","97df724f-afe1-4db4-9563-853245093fbb","TCGA-55-8302-01A","807cc7d2-6e3b-4f2d-9531-0da994eeeada","TCGA-55-8302","Primary Tumor","tumor","232","International Genomics Consortium","55",1,46984035,46970723,1.01081682898064,47478797.2777881,-0.640669672157612,-1.1684854569721,-53.3686364363276,-1.48478452961366,-12.7791603646047,48.2713465708678,-33.069947240169,-0.0207394909425509,1.03144388283914
563,"TCGA-44-7659-01","43ab9d3a-9e4e-49a1-8044-280850a5cd7e","TCGA-44-7659-01A","b86b1616-20a2-4300-8daa-03dcc9938215","TCGA-44-7659","Primary Tumor","tumor","183","Christiana Healthcare","44",1,34402537,34388258,1.08916857704389,37454610.0328783,1.29761232069544,-0.134117183306968,46.565897476712,66.9997521745301,-22.7169364832579,37.1906565155726,13.1946888842625,-5.32907051820075e-15,1.01796908643015
564,"TCGA-MP-A4TC-01","a6db405d-97ac-4a86-880d-d81838caef14","TCGA-MP-A4TC-01A","99c35245-e1c8-4805-b7a5-f703bb506030","TCGA-MP-A4TC","Primary Tumor","tumor","264","Washington University - Mayo Clinic","MP",1,55548094,55534263,1.02493405696478,56918957.4771389,-1.31616945173267,-1.79786336955022,-44.954135257915,-30.2531695303435,-26.1726566006917,47.6324170824413,-29.1357337063411,-0.000750356603390623,0.906556912086207
565,"TCGA-86-7954-01","e63d9a32-593f-46e7-9d3b-866435cab585","TCGA-86-7954-01A","079ae0b3-b64b-4b8e-ab7d-225b8046568c","TCGA-86-7954","Primary Tumor","tumor","204","Asterand","86",1,88875129,88837983,1.11951797902536,99455719.1888489,-0.30937856161536,0.353451019839025,-14.9722680770089,10.0414792469995,-38.0157598736242,-6.9168780705751,-22.9278409846908,0.058309639216402,0.957485705822666
566,"TCGA-49-AAR3-01","07ab41e3-63a5-461b-9cf2-6bebc0e4d81e","TCGA-49-AAR3-01A","5813997a-d7dc-4f7c-8d4b-e979832168a9","TCGA-49-AAR3","Primary Tumor","tumor","423","Johns Hopkins","49",1,31993603,31981232,0.970613820690785,31041425.7819184,-1.93680196334349,-1.00034051552964,-69.1175483674889,-41.2554446134683,-57.2260164499691,24.0462010092112,-16.6685145677723,-5.32907051820075e-15,1.10338688612686
567,"TCGA-78-7167-01","e58e47db-7d0b-4ccc-8878-9b1e78e3b365","TCGA-78-7167-01A","fe3eeeb6-0db4-46d7-a020-55604d474c12","TCGA-78-7167","Primary Tumor","tumor","183","Prince Charles Hospital","78",1,91277907,91248337,0.955582355486502,87195300.8046861,0.195648281160914,1.05116103658036,3.028622121427,101.680526518228,51.7960962627834,-12.9832599253021,9.8520107276648,0.0384487393206094,1.15897285767823
568,"TCGA-44-2661-11","2a7da235-f069-4efa-ac35-649520b4dbb3","TCGA-44-2661-11A","f3501466-cf32-4866-b5fb-e94dd32341bc","TCGA-44-2661","Solid Tissue Normal","normal","52","Christiana Healthcare","44",1,57690480,57676751,0.953541107898795,54997153.0485429,2.73907954264304,-0.129021843724299,138.864700860244,-40.3633206005924,19.9896915253834,-22.9048070444081,-20.9306695995385,0.00482322741227059,0.953552319894172
569,"TCGA-75-7031-01","54984e66-1d2a-4a62-a5aa-847bc12e02fc","TCGA-75-7031-01A","4efc2dac-6330-4b7a-a529-a27285f5fc23","TCGA-75-7031","Primary Tumor","tumor","160","Ontario Institute for Cancer Research (OICR)","75",1,29809409,29795968,0.952452136874646,28379233.3918486,-0.367976399988127,1.57712040045387,-44.3439784525181,46.9278436093332,23.5361619752638,-50.0244199962422,37.069869177389,-0.0403031132954941,1.12046939244699
570,"TCGA-86-8281-01","fbb7751d-75ca-45aa-af13-ed5cfb01ef41","TCGA-86-8281-01A","5d7ec32a-049f-4997-9882-1b3ac157e02d","TCGA-86-8281","Primary Tumor","tumor","222","Asterand","86",1,72296258,72276787,0.999015059697907,72205598.6795779,-0.183672611333497,0.362030214600983,-4.60064646117124,49.6958268458105,33.1628742599565,-9.79519939530778,39.8494129594999,0.00135242126912311,0.954721713186923
571,"TCGA-55-8094-01","09656581-db34-4e6e-afe0-80666eb5fba6","TCGA-55-8094-01A","69584d55-18f7-4786-b3cc-cd528500be44","TCGA-55-8094","Primary Tumor","tumor","213","International Genomics Consortium","55",1,50722860,50689011,0.911213305732065,46188501.277599,-1.17772134157792,2.05596545751379,-104.300838116199,85.1876277574607,72.887931851202,-60.404717256862,-8.9427273752114,0.0263600553433094,1.47223681140228
572,"TCGA-62-8399-01","3c17efb2-ed6c-4c73-800c-a5d896d80372","TCGA-62-8399-01A","62380447-3b94-4e7c-823a-72dd7b4ccf3a","TCGA-62-8399","Primary Tumor","tumor","232","Thoraxklinik at University Hospital Heidelberg","62",1,61173600,61126376,1.08781280598541,66494054.5962795,-0.176610372883885,0.124334886822669,-15.015687892178,11.1464672597315,6.81319096299588,-28.4585306441103,-51.3804862569258,0.000588414787194624,1.18779978320414
573,"TCGA-91-6840-01","af744755-51eb-4daf-9029-5cf88730b1dc","TCGA-91-6840-01A","d5326429-9805-47f9-97b0-fbda658e3f01","TCGA-91-6840","Primary Tumor","tumor","160","ABS - IUPUI","91",1,33474088,33438927,1.11879377006223,37411263.2051656,-0.300424452108521,0.656961085531378,-12.3279480008422,19.6887025451579,-28.7687558624337,-50.8128982074037,-37.0726706480466,-0.00643535551682373,1.18181000550997
574,"TCGA-05-4390-01","c7f76210-d0f2-4fb8-80f1-35098dbe03de","TCGA-05-4390-01A","b8475929-2d9d-4909-bd62-59684a140bd7","TCGA-05-4390","Primary Tumor","tumor","119","Indivumed","05",1,39257922,39246873,0.951324730342698,37336520.8735191,-1.68179908151761,0.877119253879371,-86.1397126211912,0.438529446774142,11.9873843167039,-45.7881348265816,50.5251177696432,-0.0275266690226741,1.22974944465776
