provisional_source_id,title,authors_or_organization,year_or_date,doi,pmid,pmcid,openalex_id,other_persistent_identifier,source_type,discovery_search_event_ids,candidate_review_categories,peer_review_status,party_relationship,preliminary_relevance_flag,preliminary_relevance_rationale,venue_or_surface,work_type,provider_record_ids,raw_payload_paths,retraction_status,discovery_only_not_screening,assistance_mode
P2SRC_72BF07142BB67502C642,2015 American Thyroid Association Management Guidelines for Adult Patients with Thyroid Nodules and Differentiated Thyroid Cancer: The American Thyroid Association Guidelines Task Force on Thyroid Nodules and Differentiated Thyroid Cancer,Bryan R. Haugen; Erik K. Alexander; Keith C. Bible; Gerard M. Doherty; Susan J. Mandel; Yuri E. Nikiforov; Furio Pacini; Gregory W. Randolph; Anna M. Sawka; Martin Schlumberger; Kathryn G. Schuff; Steven I. Sherman; Julie Ann Sosa; David L. Steward; R. Michael Tuttle; Leonard Wartofsky,2015-10-14,10.1089/thy.2015.0020,26462967,,https://openalex.org/W2145150141,DOI:10.1089/thy.2015.0020,SCHOLARLY_RECORD,P2E1B_OPENALEX_11,CAT_04|CAT_05|CAT_06|CAT_07,UNRESOLVED_FROM_DISCOVERY_METADATA,UNRESOLVED_FROM_DISCOVERY_METADATA,POSSIBLY_RELEVANT,LIMITED_DISCOVERY_SIGNAL:CATEGORY_CONTEXT;EVENTS:1,Thyroid,article,https://openalex.org/W2145150141,outputs/phase_two/p2_e1_pilot_v0.1/search/raw_retrieval/p2e1b_openalex_11_works.json,FALSE,TRUE,AI_ASSISTED_DISCOVERY
P2SRC_2D7E2196EF664BB516B3,2015 ESC/ERS Guidelines for the diagnosis and treatment of pulmonary hypertension,Nazzareno Galiè; Marc Humbert; Jean-Luc Vachiéry; Simon Gibbs; Iréne Lang; Adam Torbicki; Gérald Simonneau; Andrew J. Peacock; Anton Vonk Noordegraaf; Maurice Beghetti; Hossein Ardeschir Ghofrani; Miguel Ángel Gómez Sánchez; Georg Hansmann; Walter Klepetko; Patrizio Lancellotti; Marco Matucci; Theresa McDonagh; Luc Piérard; Pedro T. Trindade; Maurizio Zompatori; Marius M. Hoeper; ESC Scientific Document Group; Victor Aboyans; Antonio Vaz Carneiro; Stephan Achenbach; Stefan Agewall; Yannick Allanore; Riccardo Asteggiano; Luigi Paolo Badano; Joan Albert Barberá; Hélène Bouvaist; Héctor Bueno; Robert A Byrne; Scipione Carerj; Graça Castro; Çetin Erol; Volkmar Falk; Christian Funck-Brentano; Matthias Gorenflo; John Granton; Bernard Iung; David G Kiely; Paulus Kirchhof; Barbro Kjellstrom; Ulf Landmesser; John Lekakis; Christos Lionis; Gregory Y H Lip; Stylianos E Orfanos; Myung H Park; Massimo F Piepoli; Piotr Ponikowski; Marie-Pierre Revel; David Rigau; Stephan Rosenkranz; Heinz Völler; Jose Luis Zamorano; Jose Luis Zamorano; Victor Aboyans; Stephan Achenbach; Stefan Agewall; Lina Badimon; Gonzalo Barón-Esquivias; Helmut Baumgartner; Jeroen J Bax; Héctor Bueno; Scipione Carerj; Veronica Dean; Çetin Erol; Donna Fitzsimons; Oliver Gaemperli; Paulus Kirchhof; Philippe Kolh; Patrizio Lancellotti; Gregory YH Lip; Petros Nihoyannopoulos; Massimo F Piepoli; Piotr Ponikowski; Marco Roffi; Adam Torbicki; Antonio Vaz Carneiro; Stephan Windecker; Sokol Myftiu; Diana Bonderman; Ibrahimov Firdovsi; Irina Lazareva; Michel De Pauw; Šekib Sokolovic; Vasil Velchev; Maja Cikeš; Josef Antoniou Moutiris; Pavel Jansa; Jens Erik Nielsen-Kudsk; Ly Anton; Pertti Jääskeläinen; Fabrice Bauer; Archil Chukhrukidze; Christian Opitz; George Giannakoulas; Kristóf Karlócai,2015-08-29,10.1093/eurheartj/ehv317,26320113,,https://openalex.org/W2161370807,DOI:10.1093/eurheartj/ehv317,SCHOLARLY_RECORD,P2E1B_OPENALEX_11,CAT_04|CAT_05|CAT_06|CAT_07,UNRESOLVED_FROM_DISCOVERY_METADATA,UNRESOLVED_FROM_DISCOVERY_METADATA,POSSIBLY_RELEVANT,LIMITED_DISCOVERY_SIGNAL:CATEGORY_CONTEXT;EVENTS:1,European Heart Journal,article,https://openalex.org/W2161370807,outputs/phase_two/p2_e1_pilot_v0.1/search/raw_retrieval/p2e1b_openalex_11_works.json,FALSE,TRUE,AI_ASSISTED_DISCOVERY
P2SRC_B7A5A33252C1C6B138F6,3D-Printed Microrobots: Translational Challenges,Sarabi MR; Karagoz AA; Yetisen AK; Tasoglu S,2023 May 23,10.3390/mi14061099,37374684,PMC10304471,,PMID:37374684,SCHOLARLY_RECORD,P2E1B_PUBMED_12,CAT_01|CAT_05|CAT_06,UNRESOLVED_FROM_DISCOVERY_METADATA,UNRESOLVED_FROM_DISCOVERY_METADATA,POSSIBLY_RELEVANT,LIMITED_DISCOVERY_SIGNAL:CATEGORY_CONTEXT;EVENTS:1,Micromachines,Journal Article,PMID:37374684,outputs/phase_two/p2_e1_pilot_v0.1/search/raw_retrieval/p2e1b_pubmed_12_esummary.json,UNRESOLVED_FROM_DISCOVERY_METADATA,TRUE,AI_ASSISTED_DISCOVERY
P2SRC_1C61A2EE30E0F7141BB3,4D printing for biomedical applications,Mandal A; Chatterjee K,2024 Mar 20,10.1039/d4tb00006d,38436200,,,PMID:38436200,SCHOLARLY_RECORD,P2E1B_PUBMED_12,CAT_01|CAT_05|CAT_06,UNRESOLVED_FROM_DISCOVERY_METADATA,UNRESOLVED_FROM_DISCOVERY_METADATA,POSSIBLY_RELEVANT,LIMITED_DISCOVERY_SIGNAL:CATEGORY_CONTEXT;EVENTS:1,Journal of materials chemistry. B,"Journal Article|Review|Research Support, Non-U.S. Gov't",PMID:38436200,outputs/phase_two/p2_e1_pilot_v0.1/search/raw_retrieval/p2e1b_pubmed_12_esummary.json,UNRESOLVED_FROM_DISCOVERY_METADATA,TRUE,AI_ASSISTED_DISCOVERY
P2SRC_3E2C8EA1F4775B2ADD11,[Acute analgesic effect of paracetamol in primary care: Incomplete evidence],Gougain M; Moreau A; Boussageon R; Pickering G; Gueyffier F,2017 Oct,10.1016/j.therap.2017.02.004,28457571,,,PMID:28457571,SCHOLARLY_RECORD,P2E1B_PUBMED_06,CAT_05|CAT_06,UNRESOLVED_FROM_DISCOVERY_METADATA,UNRESOLVED_FROM_DISCOVERY_METADATA,POSSIBLY_RELEVANT,LIMITED_DISCOVERY_SIGNAL:CATEGORY_CONTEXT;EVENTS:1,Therapie,Journal Article|Meta-Analysis|Review,PMID:28457571,outputs/phase_two/p2_e1_pilot_v0.1/search/raw_retrieval/p2e1b_pubmed_06_esummary.json,UNRESOLVED_FROM_DISCOVERY_METADATA,TRUE,AI_ASSISTED_DISCOVERY
P2SRC_585B0C18B8D280F19048,[Chronic stress and epigenetics. Relation between academic sciences and theology],Simon K,2012 Apr 8,10.1556/OH.2012.29347,22450141,,,PMID:22450141,SCHOLARLY_RECORD,P2E1B_PUBMED_11,CAT_04|CAT_05|CAT_06|CAT_07,UNRESOLVED_FROM_DISCOVERY_METADATA,UNRESOLVED_FROM_DISCOVERY_METADATA,POSSIBLY_RELEVANT,LIMITED_DISCOVERY_SIGNAL:CATEGORY_CONTEXT;EVENTS:1,Orvosi hetilap,English Abstract|Journal Article|Review,PMID:22450141,outputs/phase_two/p2_e1_pilot_v0.1/search/raw_retrieval/p2e1b_pubmed_11_esummary.json,UNRESOLVED_FROM_DISCOVERY_METADATA,TRUE,AI_ASSISTED_DISCOVERY
P2SRC_5CD4278F7C6098F824D6,[Frontier technologies and development trends of network pharmacology: a patent bibliometric analysis],Tao L; Ke ZP; Wang TJ; Wang ZZ; Cao L; Xiao W,2025 Jun,10.19540/j.cnki.cjcmm.20250410.701,40686175,,,PMID:40686175,SCHOLARLY_RECORD,P2E1B_PUBMED_14,CAT_01|CAT_07,UNRESOLVED_FROM_DISCOVERY_METADATA,UNRESOLVED_FROM_DISCOVERY_METADATA,POSSIBLY_RELEVANT,LIMITED_DISCOVERY_SIGNAL:CATEGORY_CONTEXT;EVENTS:1,Zhongguo Zhong yao za zhi = Zhongguo zhongyao zazhi = China journal of Chinese materia medica,English Abstract|Journal Article,PMID:40686175,outputs/phase_two/p2_e1_pilot_v0.1/search/raw_retrieval/p2e1b_pubmed_14_esummary.json,UNRESOLVED_FROM_DISCOVERY_METADATA,TRUE,AI_ASSISTED_DISCOVERY
P2SRC_48657FF3269A3610671C,[Neurology! Adieau? (Part 2)],Szirmai I,2010 May 30,,20648779,,,PMID:20648779,SCHOLARLY_RECORD,P2E1B_PUBMED_11,CAT_04|CAT_05|CAT_06|CAT_07,UNRESOLVED_FROM_DISCOVERY_METADATA,UNRESOLVED_FROM_DISCOVERY_METADATA,POSSIBLY_RELEVANT,LIMITED_DISCOVERY_SIGNAL:CATEGORY_CONTEXT;EVENTS:1,Ideggyogyaszati szemle,English Abstract|Journal Article|Review,PMID:20648779,outputs/phase_two/p2_e1_pilot_v0.1/search/raw_retrieval/p2e1b_pubmed_11_esummary.json,UNRESOLVED_FROM_DISCOVERY_METADATA,TRUE,AI_ASSISTED_DISCOVERY
P2SRC_A93AB889E84BDFB8BB8B,[The Next Frontier of Medical AI in Brain Tumor Care:From Prediction to Trust],Takahashi S; Kouno N; Takami H; Takahashi M; Hamamoto R,2026 Jul,10.11477/mf.030126030540040879,42604785,,,PMID:42604785,SCHOLARLY_RECORD,P2E1B_PUBMED_14,CAT_01|CAT_07,UNRESOLVED_FROM_DISCOVERY_METADATA,UNRESOLVED_FROM_DISCOVERY_METADATA,POSSIBLY_RELEVANT,LIMITED_DISCOVERY_SIGNAL:CATEGORY_CONTEXT;EVENTS:1,No shinkei geka. Neurological surgery,Journal Article|Review|English Abstract,PMID:42604785,outputs/phase_two/p2_e1_pilot_v0.1/search/raw_retrieval/p2e1b_pubmed_14_esummary.json,UNRESOLVED_FROM_DISCOVERY_METADATA,TRUE,AI_ASSISTED_DISCOVERY
P2SRC_8C1A1FBECCA4F439B612,A Bayesian machine learning approach for drug target identification using diverse data types,Neel S. Madhukar; Prashant K. Khade; Linda Huang; Kaitlyn Gayvert; Giuseppe Galletti; Martin Stogniew; Joshua E. Allen; Paraskevi Giannakakou; Olivier Elemento,2019-11-19,10.1038/s41467-019-12928-6,31745082,,https://openalex.org/W2989611985,DOI:10.1038/s41467-019-12928-6,SCHOLARLY_RECORD,P2E1B_OPENALEX_07,CAT_01|CAT_07,UNRESOLVED_FROM_DISCOVERY_METADATA,UNRESOLVED_FROM_DISCOVERY_METADATA,LIKELY_RELEVANT,DISCOVERY_KEYWORDS:drug target|machine learning;EVENTS:1,Nature Communications,article,https://openalex.org/W2989611985,outputs/phase_two/p2_e1_pilot_v0.1/search/raw_retrieval/p2e1b_openalex_07_works.json,FALSE,TRUE,AI_ASSISTED_DISCOVERY
P2SRC_7155779B4CD1C4879C3A,A Bayesian multivariate meta-analysis of prevalence data,Siegel L; Rudser K; Sutcliffe S; Markland A; Brubaker L; Gahagan S; Stapleton AE; Chu H,2020 Oct 15,10.1002/sim.8593,32510638,PMC7571488,,PMID:32510638,SCHOLARLY_RECORD,P2E1B_PUBMED_06,CAT_05|CAT_06,UNRESOLVED_FROM_DISCOVERY_METADATA,UNRESOLVED_FROM_DISCOVERY_METADATA,POSSIBLY_RELEVANT,LIMITED_DISCOVERY_SIGNAL:CATEGORY_CONTEXT;EVENTS:1,Statistics in medicine,"Journal Article|Meta-Analysis|Research Support, N.I.H., Extramural",PMID:32510638,outputs/phase_two/p2_e1_pilot_v0.1/search/raw_retrieval/p2e1b_pubmed_06_esummary.json,UNRESOLVED_FROM_DISCOVERY_METADATA,TRUE,AI_ASSISTED_DISCOVERY
P2SRC_C19FE95D8187CE50B84A,"A bibliometric analysis on discovering anti-quorum sensing agents against clinically relevant pathogens: current status, development, and future directions",Peng B; Li Y; Yin J; Ding W; Fazuo W; Xiao Z; Yin H,2023,10.3389/fmicb.2023.1297843,38098670,PMC10720721,,PMID:38098670,SCHOLARLY_RECORD,P2E1B_PUBMED_14,CAT_01|CAT_07,UNRESOLVED_FROM_DISCOVERY_METADATA,UNRESOLVED_FROM_DISCOVERY_METADATA,POSSIBLY_RELEVANT,LIMITED_DISCOVERY_SIGNAL:CATEGORY_CONTEXT;EVENTS:1,Frontiers in microbiology,Systematic Review|Journal Article,PMID:38098670,outputs/phase_two/p2_e1_pilot_v0.1/search/raw_retrieval/p2e1b_pubmed_14_esummary.json,UNRESOLVED_FROM_DISCOVERY_METADATA,TRUE,AI_ASSISTED_DISCOVERY
P2SRC_B6CDA05DF35A186A2C1D,A brave new world: the rise of agentic AI in rapid cycle RWE analytics,Lee WC; Mankin B; Hood D,2026 Jul,10.1080/14737167.2026.2690297,42296483,,,PMID:42296483,SCHOLARLY_RECORD,P2E1B_PUBMED_14,CAT_01|CAT_07,UNRESOLVED_FROM_DISCOVERY_METADATA,UNRESOLVED_FROM_DISCOVERY_METADATA,POSSIBLY_RELEVANT,LIMITED_DISCOVERY_SIGNAL:CATEGORY_CONTEXT;EVENTS:1,Expert review of pharmacoeconomics & outcomes research,Journal Article|Review,PMID:42296483,outputs/phase_two/p2_e1_pilot_v0.1/search/raw_retrieval/p2e1b_pubmed_14_esummary.json,UNRESOLVED_FROM_DISCOVERY_METADATA,TRUE,AI_ASSISTED_DISCOVERY
P2SRC_D00A00521AA1D0CBB71B,A comparison of multivariate and univariate meta-analysis,Du H,2026 Jun 19,10.3758/s13428-026-03072-3,42321546,,,PMID:42321546,SCHOLARLY_RECORD,P2E1B_PUBMED_06,CAT_05|CAT_06,UNRESOLVED_FROM_DISCOVERY_METADATA,UNRESOLVED_FROM_DISCOVERY_METADATA,POSSIBLY_RELEVANT,LIMITED_DISCOVERY_SIGNAL:CATEGORY_CONTEXT;EVENTS:1,Behavior research methods,Journal Article|Comparative Study,PMID:42321546,outputs/phase_two/p2_e1_pilot_v0.1/search/raw_retrieval/p2e1b_pubmed_06_esummary.json,UNRESOLVED_FROM_DISCOVERY_METADATA,TRUE,AI_ASSISTED_DISCOVERY
P2SRC_5C047A3A6802E61A22CD,A comprehensive clinically informed map of dependencies in cancer cells and framework for target prioritization,Pacini C; Duncan E; Gonçalves E; Gilbert J; Bhosle S; Horswell S; Karakoc E; Lightfoot H; Curry E; Muyas F; Bouaboula M; Pedamallu CS; Cortes-Ciriano I; Behan FM; Zalmas LP; Barthorpe A; Francies H; Rowley S; Pollard J; Beltrao P; Parts L; Iorio F; Garnett MJ,2024 Feb 12,10.1016/j.ccell.2023.12.016,38215750,,,PMID:38215750,SCHOLARLY_RECORD,P2E1B_PUBMED_01,CAT_01,UNRESOLVED_FROM_DISCOVERY_METADATA,UNRESOLVED_FROM_DISCOVERY_METADATA,POSSIBLY_RELEVANT,LIMITED_DISCOVERY_SIGNAL:target prioritization;EVENTS:1,Cancer cell,"Journal Article|Research Support, Non-U.S. Gov't",PMID:38215750,outputs/phase_two/p2_e1_pilot_v0.1/search/raw_retrieval/p2e1b_pubmed_01_esummary_retry.json,UNRESOLVED_FROM_DISCOVERY_METADATA,TRUE,AI_ASSISTED_DISCOVERY
P2SRC_5092EBA9F53923D18F42,"A Comprehensive Review of the Revolutionary Potential of Blockchain in Safe, Secure, and Sustainable Pharmaceutical Operations",Faiyazuddin M; Moharir K; Gholap AD; Christodoss PR; Choonara YE; Mnqiwu K; Sundaram G; Tahir M,2026 Apr,10.1007/s11095-026-04041-3,41888483,,,PMID:41888483,SCHOLARLY_RECORD,P2E1B_PUBMED_14,CAT_01|CAT_07,UNRESOLVED_FROM_DISCOVERY_METADATA,UNRESOLVED_FROM_DISCOVERY_METADATA,POSSIBLY_RELEVANT,LIMITED_DISCOVERY_SIGNAL:CATEGORY_CONTEXT;EVENTS:1,Pharmaceutical research,Journal Article|Systematic Review,PMID:41888483,outputs/phase_two/p2_e1_pilot_v0.1/search/raw_retrieval/p2e1b_pubmed_14_esummary.json,UNRESOLVED_FROM_DISCOVERY_METADATA,TRUE,AI_ASSISTED_DISCOVERY
P2SRC_368D0F77A4BD2570F453,A Comprehensive Survey on Automatic Knowledge Graph Construction,Lingfeng Zhong; Jia Wu; Qian Li; Hao Peng; Xindong Wu,2023-09-05,10.1145/3618295,,,https://openalex.org/W4386443326,DOI:10.1145/3618295,SCHOLARLY_RECORD,P2E1B_OPENALEX_03,CAT_01|CAT_03,UNRESOLVED_FROM_DISCOVERY_METADATA,UNRESOLVED_FROM_DISCOVERY_METADATA,POSSIBLY_RELEVANT,LIMITED_DISCOVERY_SIGNAL:knowledge graph;EVENTS:1,ACM Computing Surveys,article,https://openalex.org/W4386443326,outputs/phase_two/p2_e1_pilot_v0.1/search/raw_retrieval/p2e1b_openalex_03_works.json,FALSE,TRUE,AI_ASSISTED_DISCOVERY
P2SRC_90CD31CDF8F9A4EE3874,A Framework for Descriptive Epidemiology,Lesko CR; Fox MP; Edwards JK,2022 Nov 19,10.1093/aje/kwac115,35774001,PMC10144679,,PMID:35774001,SCHOLARLY_RECORD,P2E1B_PUBMED_09,CAT_05|CAT_06,UNRESOLVED_FROM_DISCOVERY_METADATA,UNRESOLVED_FROM_DISCOVERY_METADATA,POSSIBLY_RELEVANT,LIMITED_DISCOVERY_SIGNAL:CATEGORY_CONTEXT;EVENTS:1,American journal of epidemiology,"Journal Article|Research Support, N.I.H., Extramural",PMID:35774001,outputs/phase_two/p2_e1_pilot_v0.1/search/raw_retrieval/p2e1b_pubmed_09_esummary.json,UNRESOLVED_FROM_DISCOVERY_METADATA,TRUE,AI_ASSISTED_DISCOVERY
P2SRC_E66E25B3B3F38205F717,A framework for handling missing accelerometer outcome data in trials,Tackney MS; Cook DG; Stahl D; Ismail K; Williamson E; Carpenter J,2021 Jun 5,10.1186/s13063-021-05284-8,34090494,PMC8178870,,PMID:34090494,SCHOLARLY_RECORD,P2E1B_PUBMED_09,CAT_05|CAT_06,UNRESOLVED_FROM_DISCOVERY_METADATA,UNRESOLVED_FROM_DISCOVERY_METADATA,POSSIBLY_RELEVANT,LIMITED_DISCOVERY_SIGNAL:CATEGORY_CONTEXT;EVENTS:1,Trials,Journal Article,PMID:34090494,outputs/phase_two/p2_e1_pilot_v0.1/search/raw_retrieval/p2e1b_pubmed_09_esummary.json,UNRESOLVED_FROM_DISCOVERY_METADATA,TRUE,AI_ASSISTED_DISCOVERY
P2SRC_442777923840DD1DAC99,A general framework for estimating the relative pathogenicity of human genetic variants,Martin Kircher; Daniela Witten; Preti Jain; Brian J. O’Roak; Gregory M. Cooper; Jay Shendure,2014-02-02,10.1038/ng.2892,24487276,,https://openalex.org/W2160995259,DOI:10.1038/ng.2892,SCHOLARLY_RECORD,P2E1B_OPENALEX_09,CAT_05|CAT_06,UNRESOLVED_FROM_DISCOVERY_METADATA,UNRESOLVED_FROM_DISCOVERY_METADATA,POSSIBLY_RELEVANT,LIMITED_DISCOVERY_SIGNAL:CATEGORY_CONTEXT;EVENTS:1,Nature Genetics,article,https://openalex.org/W2160995259,outputs/phase_two/p2_e1_pilot_v0.1/search/raw_retrieval/p2e1b_openalex_09_works.json,FALSE,TRUE,AI_ASSISTED_DISCOVERY
P2SRC_2432DC6F6295AFEFED45,"A generative AI framework unifies human multi-omics to model aging, metabolic health, and intervention response",Chen J; Ren Y; Zhou Y; Wang Z; Mao K; Yu Z; Li J; Guo X; Xu H; Wang Y; Wang Y; Pang B; Liu H; Tang H; Han JJ,2026 Jun 2,10.1016/j.cmet.2026.03.014,42019500,,,PMID:42019500,SCHOLARLY_RECORD,P2E1B_PUBMED_09,CAT_05|CAT_06,UNRESOLVED_FROM_DISCOVERY_METADATA,UNRESOLVED_FROM_DISCOVERY_METADATA,POSSIBLY_RELEVANT,LIMITED_DISCOVERY_SIGNAL:CATEGORY_CONTEXT;EVENTS:1,Cell metabolism,Journal Article,PMID:42019500,outputs/phase_two/p2_e1_pilot_v0.1/search/raw_retrieval/p2e1b_pubmed_09_esummary.json,UNRESOLVED_FROM_DISCOVERY_METADATA,TRUE,AI_ASSISTED_DISCOVERY
P2SRC_562488327BC82BB9A614,A genetics-led approach defines the drug target landscape of 30 immune-related traits,Hai Fang; Hans Wolf; Bogdan Knezevic; Katie L. Burnham; Julie Osgood; Anna Sanniti; Alicia Lledó Lara; Silva Kasela; Stéphane De Cesco; Jörg K. Wegner; Lahiru Handunnetthi; Fiona E. McCann; Liye Chen; Takuya Sekine; Paul E. Brennan; Brian D. Marsden; David Damerell; Christopher A. O’Callaghan; C. Bountra; Paul Bowness; Yvonne Sundström; Lili Milani; Louise Berg; Hinrich W. H. Göhlmann; Pieter J. Peeters; Benjamin P. Fairfax; M. Sundström; Julian C. Knight,2019-06-28,10.1038/s41588-019-0456-1,31253980,,https://openalex.org/W2953945894,DOI:10.1038/s41588-019-0456-1,SCHOLARLY_RECORD,P2E1B_OPENALEX_01,CAT_01,UNRESOLVED_FROM_DISCOVERY_METADATA,UNRESOLVED_FROM_DISCOVERY_METADATA,POSSIBLY_RELEVANT,LIMITED_DISCOVERY_SIGNAL:drug target;EVENTS:1,Nature Genetics,article,https://openalex.org/W2953945894,outputs/phase_two/p2_e1_pilot_v0.1/search/raw_retrieval/p2e1b_openalex_01_works.json,FALSE,TRUE,AI_ASSISTED_DISCOVERY
P2SRC_631AD2E4BE482E2C75BA,A guide to systematic review and meta-analysis of prediction model performance,Thomas P. A. Debray; Johanna AAG Damen; Kym I E Snell; Joie Ensor; Lotty Hooft; Johannes B. Reitsma; Richard D Riley; Karel G.M. Moons,2017-01-05,10.1136/bmj.i6460,28057641,,https://openalex.org/W2570878489,DOI:10.1136/bmj.i6460,SCHOLARLY_RECORD,P2E1B_OPENALEX_13,CAT_03|CAT_05|CAT_06,UNRESOLVED_FROM_DISCOVERY_METADATA,UNRESOLVED_FROM_DISCOVERY_METADATA,POSSIBLY_RELEVANT,LIMITED_DISCOVERY_SIGNAL:CATEGORY_CONTEXT;EVENTS:1,BMJ,review,https://openalex.org/W2570878489,outputs/phase_two/p2_e1_pilot_v0.1/search/raw_retrieval/p2e1b_openalex_13_works.json,FALSE,TRUE,AI_ASSISTED_DISCOVERY
P2SRC_810FEA967D5289B3E350,A historical review of publication bias,Marks-Anglin A; Chen Y,2020 Nov,10.1002/jrsm.1452,32893970,,,PMID:32893970,SCHOLARLY_RECORD,P2E1B_PUBMED_06,CAT_05|CAT_06,UNRESOLVED_FROM_DISCOVERY_METADATA,UNRESOLVED_FROM_DISCOVERY_METADATA,POSSIBLY_RELEVANT,LIMITED_DISCOVERY_SIGNAL:CATEGORY_CONTEXT;EVENTS:1,Research synthesis methods,Journal Article|Review,PMID:32893970,outputs/phase_two/p2_e1_pilot_v0.1/search/raw_retrieval/p2e1b_pubmed_06_esummary.json,UNRESOLVED_FROM_DISCOVERY_METADATA,TRUE,AI_ASSISTED_DISCOVERY
P2SRC_031B39B2F4F80E87C8B0,A knowledge graph to interpret clinical proteomics data,Alberto Santos; Ana R. Colaço; Annelaura Bach Nielsen; Lili Niu; Maximilian T. Strauss; Philipp E. Geyer; Fabian Coscia; Nicolai J. Wewer Albrechtsen; Filip Mundt; Lars Juhl Jensen; Matthias Mann,2022-01-31,10.1038/s41587-021-01145-6,35102292,,https://openalex.org/W4210706440,DOI:10.1038/s41587-021-01145-6,SCHOLARLY_RECORD,P2E1B_OPENALEX_03|P2E1B_OPENALEX_10,CAT_01|CAT_03|CAT_04,UNRESOLVED_FROM_DISCOVERY_METADATA,UNRESOLVED_FROM_DISCOVERY_METADATA,LIKELY_RELEVANT,DISCOVERY_KEYWORDS:knowledge graph|machine learning;EVENTS:2,Nature Biotechnology,article,https://openalex.org/W4210706440,outputs/phase_two/p2_e1_pilot_v0.1/search/raw_retrieval/p2e1b_openalex_03_works.json|outputs/phase_two/p2_e1_pilot_v0.1/search/raw_retrieval/p2e1b_openalex_10_works.json,FALSE,TRUE,AI_ASSISTED_DISCOVERY
P2SRC_E459DF623ACDDAA205CA,A Knowledge Graph-Enhanced Tensor Factorisation Model for Discovering Drug Targets,Ye C; Swiers R; Bonner S; Barrett I,2022 Nov-Dec,10.1109/TCBB.2022.3197320,35939454,,,PMID:35939454,SCHOLARLY_RECORD,P2E1B_PUBMED_07,CAT_01|CAT_07,UNRESOLVED_FROM_DISCOVERY_METADATA,UNRESOLVED_FROM_DISCOVERY_METADATA,LIKELY_RELEVANT,DISCOVERY_KEYWORDS:drug target|knowledge graph;EVENTS:1,IEEE/ACM transactions on computational biology and bioinformatics,Journal Article,PMID:35939454,outputs/phase_two/p2_e1_pilot_v0.1/search/raw_retrieval/p2e1b_pubmed_07_esummary.json,UNRESOLVED_FROM_DISCOVERY_METADATA,TRUE,AI_ASSISTED_DISCOVERY
P2SRC_29030A2FBBD152CE6E53,A machine learning approach to predicting protein–ligand binding affinity with applications to molecular docking,Pedro J. Ballester; John B. O. Mitchell,2010-03-17,10.1093/bioinformatics/btq112,20236947,,https://openalex.org/W2148512505,DOI:10.1093/bioinformatics/btq112,SCHOLARLY_RECORD,P2E1B_OPENALEX_07,CAT_01|CAT_07,UNRESOLVED_FROM_DISCOVERY_METADATA,UNRESOLVED_FROM_DISCOVERY_METADATA,POSSIBLY_RELEVANT,LIMITED_DISCOVERY_SIGNAL:machine learning;EVENTS:1,Bioinformatics,article,https://openalex.org/W2148512505,outputs/phase_two/p2_e1_pilot_v0.1/search/raw_retrieval/p2e1b_openalex_07_works.json,FALSE,TRUE,AI_ASSISTED_DISCOVERY
P2SRC_20A7919176EB75F00A21,A Meta-Analysis of Global Urban Land Expansion,Karen C. Seto; Michail Fragkias; Burak Güneralp; Michael Reilly,2011-08-18,10.1371/journal.pone.0023777,21876770,,https://openalex.org/W2004056710,DOI:10.1371/journal.pone.0023777,SCHOLARLY_RECORD,P2E1B_OPENALEX_06,CAT_05|CAT_06,UNRESOLVED_FROM_DISCOVERY_METADATA,UNRESOLVED_FROM_DISCOVERY_METADATA,POSSIBLY_RELEVANT,LIMITED_DISCOVERY_SIGNAL:CATEGORY_CONTEXT;EVENTS:1,PLoS ONE,review,https://openalex.org/W2004056710,outputs/phase_two/p2_e1_pilot_v0.1/search/raw_retrieval/p2e1b_openalex_06_works.json,FALSE,TRUE,AI_ASSISTED_DISCOVERY
P2SRC_522BA002DC9E488D751C,A meta-analysis of heart rate variability and neuroimaging studies: Implications for heart rate variability as a marker of stress and health,Julian F. Thayer; Fredrik Åhs; Mats Fredrikson; John J. Sollers; Tor D. Wager,2011-12-11,10.1016/j.neubiorev.2011.11.009,22178086,,https://openalex.org/W2130111393,DOI:10.1016/j.neubiorev.2011.11.009,SCHOLARLY_RECORD,P2E1B_OPENALEX_06,CAT_05|CAT_06,UNRESOLVED_FROM_DISCOVERY_METADATA,UNRESOLVED_FROM_DISCOVERY_METADATA,POSSIBLY_RELEVANT,LIMITED_DISCOVERY_SIGNAL:CATEGORY_CONTEXT;EVENTS:1,Neuroscience & Biobehavioral Reviews,review,https://openalex.org/W2130111393,outputs/phase_two/p2_e1_pilot_v0.1/search/raw_retrieval/p2e1b_openalex_06_works.json,FALSE,TRUE,AI_ASSISTED_DISCOVERY
P2SRC_98F1F77CFCDA6823A2C0,A meta-analysis of work-family conflict and social support,French KA; Dumani S; Allen TD; Shockley KM,2018 Mar,10.1037/bul0000120,29239632,PMC5858956,,PMID:29239632,SCHOLARLY_RECORD,P2E1B_PUBMED_06,CAT_05|CAT_06,UNRESOLVED_FROM_DISCOVERY_METADATA,UNRESOLVED_FROM_DISCOVERY_METADATA,POSSIBLY_RELEVANT,LIMITED_DISCOVERY_SIGNAL:CATEGORY_CONTEXT;EVENTS:1,Psychological bulletin,"Journal Article|Meta-Analysis|Research Support, N.I.H., Extramural|Research Support, Non-U.S. Gov't",PMID:29239632,outputs/phase_two/p2_e1_pilot_v0.1/search/raw_retrieval/p2e1b_pubmed_06_esummary.json,UNRESOLVED_FROM_DISCOVERY_METADATA,TRUE,AI_ASSISTED_DISCOVERY
P2SRC_96BE0D9A8197D99EC294,"A meta-analysis on interparental conflict, parenting, and child adjustment in divorced families: Examining mediation using meta-analytic structural equation models",van Dijk R; van der Valk IE; Deković M; Branje S,2020 Jul,10.1016/j.cpr.2020.101861,32512420,,,PMID:32512420,SCHOLARLY_RECORD,P2E1B_PUBMED_06,CAT_05|CAT_06,UNRESOLVED_FROM_DISCOVERY_METADATA,UNRESOLVED_FROM_DISCOVERY_METADATA,POSSIBLY_RELEVANT,LIMITED_DISCOVERY_SIGNAL:CATEGORY_CONTEXT;EVENTS:1,Clinical psychology review,Journal Article|Meta-Analysis|Review,PMID:32512420,outputs/phase_two/p2_e1_pilot_v0.1/search/raw_retrieval/p2e1b_pubmed_06_esummary.json,UNRESOLVED_FROM_DISCOVERY_METADATA,TRUE,AI_ASSISTED_DISCOVERY
P2SRC_A2787A68C212CF8C2359,A network integration approach for drug-target interaction prediction and computational drug repositioning from heterogeneous information,Yunan Luo; Xinbin Zhao; Jingtian Zhou; Jinglin Yang; Yanqing Zhang; Wenhua Kuang; Jian Peng; Ligong Chen; Jianyang Zeng,2017-09-12,10.1038/s41467-017-00680-8,28924171,,https://openalex.org/W2753953057,DOI:10.1038/s41467-017-00680-8,SCHOLARLY_RECORD,P2E1B_OPENALEX_01,CAT_01,UNRESOLVED_FROM_DISCOVERY_METADATA,UNRESOLVED_FROM_DISCOVERY_METADATA,POSSIBLY_RELEVANT,LIMITED_DISCOVERY_SIGNAL:drug target;EVENTS:1,Nature Communications,article,https://openalex.org/W2753953057,outputs/phase_two/p2_e1_pilot_v0.1/search/raw_retrieval/p2e1b_openalex_01_works.json,FALSE,TRUE,AI_ASSISTED_DISCOVERY
P2SRC_C0BB254D306EABEA7306,A probabilistic knowledge graph for target identification,Liu C; Xiao K; Yu C; Lei Y; Lyu K; Tian T; Zhao D; Zhou F; Tang H; Zeng J,2024 Apr,10.1371/journal.pcbi.1011945,38578805,PMC11034645,,PMID:38578805,SCHOLARLY_RECORD,P2E1B_PUBMED_07,CAT_01|CAT_07,UNRESOLVED_FROM_DISCOVERY_METADATA,UNRESOLVED_FROM_DISCOVERY_METADATA,POSSIBLY_RELEVANT,LIMITED_DISCOVERY_SIGNAL:knowledge graph;EVENTS:1,PLoS computational biology,"Journal Article|Research Support, Non-U.S. Gov't",PMID:38578805,outputs/phase_two/p2_e1_pilot_v0.1/search/raw_retrieval/p2e1b_pubmed_07_esummary.json,UNRESOLVED_FROM_DISCOVERY_METADATA,TRUE,AI_ASSISTED_DISCOVERY
P2SRC_31597DA39430CD2E6EDF,A Realist Theory of Science,Roy Bhaskar,2013-01-28,10.4324/9780203090732,,,https://openalex.org/W2101234667,DOI:10.4324/9780203090732,SCHOLARLY_RECORD,P2E1B_OPENALEX_11,CAT_04|CAT_05|CAT_06|CAT_07,UNRESOLVED_FROM_DISCOVERY_METADATA,UNRESOLVED_FROM_DISCOVERY_METADATA,POSSIBLY_RELEVANT,LIMITED_DISCOVERY_SIGNAL:CATEGORY_CONTEXT;EVENTS:1,,book,https://openalex.org/W2101234667,outputs/phase_two/p2_e1_pilot_v0.1/search/raw_retrieval/p2e1b_openalex_11_works.json,FALSE,TRUE,AI_ASSISTED_DISCOVERY
P2SRC_5AD449F685A661FB7AC6,A review of biomedical datasets relating to drug discovery: a knowledge graph perspective,Stephen Bonner; Ian P. Barrett; Cheng Ye; Rowan Swiers; Ola Engkvist; Andreas Bender; Charles Tapley Hoyt; William L. Hamilton,2022-08-24,10.1093/bib/bbac404,36151740,,https://openalex.org/W3132689447,DOI:10.1093/bib/bbac404,SCHOLARLY_RECORD,P2E1B_OPENALEX_03,CAT_01|CAT_03,UNRESOLVED_FROM_DISCOVERY_METADATA,UNRESOLVED_FROM_DISCOVERY_METADATA,LIKELY_RELEVANT,DISCOVERY_KEYWORDS:knowledge graph|machine learning;EVENTS:1,Briefings in Bioinformatics,article,https://openalex.org/W3132689447,outputs/phase_two/p2_e1_pilot_v0.1/search/raw_retrieval/p2e1b_openalex_03_works.json,FALSE,TRUE,AI_ASSISTED_DISCOVERY
P2SRC_AC6762AED4003BFCC423,A Review of Clinical Translation of Inorganic Nanoparticles,Aaron C. Anselmo; Samir Mitragotri,2015-05-08,10.1208/s12248-015-9780-2,25956384,,https://openalex.org/W585675451,DOI:10.1208/s12248-015-9780-2,SCHOLARLY_RECORD,P2E1B_OPENALEX_12,CAT_01|CAT_05|CAT_06,UNRESOLVED_FROM_DISCOVERY_METADATA,UNRESOLVED_FROM_DISCOVERY_METADATA,POSSIBLY_RELEVANT,LIMITED_DISCOVERY_SIGNAL:CATEGORY_CONTEXT;EVENTS:1,The AAPS Journal,article,https://openalex.org/W585675451,outputs/phase_two/p2_e1_pilot_v0.1/search/raw_retrieval/p2e1b_openalex_12_works.json,FALSE,TRUE,AI_ASSISTED_DISCOVERY
P2SRC_308BE1E5799F2B68D143,A Review of the Role of Artificial Intelligence in Healthcare,Ahmed Al Kuwaiti; Khalid Nazer; Abdullah H. Alreedy; Shaher D AlShehri; Afnan Almuhanna; Arun Vijay Subbarayalu; Dhoha Al Muhanna; Fahad Al‐Muhanna,2023-06-05,10.3390/jpm13060951,37373940,,https://openalex.org/W4379470483,DOI:10.3390/jpm13060951,SCHOLARLY_RECORD,P2E1B_OPENALEX_14,CAT_01|CAT_07,UNRESOLVED_FROM_DISCOVERY_METADATA,UNRESOLVED_FROM_DISCOVERY_METADATA,POSSIBLY_RELEVANT,LIMITED_DISCOVERY_SIGNAL:artificial intelligence;EVENTS:1,Journal of Personalized Medicine,article,https://openalex.org/W4379470483,outputs/phase_two/p2_e1_pilot_v0.1/search/raw_retrieval/p2e1b_openalex_14_works.json,FALSE,TRUE,AI_ASSISTED_DISCOVERY
P2SRC_E11022240C60BBD7D6B6,A review on machine learning principles for multi-view biological data integration,Yifeng Li; Fang‐Xiang Wu; Alioune Ngom,2016-10-25,10.1093/bib/bbw113,28011753,,https://openalex.org/W2567080747,DOI:10.1093/bib/bbw113,SCHOLARLY_RECORD,P2E1B_OPENALEX_01,CAT_01,UNRESOLVED_FROM_DISCOVERY_METADATA,UNRESOLVED_FROM_DISCOVERY_METADATA,POSSIBLY_RELEVANT,LIMITED_DISCOVERY_SIGNAL:machine learning;EVENTS:1,Briefings in Bioinformatics,article,https://openalex.org/W2567080747,outputs/phase_two/p2_e1_pilot_v0.1/search/raw_retrieval/p2e1b_openalex_01_works.json,FALSE,TRUE,AI_ASSISTED_DISCOVERY
P2SRC_246AD786C01B3B55E04A,A Survey on Application of Knowledge Graph,Xiaohan Zou,2020-03-01,10.1088/1742-6596/1487/1/012016,,,https://openalex.org/W3015409108,DOI:10.1088/1742-6596/1487/1/012016,SCHOLARLY_RECORD,P2E1B_OPENALEX_03,CAT_01|CAT_03,UNRESOLVED_FROM_DISCOVERY_METADATA,UNRESOLVED_FROM_DISCOVERY_METADATA,POSSIBLY_RELEVANT,LIMITED_DISCOVERY_SIGNAL:knowledge graph;EVENTS:1,Journal of Physics Conference Series,conference-paper,https://openalex.org/W3015409108,outputs/phase_two/p2_e1_pilot_v0.1/search/raw_retrieval/p2e1b_openalex_03_works.json,FALSE,TRUE,AI_ASSISTED_DISCOVERY
P2SRC_203B3A3FE83F74E7E39E,"A Survey on Knowledge Graphs: Representation, Acquisition, and Applications",Shaoxiong Ji; Shirui Pan; Erik Cambria; Pekka Marttinen; Philip S. Yu,2021-04-26,10.1109/tnnls.2021.3070843,33900922,,https://openalex.org/W3003265726,DOI:10.1109/tnnls.2021.3070843,SCHOLARLY_RECORD,P2E1B_OPENALEX_03|P2E1B_OPENALEX_06|P2E1B_OPENALEX_09|P2E1B_OPENALEX_10,CAT_01|CAT_03|CAT_04|CAT_05|CAT_06,UNRESOLVED_FROM_DISCOVERY_METADATA,UNRESOLVED_FROM_DISCOVERY_METADATA,LIKELY_RELEVANT,DISCOVERY_KEYWORDS:knowledge graph;EVENTS:4,IEEE Transactions on Neural Networks and Learning Systems,article,https://openalex.org/W3003265726,outputs/phase_two/p2_e1_pilot_v0.1/search/raw_retrieval/p2e1b_openalex_03_works.json|outputs/phase_two/p2_e1_pilot_v0.1/search/raw_retrieval/p2e1b_openalex_06_works.json|outputs/phase_two/p2_e1_pilot_v0.1/search/raw_retrieval/p2e1b_openalex_09_works.json|outputs/phase_two/p2_e1_pilot_v0.1/search/raw_retrieval/p2e1b_openalex_10_works.json,FALSE,TRUE,AI_ASSISTED_DISCOVERY
P2SRC_8395A771DCF8EFD31CBD,A survey on large language model based autonomous agents,Lei Wang; Chen Ma; Xueyang Feng; Zeyu Zhang; Hao Yang; Jingsen Zhang; Zhiyuan Chen; Jiakai Tang; Xu Chen; Yankai Lin; Wayne Xin Zhao; Zhewei Wei; Ji-Rong Wen,2024-03-22,10.1007/s11704-024-40231-1,,,https://openalex.org/W4393065402,DOI:10.1007/s11704-024-40231-1,SCHOLARLY_RECORD,P2E1B_OPENALEX_14,CAT_01|CAT_07,UNRESOLVED_FROM_DISCOVERY_METADATA,UNRESOLVED_FROM_DISCOVERY_METADATA,POSSIBLY_RELEVANT,LIMITED_DISCOVERY_SIGNAL:large language model;EVENTS:1,Frontiers of Computer Science,article,https://openalex.org/W4393065402,outputs/phase_two/p2_e1_pilot_v0.1/search/raw_retrieval/p2e1b_openalex_14_works.json,FALSE,TRUE,AI_ASSISTED_DISCOVERY
P2SRC_1C7F0789F018470875B4,A survey on missing data in machine learning,Tlamelo Emmanuel; Thabiso Maupong; Dimane Mpoeleng; Thabo Semong; Banyatsang Mphago; Oteng Tabona,2021-10-27,10.1186/s40537-021-00516-9,34722113,,https://openalex.org/W3170657538,DOI:10.1186/s40537-021-00516-9,SCHOLARLY_RECORD,P2E1B_OPENALEX_09,CAT_05|CAT_06,UNRESOLVED_FROM_DISCOVERY_METADATA,UNRESOLVED_FROM_DISCOVERY_METADATA,LIKELY_RELEVANT,DISCOVERY_KEYWORDS:machine learning|missing data;EVENTS:1,Journal Of Big Data,article,https://openalex.org/W3170657538,outputs/phase_two/p2_e1_pilot_v0.1/search/raw_retrieval/p2e1b_openalex_09_works.json,FALSE,TRUE,AI_ASSISTED_DISCOVERY
P2SRC_3ABB97BD8911F1D1E7D3,A Synopsis of the Evidence for the Science and Clinical Management of Cardiovascular-Kidney-Metabolic (CKM) Syndrome: A Scientific Statement From the American Heart Association,Chiadi E. Ndumele; Ian J. Neeland; Katherine R. Tuttle; Sheryl L. Chow; Roy O. Mathew; Sadiya S. Khan; Josef Coresh; Carissa M. Baker‐Smith; Mercedes R. Carnethon; Jean‐Pierre Després; Jennifer E. Ho; Joshua J. Joseph; Walter N. Kernan; Amit Khera; Mikhail Kosiborod; Carolyn L. Lekavich; Eldrin F. Lewis; Kevin Bryan Lo; Bige Ozkan; Latha Palaniappan; Sonali S. Patel; Michael Pencina; Tiffany M. Powell‐Wiley; Laurence Sperling; Salim S. Virani; Jackson T. Wright; Radhika Rajgopal Singh; Mitchell S.V. Elkind; Janani Rangaswami,2023-10-09,10.1161/cir.0000000000001186,37807920,,https://openalex.org/W4387435427,DOI:10.1161/cir.0000000000001186,SCHOLARLY_RECORD,P2E1B_OPENALEX_11,CAT_04|CAT_05|CAT_06|CAT_07,UNRESOLVED_FROM_DISCOVERY_METADATA,UNRESOLVED_FROM_DISCOVERY_METADATA,POSSIBLY_RELEVANT,LIMITED_DISCOVERY_SIGNAL:CATEGORY_CONTEXT;EVENTS:1,Circulation,article,https://openalex.org/W4387435427,outputs/phase_two/p2_e1_pilot_v0.1/search/raw_retrieval/p2e1b_openalex_11_works.json,FALSE,TRUE,AI_ASSISTED_DISCOVERY
P2SRC_9CEFC3EBBBD588784036,A systematic exploration of unexploited genes for oxidative stress in Parkinson’s disease,Takayuki Suzuki; Hidemasa Bono,2024-08-17,10.1038/s41531-024-00776-1,39154038,,https://openalex.org/W4401665208,DOI:10.1038/s41531-024-00776-1,SCHOLARLY_RECORD,P2E1B_OPENALEX_02,CAT_01|CAT_02,UNRESOLVED_FROM_DISCOVERY_METADATA,UNRESOLVED_FROM_DISCOVERY_METADATA,LIKELY_RELEVANT,DISCOVERY_KEYWORDS:missing data|open targets;EVENTS:1,npj Parkinson s Disease,article,https://openalex.org/W4401665208,outputs/phase_two/p2_e1_pilot_v0.1/search/raw_retrieval/p2e1b_openalex_02_works.json,FALSE,TRUE,AI_ASSISTED_DISCOVERY
P2SRC_745CFFE0213C945725D6,A Systematic Pharmacology and In Vitro Study to Identify the Role of the Active Compounds of Achyranthes bidentata in the Treatment of Osteoarthritis,Zhenyuan Chen; Guangwen Wu; Ruoxi Zheng,2020-07-21,10.12659/msm.925545,32925869,,https://openalex.org/W3045392178,DOI:10.12659/msm.925545,SCHOLARLY_RECORD,P2E1B_OPENALEX_02,CAT_01|CAT_02,UNRESOLVED_FROM_DISCOVERY_METADATA,UNRESOLVED_FROM_DISCOVERY_METADATA,POSSIBLY_RELEVANT,LIMITED_DISCOVERY_SIGNAL:open targets;EVENTS:1,Medical Science Monitor,article,https://openalex.org/W3045392178,outputs/phase_two/p2_e1_pilot_v0.1/search/raw_retrieval/p2e1b_openalex_02_works.json,FALSE,TRUE,AI_ASSISTED_DISCOVERY
P2SRC_4D43B4E08DFDF4313FCB,A Systematic Review and Activation Likelihood Estimation Meta-Analysis of fMRI Studies on Sweet Taste in Humans,Roberts CA; Giesbrecht T; Fallon N; Thomas A; Mela DJ; Kirkham TC,2020 Jun 1,10.1093/jn/nxaa071,32271923,PMC7269728,,PMID:32271923,SCHOLARLY_RECORD,P2E1B_PUBMED_13,CAT_03|CAT_05|CAT_06,UNRESOLVED_FROM_DISCOVERY_METADATA,UNRESOLVED_FROM_DISCOVERY_METADATA,POSSIBLY_RELEVANT,LIMITED_DISCOVERY_SIGNAL:CATEGORY_CONTEXT;EVENTS:1,The Journal of nutrition,"Journal Article|Meta-Analysis|Research Support, Non-U.S. Gov't|Systematic Review",PMID:32271923,outputs/phase_two/p2_e1_pilot_v0.1/search/raw_retrieval/p2e1b_pubmed_13_esummary.json,UNRESOLVED_FROM_DISCOVERY_METADATA,TRUE,AI_ASSISTED_DISCOVERY
P2SRC_BB53641A239440A6320D,A Systematic Review and Meta-Analysis of Recovery in Schizophrenia,Erika Jääskeläinen; P. Juola; Noora Hirvonen; John J. McGrath; Sukanta Saha; Matti Isohanni; Juha Veijola; Jouko Miettunen,2012-11-20,10.1093/schbul/sbs130,23172003,,https://openalex.org/W2113487283,DOI:10.1093/schbul/sbs130,SCHOLARLY_RECORD,P2E1B_OPENALEX_08,CAT_01|CAT_05|CAT_06,UNRESOLVED_FROM_DISCOVERY_METADATA,UNRESOLVED_FROM_DISCOVERY_METADATA,POSSIBLY_RELEVANT,LIMITED_DISCOVERY_SIGNAL:CATEGORY_CONTEXT;EVENTS:1,Schizophrenia Bulletin,review,https://openalex.org/W2113487283,outputs/phase_two/p2_e1_pilot_v0.1/search/raw_retrieval/p2e1b_openalex_08_works.json,FALSE,TRUE,AI_ASSISTED_DISCOVERY
P2SRC_55F0E9AF853168F8D641,A systematic review of cardiac in-silico clinical trials,Rodero C; Baptiste TMG; Barrows RK; Keramati H; Sillett CP; Strocchi M; Lamata P; Niederer SA,2023 Jul 1,10.1088/2516-1091/acdc71,37360227,PMC10286106,,PMID:37360227,SCHOLARLY_RECORD,P2E1B_PUBMED_05,CAT_05,UNRESOLVED_FROM_DISCOVERY_METADATA,UNRESOLVED_FROM_DISCOVERY_METADATA,POSSIBLY_RELEVANT,LIMITED_DISCOVERY_SIGNAL:CATEGORY_CONTEXT;EVENTS:1,"Progress in biomedical engineering (Bristol, England)",Journal Article|Review,PMID:37360227,outputs/phase_two/p2_e1_pilot_v0.1/search/raw_retrieval/p2e1b_pubmed_05_esummary.json,UNRESOLVED_FROM_DISCOVERY_METADATA,TRUE,AI_ASSISTED_DISCOVERY
P2SRC_5548E006997224901837,A systematic review of evidence on the links between patient experience and clinical safety and effectiveness,Cathal Doyle; Laura Lennox; Derek Bell,2013-01-01,10.1136/bmjopen-2012-001570,23293244,,https://openalex.org/W2117278400,DOI:10.1136/bmjopen-2012-001570,SCHOLARLY_RECORD,P2E1B_OPENALEX_11,CAT_04|CAT_05|CAT_06|CAT_07,UNRESOLVED_FROM_DISCOVERY_METADATA,UNRESOLVED_FROM_DISCOVERY_METADATA,POSSIBLY_RELEVANT,LIMITED_DISCOVERY_SIGNAL:CATEGORY_CONTEXT;EVENTS:1,BMJ Open,review,https://openalex.org/W2117278400,outputs/phase_two/p2_e1_pilot_v0.1/search/raw_retrieval/p2e1b_openalex_11_works.json,FALSE,TRUE,AI_ASSISTED_DISCOVERY
P2SRC_D86982657A208A56E8E7,A Systematic Review of Healthcare Applications for Smartphones,Abu Saleh Mohammad Mosa; Illhoi Yoo; Lincoln Sheets,2012-07-10,10.1186/1472-6947-12-67,22781312,,https://openalex.org/W2168217134,DOI:10.1186/1472-6947-12-67,SCHOLARLY_RECORD,P2E1B_OPENALEX_05,CAT_05,UNRESOLVED_FROM_DISCOVERY_METADATA,UNRESOLVED_FROM_DISCOVERY_METADATA,POSSIBLY_RELEVANT,LIMITED_DISCOVERY_SIGNAL:CATEGORY_CONTEXT;EVENTS:1,BMC Medical Informatics and Decision Making,review,https://openalex.org/W2168217134,outputs/phase_two/p2_e1_pilot_v0.1/search/raw_retrieval/p2e1b_openalex_05_works.json,FALSE,TRUE,AI_ASSISTED_DISCOVERY
P2SRC_CEC9FBD0796417352FB9,A systematic review of structural equation modelling in nursing research,Sharif SP; Mostafiz I; Guptan V,2019 Sep 21,10.7748/nr.2018.e1577,30207432,,,PMID:30207432,SCHOLARLY_RECORD,P2E1B_PUBMED_05,CAT_05,UNRESOLVED_FROM_DISCOVERY_METADATA,UNRESOLVED_FROM_DISCOVERY_METADATA,LIKELY_OUT_OF_SCOPE,NO_TARGET_EVIDENCE_OR_REPRESENTATION_SIGNAL_IN_CAPTURED_METADATA,Nurse researcher,Journal Article|Systematic Review,PMID:30207432,outputs/phase_two/p2_e1_pilot_v0.1/search/raw_retrieval/p2e1b_pubmed_05_esummary.json,UNRESOLVED_FROM_DISCOVERY_METADATA,TRUE,AI_ASSISTED_DISCOVERY
P2SRC_E325D38981FC7CE11944,A Systematic Review of the Effectiveness of Safewards: Has Enthusiasm Exceeded Evidence?,Finch K; Lawrence D; Williams MO; Thompson AR; Hartwright C,2022 Feb,10.1080/01612840.2021.1967533,34534037,,,PMID:34534037,SCHOLARLY_RECORD,P2E1B_PUBMED_05,CAT_05,UNRESOLVED_FROM_DISCOVERY_METADATA,UNRESOLVED_FROM_DISCOVERY_METADATA,POSSIBLY_RELEVANT,LIMITED_DISCOVERY_SIGNAL:CATEGORY_CONTEXT;EVENTS:1,Issues in mental health nursing,Journal Article|Systematic Review,PMID:34534037,outputs/phase_two/p2_e1_pilot_v0.1/search/raw_retrieval/p2e1b_pubmed_05_esummary.json,UNRESOLVED_FROM_DISCOVERY_METADATA,TRUE,AI_ASSISTED_DISCOVERY
P2SRC_4798ABA28A0544EE986A,A unified drug–target interaction prediction framework based on knowledge graph and recommendation system,Qing Ye; Chang‐Yu Hsieh; Ziyi Yang; Yu Kang; Jiming Chen; Dongsheng Cao; Shibo He; Tingjun Hou,2021-11-22,10.1038/s41467-021-27137-3,34811351,,https://openalex.org/W3217681006,DOI:10.1038/s41467-021-27137-3,SCHOLARLY_RECORD,P2E1B_OPENALEX_03,CAT_01|CAT_03,UNRESOLVED_FROM_DISCOVERY_METADATA,UNRESOLVED_FROM_DISCOVERY_METADATA,LIKELY_RELEVANT,DISCOVERY_KEYWORDS:drug target|knowledge graph;EVENTS:1,Nature Communications,article,https://openalex.org/W3217681006,outputs/phase_two/p2_e1_pilot_v0.1/search/raw_retrieval/p2e1b_openalex_03_works.json,FALSE,TRUE,AI_ASSISTED_DISCOVERY
P2SRC_6CB9B89A389C445B2906,A Unified Framework on Generalizability of Clinical Prediction Models,Wan B; Caffo B; Vedula SS,2022,10.3389/frai.2022.872720,35573904,PMC9100692,,PMID:35573904,SCHOLARLY_RECORD,P2E1B_PUBMED_09,CAT_05|CAT_06,UNRESOLVED_FROM_DISCOVERY_METADATA,UNRESOLVED_FROM_DISCOVERY_METADATA,POSSIBLY_RELEVANT,LIMITED_DISCOVERY_SIGNAL:CATEGORY_CONTEXT;EVENTS:1,Frontiers in artificial intelligence,Journal Article|Review,PMID:35573904,outputs/phase_two/p2_e1_pilot_v0.1/search/raw_retrieval/p2e1b_pubmed_09_esummary.json,UNRESOLVED_FROM_DISCOVERY_METADATA,TRUE,AI_ASSISTED_DISCOVERY
P2SRC_760AB7A1B04BEC21B6E4,"A unified software framework for deriving, visualizing, and exploring abstraction networks for ontologies",Ochs C; Geller J; Perl Y; Musen MA,2016 Aug,10.1016/j.jbi.2016.06.008,27345947,PMC4987206,,PMID:27345947,SCHOLARLY_RECORD,P2E1B_PUBMED_10,CAT_01|CAT_03|CAT_04,UNRESOLVED_FROM_DISCOVERY_METADATA,UNRESOLVED_FROM_DISCOVERY_METADATA,POSSIBLY_RELEVANT,LIMITED_DISCOVERY_SIGNAL:CATEGORY_CONTEXT;EVENTS:1,Journal of biomedical informatics,Journal Article,PMID:27345947,outputs/phase_two/p2_e1_pilot_v0.1/search/raw_retrieval/p2e1b_pubmed_10_esummary.json,UNRESOLVED_FROM_DISCOVERY_METADATA,TRUE,AI_ASSISTED_DISCOVERY
P2SRC_9AC3AEA7D563443DCC60,Academic performance of children born preterm: a meta-analysis and meta-regression,E. Sabrina Twilhaar; Jorrit F. de Kieviet; Cornelieke S.H. Aarnoudse-Moens; Ruurd M. van Elburg; Jaap Oosterlaan,2017-08-28,10.1136/archdischild-2017-312916,28847871,,https://openalex.org/W2746186221,DOI:10.1136/archdischild-2017-312916,SCHOLARLY_RECORD,P2E1B_OPENALEX_08,CAT_01|CAT_05|CAT_06,UNRESOLVED_FROM_DISCOVERY_METADATA,UNRESOLVED_FROM_DISCOVERY_METADATA,POSSIBLY_RELEVANT,LIMITED_DISCOVERY_SIGNAL:CATEGORY_CONTEXT;EVENTS:1,Archives of Disease in Childhood Fetal & Neonatal,review,https://openalex.org/W2746186221,outputs/phase_two/p2_e1_pilot_v0.1/search/raw_retrieval/p2e1b_openalex_08_works.json,FALSE,TRUE,AI_ASSISTED_DISCOVERY
P2SRC_684FA193F7B4C06C5ABB,Accounting for not-at-random missingness through imputation stacking,Beesley LJ; Taylor JMG,2021 Nov 30,10.1002/sim.9174,34459011,PMC8595557,,PMID:34459011,SCHOLARLY_RECORD,P2E1B_PUBMED_09,CAT_05|CAT_06,UNRESOLVED_FROM_DISCOVERY_METADATA,UNRESOLVED_FROM_DISCOVERY_METADATA,POSSIBLY_RELEVANT,LIMITED_DISCOVERY_SIGNAL:CATEGORY_CONTEXT;EVENTS:1,Statistics in medicine,"Journal Article|Research Support, N.I.H., Extramural",PMID:34459011,outputs/phase_two/p2_e1_pilot_v0.1/search/raw_retrieval/p2e1b_pubmed_09_esummary.json,UNRESOLVED_FROM_DISCOVERY_METADATA,TRUE,AI_ASSISTED_DISCOVERY
P2SRC_E3B792B501DB8F98E1AF,Accounting for post-randomization variables in meta-analysis: A joint meta-regression approach,Lian Q; Zhang J; Hodges JS; Chen Y; Chu H,2023 Mar,10.1111/biom.13573,34587296,PMC8960477,,PMID:34587296,SCHOLARLY_RECORD,P2E1B_PUBMED_06,CAT_05|CAT_06,UNRESOLVED_FROM_DISCOVERY_METADATA,UNRESOLVED_FROM_DISCOVERY_METADATA,POSSIBLY_RELEVANT,LIMITED_DISCOVERY_SIGNAL:CATEGORY_CONTEXT;EVENTS:1,Biometrics,"Meta-Analysis|Journal Article|Research Support, N.I.H., Extramural",PMID:34587296,outputs/phase_two/p2_e1_pilot_v0.1/search/raw_retrieval/p2e1b_pubmed_06_esummary.json,UNRESOLVED_FROM_DISCOVERY_METADATA,TRUE,AI_ASSISTED_DISCOVERY
P2SRC_9B0F2F906C7DF9F7ED1C,Addressing missing data in real-world administrative health datasets,Lin J; De Silva AP; Falster M; Dobbins T; Chen Y; Zhang Z; Cao Y; Davidson PM,2026 Jun 16,10.1093/eurjcn/zvag018,41554108,,,PMID:41554108,SCHOLARLY_RECORD,P2E1B_PUBMED_09,CAT_05|CAT_06,UNRESOLVED_FROM_DISCOVERY_METADATA,UNRESOLVED_FROM_DISCOVERY_METADATA,POSSIBLY_RELEVANT,LIMITED_DISCOVERY_SIGNAL:missing data;EVENTS:1,European journal of cardiovascular nursing,Journal Article,PMID:41554108,outputs/phase_two/p2_e1_pilot_v0.1/search/raw_retrieval/p2e1b_pubmed_09_esummary.json,UNRESOLVED_FROM_DISCOVERY_METADATA,TRUE,AI_ASSISTED_DISCOVERY
P2SRC_7DD9C348487415C72FF9,Advancements on heparin-based hydrogel/scaffolds in biomedical and tissue engineering applications: Delivery carrier and pre-clinical implications,Mantry S; Das PK; Sankaraiah J; Panda S; Silakabattini K; Reddy Devireddy AK; Barik CS; Khalid M,2025 Jun 30,10.1016/j.ijpharm.2025.125733,40398669,,,PMID:40398669,SCHOLARLY_RECORD,P2E1B_PUBMED_10,CAT_01|CAT_03|CAT_04,UNRESOLVED_FROM_DISCOVERY_METADATA,UNRESOLVED_FROM_DISCOVERY_METADATA,POSSIBLY_RELEVANT,LIMITED_DISCOVERY_SIGNAL:CATEGORY_CONTEXT;EVENTS:1,International journal of pharmaceutics,Journal Article|Review,PMID:40398669,outputs/phase_two/p2_e1_pilot_v0.1/search/raw_retrieval/p2e1b_pubmed_10_esummary.json,UNRESOLVED_FROM_DISCOVERY_METADATA,TRUE,AI_ASSISTED_DISCOVERY
P2SRC_031F4B5E8279353E96EF,Advances and Challenges of Liposome Assisted Drug Delivery,Lisa Sercombe; Tejaswi Veerati; Fatemeh Moheimani; Sherry Y. Wu; Anil K. Sood; Susan Hua,2015-12-01,10.3389/fphar.2015.00286,26648870,PMC4664963,https://openalex.org/W2187976253,DOI:10.3389/fphar.2015.00286,SCHOLARLY_RECORD,P2E1B_OPENALEX_12|P2E1B_PUBMED_12,CAT_01|CAT_05|CAT_06,UNRESOLVED_FROM_DISCOVERY_METADATA,UNRESOLVED_FROM_DISCOVERY_METADATA,POSSIBLY_RELEVANT,LIMITED_DISCOVERY_SIGNAL:CATEGORY_CONTEXT;EVENTS:2,Frontiers in Pharmacology,article,PMID:26648870|https://openalex.org/W2187976253,outputs/phase_two/p2_e1_pilot_v0.1/search/raw_retrieval/p2e1b_openalex_12_works.json|outputs/phase_two/p2_e1_pilot_v0.1/search/raw_retrieval/p2e1b_pubmed_12_esummary.json,FALSE,TRUE,AI_ASSISTED_DISCOVERY
P2SRC_867E9ED0F2F3ACE5F48B,Advances in Integrated Multi-omics Analysis for Drug-Target Identification,Peiling Du; Rui Fan; Nana Zhang; Chenyuan Wu; Yingqian Zhang,2024-06-14,10.3390/biom14060692,38927095,,https://openalex.org/W4399671239,DOI:10.3390/biom14060692,SCHOLARLY_RECORD,P2E1B_OPENALEX_01,CAT_01,UNRESOLVED_FROM_DISCOVERY_METADATA,UNRESOLVED_FROM_DISCOVERY_METADATA,POSSIBLY_RELEVANT,LIMITED_DISCOVERY_SIGNAL:drug target;EVENTS:1,Biomolecules,article,https://openalex.org/W4399671239,outputs/phase_two/p2_e1_pilot_v0.1/search/raw_retrieval/p2e1b_openalex_01_works.json,FALSE,TRUE,AI_ASSISTED_DISCOVERY
P2SRC_CACDE1CB8F170A6A2274,Advances in liquid metals for biomedical applications,Junjie Yan; Yue Lü; Guojun Chen; Min Yang; Zhen Gu,2018-01-01,10.1039/c7cs00309a,29557433,,https://openalex.org/W2790775803,DOI:10.1039/c7cs00309a,SCHOLARLY_RECORD,P2E1B_OPENALEX_12,CAT_01|CAT_05|CAT_06,UNRESOLVED_FROM_DISCOVERY_METADATA,UNRESOLVED_FROM_DISCOVERY_METADATA,POSSIBLY_RELEVANT,LIMITED_DISCOVERY_SIGNAL:CATEGORY_CONTEXT;EVENTS:1,Chemical Society Reviews,article,https://openalex.org/W2790775803,outputs/phase_two/p2_e1_pilot_v0.1/search/raw_retrieval/p2e1b_openalex_12_works.json,FALSE,TRUE,AI_ASSISTED_DISCOVERY
P2SRC_E4F8190ED2D2D54D2A86,Advancing Chinese biomedical text mining with community challenges,Zong H; Wu R; Cha J; Feng W; Wu E; Li J; Shao A; Tao L; Li Z; Tang B; Shen B,2024 Sep,10.1016/j.jbi.2024.104716,39197732,,,PMID:39197732,SCHOLARLY_RECORD,P2E1B_PUBMED_03,CAT_01|CAT_03,UNRESOLVED_FROM_DISCOVERY_METADATA,UNRESOLVED_FROM_DISCOVERY_METADATA,POSSIBLY_RELEVANT,LIMITED_DISCOVERY_SIGNAL:CATEGORY_CONTEXT;EVENTS:1,Journal of biomedical informatics,"Journal Article|Review|Research Support, Non-U.S. Gov't",PMID:39197732,outputs/phase_two/p2_e1_pilot_v0.1/search/raw_retrieval/p2e1b_pubmed_03_esummary.json,UNRESOLVED_FROM_DISCOVERY_METADATA,TRUE,AI_ASSISTED_DISCOVERY
P2SRC_1E9E603B5161B7E3BB9C,Adverse Outcomes of Polypharmacy in Older People: Systematic Review of Reviews,Laurie E. Davies; Gemma Spiers; Andrew Kingston; Adam Todd; Joy Adamson; Barbara Hanratty,2020-01-08,10.1016/j.jamda.2019.10.022,31926797,,https://openalex.org/W3000114476,DOI:10.1016/j.jamda.2019.10.022,SCHOLARLY_RECORD,P2E1B_OPENALEX_13,CAT_03|CAT_05|CAT_06,UNRESOLVED_FROM_DISCOVERY_METADATA,UNRESOLVED_FROM_DISCOVERY_METADATA,POSSIBLY_RELEVANT,LIMITED_DISCOVERY_SIGNAL:CATEGORY_CONTEXT;EVENTS:1,Journal of the American Medical Directors Association,review,https://openalex.org/W3000114476,outputs/phase_two/p2_e1_pilot_v0.1/search/raw_retrieval/p2e1b_openalex_13_works.json,FALSE,TRUE,AI_ASSISTED_DISCOVERY
P2SRC_92B2C7EFE70EA89BF906,"AGA Institute Rapid Review of the Gastrointestinal and Liver Manifestations of COVID-19, Meta-Analysis of International Data, and Recommendations for the Consultative Management of Patients with COVID-19",Shahnaz Sultan; Osama Altayar; Shazia Mehmood Siddique; Perica Davitkov; Joseph D. Feuerstein; Joseph K. Lim; Yngve Falck–Ytter; Hashem B. El‐Serag,2020-05-11,10.1053/j.gastro.2020.05.001,32407808,,https://openalex.org/W3022504328,DOI:10.1053/j.gastro.2020.05.001,SCHOLARLY_RECORD,P2E1B_OPENALEX_08,CAT_01|CAT_05|CAT_06,UNRESOLVED_FROM_DISCOVERY_METADATA,UNRESOLVED_FROM_DISCOVERY_METADATA,POSSIBLY_RELEVANT,LIMITED_DISCOVERY_SIGNAL:CATEGORY_CONTEXT;EVENTS:1,Gastroenterology,review,https://openalex.org/W3022504328,outputs/phase_two/p2_e1_pilot_v0.1/search/raw_retrieval/p2e1b_openalex_08_works.json,FALSE,TRUE,AI_ASSISTED_DISCOVERY
P2SRC_6582B7C2B364ABBFA082,Age at onset and the outcomes of schizophrenia: A systematic review and meta‐analysis,Johanna Immonen; Erika Jääskeläinen; Hanna Korpela; Jouko Miettunen,2017-04-27,10.1111/eip.12412,28449199,,https://openalex.org/W2608194486,DOI:10.1111/eip.12412,SCHOLARLY_RECORD,P2E1B_OPENALEX_08,CAT_01|CAT_05|CAT_06,UNRESOLVED_FROM_DISCOVERY_METADATA,UNRESOLVED_FROM_DISCOVERY_METADATA,POSSIBLY_RELEVANT,LIMITED_DISCOVERY_SIGNAL:CATEGORY_CONTEXT;EVENTS:1,Early Intervention in Psychiatry,review,https://openalex.org/W2608194486,outputs/phase_two/p2_e1_pilot_v0.1/search/raw_retrieval/p2e1b_openalex_08_works.json,FALSE,TRUE,AI_ASSISTED_DISCOVERY
P2SRC_2043F13FF1199968FCD7,Ageing and heterogeneity regarding autism spectrum conditions: a protocol paper of an accelerated longitudinal study,Geurts HM; Agelink van Rentergem JA; Radhoe T; Torenvliet C; Van der Putten WJ; Groenman AP,2021 Mar 31,10.1136/bmjopen-2020-040943,33789848,PMC8016100,,PMID:33789848,SCHOLARLY_RECORD,P2E1B_PUBMED_08,CAT_01|CAT_05|CAT_06,UNRESOLVED_FROM_DISCOVERY_METADATA,UNRESOLVED_FROM_DISCOVERY_METADATA,POSSIBLY_RELEVANT,LIMITED_DISCOVERY_SIGNAL:CATEGORY_CONTEXT;EVENTS:1,BMJ open,"Journal Article|Research Support, Non-U.S. Gov't",PMID:33789848,outputs/phase_two/p2_e1_pilot_v0.1/search/raw_retrieval/p2e1b_pubmed_08_esummary.json,UNRESOLVED_FROM_DISCOVERY_METADATA,TRUE,AI_ASSISTED_DISCOVERY
P2SRC_78072A02693AF2496B88,Aggregation‐Induced Emission: The Whole Is More Brilliant than the Parts,Ju Mei; Yuning Hong; Jacky W. Y. Lam; Anjun Qin; Youhong Tang; Ben Zhong Tang,2014-06-30,10.1002/adma.201401356,24975272,,https://openalex.org/W1994724903,DOI:10.1002/adma.201401356,SCHOLARLY_RECORD,P2E1B_OPENALEX_10,CAT_01|CAT_03|CAT_04,UNRESOLVED_FROM_DISCOVERY_METADATA,UNRESOLVED_FROM_DISCOVERY_METADATA,POSSIBLY_RELEVANT,LIMITED_DISCOVERY_SIGNAL:CATEGORY_CONTEXT;EVENTS:1,Advanced Materials,article,https://openalex.org/W1994724903,outputs/phase_two/p2_e1_pilot_v0.1/search/raw_retrieval/p2e1b_openalex_10_works.json,FALSE,TRUE,AI_ASSISTED_DISCOVERY
P2SRC_5CDDBF8EC2401E10901B,Aging Atlas: a multi-omics database for aging biology,Guang‐Hui Liu; Yīmíng Bào; Jing Qu; Weiqi Zhang; Tāo Zhāng; Wang Kang; Fei Yang; Qianzhao Ji; Xiaoyu Jiang; Yingke Ma; Shuai Ma; Zunpeng Liu; Siyu Chen; Si Wang; Shuhui Sun; Lingling Geng; Kaowen Yan; Pengze Yan; Yanling Fan; Moshi Song; Jie Ren; Qiaoran Wang; Shanshan Yang; Yuanhan Yang; Muzhao Xiong; Chuqiang Liang; Lan‐Zhu Li; Tianling Cao; Jianli Hu; Ping Yang; Jiale Ping; Huifang Hu; Yandong Zheng; Guoqiang Sun; Jiaming Li; Lixiao Liu; Zhiran Zou; Yingjie Ding; Mingheng Li; Di Liu; Min Wang; Qianzhao Ji; Xiaoyan Sun; Cui Wang; Shijia Bi; Hezhen Shan; Xiao Zhuo,2020-09-30,10.1093/nar/gkaa894,33119753,,https://openalex.org/W3096294596,DOI:10.1093/nar/gkaa894,SCHOLARLY_RECORD,P2E1B_OPENALEX_01,CAT_01,UNRESOLVED_FROM_DISCOVERY_METADATA,UNRESOLVED_FROM_DISCOVERY_METADATA,LIKELY_OUT_OF_SCOPE,NO_TARGET_EVIDENCE_OR_REPRESENTATION_SIGNAL_IN_CAPTURED_METADATA,Nucleic Acids Research,article,https://openalex.org/W3096294596,outputs/phase_two/p2_e1_pilot_v0.1/search/raw_retrieval/p2e1b_openalex_01_works.json,FALSE,TRUE,AI_ASSISTED_DISCOVERY
P2SRC_748D80CBCFC8419B4CAF,AI-Assisted Pipeline for Dynamic Generation of Trustworthy Health Supplement Content at Scale,"Kefallinos, Dionysios; Alexandris, Georgios; Maras, Alexis; Chaidos, Panagiotis; Gomony, Manil Dev; Corporaal, Henk; Soudris, Dimitrios; Xydis, Sotirios",2018-10-11,10.4230/lipics.cosit.2022.18,,,https://openalex.org/W2896457183,DOI:10.4230/lipics.cosit.2022.18,SCHOLARLY_RECORD,P2E1B_OPENALEX_09,CAT_05|CAT_06,UNRESOLVED_FROM_DISCOVERY_METADATA,UNRESOLVED_FROM_DISCOVERY_METADATA,POSSIBLY_RELEVANT,LIMITED_DISCOVERY_SIGNAL:CATEGORY_CONTEXT;EVENTS:1,DROPS (Schloss Dagstuhl – Leibniz Center for Informatics),article,https://openalex.org/W2896457183,outputs/phase_two/p2_e1_pilot_v0.1/search/raw_retrieval/p2e1b_openalex_09_works.json,FALSE,TRUE,AI_ASSISTED_DISCOVERY
P2SRC_5F29A4EAFF1AA691976A,AI-driven drug design: a comprehensive review,Dong Z; Shou B; Chen J; Fang H; Wu S; Zhang Y; Wang C; Sun G; Wan Y,2026 Aug 25,10.1007/s10822-026-00923-1,42640361,,,PMID:42640361,SCHOLARLY_RECORD,P2E1B_PUBMED_14,CAT_01|CAT_07,UNRESOLVED_FROM_DISCOVERY_METADATA,UNRESOLVED_FROM_DISCOVERY_METADATA,POSSIBLY_RELEVANT,LIMITED_DISCOVERY_SIGNAL:CATEGORY_CONTEXT;EVENTS:1,Journal of computer-aided molecular design,Journal Article|Review,PMID:42640361,outputs/phase_two/p2_e1_pilot_v0.1/search/raw_retrieval/p2e1b_pubmed_14_esummary.json,UNRESOLVED_FROM_DISCOVERY_METADATA,TRUE,AI_ASSISTED_DISCOVERY
P2SRC_15780A8DE9A7B6EDF5B3,"AI-Powered Traditional Medicine Discovery: A Structured Narrative Review of ""AI""-Titled Studies",Shaodong C; Aslam MS; Huiqing L,2026 Jun 4,10.2174/0115680266470947260514050449,42260772,,,PMID:42260772,SCHOLARLY_RECORD,P2E1B_PUBMED_14,CAT_01|CAT_07,UNRESOLVED_FROM_DISCOVERY_METADATA,UNRESOLVED_FROM_DISCOVERY_METADATA,POSSIBLY_RELEVANT,LIMITED_DISCOVERY_SIGNAL:CATEGORY_CONTEXT;EVENTS:1,Current topics in medicinal chemistry,Journal Article,PMID:42260772,outputs/phase_two/p2_e1_pilot_v0.1/search/raw_retrieval/p2e1b_pubmed_14_esummary.json,UNRESOLVED_FROM_DISCOVERY_METADATA,TRUE,AI_ASSISTED_DISCOVERY
P2SRC_313D291FA4432B667696,Alpha-1 antitrypsin deficiency and Pi*S and Pi*Z SERPINA1 variants are associated with asthma exacerbations,Elena Martín-González; José María Hernández Pérez; José Antonio Pérez Pérez; Javier Pérez-García; Esther Herrera‐Luis; Ruperto González‐Pérez; Orelvis González-González; Elena Mederos‐Luis; Inmaculada Sánchez‐Machín; Paloma Poza‐Guedes; Olaia Sardón‐Prado; Paula Corcuera; María Jesús Cruz; Francisco Javier González‐Barcala; Carlos Martínez‐Rivera; Joaquim Mullol; Xavier Muñoz; José M. Olaguibel; Vicente Plaza; Santiago Quirce; Antonio Valero; J. Sastre; Javier Korta‐Murua; Victoria del Pozo; Fabián Lorenzo-Díaz; Jesús Villar; Maria Pino‐Yanes; Mario A. González Carracedo,2023-05-24,10.1016/j.pulmoe.2023.05.002,37236906,,https://openalex.org/W4378233960,DOI:10.1016/j.pulmoe.2023.05.002,SCHOLARLY_RECORD,P2E1B_OPENALEX_02|P2E1B_PUBMED_02,CAT_01|CAT_02,UNRESOLVED_FROM_DISCOVERY_METADATA,UNRESOLVED_FROM_DISCOVERY_METADATA,LIKELY_RELEVANT,DISCOVERY_KEYWORDS:open targets|therapeutic target;EVENTS:2,Pulmonology,article,PMID:37236906|https://openalex.org/W4378233960,outputs/phase_two/p2_e1_pilot_v0.1/search/raw_retrieval/p2e1b_openalex_02_works.json|outputs/phase_two/p2_e1_pilot_v0.1/search/raw_retrieval/p2e1b_pubmed_02_esummary.json,FALSE,TRUE,AI_ASSISTED_DISCOVERY
P2SRC_4E029711F21433F816EF,"AMSTAR 2: a critical appraisal tool for systematic reviews that include randomised or non-randomised studies of healthcare interventions, or both",Beverley Shea; Barnaby C Reeves; George A. Wells; Micere Thuku; Candyce Hamel; Julian Moran; David Moher; Peter Tugwell; Vivian Welch; Elizabeth Kristjansson; David Henry,2017-09-21,10.1136/bmj.j4008,28935701,,https://openalex.org/W2756578555,DOI:10.1136/bmj.j4008,SCHOLARLY_RECORD,P2E1B_OPENALEX_05,CAT_05,UNRESOLVED_FROM_DISCOVERY_METADATA,UNRESOLVED_FROM_DISCOVERY_METADATA,POSSIBLY_RELEVANT,LIMITED_DISCOVERY_SIGNAL:CATEGORY_CONTEXT;EVENTS:1,BMJ,review,https://openalex.org/W2756578555,outputs/phase_two/p2_e1_pilot_v0.1/search/raw_retrieval/p2e1b_openalex_05_works.json,FALSE,TRUE,AI_ASSISTED_DISCOVERY
P2SRC_86F3B4E0B680E39AF05E,An artificial intelligence accelerated virtual screening platform for drug discovery,Guangfeng Zhou; Domnița-Valeria Rusnac; Hahnbeom Park; Daniele Canzani; Hai M. Nguyen; Lance Stewart; Matthew F. Bush; Phuong T. Nguyen; Heike Wulff; Vladimir Yarov‐Yarovoy; Ning Zheng; Frank DiMaio,2024-09-05,10.1038/s41467-024-52061-7,39237523,,https://openalex.org/W4402273478,DOI:10.1038/s41467-024-52061-7,SCHOLARLY_RECORD,P2E1B_OPENALEX_14,CAT_01|CAT_07,UNRESOLVED_FROM_DISCOVERY_METADATA,UNRESOLVED_FROM_DISCOVERY_METADATA,POSSIBLY_RELEVANT,LIMITED_DISCOVERY_SIGNAL:artificial intelligence;EVENTS:1,Nature Communications,article,https://openalex.org/W4402273478,outputs/phase_two/p2_e1_pilot_v0.1/search/raw_retrieval/p2e1b_openalex_14_works.json,FALSE,TRUE,AI_ASSISTED_DISCOVERY
P2SRC_CDA55E2993D4F703064B,An Evidence-Grounded Research Assistant for Functional Genomics and Drug Target Assessment,Sokolova K; Kosenkov D; Nallamotu K; Vedula S; Sokolov D; Sapiro G; Troyanskaya OG,2025 Dec 31,10.64898/2025.12.30.697073,41502944,PMC12773016,,PMID:41502944,SCHOLARLY_RECORD,P2E1B_PUBMED_14,CAT_01|CAT_07,UNRESOLVED_FROM_DISCOVERY_METADATA,UNRESOLVED_FROM_DISCOVERY_METADATA,POSSIBLY_RELEVANT,LIMITED_DISCOVERY_SIGNAL:drug target;EVENTS:1,bioRxiv : the preprint server for biology,Journal Article|Preprint,PMID:41502944,outputs/phase_two/p2_e1_pilot_v0.1/search/raw_retrieval/p2e1b_pubmed_14_esummary.json,UNRESOLVED_FROM_DISCOVERY_METADATA,TRUE,AI_ASSISTED_DISCOVERY
P2SRC_3A63461CAB1272EF5175,An integrated encyclopedia of DNA elements in the human genome,Ian Dunham; Ewan Birney; Javier Herrero; Steven P. Wilder; Damian Keefe; Kathryn Beal; Paul Flicek; Nathan Johnson; Daniel Sobral; Anshul Kundaje; Serafim Batzoglou; Nadine Hussami; Sofia Kyriazopoulou-Panagiotopoulou; Max W. Libbrecht; Marc A. Schaub; Shelley F. Aldred; Patrick Collins; Nathan D. Trinklein; Carrie A. Davis; Felix Schlesinger; T Gingeras; Alex Dobin; Wei Lin; Chenghai Xue; Chris Zaleski; Michael T. Baer; Philippe Batut; Kimberly Bell; Sudipto Chakrabortty; Jörg Drenkow; Megan Fastuca; Kata Fejes-Toth; Assaf Gordon; Sonali Jha; Jonathan Preall; Kimberly Presaud; Lei-Hoon See; Huaien Wang; Gregory J. Hannon; Francis Doyle; Scott A. Tenenbaum; Charles B. Epstein; Noam Shoresh; B Bernstein; Tarjei S. Mikkelsen; Alon Goren; Oren Ram; Xiaolan Zhang; Li Wang; Robbyn Issner; Michael J. Coyne; Timothy Durham; Manching Ku; Thanh Truong; Seth Frietze; Peggy Farnham; Heather Witt; Jennifer Harrow; Timothy J. Hubbard; Felix Kokocinski; Bronwen Aken; Daniel Barrell; Gemma Barson; Andrew Berry; Alexandra Bignell; Veronika Boychenko; Claire Davidson; Gloria Despacio-Reyes; Adam Frankish; James Gilbert; José M. González; Ed Griffiths; Toby Hunt; Mike Kay; Jane Loveland; Deepa Manthravadi; Jonathan Mudge; Gaurab Mukherjee; Gary Saunders; Stephen Searle; Catherine Snow; Charlie Steward; Electra Tapanari; Laurens Wilming; Amonida Zadissa; Rajinder Kaul; Jainab Khatun; Morgan C. Giddings; John Wrobel; Brian A. Risk; Bryan R. Lajoie; Amartya Sanyal; Job Dekker; Gaurav Jain; Stephen G. Landt; M Snyder; Nick Addleman; Keith Bettinger; Alan P. Boyle; Philip Cayting,2012-09-01,10.1038/nature11247,22955616,,https://openalex.org/W2259938310,DOI:10.1038/nature11247,SCHOLARLY_RECORD,P2E1B_OPENALEX_10|P2E1B_OPENALEX_11,CAT_01|CAT_03|CAT_04|CAT_05|CAT_06|CAT_07,UNRESOLVED_FROM_DISCOVERY_METADATA,UNRESOLVED_FROM_DISCOVERY_METADATA,POSSIBLY_RELEVANT,LIMITED_DISCOVERY_SIGNAL:CATEGORY_CONTEXT;EVENTS:2,Nature,article,https://openalex.org/W2259938310,outputs/phase_two/p2_e1_pilot_v0.1/search/raw_retrieval/p2e1b_openalex_10_works.json|outputs/phase_two/p2_e1_pilot_v0.1/search/raw_retrieval/p2e1b_openalex_11_works.json,FALSE,TRUE,AI_ASSISTED_DISCOVERY
P2SRC_838A4BE56BADAA130679,An ontology approach to comparative phenomics in plants,Oellrich A; Walls RL; Cannon EK; Cannon SB; Cooper L; Gardiner J; Gkoutos GV; Harper L; He M; Hoehndorf R; Jaiswal P; Kalberer SR; Lloyd JP; Meinke D; Menda N; Moore L; Nelson RT; Pujar A; Lawrence CJ; Huala E,2015,10.1186/s13007-015-0053-y,25774204,PMC4359497,,PMID:25774204,SCHOLARLY_RECORD,P2E1B_PUBMED_08,CAT_01|CAT_05|CAT_06,UNRESOLVED_FROM_DISCOVERY_METADATA,UNRESOLVED_FROM_DISCOVERY_METADATA,POSSIBLY_RELEVANT,LIMITED_DISCOVERY_SIGNAL:CATEGORY_CONTEXT;EVENTS:1,Plant methods,Journal Article,PMID:25774204,outputs/phase_two/p2_e1_pilot_v0.1/search/raw_retrieval/p2e1b_pubmed_08_esummary.json,UNRESOLVED_FROM_DISCOVERY_METADATA,TRUE,AI_ASSISTED_DISCOVERY
P2SRC_D221E7D79B8C862851B7,"An RNA-Sequencing Transcriptome and Splicing Database of Glia, Neurons, and Vascular Cells of the Cerebral Cortex",Ye Zhang; Kenian Chen; Steven A. Sloan; Mariko L. Bennett; Anja R. Scholze; Sean O’Keeffe; Hemali Phatnani; Paolo Guarnieri; Christine Caneda; Nadine Ruderisch; Shuyun Deng; Shane A. Liddelow; Chaolin Zhang; Richard Daneman; Tom Maniatis; Ben A. Barres; Jia Qian Wu,2014-09-03,10.1523/jneurosci.1860-14.2014,25186741,,https://openalex.org/W2054275187,DOI:10.1523/jneurosci.1860-14.2014,SCHOLARLY_RECORD,P2E1B_OPENALEX_04,CAT_04,UNRESOLVED_FROM_DISCOVERY_METADATA,UNRESOLVED_FROM_DISCOVERY_METADATA,LIKELY_OUT_OF_SCOPE,NO_TARGET_EVIDENCE_OR_REPRESENTATION_SIGNAL_IN_CAPTURED_METADATA,Journal of Neuroscience,article,https://openalex.org/W2054275187,outputs/phase_two/p2_e1_pilot_v0.1/search/raw_retrieval/p2e1b_openalex_04_works.json,FALSE,TRUE,AI_ASSISTED_DISCOVERY
P2SRC_54CA57BB7CD2282100F7,Analysis of Missingness Scenarios for Observational Health Data,Zamanian A; von Kleist H; Ciora OA; Piperno M; Lancho G; Ahmidi N,2024 May 11,10.3390/jpm14050514,38793096,PMC11122060,,PMID:38793096,SCHOLARLY_RECORD,P2E1B_PUBMED_09,CAT_05|CAT_06,UNRESOLVED_FROM_DISCOVERY_METADATA,UNRESOLVED_FROM_DISCOVERY_METADATA,POSSIBLY_RELEVANT,LIMITED_DISCOVERY_SIGNAL:CATEGORY_CONTEXT;EVENTS:1,Journal of personalized medicine,Journal Article,PMID:38793096,outputs/phase_two/p2_e1_pilot_v0.1/search/raw_retrieval/p2e1b_pubmed_09_esummary.json,UNRESOLVED_FROM_DISCOVERY_METADATA,TRUE,AI_ASSISTED_DISCOVERY
P2SRC_649C80C05D30B392C822,Announcing the Biomedical Data Translator: Initial Public Release,Fecho K; Glusman G; Baranzini SE; Bizon C; Brush M; Byrd W; Chung L; Crouse A; Deutsch E; Dumontier M; Foksinska A; Hadlock J; He K; Huang S; Hubal R; Hyde GM; Israni S; Kenmogne K; Koslicki D; Marcette JD; Mathe EA; Mesbah A; Moxon SAT; Mungall CJ; Osborne J; Pasfield C; Qin G; Ramsey SA; Reese J; Roach JC; Rose R; Soman K; Su AI; Ta C; Vaidya G; Weber R; Wei Q; Williams M; Wu C; Xu C; Yakaboski C; Biomedical Data Translator Consortium,2025 Jul,10.1111/cts.70284,40635371,PMC12241707,,PMID:40635371,SCHOLARLY_RECORD,P2E1B_PUBMED_04,CAT_04,UNRESOLVED_FROM_DISCOVERY_METADATA,UNRESOLVED_FROM_DISCOVERY_METADATA,POSSIBLY_RELEVANT,LIMITED_DISCOVERY_SIGNAL:CATEGORY_CONTEXT;EVENTS:1,Clinical and translational science,"Journal Article|Review|Research Support, Non-U.S. Gov't",PMID:40635371,outputs/phase_two/p2_e1_pilot_v0.1/search/raw_retrieval/p2e1b_pubmed_04_esummary.json,UNRESOLVED_FROM_DISCOVERY_METADATA,TRUE,AI_ASSISTED_DISCOVERY
P2SRC_300E0B05B754275CB665,Answering complex hierarchy questions in network meta-analysis,Papakonstantinou T; Salanti G; Mavridis D; Rücker G; Schwarzer G; Nikolakopoulou A,2022 Feb 17,10.1186/s12874-021-01488-3,35176997,PMC8855601,,PMID:35176997,SCHOLARLY_RECORD,P2E1B_PUBMED_06,CAT_05|CAT_06,UNRESOLVED_FROM_DISCOVERY_METADATA,UNRESOLVED_FROM_DISCOVERY_METADATA,POSSIBLY_RELEVANT,LIMITED_DISCOVERY_SIGNAL:CATEGORY_CONTEXT;EVENTS:1,BMC medical research methodology,"Journal Article|Research Support, Non-U.S. Gov't|Network Meta-Analysis",PMID:35176997,outputs/phase_two/p2_e1_pilot_v0.1/search/raw_retrieval/p2e1b_pubmed_06_esummary.json,UNRESOLVED_FROM_DISCOVERY_METADATA,TRUE,AI_ASSISTED_DISCOVERY
P2SRC_7E4D491919B53C407C2E,"AnthraxKP: a knowledge graph-based, Anthrax Knowledge Portal mined from biomedical literature",Feng B; Gao J,2022 Jun 2,10.1093/database/baac037,35653350,PMC9216567,,PMID:35653350,SCHOLARLY_RECORD,P2E1B_PUBMED_03,CAT_01|CAT_03,UNRESOLVED_FROM_DISCOVERY_METADATA,UNRESOLVED_FROM_DISCOVERY_METADATA,POSSIBLY_RELEVANT,LIMITED_DISCOVERY_SIGNAL:knowledge graph;EVENTS:1,Database : the journal of biological databases and curation,"Journal Article|Research Support, Non-U.S. Gov't",PMID:35653350,outputs/phase_two/p2_e1_pilot_v0.1/search/raw_retrieval/p2e1b_pubmed_03_esummary.json,UNRESOLVED_FROM_DISCOVERY_METADATA,TRUE,AI_ASSISTED_DISCOVERY
P2SRC_16FE366BE16618B4BBAE,"Antibiotics and fecal transfaunation differentially affect microbiota recovery, associations, and antibiotic resistance in lemur guts",Bornbusch SL; Harris RL; Grebe NM; Roche K; Dimac-Stohl K; Drea CM,2021 Oct 1,10.1186/s42523-021-00126-z,34598739,PMC8485508,,PMID:34598739,SCHOLARLY_RECORD,P2E1B_PUBMED_08,CAT_01|CAT_05|CAT_06,UNRESOLVED_FROM_DISCOVERY_METADATA,UNRESOLVED_FROM_DISCOVERY_METADATA,POSSIBLY_RELEVANT,LIMITED_DISCOVERY_SIGNAL:CATEGORY_CONTEXT;EVENTS:1,Animal microbiome,Journal Article,PMID:34598739,outputs/phase_two/p2_e1_pilot_v0.1/search/raw_retrieval/p2e1b_pubmed_08_esummary.json,UNRESOLVED_FROM_DISCOVERY_METADATA,TRUE,AI_ASSISTED_DISCOVERY
P2SRC_407C4D087628FF299055,Antidepressant efficacy of agomelatine: meta-analysis of published and unpublished studies,David Taylor; Anna Sparshatt; Sanskriti Varma; Olubanke Olofinjana,2014-03-19,10.1136/bmj.g1888,24647162,,https://openalex.org/W2068597369,DOI:10.1136/bmj.g1888,SCHOLARLY_RECORD,P2E1B_OPENALEX_08,CAT_01|CAT_05|CAT_06,UNRESOLVED_FROM_DISCOVERY_METADATA,UNRESOLVED_FROM_DISCOVERY_METADATA,POSSIBLY_RELEVANT,LIMITED_DISCOVERY_SIGNAL:CATEGORY_CONTEXT;EVENTS:1,BMJ,review,https://openalex.org/W2068597369,outputs/phase_two/p2_e1_pilot_v0.1/search/raw_retrieval/p2e1b_openalex_08_works.json,FALSE,TRUE,AI_ASSISTED_DISCOVERY
P2SRC_8FB3F9BAA9723D0FE66B,Antipodal Video-Based Estimation of Absolute 3D Motion for In-Home Spatio-Temporal Gait Parameter Assessment,Yu J; Xie H; A L; Wang W,2026 Jul 16,10.1109/TBME.2026.3713677,42461738,,,PMID:42461738,SCHOLARLY_RECORD,P2E1B_PUBMED_08,CAT_01|CAT_05|CAT_06,UNRESOLVED_FROM_DISCOVERY_METADATA,UNRESOLVED_FROM_DISCOVERY_METADATA,POSSIBLY_RELEVANT,LIMITED_DISCOVERY_SIGNAL:CATEGORY_CONTEXT;EVENTS:1,IEEE transactions on bio-medical engineering,Journal Article,PMID:42461738,outputs/phase_two/p2_e1_pilot_v0.1/search/raw_retrieval/p2e1b_pubmed_08_esummary.json,UNRESOLVED_FROM_DISCOVERY_METADATA,TRUE,AI_ASSISTED_DISCOVERY
P2SRC_10C0E13FCBCD44D9BBDF,Application of artificial intelligence large language models in drug target discovery,Liu X; Zhang J; Wang X; Teng M; Wang G; Zhou X,2025,10.3389/fphar.2025.1597351,40697660,PMC12279696,,PMID:40697660,SCHOLARLY_RECORD,P2E1B_PUBMED_07,CAT_01|CAT_07,UNRESOLVED_FROM_DISCOVERY_METADATA,UNRESOLVED_FROM_DISCOVERY_METADATA,LIKELY_RELEVANT,DISCOVERY_KEYWORDS:artificial intelligence|drug target|large language model;EVENTS:1,Frontiers in pharmacology,Journal Article|Review,PMID:40697660,outputs/phase_two/p2_e1_pilot_v0.1/search/raw_retrieval/p2e1b_pubmed_07_esummary.json,UNRESOLVED_FROM_DISCOVERY_METADATA,TRUE,AI_ASSISTED_DISCOVERY
P2SRC_0285736596506C961786,Application of Multiple Omics to Understand Postoperative Delirium Pathophysiology in Humans,Vasunilashorn SM; Dillon ST; Marcantonio ER; Libermann TA,2023,10.1159/000533789,37722373,PMC10711777,,PMID:37722373,SCHOLARLY_RECORD,P2E1B_PUBMED_07,CAT_01|CAT_07,UNRESOLVED_FROM_DISCOVERY_METADATA,UNRESOLVED_FROM_DISCOVERY_METADATA,POSSIBLY_RELEVANT,LIMITED_DISCOVERY_SIGNAL:CATEGORY_CONTEXT;EVENTS:1,Gerontology,"Journal Article|Review|Research Support, N.I.H., Extramural|Research Support, Non-U.S. Gov't",PMID:37722373,outputs/phase_two/p2_e1_pilot_v0.1/search/raw_retrieval/p2e1b_pubmed_07_esummary.json,UNRESOLVED_FROM_DISCOVERY_METADATA,TRUE,AI_ASSISTED_DISCOVERY
P2SRC_AF226EDC891FC7645DC4,Application of text mining in the biomedical domain,Fleuren WW; Alkema W,2015 Mar,10.1016/j.ymeth.2015.01.015,25641519,,,PMID:25641519,SCHOLARLY_RECORD,P2E1B_PUBMED_07,CAT_01|CAT_07,UNRESOLVED_FROM_DISCOVERY_METADATA,UNRESOLVED_FROM_DISCOVERY_METADATA,POSSIBLY_RELEVANT,LIMITED_DISCOVERY_SIGNAL:CATEGORY_CONTEXT;EVENTS:1,"Methods (San Diego, Calif.)",Journal Article|Review,PMID:25641519,outputs/phase_two/p2_e1_pilot_v0.1/search/raw_retrieval/p2e1b_pubmed_07_esummary.json,UNRESOLVED_FROM_DISCOVERY_METADATA,TRUE,AI_ASSISTED_DISCOVERY
P2SRC_A0AEE11DE49C942C931E,Applications of Artificial Intelligence (AI) in healthcare: A review,Mohammed Yousef Shaheen,2021-09-25,10.14293/s2199-1006.1.sor-.ppvry8k.v1,,,https://openalex.org/W3202819594,DOI:10.14293/s2199-1006.1.sor-.ppvry8k.v1,SCHOLARLY_RECORD,P2E1B_OPENALEX_07,CAT_01|CAT_07,UNRESOLVED_FROM_DISCOVERY_METADATA,UNRESOLVED_FROM_DISCOVERY_METADATA,POSSIBLY_RELEVANT,LIMITED_DISCOVERY_SIGNAL:artificial intelligence;EVENTS:1,,preprint,https://openalex.org/W3202819594,outputs/phase_two/p2_e1_pilot_v0.1/search/raw_retrieval/p2e1b_openalex_07_works.json,FALSE,TRUE,AI_ASSISTED_DISCOVERY
P2SRC_A85AB8C1E4BD3E5D6CE7,Applications of multi‐omics analysis in human diseases,Chongyang Chen; Jing Wang; Donghui Pan; Xinyu Wang; Yuping Xu; Junjie Yan; Lizhen Wang; Xifei Yang; Min Yang; Gong‐Ping Liu,2023-07-31,10.1002/mco2.315,37533767,PMC10390758,https://openalex.org/W4385459199,DOI:10.1002/mco2.315,SCHOLARLY_RECORD,P2E1B_OPENALEX_01|P2E1B_PUBMED_01,CAT_01,UNRESOLVED_FROM_DISCOVERY_METADATA,UNRESOLVED_FROM_DISCOVERY_METADATA,LIKELY_RELEVANT,DISCOVERY_KEYWORDS:drug target|machine learning;EVENTS:2,MedComm,article,PMID:37533767|https://openalex.org/W4385459199,outputs/phase_two/p2_e1_pilot_v0.1/search/raw_retrieval/p2e1b_openalex_01_works.json|outputs/phase_two/p2_e1_pilot_v0.1/search/raw_retrieval/p2e1b_pubmed_01_esummary_retry.json,FALSE,TRUE,AI_ASSISTED_DISCOVERY
P2SRC_39EEB90ACC04E93BE6BC,Argument‐Driven Inquiry as a way to help students learn how to participate in scientific argumentation and craft written arguments: An exploratory study,Victor Sampson; Jonathon Grooms; Joi P. Walker,2010-10-11,10.1002/sce.20421,,,https://openalex.org/W2021579314,DOI:10.1002/sce.20421,SCHOLARLY_RECORD,P2E1B_OPENALEX_11,CAT_04|CAT_05|CAT_06|CAT_07,UNRESOLVED_FROM_DISCOVERY_METADATA,UNRESOLVED_FROM_DISCOVERY_METADATA,POSSIBLY_RELEVANT,LIMITED_DISCOVERY_SIGNAL:CATEGORY_CONTEXT;EVENTS:1,Science Education,article,https://openalex.org/W2021579314,outputs/phase_two/p2_e1_pilot_v0.1/search/raw_retrieval/p2e1b_openalex_11_works.json,FALSE,TRUE,AI_ASSISTED_DISCOVERY
P2SRC_7105CA9407C743ED576D,Artificial Hallucinations in ChatGPT: Implications in Scientific Writing,Hussam Alkaissi; Samy I. McFarlane,2023-02-19,10.7759/cureus.35179,36811129,,https://openalex.org/W4321351832,DOI:10.7759/cureus.35179,SCHOLARLY_RECORD,P2E1B_OPENALEX_11,CAT_04|CAT_05|CAT_06|CAT_07,UNRESOLVED_FROM_DISCOVERY_METADATA,UNRESOLVED_FROM_DISCOVERY_METADATA,POSSIBLY_RELEVANT,LIMITED_DISCOVERY_SIGNAL:CATEGORY_CONTEXT;EVENTS:1,Cureus,article,https://openalex.org/W4321351832,outputs/phase_two/p2_e1_pilot_v0.1/search/raw_retrieval/p2e1b_openalex_11_works.json,FALSE,TRUE,AI_ASSISTED_DISCOVERY
P2SRC_4221AC01ED784D6E2311,Artificial Intelligence (AI) Applications in Drug Discovery and Drug Delivery: Revolutionizing Personalized Medicine,Dolores R. Serrano; Francis C. Luciano; Brayan J. Anaya; Baris Öngoren; Aytug Kara; Gracia Molina; Bianca I. Ramirez; Sergio A. Sánchez-Guirales; JJ Martínez Simón; Greta Tomietto; Chrysi Rapti; Helga K. Ruiz; Satyavati Rawat; Dinesh Kumar; Aikaterini Lalatsa,2024-10-14,10.3390/pharmaceutics16101328,39458657,,https://openalex.org/W4403402994,DOI:10.3390/pharmaceutics16101328,SCHOLARLY_RECORD,P2E1B_OPENALEX_07,CAT_01|CAT_07,UNRESOLVED_FROM_DISCOVERY_METADATA,UNRESOLVED_FROM_DISCOVERY_METADATA,LIKELY_RELEVANT,DISCOVERY_KEYWORDS:artificial intelligence|machine learning;EVENTS:1,Pharmaceutics,article,https://openalex.org/W4403402994,outputs/phase_two/p2_e1_pilot_v0.1/search/raw_retrieval/p2e1b_openalex_07_works.json,FALSE,TRUE,AI_ASSISTED_DISCOVERY
P2SRC_5A0C027A9B618A8DF229,Artificial intelligence alphafold model for molecular biology and drug discovery: a machine-learning-driven informatics investigation,Guo SB; Meng Y; Lin L; Zhou ZZ; Li HL; Tian XP; Huang WJ,2024 Oct 5,10.1186/s12943-024-02140-6,39369244,PMC11452995,,PMID:39369244,SCHOLARLY_RECORD,P2E1B_PUBMED_14,CAT_01|CAT_07,UNRESOLVED_FROM_DISCOVERY_METADATA,UNRESOLVED_FROM_DISCOVERY_METADATA,LIKELY_RELEVANT,DISCOVERY_KEYWORDS:artificial intelligence|machine learning;EVENTS:1,Molecular cancer,Journal Article,PMID:39369244,outputs/phase_two/p2_e1_pilot_v0.1/search/raw_retrieval/p2e1b_pubmed_14_esummary.json,UNRESOLVED_FROM_DISCOVERY_METADATA,TRUE,AI_ASSISTED_DISCOVERY
P2SRC_16738942A3979A93FE8C,Artificial Intelligence and Internet of Things Integration in Pharmaceutical Manufacturing: A Smart Synergy,Kodumuru R; Sarkar S; Parepally V; Chandarana J,2025 Feb 22,10.3390/pharmaceutics17030290,40142954,PMC11944607,,PMID:40142954,SCHOLARLY_RECORD,P2E1B_PUBMED_14,CAT_01|CAT_07,UNRESOLVED_FROM_DISCOVERY_METADATA,UNRESOLVED_FROM_DISCOVERY_METADATA,POSSIBLY_RELEVANT,LIMITED_DISCOVERY_SIGNAL:artificial intelligence;EVENTS:1,Pharmaceutics,Journal Article|Review,PMID:40142954,outputs/phase_two/p2_e1_pilot_v0.1/search/raw_retrieval/p2e1b_pubmed_14_esummary.json,UNRESOLVED_FROM_DISCOVERY_METADATA,TRUE,AI_ASSISTED_DISCOVERY
P2SRC_62841724ED6C2625FA60,Artificial intelligence and machine learning approaches for drug design: challenges and opportunities for the pharmaceutical industries,Chandrabose Selvaraj; Ishwar Chandra; Sanjeev Kumar Singh,2021-10-23,10.1007/s11030-021-10326-z,34686947,,https://openalex.org/W3206508404,DOI:10.1007/s11030-021-10326-z,SCHOLARLY_RECORD,P2E1B_OPENALEX_07,CAT_01|CAT_07,UNRESOLVED_FROM_DISCOVERY_METADATA,UNRESOLVED_FROM_DISCOVERY_METADATA,LIKELY_RELEVANT,DISCOVERY_KEYWORDS:artificial intelligence|machine learning;EVENTS:1,Molecular Diversity,article,https://openalex.org/W3206508404,outputs/phase_two/p2_e1_pilot_v0.1/search/raw_retrieval/p2e1b_openalex_07_works.json,FALSE,TRUE,AI_ASSISTED_DISCOVERY
P2SRC_E4EBF2BCF922A16CB7AE,Artificial Intelligence and Machine Learning for Lead-to-Candidate Decision-Making and Beyond,McNair D,2023 Jan 20,10.1146/annurev-pharmtox-051921-023255,35679624,,,PMID:35679624,SCHOLARLY_RECORD,P2E1B_PUBMED_07,CAT_01|CAT_07,UNRESOLVED_FROM_DISCOVERY_METADATA,UNRESOLVED_FROM_DISCOVERY_METADATA,LIKELY_RELEVANT,DISCOVERY_KEYWORDS:artificial intelligence|machine learning;EVENTS:1,Annual review of pharmacology and toxicology,Journal Article|Review,PMID:35679624,outputs/phase_two/p2_e1_pilot_v0.1/search/raw_retrieval/p2e1b_pubmed_07_esummary.json,UNRESOLVED_FROM_DISCOVERY_METADATA,TRUE,AI_ASSISTED_DISCOVERY
P2SRC_69CA9624F40501226F40,Artificial Intelligence and Machine Learning in Pharmacological Research: Bridging the Gap Between Data and Drug Discovery,Shruti Singh; Rajesh Kumar; Shuvasree Payra; Sunil Kumar Singh,2023-08-30,10.7759/cureus.44359,37779744,,https://openalex.org/W4386291745,DOI:10.7759/cureus.44359,SCHOLARLY_RECORD,P2E1B_OPENALEX_07,CAT_01|CAT_07,UNRESOLVED_FROM_DISCOVERY_METADATA,UNRESOLVED_FROM_DISCOVERY_METADATA,LIKELY_RELEVANT,DISCOVERY_KEYWORDS:artificial intelligence|drug target|machine learning;EVENTS:1,Cureus,article,https://openalex.org/W4386291745,outputs/phase_two/p2_e1_pilot_v0.1/search/raw_retrieval/p2e1b_openalex_07_works.json,FALSE,TRUE,AI_ASSISTED_DISCOVERY
P2SRC_30145E2275BB97738076,Artificial Intelligence and Machine Learning Technology Driven Modern Drug Discovery and Development,Chayna Sarkar; Biswadeep Das; Vikram Singh Rawat; Julie Birdie Wahlang; Arvind Nongpiur; Iadarilang Tiewsoh; Nari M Lyngdoh; Debasmita Das; Manjunath Bidarolli; Hannah Theresa Sony,2023-01-19,10.3390/ijms24032026,36768346,,https://openalex.org/W4317625850,DOI:10.3390/ijms24032026,SCHOLARLY_RECORD,P2E1B_OPENALEX_07,CAT_01|CAT_07,UNRESOLVED_FROM_DISCOVERY_METADATA,UNRESOLVED_FROM_DISCOVERY_METADATA,LIKELY_RELEVANT,DISCOVERY_KEYWORDS:artificial intelligence|machine learning;EVENTS:1,International Journal of Molecular Sciences,article,https://openalex.org/W4317625850,outputs/phase_two/p2_e1_pilot_v0.1/search/raw_retrieval/p2e1b_openalex_07_works.json,FALSE,TRUE,AI_ASSISTED_DISCOVERY
P2SRC_97BB719767C60F96E155,Artificial intelligence and machine learning‐aided drug discovery in central nervous system diseases: State‐of‐the‐arts and future directions,Sezen Vatansever; Avner Schlessinger; Daniel Wacker; H. Ümit Kanıskan; Jian Jin; Ming‐Ming Zhou; Bin Zhang,2020-12-09,10.1002/med.21764,33295676,,https://openalex.org/W3112951420,DOI:10.1002/med.21764,SCHOLARLY_RECORD,P2E1B_OPENALEX_07,CAT_01|CAT_07,UNRESOLVED_FROM_DISCOVERY_METADATA,UNRESOLVED_FROM_DISCOVERY_METADATA,LIKELY_RELEVANT,DISCOVERY_KEYWORDS:artificial intelligence|machine learning;EVENTS:1,Medicinal Research Reviews,article,https://openalex.org/W3112951420,outputs/phase_two/p2_e1_pilot_v0.1/search/raw_retrieval/p2e1b_openalex_07_works.json,FALSE,TRUE,AI_ASSISTED_DISCOVERY
P2SRC_34CF56D2632345C30161,Artificial Intelligence and Management: The Automation–Augmentation Paradox,Sebastian Raisch; Sebastian Krakowski,2021-01-01,10.5465/amr.2018.0072,,,https://openalex.org/W4247155454,DOI:10.5465/amr.2018.0072,SCHOLARLY_RECORD,P2E1B_OPENALEX_14,CAT_01|CAT_07,UNRESOLVED_FROM_DISCOVERY_METADATA,UNRESOLVED_FROM_DISCOVERY_METADATA,POSSIBLY_RELEVANT,LIMITED_DISCOVERY_SIGNAL:artificial intelligence;EVENTS:1,Academy of Management Review,article,https://openalex.org/W4247155454,outputs/phase_two/p2_e1_pilot_v0.1/search/raw_retrieval/p2e1b_openalex_14_works.json,FALSE,TRUE,AI_ASSISTED_DISCOVERY
P2SRC_FB41527D1CFC7F1DF5DA,Artificial Intelligence and Protein Design: A retrospective study on 20-year emerging trends and core research areas from bibliometric perspectives,Zhao W; Pan X; Yang W; Liu Z; Wei X; Lin A; Tang B; Zhang L; Xiao M; Zeng Q; Cheng Q; Mou W; Lu X; Miao K; Luo P; Cui XG; Chen WJ,2026 Jul 18,10.1007/s12602-026-11131-6,42470596,,,PMID:42470596,SCHOLARLY_RECORD,P2E1B_PUBMED_14,CAT_01|CAT_07,UNRESOLVED_FROM_DISCOVERY_METADATA,UNRESOLVED_FROM_DISCOVERY_METADATA,POSSIBLY_RELEVANT,LIMITED_DISCOVERY_SIGNAL:artificial intelligence;EVENTS:1,Probiotics and antimicrobial proteins,Journal Article,PMID:42470596,outputs/phase_two/p2_e1_pilot_v0.1/search/raw_retrieval/p2e1b_pubmed_14_esummary.json,UNRESOLVED_FROM_DISCOVERY_METADATA,TRUE,AI_ASSISTED_DISCOVERY
P2SRC_763318B5694953604F26,"Artificial Intelligence as a Disruptive Force in Pharmaceutical Innovation: Transforming Discovery, Development, and Manufacturing",Herdiana Y; Mohammed AFA; Kautsar AP; Sopyan I; Wathoni N,2026,10.2147/DDDT.S588295,41853101,PMC12994533,,PMID:41853101,SCHOLARLY_RECORD,P2E1B_PUBMED_14,CAT_01|CAT_07,UNRESOLVED_FROM_DISCOVERY_METADATA,UNRESOLVED_FROM_DISCOVERY_METADATA,POSSIBLY_RELEVANT,LIMITED_DISCOVERY_SIGNAL:artificial intelligence;EVENTS:1,"Drug design, development and therapy",Journal Article|Review,PMID:41853101,outputs/phase_two/p2_e1_pilot_v0.1/search/raw_retrieval/p2e1b_pubmed_14_esummary.json,UNRESOLVED_FROM_DISCOVERY_METADATA,TRUE,AI_ASSISTED_DISCOVERY
P2SRC_769D87E3D3175C656103,"Artificial intelligence capability: Conceptualization, measurement calibration, and empirical study on its impact on organizational creativity and firm performance",Patrick Mikalef; Manjul Gupta,2021-01-24,10.1016/j.im.2021.103434,,,https://openalex.org/W3124957586,DOI:10.1016/j.im.2021.103434,SCHOLARLY_RECORD,P2E1B_OPENALEX_14,CAT_01|CAT_07,UNRESOLVED_FROM_DISCOVERY_METADATA,UNRESOLVED_FROM_DISCOVERY_METADATA,POSSIBLY_RELEVANT,LIMITED_DISCOVERY_SIGNAL:artificial intelligence;EVENTS:1,Information & Management,article,https://openalex.org/W3124957586,outputs/phase_two/p2_e1_pilot_v0.1/search/raw_retrieval/p2e1b_openalex_14_works.json,FALSE,TRUE,AI_ASSISTED_DISCOVERY
P2SRC_4B7BE0F24E9DDDF7CD2C,Artificial intelligence for aging and longevity research: Recent advances and perspectives,Alex Zhavoronkov; Polina Mamoshina; Quentin Vanhaelen; Morten Scheibye‐Knudsen; Alexey Moskalev; Alex Aliper,2018-11-22,10.1016/j.arr.2018.11.003,30472217,,https://openalex.org/W2900972799,DOI:10.1016/j.arr.2018.11.003,SCHOLARLY_RECORD,P2E1B_OPENALEX_07|P2E1B_PUBMED_07,CAT_01|CAT_07,UNRESOLVED_FROM_DISCOVERY_METADATA,UNRESOLVED_FROM_DISCOVERY_METADATA,LIKELY_RELEVANT,DISCOVERY_KEYWORDS:artificial intelligence;EVENTS:2,Ageing Research Reviews,article,PMID:30472217|https://openalex.org/W2900972799,outputs/phase_two/p2_e1_pilot_v0.1/search/raw_retrieval/p2e1b_openalex_07_works.json|outputs/phase_two/p2_e1_pilot_v0.1/search/raw_retrieval/p2e1b_pubmed_07_esummary.json,FALSE,TRUE,AI_ASSISTED_DISCOVERY
P2SRC_8FE2BF1E83254E1319EA,Artificial intelligence for drug discovery and development in Alzheimer's disease,Qiu Y; Cheng F,2024 Apr,10.1016/j.sbi.2024.102776,38335558,,,PMID:38335558,SCHOLARLY_RECORD,P2E1B_PUBMED_01,CAT_01,UNRESOLVED_FROM_DISCOVERY_METADATA,UNRESOLVED_FROM_DISCOVERY_METADATA,POSSIBLY_RELEVANT,LIMITED_DISCOVERY_SIGNAL:artificial intelligence;EVENTS:1,Current opinion in structural biology,"Journal Article|Review|Research Support, N.I.H., Extramural",PMID:38335558,outputs/phase_two/p2_e1_pilot_v0.1/search/raw_retrieval/p2e1b_pubmed_01_esummary_retry.json,UNRESOLVED_FROM_DISCOVERY_METADATA,TRUE,AI_ASSISTED_DISCOVERY
P2SRC_064ED982E59585C74D5A,"Artificial Intelligence for Drug Discovery, Biomarker Development, and Generation of Novel Chemistry",Alex Zhavoronkov,2018-10-01,10.1021/acs.molpharmaceut.8b00930,30269508,,https://openalex.org/W2894996849,DOI:10.1021/acs.molpharmaceut.8b00930,SCHOLARLY_RECORD,P2E1B_OPENALEX_14,CAT_01|CAT_07,UNRESOLVED_FROM_DISCOVERY_METADATA,UNRESOLVED_FROM_DISCOVERY_METADATA,LIKELY_RELEVANT,DISCOVERY_KEYWORDS:artificial intelligence|machine learning;EVENTS:1,Molecular Pharmaceutics,article,https://openalex.org/W2894996849,outputs/phase_two/p2_e1_pilot_v0.1/search/raw_retrieval/p2e1b_openalex_14_works.json,FALSE,TRUE,AI_ASSISTED_DISCOVERY
P2SRC_251BB7476DC5898DF808,Artificial Intelligence for Drug Discovery: Are We There Yet?,Catrin Hasselgren; Tudor I. Oprea,2023-09-22,10.1146/annurev-pharmtox-040323-040828,37738505,,https://openalex.org/W4384389969,DOI:10.1146/annurev-pharmtox-040323-040828,SCHOLARLY_RECORD,P2E1B_OPENALEX_07,CAT_01|CAT_07,UNRESOLVED_FROM_DISCOVERY_METADATA,UNRESOLVED_FROM_DISCOVERY_METADATA,LIKELY_RELEVANT,DISCOVERY_KEYWORDS:artificial intelligence|machine learning;EVENTS:1,The Annual Review of Pharmacology and Toxicology,article,https://openalex.org/W4384389969,outputs/phase_two/p2_e1_pilot_v0.1/search/raw_retrieval/p2e1b_openalex_07_works.json,FALSE,TRUE,AI_ASSISTED_DISCOVERY
P2SRC_B74E01DD852DCA873170,"Artificial intelligence for drug discovery: Resources, methods, and applications",Wei Chen; Xuesong Liu; Sanyin Zhang; Shilin Chen,2023-02-18,10.1016/j.omtn.2023.02.019,36923950,,https://openalex.org/W4321254242,DOI:10.1016/j.omtn.2023.02.019,SCHOLARLY_RECORD,P2E1B_OPENALEX_14,CAT_01|CAT_07,UNRESOLVED_FROM_DISCOVERY_METADATA,UNRESOLVED_FROM_DISCOVERY_METADATA,LIKELY_RELEVANT,DISCOVERY_KEYWORDS:artificial intelligence|drug target;EVENTS:1,Molecular Therapy — Nucleic Acids,article,https://openalex.org/W4321254242,outputs/phase_two/p2_e1_pilot_v0.1/search/raw_retrieval/p2e1b_openalex_14_works.json,FALSE,TRUE,AI_ASSISTED_DISCOVERY
P2SRC_790FB94917789708B4CA,Artificial intelligence for natural product drug discovery,Michael W. Mullowney; Katherine Duncan; Somayah S. Elsayed; Neha Garg; Justin J. J. van der Hooft; Nathaniel I. Martin; David Meijer; Barbara R. Terlouw; Friederike Biermann; Kai Blin; Janani Durairaj; Marina Gorostiola González; Eric J. N. Helfrich; Florian Huber; Stefan Leopold‐Messer; Kohulan Rajan; Tristan de Rond; Jeffrey A. van Santen; Maria Sorokina; Marcy J. Balunas; Mehdi A. Beniddir; Doris A. van Bergeijk; Laura M. Carroll; Chase M. Clark; Djork-Arné Clevert; Chris A. Dejong; Chao Du; Scarlet Ferrinho; Francesca Grisoni; Albert Hofstetter; Willem Jespers; Olga V. Kalinina; Satria A. Kautsar; Hyun Woo Kim; Tiago Leão; Joleen Masschelein; Evan Rees; Raphael Reher; Daniel Reker; Philippe Schwaller; Marwin Segler; Michael A. Skinnider; Allison S. Walker; Egon Willighagen; Barbara Zdrazil; Nadine Ziemert; Rebecca J. M. Goss; Pierre Guyomard; Andrea Volkamer; William H. Gerwick; Hyun Uk Kim; Rolf Müller; Gilles P. van Wezel; Gerard J. P. van Westen; Anna K. H. Hirsch; Roger G. Linington; Serina L. Robinson; Marnix H. Medema,2023-09-11,10.1038/s41573-023-00774-7,37697042,,https://openalex.org/W4386607677,DOI:10.1038/s41573-023-00774-7,SCHOLARLY_RECORD,P2E1B_OPENALEX_14,CAT_01|CAT_07,UNRESOLVED_FROM_DISCOVERY_METADATA,UNRESOLVED_FROM_DISCOVERY_METADATA,POSSIBLY_RELEVANT,LIMITED_DISCOVERY_SIGNAL:artificial intelligence;EVENTS:1,Nature Reviews Drug Discovery,article,https://openalex.org/W4386607677,outputs/phase_two/p2_e1_pilot_v0.1/search/raw_retrieval/p2e1b_openalex_14_works.json,FALSE,TRUE,AI_ASSISTED_DISCOVERY
P2SRC_1F46913E1C9B44D2BF35,Artificial intelligence in breast cancer: applications and advancements,Li J; Jiang Z,2026 Apr 7,10.20892/j.issn.2095-3941.2025.0704,41968983,PMC13059870,,PMID:41968983,SCHOLARLY_RECORD,P2E1B_PUBMED_07,CAT_01|CAT_07,UNRESOLVED_FROM_DISCOVERY_METADATA,UNRESOLVED_FROM_DISCOVERY_METADATA,POSSIBLY_RELEVANT,LIMITED_DISCOVERY_SIGNAL:artificial intelligence;EVENTS:1,Cancer biology & medicine,Journal Article|Review,PMID:41968983,outputs/phase_two/p2_e1_pilot_v0.1/search/raw_retrieval/p2e1b_pubmed_07_esummary.json,UNRESOLVED_FROM_DISCOVERY_METADATA,TRUE,AI_ASSISTED_DISCOVERY
P2SRC_4D8C7591A5BB302B25BF,"Artificial intelligence in cancer research, diagnosis and therapy",Olivier Elemento; Christina S. Leslie; Johan Lundin; Georgia D. Tourassi,2021-09-17,10.1038/s41568-021-00399-1,34535775,,https://openalex.org/W3200445016,DOI:10.1038/s41568-021-00399-1,SCHOLARLY_RECORD,P2E1B_OPENALEX_07,CAT_01|CAT_07,UNRESOLVED_FROM_DISCOVERY_METADATA,UNRESOLVED_FROM_DISCOVERY_METADATA,POSSIBLY_RELEVANT,LIMITED_DISCOVERY_SIGNAL:artificial intelligence;EVENTS:1,Nature reviews. Cancer,article,https://openalex.org/W3200445016,outputs/phase_two/p2_e1_pilot_v0.1/search/raw_retrieval/p2e1b_openalex_07_works.json,FALSE,TRUE,AI_ASSISTED_DISCOVERY
P2SRC_76842A5D6EE1802E5827,Artificial intelligence in cancer target identification and drug discovery,Yujie You; Xin Lai; Yi Pan; Huiru Zheng; Julio Vera; Suran Liu; Senyi Deng; Le Zhang,2022-05-10,10.1038/s41392-022-00994-0,35538061,,https://openalex.org/W4229447215,DOI:10.1038/s41392-022-00994-0,SCHOLARLY_RECORD,P2E1B_OPENALEX_07,CAT_01|CAT_07,UNRESOLVED_FROM_DISCOVERY_METADATA,UNRESOLVED_FROM_DISCOVERY_METADATA,LIKELY_RELEVANT,DISCOVERY_KEYWORDS:artificial intelligence|machine learning;EVENTS:1,Signal Transduction and Targeted Therapy,article,https://openalex.org/W4229447215,outputs/phase_two/p2_e1_pilot_v0.1/search/raw_retrieval/p2e1b_openalex_07_works.json,FALSE,TRUE,AI_ASSISTED_DISCOVERY
P2SRC_EFE47D32951331B38FFA,Artificial intelligence in COVID-19 drug repurposing,Yadi Zhou; Fei Wang; Jian Tang; Ruth Nussinov; Feixiong Cheng,2020-09-18,10.1016/s2589-7500(20)30192-8,32984792,,https://openalex.org/W3087156149,DOI:10.1016/s2589-7500(20)30192-8,SCHOLARLY_RECORD,P2E1B_OPENALEX_07|P2E1B_OPENALEX_14,CAT_01|CAT_07,UNRESOLVED_FROM_DISCOVERY_METADATA,UNRESOLVED_FROM_DISCOVERY_METADATA,LIKELY_RELEVANT,DISCOVERY_KEYWORDS:artificial intelligence;EVENTS:2,The Lancet Digital Health,article,https://openalex.org/W3087156149,outputs/phase_two/p2_e1_pilot_v0.1/search/raw_retrieval/p2e1b_openalex_07_works.json|outputs/phase_two/p2_e1_pilot_v0.1/search/raw_retrieval/p2e1b_openalex_14_works.json,FALSE,TRUE,AI_ASSISTED_DISCOVERY
P2SRC_7514D90E29CDBAF9F323,Artificial Intelligence in Drug Discovery: A Comprehensive Review of Data-driven and Machine Learning Approaches,Hyunho Kim; Eun‐Young Kim; Ingoo Lee; Bongsung Bae; Minsu Park; Hojung Nam,2020-12-01,10.1007/s12257-020-0049-y,33437151,,https://openalex.org/W3120486112,DOI:10.1007/s12257-020-0049-y,SCHOLARLY_RECORD,P2E1B_OPENALEX_07,CAT_01|CAT_07,UNRESOLVED_FROM_DISCOVERY_METADATA,UNRESOLVED_FROM_DISCOVERY_METADATA,LIKELY_RELEVANT,DISCOVERY_KEYWORDS:artificial intelligence|machine learning;EVENTS:1,Biotechnology and Bioprocess Engineering,article,https://openalex.org/W3120486112,outputs/phase_two/p2_e1_pilot_v0.1/search/raw_retrieval/p2e1b_openalex_07_works.json,FALSE,TRUE,AI_ASSISTED_DISCOVERY
P2SRC_5C5BA24C8ABEA55E1FE7,Artificial intelligence in drug discovery: from algorithmic foundations to clinical translation,Mao Z; Yan L,2026,10.3389/fphar.2026.1870527,42490854,PMC13375493,,PMID:42490854,SCHOLARLY_RECORD,P2E1B_PUBMED_07,CAT_01|CAT_07,UNRESOLVED_FROM_DISCOVERY_METADATA,UNRESOLVED_FROM_DISCOVERY_METADATA,POSSIBLY_RELEVANT,LIMITED_DISCOVERY_SIGNAL:artificial intelligence;EVENTS:1,Frontiers in pharmacology,Journal Article|Review,PMID:42490854,outputs/phase_two/p2_e1_pilot_v0.1/search/raw_retrieval/p2e1b_pubmed_07_esummary.json,UNRESOLVED_FROM_DISCOVERY_METADATA,TRUE,AI_ASSISTED_DISCOVERY
P2SRC_34CFA16B11C60174DB28,Artificial Intelligence in Infectious Disease Research,Bharathi K; Yadav J; Shastri S; Deo V; Shalini S; Yadav R; Chauhan A; Pati S,2026 Aug 4,10.1007/s10393-026-01821-6,42552502,,,PMID:42552502,SCHOLARLY_RECORD,P2E1B_PUBMED_14,CAT_01|CAT_07,UNRESOLVED_FROM_DISCOVERY_METADATA,UNRESOLVED_FROM_DISCOVERY_METADATA,POSSIBLY_RELEVANT,LIMITED_DISCOVERY_SIGNAL:artificial intelligence;EVENTS:1,EcoHealth,Journal Article,PMID:42552502,outputs/phase_two/p2_e1_pilot_v0.1/search/raw_retrieval/p2e1b_pubmed_14_esummary.json,UNRESOLVED_FROM_DISCOVERY_METADATA,TRUE,AI_ASSISTED_DISCOVERY
P2SRC_9A802073E52CD18F9F23,"Artificial Intelligence in Nephrology-State of the Art on Theoretical Background, Molecular Applications, and Clinical Interpretation",Stojanowski J; Gołębiowski T; Musiał K,2026 Jan 28,10.3390/ijms27031285,41683712,PMC12898594,,PMID:41683712,SCHOLARLY_RECORD,P2E1B_PUBMED_11,CAT_04|CAT_05|CAT_06|CAT_07,UNRESOLVED_FROM_DISCOVERY_METADATA,UNRESOLVED_FROM_DISCOVERY_METADATA,POSSIBLY_RELEVANT,LIMITED_DISCOVERY_SIGNAL:artificial intelligence;EVENTS:1,International journal of molecular sciences,Journal Article|Review,PMID:41683712,outputs/phase_two/p2_e1_pilot_v0.1/search/raw_retrieval/p2e1b_pubmed_11_esummary.json,UNRESOLVED_FROM_DISCOVERY_METADATA,TRUE,AI_ASSISTED_DISCOVERY
P2SRC_0FBD9A6CECD714573D9F,Artificial intelligence in oncology drug development and management: a precision medicine perspective,Fang C; Zhou P; Zhang X; He Y; Yang Q,2025,10.3389/fonc.2025.1609827,41426328,PMC12711520,,PMID:41426328,SCHOLARLY_RECORD,P2E1B_PUBMED_07,CAT_01|CAT_07,UNRESOLVED_FROM_DISCOVERY_METADATA,UNRESOLVED_FROM_DISCOVERY_METADATA,POSSIBLY_RELEVANT,LIMITED_DISCOVERY_SIGNAL:artificial intelligence;EVENTS:1,Frontiers in oncology,Journal Article|Review,PMID:41426328,outputs/phase_two/p2_e1_pilot_v0.1/search/raw_retrieval/p2e1b_pubmed_07_esummary.json,UNRESOLVED_FROM_DISCOVERY_METADATA,TRUE,AI_ASSISTED_DISCOVERY
P2SRC_FE2D99CCB12C070F74EF,Artificial intelligence in the non-clinical laboratory: enhancing good laboratory and documentation practices,Zai K; Mukti AP; Notty GS; Niswah SU; Refliandi; Oktivendra F,2025 Nov 30,10.1016/j.ijpharm.2025.126266,41077086,,,PMID:41077086,SCHOLARLY_RECORD,P2E1B_PUBMED_14,CAT_01|CAT_07,UNRESOLVED_FROM_DISCOVERY_METADATA,UNRESOLVED_FROM_DISCOVERY_METADATA,POSSIBLY_RELEVANT,LIMITED_DISCOVERY_SIGNAL:artificial intelligence;EVENTS:1,International journal of pharmaceutics,Journal Article|Review,PMID:41077086,outputs/phase_two/p2_e1_pilot_v0.1/search/raw_retrieval/p2e1b_pubmed_14_esummary.json,UNRESOLVED_FROM_DISCOVERY_METADATA,TRUE,AI_ASSISTED_DISCOVERY
P2SRC_CE048D97A942B7AFA7A3,Artificial intelligence in the prediction of protein–ligand interactions: recent advances and future directions,Ashwin Dhakal; Cole McKay; John J. Tanner; Jianlin Cheng,2021-10-19,10.1093/bib/bbab476,34849575,,https://openalex.org/W3215525389,DOI:10.1093/bib/bbab476,SCHOLARLY_RECORD,P2E1B_OPENALEX_07,CAT_01|CAT_07,UNRESOLVED_FROM_DISCOVERY_METADATA,UNRESOLVED_FROM_DISCOVERY_METADATA,LIKELY_RELEVANT,DISCOVERY_KEYWORDS:artificial intelligence|machine learning;EVENTS:1,Briefings in Bioinformatics,article,https://openalex.org/W3215525389,outputs/phase_two/p2_e1_pilot_v0.1/search/raw_retrieval/p2e1b_openalex_07_works.json,FALSE,TRUE,AI_ASSISTED_DISCOVERY
P2SRC_3B76086324EC70B40413,Artificial Intelligence-Assisted Transcriptomic Analysis to Advance Cancer Immunotherapy,Gui Y; He X; Yu J; Jing J,2023 Feb 6,10.3390/jcm12041279,36835813,PMC9968102,,PMID:36835813,SCHOLARLY_RECORD,P2E1B_PUBMED_07,CAT_01|CAT_07,UNRESOLVED_FROM_DISCOVERY_METADATA,UNRESOLVED_FROM_DISCOVERY_METADATA,POSSIBLY_RELEVANT,LIMITED_DISCOVERY_SIGNAL:artificial intelligence;EVENTS:1,Journal of clinical medicine,Journal Article|Review,PMID:36835813,outputs/phase_two/p2_e1_pilot_v0.1/search/raw_retrieval/p2e1b_pubmed_07_esummary.json,UNRESOLVED_FROM_DISCOVERY_METADATA,TRUE,AI_ASSISTED_DISCOVERY
P2SRC_2D8D009E09F054A408E1,Aspirin plus Clopidogrel as Secondary Prevention after Stroke or Transient Ischemic Attack: A Systematic Review and Meta-Analysis,Qinghua Zhang; Chao Wang; Maoyong Zheng; Yanxia Li; Jincun Li; Liping Zhang; Xiao Shang; Chuanzhu Yan,2014-12-24,10.1159/000369778,25547900,,https://openalex.org/W1480729244,DOI:10.1159/000369778,SCHOLARLY_RECORD,P2E1B_OPENALEX_06,CAT_05|CAT_06,UNRESOLVED_FROM_DISCOVERY_METADATA,UNRESOLVED_FROM_DISCOVERY_METADATA,POSSIBLY_RELEVANT,LIMITED_DISCOVERY_SIGNAL:CATEGORY_CONTEXT;EVENTS:1,Cerebrovascular Diseases,review,https://openalex.org/W1480729244,outputs/phase_two/p2_e1_pilot_v0.1/search/raw_retrieval/p2e1b_openalex_06_works.json,FALSE,TRUE,AI_ASSISTED_DISCOVERY
P2SRC_F5CF51963766DB225D4B,Assembly and reasoning over semantic mappings at scale for biomedical data integration,Hoyt CT; Karis K; Gyori BM,2025 Nov 1,10.1093/bioinformatics/btaf542,41021462,PMC12629235,,PMID:41021462,SCHOLARLY_RECORD,P2E1B_PUBMED_10,CAT_01|CAT_03|CAT_04,UNRESOLVED_FROM_DISCOVERY_METADATA,UNRESOLVED_FROM_DISCOVERY_METADATA,POSSIBLY_RELEVANT,LIMITED_DISCOVERY_SIGNAL:CATEGORY_CONTEXT;EVENTS:1,"Bioinformatics (Oxford, England)",Journal Article,PMID:41021462,outputs/phase_two/p2_e1_pilot_v0.1/search/raw_retrieval/p2e1b_pubmed_10_esummary.json,UNRESOLVED_FROM_DISCOVERY_METADATA,TRUE,AI_ASSISTED_DISCOVERY
P2SRC_6AD42D87ADE164A7F368,Assessment of Clinical Criteria for Sepsis,Christopher W. Seymour; Vincent X. Liu; Theodore J. Iwashyna; Frank M. Brunkhorst; Thomas D. Rea; André Scherag; Gordon D. Rubenfeld; Jeremy M. Kahn; Manu Shankar‐Hari; Mervyn Singer; Clifford S. Deutschman; Gabriel J. Escobar; Derek C. Angus,2016-02-22,10.1001/jama.2016.0288,26903335,,https://openalex.org/W2282181907,DOI:10.1001/jama.2016.0288,SCHOLARLY_RECORD,P2E1B_OPENALEX_09,CAT_05|CAT_06,UNRESOLVED_FROM_DISCOVERY_METADATA,UNRESOLVED_FROM_DISCOVERY_METADATA,POSSIBLY_RELEVANT,LIMITED_DISCOVERY_SIGNAL:CATEGORY_CONTEXT;EVENTS:1,JAMA,article,https://openalex.org/W2282181907,outputs/phase_two/p2_e1_pilot_v0.1/search/raw_retrieval/p2e1b_openalex_09_works.json,FALSE,TRUE,AI_ASSISTED_DISCOVERY
P2SRC_EA302054619EAB903A77,Associated Targets of the Antioxidant Cardioprotection of Ganoderma lucidum in Diabetic Cardiomyopathy by Using Open Targets Platform: A Systematic Review,Fahmi Shaher; Hongbin Qiu; Shuqiu Wang; Yu Hu; Weiqun Wang; Yu Zhang; Yao Wei; Hisham Al-Ward; Mahfoudh A. M. Abdulghani; Sattam Khulaif Alenezi; Salem Baldi; Shaobo Zhou,2020-01-01,10.1155/2020/7136075,32775437,PMC7397440,https://openalex.org/W3044735048,DOI:10.1155/2020/7136075,SCHOLARLY_RECORD,P2E1B_OPENALEX_02|P2E1B_PUBMED_02,CAT_01|CAT_02,UNRESOLVED_FROM_DISCOVERY_METADATA,UNRESOLVED_FROM_DISCOVERY_METADATA,LIKELY_RELEVANT,DISCOVERY_KEYWORDS:open targets;EVENTS:2,BioMed Research International,review,PMID:32775437|https://openalex.org/W3044735048,outputs/phase_two/p2_e1_pilot_v0.1/search/raw_retrieval/p2e1b_openalex_02_works.json|outputs/phase_two/p2_e1_pilot_v0.1/search/raw_retrieval/p2e1b_pubmed_02_esummary.json,FALSE,TRUE,AI_ASSISTED_DISCOVERY
P2SRC_F1188464E69B73AD12CE,Association of dry eye disease with smoking: A systematic review and meta-analysis,Tariq MA; Amin H; Ahmed B; Ali U; Mohiuddin A,2022 Jun,10.4103/ijo.IJO_2193_21,35647954,PMC9359251,,PMID:35647954,SCHOLARLY_RECORD,P2E1B_PUBMED_13,CAT_03|CAT_05|CAT_06,UNRESOLVED_FROM_DISCOVERY_METADATA,UNRESOLVED_FROM_DISCOVERY_METADATA,POSSIBLY_RELEVANT,LIMITED_DISCOVERY_SIGNAL:CATEGORY_CONTEXT;EVENTS:1,Indian journal of ophthalmology,Journal Article|Meta-Analysis|Systematic Review,PMID:35647954,outputs/phase_two/p2_e1_pilot_v0.1/search/raw_retrieval/p2e1b_pubmed_13_esummary.json,UNRESOLVED_FROM_DISCOVERY_METADATA,TRUE,AI_ASSISTED_DISCOVERY
P2SRC_05BAA1C4D341E4A81B3D,"Associations on the Fly, a new feature aiming to facilitate exploration of the Open Targets Platform evidence",Carlos Cruz-Castillo; Luca Fumis; Chintan Mehta; R E Martinez-Osorio; Juan María Roldán‐Romero; Helena Cornu; Poonam Uniyal; A Solano-Roman; Miguel Carmona; David Ochoa; Ellen M. McDonagh; Annalisa Buniello,2025-02-10,10.1093/bioinformatics/btaf070,39936578,,https://openalex.org/W4407410515,DOI:10.1093/bioinformatics/btaf070,SCHOLARLY_RECORD,P2E1B_OPENALEX_02,CAT_01|CAT_02,UNRESOLVED_FROM_DISCOVERY_METADATA,UNRESOLVED_FROM_DISCOVERY_METADATA,LIKELY_RELEVANT,DISCOVERY_KEYWORDS:open targets|target prioritisation;EVENTS:1,Bioinformatics,article,https://openalex.org/W4407410515,outputs/phase_two/p2_e1_pilot_v0.1/search/raw_retrieval/p2e1b_openalex_02_works.json,FALSE,TRUE,AI_ASSISTED_DISCOVERY
P2SRC_637E95CCAC619362084D,Atrial fibrillation as risk factor for cardiovascular disease and death in women compared with men: systematic review and meta-analysis of cohort studies,Connor A. Emdin; Christopher X. Wong; Allan J. Hsiao; Douglas G. Altman; Sanne A. E. Peters; Mark Woodward; Ayodele Odutayo,2016-01-19,10.1136/bmj.h7013,26786546,,https://openalex.org/W2283863574,DOI:10.1136/bmj.h7013,SCHOLARLY_RECORD,P2E1B_OPENALEX_08,CAT_01|CAT_05|CAT_06,UNRESOLVED_FROM_DISCOVERY_METADATA,UNRESOLVED_FROM_DISCOVERY_METADATA,POSSIBLY_RELEVANT,LIMITED_DISCOVERY_SIGNAL:CATEGORY_CONTEXT;EVENTS:1,BMJ,review,https://openalex.org/W2283863574,outputs/phase_two/p2_e1_pilot_v0.1/search/raw_retrieval/p2e1b_openalex_08_works.json,FALSE,TRUE,AI_ASSISTED_DISCOVERY
P2SRC_75E3E14B6144F0C9868B,Attention is all you need: utilizing attention in AI-enabled drug discovery,Yang Zhang; Caiqi Liu; Mujiexin Liu; Tianyuan Liu; Hao Lin; Huang Cheng-bing; Ning Lin,2023-11-22,10.1093/bib/bbad467,38189543,,https://openalex.org/W4390678101,DOI:10.1093/bib/bbad467,SCHOLARLY_RECORD,P2E1B_OPENALEX_14,CAT_01|CAT_07,UNRESOLVED_FROM_DISCOVERY_METADATA,UNRESOLVED_FROM_DISCOVERY_METADATA,POSSIBLY_RELEVANT,LIMITED_DISCOVERY_SIGNAL:artificial intelligence;EVENTS:1,Briefings in Bioinformatics,article,https://openalex.org/W4390678101,outputs/phase_two/p2_e1_pilot_v0.1/search/raw_retrieval/p2e1b_openalex_14_works.json,FALSE,TRUE,AI_ASSISTED_DISCOVERY
P2SRC_B4C5B1D1D530028F9077,Attention is not all you need: the complicated case of ethically using large language models in healthcare and medicine,Stefan Harrer,2023-03-15,10.1016/j.ebiom.2023.104512,36924620,,https://openalex.org/W4324373918,DOI:10.1016/j.ebiom.2023.104512,SCHOLARLY_RECORD,P2E1B_OPENALEX_14,CAT_01|CAT_07,UNRESOLVED_FROM_DISCOVERY_METADATA,UNRESOLVED_FROM_DISCOVERY_METADATA,LIKELY_RELEVANT,DISCOVERY_KEYWORDS:artificial intelligence|large language model;EVENTS:1,EBioMedicine,article,https://openalex.org/W4324373918,outputs/phase_two/p2_e1_pilot_v0.1/search/raw_retrieval/p2e1b_openalex_14_works.json,FALSE,TRUE,AI_ASSISTED_DISCOVERY
P2SRC_DFCD731FB7D5F5B2A9DE,Augmenting large language models with chemistry tools,Andres M. Bran; Sam Cox; Oliver Schilter; Carlo Baldassari; Andrew Dickson White; Philippe Schwaller,2024-05-08,10.1038/s42256-024-00832-8,38799228,,https://openalex.org/W4396723768,DOI:10.1038/s42256-024-00832-8,SCHOLARLY_RECORD,P2E1B_OPENALEX_14,CAT_01|CAT_07,UNRESOLVED_FROM_DISCOVERY_METADATA,UNRESOLVED_FROM_DISCOVERY_METADATA,POSSIBLY_RELEVANT,LIMITED_DISCOVERY_SIGNAL:large language model;EVENTS:1,Nature Machine Intelligence,article,https://openalex.org/W4396723768,outputs/phase_two/p2_e1_pilot_v0.1/search/raw_retrieval/p2e1b_openalex_14_works.json,FALSE,TRUE,AI_ASSISTED_DISCOVERY
P2SRC_883A4252447E3DB2461C,Automated annotation of disease subtypes,Ofer D; Linial M,2024 Jun,10.1016/j.jbi.2024.104650,38701887,,,PMID:38701887,SCHOLARLY_RECORD,P2E1B_PUBMED_02,CAT_01|CAT_02,UNRESOLVED_FROM_DISCOVERY_METADATA,UNRESOLVED_FROM_DISCOVERY_METADATA,POSSIBLY_RELEVANT,LIMITED_DISCOVERY_SIGNAL:CATEGORY_CONTEXT;EVENTS:1,Journal of biomedical informatics,"Journal Article|Research Support, Non-U.S. Gov't",PMID:38701887,outputs/phase_two/p2_e1_pilot_v0.1/search/raw_retrieval/p2e1b_pubmed_02_esummary.json,UNRESOLVED_FROM_DISCOVERY_METADATA,TRUE,AI_ASSISTED_DISCOVERY
P2SRC_FAF3ADA814D615735C12,AVOCADO: Visualization of Workflow-Derived Data Provenance for Reproducible Biomedical Research,Stitz H; Luger S; Streit M; Gehlenborg N,2016 Jun,10.1111/cgf.12924,29973745,PMC6027754,,PMID:29973745,SCHOLARLY_RECORD,P2E1B_PUBMED_10,CAT_01|CAT_03|CAT_04,UNRESOLVED_FROM_DISCOVERY_METADATA,UNRESOLVED_FROM_DISCOVERY_METADATA,POSSIBLY_RELEVANT,LIMITED_DISCOVERY_SIGNAL:provenance;EVENTS:1,Computer graphics forum : journal of the European Association for Computer Graphics,Journal Article,PMID:29973745,outputs/phase_two/p2_e1_pilot_v0.1/search/raw_retrieval/p2e1b_pubmed_10_esummary.json,UNRESOLVED_FROM_DISCOVERY_METADATA,TRUE,AI_ASSISTED_DISCOVERY
P2SRC_E8C5BDDC0674BCE1E647,Balance Control in Individuals with Hearing Impairment: A Systematic Review and Meta-Analysis,Zarei H; Norasteh AA; Lieberman LJ; Ertel MW; Brian A,2024,10.1159/000531428,37557094,,,PMID:37557094,SCHOLARLY_RECORD,P2E1B_PUBMED_05,CAT_05,UNRESOLVED_FROM_DISCOVERY_METADATA,UNRESOLVED_FROM_DISCOVERY_METADATA,LIKELY_OUT_OF_SCOPE,NO_TARGET_EVIDENCE_OR_REPRESENTATION_SIGNAL_IN_CAPTURED_METADATA,Audiology & neuro-otology,Meta-Analysis|Systematic Review|Journal Article,PMID:37557094,outputs/phase_two/p2_e1_pilot_v0.1/search/raw_retrieval/p2e1b_pubmed_05_esummary.json,UNRESOLVED_FROM_DISCOVERY_METADATA,TRUE,AI_ASSISTED_DISCOVERY
P2SRC_E8ED90EA6A4B00EC602A,BAMITA: Bayesian Multiple Imputation for Tensor Arrays,Jiang Z; Li G; Lock EF,2024 Oct 30,,39575114,PMC11581120,,PMID:39575114,SCHOLARLY_RECORD,P2E1B_PUBMED_09,CAT_05|CAT_06,UNRESOLVED_FROM_DISCOVERY_METADATA,UNRESOLVED_FROM_DISCOVERY_METADATA,POSSIBLY_RELEVANT,LIMITED_DISCOVERY_SIGNAL:CATEGORY_CONTEXT;EVENTS:1,ArXiv,Journal Article|Preprint,PMID:39575114,outputs/phase_two/p2_e1_pilot_v0.1/search/raw_retrieval/p2e1b_pubmed_09_esummary.json,UNRESOLVED_FROM_DISCOVERY_METADATA,TRUE,AI_ASSISTED_DISCOVERY
P2SRC_3FB1806DEC2238462DDE,Barriers to treatment adherence in physiotherapy outpatient clinics: A systematic review,Kirsten Jack; Sionnadh McLean; Jennifer Klaber Moffett; Eric Gardiner,2010-02-17,10.1016/j.math.2009.12.004,20163979,,https://openalex.org/W2018022155,DOI:10.1016/j.math.2009.12.004,SCHOLARLY_RECORD,P2E1B_OPENALEX_13,CAT_03|CAT_05|CAT_06,UNRESOLVED_FROM_DISCOVERY_METADATA,UNRESOLVED_FROM_DISCOVERY_METADATA,POSSIBLY_RELEVANT,LIMITED_DISCOVERY_SIGNAL:CATEGORY_CONTEXT;EVENTS:1,Manual Therapy,review,https://openalex.org/W2018022155,outputs/phase_two/p2_e1_pilot_v0.1/search/raw_retrieval/p2e1b_openalex_13_works.json,FALSE,TRUE,AI_ASSISTED_DISCOVERY
P2SRC_0D671E1F8102F094ED67,Benchmarking atlas-level data integration in single-cell genomics,Malte D. Luecken; Maren Büttner; Kridsadakorn Chaichoompu; Anna Danese; Marta Interlandi; Martin Mueller; Daniel Strobl; Luke Zappia; Martin Dugas; Maria Colomé‐Tatché; Fabian J. Theis,2021-12-23,10.1038/s41592-021-01336-8,34949812,,https://openalex.org/W4225598893,DOI:10.1038/s41592-021-01336-8,SCHOLARLY_RECORD,P2E1B_OPENALEX_10,CAT_01|CAT_03|CAT_04,UNRESOLVED_FROM_DISCOVERY_METADATA,UNRESOLVED_FROM_DISCOVERY_METADATA,POSSIBLY_RELEVANT,LIMITED_DISCOVERY_SIGNAL:CATEGORY_CONTEXT;EVENTS:1,Nature Methods,article,https://openalex.org/W4225598893,outputs/phase_two/p2_e1_pilot_v0.1/search/raw_retrieval/p2e1b_openalex_10_works.json,FALSE,TRUE,AI_ASSISTED_DISCOVERY
P2SRC_299F2B014D3BF8D3F98E,Benchmarking Bioinformatic Tools for Amplicon-Based Sequencing of Norovirus,Fitzpatrick AH; Rupnik A; O'Shea H; Crispie F; Keaveney S; Cotter PD,2023 Jan 31,10.1128/aem.01522-22,36541780,PMC9888279,,PMID:36541780,SCHOLARLY_RECORD,P2E1B_PUBMED_04,CAT_04,UNRESOLVED_FROM_DISCOVERY_METADATA,UNRESOLVED_FROM_DISCOVERY_METADATA,LIKELY_OUT_OF_SCOPE,NO_TARGET_EVIDENCE_OR_REPRESENTATION_SIGNAL_IN_CAPTURED_METADATA,Applied and environmental microbiology,"Journal Article|Research Support, Non-U.S. Gov't",PMID:36541780,outputs/phase_two/p2_e1_pilot_v0.1/search/raw_retrieval/p2e1b_pubmed_04_esummary.json,UNRESOLVED_FROM_DISCOVERY_METADATA,TRUE,AI_ASSISTED_DISCOVERY
P2SRC_E04233DC4AA1E5655187,BERT based clinical knowledge extraction for biomedical knowledge graph construction and analysis,Ayoub Harnoune; Maryem Rhanoui; Mounia Mikram; Siham Yousfi; Zineb Elkaimbillah; Bouchra El Asri,2021-01-01,10.1016/j.cmpbup.2021.100042,,,https://openalex.org/W3208182228,DOI:10.1016/j.cmpbup.2021.100042,SCHOLARLY_RECORD,P2E1B_OPENALEX_03,CAT_01|CAT_03,UNRESOLVED_FROM_DISCOVERY_METADATA,UNRESOLVED_FROM_DISCOVERY_METADATA,POSSIBLY_RELEVANT,LIMITED_DISCOVERY_SIGNAL:knowledge graph;EVENTS:1,Computer Methods and Programs in Biomedicine Update,article,https://openalex.org/W3208182228,outputs/phase_two/p2_e1_pilot_v0.1/search/raw_retrieval/p2e1b_openalex_03_works.json,FALSE,TRUE,AI_ASSISTED_DISCOVERY
P2SRC_E802A26950C9497DE171,"Best Practices for Developing and Validating Scales for Health, Social, and Behavioral Research: A Primer",Godfred O. Boateng; Torsten B. Neilands; Edward A. Frongillo; Hugo Melgar‐Quiñonez; Sera L. Young,2018-06-11,10.3389/fpubh.2018.00149,29942800,,https://openalex.org/W2801702920,DOI:10.3389/fpubh.2018.00149,SCHOLARLY_RECORD,P2E1B_OPENALEX_09,CAT_05|CAT_06,UNRESOLVED_FROM_DISCOVERY_METADATA,UNRESOLVED_FROM_DISCOVERY_METADATA,POSSIBLY_RELEVANT,LIMITED_DISCOVERY_SIGNAL:CATEGORY_CONTEXT;EVENTS:1,Frontiers in Public Health,article,https://openalex.org/W2801702920,outputs/phase_two/p2_e1_pilot_v0.1/search/raw_retrieval/p2e1b_openalex_09_works.json,FALSE,TRUE,AI_ASSISTED_DISCOVERY
P2SRC_B04349EC75A7702BA0EA,"Bias, heterogeneity, and uncertainty in meta-analysis",Howard JP; Arnold AD; Ahmad Y,2020 Jul 21,10.1093/eurheartj/ehaa394,32588874,,,PMID:32588874,SCHOLARLY_RECORD,P2E1B_PUBMED_06,CAT_05|CAT_06,UNRESOLVED_FROM_DISCOVERY_METADATA,UNRESOLVED_FROM_DISCOVERY_METADATA,POSSIBLY_RELEVANT,LIMITED_DISCOVERY_SIGNAL:uncertainty;EVENTS:1,European heart journal,Journal Article|Comment,PMID:32588874,outputs/phase_two/p2_e1_pilot_v0.1/search/raw_retrieval/p2e1b_pubmed_06_esummary.json,UNRESOLVED_FROM_DISCOVERY_METADATA,TRUE,AI_ASSISTED_DISCOVERY
P2SRC_DAFB4406C51618B83CE8,Big data: Using databases and registries,Jacob-Brassard J; de Mestral C,2022 Dec,10.1053/j.semvascsurg.2022.09.002,36414357,,,PMID:36414357,SCHOLARLY_RECORD,P2E1B_PUBMED_09,CAT_05|CAT_06,UNRESOLVED_FROM_DISCOVERY_METADATA,UNRESOLVED_FROM_DISCOVERY_METADATA,POSSIBLY_RELEVANT,LIMITED_DISCOVERY_SIGNAL:CATEGORY_CONTEXT;EVENTS:1,Seminars in vascular surgery,Journal Article|Review,PMID:36414357,outputs/phase_two/p2_e1_pilot_v0.1/search/raw_retrieval/p2e1b_pubmed_09_esummary.json,UNRESOLVED_FROM_DISCOVERY_METADATA,TRUE,AI_ASSISTED_DISCOVERY
P2SRC_FF162A86F466BD63764A,Bilateral Sensorimotor Impairments in Individuals with Unilateral Chronic Ankle Instability: A Systematic Review and Meta-Analysis,Hu X; Feng T; Li P; Liao J; Wang L,2024 Apr 8,10.1186/s40798-024-00702-y,38589676,PMC11001848,,PMID:38589676,SCHOLARLY_RECORD,P2E1B_PUBMED_13,CAT_03|CAT_05|CAT_06,UNRESOLVED_FROM_DISCOVERY_METADATA,UNRESOLVED_FROM_DISCOVERY_METADATA,POSSIBLY_RELEVANT,LIMITED_DISCOVERY_SIGNAL:CATEGORY_CONTEXT;EVENTS:1,Sports medicine - open,Systematic Review|Journal Article,PMID:38589676,outputs/phase_two/p2_e1_pilot_v0.1/search/raw_retrieval/p2e1b_pubmed_13_esummary.json,UNRESOLVED_FROM_DISCOVERY_METADATA,TRUE,AI_ASSISTED_DISCOVERY
P2SRC_C01EA8151007093F10EC,Bioengineering toolkits for potentiating organoid therapeutics,Park S; Cho SW,2024 May,10.1016/j.addr.2024.115238,38447933,,,PMID:38447933,SCHOLARLY_RECORD,P2E1B_PUBMED_12,CAT_01|CAT_05|CAT_06,UNRESOLVED_FROM_DISCOVERY_METADATA,UNRESOLVED_FROM_DISCOVERY_METADATA,POSSIBLY_RELEVANT,LIMITED_DISCOVERY_SIGNAL:CATEGORY_CONTEXT;EVENTS:1,Advanced drug delivery reviews,"Journal Article|Review|Research Support, Non-U.S. Gov't",PMID:38447933,outputs/phase_two/p2_e1_pilot_v0.1/search/raw_retrieval/p2e1b_pubmed_12_esummary.json,UNRESOLVED_FROM_DISCOVERY_METADATA,TRUE,AI_ASSISTED_DISCOVERY
P2SRC_94E3CC20FCA983A91B41,Bioinformatics applications in pharmacogenomics: towards personalized medicine,Zaid N; Benchikhi L; Himmi B; Ghazal H,2026 Feb 10,10.1016/j.gene.2025.149935,41352693,,,PMID:41352693,SCHOLARLY_RECORD,P2E1B_PUBMED_07,CAT_01|CAT_07,UNRESOLVED_FROM_DISCOVERY_METADATA,UNRESOLVED_FROM_DISCOVERY_METADATA,POSSIBLY_RELEVANT,LIMITED_DISCOVERY_SIGNAL:CATEGORY_CONTEXT;EVENTS:1,Gene,Journal Article|Review,PMID:41352693,outputs/phase_two/p2_e1_pilot_v0.1/search/raw_retrieval/p2e1b_pubmed_07_esummary.json,UNRESOLVED_FROM_DISCOVERY_METADATA,TRUE,AI_ASSISTED_DISCOVERY
P2SRC_6A27D93C2B856B7B524B,Biological applications of knowledge graph embedding models,Sameh K. Mohamed; Aayah Nounu; Vít Nováček,2020-01-29,10.1093/bib/bbaa012,32065227,,https://openalex.org/W3007807538,DOI:10.1093/bib/bbaa012,SCHOLARLY_RECORD,P2E1B_OPENALEX_03,CAT_01|CAT_03,UNRESOLVED_FROM_DISCOVERY_METADATA,UNRESOLVED_FROM_DISCOVERY_METADATA,LIKELY_RELEVANT,DISCOVERY_KEYWORDS:drug target|knowledge graph;EVENTS:1,Briefings in Bioinformatics,article,https://openalex.org/W3007807538,outputs/phase_two/p2_e1_pilot_v0.1/search/raw_retrieval/p2e1b_openalex_03_works.json,FALSE,TRUE,AI_ASSISTED_DISCOVERY
P2SRC_385520EF67796E961273,Biology-inspired graph neural network encodes reactome and reveals biochemical reactions of disease,Burkhart JG; Wu G; Song X; Raimondi F; McWeeney S; Wong MH; Deng Y,2023 Jul 14,10.1016/j.patter.2023.100758,37521042,PMC10382942,,PMID:37521042,SCHOLARLY_RECORD,P2E1B_PUBMED_07,CAT_01|CAT_07,UNRESOLVED_FROM_DISCOVERY_METADATA,UNRESOLVED_FROM_DISCOVERY_METADATA,POSSIBLY_RELEVANT,LIMITED_DISCOVERY_SIGNAL:CATEGORY_CONTEXT;EVENTS:1,"Patterns (New York, N.Y.)",Journal Article,PMID:37521042,outputs/phase_two/p2_e1_pilot_v0.1/search/raw_retrieval/p2e1b_pubmed_07_esummary.json,UNRESOLVED_FROM_DISCOVERY_METADATA,TRUE,AI_ASSISTED_DISCOVERY
P2SRC_79A7F8EB8E772D093697,Biomedical applications of biodegradable polymers,Bret D. Ulery; Lakshmi S. Nair; Cato T. Laurencin,2011-05-05,10.1002/polb.22259,21769165,,https://openalex.org/W1980328470,DOI:10.1002/polb.22259,SCHOLARLY_RECORD,P2E1B_OPENALEX_10,CAT_01|CAT_03|CAT_04,UNRESOLVED_FROM_DISCOVERY_METADATA,UNRESOLVED_FROM_DISCOVERY_METADATA,POSSIBLY_RELEVANT,LIMITED_DISCOVERY_SIGNAL:CATEGORY_CONTEXT;EVENTS:1,Journal of Polymer Science Part B Polymer Physics,article,https://openalex.org/W1980328470,outputs/phase_two/p2_e1_pilot_v0.1/search/raw_retrieval/p2e1b_openalex_10_works.json,FALSE,TRUE,AI_ASSISTED_DISCOVERY
P2SRC_C1FFF6F6E8E4389AFEAE,Biomedical Applications of Zinc Oxide Nanomaterials,Yi Zhang; Tapas R. Nayak; Hao Hong; Weibo Cai,2013-11-01,10.2174/1566524013666131111130058,24206130,,https://openalex.org/W2137620557,DOI:10.2174/1566524013666131111130058,SCHOLARLY_RECORD,P2E1B_OPENALEX_12,CAT_01|CAT_05|CAT_06,UNRESOLVED_FROM_DISCOVERY_METADATA,UNRESOLVED_FROM_DISCOVERY_METADATA,POSSIBLY_RELEVANT,LIMITED_DISCOVERY_SIGNAL:CATEGORY_CONTEXT;EVENTS:1,Current Molecular Medicine,article,https://openalex.org/W2137620557,outputs/phase_two/p2_e1_pilot_v0.1/search/raw_retrieval/p2e1b_openalex_12_works.json,FALSE,TRUE,AI_ASSISTED_DISCOVERY
P2SRC_12EC2D8E5AD971436A27,"Biomedical Big Data Technologies, Applications, and Challenges for Precision Medicine: A Review",Yang X; Huang K; Yang D; Zhao W; Zhou X,2024 Jan,10.1002/gch2.202300163,38223896,PMC10784210,,PMID:38223896,SCHOLARLY_RECORD,P2E1B_PUBMED_09,CAT_05|CAT_06,UNRESOLVED_FROM_DISCOVERY_METADATA,UNRESOLVED_FROM_DISCOVERY_METADATA,POSSIBLY_RELEVANT,LIMITED_DISCOVERY_SIGNAL:CATEGORY_CONTEXT;EVENTS:1,"Global challenges (Hoboken, NJ)",Journal Article|Review,PMID:38223896,outputs/phase_two/p2_e1_pilot_v0.1/search/raw_retrieval/p2e1b_pubmed_09_esummary.json,UNRESOLVED_FROM_DISCOVERY_METADATA,TRUE,AI_ASSISTED_DISCOVERY
P2SRC_7E28E78EFC8DF3A6AC7C,Biomedical knowledge graph verification with multitask learning architectures,Wei CP; Tsai PY; Li JJ,2025 Sep,10.1016/j.jbi.2025.104894,40835041,,,PMID:40835041,SCHOLARLY_RECORD,P2E1B_PUBMED_03,CAT_01|CAT_03,UNRESOLVED_FROM_DISCOVERY_METADATA,UNRESOLVED_FROM_DISCOVERY_METADATA,POSSIBLY_RELEVANT,LIMITED_DISCOVERY_SIGNAL:knowledge graph;EVENTS:1,Journal of biomedical informatics,"Journal Article|Research Support, Non-U.S. Gov't",PMID:40835041,outputs/phase_two/p2_e1_pilot_v0.1/search/raw_retrieval/p2e1b_pubmed_03_esummary.json,UNRESOLVED_FROM_DISCOVERY_METADATA,TRUE,AI_ASSISTED_DISCOVERY
P2SRC_6F64EE3ED61BC51C208F,Biomedical knowledge graph-optimized prompt generation for large language models,Karthik Soman; Peter W. Rose; John H. Morris; Rabia E Akbas; Brett Smith; Braian Peetoom; Catalina Villouta-Reyes; Gabriel Cerono; Yongmei Shi; Angela Rizk‐Jackson; Sharat Israni; Charlotte Nelson; Sui Huang; Sergio E. Baranzini,2024-09-01,10.1093/bioinformatics/btae560,39288310,PMC11441322,https://openalex.org/W4402567773,DOI:10.1093/bioinformatics/btae560,SCHOLARLY_RECORD,P2E1B_OPENALEX_03|P2E1B_PUBMED_03,CAT_01|CAT_03,UNRESOLVED_FROM_DISCOVERY_METADATA,UNRESOLVED_FROM_DISCOVERY_METADATA,LIKELY_RELEVANT,DISCOVERY_KEYWORDS:knowledge graph|large language model|provenance;EVENTS:2,Bioinformatics,article,PMID:39288310|https://openalex.org/W4402567773,outputs/phase_two/p2_e1_pilot_v0.1/search/raw_retrieval/p2e1b_openalex_03_works.json|outputs/phase_two/p2_e1_pilot_v0.1/search/raw_retrieval/p2e1b_pubmed_03_esummary.json,FALSE,TRUE,AI_ASSISTED_DISCOVERY
P2SRC_61E2B67029926AE49A08,"Biomedical polymers: synthesis, properties, and applications",Chen WH; Chen QW; Chen Q; Cui C; Duan S; Kang Y; Liu Y; Liu Y; Muhammad W; Shao S; Tang C; Wang J; Wang L; Xiong MH; Yin L; Zhang K; Zhang Z; Zhen X; Feng J; Gao C; Gu Z; He C; Ji J; Jiang X; Liu W; Liu Z; Peng H; Shen Y; Shi L; Sun X; Wang H; Wang J; Xiao H; Xu FJ; Zhong Z; Zhang XZ; Chen X,2022,10.1007/s11426-022-1243-5,35505924,PMC9050484,,PMID:35505924,SCHOLARLY_RECORD,P2E1B_PUBMED_12,CAT_01|CAT_05|CAT_06,UNRESOLVED_FROM_DISCOVERY_METADATA,UNRESOLVED_FROM_DISCOVERY_METADATA,POSSIBLY_RELEVANT,LIMITED_DISCOVERY_SIGNAL:CATEGORY_CONTEXT;EVENTS:1,Science China. Chemistry,Journal Article|Review,PMID:35505924,outputs/phase_two/p2_e1_pilot_v0.1/search/raw_retrieval/p2e1b_pubmed_12_esummary.json,UNRESOLVED_FROM_DISCOVERY_METADATA,TRUE,AI_ASSISTED_DISCOVERY
P2SRC_455378DB8D94BE63A700,Birth Weight and Subsequent Risk of Total Leukemia and Acute Leukemia: A Systematic Review and Meta-Analysis,Che H; Long D; Sun Q; Wang L; Li Y,2021,10.3389/fped.2021.722471,34631622,PMC8495325,,PMID:34631622,SCHOLARLY_RECORD,P2E1B_PUBMED_08,CAT_01|CAT_05|CAT_06,UNRESOLVED_FROM_DISCOVERY_METADATA,UNRESOLVED_FROM_DISCOVERY_METADATA,POSSIBLY_RELEVANT,LIMITED_DISCOVERY_SIGNAL:CATEGORY_CONTEXT;EVENTS:1,Frontiers in pediatrics,Systematic Review|Journal Article,PMID:34631622,outputs/phase_two/p2_e1_pilot_v0.1/search/raw_retrieval/p2e1b_pubmed_08_esummary.json,UNRESOLVED_FROM_DISCOVERY_METADATA,TRUE,AI_ASSISTED_DISCOVERY
P2SRC_13A38AC5C3D97D70067E,Bisphosphonate-based nanocomposite hydrogels for biomedical applications,Yuan W; Li Z; Xie X; Zhang ZY; Bian L,2020 Dec,10.1016/j.bioactmat.2020.06.002,32637746,PMC7321771,,PMID:32637746,SCHOLARLY_RECORD,P2E1B_PUBMED_12,CAT_01|CAT_05|CAT_06,UNRESOLVED_FROM_DISCOVERY_METADATA,UNRESOLVED_FROM_DISCOVERY_METADATA,POSSIBLY_RELEVANT,LIMITED_DISCOVERY_SIGNAL:CATEGORY_CONTEXT;EVENTS:1,Bioactive materials,Journal Article|Review,PMID:32637746,outputs/phase_two/p2_e1_pilot_v0.1/search/raw_retrieval/p2e1b_pubmed_12_esummary.json,UNRESOLVED_FROM_DISCOVERY_METADATA,TRUE,AI_ASSISTED_DISCOVERY
P2SRC_25613EBA6B7DAB5B7C4C,Blockchain technology in the energy sector: A systematic review of challenges and opportunities,Merlinda Andoni; Valentin Robu; David Flynn; Simone Abram; Dale Geach; David Jenkins; Peter McCallum; Andrew Peacock,2018-11-03,10.1016/j.rser.2018.10.014,,,https://openalex.org/W2899357412,DOI:10.1016/j.rser.2018.10.014,SCHOLARLY_RECORD,P2E1B_OPENALEX_05,CAT_05,UNRESOLVED_FROM_DISCOVERY_METADATA,UNRESOLVED_FROM_DISCOVERY_METADATA,LIKELY_OUT_OF_SCOPE,NO_TARGET_EVIDENCE_OR_REPRESENTATION_SIGNAL_IN_CAPTURED_METADATA,Renewable and Sustainable Energy Reviews,review,https://openalex.org/W2899357412,outputs/phase_two/p2_e1_pilot_v0.1/search/raw_retrieval/p2e1b_openalex_05_works.json,FALSE,TRUE,AI_ASSISTED_DISCOVERY
P2SRC_37035A9C2AAB2CD3B579,Breast Cancer Screening Using Tomosynthesis or Mammography: A Meta-analysis of Cancer Detection and Recall,M. Luke Marinovich; Kylie E Hunter; Petra Macaskill; Nehmat Houssami,2018-06-15,10.1093/jnci/djy121,30107542,,https://openalex.org/W2885655595,DOI:10.1093/jnci/djy121,SCHOLARLY_RECORD,P2E1B_OPENALEX_08,CAT_01|CAT_05|CAT_06,UNRESOLVED_FROM_DISCOVERY_METADATA,UNRESOLVED_FROM_DISCOVERY_METADATA,POSSIBLY_RELEVANT,LIMITED_DISCOVERY_SIGNAL:overlapping cohort;EVENTS:1,JNCI Journal of the National Cancer Institute,review,https://openalex.org/W2885655595,outputs/phase_two/p2_e1_pilot_v0.1/search/raw_retrieval/p2e1b_openalex_08_works.json,FALSE,TRUE,AI_ASSISTED_DISCOVERY
P2SRC_3B111E6A7F36E8A9ADF1,Building a knowledge graph to enable precision medicine,Payal Chandak; Kexin Huang; Marinka Žitnik,2023-02-02,10.1038/s41597-023-01960-3,36732524,,https://openalex.org/W4318983406,DOI:10.1038/s41597-023-01960-3,SCHOLARLY_RECORD,P2E1B_OPENALEX_03|P2E1B_OPENALEX_07,CAT_01|CAT_03|CAT_07,UNRESOLVED_FROM_DISCOVERY_METADATA,UNRESOLVED_FROM_DISCOVERY_METADATA,LIKELY_RELEVANT,DISCOVERY_KEYWORDS:knowledge graph;EVENTS:2,Scientific Data,data-paper,https://openalex.org/W4318983406,outputs/phase_two/p2_e1_pilot_v0.1/search/raw_retrieval/p2e1b_openalex_03_works.json|outputs/phase_two/p2_e1_pilot_v0.1/search/raw_retrieval/p2e1b_openalex_07_works.json,FALSE,TRUE,AI_ASSISTED_DISCOVERY
P2SRC_4D26FAFEEACE64452F36,Building a PubMed knowledge graph,Jian Xu; Sunkyu Kim; Min Song; Minbyul Jeong; Donghyeon Kim; Jaewoo Kang; Justin F. Rousseau; Xin Li; Weijia Xu; Vetle I. Torvik; Yi Bu; Chongyan Chen; Islam Akef Ebeid; Daifeng Li; Ying Ding,2020-06-26,10.1038/s41597-020-0543-2,32591513,,https://openalex.org/W3038003025,DOI:10.1038/s41597-020-0543-2,SCHOLARLY_RECORD,P2E1B_OPENALEX_03,CAT_01|CAT_03,UNRESOLVED_FROM_DISCOVERY_METADATA,UNRESOLVED_FROM_DISCOVERY_METADATA,POSSIBLY_RELEVANT,LIMITED_DISCOVERY_SIGNAL:knowledge graph;EVENTS:1,Scientific Data,data-paper,https://openalex.org/W3038003025,outputs/phase_two/p2_e1_pilot_v0.1/search/raw_retrieval/p2e1b_openalex_03_works.json,FALSE,TRUE,AI_ASSISTED_DISCOVERY
P2SRC_EF7D22EC39629E124A8D,"Building Flexible, Scalable, and Machine Learning-Ready Multimodal Oncology Datasets",Tripathi A; Waqas A; Venkatesan K; Yilmaz Y; Rasool G,2024 Mar 2,10.3390/s24051634,38475170,PMC10933897,,PMID:38475170,SCHOLARLY_RECORD,P2E1B_PUBMED_10,CAT_01|CAT_03|CAT_04,UNRESOLVED_FROM_DISCOVERY_METADATA,UNRESOLVED_FROM_DISCOVERY_METADATA,POSSIBLY_RELEVANT,LIMITED_DISCOVERY_SIGNAL:machine learning;EVENTS:1,"Sensors (Basel, Switzerland)",Journal Article,PMID:38475170,outputs/phase_two/p2_e1_pilot_v0.1/search/raw_retrieval/p2e1b_pubmed_10_esummary.json,UNRESOLVED_FROM_DISCOVERY_METADATA,TRUE,AI_ASSISTED_DISCOVERY
P2SRC_9CD6D0B2AEFC69314F1E,Can artificial intelligence transform antiviral drug discovery?,Tirosyan I; Gabrielyan Y; Petrosyan V; Vignuzzi M; Zakaryan H,2026 May,10.1016/j.drudis.2026.104648,41875943,,,PMID:41875943,SCHOLARLY_RECORD,P2E1B_PUBMED_07,CAT_01|CAT_07,UNRESOLVED_FROM_DISCOVERY_METADATA,UNRESOLVED_FROM_DISCOVERY_METADATA,POSSIBLY_RELEVANT,LIMITED_DISCOVERY_SIGNAL:artificial intelligence;EVENTS:1,Drug discovery today,Journal Article|Review,PMID:41875943,outputs/phase_two/p2_e1_pilot_v0.1/search/raw_retrieval/p2e1b_pubmed_07_esummary.json,UNRESOLVED_FROM_DISCOVERY_METADATA,TRUE,AI_ASSISTED_DISCOVERY
P2SRC_6FC692522394BF971331,Can Continuous Positive Airway Pressure Reduce the Risk of Stroke in Obstructive Sleep Apnea Patients? A Systematic Review and Meta-Analysis,Kim Y; Koo YS; Lee HY; Lee SY,2016,10.1371/journal.pone.0146317,26731604,PMC4701420,,PMID:26731604,SCHOLARLY_RECORD,P2E1B_PUBMED_08,CAT_01|CAT_05|CAT_06,UNRESOLVED_FROM_DISCOVERY_METADATA,UNRESOLVED_FROM_DISCOVERY_METADATA,POSSIBLY_RELEVANT,LIMITED_DISCOVERY_SIGNAL:CATEGORY_CONTEXT;EVENTS:1,PloS one,"Journal Article|Meta-Analysis|Research Support, Non-U.S. Gov't|Systematic Review",PMID:26731604,outputs/phase_two/p2_e1_pilot_v0.1/search/raw_retrieval/p2e1b_pubmed_08_esummary.json,UNRESOLVED_FROM_DISCOVERY_METADATA,TRUE,AI_ASSISTED_DISCOVERY
P2SRC_84B434C998C903F1888F,Cancer and Syria in conflict: a systematic review,Basha L; Ahmed H; Hamze M; Ali AA; Alahdab F; Marzouk M; Sullivan R; Abbara A,2024 Dec 18,10.1186/s12885-024-13256-9,39695449,PMC11656653,,PMID:39695449,SCHOLARLY_RECORD,P2E1B_PUBMED_05,CAT_05,UNRESOLVED_FROM_DISCOVERY_METADATA,UNRESOLVED_FROM_DISCOVERY_METADATA,LIKELY_OUT_OF_SCOPE,NO_TARGET_EVIDENCE_OR_REPRESENTATION_SIGNAL_IN_CAPTURED_METADATA,BMC cancer,Journal Article|Systematic Review,PMID:39695449,outputs/phase_two/p2_e1_pilot_v0.1/search/raw_retrieval/p2e1b_pubmed_05_esummary.json,UNRESOLVED_FROM_DISCOVERY_METADATA,TRUE,AI_ASSISTED_DISCOVERY
P2SRC_F117F927EE1BAD3D1676,"Cancer nanomedicine: progress, challenges and opportunities",Jinjun Shi; Philip W. Kantoff; Richard Wooster; Omid C. Farokhzad,2016-11-11,10.1038/nrc.2016.108,27834398,,https://openalex.org/W2554773181,DOI:10.1038/nrc.2016.108,SCHOLARLY_RECORD,P2E1B_OPENALEX_12,CAT_01|CAT_05|CAT_06,UNRESOLVED_FROM_DISCOVERY_METADATA,UNRESOLVED_FROM_DISCOVERY_METADATA,POSSIBLY_RELEVANT,LIMITED_DISCOVERY_SIGNAL:CATEGORY_CONTEXT;EVENTS:1,Nature reviews. Cancer,article,https://openalex.org/W2554773181,outputs/phase_two/p2_e1_pilot_v0.1/search/raw_retrieval/p2e1b_openalex_12_works.json,FALSE,TRUE,AI_ASSISTED_DISCOVERY
P2SRC_D5B33AA3D933B09DDA29,CARD 2020: antibiotic resistome surveillance with the comprehensive antibiotic resistance database,Brian Alcock; Amogelang R. Raphenya; Tammy T. Y. Lau; Kara K. Tsang; Mégane Bouchard; Arman Edalatmand; William Huynh; Anna‐Lisa V. Nguyen; Annie A. Cheng; Sihan Liu; Sally Y Min; Anatoly Miroshnichenko; Hiu‐Ki R. Tran; Rafik El Werfalli; Jalees A. Nasir; Martins Oloni; David J. Speicher; Alexandra Florescu; Bhavya Singh; Mateusz Faltyn; Anastasia Hernández-Koutoucheva; Arjun Sharma; Emily Bordeleau; A Pawłowski; Haley L. Zubyk; Damion Dooley; Emma Griffiths; Finlay Maguire; Geoffrey L. Winsor; Robert G. Beiko; Fiona S. L. Brinkman; William Hsiao; Gary Van Domselaar; Andrew G. McArthur,2019-10-08,10.1093/nar/gkz935,31665441,,https://openalex.org/W2982531601,DOI:10.1093/nar/gkz935,SCHOLARLY_RECORD,P2E1B_OPENALEX_04,CAT_04,UNRESOLVED_FROM_DISCOVERY_METADATA,UNRESOLVED_FROM_DISCOVERY_METADATA,LIKELY_OUT_OF_SCOPE,NO_TARGET_EVIDENCE_OR_REPRESENTATION_SIGNAL_IN_CAPTURED_METADATA,Nucleic Acids Research,article,https://openalex.org/W2982531601,outputs/phase_two/p2_e1_pilot_v0.1/search/raw_retrieval/p2e1b_openalex_04_works.json,FALSE,TRUE,AI_ASSISTED_DISCOVERY
P2SRC_183AD4BE93EFBA9E89EC,Cardiovascular Disease Incidence and Cardiovascular Health Among Diverse Women With Breast and Gynecologic Cancers,Nolan TS; Sinnott JA; Krok-Schoen JL; Arthur EK; Ridgway-Limle E; Gray Ii DM; Addison D; Smith S; Williams KP; Hood DB; Joseph JJ; Felix A,2024 Feb 19,10.1188/24.ONF.113-125,38442281,PMC11350631,,PMID:38442281,SCHOLARLY_RECORD,P2E1B_PUBMED_09,CAT_05|CAT_06,UNRESOLVED_FROM_DISCOVERY_METADATA,UNRESOLVED_FROM_DISCOVERY_METADATA,POSSIBLY_RELEVANT,LIMITED_DISCOVERY_SIGNAL:CATEGORY_CONTEXT;EVENTS:1,Oncology nursing forum,"Journal Article|Research Support, N.I.H., Extramural",PMID:38442281,outputs/phase_two/p2_e1_pilot_v0.1/search/raw_retrieval/p2e1b_pubmed_09_esummary.json,UNRESOLVED_FROM_DISCOVERY_METADATA,TRUE,AI_ASSISTED_DISCOVERY
P2SRC_A48D19D9E000BD3C17FB,Causal inference from experiment and observation,Zwahlen M; Salanti G,2018 Feb,10.1136/eb-2017-102859,29289944,PMC10283410,,PMID:29289944,SCHOLARLY_RECORD,P2E1B_PUBMED_09,CAT_05|CAT_06,UNRESOLVED_FROM_DISCOVERY_METADATA,UNRESOLVED_FROM_DISCOVERY_METADATA,POSSIBLY_RELEVANT,LIMITED_DISCOVERY_SIGNAL:CATEGORY_CONTEXT;EVENTS:1,Evidence-based mental health,Journal Article,PMID:29289944,outputs/phase_two/p2_e1_pilot_v0.1/search/raw_retrieval/p2e1b_pubmed_09_esummary.json,UNRESOLVED_FROM_DISCOVERY_METADATA,TRUE,AI_ASSISTED_DISCOVERY
P2SRC_342010D3C22EB37E862F,Causal network between periodontitis and systemic inflammation: Triangulating evidence from Mendelian randomization and sequencing datasets,Zhu G; Yang K; Liu T; Chen Y; Li R; Dong J; Xing L,2025 Dec,10.1002/JPER.24-0382,40627758,,,PMID:40627758,SCHOLARLY_RECORD,P2E1B_PUBMED_02,CAT_01|CAT_02,UNRESOLVED_FROM_DISCOVERY_METADATA,UNRESOLVED_FROM_DISCOVERY_METADATA,POSSIBLY_RELEVANT,LIMITED_DISCOVERY_SIGNAL:CATEGORY_CONTEXT;EVENTS:1,Journal of periodontology,Journal Article,PMID:40627758,outputs/phase_two/p2_e1_pilot_v0.1/search/raw_retrieval/p2e1b_pubmed_02_esummary.json,UNRESOLVED_FROM_DISCOVERY_METADATA,TRUE,AI_ASSISTED_DISCOVERY
P2SRC_07EFE1B8B4B588D86520,CD-HIT: accelerated for clustering the next-generation sequencing data,LiMin Fu; Beifang Niu; Zhengwei Zhu; Sitao Wu; Weizhong Li,2012-10-11,10.1093/bioinformatics/bts565,23060610,,https://openalex.org/W2170747616,DOI:10.1093/bioinformatics/bts565,SCHOLARLY_RECORD,P2E1B_OPENALEX_04,CAT_04,UNRESOLVED_FROM_DISCOVERY_METADATA,UNRESOLVED_FROM_DISCOVERY_METADATA,LIKELY_OUT_OF_SCOPE,NO_TARGET_EVIDENCE_OR_REPRESENTATION_SIGNAL_IN_CAPTURED_METADATA,Bioinformatics,article,https://openalex.org/W2170747616,outputs/phase_two/p2_e1_pilot_v0.1/search/raw_retrieval/p2e1b_openalex_04_works.json,FALSE,TRUE,AI_ASSISTED_DISCOVERY
P2SRC_AFB50F1E10C986545B42,Celastrol directly targets LRP1 to inhibit fibroblast-macrophage crosstalk and ameliorates psoriasis progression,Zhu Y; Zhao L; Yan W; Ma H; Zhao W; Qu J; Zheng W; Zhang C; Du H; Yu M; Wan N; Ye H; Xie Y; Ke B; Xu Q; Sun H; Sun Y; Ouyang Z,2025 Feb,10.1016/j.apsb.2024.12.041,40177548,PMC11959968,,PMID:40177548,SCHOLARLY_RECORD,P2E1B_PUBMED_01,CAT_01,UNRESOLVED_FROM_DISCOVERY_METADATA,UNRESOLVED_FROM_DISCOVERY_METADATA,POSSIBLY_RELEVANT,LIMITED_DISCOVERY_SIGNAL:CATEGORY_CONTEXT;EVENTS:1,Acta pharmaceutica Sinica. B,Journal Article,PMID:40177548,outputs/phase_two/p2_e1_pilot_v0.1/search/raw_retrieval/p2e1b_pubmed_01_esummary_retry.json,UNRESOLVED_FROM_DISCOVERY_METADATA,TRUE,AI_ASSISTED_DISCOVERY
P2SRC_F8C4B1F9F3C4AFF798C2,Cellular senescence in posterior segment neovascular diseases: A proposed feed-forward amplification model,Wang Y; Luo T; Li C; Zhou L; Lin H; Yang MM,2026 Aug 7,10.1016/j.exer.2026.111189,42567397,,,PMID:42567397,SCHOLARLY_RECORD,P2E1B_PUBMED_08,CAT_01|CAT_05|CAT_06,UNRESOLVED_FROM_DISCOVERY_METADATA,UNRESOLVED_FROM_DISCOVERY_METADATA,POSSIBLY_RELEVANT,LIMITED_DISCOVERY_SIGNAL:CATEGORY_CONTEXT;EVENTS:1,Experimental eye research,Journal Article|Review,PMID:42567397,outputs/phase_two/p2_e1_pilot_v0.1/search/raw_retrieval/p2e1b_pubmed_08_esummary.json,UNRESOLVED_FROM_DISCOVERY_METADATA,TRUE,AI_ASSISTED_DISCOVERY
P2SRC_14D7AB1A0262C8E9735A,Challenges and Concerns in the Utilization of Meta-Analysis Software: Navigating the Landscape of Scientific Synthesis,Yadav S,2024 Jan,10.7759/cureus.53322,38435898,PMC10906933,,PMID:38435898,SCHOLARLY_RECORD,P2E1B_PUBMED_05,CAT_05,UNRESOLVED_FROM_DISCOVERY_METADATA,UNRESOLVED_FROM_DISCOVERY_METADATA,LIKELY_OUT_OF_SCOPE,NO_TARGET_EVIDENCE_OR_REPRESENTATION_SIGNAL_IN_CAPTURED_METADATA,Cureus,Editorial,PMID:38435898,outputs/phase_two/p2_e1_pilot_v0.1/search/raw_retrieval/p2e1b_pubmed_05_esummary.json,UNRESOLVED_FROM_DISCOVERY_METADATA,TRUE,AI_ASSISTED_DISCOVERY
P2SRC_8C46D25A4DF4CB2B75A4,"ChatGPT Utility in Healthcare Education, Research, and Practice: Systematic Review on the Promising Perspectives and Valid Concerns",Malik Sallam,2023-03-19,10.3390/healthcare11060887,36981544,,https://openalex.org/W4327946446,DOI:10.3390/healthcare11060887,SCHOLARLY_RECORD,P2E1B_OPENALEX_14,CAT_01|CAT_07,UNRESOLVED_FROM_DISCOVERY_METADATA,UNRESOLVED_FROM_DISCOVERY_METADATA,LIKELY_RELEVANT,DISCOVERY_KEYWORDS:artificial intelligence|large language model;EVENTS:1,Healthcare,review,https://openalex.org/W4327946446,outputs/phase_two/p2_e1_pilot_v0.1/search/raw_retrieval/p2e1b_openalex_14_works.json,FALSE,TRUE,AI_ASSISTED_DISCOVERY
P2SRC_39AF6192189EE43932B6,Chemical Species Ontology for Data Integration and Knowledge Discovery,Pascazio L; Rihm S; Naseri A; Mosbach S; Akroyd J; Kraft M,2023 Nov 13,10.1021/acs.jcim.3c00820,37883649,PMC10647085,,PMID:37883649,SCHOLARLY_RECORD,P2E1B_PUBMED_10,CAT_01|CAT_03|CAT_04,UNRESOLVED_FROM_DISCOVERY_METADATA,UNRESOLVED_FROM_DISCOVERY_METADATA,POSSIBLY_RELEVANT,LIMITED_DISCOVERY_SIGNAL:CATEGORY_CONTEXT;EVENTS:1,Journal of chemical information and modeling,"Journal Article|Research Support, Non-U.S. Gov't",PMID:37883649,outputs/phase_two/p2_e1_pilot_v0.1/search/raw_retrieval/p2e1b_pubmed_10_esummary.json,UNRESOLVED_FROM_DISCOVERY_METADATA,TRUE,AI_ASSISTED_DISCOVERY
P2SRC_DA382F8168E5C256F082,Chitosan: An Update on Potential Biomedical and Pharmaceutical Applications,Randy Chi Fai Cheung; Tzi Bun Ng; Jack Ho Wong; Wai‐Yee Chan,2015-08-14,10.3390/md13085156,26287217,,https://openalex.org/W1877301297,DOI:10.3390/md13085156,SCHOLARLY_RECORD,P2E1B_OPENALEX_10,CAT_01|CAT_03|CAT_04,UNRESOLVED_FROM_DISCOVERY_METADATA,UNRESOLVED_FROM_DISCOVERY_METADATA,POSSIBLY_RELEVANT,LIMITED_DISCOVERY_SIGNAL:CATEGORY_CONTEXT;EVENTS:1,Marine Drugs,article,https://openalex.org/W1877301297,outputs/phase_two/p2_e1_pilot_v0.1/search/raw_retrieval/p2e1b_openalex_10_works.json,FALSE,TRUE,AI_ASSISTED_DISCOVERY
P2SRC_E73599650ED82C1A622A,Chitosan—A versatile semi-synthetic polymer in biomedical applications,Mamoni Dash; Emo Chiellini; Raphael M. Ottenbrite; Emo Chiellini,2011-02-23,10.1016/j.progpolymsci.2011.02.001,,,https://openalex.org/W2131945662,DOI:10.1016/j.progpolymsci.2011.02.001,SCHOLARLY_RECORD,P2E1B_OPENALEX_10,CAT_01|CAT_03|CAT_04,UNRESOLVED_FROM_DISCOVERY_METADATA,UNRESOLVED_FROM_DISCOVERY_METADATA,POSSIBLY_RELEVANT,LIMITED_DISCOVERY_SIGNAL:CATEGORY_CONTEXT;EVENTS:1,Progress in Polymer Science,article,https://openalex.org/W2131945662,outputs/phase_two/p2_e1_pilot_v0.1/search/raw_retrieval/p2e1b_openalex_10_works.json,FALSE,TRUE,AI_ASSISTED_DISCOVERY
P2SRC_166611BD685123B88EE5,Chromatin proteins and modifications as drug targets,Kristian Helin; Dashyant Dhanak,2013-10-22,10.1038/nature12751,24153301,,https://openalex.org/W2078616374,DOI:10.1038/nature12751,SCHOLARLY_RECORD,P2E1B_OPENALEX_01,CAT_01,UNRESOLVED_FROM_DISCOVERY_METADATA,UNRESOLVED_FROM_DISCOVERY_METADATA,POSSIBLY_RELEVANT,LIMITED_DISCOVERY_SIGNAL:drug target;EVENTS:1,Nature,article,https://openalex.org/W2078616374,outputs/phase_two/p2_e1_pilot_v0.1/search/raw_retrieval/p2e1b_openalex_01_works.json,FALSE,TRUE,AI_ASSISTED_DISCOVERY
P2SRC_FA7D0C2D4E3F015EBB2F,CINeMA: An approach for assessing confidence in the results of a network meta-analysis,Adriani Nikolakopoulou; Julian P. T. Higgins; Theodoros Papakonstantinou; Anna Chaimani; Cinzia Del Giovane; Matthias Egger; Georgia Salanti,2020-04-03,10.1371/journal.pmed.1003082,32243458,,https://openalex.org/W3015163167,DOI:10.1371/journal.pmed.1003082,SCHOLARLY_RECORD,P2E1B_OPENALEX_06,CAT_05|CAT_06,UNRESOLVED_FROM_DISCOVERY_METADATA,UNRESOLVED_FROM_DISCOVERY_METADATA,POSSIBLY_RELEVANT,LIMITED_DISCOVERY_SIGNAL:evidence synthesis;EVENTS:1,PLoS Medicine,article,https://openalex.org/W3015163167,outputs/phase_two/p2_e1_pilot_v0.1/search/raw_retrieval/p2e1b_openalex_06_works.json,FALSE,TRUE,AI_ASSISTED_DISCOVERY
P2SRC_555CC04AF9BCB10A7874,ClarID: a human-readable and compact identifier specification for biomedical metadata integration,Rueda M; Gut IG,2026 Apr 24,10.1186/s13326-026-00349-6,42050585,PMC13123180,,PMID:42050585,SCHOLARLY_RECORD,P2E1B_PUBMED_10,CAT_01|CAT_03|CAT_04,UNRESOLVED_FROM_DISCOVERY_METADATA,UNRESOLVED_FROM_DISCOVERY_METADATA,POSSIBLY_RELEVANT,LIMITED_DISCOVERY_SIGNAL:CATEGORY_CONTEXT;EVENTS:1,Journal of biomedical semantics,Journal Article,PMID:42050585,outputs/phase_two/p2_e1_pilot_v0.1/search/raw_retrieval/p2e1b_pubmed_10_esummary.json,UNRESOLVED_FROM_DISCOVERY_METADATA,TRUE,AI_ASSISTED_DISCOVERY
P2SRC_B9CAA2EE30D32E736160,ClarID: A Human-Readable and Compact Identifier Specification for Biomedical Metadata Integration,Rueda M; Gut IG,2025 Sep 7,10.1101/2025.09.05.25335150,40950469,PMC12424912,,PMID:40950469,SCHOLARLY_RECORD,P2E1B_PUBMED_10,CAT_01|CAT_03|CAT_04,UNRESOLVED_FROM_DISCOVERY_METADATA,UNRESOLVED_FROM_DISCOVERY_METADATA,POSSIBLY_RELEVANT,LIMITED_DISCOVERY_SIGNAL:CATEGORY_CONTEXT;EVENTS:1,medRxiv : the preprint server for health sciences,Journal Article|Preprint,PMID:40950469,outputs/phase_two/p2_e1_pilot_v0.1/search/raw_retrieval/p2e1b_pubmed_10_esummary.json,UNRESOLVED_FROM_DISCOVERY_METADATA,TRUE,AI_ASSISTED_DISCOVERY
P2SRC_2BC1CB1CCAF940BC4762,Clinical Spectroscopy: Lost in Translation?,Cameron JM; Rinaldi C; Rutherford SH; Sala A; G Theakstone A; Baker MJ,2022 Apr,10.1177/00037028211021846,34041957,,,PMID:34041957,SCHOLARLY_RECORD,P2E1B_PUBMED_12,CAT_01|CAT_05|CAT_06,UNRESOLVED_FROM_DISCOVERY_METADATA,UNRESOLVED_FROM_DISCOVERY_METADATA,POSSIBLY_RELEVANT,LIMITED_DISCOVERY_SIGNAL:CATEGORY_CONTEXT;EVENTS:1,Applied spectroscopy,Journal Article|Review,PMID:34041957,outputs/phase_two/p2_e1_pilot_v0.1/search/raw_retrieval/p2e1b_pubmed_12_esummary.json,UNRESOLVED_FROM_DISCOVERY_METADATA,TRUE,AI_ASSISTED_DISCOVERY
P2SRC_3DE2ED7D4710CEEF7405,Clinical translation of silica nanoparticles,Taskeen Iqbal Janjua; Yuxue Cao; Chengzhong Yu; Amirali Popat,2021-10-07,10.1038/s41578-021-00385-x,34642607,PMC8496429,https://openalex.org/W3203776961,DOI:10.1038/s41578-021-00385-x,SCHOLARLY_RECORD,P2E1B_OPENALEX_12|P2E1B_PUBMED_12,CAT_01|CAT_05|CAT_06,UNRESOLVED_FROM_DISCOVERY_METADATA,UNRESOLVED_FROM_DISCOVERY_METADATA,POSSIBLY_RELEVANT,LIMITED_DISCOVERY_SIGNAL:CATEGORY_CONTEXT;EVENTS:2,Nature Reviews Materials,article,PMID:34642607|https://openalex.org/W3203776961,outputs/phase_two/p2_e1_pilot_v0.1/search/raw_retrieval/p2e1b_openalex_12_works.json|outputs/phase_two/p2_e1_pilot_v0.1/search/raw_retrieval/p2e1b_pubmed_12_esummary.json,FALSE,TRUE,AI_ASSISTED_DISCOVERY
P2SRC_8292EF64F2A3613448F8,Cochrane Handbook for Systematic Reviews of Interventions,Michele Tarsilla,2010-08-03,10.56645/jmde.v6i14.284,,,https://openalex.org/W4362504902,DOI:10.56645/jmde.v6i14.284,SCHOLARLY_RECORD,P2E1B_OPENALEX_05,CAT_05,UNRESOLVED_FROM_DISCOVERY_METADATA,UNRESOLVED_FROM_DISCOVERY_METADATA,LIKELY_OUT_OF_SCOPE,NO_TARGET_EVIDENCE_OR_REPRESENTATION_SIGNAL_IN_CAPTURED_METADATA,Journal of MultiDisciplinary Evaluation,book-review,https://openalex.org/W4362504902,outputs/phase_two/p2_e1_pilot_v0.1/search/raw_retrieval/p2e1b_openalex_05_works.json,FALSE,TRUE,AI_ASSISTED_DISCOVERY
P2SRC_EFDF381AD0D94577974A,Combinatorial Nano-Bio Interfaces,Cai P; Zhang X; Wang M; Wu YL; Chen X,2018 Jun 26,10.1021/acsnano.8b03285,29883094,,,PMID:29883094,SCHOLARLY_RECORD,P2E1B_PUBMED_12,CAT_01|CAT_05|CAT_06,UNRESOLVED_FROM_DISCOVERY_METADATA,UNRESOLVED_FROM_DISCOVERY_METADATA,POSSIBLY_RELEVANT,LIMITED_DISCOVERY_SIGNAL:CATEGORY_CONTEXT;EVENTS:1,ACS nano,"Journal Article|Research Support, Non-U.S. Gov't|Review",PMID:29883094,outputs/phase_two/p2_e1_pilot_v0.1/search/raw_retrieval/p2e1b_pubmed_12_esummary.json,UNRESOLVED_FROM_DISCOVERY_METADATA,TRUE,AI_ASSISTED_DISCOVERY
P2SRC_47DB80B36DA5839AD767,Combining Mendelian randomization and multiomics data to determine the causal relationship between systemic inflammation and head and neck squamous cell carcinoma,Yang K; Zhu G; Li Y; Huang J; Zhang Y; Sun F; Sha Z; Zhang Y; Chen X,2026 Jun 25,10.1186/s12935-026-04359-3,42351157,,,PMID:42351157,SCHOLARLY_RECORD,P2E1B_PUBMED_02,CAT_01|CAT_02,UNRESOLVED_FROM_DISCOVERY_METADATA,UNRESOLVED_FROM_DISCOVERY_METADATA,POSSIBLY_RELEVANT,LIMITED_DISCOVERY_SIGNAL:CATEGORY_CONTEXT;EVENTS:1,Cancer cell international,Journal Article,PMID:42351157,outputs/phase_two/p2_e1_pilot_v0.1/search/raw_retrieval/p2e1b_pubmed_02_esummary.json,UNRESOLVED_FROM_DISCOVERY_METADATA,TRUE,AI_ASSISTED_DISCOVERY
P2SRC_FE6B139F2159EA017B64,COMET: Commonsense Transformers for Automatic Knowledge Graph Construction,Antoine Bosselut; Hannah Rashkin; Maarten Sap; Chaitanya Malaviya; Aslı Çelikyılmaz; Yejin Choi,2019-01-01,10.18653/v1/p19-1470,,,https://openalex.org/W2950339735,DOI:10.18653/v1/p19-1470,SCHOLARLY_RECORD,P2E1B_OPENALEX_03,CAT_01|CAT_03,UNRESOLVED_FROM_DISCOVERY_METADATA,UNRESOLVED_FROM_DISCOVERY_METADATA,POSSIBLY_RELEVANT,LIMITED_DISCOVERY_SIGNAL:knowledge graph;EVENTS:1,,conference-paper,https://openalex.org/W2950339735,outputs/phase_two/p2_e1_pilot_v0.1/search/raw_retrieval/p2e1b_openalex_03_works.json,FALSE,TRUE,AI_ASSISTED_DISCOVERY
P2SRC_98E2CFC3854B7DEC3A35,Communicating cardiovascular risk: Systematic review of qualitative evidence,Lorenc T; Stokes G; Fulbright H; Sutcliffe K; Sowden A,2024 Jun,10.1016/j.pec.2024.108231,38471312,,,PMID:38471312,SCHOLARLY_RECORD,P2E1B_PUBMED_05,CAT_05,UNRESOLVED_FROM_DISCOVERY_METADATA,UNRESOLVED_FROM_DISCOVERY_METADATA,POSSIBLY_RELEVANT,LIMITED_DISCOVERY_SIGNAL:CATEGORY_CONTEXT;EVENTS:1,Patient education and counseling,"Systematic Review|Journal Article|Research Support, N.I.H., Extramural",PMID:38471312,outputs/phase_two/p2_e1_pilot_v0.1/search/raw_retrieval/p2e1b_pubmed_05_esummary.json,UNRESOLVED_FROM_DISCOVERY_METADATA,TRUE,AI_ASSISTED_DISCOVERY
P2SRC_39DA9F51F7C004D1501A,CompositeView: A Network-Based Visualization Tool,Allegri SA; McCoy K; Mitchell CS,2022 Jun,10.3390/bdcc6020066,35847767,PMC9281616,,PMID:35847767,SCHOLARLY_RECORD,P2E1B_PUBMED_03,CAT_01|CAT_03,UNRESOLVED_FROM_DISCOVERY_METADATA,UNRESOLVED_FROM_DISCOVERY_METADATA,POSSIBLY_RELEVANT,LIMITED_DISCOVERY_SIGNAL:CATEGORY_CONTEXT;EVENTS:1,Big data and cognitive computing,Journal Article,PMID:35847767,outputs/phase_two/p2_e1_pilot_v0.1/search/raw_retrieval/p2e1b_pubmed_03_esummary.json,UNRESOLVED_FROM_DISCOVERY_METADATA,TRUE,AI_ASSISTED_DISCOVERY
P2SRC_7BC999E6BCD65FF08CBB,Comprehensive Analysis of the Expression and Clinical Significance of THO Complex Members in Hepatocellular Carcinoma,Li X; Liu Z; Wei X; Lin J; Yang Q; Xie Y,2022,10.2147/IJGM.S349925,35300138,PMC8922240,,PMID:35300138,SCHOLARLY_RECORD,P2E1B_PUBMED_02,CAT_01|CAT_02,UNRESOLVED_FROM_DISCOVERY_METADATA,UNRESOLVED_FROM_DISCOVERY_METADATA,POSSIBLY_RELEVANT,LIMITED_DISCOVERY_SIGNAL:CATEGORY_CONTEXT;EVENTS:1,International journal of general medicine,Journal Article,PMID:35300138,outputs/phase_two/p2_e1_pilot_v0.1/search/raw_retrieval/p2e1b_pubmed_02_esummary.json,UNRESOLVED_FROM_DISCOVERY_METADATA,TRUE,AI_ASSISTED_DISCOVERY
P2SRC_D91809C80A9BC00F67B1,Comprehensive applications of the artificial intelligence technology in new drug research and development,Chen H; Lu D; Xiao Z; Li S; Zhang W; Luan X; Zhang W; Zheng G,2024 Dec,10.1007/s13755-024-00300-y,39130617,PMC11310389,,PMID:39130617,SCHOLARLY_RECORD,P2E1B_PUBMED_07,CAT_01|CAT_07,UNRESOLVED_FROM_DISCOVERY_METADATA,UNRESOLVED_FROM_DISCOVERY_METADATA,POSSIBLY_RELEVANT,LIMITED_DISCOVERY_SIGNAL:artificial intelligence;EVENTS:1,Health information science and systems,Journal Article|Review,PMID:39130617,outputs/phase_two/p2_e1_pilot_v0.1/search/raw_retrieval/p2e1b_pubmed_07_esummary.json,UNRESOLVED_FROM_DISCOVERY_METADATA,TRUE,AI_ASSISTED_DISCOVERY
P2SRC_D3F8CD57F68FF67FE648,Computational Methods for Single-cell DNA Methylome Analysis,Iqbal W; Zhou W,2023 Feb,10.1016/j.gpb.2022.05.007,35718270,PMC10372927,,PMID:35718270,SCHOLARLY_RECORD,P2E1B_PUBMED_04,CAT_04,UNRESOLVED_FROM_DISCOVERY_METADATA,UNRESOLVED_FROM_DISCOVERY_METADATA,LIKELY_OUT_OF_SCOPE,NO_TARGET_EVIDENCE_OR_REPRESENTATION_SIGNAL_IN_CAPTURED_METADATA,"Genomics, proteomics & bioinformatics","Journal Article|Review|Research Support, Non-U.S. Gov't",PMID:35718270,outputs/phase_two/p2_e1_pilot_v0.1/search/raw_retrieval/p2e1b_pubmed_04_esummary.json,UNRESOLVED_FROM_DISCOVERY_METADATA,TRUE,AI_ASSISTED_DISCOVERY
P2SRC_5D5F93BF4EB58D2402A4,Conflict and performance in channels: a meta-analysis,Eshghi K; Ray S,2021,10.1007/s11747-020-00751-1,33204045,PMC7661814,,PMID:33204045,SCHOLARLY_RECORD,P2E1B_PUBMED_06,CAT_05|CAT_06,UNRESOLVED_FROM_DISCOVERY_METADATA,UNRESOLVED_FROM_DISCOVERY_METADATA,POSSIBLY_RELEVANT,LIMITED_DISCOVERY_SIGNAL:CATEGORY_CONTEXT;EVENTS:1,Journal of the Academy of Marketing Science,Journal Article,PMID:33204045,outputs/phase_two/p2_e1_pilot_v0.1/search/raw_retrieval/p2e1b_pubmed_06_esummary.json,UNRESOLVED_FROM_DISCOVERY_METADATA,TRUE,AI_ASSISTED_DISCOVERY
P2SRC_70E902B6E98600A2F027,Constructing knowledge graphs and their biomedical applications,David N. Nicholson; Casey S. Greene,2020-01-01,10.1016/j.csbj.2020.05.017,32637040,PMC7327409,https://openalex.org/W3033896008,DOI:10.1016/j.csbj.2020.05.017,SCHOLARLY_RECORD,P2E1B_OPENALEX_03|P2E1B_PUBMED_03,CAT_01|CAT_03,UNRESOLVED_FROM_DISCOVERY_METADATA,UNRESOLVED_FROM_DISCOVERY_METADATA,LIKELY_RELEVANT,DISCOVERY_KEYWORDS:knowledge graph|machine learning;EVENTS:2,Computational and Structural Biotechnology Journal,article,PMID:32637040|https://openalex.org/W3033896008,outputs/phase_two/p2_e1_pilot_v0.1/search/raw_retrieval/p2e1b_openalex_03_works.json|outputs/phase_two/p2_e1_pilot_v0.1/search/raw_retrieval/p2e1b_pubmed_03_esummary.json,FALSE,TRUE,AI_ASSISTED_DISCOVERY
P2SRC_5C0E45CB88946A290517,Convolutional 2D Knowledge Graph Embeddings,Tim Dettmers; Pasquale Minervini; Pontus Stenetorp; Sebastian Riedel,2018-04-25,10.1609/aaai.v32i1.11573,,,https://openalex.org/W2728059831,DOI:10.1609/aaai.v32i1.11573,SCHOLARLY_RECORD,P2E1B_OPENALEX_06|P2E1B_OPENALEX_10,CAT_01|CAT_03|CAT_04|CAT_05|CAT_06,UNRESOLVED_FROM_DISCOVERY_METADATA,UNRESOLVED_FROM_DISCOVERY_METADATA,LIKELY_RELEVANT,DISCOVERY_KEYWORDS:knowledge graph;EVENTS:2,Proceedings of the AAAI Conference on Artificial Intelligence,conference-paper,https://openalex.org/W2728059831,outputs/phase_two/p2_e1_pilot_v0.1/search/raw_retrieval/p2e1b_openalex_06_works.json|outputs/phase_two/p2_e1_pilot_v0.1/search/raw_retrieval/p2e1b_openalex_10_works.json,FALSE,TRUE,AI_ASSISTED_DISCOVERY
P2SRC_3A56DF166D7D99F6C064,"Core-crosslinked polymeric micelles: Principles, preparation, biomedical applications and clinical translation",Marina Talelli; Matthias Barz; Cristianne J.F. Rijcken; Fabian Kießling; Wim E. Hennink; Twan Lammers,2015-02-01,10.1016/j.nantod.2015.01.005,25893004,,https://openalex.org/W2072931565,DOI:10.1016/j.nantod.2015.01.005,SCHOLARLY_RECORD,P2E1B_OPENALEX_12,CAT_01|CAT_05|CAT_06,UNRESOLVED_FROM_DISCOVERY_METADATA,UNRESOLVED_FROM_DISCOVERY_METADATA,POSSIBLY_RELEVANT,LIMITED_DISCOVERY_SIGNAL:CATEGORY_CONTEXT;EVENTS:1,Nano Today,article,https://openalex.org/W2072931565,outputs/phase_two/p2_e1_pilot_v0.1/search/raw_retrieval/p2e1b_openalex_12_works.json,FALSE,TRUE,AI_ASSISTED_DISCOVERY
P2SRC_54B0997EB4D4E9BF124A,Current Biomedical Applications of 3D-Printed Hydrogels,Barcena AJR; Dhal K; Patel P; Ravi P; Kundu S; Tappa K,2023 Dec 21,10.3390/gels10010008,38275845,PMC10815850,,PMID:38275845,SCHOLARLY_RECORD,P2E1B_PUBMED_12,CAT_01|CAT_05|CAT_06,UNRESOLVED_FROM_DISCOVERY_METADATA,UNRESOLVED_FROM_DISCOVERY_METADATA,POSSIBLY_RELEVANT,LIMITED_DISCOVERY_SIGNAL:CATEGORY_CONTEXT;EVENTS:1,"Gels (Basel, Switzerland)",Journal Article|Review,PMID:38275845,outputs/phase_two/p2_e1_pilot_v0.1/search/raw_retrieval/p2e1b_pubmed_12_esummary.json,UNRESOLVED_FROM_DISCOVERY_METADATA,TRUE,AI_ASSISTED_DISCOVERY
P2SRC_A511BC19C6B8A1C2CB12,Current hydrogel advances in physicochemical and biological response-driven biomedical application diversity,Huấn Cao; Lixia Duan; Yan Zhang; Jun Cao; Kun Zhang,2021-12-16,10.1038/s41392-021-00830-x,34916490,PMC8674418,https://openalex.org/W4200064246,DOI:10.1038/s41392-021-00830-x,SCHOLARLY_RECORD,P2E1B_OPENALEX_10|P2E1B_OPENALEX_12|P2E1B_PUBMED_12,CAT_01|CAT_03|CAT_04|CAT_05|CAT_06,UNRESOLVED_FROM_DISCOVERY_METADATA,UNRESOLVED_FROM_DISCOVERY_METADATA,POSSIBLY_RELEVANT,LIMITED_DISCOVERY_SIGNAL:CATEGORY_CONTEXT;EVENTS:3,Signal Transduction and Targeted Therapy,article,PMID:34916490|https://openalex.org/W4200064246,outputs/phase_two/p2_e1_pilot_v0.1/search/raw_retrieval/p2e1b_openalex_10_works.json|outputs/phase_two/p2_e1_pilot_v0.1/search/raw_retrieval/p2e1b_openalex_12_works.json|outputs/phase_two/p2_e1_pilot_v0.1/search/raw_retrieval/p2e1b_pubmed_12_esummary.json,FALSE,TRUE,AI_ASSISTED_DISCOVERY
P2SRC_8B966EA9C050DA9C9383,Current Trends and Challenges in the Clinical Translation of Nanoparticulate Nanomedicines: Pathways for Translational Development and Commercialization,Susan Hua; María Matos; Josbert M. Metselaar; Gert Storm,2018-07-17,10.3389/fphar.2018.00790,30065653,,https://openalex.org/W2810420630,DOI:10.3389/fphar.2018.00790,SCHOLARLY_RECORD,P2E1B_OPENALEX_12,CAT_01|CAT_05|CAT_06,UNRESOLVED_FROM_DISCOVERY_METADATA,UNRESOLVED_FROM_DISCOVERY_METADATA,POSSIBLY_RELEVANT,LIMITED_DISCOVERY_SIGNAL:CATEGORY_CONTEXT;EVENTS:1,Frontiers in Pharmacology,article,https://openalex.org/W2810420630,outputs/phase_two/p2_e1_pilot_v0.1/search/raw_retrieval/p2e1b_openalex_12_works.json,FALSE,TRUE,AI_ASSISTED_DISCOVERY
P2SRC_36799214EF535E9FAEC2,Dealing with missing outcome data in meta-analysis,Mavridis D; White IR,2020 Jan,10.1002/jrsm.1349,30991455,PMC7003862,,PMID:30991455,SCHOLARLY_RECORD,P2E1B_PUBMED_06,CAT_05|CAT_06,UNRESOLVED_FROM_DISCOVERY_METADATA,UNRESOLVED_FROM_DISCOVERY_METADATA,POSSIBLY_RELEVANT,LIMITED_DISCOVERY_SIGNAL:CATEGORY_CONTEXT;EVENTS:1,Research synthesis methods,Journal Article|Review,PMID:30991455,outputs/phase_two/p2_e1_pilot_v0.1/search/raw_retrieval/p2e1b_pubmed_06_esummary.json,UNRESOLVED_FROM_DISCOVERY_METADATA,TRUE,AI_ASSISTED_DISCOVERY
P2SRC_E25DBD6C0B71959867A5,Decentralized Clinical Trials in the Era of Real-World Evidence: A Statistical Perspective,Chen J; Di J; Daizadeh N; Lu Y; Wang H; Shen YL; Kirk J; Rockhold FW; Pang H; Zhao J; He W; Potter A; Lee H,2025 Feb,10.1111/cts.70117,39972404,PMC11839390,,PMID:39972404,SCHOLARLY_RECORD,P2E1B_PUBMED_09,CAT_05|CAT_06,UNRESOLVED_FROM_DISCOVERY_METADATA,UNRESOLVED_FROM_DISCOVERY_METADATA,POSSIBLY_RELEVANT,LIMITED_DISCOVERY_SIGNAL:CATEGORY_CONTEXT;EVENTS:1,Clinical and translational science,"Journal Article|Review|Research Support, Non-U.S. Gov't",PMID:39972404,outputs/phase_two/p2_e1_pilot_v0.1/search/raw_retrieval/p2e1b_pubmed_09_esummary.json,UNRESOLVED_FROM_DISCOVERY_METADATA,TRUE,AI_ASSISTED_DISCOVERY
P2SRC_CDCCF2D87C0C2D94A3B7,Decoding the Role of Sphingosine-1-Phosphate in Asthma and Other Respiratory System Diseases Using Next Generation Knowledge Discovery Platforms Coupled With Luminex Multiple Analyte Profiling Technology,Sami M. Bahlas; Laila A. Damiati; Ayman Alhazmi; Peter Natesan Pushparaj,2020-06-19,10.3389/fcell.2020.00444,32637407,,https://openalex.org/W3031241251,DOI:10.3389/fcell.2020.00444,SCHOLARLY_RECORD,P2E1B_OPENALEX_02,CAT_01|CAT_02,UNRESOLVED_FROM_DISCOVERY_METADATA,UNRESOLVED_FROM_DISCOVERY_METADATA,POSSIBLY_RELEVANT,LIMITED_DISCOVERY_SIGNAL:open targets;EVENTS:1,Frontiers in Cell and Developmental Biology,article,https://openalex.org/W3031241251,outputs/phase_two/p2_e1_pilot_v0.1/search/raw_retrieval/p2e1b_openalex_02_works.json,FALSE,TRUE,AI_ASSISTED_DISCOVERY
P2SRC_FD2287B09583A49E88AF,Deep generative molecular design reshapes drug discovery,Xiangxiang Zeng; Fei Wang; Yuan Luo; Seung-Gu Kang; Jian Tang; Felice C. Lightstone; Evandro Fei Fang; Wendy D. Cornell; Ruth Nussinov; Feixiong Cheng,2022-10-27,10.1016/j.xcrm.2022.100794,36306797,,https://openalex.org/W4307447012,DOI:10.1016/j.xcrm.2022.100794,SCHOLARLY_RECORD,P2E1B_OPENALEX_14,CAT_01|CAT_07,UNRESOLVED_FROM_DISCOVERY_METADATA,UNRESOLVED_FROM_DISCOVERY_METADATA,POSSIBLY_RELEVANT,LIMITED_DISCOVERY_SIGNAL:artificial intelligence;EVENTS:1,Cell Reports Medicine,article,https://openalex.org/W4307447012,outputs/phase_two/p2_e1_pilot_v0.1/search/raw_retrieval/p2e1b_openalex_14_works.json,FALSE,TRUE,AI_ASSISTED_DISCOVERY
P2SRC_80DBBC7573DAE34B7AA3,Deep hierarchical subtyping of multi-organ systemic sclerosis trajectories - a EUSTAR study,Trottet C; Schürch M; Allam A; Petelytska L; Castellví I; Bečvář R; de Vries-Bouwstra J; Iannone F; Carreira P; Truchetet ME; Cuomo G; Rezus E; Cantatore FP; Simeón-Aznar CP; Parvu M; Dzhus M; Distler O; Hoffmann-Vold AM; Krauthammer M; EUSTAR Collaborators,2025 Sep 1,10.1038/s41746-025-01962-y,40890392,PMC12402123,,PMID:40890392,SCHOLARLY_RECORD,P2E1B_PUBMED_09,CAT_05|CAT_06,UNRESOLVED_FROM_DISCOVERY_METADATA,UNRESOLVED_FROM_DISCOVERY_METADATA,POSSIBLY_RELEVANT,LIMITED_DISCOVERY_SIGNAL:CATEGORY_CONTEXT;EVENTS:1,NPJ digital medicine,Journal Article,PMID:40890392,outputs/phase_two/p2_e1_pilot_v0.1/search/raw_retrieval/p2e1b_pubmed_09_esummary.json,UNRESOLVED_FROM_DISCOVERY_METADATA,TRUE,AI_ASSISTED_DISCOVERY
P2SRC_A980CB1A2CF02CA6DEF4,DeepConv-DTI: Prediction of drug-target interactions via deep learning with convolution on protein sequences,Ingoo Lee; Jongsoo Keum; Hojung Nam,2019-06-14,10.1371/journal.pcbi.1007129,31199797,,https://openalex.org/W2899788782,DOI:10.1371/journal.pcbi.1007129,SCHOLARLY_RECORD,P2E1B_OPENALEX_01,CAT_01,UNRESOLVED_FROM_DISCOVERY_METADATA,UNRESOLVED_FROM_DISCOVERY_METADATA,POSSIBLY_RELEVANT,LIMITED_DISCOVERY_SIGNAL:drug target;EVENTS:1,PLoS Computational Biology,article,https://openalex.org/W2899788782,outputs/phase_two/p2_e1_pilot_v0.1/search/raw_retrieval/p2e1b_openalex_01_works.json,FALSE,TRUE,AI_ASSISTED_DISCOVERY
P2SRC_02ABC49409213E7CD38F,DeepDTA: deep drug–target binding affinity prediction,Hakime Öztürk; Arzucan Özgür; Elif Özkırımlı,2018-07-14,10.1093/bioinformatics/bty593,30423097,,https://openalex.org/W2785947426,DOI:10.1093/bioinformatics/bty593,SCHOLARLY_RECORD,P2E1B_OPENALEX_01|P2E1B_OPENALEX_10,CAT_01|CAT_03|CAT_04,UNRESOLVED_FROM_DISCOVERY_METADATA,UNRESOLVED_FROM_DISCOVERY_METADATA,LIKELY_RELEVANT,DISCOVERY_KEYWORDS:drug target;EVENTS:2,Bioinformatics,article,https://openalex.org/W2785947426,outputs/phase_two/p2_e1_pilot_v0.1/search/raw_retrieval/p2e1b_openalex_01_works.json|outputs/phase_two/p2_e1_pilot_v0.1/search/raw_retrieval/p2e1b_openalex_10_works.json,FALSE,TRUE,AI_ASSISTED_DISCOVERY
P2SRC_A61F381E7CD347BFC249,Defending Dynepo detection,Gmeiner G; Reichel C; Kulovics R; Scheiblhofer V,2010 Nov-Dec,10.1002/dta.230,21204285,,,PMID:21204285,SCHOLARLY_RECORD,P2E1B_PUBMED_11,CAT_04|CAT_05|CAT_06|CAT_07,UNRESOLVED_FROM_DISCOVERY_METADATA,UNRESOLVED_FROM_DISCOVERY_METADATA,POSSIBLY_RELEVANT,LIMITED_DISCOVERY_SIGNAL:CATEGORY_CONTEXT;EVENTS:1,Drug testing and analysis,Journal Article|Review,PMID:21204285,outputs/phase_two/p2_e1_pilot_v0.1/search/raw_retrieval/p2e1b_pubmed_11_esummary.json,UNRESOLVED_FROM_DISCOVERY_METADATA,TRUE,AI_ASSISTED_DISCOVERY
P2SRC_6B9347FD77C1A7D085BA,Defining clinical outcome pathways,Korn D; Thieme AJ; Alves VM; Yeakey M; Borba JVVB; Capuzzi SJ; Fecho K; Bizon C; Edwards SW; Chirkova R; Colvis CM; Southall NT; Austin CP; Muratov EN; Tropsha A,2022 Jun,10.1016/j.drudis.2022.02.008,35182735,,,PMID:35182735,SCHOLARLY_RECORD,P2E1B_PUBMED_03,CAT_01|CAT_03,UNRESOLVED_FROM_DISCOVERY_METADATA,UNRESOLVED_FROM_DISCOVERY_METADATA,POSSIBLY_RELEVANT,LIMITED_DISCOVERY_SIGNAL:CATEGORY_CONTEXT;EVENTS:1,Drug discovery today,"Journal Article|Review|Research Support, N.I.H., Extramural",PMID:35182735,outputs/phase_two/p2_e1_pilot_v0.1/search/raw_retrieval/p2e1b_pubmed_03_esummary.json,UNRESOLVED_FROM_DISCOVERY_METADATA,TRUE,AI_ASSISTED_DISCOVERY
P2SRC_884FC4D0D54F63FBFAB5,Degradability and Clearance of Inorganic Nanoparticles for Biomedical Applications,Guangbao Yang; Soo Zeng Fiona Phua; Anivind Kaur Bindra; Yanli Zhao,2019-01-07,10.1002/adma.201805730,30614561,,https://openalex.org/W2908715059,DOI:10.1002/adma.201805730,SCHOLARLY_RECORD,P2E1B_OPENALEX_12,CAT_01|CAT_05|CAT_06,UNRESOLVED_FROM_DISCOVERY_METADATA,UNRESOLVED_FROM_DISCOVERY_METADATA,POSSIBLY_RELEVANT,LIMITED_DISCOVERY_SIGNAL:CATEGORY_CONTEXT;EVENTS:1,Advanced Materials,article,https://openalex.org/W2908715059,outputs/phase_two/p2_e1_pilot_v0.1/search/raw_retrieval/p2e1b_openalex_12_works.json,FALSE,TRUE,AI_ASSISTED_DISCOVERY
P2SRC_AEB6CF9D9E011167F794,Designing an intuitive web application for drug discovery scientists,Nikiforos Karamanis; Miguel Pignatelli; Denise Carvalho‐Silva; Francis Rowland; Jennifer A. Cham; Ian Dunham,2018-01-11,10.1016/j.drudis.2018.01.032,29337199,,https://openalex.org/W2949595770,DOI:10.1016/j.drudis.2018.01.032,SCHOLARLY_RECORD,P2E1B_OPENALEX_02,CAT_01|CAT_02,UNRESOLVED_FROM_DISCOVERY_METADATA,UNRESOLVED_FROM_DISCOVERY_METADATA,POSSIBLY_RELEVANT,LIMITED_DISCOVERY_SIGNAL:open targets;EVENTS:1,Drug Discovery Today,article,https://openalex.org/W2949595770,outputs/phase_two/p2_e1_pilot_v0.1/search/raw_retrieval/p2e1b_openalex_02_works.json,FALSE,TRUE,AI_ASSISTED_DISCOVERY
P2SRC_4200F324B2031E40EB9D,Determination of Brain Death/Death by Neurologic Criteria: The World Brain Death Project,Greer DM; Shemie SD; Lewis A; Torrance S; Varelas P; Goldenberg FD; Bernat JL; Souter M; Topcuoglu MA; Alexandrov AW; Baldisseri M; Bleck T; Citerio G; Dawson R; Hoppe A; Jacobe S; Manara A; Nakagawa TA; Pope TM; Silvester W; Thomson D; Al Rahma H; Badenes R; Baker AJ; Cerny V; Chang C; Chang TR; Gnedovskaya E; Han MK; Honeybul S; Jimenez E; Kuroda Y; Liu G; Mallick UK; Marquevich V; Mejia-Mantilla J; Piradov M; Quayyum S; Shrestha GS; Su YY; Timmons SD; Teitelbaum J; Videtta W; Zirpe K; Sung G,2020 Sep 15,10.1001/jama.2020.11586,32761206,,,PMID:32761206,SCHOLARLY_RECORD,P2E1B_PUBMED_09,CAT_05|CAT_06,UNRESOLVED_FROM_DISCOVERY_METADATA,UNRESOLVED_FROM_DISCOVERY_METADATA,POSSIBLY_RELEVANT,LIMITED_DISCOVERY_SIGNAL:CATEGORY_CONTEXT;EVENTS:1,JAMA,Consensus Statement|Journal Article|Practice Guideline,PMID:32761206,outputs/phase_two/p2_e1_pilot_v0.1/search/raw_retrieval/p2e1b_pubmed_09_esummary.json,UNRESOLVED_FROM_DISCOVERY_METADATA,TRUE,AI_ASSISTED_DISCOVERY
P2SRC_8992135EED4331EF752F,Developing a Test of Scientific Literacy Skills (TOSLS): Measuring Undergraduates’ Evaluation of Scientific Information and Arguments,Cara Gormally; Peggy Brickman; Mary E. Lutz,2012-12-01,10.1187/cbe.12-03-0026,23222832,,https://openalex.org/W2148272413,DOI:10.1187/cbe.12-03-0026,SCHOLARLY_RECORD,P2E1B_OPENALEX_11,CAT_04|CAT_05|CAT_06|CAT_07,UNRESOLVED_FROM_DISCOVERY_METADATA,UNRESOLVED_FROM_DISCOVERY_METADATA,POSSIBLY_RELEVANT,LIMITED_DISCOVERY_SIGNAL:CATEGORY_CONTEXT;EVENTS:1,CBE—Life Sciences Education,article,https://openalex.org/W2148272413,outputs/phase_two/p2_e1_pilot_v0.1/search/raw_retrieval/p2e1b_openalex_11_works.json,FALSE,TRUE,AI_ASSISTED_DISCOVERY
P2SRC_4601B0DE2F082B29AC6F,Development of a critical appraisal tool to assess the quality of cross-sectional studies (AXIS),Martin Downes; Marnie Brennan; Hywel C Williams; Rachel Dean,2016-12-01,10.1136/bmjopen-2016-011458,27932337,,https://openalex.org/W2560393808,DOI:10.1136/bmjopen-2016-011458,SCHOLARLY_RECORD,P2E1B_OPENALEX_05,CAT_05,UNRESOLVED_FROM_DISCOVERY_METADATA,UNRESOLVED_FROM_DISCOVERY_METADATA,POSSIBLY_RELEVANT,LIMITED_DISCOVERY_SIGNAL:evidence synthesis;EVENTS:1,BMJ Open,article,https://openalex.org/W2560393808,outputs/phase_two/p2_e1_pilot_v0.1/search/raw_retrieval/p2e1b_openalex_05_works.json,FALSE,TRUE,AI_ASSISTED_DISCOVERY
P2SRC_060F929A87406FED2E3B,"Diabetes mellitus, fasting blood glucose concentration, and risk of vascular disease: a collaborative meta-analysis of 102 prospective studies",The Emerging Risk Factors Collaboration,2010-06-01,10.1016/s0140-6736(10)60484-9,20609967,,https://openalex.org/W2147663252,DOI:10.1016/s0140-6736(10)60484-9,SCHOLARLY_RECORD,P2E1B_OPENALEX_06,CAT_05|CAT_06,UNRESOLVED_FROM_DISCOVERY_METADATA,UNRESOLVED_FROM_DISCOVERY_METADATA,POSSIBLY_RELEVANT,LIMITED_DISCOVERY_SIGNAL:CATEGORY_CONTEXT;EVENTS:1,The Lancet,review,https://openalex.org/W2147663252,outputs/phase_two/p2_e1_pilot_v0.1/search/raw_retrieval/p2e1b_openalex_06_works.json,FALSE,TRUE,AI_ASSISTED_DISCOVERY
P2SRC_449AFD472E1413C4FD2A,Diagnostic accuracy of multi-parametric MRI and TRUS biopsy in prostate cancer (PROMIS): a paired validating confirmatory study,Hashim U. Ahmed; Ahmed El‐Shater Bosaily; Louise Brown; Rhian Gabe; Richard Kaplan; Mahesh Parmar; Yolanda Collaço‐Moraes; Katie Ward; Richard Hindley; Alex Freeman; Alex Kirkham; Robert Oldroyd; Chris Parker; Mark Emberton,2017-01-19,10.1016/s0140-6736(16)32401-1,28110982,,https://openalex.org/W2577453388,DOI:10.1016/s0140-6736(16)32401-1,SCHOLARLY_RECORD,P2E1B_OPENALEX_11,CAT_04|CAT_05|CAT_06|CAT_07,UNRESOLVED_FROM_DISCOVERY_METADATA,UNRESOLVED_FROM_DISCOVERY_METADATA,POSSIBLY_RELEVANT,LIMITED_DISCOVERY_SIGNAL:CATEGORY_CONTEXT;EVENTS:1,The Lancet,article,https://openalex.org/W2577453388,outputs/phase_two/p2_e1_pilot_v0.1/search/raw_retrieval/p2e1b_openalex_11_works.json,FALSE,TRUE,AI_ASSISTED_DISCOVERY
P2SRC_D4054C8906965B2E46CA,Direct Cardiac Reprogramming: Current Status and Future Prospects,Haridhasapavalan KK; Borthakur A; Thummer RP,2023,10.1007/5584_2022_760,36662416,,,PMID:36662416,SCHOLARLY_RECORD,P2E1B_PUBMED_04,CAT_04,UNRESOLVED_FROM_DISCOVERY_METADATA,UNRESOLVED_FROM_DISCOVERY_METADATA,LIKELY_OUT_OF_SCOPE,NO_TARGET_EVIDENCE_OR_REPRESENTATION_SIGNAL_IN_CAPTURED_METADATA,Advances in experimental medicine and biology,Review|Journal Article,PMID:36662416,outputs/phase_two/p2_e1_pilot_v0.1/search/raw_retrieval/p2e1b_pubmed_04_esummary.json,UNRESOLVED_FROM_DISCOVERY_METADATA,TRUE,AI_ASSISTED_DISCOVERY
P2SRC_813C5928A9F56606A6DF,Discovering protein drug targets using knowledge graph embeddings,Sameh K. Mohamed; Vít Nováček; Aayah Nounu,2019-07-27,10.1093/bioinformatics/btz600,31368482,,https://openalex.org/W2966787092,DOI:10.1093/bioinformatics/btz600,SCHOLARLY_RECORD,P2E1B_OPENALEX_03,CAT_01|CAT_03,UNRESOLVED_FROM_DISCOVERY_METADATA,UNRESOLVED_FROM_DISCOVERY_METADATA,LIKELY_RELEVANT,DISCOVERY_KEYWORDS:drug target|knowledge graph;EVENTS:1,Bioinformatics,article,https://openalex.org/W2966787092,outputs/phase_two/p2_e1_pilot_v0.1/search/raw_retrieval/p2e1b_openalex_03_works.json,FALSE,TRUE,AI_ASSISTED_DISCOVERY
P2SRC_050E141542146D2FB586,"DNA damage repair: historical perspectives, mechanistic pathways and clinical translation for targeted cancer therapy",Ruixue Huang; Ping‐Kun Zhou,2021-07-08,10.1038/s41392-021-00648-7,34238917,,https://openalex.org/W3177914501,DOI:10.1038/s41392-021-00648-7,SCHOLARLY_RECORD,P2E1B_OPENALEX_12,CAT_01|CAT_05|CAT_06,UNRESOLVED_FROM_DISCOVERY_METADATA,UNRESOLVED_FROM_DISCOVERY_METADATA,POSSIBLY_RELEVANT,LIMITED_DISCOVERY_SIGNAL:CATEGORY_CONTEXT;EVENTS:1,Signal Transduction and Targeted Therapy,article,https://openalex.org/W3177914501,outputs/phase_two/p2_e1_pilot_v0.1/search/raw_retrieval/p2e1b_openalex_12_works.json,FALSE,TRUE,AI_ASSISTED_DISCOVERY
P2SRC_FFC257FDCAF829AEFBCE,Drug Repurposing Approach to Identify Candidate Drug Molecules for Hepatocellular Carcinoma,Baser T; Rifaioglu AS; Atalay MV; Atalay RC,2024 Aug 29,10.3390/ijms25179392,39273340,PMC11395636,,PMID:39273340,SCHOLARLY_RECORD,P2E1B_PUBMED_02,CAT_01|CAT_02,UNRESOLVED_FROM_DISCOVERY_METADATA,UNRESOLVED_FROM_DISCOVERY_METADATA,POSSIBLY_RELEVANT,LIMITED_DISCOVERY_SIGNAL:CATEGORY_CONTEXT;EVENTS:1,International journal of molecular sciences,Journal Article,PMID:39273340,outputs/phase_two/p2_e1_pilot_v0.1/search/raw_retrieval/p2e1b_pubmed_02_esummary.json,UNRESOLVED_FROM_DISCOVERY_METADATA,TRUE,AI_ASSISTED_DISCOVERY
P2SRC_476DD9890CDB6C548585,Drug target discovery using knowledge graph embeddings,Sameh K. Mohamed; Aayah Nounu; Vít Nováček,2019-04-08,10.1145/3297280.3297282,,,https://openalex.org/W2924557457,DOI:10.1145/3297280.3297282,SCHOLARLY_RECORD,P2E1B_OPENALEX_03,CAT_01|CAT_03,UNRESOLVED_FROM_DISCOVERY_METADATA,UNRESOLVED_FROM_DISCOVERY_METADATA,LIKELY_RELEVANT,DISCOVERY_KEYWORDS:drug target|knowledge graph;EVENTS:1,,conference-paper,https://openalex.org/W2924557457,outputs/phase_two/p2_e1_pilot_v0.1/search/raw_retrieval/p2e1b_openalex_03_works.json,FALSE,TRUE,AI_ASSISTED_DISCOVERY
P2SRC_FF1447BE6071A9D9C5DE,Drug target prioritization by perturbed gene expression and network information,Zerrin Işık; Christoph Baldow; Carlo Vittorio Cannistraci; Michael Schroeder,2015-11-30,10.1038/srep17417,26615774,,https://openalex.org/W2410743230,DOI:10.1038/srep17417,SCHOLARLY_RECORD,P2E1B_OPENALEX_01,CAT_01,UNRESOLVED_FROM_DISCOVERY_METADATA,UNRESOLVED_FROM_DISCOVERY_METADATA,LIKELY_RELEVANT,DISCOVERY_KEYWORDS:drug target|target prioritization;EVENTS:1,Scientific Reports,article,https://openalex.org/W2410743230,outputs/phase_two/p2_e1_pilot_v0.1/search/raw_retrieval/p2e1b_openalex_01_works.json,FALSE,TRUE,AI_ASSISTED_DISCOVERY
P2SRC_C26C7E8F1AFB802BE9B5,Drug-target interaction prediction using knowledge graph embedding,Li N; Yang Z; Wang J; Lin H,2024 Jun 21,10.1016/j.isci.2024.109393,38952679,PMC11215290,,PMID:38952679,SCHOLARLY_RECORD,P2E1B_PUBMED_03,CAT_01|CAT_03,UNRESOLVED_FROM_DISCOVERY_METADATA,UNRESOLVED_FROM_DISCOVERY_METADATA,LIKELY_RELEVANT,DISCOVERY_KEYWORDS:drug target|knowledge graph;EVENTS:1,iScience,Journal Article,PMID:38952679,outputs/phase_two/p2_e1_pilot_v0.1/search/raw_retrieval/p2e1b_pubmed_03_esummary.json,UNRESOLVED_FROM_DISCOVERY_METADATA,TRUE,AI_ASSISTED_DISCOVERY
P2SRC_25546AAFFC2B99FECD8E,DrugBank 5.0: a major update to the DrugBank database for 2018,David S. Wishart; Yannick Djoumbou-Feunang; An Chi Guo; Elvis Lo; Ana Marcu; Jason R. Grant; Tanvir Sajed; Daniel L. Johnson; Carin Li; Zinat Sayeeda; Nazanin Assempour; Ithayavani Iynkkaran; Yifeng Liu; Adam Maciejewski; Nicola Gale; Alexander E. Wilson; Lucy Chin; Ryan Cummings; Diana Le; Allison Pon; Craig Knox; Michael Wilson,2017-11-04,10.1093/nar/gkx1037,29126136,,https://openalex.org/W2767891136,DOI:10.1093/nar/gkx1037,SCHOLARLY_RECORD,P2E1B_OPENALEX_04,CAT_04,UNRESOLVED_FROM_DISCOVERY_METADATA,UNRESOLVED_FROM_DISCOVERY_METADATA,POSSIBLY_RELEVANT,LIMITED_DISCOVERY_SIGNAL:CATEGORY_CONTEXT;EVENTS:1,Nucleic Acids Research,article,https://openalex.org/W2767891136,outputs/phase_two/p2_e1_pilot_v0.1/search/raw_retrieval/p2e1b_openalex_04_works.json,FALSE,TRUE,AI_ASSISTED_DISCOVERY
P2SRC_BDCA9A3538451D8B1E69,Drug–target interaction prediction by random walk on the heterogeneous network,Xing Chen; Ming-Xi Liu; Guiying Yan,2012-03-15,10.1039/c2mb00002d,22538619,,https://openalex.org/W1971106435,DOI:10.1039/c2mb00002d,SCHOLARLY_RECORD,P2E1B_OPENALEX_01,CAT_01,UNRESOLVED_FROM_DISCOVERY_METADATA,UNRESOLVED_FROM_DISCOVERY_METADATA,POSSIBLY_RELEVANT,LIMITED_DISCOVERY_SIGNAL:drug target;EVENTS:1,Molecular BioSystems,article,https://openalex.org/W1971106435,outputs/phase_two/p2_e1_pilot_v0.1/search/raw_retrieval/p2e1b_openalex_01_works.json,FALSE,TRUE,AI_ASSISTED_DISCOVERY
P2SRC_E9F98030E6AEB2A0685F,"Drug–target interaction prediction: databases, web servers and computational models",Xing Chen; Chenggang Yan; Xiaotian Zhang; Xu Zhang; Feng Dai; Jian Yin; Yongdong Zhang,2015-08-17,10.1093/bib/bbv066,26283676,,https://openalex.org/W2259538443,DOI:10.1093/bib/bbv066,SCHOLARLY_RECORD,P2E1B_OPENALEX_01,CAT_01,UNRESOLVED_FROM_DISCOVERY_METADATA,UNRESOLVED_FROM_DISCOVERY_METADATA,LIKELY_RELEVANT,DISCOVERY_KEYWORDS:drug target|machine learning;EVENTS:1,Briefings in Bioinformatics,article,https://openalex.org/W2259538443,outputs/phase_two/p2_e1_pilot_v0.1/search/raw_retrieval/p2e1b_openalex_01_works.json,FALSE,TRUE,AI_ASSISTED_DISCOVERY
P2SRC_01088AEFB2914ED3D14B,Duration of untreated psychosis as predictor of long-term outcome in schizophrenia: systematic review and meta-analysis,Matti Penttilä; Erika Jääskeläinen; Noora Hirvonen; Matti Isohanni; Jouko Miettunen,2014-08-01,10.1192/bjp.bp.113.127753,25252316,,https://openalex.org/W2023475151,DOI:10.1192/bjp.bp.113.127753,SCHOLARLY_RECORD,P2E1B_OPENALEX_08,CAT_01|CAT_05|CAT_06,UNRESOLVED_FROM_DISCOVERY_METADATA,UNRESOLVED_FROM_DISCOVERY_METADATA,POSSIBLY_RELEVANT,LIMITED_DISCOVERY_SIGNAL:CATEGORY_CONTEXT;EVENTS:1,The British Journal of Psychiatry,review,https://openalex.org/W2023475151,outputs/phase_two/p2_e1_pilot_v0.1/search/raw_retrieval/p2e1b_openalex_08_works.json,FALSE,TRUE,AI_ASSISTED_DISCOVERY
P2SRC_2BE37FE90E258BD4018F,Dynamic light scattering: a practical guide and applications in biomedical sciences,Jörg Stetefeld; Sean A. McKenna; Trushar R. Patel,2016-10-06,10.1007/s12551-016-0218-6,28510011,,https://openalex.org/W2528451823,DOI:10.1007/s12551-016-0218-6,SCHOLARLY_RECORD,P2E1B_OPENALEX_10,CAT_01|CAT_03|CAT_04,UNRESOLVED_FROM_DISCOVERY_METADATA,UNRESOLVED_FROM_DISCOVERY_METADATA,POSSIBLY_RELEVANT,LIMITED_DISCOVERY_SIGNAL:CATEGORY_CONTEXT;EVENTS:1,Biophysical Reviews,article,https://openalex.org/W2528451823,outputs/phase_two/p2_e1_pilot_v0.1/search/raw_retrieval/p2e1b_openalex_10_works.json,FALSE,TRUE,AI_ASSISTED_DISCOVERY
P2SRC_EB0B9C5A39FA7A85C714,ECLIPSER: identifying causal cell types and genes for complex traits through single cell enrichment of e/sQTL-mapped genes in GWAS loci,John M. Rouhana; Jiali Wang; Gökçen Eraslan; Shankara Anand; Andrew R. Hamel; Brian Cole; Aviv Regev; François Aguet; Kristin Ardlie; Ayellet V. Segrè,2021-11-25,10.1101/2021.11.24.469720,,,https://openalex.org/W3215332874,DOI:10.1101/2021.11.24.469720,SCHOLARLY_RECORD,P2E1B_OPENALEX_02,CAT_01|CAT_02,UNRESOLVED_FROM_DISCOVERY_METADATA,UNRESOLVED_FROM_DISCOVERY_METADATA,POSSIBLY_RELEVANT,LIMITED_DISCOVERY_SIGNAL:open targets;EVENTS:1,bioRxiv (Cold Spring Harbor Laboratory),preprint,https://openalex.org/W3215332874,outputs/phase_two/p2_e1_pilot_v0.1/search/raw_retrieval/p2e1b_openalex_02_works.json,FALSE,TRUE,AI_ASSISTED_DISCOVERY
P2SRC_E3F4BA52E8B32F6A21D8,"ECO: the Evidence and Conclusion Ontology, an update for 2022",Nadendla S; Jackson R; Munro J; Quaglia F; Mészáros B; Olley D; Hobbs ET; Goralski SM; Chibucos M; Mungall CJ; Tosatto SCE; Erill I; Giglio MG,2022 Jan 7,10.1093/nar/gkab1025,34986598,PMC8728134,,PMID:34986598,SCHOLARLY_RECORD,P2E1B_PUBMED_04,CAT_04,UNRESOLVED_FROM_DISCOVERY_METADATA,UNRESOLVED_FROM_DISCOVERY_METADATA,POSSIBLY_RELEVANT,LIMITED_DISCOVERY_SIGNAL:CATEGORY_CONTEXT;EVENTS:1,Nucleic acids research,"Journal Article|Research Support, Non-U.S. Gov't|Research Support, U.S. Gov't, Non-P.H.S.",PMID:34986598,outputs/phase_two/p2_e1_pilot_v0.1/search/raw_retrieval/p2e1b_pubmed_04_esummary.json,UNRESOLVED_FROM_DISCOVERY_METADATA,TRUE,AI_ASSISTED_DISCOVERY
P2SRC_61892F042FBED9218AE3,Editorial: Biomedical informatics applications in rare diseases,Zhu Q; Chen YZ; Xu Y,2022,10.3389/frai.2022.1051182,36388397,PMC9650434,,PMID:36388397,SCHOLARLY_RECORD,P2E1B_PUBMED_03,CAT_01|CAT_03,UNRESOLVED_FROM_DISCOVERY_METADATA,UNRESOLVED_FROM_DISCOVERY_METADATA,POSSIBLY_RELEVANT,LIMITED_DISCOVERY_SIGNAL:CATEGORY_CONTEXT;EVENTS:1,Frontiers in artificial intelligence,Editorial,PMID:36388397,outputs/phase_two/p2_e1_pilot_v0.1/search/raw_retrieval/p2e1b_pubmed_03_esummary.json,UNRESOLVED_FROM_DISCOVERY_METADATA,TRUE,AI_ASSISTED_DISCOVERY
P2SRC_CAE1D0B51CC6D56A0452,Editorial: Drug target discovery and molecular tools for parasites and host-pathogen interactions,Awasthi V; Anand N; Prajapati SK; Gupta Y,2026,10.3389/fmolb.2026.1857697,42238533,PMC13226105,,PMID:42238533,SCHOLARLY_RECORD,P2E1B_PUBMED_01,CAT_01,UNRESOLVED_FROM_DISCOVERY_METADATA,UNRESOLVED_FROM_DISCOVERY_METADATA,POSSIBLY_RELEVANT,LIMITED_DISCOVERY_SIGNAL:drug target;EVENTS:1,Frontiers in molecular biosciences,Editorial,PMID:42238533,outputs/phase_two/p2_e1_pilot_v0.1/search/raw_retrieval/p2e1b_pubmed_01_esummary_retry.json,UNRESOLVED_FROM_DISCOVERY_METADATA,TRUE,AI_ASSISTED_DISCOVERY
P2SRC_494CF67D02536A251FBB,Editorial: Magnetic nanoparticles for biomedical imaging and therapy applications,Gallo J; Stasiuk GJ; Roig A; Pellico J,2025,10.3389/fchem.2025.1670850,40896272,PMC12391028,,PMID:40896272,SCHOLARLY_RECORD,P2E1B_PUBMED_12,CAT_01|CAT_05|CAT_06,UNRESOLVED_FROM_DISCOVERY_METADATA,UNRESOLVED_FROM_DISCOVERY_METADATA,POSSIBLY_RELEVANT,LIMITED_DISCOVERY_SIGNAL:CATEGORY_CONTEXT;EVENTS:1,Frontiers in chemistry,Editorial,PMID:40896272,outputs/phase_two/p2_e1_pilot_v0.1/search/raw_retrieval/p2e1b_pubmed_12_esummary.json,UNRESOLVED_FROM_DISCOVERY_METADATA,TRUE,AI_ASSISTED_DISCOVERY
P2SRC_8F4AE1A86E083CF5C34F,Editorial: Molecular Network Study of Pituitary Adenomas,Zhan X; Desiderio DM,2020,10.3389/fendo.2020.00026,32132975,PMC7040224,,PMID:32132975,SCHOLARLY_RECORD,P2E1B_PUBMED_01,CAT_01,UNRESOLVED_FROM_DISCOVERY_METADATA,UNRESOLVED_FROM_DISCOVERY_METADATA,LIKELY_OUT_OF_SCOPE,NO_TARGET_EVIDENCE_OR_REPRESENTATION_SIGNAL_IN_CAPTURED_METADATA,Frontiers in endocrinology,"Editorial|Introductory Journal Article|Research Support, Non-U.S. Gov't",PMID:32132975,outputs/phase_two/p2_e1_pilot_v0.1/search/raw_retrieval/p2e1b_pubmed_01_esummary_retry.json,UNRESOLVED_FROM_DISCOVERY_METADATA,TRUE,AI_ASSISTED_DISCOVERY
P2SRC_A10D82500C396553C732,Effect of human papillomavirus (HPV) vaccination on HPV infection and recurrence of HPV related disease after local surgical treatment: A systematic review and meta-analysis,Cao Q; Hou Y; Wang C; Yin J,2024,10.1371/journal.pone.0312128,39739895,PMC11687797,,PMID:39739895,SCHOLARLY_RECORD,P2E1B_PUBMED_05,CAT_05,UNRESOLVED_FROM_DISCOVERY_METADATA,UNRESOLVED_FROM_DISCOVERY_METADATA,LIKELY_OUT_OF_SCOPE,NO_TARGET_EVIDENCE_OR_REPRESENTATION_SIGNAL_IN_CAPTURED_METADATA,PloS one,Journal Article|Systematic Review|Meta-Analysis,PMID:39739895,outputs/phase_two/p2_e1_pilot_v0.1/search/raw_retrieval/p2e1b_pubmed_05_esummary.json,UNRESOLVED_FROM_DISCOVERY_METADATA,TRUE,AI_ASSISTED_DISCOVERY
P2SRC_30D811AC207AF2292467,Effect of nonsteroidal anti-inflammatory drugs on Barrett's esophagus risk: a systematic review and meta-analysis,Zhang J; Wu H; Wang R,2021 May,10.1016/j.clinre.2020.09.013,33268293,,,PMID:33268293,SCHOLARLY_RECORD,P2E1B_PUBMED_13,CAT_03|CAT_05|CAT_06,UNRESOLVED_FROM_DISCOVERY_METADATA,UNRESOLVED_FROM_DISCOVERY_METADATA,POSSIBLY_RELEVANT,LIMITED_DISCOVERY_SIGNAL:CATEGORY_CONTEXT;EVENTS:1,Clinics and research in hepatology and gastroenterology,Journal Article|Meta-Analysis|Systematic Review,PMID:33268293,outputs/phase_two/p2_e1_pilot_v0.1/search/raw_retrieval/p2e1b_pubmed_13_esummary.json,UNRESOLVED_FROM_DISCOVERY_METADATA,TRUE,AI_ASSISTED_DISCOVERY
P2SRC_F30D6053A6C5ADEF507A,Effect of sarcopenia on survival in patients with cirrhosis: A meta-analysis,Xinxing Tantai; Yi Liu; Yee Hui Yeo; Michael Praktiknjo; Ezequiel Mauro; Yuhei Hamaguchi; Cornelius Engelmann; Peng Zhang; Jae Yoon Jeong; Jeroen L.A. van Vugt; Huijuan Xiao; Huan Deng; Xu Gao; Qing Ye; Jiayuan Zhang; Longbao Yang; Yaqin Cai; Yixin Liu; Na Liu; Zongfang Li; Tao Han; Toshimi Kaido; Joo Hyun Sohn; Christian P. Strassburg; Thomas Berg; Jonel Trebicka; Yao‐Chun Hsu; Jan N.M. IJzermans; Jinhai Wang; Grace L. Su; Fanpu Ji; Mindie H. Nguyen,2021-11-13,10.1016/j.jhep.2021.11.006,34785325,,https://openalex.org/W3214325528,DOI:10.1016/j.jhep.2021.11.006,SCHOLARLY_RECORD,P2E1B_OPENALEX_08,CAT_01|CAT_05|CAT_06,UNRESOLVED_FROM_DISCOVERY_METADATA,UNRESOLVED_FROM_DISCOVERY_METADATA,POSSIBLY_RELEVANT,LIMITED_DISCOVERY_SIGNAL:CATEGORY_CONTEXT;EVENTS:1,Journal of Hepatology,review,https://openalex.org/W3214325528,outputs/phase_two/p2_e1_pilot_v0.1/search/raw_retrieval/p2e1b_openalex_08_works.json,FALSE,TRUE,AI_ASSISTED_DISCOVERY
P2SRC_ADC417696E6F18D64A4F,Effects of omega-3 fatty acids on bone turnover markers in postmenopausal women: systematic review and meta-analysis,Shen D; Zhang X; Li Z; Bai H; Chen L,2017 Dec,10.1080/13697137.2017.1384952,29034731,,,PMID:29034731,SCHOLARLY_RECORD,P2E1B_PUBMED_13,CAT_03|CAT_05|CAT_06,UNRESOLVED_FROM_DISCOVERY_METADATA,UNRESOLVED_FROM_DISCOVERY_METADATA,POSSIBLY_RELEVANT,LIMITED_DISCOVERY_SIGNAL:CATEGORY_CONTEXT;EVENTS:1,Climacteric : the journal of the International Menopause Society,Journal Article|Meta-Analysis|Systematic Review,PMID:29034731,outputs/phase_two/p2_e1_pilot_v0.1/search/raw_retrieval/p2e1b_pubmed_13_esummary.json,UNRESOLVED_FROM_DISCOVERY_METADATA,TRUE,AI_ASSISTED_DISCOVERY
P2SRC_572C1D483F6A1F554BAC,Efficacy and safety of more intensive lowering of LDL cholesterol: a meta-analysis of data from 170 000 participants in 26 randomised trials,Cholesterol Treatment Trialists’ Collaboration,2010-11-01,10.1016/s0140-6736(10)61350-5,21067804,,https://openalex.org/W2164089346,DOI:10.1016/s0140-6736(10)61350-5,SCHOLARLY_RECORD,P2E1B_OPENALEX_06,CAT_05|CAT_06,UNRESOLVED_FROM_DISCOVERY_METADATA,UNRESOLVED_FROM_DISCOVERY_METADATA,POSSIBLY_RELEVANT,LIMITED_DISCOVERY_SIGNAL:CATEGORY_CONTEXT;EVENTS:1,The Lancet,review,https://openalex.org/W2164089346,outputs/phase_two/p2_e1_pilot_v0.1/search/raw_retrieval/p2e1b_openalex_06_works.json,FALSE,TRUE,AI_ASSISTED_DISCOVERY
P2SRC_0282B216E2D07A265346,Efficacy and Safety of Tadalafil Monotherapy for Lower Urinary Tract Symptoms Secondary to Benign Prostatic Hyperplasia: A Meta-Analysis,Yang Dong; Lin Hao; Zhenduo Shi; Gang Wang; Zhiguo Zhang; Conghui Han,2013-01-01,10.1159/000351405,23816815,,https://openalex.org/W2038693293,DOI:10.1159/000351405,SCHOLARLY_RECORD,P2E1B_OPENALEX_06,CAT_05|CAT_06,UNRESOLVED_FROM_DISCOVERY_METADATA,UNRESOLVED_FROM_DISCOVERY_METADATA,POSSIBLY_RELEVANT,LIMITED_DISCOVERY_SIGNAL:CATEGORY_CONTEXT;EVENTS:1,Urologia Internationalis,review,https://openalex.org/W2038693293,outputs/phase_two/p2_e1_pilot_v0.1/search/raw_retrieval/p2e1b_openalex_06_works.json,FALSE,TRUE,AI_ASSISTED_DISCOVERY
P2SRC_EA724A1945A624C977E3,Efficacy and safety of transcutaneous electrical nerve stimulation (TENS) for acute and chronic pain in adults: a systematic review and meta-analysis of 381 studies (the meta-TENS study),Johnson MI; Paley CA; Jones G; Mulvey MR; Wittkopf PG,2022 Feb 10,10.1136/bmjopen-2021-051073,35144946,PMC8845179,,PMID:35144946,SCHOLARLY_RECORD,P2E1B_PUBMED_05,CAT_05,UNRESOLVED_FROM_DISCOVERY_METADATA,UNRESOLVED_FROM_DISCOVERY_METADATA,LIKELY_OUT_OF_SCOPE,NO_TARGET_EVIDENCE_OR_REPRESENTATION_SIGNAL_IN_CAPTURED_METADATA,BMJ open,"Journal Article|Meta-Analysis|Research Support, Non-U.S. Gov't|Systematic Review",PMID:35144946,outputs/phase_two/p2_e1_pilot_v0.1/search/raw_retrieval/p2e1b_pubmed_05_esummary.json,UNRESOLVED_FROM_DISCOVERY_METADATA,TRUE,AI_ASSISTED_DISCOVERY
P2SRC_51BB4C0B4E10160918EA,Efficient derivation of stable sheep embryonic stem cells opens a new avenue for agricultural and biomedical application,Jin M; Huang S; Zhou S; Shen W; Cao J; Song S; Wei Y; Kalds P; Hua J; Ma B; Ross PJ; Wang X; Chen Y,2026 Apr,10.1016/j.jare.2025.07.036,40712808,PMC13001039,,PMID:40712808,SCHOLARLY_RECORD,P2E1B_PUBMED_04,CAT_04,UNRESOLVED_FROM_DISCOVERY_METADATA,UNRESOLVED_FROM_DISCOVERY_METADATA,POSSIBLY_RELEVANT,LIMITED_DISCOVERY_SIGNAL:CATEGORY_CONTEXT;EVENTS:1,Journal of advanced research,"Journal Article|Research Support, Non-U.S. Gov't",PMID:40712808,outputs/phase_two/p2_e1_pilot_v0.1/search/raw_retrieval/p2e1b_pubmed_04_esummary.json,UNRESOLVED_FROM_DISCOVERY_METADATA,TRUE,AI_ASSISTED_DISCOVERY
P2SRC_9D224448EBB9274EF084,Elucidating the druggability of the human proteome with eFindSite,Omar Zade Kana; Michał Bryliński,2019-03-19,10.1007/s10822-019-00197-w,30888556,PMC6516084,https://openalex.org/W2924545821,DOI:10.1007/s10822-019-00197-w,SCHOLARLY_RECORD,P2E1B_OPENALEX_02|P2E1B_PUBMED_02,CAT_01|CAT_02,UNRESOLVED_FROM_DISCOVERY_METADATA,UNRESOLVED_FROM_DISCOVERY_METADATA,POSSIBLY_RELEVANT,LIMITED_DISCOVERY_SIGNAL:CATEGORY_CONTEXT;EVENTS:2,Journal of Computer-Aided Molecular Design,article,PMID:30888556|https://openalex.org/W2924545821,outputs/phase_two/p2_e1_pilot_v0.1/search/raw_retrieval/p2e1b_openalex_02_works.json|outputs/phase_two/p2_e1_pilot_v0.1/search/raw_retrieval/p2e1b_pubmed_02_esummary.json,FALSE,TRUE,AI_ASSISTED_DISCOVERY
P2SRC_644ED1F142630B876C33,Embedding Entities and Relations for Learning and Inference in Knowledge Bases,"Wu, Hong; Wang, Zhe; Wang, Kewen; Omran, Pouya Ghiasnezhad; Li, Jiangmeng",2014-12-20,10.4230/tgdk.1.1.7,,,https://openalex.org/W1533230146,DOI:10.4230/tgdk.1.1.7,SCHOLARLY_RECORD,P2E1B_OPENALEX_03,CAT_01|CAT_03,UNRESOLVED_FROM_DISCOVERY_METADATA,UNRESOLVED_FROM_DISCOVERY_METADATA,POSSIBLY_RELEVANT,LIMITED_DISCOVERY_SIGNAL:knowledge graph;EVENTS:1,arXiv (Cornell University),preprint,https://openalex.org/W1533230146,outputs/phase_two/p2_e1_pilot_v0.1/search/raw_retrieval/p2e1b_openalex_03_works.json,FALSE,TRUE,AI_ASSISTED_DISCOVERY
P2SRC_561BB2745D6757B4787A,Emergency care in post-conflict settings: a systematic literature review,Werner K; Kak M; Herbst CH; Lin TK,2023 Apr 1,10.1186/s12873-023-00775-0,37005602,PMC10068156,,PMID:37005602,SCHOLARLY_RECORD,P2E1B_PUBMED_05,CAT_05,UNRESOLVED_FROM_DISCOVERY_METADATA,UNRESOLVED_FROM_DISCOVERY_METADATA,LIKELY_OUT_OF_SCOPE,NO_TARGET_EVIDENCE_OR_REPRESENTATION_SIGNAL_IN_CAPTURED_METADATA,BMC emergency medicine,"Systematic Review|Journal Article|Research Support, Non-U.S. Gov't",PMID:37005602,outputs/phase_two/p2_e1_pilot_v0.1/search/raw_retrieval/p2e1b_pubmed_05_esummary.json,UNRESOLVED_FROM_DISCOVERY_METADATA,TRUE,AI_ASSISTED_DISCOVERY
P2SRC_FE20EB42E6AB4274E411,Emerging albumin hydrogels as personalized biomaterials,Kong F; Mehwish N; Lee BH,2023 Feb,10.1016/j.actbio.2022.11.058,36509399,,,PMID:36509399,SCHOLARLY_RECORD,P2E1B_PUBMED_12,CAT_01|CAT_05|CAT_06,UNRESOLVED_FROM_DISCOVERY_METADATA,UNRESOLVED_FROM_DISCOVERY_METADATA,POSSIBLY_RELEVANT,LIMITED_DISCOVERY_SIGNAL:CATEGORY_CONTEXT;EVENTS:1,Acta biomaterialia,"Journal Article|Review|Research Support, Non-U.S. Gov't",PMID:36509399,outputs/phase_two/p2_e1_pilot_v0.1/search/raw_retrieval/p2e1b_pubmed_12_esummary.json,UNRESOLVED_FROM_DISCOVERY_METADATA,TRUE,AI_ASSISTED_DISCOVERY
P2SRC_5C95A6A0440E9F7A124B,Empowering biomedical evidence exploration and synthesis with deep knowledge graph research,Wang Z; Chen Z; Yang Z; Wang X; Jin Q; Peng Y; Lu Z; Sun J,2026 Jul,10.1038/s42256-026-01266-0,42569156,PMC13449190,,PMID:42569156,SCHOLARLY_RECORD,P2E1B_PUBMED_11,CAT_04|CAT_05|CAT_06|CAT_07,UNRESOLVED_FROM_DISCOVERY_METADATA,UNRESOLVED_FROM_DISCOVERY_METADATA,POSSIBLY_RELEVANT,LIMITED_DISCOVERY_SIGNAL:knowledge graph;EVENTS:1,Nature machine intelligence,Journal Article,PMID:42569156,outputs/phase_two/p2_e1_pilot_v0.1/search/raw_retrieval/p2e1b_pubmed_11_esummary.json,UNRESOLVED_FROM_DISCOVERY_METADATA,TRUE,AI_ASSISTED_DISCOVERY
P2SRC_4A2B502DB401878691A6,Empowering the discovery of novel target-disease associations via machine learning approaches in the open targets platform,Yingnan Han; K. Klinger; Deepak K. Rajpal; Cheng Zhu; Erin Teeple,2022-06-16,10.1186/s12859-022-04753-4,35710324,PMC9202116,https://openalex.org/W4283030194,DOI:10.1186/s12859-022-04753-4,SCHOLARLY_RECORD,P2E1B_OPENALEX_02|P2E1B_PUBMED_02,CAT_01|CAT_02,UNRESOLVED_FROM_DISCOVERY_METADATA,UNRESOLVED_FROM_DISCOVERY_METADATA,LIKELY_RELEVANT,DISCOVERY_KEYWORDS:drug target|machine learning|open targets;EVENTS:2,BMC Bioinformatics,article,PMID:35710324|https://openalex.org/W4283030194,outputs/phase_two/p2_e1_pilot_v0.1/search/raw_retrieval/p2e1b_openalex_02_works.json|outputs/phase_two/p2_e1_pilot_v0.1/search/raw_retrieval/p2e1b_pubmed_02_esummary.json,FALSE,TRUE,AI_ASSISTED_DISCOVERY
P2SRC_7026E69EFC95618EDF2B,Engineered organoids for biomedical applications,Roberto de Barros N; Wang C; Maity S; Peirsman A; Nasiri R; Herland A; Ermis M; Kawakita S; Gregatti Carvalho B; Hosseinzadeh Kouchehbaghi N; Donizetti Herculano R; Tirpáková Z; Mohammad Hossein Dabiri S; Lucas Tanaka J; Falcone N; Choroomi A; Chen R; Huang S; Zisblatt E; Huang Y; Rashad A; Khorsandi D; Gangrade A; Voskanian L; Zhu Y; Li B; Akbari M; Lee J; Remzi Dokmeci M; Kim HJ; Khademhosseini A,2023 Dec,10.1016/j.addr.2023.115142,37967768,PMC10842104,,PMID:37967768,SCHOLARLY_RECORD,P2E1B_PUBMED_12,CAT_01|CAT_05|CAT_06,UNRESOLVED_FROM_DISCOVERY_METADATA,UNRESOLVED_FROM_DISCOVERY_METADATA,POSSIBLY_RELEVANT,LIMITED_DISCOVERY_SIGNAL:CATEGORY_CONTEXT;EVENTS:1,Advanced drug delivery reviews,"Journal Article|Review|Research Support, Non-U.S. Gov't|Research Support, N.I.H., Extramural",PMID:37967768,outputs/phase_two/p2_e1_pilot_v0.1/search/raw_retrieval/p2e1b_pubmed_12_esummary.json,UNRESOLVED_FROM_DISCOVERY_METADATA,TRUE,AI_ASSISTED_DISCOVERY
P2SRC_AA5313615C1A5E4DF513,Enriching contextualized language model from knowledge graph for biomedical information extraction,Hao Fei; Yafeng Ren; Yue Zhang; Donghong Ji; Xiaohui Liang,2020-05-07,10.1093/bib/bbaa110,32591802,,https://openalex.org/W3037979089,DOI:10.1093/bib/bbaa110,SCHOLARLY_RECORD,P2E1B_OPENALEX_03,CAT_01|CAT_03,UNRESOLVED_FROM_DISCOVERY_METADATA,UNRESOLVED_FROM_DISCOVERY_METADATA,POSSIBLY_RELEVANT,LIMITED_DISCOVERY_SIGNAL:knowledge graph;EVENTS:1,Briefings in Bioinformatics,article,https://openalex.org/W3037979089,outputs/phase_two/p2_e1_pilot_v0.1/search/raw_retrieval/p2e1b_openalex_03_works.json,FALSE,TRUE,AI_ASSISTED_DISCOVERY
P2SRC_8AF0E3D30C433DC7C05C,Ethics and governance of trustworthy medical artificial intelligence,Jie Zhang; Zongming Zhang,2023-01-13,10.1186/s12911-023-02103-9,36639799,,https://openalex.org/W4315880904,DOI:10.1186/s12911-023-02103-9,SCHOLARLY_RECORD,P2E1B_OPENALEX_14,CAT_01|CAT_07,UNRESOLVED_FROM_DISCOVERY_METADATA,UNRESOLVED_FROM_DISCOVERY_METADATA,LIKELY_RELEVANT,DISCOVERY_KEYWORDS:artificial intelligence|traceability;EVENTS:1,BMC Medical Informatics and Decision Making,article,https://openalex.org/W4315880904,outputs/phase_two/p2_e1_pilot_v0.1/search/raw_retrieval/p2e1b_openalex_14_works.json,FALSE,TRUE,AI_ASSISTED_DISCOVERY
P2SRC_608D534872EBD8D81E0D,Ethics and non-evidence based therapies: Portuguese perspective in a global setting,Madruga Dias J,2023 Dec,10.1007/s40592-022-00172-6,36586073,PMC10654189,,PMID:36586073,SCHOLARLY_RECORD,P2E1B_PUBMED_11,CAT_04|CAT_05|CAT_06|CAT_07,UNRESOLVED_FROM_DISCOVERY_METADATA,UNRESOLVED_FROM_DISCOVERY_METADATA,POSSIBLY_RELEVANT,LIMITED_DISCOVERY_SIGNAL:CATEGORY_CONTEXT;EVENTS:1,Monash bioethics review,Journal Article,PMID:36586073,outputs/phase_two/p2_e1_pilot_v0.1/search/raw_retrieval/p2e1b_pubmed_11_esummary.json,UNRESOLVED_FROM_DISCOVERY_METADATA,TRUE,AI_ASSISTED_DISCOVERY
P2SRC_726B9D0E7EFB53E0465E,Ethnicity and academic performance in UK trained doctors and medical students: systematic review and meta-analysis,Katherine Woolf; Henry Potts; I. C. McManus,2011-03-08,10.1136/bmj.d901,21385802,,https://openalex.org/W2131200923,DOI:10.1136/bmj.d901,SCHOLARLY_RECORD,P2E1B_OPENALEX_08,CAT_01|CAT_05|CAT_06,UNRESOLVED_FROM_DISCOVERY_METADATA,UNRESOLVED_FROM_DISCOVERY_METADATA,POSSIBLY_RELEVANT,LIMITED_DISCOVERY_SIGNAL:CATEGORY_CONTEXT;EVENTS:1,BMJ,review,https://openalex.org/W2131200923,outputs/phase_two/p2_e1_pilot_v0.1/search/raw_retrieval/p2e1b_openalex_08_works.json,FALSE,TRUE,AI_ASSISTED_DISCOVERY
P2SRC_CA7CE647B71ECAD2B7D2,European Guidelines on cardiovascular disease prevention in clinical practice (version 2012),Authors/Task Force Members:; Joep Perk; Guy De Backer; H. Gohlke; Ian Graham; Željko Reiner; Monique Verschuren; Christian Albus; Pascale Benlian; G. Boysen; Renata Cífková; Christi Deaton; S. Ebrahim; Michael Fisher; Giuseppe Germanò; Richard Hobbs; A. Hoes; S. Karadeniz; Alessandro Mezzani; Eva Prescott; Lars Rydén; M. Scherer; Mikko Syvänne; Wilma J.M. Scholte op Reimer; Christian Vrints; David Wood; José Luis Zamorano; F Zannad; Other experts who contributed to parts of the guidelines:; Marie Therese Cooney; Jeroen J. Bax; H. Baumgartner; Claudio Ceconi; V. Dean; Christi Deaton; Robert Fagard; Christian Funck‐Brentano; David Hasdai; A. Hoes; Paulus Kirchhof; Juhani Knuuti; Philippe Kolh; Theresa A. McDonagh; Bruno Moulin; Bogdan A. Popescu; Z. Reiner; U Sechtem; P. A. Sirnes; Michał Tendera; Adam Torbicki; A. Vahanian; Stephan Windecker; Document Reviewers; Christian Funck‐Brentano; P. A. Sirnes; Victor Aboyans; Eduardo Alegría Ezquerra; Colin Baigent; Carlos Brotons; G. Burell; Antonio Ceriello; Johan De Sutter; J. Deckers; Stefano Del Prato; H.‐C. Diener; Donna Fitzsimons; Zlatko Fras; Rainer Hambrecht; Piotr Jankowski; U Keil; Mike Kirby; Mogens Lytken Larsen; Giuseppe Mancia; Athanasios Manolis; John J.V. McMurray; A. Pajak; Alexander Parkhomenko; Loukianos Rallidis; Fausto Rigo; Evangelista Rocha; Luís M. Ruilope; Enno T. van der Velde; Diego Vanuzzo; Margus Viigimaa; Massimo Volpe; Olov Wiklund; C. Wolpert,2012-05-03,10.1093/eurheartj/ehs092,22555213,,https://openalex.org/W3021842026,DOI:10.1093/eurheartj/ehs092,SCHOLARLY_RECORD,P2E1B_OPENALEX_11,CAT_04|CAT_05|CAT_06|CAT_07,UNRESOLVED_FROM_DISCOVERY_METADATA,UNRESOLVED_FROM_DISCOVERY_METADATA,POSSIBLY_RELEVANT,LIMITED_DISCOVERY_SIGNAL:CATEGORY_CONTEXT;EVENTS:1,European Heart Journal,article,https://openalex.org/W3021842026,outputs/phase_two/p2_e1_pilot_v0.1/search/raw_retrieval/p2e1b_openalex_11_works.json,FALSE,TRUE,AI_ASSISTED_DISCOVERY
P2SRC_CD9F6234342B560DD599,Evidence Synthesis for Decision Making 2,Sofia Dias; Alex J. Sutton; A. E. Ades; Nicky J. Welton,2012-10-26,10.1177/0272989x12458724,23104435,,https://openalex.org/W2150529573,DOI:10.1177/0272989x12458724,SCHOLARLY_RECORD,P2E1B_OPENALEX_06,CAT_05|CAT_06,UNRESOLVED_FROM_DISCOVERY_METADATA,UNRESOLVED_FROM_DISCOVERY_METADATA,POSSIBLY_RELEVANT,LIMITED_DISCOVERY_SIGNAL:evidence synthesis;EVENTS:1,Medical Decision Making,article,https://openalex.org/W2150529573,outputs/phase_two/p2_e1_pilot_v0.1/search/raw_retrieval/p2e1b_openalex_06_works.json,FALSE,TRUE,AI_ASSISTED_DISCOVERY
P2SRC_0CAC90088AFF756A1788,Evidence Synthesis for Decision Making 4,Sofia Dias; Nicky J. Welton; Alex J. Sutton; Deborah M Caldwell; Guobing Lu; A. E. Ades,2013-06-26,10.1177/0272989x12455847,23804508,,https://openalex.org/W2897247590,DOI:10.1177/0272989x12455847,SCHOLARLY_RECORD,P2E1B_OPENALEX_13,CAT_03|CAT_05|CAT_06,UNRESOLVED_FROM_DISCOVERY_METADATA,UNRESOLVED_FROM_DISCOVERY_METADATA,POSSIBLY_RELEVANT,LIMITED_DISCOVERY_SIGNAL:evidence synthesis;EVENTS:1,Medical Decision Making,article,https://openalex.org/W2897247590,outputs/phase_two/p2_e1_pilot_v0.1/search/raw_retrieval/p2e1b_openalex_13_works.json,FALSE,TRUE,AI_ASSISTED_DISCOVERY
P2SRC_23E8592C2AE5BA9B0942,"Evidence, eminence and extrapolation",Hlavin G; Koenig F; Male C; Posch M; Bauer P,2016 Jun 15,10.1002/sim.6865,26753552,PMC5066662,,PMID:26753552,SCHOLARLY_RECORD,P2E1B_PUBMED_11,CAT_04|CAT_05|CAT_06|CAT_07,UNRESOLVED_FROM_DISCOVERY_METADATA,UNRESOLVED_FROM_DISCOVERY_METADATA,POSSIBLY_RELEVANT,LIMITED_DISCOVERY_SIGNAL:CATEGORY_CONTEXT;EVENTS:1,Statistics in medicine,"Journal Article|Research Support, Non-U.S. Gov't",PMID:26753552,outputs/phase_two/p2_e1_pilot_v0.1/search/raw_retrieval/p2e1b_pubmed_11_esummary.json,UNRESOLVED_FROM_DISCOVERY_METADATA,TRUE,AI_ASSISTED_DISCOVERY
P2SRC_66A8660A480197A1C843,Evolution-strengthened knowledge graph enables predicting the targetability and druggability of genes,Quan Y; Xiong ZK; Zhang KX; Zhang QY; Zhang W; Zhang HY,2023 May,10.1093/pnasnexus/pgad147,37188275,PMC10178923,,PMID:37188275,SCHOLARLY_RECORD,P2E1B_PUBMED_07,CAT_01|CAT_07,UNRESOLVED_FROM_DISCOVERY_METADATA,UNRESOLVED_FROM_DISCOVERY_METADATA,POSSIBLY_RELEVANT,LIMITED_DISCOVERY_SIGNAL:knowledge graph;EVENTS:1,PNAS nexus,Journal Article,PMID:37188275,outputs/phase_two/p2_e1_pilot_v0.1/search/raw_retrieval/p2e1b_pubmed_07_esummary.json,UNRESOLVED_FROM_DISCOVERY_METADATA,TRUE,AI_ASSISTED_DISCOVERY
P2SRC_CC438E0AC5E0CCAA69E3,Examining the relationship between burnout and empathy in healthcare professionals: A systematic review,H. Jean Wilkinson; Richard Whittington; Lorraine Perry; Catrin Eames,2017-06-30,10.1016/j.burn.2017.06.003,28868237,,https://openalex.org/W2727711984,DOI:10.1016/j.burn.2017.06.003,SCHOLARLY_RECORD,P2E1B_OPENALEX_13,CAT_03|CAT_05|CAT_06,UNRESOLVED_FROM_DISCOVERY_METADATA,UNRESOLVED_FROM_DISCOVERY_METADATA,POSSIBLY_RELEVANT,LIMITED_DISCOVERY_SIGNAL:CATEGORY_CONTEXT;EVENTS:1,Burnout Research,review,https://openalex.org/W2727711984,outputs/phase_two/p2_e1_pilot_v0.1/search/raw_retrieval/p2e1b_openalex_13_works.json,FALSE,TRUE,AI_ASSISTED_DISCOVERY
P2SRC_C07BEDFF2D7FD6540988,Expansion of Microbial Forensics,Schmedes SE; Sajantila A; Budowle B,2016 Aug,10.1128/JCM.00046-16,26912746,PMC4963497,,PMID:26912746,SCHOLARLY_RECORD,P2E1B_PUBMED_04,CAT_04,UNRESOLVED_FROM_DISCOVERY_METADATA,UNRESOLVED_FROM_DISCOVERY_METADATA,LIKELY_OUT_OF_SCOPE,NO_TARGET_EVIDENCE_OR_REPRESENTATION_SIGNAL_IN_CAPTURED_METADATA,Journal of clinical microbiology,Journal Article|Review,PMID:26912746,outputs/phase_two/p2_e1_pilot_v0.1/search/raw_retrieval/p2e1b_pubmed_04_esummary.json,UNRESOLVED_FROM_DISCOVERY_METADATA,TRUE,AI_ASSISTED_DISCOVERY
P2SRC_0A89A5586D828125B4B0,Explainable Reasoning over Knowledge Graphs for Recommendation,Xiang Wang; Dingxian Wang; Canran Xu; Xiangnan He; Yixin Cao; Tat‐Seng Chua,2019-07-17,10.1609/aaai.v33i01.33015329,,,https://openalex.org/W2966349618,DOI:10.1609/aaai.v33i01.33015329,SCHOLARLY_RECORD,P2E1B_OPENALEX_10,CAT_01|CAT_03|CAT_04,UNRESOLVED_FROM_DISCOVERY_METADATA,UNRESOLVED_FROM_DISCOVERY_METADATA,POSSIBLY_RELEVANT,LIMITED_DISCOVERY_SIGNAL:knowledge graph;EVENTS:1,Proceedings of the AAAI Conference on Artificial Intelligence,conference-paper,https://openalex.org/W2966349618,outputs/phase_two/p2_e1_pilot_v0.1/search/raw_retrieval/p2e1b_openalex_10_works.json,FALSE,TRUE,AI_ASSISTED_DISCOVERY
P2SRC_8263D11D7B16CC013DC1,Explaining protein-protein interactions with knowledge graph-based semantic similarity,Sousa RT; Silva S; Pesquita C,2024 Mar,10.1016/j.compbiomed.2024.108076,38308873,,,PMID:38308873,SCHOLARLY_RECORD,P2E1B_PUBMED_03,CAT_01|CAT_03,UNRESOLVED_FROM_DISCOVERY_METADATA,UNRESOLVED_FROM_DISCOVERY_METADATA,POSSIBLY_RELEVANT,LIMITED_DISCOVERY_SIGNAL:knowledge graph;EVENTS:1,Computers in biology and medicine,"Journal Article|Research Support, Non-U.S. Gov't",PMID:38308873,outputs/phase_two/p2_e1_pilot_v0.1/search/raw_retrieval/p2e1b_pubmed_03_esummary.json,UNRESOLVED_FROM_DISCOVERY_METADATA,TRUE,AI_ASSISTED_DISCOVERY
P2SRC_8ED3C9194F74BAE83D0A,Explanatory argumentation in natural language for correct and incorrect medical diagnoses,Molinet B; Marro S; Cabrio E; Villata S,2024 May 30,10.1186/s13326-024-00306-1,38816758,PMC11138001,,PMID:38816758,SCHOLARLY_RECORD,P2E1B_PUBMED_11,CAT_04|CAT_05|CAT_06|CAT_07,UNRESOLVED_FROM_DISCOVERY_METADATA,UNRESOLVED_FROM_DISCOVERY_METADATA,POSSIBLY_RELEVANT,LIMITED_DISCOVERY_SIGNAL:CATEGORY_CONTEXT;EVENTS:1,Journal of biomedical semantics,"Journal Article|Research Support, Non-U.S. Gov't",PMID:38816758,outputs/phase_two/p2_e1_pilot_v0.1/search/raw_retrieval/p2e1b_pubmed_11_esummary.json,UNRESOLVED_FROM_DISCOVERY_METADATA,TRUE,AI_ASSISTED_DISCOVERY
P2SRC_086C35A06C54730F6978,Exploring Integrative Analysis Using the BioMedical Evidence Graph,Struck A; Walsh B; Buchanan A; Lee JA; Spangler R; Stuart JM; Ellrott K,2020 Feb,10.1200/CCI.19.00110,32097025,PMC7049249,,PMID:32097025,SCHOLARLY_RECORD,P2E1B_PUBMED_11,CAT_04|CAT_05|CAT_06|CAT_07,UNRESOLVED_FROM_DISCOVERY_METADATA,UNRESOLVED_FROM_DISCOVERY_METADATA,POSSIBLY_RELEVANT,LIMITED_DISCOVERY_SIGNAL:evidence graph;EVENTS:1,JCO clinical cancer informatics,"Journal Article|Research Support, N.I.H., Extramural|Research Support, Non-U.S. Gov't",PMID:32097025,outputs/phase_two/p2_e1_pilot_v0.1/search/raw_retrieval/p2e1b_pubmed_11_esummary.json,UNRESOLVED_FROM_DISCOVERY_METADATA,TRUE,AI_ASSISTED_DISCOVERY
P2SRC_73F0C0F633F90337FB7D,"Exploring potential causal genetic variants and genes for endometrial cancer: Open Targets Genetics, Mendelian randomization, and multi-tissue transcriptome-wide association analysis",Guorui Zhang; Su Mao; Guangwei Yuan; Yang Wang; Jingyun Yang; Yuxin Dai,2024-11-01,10.21037/tcr-24-887,39697733,PMC11651742,https://openalex.org/W4404866215,DOI:10.21037/tcr-24-887,SCHOLARLY_RECORD,P2E1B_OPENALEX_02|P2E1B_PUBMED_02,CAT_01|CAT_02,UNRESOLVED_FROM_DISCOVERY_METADATA,UNRESOLVED_FROM_DISCOVERY_METADATA,LIKELY_RELEVANT,DISCOVERY_KEYWORDS:open targets;EVENTS:2,Translational Cancer Research,article,PMID:39697733|https://openalex.org/W4404866215,outputs/phase_two/p2_e1_pilot_v0.1/search/raw_retrieval/p2e1b_openalex_02_works.json|outputs/phase_two/p2_e1_pilot_v0.1/search/raw_retrieval/p2e1b_pubmed_02_esummary.json,FALSE,TRUE,AI_ASSISTED_DISCOVERY
P2SRC_2B0BE2E5E9137B7C467D,Expression Atlas in 2026: enabling FAIR and open expression data through community collaboration and integration,Pedro Madrigal; Anil S. Thanki; Silvie Fexová; Iris Diana Uy; Arsenios Chatzigeorgiou; Ida Zucchi; Jose C Marugan Calles; Liora Haim-Vilmovsky; Amnon Khen; Lingyun Zhao; Karoly Erdos; Sandeep R Kurri; Sandeep Selvakumar; Upendra Kumbham; Ananth Prakash; Shengbo Wang; Andrew Green; Carlos Eduardo Ribas; Blake Sweeney; Tobi Alegbe; Dániel Süveges; Anmol Jaywant Hemrom; David E Gomez Gutierrez; Santiago Insua; Matt Jeffryes; M. B. Y. D. J. Pearce; Prasad Basutkar; Myrsini Kaforou; Aubrey J. Cunnington; Michael Levin; Sunita Kumari; Doreen Ware; Damien Goutte-Gattat; Katja Röper; Nicholas H. Brown; Yanhui Hu; Norbert Perrimon; Irene Papatheodorou; Alvis Brāzma; Henning Hermjakob; Melissa Harrison; David Ocaña; David Ochoa; Ellen M. McDonagh; Alex Bateman; Thomas Keane; Juan Antonio Vizcaíno; Christina Ernst,2025-12-10,10.1093/nar/gkaf1238,41370097,PMC12807774,https://openalex.org/W4417274340,DOI:10.1093/nar/gkaf1238,SCHOLARLY_RECORD,P2E1B_OPENALEX_02|P2E1B_PUBMED_02,CAT_01|CAT_02,UNRESOLVED_FROM_DISCOVERY_METADATA,UNRESOLVED_FROM_DISCOVERY_METADATA,LIKELY_RELEVANT,DISCOVERY_KEYWORDS:open targets;EVENTS:2,Nucleic Acids Research,article,PMID:41370097|https://openalex.org/W4417274340,outputs/phase_two/p2_e1_pilot_v0.1/search/raw_retrieval/p2e1b_openalex_02_works.json|outputs/phase_two/p2_e1_pilot_v0.1/search/raw_retrieval/p2e1b_pubmed_02_esummary.json,FALSE,TRUE,AI_ASSISTED_DISCOVERY
P2SRC_096D0B3F0182E50E0181,Extracorporeal cardiopulmonary resuscitation for refractory out-of-hospital cardiac arrest: a systematic review and meta-analysis of randomized clinical trials,Gomes DA; Presume J; Ferreira J; Oliveira AF; Miranda T; Brízido C; Strong C; Tralhão A,2023 Oct,10.1007/s11739-023-03357-x,37391493,,,PMID:37391493,SCHOLARLY_RECORD,P2E1B_PUBMED_13,CAT_03|CAT_05|CAT_06,UNRESOLVED_FROM_DISCOVERY_METADATA,UNRESOLVED_FROM_DISCOVERY_METADATA,POSSIBLY_RELEVANT,LIMITED_DISCOVERY_SIGNAL:CATEGORY_CONTEXT;EVENTS:1,Internal and emergency medicine,Meta-Analysis|Systematic Review|Journal Article,PMID:37391493,outputs/phase_two/p2_e1_pilot_v0.1/search/raw_retrieval/p2e1b_pubmed_13_esummary.json,UNRESOLVED_FROM_DISCOVERY_METADATA,TRUE,AI_ASSISTED_DISCOVERY
P2SRC_D56A4D46FAF94D8E72F8,Facilitating Middle School Students' Reasoning About Vaccines,Cetinkaya E; Saribas D,2023,10.1007/s11191-021-00318-8,35261482,PMC8894820,,PMID:35261482,SCHOLARLY_RECORD,P2E1B_PUBMED_11,CAT_04|CAT_05|CAT_06|CAT_07,UNRESOLVED_FROM_DISCOVERY_METADATA,UNRESOLVED_FROM_DISCOVERY_METADATA,POSSIBLY_RELEVANT,LIMITED_DISCOVERY_SIGNAL:CATEGORY_CONTEXT;EVENTS:1,Science & education,Journal Article,PMID:35261482,outputs/phase_two/p2_e1_pilot_v0.1/search/raw_retrieval/p2e1b_pubmed_11_esummary.json,UNRESOLVED_FROM_DISCOVERY_METADATA,TRUE,AI_ASSISTED_DISCOVERY
P2SRC_AA50D7FFCE704DF8FE9A,Factors affecting return to work after injury or illness: best evidence synthesis of systematic reviews,Carol Cancelliere; James Donovan; Mette Jensen Stochkendahl; Melissa Biscardi; Carlo Ammendolia; Corrie Myburgh; J. David Cassidy,2016-07-20,10.1186/s12998-016-0113-z,27610218,,https://openalex.org/W2484546033,DOI:10.1186/s12998-016-0113-z,SCHOLARLY_RECORD,P2E1B_OPENALEX_13,CAT_03|CAT_05|CAT_06,UNRESOLVED_FROM_DISCOVERY_METADATA,UNRESOLVED_FROM_DISCOVERY_METADATA,POSSIBLY_RELEVANT,LIMITED_DISCOVERY_SIGNAL:evidence synthesis;EVENTS:1,Chiropractic & Manual Therapies,review,https://openalex.org/W2484546033,outputs/phase_two/p2_e1_pilot_v0.1/search/raw_retrieval/p2e1b_openalex_13_works.json,FALSE,TRUE,AI_ASSISTED_DISCOVERY
P2SRC_29FBBA908DEEA7CFA506,Factors Associated with Sarcopenia Among Vietnamese Elderly Outpatients with Chronic Musculoskeletal Disorders: A Cross-Sectional Study,Diep NT; Nguyen TV; Duynh NT,2026 Jul 1,10.3390/jcm15135138,42452598,PMC13363469,,PMID:42452598,SCHOLARLY_RECORD,P2E1B_PUBMED_08,CAT_01|CAT_05|CAT_06,UNRESOLVED_FROM_DISCOVERY_METADATA,UNRESOLVED_FROM_DISCOVERY_METADATA,POSSIBLY_RELEVANT,LIMITED_DISCOVERY_SIGNAL:CATEGORY_CONTEXT;EVENTS:1,Journal of clinical medicine,Journal Article,PMID:42452598,outputs/phase_two/p2_e1_pilot_v0.1/search/raw_retrieval/p2e1b_pubmed_08_esummary.json,UNRESOLVED_FROM_DISCOVERY_METADATA,TRUE,AI_ASSISTED_DISCOVERY
P2SRC_D9C1A6A1A1A2379D52D3,Factors reported to influence fear of recurrence in cancer patients: a systematic review,Jade V. Crist; Elizabeth A. Grunfeld,2012-06-03,10.1002/pon.3114,22674873,,https://openalex.org/W1556118198,DOI:10.1002/pon.3114,SCHOLARLY_RECORD,P2E1B_OPENALEX_13,CAT_03|CAT_05|CAT_06,UNRESOLVED_FROM_DISCOVERY_METADATA,UNRESOLVED_FROM_DISCOVERY_METADATA,POSSIBLY_RELEVANT,LIMITED_DISCOVERY_SIGNAL:CATEGORY_CONTEXT;EVENTS:1,Psycho-Oncology,review,https://openalex.org/W1556118198,outputs/phase_two/p2_e1_pilot_v0.1/search/raw_retrieval/p2e1b_openalex_13_works.json,FALSE,TRUE,AI_ASSISTED_DISCOVERY
P2SRC_BD6C361D2DCE28D1B365,FAIRSCAPE: a Framework for FAIR and Reproducible Biomedical Analytics,Levinson MA; Niestroy J; Al Manir S; Fairchild K; Lake DE; Moorman JR; Clark T,2022 Jan,10.1007/s12021-021-09529-4,34264488,PMC8760356,,PMID:34264488,SCHOLARLY_RECORD,P2E1B_PUBMED_11,CAT_04|CAT_05|CAT_06|CAT_07,UNRESOLVED_FROM_DISCOVERY_METADATA,UNRESOLVED_FROM_DISCOVERY_METADATA,POSSIBLY_RELEVANT,LIMITED_DISCOVERY_SIGNAL:CATEGORY_CONTEXT;EVENTS:1,Neuroinformatics,"Journal Article|Research Support, Non-U.S. Gov't|Research Support, N.I.H., Extramural",PMID:34264488,outputs/phase_two/p2_e1_pilot_v0.1/search/raw_retrieval/p2e1b_pubmed_11_esummary.json,UNRESOLVED_FROM_DISCOVERY_METADATA,TRUE,AI_ASSISTED_DISCOVERY
P2SRC_72D8752A3F395CFA6163,Fertility Preservation in Patients With Cancer: ASCO Clinical Practice Guideline Update,Kutluk Oktay; Brittany Harvey; Ann H. Partridge; Gwendolyn P. Quinn; Joyce Reinecke; Hugh S. Taylor; William H. Wallace; Erica T. Wang; Alison W. Loren,2018-04-05,10.1200/jco.2018.78.1914,29620997,,https://openalex.org/W2795588819,DOI:10.1200/jco.2018.78.1914,SCHOLARLY_RECORD,P2E1B_OPENALEX_13|P2E1B_PUBMED_13,CAT_03|CAT_05|CAT_06,UNRESOLVED_FROM_DISCOVERY_METADATA,UNRESOLVED_FROM_DISCOVERY_METADATA,POSSIBLY_RELEVANT,LIMITED_DISCOVERY_SIGNAL:CATEGORY_CONTEXT;EVENTS:2,Journal of Clinical Oncology,article,PMID:29620997|https://openalex.org/W2795588819,outputs/phase_two/p2_e1_pilot_v0.1/search/raw_retrieval/p2e1b_openalex_13_works.json|outputs/phase_two/p2_e1_pilot_v0.1/search/raw_retrieval/p2e1b_pubmed_13_esummary.json,FALSE,TRUE,AI_ASSISTED_DISCOVERY
P2SRC_1FF79467D090E590850B,Fetal sex and maternal risk of pre-eclampsia/eclampsia: a systematic review and meta-analysis,Jaskolka D; Retnakaran R; Zinman B; Kramer CK,2017 Mar,10.1111/1471-0528.14163,27315789,,,PMID:27315789,SCHOLARLY_RECORD,P2E1B_PUBMED_13,CAT_03|CAT_05|CAT_06,UNRESOLVED_FROM_DISCOVERY_METADATA,UNRESOLVED_FROM_DISCOVERY_METADATA,POSSIBLY_RELEVANT,LIMITED_DISCOVERY_SIGNAL:CATEGORY_CONTEXT;EVENTS:1,BJOG : an international journal of obstetrics and gynaecology,Journal Article|Meta-Analysis|Systematic Review,PMID:27315789,outputs/phase_two/p2_e1_pilot_v0.1/search/raw_retrieval/p2e1b_pubmed_13_esummary.json,UNRESOLVED_FROM_DISCOVERY_METADATA,TRUE,AI_ASSISTED_DISCOVERY
P2SRC_2031A5368C73286A4287,Foundation models in pathology: bridging AI innovation and clinical practice,Hacking S,2025 Jun 19,10.1136/jcp-2024-209910,40355256,,,PMID:40355256,SCHOLARLY_RECORD,P2E1B_PUBMED_04,CAT_04,UNRESOLVED_FROM_DISCOVERY_METADATA,UNRESOLVED_FROM_DISCOVERY_METADATA,POSSIBLY_RELEVANT,LIMITED_DISCOVERY_SIGNAL:CATEGORY_CONTEXT;EVENTS:1,Journal of clinical pathology,Editorial,PMID:40355256,outputs/phase_two/p2_e1_pilot_v0.1/search/raw_retrieval/p2e1b_pubmed_04_esummary.json,UNRESOLVED_FROM_DISCOVERY_METADATA,TRUE,AI_ASSISTED_DISCOVERY
P2SRC_269C6277DEA4CC984FEC,Framework for the treatment and reporting of missing data in observational studies: The Treatment And Reporting of Missing data in Observational Studies framework,Katherine J. Lee; Kate Tilling; Rosie Cornish; Roderick J. A. Little; Melanie L. Bell; Els Goetghebeur; Joseph W. Hogan; James R. Carpenter,2021-02-03,10.1016/j.jclinepi.2021.01.008,33539930,PMC8168830,https://openalex.org/W3127371185,DOI:10.1016/j.jclinepi.2021.01.008,SCHOLARLY_RECORD,P2E1B_OPENALEX_09|P2E1B_PUBMED_09,CAT_05|CAT_06,UNRESOLVED_FROM_DISCOVERY_METADATA,UNRESOLVED_FROM_DISCOVERY_METADATA,LIKELY_RELEVANT,DISCOVERY_KEYWORDS:missing data;EVENTS:2,Journal of Clinical Epidemiology,article,PMID:33539930|https://openalex.org/W3127371185,outputs/phase_two/p2_e1_pilot_v0.1/search/raw_retrieval/p2e1b_openalex_09_works.json|outputs/phase_two/p2_e1_pilot_v0.1/search/raw_retrieval/p2e1b_pubmed_09_esummary.json,FALSE,TRUE,AI_ASSISTED_DISCOVERY
P2SRC_653B86ED08535633C555,Frameworks for supporting patient and public involvement in research: Systematic review and co-design pilot,Greenhalgh T; Hinton L; Finlay T; Macfarlane A; Fahy N; Clyde B; Chant A,2019 Aug,10.1111/hex.12888,31012259,PMC6737756,,PMID:31012259,SCHOLARLY_RECORD,P2E1B_PUBMED_05,CAT_05,UNRESOLVED_FROM_DISCOVERY_METADATA,UNRESOLVED_FROM_DISCOVERY_METADATA,LIKELY_OUT_OF_SCOPE,NO_TARGET_EVIDENCE_OR_REPRESENTATION_SIGNAL_IN_CAPTURED_METADATA,Health expectations : an international journal of public participation in health care and health policy,"Journal Article|Research Support, Non-U.S. Gov't|Systematic Review",PMID:31012259,outputs/phase_two/p2_e1_pilot_v0.1/search/raw_retrieval/p2e1b_pubmed_05_esummary.json,UNRESOLVED_FROM_DISCOVERY_METADATA,TRUE,AI_ASSISTED_DISCOVERY
P2SRC_6B7F3337432D2E2BEBF6,Framing for scientific argumentation,Leema K. Berland; David Hammer,2011-10-28,10.1002/tea.20446,,,https://openalex.org/W2109256661,DOI:10.1002/tea.20446,SCHOLARLY_RECORD,P2E1B_OPENALEX_11,CAT_04|CAT_05|CAT_06|CAT_07,UNRESOLVED_FROM_DISCOVERY_METADATA,UNRESOLVED_FROM_DISCOVERY_METADATA,POSSIBLY_RELEVANT,LIMITED_DISCOVERY_SIGNAL:CATEGORY_CONTEXT;EVENTS:1,Journal of Research in Science Teaching,article,https://openalex.org/W2109256661,outputs/phase_two/p2_e1_pilot_v0.1/search/raw_retrieval/p2e1b_openalex_11_works.json,FALSE,TRUE,AI_ASSISTED_DISCOVERY
P2SRC_6CA2335EBD93ED00297E,From chaos to clarity: schema-constrained AI for auditable biomedical evidence extraction from full-text PDFs,Mortezaagha P; Shaw J; Sun B; Rahgozar A,2026 Apr 14,10.1186/s12874-026-02847-8,41975285,PMC13192106,,PMID:41975285,SCHOLARLY_RECORD,P2E1B_PUBMED_10,CAT_01|CAT_03|CAT_04,UNRESOLVED_FROM_DISCOVERY_METADATA,UNRESOLVED_FROM_DISCOVERY_METADATA,POSSIBLY_RELEVANT,LIMITED_DISCOVERY_SIGNAL:CATEGORY_CONTEXT;EVENTS:1,BMC medical research methodology,Journal Article,PMID:41975285,outputs/phase_two/p2_e1_pilot_v0.1/search/raw_retrieval/p2e1b_pubmed_10_esummary.json,UNRESOLVED_FROM_DISCOVERY_METADATA,TRUE,AI_ASSISTED_DISCOVERY
P2SRC_2AE494B554DEFC3DE263,From GWAS Signals to Molecular Mechanisms: Explainable AI for Causal Gene Prioritization and Biomolecular Target Interpretation,Ang MY; Chen L; Song L; Lipovich L; Choo SW,2026 Jul 14,10.3390/biom16071029,42509822,PMC13406849,,PMID:42509822,SCHOLARLY_RECORD,P2E1B_PUBMED_14,CAT_01|CAT_07,UNRESOLVED_FROM_DISCOVERY_METADATA,UNRESOLVED_FROM_DISCOVERY_METADATA,POSSIBLY_RELEVANT,LIMITED_DISCOVERY_SIGNAL:CATEGORY_CONTEXT;EVENTS:1,Biomolecules,Journal Article|Review,PMID:42509822,outputs/phase_two/p2_e1_pilot_v0.1/search/raw_retrieval/p2e1b_pubmed_14_esummary.json,UNRESOLVED_FROM_DISCOVERY_METADATA,TRUE,AI_ASSISTED_DISCOVERY
P2SRC_579BD926F17233BDD0AB,From mitochondrial signal to discovery decision: a reserve-demand framework for translational risk assessment,Rogers GW; Will Y,2026 Aug,10.1080/17460441.2026.2697796,42376777,,,PMID:42376777,SCHOLARLY_RECORD,P2E1B_PUBMED_08,CAT_01|CAT_05|CAT_06,UNRESOLVED_FROM_DISCOVERY_METADATA,UNRESOLVED_FROM_DISCOVERY_METADATA,POSSIBLY_RELEVANT,LIMITED_DISCOVERY_SIGNAL:CATEGORY_CONTEXT;EVENTS:1,Expert opinion on drug discovery,Journal Article|Review,PMID:42376777,outputs/phase_two/p2_e1_pilot_v0.1/search/raw_retrieval/p2e1b_pubmed_08_esummary.json,UNRESOLVED_FROM_DISCOVERY_METADATA,TRUE,AI_ASSISTED_DISCOVERY
P2SRC_4807259E70E71A1E7220,From static structures to dynamic landscapes: Generative artificial intelligence for protein conformational dynamics,Huang J; Jin Y; Shi Q; Teng D,2026 Jun,10.1016/j.sbi.2026.103279,42140027,,,PMID:42140027,SCHOLARLY_RECORD,P2E1B_PUBMED_14,CAT_01|CAT_07,UNRESOLVED_FROM_DISCOVERY_METADATA,UNRESOLVED_FROM_DISCOVERY_METADATA,POSSIBLY_RELEVANT,LIMITED_DISCOVERY_SIGNAL:artificial intelligence;EVENTS:1,Current opinion in structural biology,Journal Article|Review,PMID:42140027,outputs/phase_two/p2_e1_pilot_v0.1/search/raw_retrieval/p2e1b_pubmed_14_esummary.json,UNRESOLVED_FROM_DISCOVERY_METADATA,TRUE,AI_ASSISTED_DISCOVERY
P2SRC_108CF7C6379B950966AF,Fruit and vegetable intake and incidence of type 2 diabetes mellitus: systematic review and meta-analysis,Patrice Carter; Laura J. Gray; Jacqui Troughton; Kamlesh Khunti; Melanie J. Davies,2010-08-19,10.1136/bmj.c4229,20724400,,https://openalex.org/W2097067599,DOI:10.1136/bmj.c4229,SCHOLARLY_RECORD,P2E1B_OPENALEX_08,CAT_01|CAT_05|CAT_06,UNRESOLVED_FROM_DISCOVERY_METADATA,UNRESOLVED_FROM_DISCOVERY_METADATA,POSSIBLY_RELEVANT,LIMITED_DISCOVERY_SIGNAL:CATEGORY_CONTEXT;EVENTS:1,BMJ,review,https://openalex.org/W2097067599,outputs/phase_two/p2_e1_pilot_v0.1/search/raw_retrieval/p2e1b_openalex_08_works.json,FALSE,TRUE,AI_ASSISTED_DISCOVERY
P2SRC_968009953F8F4C5CE6EA,Fuel-Free Micro-/Nanomotors as Intelligent Therapeutic Agents,Liu L; Gao J; Wilson DA; Tu Y; Peng F,2019 Jul 15,10.1002/asia.201900129,30843328,,,PMID:30843328,SCHOLARLY_RECORD,P2E1B_PUBMED_12,CAT_01|CAT_05|CAT_06,UNRESOLVED_FROM_DISCOVERY_METADATA,UNRESOLVED_FROM_DISCOVERY_METADATA,POSSIBLY_RELEVANT,LIMITED_DISCOVERY_SIGNAL:CATEGORY_CONTEXT;EVENTS:1,"Chemistry, an Asian journal",Journal Article|Review,PMID:30843328,outputs/phase_two/p2_e1_pilot_v0.1/search/raw_retrieval/p2e1b_pubmed_12_esummary.json,UNRESOLVED_FROM_DISCOVERY_METADATA,TRUE,AI_ASSISTED_DISCOVERY
P2SRC_96C888A8439A5A973859,Förster Resonance Energy Transfer-Paired Hydrogel Forming Silk-Elastin-Like Recombinamers by Recombinant Conjugation of Fluorescent Proteins,Ibáñez-Fonseca A; Alonso M; Arias FJ; Rodríguez-Cabello JC,2017 Mar 15,10.1021/acs.bioconjchem.6b00738,28158945,,,PMID:28158945,SCHOLARLY_RECORD,P2E1B_PUBMED_10,CAT_01|CAT_03|CAT_04,UNRESOLVED_FROM_DISCOVERY_METADATA,UNRESOLVED_FROM_DISCOVERY_METADATA,POSSIBLY_RELEVANT,LIMITED_DISCOVERY_SIGNAL:CATEGORY_CONTEXT;EVENTS:1,Bioconjugate chemistry,"Journal Article|Research Support, Non-U.S. Gov't",PMID:28158945,outputs/phase_two/p2_e1_pilot_v0.1/search/raw_retrieval/p2e1b_pubmed_10_esummary.json,UNRESOLVED_FROM_DISCOVERY_METADATA,TRUE,AI_ASSISTED_DISCOVERY
P2SRC_D566C2D18E66C5FFE36F,Gaze-dependent evidence accumulation predicts multi-alternative risky choice behaviour,Molter F; Thomas AW; Huettel SA; Heekeren HR; Mohr PNC,2022 Jul,10.1371/journal.pcbi.1010283,35793388,PMC9292127,,PMID:35793388,SCHOLARLY_RECORD,P2E1B_PUBMED_08,CAT_01|CAT_05|CAT_06,UNRESOLVED_FROM_DISCOVERY_METADATA,UNRESOLVED_FROM_DISCOVERY_METADATA,POSSIBLY_RELEVANT,LIMITED_DISCOVERY_SIGNAL:dependent evidence;EVENTS:1,PLoS computational biology,"Journal Article|Research Support, Non-U.S. Gov't",PMID:35793388,outputs/phase_two/p2_e1_pilot_v0.1/search/raw_retrieval/p2e1b_pubmed_08_esummary.json,UNRESOLVED_FROM_DISCOVERY_METADATA,TRUE,AI_ASSISTED_DISCOVERY
P2SRC_23ED8F27CA5A17E3ABA4,GBP1 as a machine learning-prioritized biomarker and therapeutic target for epstein-barr virus-induced clear cell renal cell carcinoma: multi-omics causal validation,Zhu G; Tan C; Li Y,2025 Dec 10,10.1097/JS9.0000000000004393,41376480,,,PMID:41376480,SCHOLARLY_RECORD,P2E1B_PUBMED_01,CAT_01,UNRESOLVED_FROM_DISCOVERY_METADATA,UNRESOLVED_FROM_DISCOVERY_METADATA,LIKELY_RELEVANT,DISCOVERY_KEYWORDS:machine learning|therapeutic target;EVENTS:1,"International journal of surgery (London, England)",Journal Article,PMID:41376480,outputs/phase_two/p2_e1_pilot_v0.1/search/raw_retrieval/p2e1b_pubmed_01_esummary_retry.json,UNRESOLVED_FROM_DISCOVERY_METADATA,TRUE,AI_ASSISTED_DISCOVERY
P2SRC_12670F6BBDD63F8257F6,Gender bias and stereotypes in Large Language Models,Hadas Kotek; Rikker Dockum; David Sun,2023-10-13,10.1145/3582269.3615599,,,https://openalex.org/W4386302153,DOI:10.1145/3582269.3615599,SCHOLARLY_RECORD,P2E1B_OPENALEX_14,CAT_01|CAT_07,UNRESOLVED_FROM_DISCOVERY_METADATA,UNRESOLVED_FROM_DISCOVERY_METADATA,POSSIBLY_RELEVANT,LIMITED_DISCOVERY_SIGNAL:large language model;EVENTS:1,,conference-paper,https://openalex.org/W4386302153,outputs/phase_two/p2_e1_pilot_v0.1/search/raw_retrieval/p2e1b_openalex_14_works.json,FALSE,TRUE,AI_ASSISTED_DISCOVERY
P2SRC_7C7E2CC84DBA08CA5731,Gene expression knowledge graph for patient representation and diabetes prediction,Sousa RT; Paulheim H,2025 Mar 8,10.1186/s13326-025-00325-6,40057806,PMC11889825,,PMID:40057806,SCHOLARLY_RECORD,P2E1B_PUBMED_03,CAT_01|CAT_03,UNRESOLVED_FROM_DISCOVERY_METADATA,UNRESOLVED_FROM_DISCOVERY_METADATA,POSSIBLY_RELEVANT,LIMITED_DISCOVERY_SIGNAL:knowledge graph;EVENTS:1,Journal of biomedical semantics,"Journal Article|Research Support, Non-U.S. Gov't",PMID:40057806,outputs/phase_two/p2_e1_pilot_v0.1/search/raw_retrieval/p2e1b_pubmed_03_esummary.json,UNRESOLVED_FROM_DISCOVERY_METADATA,TRUE,AI_ASSISTED_DISCOVERY
P2SRC_BAFE9AD59077AD2788F6,Generative artificial intelligence,Leonardo Banh; Gero Strobel,2023-12-01,10.1007/s12525-023-00680-1,,,https://openalex.org/W4389359039,DOI:10.1007/s12525-023-00680-1,SCHOLARLY_RECORD,P2E1B_OPENALEX_14,CAT_01|CAT_07,UNRESOLVED_FROM_DISCOVERY_METADATA,UNRESOLVED_FROM_DISCOVERY_METADATA,POSSIBLY_RELEVANT,LIMITED_DISCOVERY_SIGNAL:artificial intelligence;EVENTS:1,Electronic Markets,article,https://openalex.org/W4389359039,outputs/phase_two/p2_e1_pilot_v0.1/search/raw_retrieval/p2e1b_openalex_14_works.json,FALSE,TRUE,AI_ASSISTED_DISCOVERY
P2SRC_51C8625D8FCE8020FF24,Generative artificial intelligence: a systematic review and applications,Sandeep Singh Sengar; Affan Bin Hasan; Sanjay Kumar; Fiona Carroll,2024-08-14,10.1007/s11042-024-20016-1,,,https://openalex.org/W4401587065,DOI:10.1007/s11042-024-20016-1,SCHOLARLY_RECORD,P2E1B_OPENALEX_14,CAT_01|CAT_07,UNRESOLVED_FROM_DISCOVERY_METADATA,UNRESOLVED_FROM_DISCOVERY_METADATA,LIKELY_RELEVANT,DISCOVERY_KEYWORDS:artificial intelligence|large language model;EVENTS:1,Multimedia Tools and Applications,book-chapter,https://openalex.org/W4401587065,outputs/phase_two/p2_e1_pilot_v0.1/search/raw_retrieval/p2e1b_openalex_14_works.json,FALSE,TRUE,AI_ASSISTED_DISCOVERY
P2SRC_7CB05FE7FD0B727BF118,Generative machine learning for de novo drug discovery: A systematic review,Martinelli DD,2022 Jun,10.1016/j.compbiomed.2022.105403,35339849,,,PMID:35339849,SCHOLARLY_RECORD,P2E1B_PUBMED_14,CAT_01|CAT_07,UNRESOLVED_FROM_DISCOVERY_METADATA,UNRESOLVED_FROM_DISCOVERY_METADATA,POSSIBLY_RELEVANT,LIMITED_DISCOVERY_SIGNAL:machine learning;EVENTS:1,Computers in biology and medicine,Journal Article|Systematic Review,PMID:35339849,outputs/phase_two/p2_e1_pilot_v0.1/search/raw_retrieval/p2e1b_pubmed_14_esummary.json,UNRESOLVED_FROM_DISCOVERY_METADATA,TRUE,AI_ASSISTED_DISCOVERY
P2SRC_878C983BA5F7F4AD304A,Generic Diagramming Platform (GDP): a comprehensive database of high-quality biomedical graphics,Shuai Jiang; Huiqin Li; Luowanyue Zhang; Weiping Mu; Ya Zhang; Tianjian Chen; Jingxing Wu; Haoyun Tang; Shuxin Zheng; Yifei Liu; Yaxuan Wu; Xiaotong Luo; Yubin Xie; Jian Ren,2024-10-11,10.1093/nar/gkae973,39470721,,https://openalex.org/W4403853942,DOI:10.1093/nar/gkae973,SCHOLARLY_RECORD,P2E1B_OPENALEX_04,CAT_04,UNRESOLVED_FROM_DISCOVERY_METADATA,UNRESOLVED_FROM_DISCOVERY_METADATA,POSSIBLY_RELEVANT,LIMITED_DISCOVERY_SIGNAL:CATEGORY_CONTEXT;EVENTS:1,Nucleic Acids Research,article,https://openalex.org/W4403853942,outputs/phase_two/p2_e1_pilot_v0.1/search/raw_retrieval/p2e1b_openalex_04_works.json,FALSE,TRUE,AI_ASSISTED_DISCOVERY
P2SRC_EE56BC746D331C1A5C49,Genetic analyses of eight complex diseases using predicted continuous representations of disease,Chen R; Rocheleau G; Petrazzini BO; Forrest IS; Park JK; Duffy Á; Vy HMT; Jordan D; Do R,2025 Aug 18,10.1016/j.crmeth.2025.101115,40714005,PMC12461582,,PMID:40714005,SCHOLARLY_RECORD,P2E1B_PUBMED_07,CAT_01|CAT_07,UNRESOLVED_FROM_DISCOVERY_METADATA,UNRESOLVED_FROM_DISCOVERY_METADATA,POSSIBLY_RELEVANT,LIMITED_DISCOVERY_SIGNAL:CATEGORY_CONTEXT;EVENTS:1,Cell reports methods,Journal Article,PMID:40714005,outputs/phase_two/p2_e1_pilot_v0.1/search/raw_retrieval/p2e1b_pubmed_07_esummary.json,UNRESOLVED_FROM_DISCOVERY_METADATA,TRUE,AI_ASSISTED_DISCOVERY
P2SRC_2C63A7EF3BDA6F1B8EDB,Genetically supported drug target prioritization for rare diseases,Chen R; Duffy Á; Mort M; Cooper DN; Rocheleau G; Jordan DM; Do R,2026 Jun 11,10.1186/s13073-026-01671-5,42277932,PMC13255270,,PMID:42277932,SCHOLARLY_RECORD,P2E1B_PUBMED_07,CAT_01|CAT_07,UNRESOLVED_FROM_DISCOVERY_METADATA,UNRESOLVED_FROM_DISCOVERY_METADATA,LIKELY_RELEVANT,DISCOVERY_KEYWORDS:drug target|target prioritization;EVENTS:1,Genome medicine,"Journal Article|Research Support, N.I.H., Extramural",PMID:42277932,outputs/phase_two/p2_e1_pilot_v0.1/search/raw_retrieval/p2e1b_pubmed_07_esummary.json,UNRESOLVED_FROM_DISCOVERY_METADATA,TRUE,AI_ASSISTED_DISCOVERY
P2SRC_08B7333448C6C8CA32F7,"Genome, transcriptome and proteome: the rise of omics data and their integration in biomedical sciences",Claudia Manzoni; Demis A. Kia; Jana Vandrovcová; John Hardy; Nicholas Wood; Patrick A. Lewis; Raffaele Ferrari,2016-10-18,10.1093/bib/bbw114,27881428,,https://openalex.org/W2550535012,DOI:10.1093/bib/bbw114,SCHOLARLY_RECORD,P2E1B_OPENALEX_10,CAT_01|CAT_03|CAT_04,UNRESOLVED_FROM_DISCOVERY_METADATA,UNRESOLVED_FROM_DISCOVERY_METADATA,POSSIBLY_RELEVANT,LIMITED_DISCOVERY_SIGNAL:CATEGORY_CONTEXT;EVENTS:1,Briefings in Bioinformatics,article,https://openalex.org/W2550535012,outputs/phase_two/p2_e1_pilot_v0.1/search/raw_retrieval/p2e1b_openalex_10_works.json,FALSE,TRUE,AI_ASSISTED_DISCOVERY
P2SRC_3AED5635C2E6553C6672,Genome-scale pan-cancer interrogation of lncRNA dependencies using CasRx,Montero JJ; Trozzo R; Sugden M; Öllinger R; Belka A; Zhigalova E; Waetzig P; Engleitner T; Schmidt-Supprian M; Saur D; Rad R,2024 Apr,10.1038/s41592-024-02190-0,38409225,PMC11009108,,PMID:38409225,SCHOLARLY_RECORD,P2E1B_PUBMED_01,CAT_01,UNRESOLVED_FROM_DISCOVERY_METADATA,UNRESOLVED_FROM_DISCOVERY_METADATA,LIKELY_OUT_OF_SCOPE,NO_TARGET_EVIDENCE_OR_REPRESENTATION_SIGNAL_IN_CAPTURED_METADATA,Nature methods,Journal Article,PMID:38409225,outputs/phase_two/p2_e1_pilot_v0.1/search/raw_retrieval/p2e1b_pubmed_01_esummary_retry.json,UNRESOLVED_FROM_DISCOVERY_METADATA,TRUE,AI_ASSISTED_DISCOVERY
P2SRC_D96950360B0274EF4763,Genomic and Antigenic Differences Between Monkeypox Virus and Vaccinia Vaccines: Insights and Implications for Vaccinology,Shen-Gunther J; Cai H; Wang Y,2025 Feb 8,10.3390/ijms26041428,40003895,PMC11855751,,PMID:40003895,SCHOLARLY_RECORD,P2E1B_PUBMED_04,CAT_04,UNRESOLVED_FROM_DISCOVERY_METADATA,UNRESOLVED_FROM_DISCOVERY_METADATA,LIKELY_OUT_OF_SCOPE,NO_TARGET_EVIDENCE_OR_REPRESENTATION_SIGNAL_IN_CAPTURED_METADATA,International journal of molecular sciences,Journal Article,PMID:40003895,outputs/phase_two/p2_e1_pilot_v0.1/search/raw_retrieval/p2e1b_pubmed_04_esummary.json,UNRESOLVED_FROM_DISCOVERY_METADATA,TRUE,AI_ASSISTED_DISCOVERY
P2SRC_D742D23D81A2D005A820,Genomic hallmarks and therapeutic targets of ribosome biogenesis in cancer,Zang Y; Ran X; Yuan J; Wu H; Wang Y; Li H; Teng H; Sun Z,2024 Jan 22,10.1093/bib/bbae023,38343327,PMC10859687,,PMID:38343327,SCHOLARLY_RECORD,P2E1B_PUBMED_01,CAT_01,UNRESOLVED_FROM_DISCOVERY_METADATA,UNRESOLVED_FROM_DISCOVERY_METADATA,POSSIBLY_RELEVANT,LIMITED_DISCOVERY_SIGNAL:therapeutic target;EVENTS:1,Briefings in bioinformatics,"Journal Article|Research Support, Non-U.S. Gov't",PMID:38343327,outputs/phase_two/p2_e1_pilot_v0.1/search/raw_retrieval/p2e1b_pubmed_01_esummary_retry.json,UNRESOLVED_FROM_DISCOVERY_METADATA,TRUE,AI_ASSISTED_DISCOVERY
P2SRC_F9D5C11CF961428BA9AF,Genomics of drug target prioritization for complex diseases,Chen R; Duffy Á; Do R,2026 Mar,10.1038/s41576-025-00904-4,41198831,PMC12816132,,PMID:41198831,SCHOLARLY_RECORD,P2E1B_PUBMED_07,CAT_01|CAT_07,UNRESOLVED_FROM_DISCOVERY_METADATA,UNRESOLVED_FROM_DISCOVERY_METADATA,LIKELY_RELEVANT,DISCOVERY_KEYWORDS:drug target|target prioritization;EVENTS:1,Nature reviews. Genetics,Journal Article|Review,PMID:41198831,outputs/phase_two/p2_e1_pilot_v0.1/search/raw_retrieval/p2e1b_pubmed_07_esummary.json,UNRESOLVED_FROM_DISCOVERY_METADATA,TRUE,AI_ASSISTED_DISCOVERY
P2SRC_0DDA94DC0874074A9307,Genomics pipelines and data integration: challenges and opportunities in the research setting,Davis-Turak J; Courtney SM; Hazard ES; Glen WB Jr; da Silveira WA; Wesselman T; Harbin LP; Wolf BJ; Chung D; Hardiman G,2017 Mar,10.1080/14737159.2017.1282822,28092471,PMC5580401,,PMID:28092471,SCHOLARLY_RECORD,P2E1B_PUBMED_04,CAT_04,UNRESOLVED_FROM_DISCOVERY_METADATA,UNRESOLVED_FROM_DISCOVERY_METADATA,LIKELY_OUT_OF_SCOPE,NO_TARGET_EVIDENCE_OR_REPRESENTATION_SIGNAL_IN_CAPTURED_METADATA,Expert review of molecular diagnostics,"Journal Article|Review|Research Support, Non-U.S. Gov't|Research Support, N.I.H., Extramural",PMID:28092471,outputs/phase_two/p2_e1_pilot_v0.1/search/raw_retrieval/p2e1b_pubmed_04_esummary.json,UNRESOLVED_FROM_DISCOVERY_METADATA,TRUE,AI_ASSISTED_DISCOVERY
P2SRC_7C041ADA9C2797EB2507,Gestational diabetes and the risk of cardiovascular disease in women: a systematic review and meta-analysis,Caroline K. Kramer; Sara Campbell; Ravi Retnakaran,2019-03-06,10.1007/s00125-019-4840-2,30843102,,https://openalex.org/W2921935358,DOI:10.1007/s00125-019-4840-2,SCHOLARLY_RECORD,P2E1B_OPENALEX_13,CAT_03|CAT_05|CAT_06,UNRESOLVED_FROM_DISCOVERY_METADATA,UNRESOLVED_FROM_DISCOVERY_METADATA,POSSIBLY_RELEVANT,LIMITED_DISCOVERY_SIGNAL:CATEGORY_CONTEXT;EVENTS:1,Diabetologia,review,https://openalex.org/W2921935358,outputs/phase_two/p2_e1_pilot_v0.1/search/raw_retrieval/p2e1b_openalex_13_works.json,FALSE,TRUE,AI_ASSISTED_DISCOVERY
P2SRC_0E16B0F91B549C6C1ECF,Gingival phenotype modification therapies on natural teeth: A network meta-analysis,Barootchi S; Tavelli L; Zucchelli G; Giannobile WV; Wang HL,2020 Nov,10.1002/JPER.19-0715,32392401,,,PMID:32392401,SCHOLARLY_RECORD,P2E1B_PUBMED_06,CAT_05|CAT_06,UNRESOLVED_FROM_DISCOVERY_METADATA,UNRESOLVED_FROM_DISCOVERY_METADATA,POSSIBLY_RELEVANT,LIMITED_DISCOVERY_SIGNAL:CATEGORY_CONTEXT;EVENTS:1,Journal of periodontology,"Journal Article|Research Support, Non-U.S. Gov't|Systematic Review|Network Meta-Analysis",PMID:32392401,outputs/phase_two/p2_e1_pilot_v0.1/search/raw_retrieval/p2e1b_pubmed_06_esummary.json,UNRESOLVED_FROM_DISCOVERY_METADATA,TRUE,AI_ASSISTED_DISCOVERY
P2SRC_7B1746CF3FA7F5A3DBA9,Global cancer statistics,Ahmedin Jemal; Freddie Bray; Jacques Ferlay; Elizabeth Ward; David Forman,2011-02-04,10.3322/caac.20107,21296855,,https://openalex.org/W2106787323,DOI:10.3322/caac.20107,SCHOLARLY_RECORD,P2E1B_OPENALEX_09,CAT_05|CAT_06,UNRESOLVED_FROM_DISCOVERY_METADATA,UNRESOLVED_FROM_DISCOVERY_METADATA,POSSIBLY_RELEVANT,LIMITED_DISCOVERY_SIGNAL:CATEGORY_CONTEXT;EVENTS:1,CA A Cancer Journal for Clinicians,article,https://openalex.org/W2106787323,outputs/phase_two/p2_e1_pilot_v0.1/search/raw_retrieval/p2e1b_openalex_09_works.json,FALSE,TRUE,AI_ASSISTED_DISCOVERY
P2SRC_17DEC8E78F02D93A0AFE,Global prevalence of autism: A systematic review update,Jinan Zeidan; Éric Fombonne; Julie Scorah; Alaa T. Ibrahim; Maureen S. Durkin; Shekhar Saxena; Afiqah Yusuf; Andy Shih; Mayada Elsabbagh,2022-03-03,10.1002/aur.2696,35238171,,https://openalex.org/W4214849391,DOI:10.1002/aur.2696,SCHOLARLY_RECORD,P2E1B_OPENALEX_05,CAT_05,UNRESOLVED_FROM_DISCOVERY_METADATA,UNRESOLVED_FROM_DISCOVERY_METADATA,POSSIBLY_RELEVANT,LIMITED_DISCOVERY_SIGNAL:CATEGORY_CONTEXT;EVENTS:1,Autism Research,review,https://openalex.org/W4214849391,outputs/phase_two/p2_e1_pilot_v0.1/search/raw_retrieval/p2e1b_openalex_05_works.json,FALSE,TRUE,AI_ASSISTED_DISCOVERY
P2SRC_4A71C961BEB2FFB09D9C,Global Prevalence of Chronic Kidney Disease – A Systematic Review and Meta-Analysis,Nathan R. Hill; Samuel Fatoba; Jason Oke; Jennifer Hirst; Christopher A. O’Callaghan; Daniel Lasserson; Richard Hobbs,2016-07-06,10.1371/journal.pone.0158765,27383068,,https://openalex.org/W2470481127,DOI:10.1371/journal.pone.0158765,SCHOLARLY_RECORD,P2E1B_OPENALEX_06,CAT_05|CAT_06,UNRESOLVED_FROM_DISCOVERY_METADATA,UNRESOLVED_FROM_DISCOVERY_METADATA,POSSIBLY_RELEVANT,LIMITED_DISCOVERY_SIGNAL:CATEGORY_CONTEXT;EVENTS:1,PLoS ONE,review,https://openalex.org/W2470481127,outputs/phase_two/p2_e1_pilot_v0.1/search/raw_retrieval/p2e1b_openalex_06_works.json,FALSE,TRUE,AI_ASSISTED_DISCOVERY
P2SRC_7748EF3867F267279EDD,Global Prevalence of Helicobacter pylori Infection: Systematic Review and Meta-Analysis,James K.Y. Hooi; Wan Ying Lai; Wee Khoon Ng; Michael M.Y. Suen; Fox E. Underwood; Divine Tanyingoh; Peter Malfertheiner; David Y. Graham; Vincent Wai‐Sun Wong; Justin CY Wu; Francis K.L. Chan; Joseph J.�Y. Sung; Gilaad G. Kaplan; Siew C. Ng,2017-04-27,10.1053/j.gastro.2017.04.022,28456631,,https://openalex.org/W2609752905,DOI:10.1053/j.gastro.2017.04.022,SCHOLARLY_RECORD,P2E1B_OPENALEX_06,CAT_05|CAT_06,UNRESOLVED_FROM_DISCOVERY_METADATA,UNRESOLVED_FROM_DISCOVERY_METADATA,POSSIBLY_RELEVANT,LIMITED_DISCOVERY_SIGNAL:CATEGORY_CONTEXT;EVENTS:1,Gastroenterology,review,https://openalex.org/W2609752905,outputs/phase_two/p2_e1_pilot_v0.1/search/raw_retrieval/p2e1b_openalex_06_works.json,FALSE,TRUE,AI_ASSISTED_DISCOVERY
P2SRC_3C63C6182F46A557D925,"Glutamine: Metabolism and Immune Function, Supplementation and Clinical Translation",Vínicius Fernandes Cruzat; Marcelo Macedo Rogero; Kevin N. Keane; Rui Curi; Philip Newsholme,2018-10-23,10.3390/nu10111564,30360490,,https://openalex.org/W2897213700,DOI:10.3390/nu10111564,SCHOLARLY_RECORD,P2E1B_OPENALEX_12,CAT_01|CAT_05|CAT_06,UNRESOLVED_FROM_DISCOVERY_METADATA,UNRESOLVED_FROM_DISCOVERY_METADATA,POSSIBLY_RELEVANT,LIMITED_DISCOVERY_SIGNAL:CATEGORY_CONTEXT;EVENTS:1,Nutrients,article,https://openalex.org/W2897213700,outputs/phase_two/p2_e1_pilot_v0.1/search/raw_retrieval/p2e1b_openalex_12_works.json,FALSE,TRUE,AI_ASSISTED_DISCOVERY
P2SRC_8FAC580E8777649469E3,GlyGen data model and processing workflow,Kahsay R; Vora J; Navelkar R; Mousavi R; Fochtman BC; Holmes X; Pattabiraman N; Ranzinger R; Mahadik R; Williamson T; Kulkarni S; Agarwal G; Martin M; Vasudev P; Garcia L; Edwards N; Zhang W; Natale DA; Ross K; Aoki-Kinoshita KF; Campbell MP; York WS; Mazumder R,2020 Jun 1,10.1093/bioinformatics/btaa238,32324859,PMC7320628,,PMID:32324859,SCHOLARLY_RECORD,P2E1B_PUBMED_04,CAT_04,UNRESOLVED_FROM_DISCOVERY_METADATA,UNRESOLVED_FROM_DISCOVERY_METADATA,LIKELY_OUT_OF_SCOPE,NO_TARGET_EVIDENCE_OR_REPRESENTATION_SIGNAL_IN_CAPTURED_METADATA,"Bioinformatics (Oxford, England)","Journal Article|Research Support, N.I.H., Extramural|Research Support, Non-U.S. Gov't",PMID:32324859,outputs/phase_two/p2_e1_pilot_v0.1/search/raw_retrieval/p2e1b_pubmed_04_esummary.json,UNRESOLVED_FROM_DISCOVERY_METADATA,TRUE,AI_ASSISTED_DISCOVERY
P2SRC_C58E2475213FEFBA8062,Graph Neural Networks and Their Current Applications in Bioinformatics,Xiaomeng Zhang; Liang Li; Lin Liu; Mingjing Tang,2021-07-29,10.3389/fgene.2021.690049,34394185,,https://openalex.org/W3188579603,DOI:10.3389/fgene.2021.690049,SCHOLARLY_RECORD,P2E1B_OPENALEX_07,CAT_01|CAT_07,UNRESOLVED_FROM_DISCOVERY_METADATA,UNRESOLVED_FROM_DISCOVERY_METADATA,POSSIBLY_RELEVANT,LIMITED_DISCOVERY_SIGNAL:CATEGORY_CONTEXT;EVENTS:1,Frontiers in Genetics,article,https://openalex.org/W3188579603,outputs/phase_two/p2_e1_pilot_v0.1/search/raw_retrieval/p2e1b_openalex_07_works.json,FALSE,TRUE,AI_ASSISTED_DISCOVERY
P2SRC_135589CF79184509B903,Graph Neural Networks in Modern AI-Aided Drug Discovery,Zhang O; Lin H; Zhang X; Wang X; Wu Z; Ye Q; Zhao W; Wang J; Ying K; Kang Y; Hsieh CY; Hou T,2025 Oct 22,10.1021/acs.chemrev.5c00461,40959983,,,PMID:40959983,SCHOLARLY_RECORD,P2E1B_PUBMED_03,CAT_01|CAT_03,UNRESOLVED_FROM_DISCOVERY_METADATA,UNRESOLVED_FROM_DISCOVERY_METADATA,POSSIBLY_RELEVANT,LIMITED_DISCOVERY_SIGNAL:CATEGORY_CONTEXT;EVENTS:1,Chemical reviews,Journal Article|Review,PMID:40959983,outputs/phase_two/p2_e1_pilot_v0.1/search/raw_retrieval/p2e1b_pubmed_03_esummary.json,UNRESOLVED_FROM_DISCOVERY_METADATA,TRUE,AI_ASSISTED_DISCOVERY
P2SRC_86C5FCF3D78F84371B63,Green tea consumption and the risk of coronary heart disease: A systematic review and meta-analysis of cohort studies,Wang ZM; Zhao D; Wang H; Wang QM; Zhou B; Wang LS,2023 Apr,10.1016/j.numecd.2023.01.017,36849317,,,PMID:36849317,SCHOLARLY_RECORD,P2E1B_PUBMED_13,CAT_03|CAT_05|CAT_06,UNRESOLVED_FROM_DISCOVERY_METADATA,UNRESOLVED_FROM_DISCOVERY_METADATA,POSSIBLY_RELEVANT,LIMITED_DISCOVERY_SIGNAL:CATEGORY_CONTEXT;EVENTS:1,"Nutrition, metabolism, and cardiovascular diseases : NMCD","Meta-Analysis|Systematic Review|Journal Article|Research Support, Non-U.S. Gov't",PMID:36849317,outputs/phase_two/p2_e1_pilot_v0.1/search/raw_retrieval/p2e1b_pubmed_13_esummary.json,UNRESOLVED_FROM_DISCOVERY_METADATA,TRUE,AI_ASSISTED_DISCOVERY
P2SRC_DB674D2472CE3719698A,Greenspace and human microbiota: A systematic review,Zhang YD; Zhou GL; Wang L; Browning MHEM; Markevych I; Heinrich J; Knibbs LD; Zhao T; Ding Y; Chen S; Liu KK; Dadvand P; Dong GH; Yang BY,2024 May,10.1016/j.envint.2024.108662,38653130,,,PMID:38653130,SCHOLARLY_RECORD,P2E1B_PUBMED_05,CAT_05,UNRESOLVED_FROM_DISCOVERY_METADATA,UNRESOLVED_FROM_DISCOVERY_METADATA,LIKELY_OUT_OF_SCOPE,NO_TARGET_EVIDENCE_OR_REPRESENTATION_SIGNAL_IN_CAPTURED_METADATA,Environment international,Journal Article|Systematic Review,PMID:38653130,outputs/phase_two/p2_e1_pilot_v0.1/search/raw_retrieval/p2e1b_pubmed_05_esummary.json,UNRESOLVED_FROM_DISCOVERY_METADATA,TRUE,AI_ASSISTED_DISCOVERY
P2SRC_741D7A013DBA96A54D3D,Guidelines for Inclusion of Patient-Reported Outcomes in Clinical Trial Protocols: The SPIRIT-PRO Extension,Calvert M; Kyte D; Mercieca-Bebber R; Slade A; Chan AW; King MT; the SPIRIT-PRO Group; Hunn A; Bottomley A; Regnault A; Chan AW; Ells C; O'Connor D; Revicki D; Patrick D; Altman D; Basch E; Velikova G; Price G; Draper H; Blazeby J; Scott J; Coast J; Norquist J; Brown J; Haywood K; Johnson LL; Campbell L; Frank L; von Hildebrand M; Brundage M; Palmer M; Kluetz P; Stephens R; Golub RM; Mitchell S; Groves T,2018 Feb 6,10.1001/jama.2017.21903,29411037,,,PMID:29411037,SCHOLARLY_RECORD,P2E1B_PUBMED_09,CAT_05|CAT_06,UNRESOLVED_FROM_DISCOVERY_METADATA,UNRESOLVED_FROM_DISCOVERY_METADATA,POSSIBLY_RELEVANT,LIMITED_DISCOVERY_SIGNAL:CATEGORY_CONTEXT;EVENTS:1,JAMA,"Journal Article|Research Support, Non-U.S. Gov't",PMID:29411037,outputs/phase_two/p2_e1_pilot_v0.1/search/raw_retrieval/p2e1b_pubmed_09_esummary.json,UNRESOLVED_FROM_DISCOVERY_METADATA,TRUE,AI_ASSISTED_DISCOVERY
P2SRC_C8542160F81799C30041,GuiltyTargets: Prioritization of Novel Therapeutic Targets With Network Representation Learning,Muslu O; Hoyt CT; Lacerda M; Hofmann-Apitius M; Frohlich H,2022 Jan-Feb,10.1109/TCBB.2020.3003830,32750869,,,PMID:32750869,SCHOLARLY_RECORD,P2E1B_PUBMED_07,CAT_01|CAT_07,UNRESOLVED_FROM_DISCOVERY_METADATA,UNRESOLVED_FROM_DISCOVERY_METADATA,POSSIBLY_RELEVANT,LIMITED_DISCOVERY_SIGNAL:therapeutic target;EVENTS:1,IEEE/ACM transactions on computational biology and bioinformatics,"Journal Article|Research Support, N.I.H., Extramural|Research Support, Non-U.S. Gov't",PMID:32750869,outputs/phase_two/p2_e1_pilot_v0.1/search/raw_retrieval/p2e1b_pubmed_07_esummary.json,UNRESOLVED_FROM_DISCOVERY_METADATA,TRUE,AI_ASSISTED_DISCOVERY
P2SRC_72D02606514B44FFCE7C,Gut microbiota in human metabolic health and disease,Yong Fan; Oluf Pedersen,2020-09-04,10.1038/s41579-020-0433-9,32887946,,https://openalex.org/W3083241614,DOI:10.1038/s41579-020-0433-9,SCHOLARLY_RECORD,P2E1B_OPENALEX_01,CAT_01,UNRESOLVED_FROM_DISCOVERY_METADATA,UNRESOLVED_FROM_DISCOVERY_METADATA,LIKELY_OUT_OF_SCOPE,NO_TARGET_EVIDENCE_OR_REPRESENTATION_SIGNAL_IN_CAPTURED_METADATA,Nature Reviews Microbiology,article,https://openalex.org/W3083241614,outputs/phase_two/p2_e1_pilot_v0.1/search/raw_retrieval/p2e1b_openalex_01_works.json,FALSE,TRUE,AI_ASSISTED_DISCOVERY
P2SRC_E0D8206138C36395210D,GWAS meta-analysis reveals novel loci and genetic correlates for general cognitive function: a report from the COGENT consortium,Joey W. Trampush; M L Z Yang; Jin Yu; Emma Knowles; Gail Davies; David C. Liewald; John M. Starr; Srdjan Djurovic; Ingrid Melle; Kjetil Sundet; Andreas Christoforou; Ivar Reinvang; Pamela DeRosse; Astri J. Lundervold; Vidar M. Steen; Thomas Espeseth; Katri Räikkönen; Elisabeth Widén; Aarno Palotie; Johan G. Eriksson; Ina Giegling; Bettina Konte; Panos Roussos; Stella G. Giakoumaki; Katherine E. Burdick; Antony Payton; William Ollier; M.A. Horan; Ornit Chiba‐Falek; Deborah K. Attix; Anna C. Need; Elizabeth T. Cirulli; Aristotle N. Voineskos; Nikos C. Stefanis; Dimitri Avramopoulos; Alex Hatzimanolis; Dan E. Arking; Nikolaos Smyrnis; Robert M. Bilder; Nelson B. Freimer; Tyrone D. Cannon; Edythe London; Russell A. Poldrack; Fred W. Sabb; Eliza Congdon; Emily Drabant Conley; Matthew A. Scult; Dwight Dickinson; Richard E. Straub; Gary Donohoe; Derek W. Morris; Aiden Corvin; Michael Gill; Ahmad R. Hariri; Daniel R. Weinberger; Neil Pendleton; Panos Bitsios; Dan Rujescu; Jari Lahti; Stéphanie Le Hellard; Matthew C. Keller; Ole A. Andreassen; Ian J. Deary; David C. Glahn; Anil K. Malhotra; Todd Lencz,2017-01-17,10.1038/mp.2016.244,28093568,,https://openalex.org/W2575342665,DOI:10.1038/mp.2016.244,SCHOLARLY_RECORD,P2E1B_OPENALEX_08,CAT_01|CAT_05|CAT_06,UNRESOLVED_FROM_DISCOVERY_METADATA,UNRESOLVED_FROM_DISCOVERY_METADATA,POSSIBLY_RELEVANT,LIMITED_DISCOVERY_SIGNAL:CATEGORY_CONTEXT;EVENTS:1,Molecular Psychiatry,article,https://openalex.org/W2575342665,outputs/phase_two/p2_e1_pilot_v0.1/search/raw_retrieval/p2e1b_openalex_08_works.json,FALSE,TRUE,AI_ASSISTED_DISCOVERY
P2SRC_53B336C3FCE72212B59C,Handling intercurrent events and missing data in non-inferiority trials using the estimand framework: A tuberculosis case study,Rehal S; Cro S; Phillips PP; Fielding K; Carpenter JR,2023 Oct,10.1177/17407745231176773,37277978,PMC10504812,,PMID:37277978,SCHOLARLY_RECORD,P2E1B_PUBMED_09,CAT_05|CAT_06,UNRESOLVED_FROM_DISCOVERY_METADATA,UNRESOLVED_FROM_DISCOVERY_METADATA,POSSIBLY_RELEVANT,LIMITED_DISCOVERY_SIGNAL:missing data;EVENTS:1,"Clinical trials (London, England)","Journal Article|Research Support, Non-U.S. Gov't",PMID:37277978,outputs/phase_two/p2_e1_pilot_v0.1/search/raw_retrieval/p2e1b_pubmed_09_esummary.json,UNRESOLVED_FROM_DISCOVERY_METADATA,TRUE,AI_ASSISTED_DISCOVERY
P2SRC_C7F73576122C5951C955,Handling Missing Data and Drop Out in Hospice/Palliative Care Trials Through the Estimand Framework,Grobler AC; Lee KJ; Wong A; Currow DC; Braat S,2022 Apr,10.1016/j.jpainsymman.2021.12.022,34954068,,,PMID:34954068,SCHOLARLY_RECORD,P2E1B_PUBMED_09,CAT_05|CAT_06,UNRESOLVED_FROM_DISCOVERY_METADATA,UNRESOLVED_FROM_DISCOVERY_METADATA,POSSIBLY_RELEVANT,LIMITED_DISCOVERY_SIGNAL:missing data;EVENTS:1,Journal of pain and symptom management,"Journal Article|Research Support, Non-U.S. Gov't|Review",PMID:34954068,outputs/phase_two/p2_e1_pilot_v0.1/search/raw_retrieval/p2e1b_pubmed_09_esummary.json,UNRESOLVED_FROM_DISCOVERY_METADATA,TRUE,AI_ASSISTED_DISCOVERY
P2SRC_1EAAEEBB0A0D0ABC6766,Health effects of climate change: an overview of systematic reviews,Rhéa Rocque; Caroline Beaudoin; Ruth Ndjaboué; Laura Cameron; Louann Poirier-Bergeron; Rose-Alice Poulin-Rheault; Cathérine Fallon; Andrea C. Tricco; Holly O. Witteman,2021-06-01,10.1136/bmjopen-2020-046333,34108165,,https://openalex.org/W3170823246,DOI:10.1136/bmjopen-2020-046333,SCHOLARLY_RECORD,P2E1B_OPENALEX_13,CAT_03|CAT_05|CAT_06,UNRESOLVED_FROM_DISCOVERY_METADATA,UNRESOLVED_FROM_DISCOVERY_METADATA,POSSIBLY_RELEVANT,LIMITED_DISCOVERY_SIGNAL:CATEGORY_CONTEXT;EVENTS:1,BMJ Open,review,https://openalex.org/W3170823246,outputs/phase_two/p2_e1_pilot_v0.1/search/raw_retrieval/p2e1b_openalex_13_works.json,FALSE,TRUE,AI_ASSISTED_DISCOVERY
P2SRC_F97E74EEC59B79C72B24,Health literacy and public health: A systematic review and integration of definitions and models,Kristine Sørensen; Stephan Van den Broucke; James Fullam; Gerardine Doyle; Jürgen M. Pelikan; Zofia Słońska; Helmut Brand,2012-01-25,10.1186/1471-2458-12-80,22276600,,https://openalex.org/W2101761001,DOI:10.1186/1471-2458-12-80,SCHOLARLY_RECORD,P2E1B_OPENALEX_05,CAT_05,UNRESOLVED_FROM_DISCOVERY_METADATA,UNRESOLVED_FROM_DISCOVERY_METADATA,POSSIBLY_RELEVANT,LIMITED_DISCOVERY_SIGNAL:CATEGORY_CONTEXT;EVENTS:1,BMC Public Health,review,https://openalex.org/W2101761001,outputs/phase_two/p2_e1_pilot_v0.1/search/raw_retrieval/p2e1b_openalex_05_works.json,FALSE,TRUE,AI_ASSISTED_DISCOVERY
P2SRC_866F195501437F36FE76,"HeartBioPortal 3.0: an integrated cardiovascular genomics knowledge environment for molecular, clinical and population-scale interpretation",Vand K; Badia N; Khomtchouk B; Janga SC,2026 Jul 4,10.64898/2026.06.28.26356792,42428111,PMC13345414,,PMID:42428111,SCHOLARLY_RECORD,P2E1B_PUBMED_10,CAT_01|CAT_03|CAT_04,UNRESOLVED_FROM_DISCOVERY_METADATA,UNRESOLVED_FROM_DISCOVERY_METADATA,POSSIBLY_RELEVANT,LIMITED_DISCOVERY_SIGNAL:CATEGORY_CONTEXT;EVENTS:1,medRxiv : the preprint server for health sciences,Journal Article|Preprint,PMID:42428111,outputs/phase_two/p2_e1_pilot_v0.1/search/raw_retrieval/p2e1b_pubmed_10_esummary.json,UNRESOLVED_FROM_DISCOVERY_METADATA,TRUE,AI_ASSISTED_DISCOVERY
P2SRC_1A512CED16D50C5CBB9D,Hemispheric lateralization in reasoning,Turner BO; Marinsek N; Ryhal E; Miller MB,2015 Nov,10.1111/nyas.12940,26426534,,,PMID:26426534,SCHOLARLY_RECORD,P2E1B_PUBMED_06,CAT_05|CAT_06,UNRESOLVED_FROM_DISCOVERY_METADATA,UNRESOLVED_FROM_DISCOVERY_METADATA,POSSIBLY_RELEVANT,LIMITED_DISCOVERY_SIGNAL:CATEGORY_CONTEXT;EVENTS:1,Annals of the New York Academy of Sciences,"Journal Article|Research Support, U.S. Gov't, Non-P.H.S.|Review",PMID:26426534,outputs/phase_two/p2_e1_pilot_v0.1/search/raw_retrieval/p2e1b_pubmed_06_esummary.json,UNRESOLVED_FROM_DISCOVERY_METADATA,TRUE,AI_ASSISTED_DISCOVERY
P2SRC_E527AE65C89823E2A119,Heterogeneous Multi-Layered Network Model for Omics Data Integration and Analysis,Bohyun Lee; Shuo Zhang; Aleksandar Poleksić; Lei Xie,2020-01-28,10.3389/fgene.2019.01381,32063919,,https://openalex.org/W3003893414,DOI:10.3389/fgene.2019.01381,SCHOLARLY_RECORD,P2E1B_OPENALEX_01,CAT_01,UNRESOLVED_FROM_DISCOVERY_METADATA,UNRESOLVED_FROM_DISCOVERY_METADATA,LIKELY_RELEVANT,DISCOVERY_KEYWORDS:knowledge graph|uncertainty;EVENTS:1,Frontiers in Genetics,article,https://openalex.org/W3003893414,outputs/phase_two/p2_e1_pilot_v0.1/search/raw_retrieval/p2e1b_openalex_01_works.json,FALSE,TRUE,AI_ASSISTED_DISCOVERY
P2SRC_1212BD243510E30802FA,HeteroKGRep: Heterogeneous Knowledge Graph based Drug Repositioning,Ceskoutsé RFT; Bomgni AB; Gnimpieba Zanfack DR; Agany DDM; Thomas BB; Zohim EG,2024 Dec 3,10.1016/j.knosys.2024.112638,39610660,PMC11600970,,PMID:39610660,SCHOLARLY_RECORD,P2E1B_PUBMED_03,CAT_01|CAT_03,UNRESOLVED_FROM_DISCOVERY_METADATA,UNRESOLVED_FROM_DISCOVERY_METADATA,POSSIBLY_RELEVANT,LIMITED_DISCOVERY_SIGNAL:knowledge graph;EVENTS:1,Knowledge-based systems,Journal Article,PMID:39610660,outputs/phase_two/p2_e1_pilot_v0.1/search/raw_retrieval/p2e1b_pubmed_03_esummary.json,UNRESOLVED_FROM_DISCOVERY_METADATA,TRUE,AI_ASSISTED_DISCOVERY
P2SRC_8170582FDAFFCDF94B61,Highly accurate protein structure prediction with AlphaFold,John Jumper; Richard Evans; Alexander Pritzel; Tim Green; Michael Figurnov; Olaf Ronneberger; Kathryn Tunyasuvunakool; Russ Bates; Augustin Žídek; Anna Potapenko; Alex Bridgland; Clemens Meyer; Simon Köhl; Andrew J. Ballard; Andrew Cowie; Bernardino Romera‐Paredes; Stanislav Nikolov; Rishub Jain; Jonas Adler; Trevor Back; Stig Petersen; David Reiman; Ellen Clancy; Michał Zieliński; Martin Steinegger; Michalina Pacholska; Tamas Berghammer; Sebastian W. Bodenstein; David Silver; Oriol Vinyals; Andrew Senior; Koray Kavukcuoglu; Pushmeet Kohli; Demis Hassabis,2021-07-15,10.1038/s41586-021-03819-2,34265844,,https://openalex.org/W3177828909,DOI:10.1038/s41586-021-03819-2,SCHOLARLY_RECORD,P2E1B_OPENALEX_04,CAT_04,UNRESOLVED_FROM_DISCOVERY_METADATA,UNRESOLVED_FROM_DISCOVERY_METADATA,POSSIBLY_RELEVANT,LIMITED_DISCOVERY_SIGNAL:machine learning;EVENTS:1,Nature,article,https://openalex.org/W3177828909,outputs/phase_two/p2_e1_pilot_v0.1/search/raw_retrieval/p2e1b_openalex_04_works.json,FALSE,TRUE,AI_ASSISTED_DISCOVERY
P2SRC_DBA4EEFF86CF788D29C7,Holographic Embeddings of Knowledge Graphs,Maximilian Nickel; Lorenzo Rosasco; Tomaso Poggio,2016-03-02,10.1609/aaai.v30i1.10314,,,https://openalex.org/W2949972983,DOI:10.1609/aaai.v30i1.10314,SCHOLARLY_RECORD,P2E1B_OPENALEX_10,CAT_01|CAT_03|CAT_04,UNRESOLVED_FROM_DISCOVERY_METADATA,UNRESOLVED_FROM_DISCOVERY_METADATA,LIKELY_RELEVANT,DISCOVERY_KEYWORDS:knowledge graph|machine learning;EVENTS:1,AAAI Publications,article,https://openalex.org/W2145544171|https://openalex.org/W2949972983,outputs/phase_two/p2_e1_pilot_v0.1/search/raw_retrieval/p2e1b_openalex_10_works.json,FALSE,TRUE,AI_ASSISTED_DISCOVERY
P2SRC_0D3F9585D1E5C9EE3FA2,Homeopathy: where is the bias?,Bellavite P; Fisher P,2014 Jun,10.1016/j.ejim.2013.12.010,24433702,,,PMID:24433702,SCHOLARLY_RECORD,P2E1B_PUBMED_06,CAT_05|CAT_06,UNRESOLVED_FROM_DISCOVERY_METADATA,UNRESOLVED_FROM_DISCOVERY_METADATA,POSSIBLY_RELEVANT,LIMITED_DISCOVERY_SIGNAL:CATEGORY_CONTEXT;EVENTS:1,European journal of internal medicine,Letter|Comment,PMID:24433702,outputs/phase_two/p2_e1_pilot_v0.1/search/raw_retrieval/p2e1b_pubmed_06_esummary.json,UNRESOLVED_FROM_DISCOVERY_METADATA,TRUE,AI_ASSISTED_DISCOVERY
P2SRC_FF80989A129D09C43D7A,Hotspot identifies informative gene modules across modalities of single-cell genomics,DeTomaso D; Yosef N,2021 May 19,10.1016/j.cels.2021.04.005,33951459,,,PMID:33951459,SCHOLARLY_RECORD,P2E1B_PUBMED_04,CAT_04,UNRESOLVED_FROM_DISCOVERY_METADATA,UNRESOLVED_FROM_DISCOVERY_METADATA,LIKELY_OUT_OF_SCOPE,NO_TARGET_EVIDENCE_OR_REPRESENTATION_SIGNAL_IN_CAPTURED_METADATA,Cell systems,"Journal Article|Research Support, Non-U.S. Gov't",PMID:33951459,outputs/phase_two/p2_e1_pilot_v0.1/search/raw_retrieval/p2e1b_pubmed_04_esummary.json,UNRESOLVED_FROM_DISCOVERY_METADATA,TRUE,AI_ASSISTED_DISCOVERY
P2SRC_5CE6DD96B7B00B54E844,How to perform a meta-analysis with R: a practical tutorial,Sara Balduzzi; Gerta Rücker; Guido Schwarzer,2019-09-28,10.1136/ebmental-2019-300117,31563865,,https://openalex.org/W2975424845,DOI:10.1136/ebmental-2019-300117,SCHOLARLY_RECORD,P2E1B_OPENALEX_06,CAT_05|CAT_06,UNRESOLVED_FROM_DISCOVERY_METADATA,UNRESOLVED_FROM_DISCOVERY_METADATA,POSSIBLY_RELEVANT,LIMITED_DISCOVERY_SIGNAL:CATEGORY_CONTEXT;EVENTS:1,Evidence-Based Mental Health,review,https://openalex.org/W2975424845,outputs/phase_two/p2_e1_pilot_v0.1/search/raw_retrieval/p2e1b_openalex_06_works.json,FALSE,TRUE,AI_ASSISTED_DISCOVERY
P2SRC_78659EAED393D76057C7,HTINet2: herb-target prediction via knowledge graph embedding and residual-like graph neural network,Duan P; Yang K; Su X; Fan S; Dong X; Zhang F; Li X; Xing X; Zhu Q; Yu J; Zhou X,2024 Jul 25,10.1093/bib/bbae414,39175133,PMC11341278,,PMID:39175133,SCHOLARLY_RECORD,P2E1B_PUBMED_07,CAT_01|CAT_07,UNRESOLVED_FROM_DISCOVERY_METADATA,UNRESOLVED_FROM_DISCOVERY_METADATA,POSSIBLY_RELEVANT,LIMITED_DISCOVERY_SIGNAL:knowledge graph;EVENTS:1,Briefings in bioinformatics,"Journal Article|Research Support, Non-U.S. Gov't",PMID:39175133,outputs/phase_two/p2_e1_pilot_v0.1/search/raw_retrieval/p2e1b_pubmed_07_esummary.json,UNRESOLVED_FROM_DISCOVERY_METADATA,TRUE,AI_ASSISTED_DISCOVERY
P2SRC_C167539FB60EE510155F,Human coelomic fluid investigation: A MS-based analytical approach to prenatal screening,Donatella Aiello; Antonino Giambona; Filippo Leto; Cristina Passarello; Gianfranca Damiani; Aurelio Maggio; Carlo Siciliano; Anna Napoli,2018-07-16,10.1038/s41598-018-29384-9,30030477,PMC6054674,https://openalex.org/W2883830857,DOI:10.1038/s41598-018-29384-9,SCHOLARLY_RECORD,P2E1B_OPENALEX_02|P2E1B_PUBMED_02,CAT_01|CAT_02,UNRESOLVED_FROM_DISCOVERY_METADATA,UNRESOLVED_FROM_DISCOVERY_METADATA,LIKELY_RELEVANT,DISCOVERY_KEYWORDS:open targets;EVENTS:2,Scientific Reports,article,PMID:30030477|https://openalex.org/W2883830857,outputs/phase_two/p2_e1_pilot_v0.1/search/raw_retrieval/p2e1b_openalex_02_works.json|outputs/phase_two/p2_e1_pilot_v0.1/search/raw_retrieval/p2e1b_pubmed_02_esummary.json,FALSE,TRUE,AI_ASSISTED_DISCOVERY
P2SRC_99F017C428AB1EC6AAA9,Human disease models in drug development,Loewa A; Feng JJ; Hedtrich S,2023 May 11,10.1038/s44222-023-00063-3,37359774,PMC10173243,,PMID:37359774,SCHOLARLY_RECORD,P2E1B_PUBMED_12,CAT_01|CAT_05|CAT_06,UNRESOLVED_FROM_DISCOVERY_METADATA,UNRESOLVED_FROM_DISCOVERY_METADATA,POSSIBLY_RELEVANT,LIMITED_DISCOVERY_SIGNAL:CATEGORY_CONTEXT;EVENTS:1,Nature reviews bioengineering,Journal Article|Review,PMID:37359774,outputs/phase_two/p2_e1_pilot_v0.1/search/raw_retrieval/p2e1b_pubmed_12_esummary.json,UNRESOLVED_FROM_DISCOVERY_METADATA,TRUE,AI_ASSISTED_DISCOVERY
P2SRC_EE7928F61DE092A9989C,Human Genetics and Genomics for Drug Target Identification and Prioritization: Open Targets' Perspective,McDonagh EM; Trynka G; McCarthy M; Holzinger ER; Khader S; Nakic N; Hu X; Cornu H; Dunham I; Hulcoop D,2024 Aug,10.1146/annurev-biodatasci-102523-103838,38608311,,,PMID:38608311,SCHOLARLY_RECORD,P2E1B_PUBMED_07,CAT_01|CAT_07,UNRESOLVED_FROM_DISCOVERY_METADATA,UNRESOLVED_FROM_DISCOVERY_METADATA,LIKELY_RELEVANT,DISCOVERY_KEYWORDS:drug target|open targets;EVENTS:1,Annual review of biomedical data science,"Journal Article|Review|Research Support, Non-U.S. Gov't",PMID:38608311,outputs/phase_two/p2_e1_pilot_v0.1/search/raw_retrieval/p2e1b_pubmed_07_esummary.json,UNRESOLVED_FROM_DISCOVERY_METADATA,TRUE,AI_ASSISTED_DISCOVERY
P2SRC_0B251AAEA3541D160F96,Human organoids-on-chips for biomedical research and applications,Wang H; Ning X; Zhao F; Zhao H; Li D,2024,10.7150/thno.90492,38169573,PMC10758054,,PMID:38169573,SCHOLARLY_RECORD,P2E1B_PUBMED_12,CAT_01|CAT_05|CAT_06,UNRESOLVED_FROM_DISCOVERY_METADATA,UNRESOLVED_FROM_DISCOVERY_METADATA,POSSIBLY_RELEVANT,LIMITED_DISCOVERY_SIGNAL:CATEGORY_CONTEXT;EVENTS:1,Theranostics,Journal Article|Review,PMID:38169573,outputs/phase_two/p2_e1_pilot_v0.1/search/raw_retrieval/p2e1b_pubmed_12_esummary.json,UNRESOLVED_FROM_DISCOVERY_METADATA,TRUE,AI_ASSISTED_DISCOVERY
P2SRC_8ABDAB24CC8B90A4704B,Hydrolysed formula and risk of allergic or autoimmune disease: systematic review and meta-analysis,Robert Boyle; Despo Ierodiakonou; Tasnia Khan; Jennifer Chivinge; Zoë Robinson; Natalie Geoghegan; Katharine Jarrold; Thalia Afxentiou; Tim Reeves; Sérgio Souza da Cunha; Marialena Trivella; Vanessa García-Larsen; Jo Leonardi‐Bee,2016-03-08,10.1136/bmj.i974,26956579,,https://openalex.org/W2294782569,DOI:10.1136/bmj.i974,SCHOLARLY_RECORD,P2E1B_OPENALEX_08,CAT_01|CAT_05|CAT_06,UNRESOLVED_FROM_DISCOVERY_METADATA,UNRESOLVED_FROM_DISCOVERY_METADATA,POSSIBLY_RELEVANT,LIMITED_DISCOVERY_SIGNAL:CATEGORY_CONTEXT;EVENTS:1,BMJ,review,https://openalex.org/W2294782569,outputs/phase_two/p2_e1_pilot_v0.1/search/raw_retrieval/p2e1b_openalex_08_works.json,FALSE,TRUE,AI_ASSISTED_DISCOVERY
P2SRC_AC500AD62DBD7FDDD540,Hyperbolic hierarchical knowledge graph embeddings for biological entities,Li N; Yang Z; Yang Y; Wang J; Lin H,2023 Nov,10.1016/j.jbi.2023.104503,37778673,,,PMID:37778673,SCHOLARLY_RECORD,P2E1B_PUBMED_03,CAT_01|CAT_03,UNRESOLVED_FROM_DISCOVERY_METADATA,UNRESOLVED_FROM_DISCOVERY_METADATA,POSSIBLY_RELEVANT,LIMITED_DISCOVERY_SIGNAL:knowledge graph;EVENTS:1,Journal of biomedical informatics,"Journal Article|Research Support, Non-U.S. Gov't",PMID:37778673,outputs/phase_two/p2_e1_pilot_v0.1/search/raw_retrieval/p2e1b_pubmed_03_esummary.json,UNRESOLVED_FROM_DISCOVERY_METADATA,TRUE,AI_ASSISTED_DISCOVERY
P2SRC_D9CB5E33F416441539B9,Hypoxia-inducible factors: cancer progression and clinical translation,Elizabeth E. Wicks; Gregg L. Semenza,2022-05-31,10.1172/jci159839,35642641,,https://openalex.org/W4282015487,DOI:10.1172/jci159839,SCHOLARLY_RECORD,P2E1B_OPENALEX_12,CAT_01|CAT_05|CAT_06,UNRESOLVED_FROM_DISCOVERY_METADATA,UNRESOLVED_FROM_DISCOVERY_METADATA,POSSIBLY_RELEVANT,LIMITED_DISCOVERY_SIGNAL:CATEGORY_CONTEXT;EVENTS:1,Journal of Clinical Investigation,article,https://openalex.org/W4282015487,outputs/phase_two/p2_e1_pilot_v0.1/search/raw_retrieval/p2e1b_openalex_12_works.json,FALSE,TRUE,AI_ASSISTED_DISCOVERY
P2SRC_1B9AB8C2177195BC9B05,Identification of potential biomarkers and infiltrating immune cells from scalp psoriasis,Liu S; Zhuang Z; Liu F; Yuan X; Zhang Z; Liang X; Li X; Chen Y,2024 Jan 30,10.1016/j.gene.2023.147918,37871808,,,PMID:37871808,SCHOLARLY_RECORD,P2E1B_PUBMED_02,CAT_01|CAT_02,UNRESOLVED_FROM_DISCOVERY_METADATA,UNRESOLVED_FROM_DISCOVERY_METADATA,POSSIBLY_RELEVANT,LIMITED_DISCOVERY_SIGNAL:CATEGORY_CONTEXT;EVENTS:1,Gene,Journal Article,PMID:37871808,outputs/phase_two/p2_e1_pilot_v0.1/search/raw_retrieval/p2e1b_pubmed_02_esummary.json,UNRESOLVED_FROM_DISCOVERY_METADATA,TRUE,AI_ASSISTED_DISCOVERY
P2SRC_8628EBF695980691C8B8,Identification of the shared genetic architecture underlying seven autoimmune diseases with GWAS summary statistics,Wang Y; Yang Y; Jia X; Zhao C; Yang C; Fan J; Wang N; Shi X,2023,10.3389/fimmu.2023.1303675,38259487,PMC10800382,,PMID:38259487,SCHOLARLY_RECORD,P2E1B_PUBMED_02,CAT_01|CAT_02,UNRESOLVED_FROM_DISCOVERY_METADATA,UNRESOLVED_FROM_DISCOVERY_METADATA,POSSIBLY_RELEVANT,LIMITED_DISCOVERY_SIGNAL:CATEGORY_CONTEXT;EVENTS:1,Frontiers in immunology,"Journal Article|Research Support, Non-U.S. Gov't",PMID:38259487,outputs/phase_two/p2_e1_pilot_v0.1/search/raw_retrieval/p2e1b_pubmed_02_esummary.json,UNRESOLVED_FROM_DISCOVERY_METADATA,TRUE,AI_ASSISTED_DISCOVERY
P2SRC_C887AE142E61A97B422D,Identifying drug targets for neurological and psychiatric disease via genetics and the brain transcriptome,Denis Baird; Jimmy Z. Liu; Jie Zheng; Solveig K. Sieberts; Thanneer M. Perumal; Benjamin Elsworth; Tom G. Richardson; Chia‐Yen Chen; Minerva M. Carrasquillo; Mariet Allen; Joseph S. Reddy; Philip L. De Jager; Nilüfer Ertekin‐Taner; Lara M. Mangravite; Ben Logsdon; Karol Estrada; Philip Haycock; Gibran Hemani; Heiko Runz; George Davey Smith; Tom R. Gaunt; AMP-AD eQTL working group,2021-01-08,10.1371/journal.pgen.1009224,33417599,PMC7819609,https://openalex.org/W3119672187,DOI:10.1371/journal.pgen.1009224,SCHOLARLY_RECORD,P2E1B_OPENALEX_02|P2E1B_PUBMED_02,CAT_01|CAT_02,UNRESOLVED_FROM_DISCOVERY_METADATA,UNRESOLVED_FROM_DISCOVERY_METADATA,LIKELY_RELEVANT,DISCOVERY_KEYWORDS:drug target|open targets;EVENTS:2,PLoS Genetics,article,PMID:33417599|https://openalex.org/W3119672187,outputs/phase_two/p2_e1_pilot_v0.1/search/raw_retrieval/p2e1b_openalex_02_works.json|outputs/phase_two/p2_e1_pilot_v0.1/search/raw_retrieval/p2e1b_pubmed_02_esummary.json,FALSE,TRUE,AI_ASSISTED_DISCOVERY
P2SRC_B0AFBCFF67907A14632E,Identifying the Optimal Role for Pharmacists in Care Transitions: A Systematic Review,Hendrik T. Ensing; Clementine C. M. Stuijt; Bart J. F. van den Bemt; Ad A. van Dooren; Fatma Karapinar‐Çarkit; Ellen S. Koster; Marcel L. Bouvy,2015-08-01,10.18553/jmcp.2015.21.8.614,26233535,,https://openalex.org/W1838462985,DOI:10.18553/jmcp.2015.21.8.614,SCHOLARLY_RECORD,P2E1B_OPENALEX_13,CAT_03|CAT_05|CAT_06,UNRESOLVED_FROM_DISCOVERY_METADATA,UNRESOLVED_FROM_DISCOVERY_METADATA,POSSIBLY_RELEVANT,LIMITED_DISCOVERY_SIGNAL:evidence synthesis;EVENTS:1,Journal of Managed Care & Specialty Pharmacy,review,https://openalex.org/W1838462985,outputs/phase_two/p2_e1_pilot_v0.1/search/raw_retrieval/p2e1b_openalex_13_works.json,FALSE,TRUE,AI_ASSISTED_DISCOVERY
P2SRC_E48013D21D2A7866B704,ILAE Official Report: A practical clinical definition of epilepsy,Robert S. Fisher; Carlos Alberto Acevedo; Alexis Arzimanoglou; Alicia Bogacz; J. Helen Cross; Christian E. Elger; Jerome Engel; Lars Forsgren; Jacqueline A. French; Mike Glynn; Dale C. Hesdorffer; B. I. Lee; Gary W. Mathern; Solomon L. Moshé; Emilio Perucca; Ingrid E. Scheffer; Torbjörn Tomson; Masako Watanabe; Samuel Wiebe,2014-04-01,10.1111/epi.12550,24730690,,https://openalex.org/W1978437325,DOI:10.1111/epi.12550,SCHOLARLY_RECORD,P2E1B_OPENALEX_11,CAT_04|CAT_05|CAT_06|CAT_07,UNRESOLVED_FROM_DISCOVERY_METADATA,UNRESOLVED_FROM_DISCOVERY_METADATA,POSSIBLY_RELEVANT,LIMITED_DISCOVERY_SIGNAL:CATEGORY_CONTEXT;EVENTS:1,Epilepsia,article,https://openalex.org/W1978437325,outputs/phase_two/p2_e1_pilot_v0.1/search/raw_retrieval/p2e1b_openalex_11_works.json,FALSE,TRUE,AI_ASSISTED_DISCOVERY
P2SRC_9CD0F4E72F0C7583F0C5,Image-Guided Surgery Using Invisible Near-Infrared Light: Fundamentals of Clinical Translation,Sylvain Gioux; Hak Soo Choi; John V. Frangioni,2010-09-01,10.2310/7290.2010.00034,,,https://openalex.org/W4297705338,DOI:10.2310/7290.2010.00034,SCHOLARLY_RECORD,P2E1B_OPENALEX_12,CAT_01|CAT_05|CAT_06,UNRESOLVED_FROM_DISCOVERY_METADATA,UNRESOLVED_FROM_DISCOVERY_METADATA,POSSIBLY_RELEVANT,LIMITED_DISCOVERY_SIGNAL:CATEGORY_CONTEXT;EVENTS:1,Molecular Imaging,article,https://openalex.org/W4297705338,outputs/phase_two/p2_e1_pilot_v0.1/search/raw_retrieval/p2e1b_openalex_12_works.json,FALSE,TRUE,AI_ASSISTED_DISCOVERY
P2SRC_2DC6B3D7ECB901EE707C,Image-guided surgery using invisible near-infrared light: fundamentals of clinical translation.,Sylvain Gioux; Hak Soo Choi; John V. Frangioni,2010-10-01,,20868625,,https://openalex.org/W2153184649,https://openalex.org/W2153184649,SCHOLARLY_RECORD,P2E1B_OPENALEX_12,CAT_01|CAT_05|CAT_06,UNRESOLVED_FROM_DISCOVERY_METADATA,UNRESOLVED_FROM_DISCOVERY_METADATA,POSSIBLY_RELEVANT,LIMITED_DISCOVERY_SIGNAL:CATEGORY_CONTEXT;EVENTS:1,PubMed,article,https://openalex.org/W2153184649,outputs/phase_two/p2_e1_pilot_v0.1/search/raw_retrieval/p2e1b_openalex_12_works.json,FALSE,TRUE,AI_ASSISTED_DISCOVERY
P2SRC_90C6C0A3A5A5F5B94901,ImageJ2: ImageJ for the next generation of scientific image data,Curtis Rueden; Johannes Schindelin; Mark Hiner; Barry E. DeZonia; Alison E. Walter; Ellen T. Arena; Kevin W. Eliceiri,2017-11-29,10.1186/s12859-017-1934-z,29187165,,https://openalex.org/W2580035316,DOI:10.1186/s12859-017-1934-z,SCHOLARLY_RECORD,P2E1B_OPENALEX_11,CAT_04|CAT_05|CAT_06|CAT_07,UNRESOLVED_FROM_DISCOVERY_METADATA,UNRESOLVED_FROM_DISCOVERY_METADATA,POSSIBLY_RELEVANT,LIMITED_DISCOVERY_SIGNAL:CATEGORY_CONTEXT;EVENTS:1,BMC Bioinformatics,article,https://openalex.org/W2580035316,outputs/phase_two/p2_e1_pilot_v0.1/search/raw_retrieval/p2e1b_openalex_11_works.json,FALSE,TRUE,AI_ASSISTED_DISCOVERY
P2SRC_987AA638754426A61E05,iMLGAM: Integrated Machine Learning and Genetic Algorithm-driven Multiomics analysis for pan-cancer immunotherapy response prediction,Ye B; Fan J; Xue L; Zhuang Y; Luo P; Jiang A; Xie J; Li Q; Liang X; Tan J; Zhao S; Zhou W; Ren C; Lin H; Zhang P,2025 Apr,10.1002/imt2.70011,40236779,PMC11995183,,PMID:40236779,SCHOLARLY_RECORD,P2E1B_PUBMED_01,CAT_01,UNRESOLVED_FROM_DISCOVERY_METADATA,UNRESOLVED_FROM_DISCOVERY_METADATA,POSSIBLY_RELEVANT,LIMITED_DISCOVERY_SIGNAL:machine learning;EVENTS:1,iMeta,Journal Article,PMID:40236779,outputs/phase_two/p2_e1_pilot_v0.1/search/raw_retrieval/p2e1b_pubmed_01_esummary_retry.json,UNRESOLVED_FROM_DISCOVERY_METADATA,TRUE,AI_ASSISTED_DISCOVERY
P2SRC_42B4B091008864270169,Immune Response to Hepatitis B Virus Vaccine Among People Living With HIV: A Meta-Analysis,Tian Y; Hua W; Wu Y; Zhang T; Wang W; Wu H; Guo C; Huang X,2021,10.3389/fimmu.2021.745541,35003061,PMC8728056,,PMID:35003061,SCHOLARLY_RECORD,P2E1B_PUBMED_13,CAT_03|CAT_05|CAT_06,UNRESOLVED_FROM_DISCOVERY_METADATA,UNRESOLVED_FROM_DISCOVERY_METADATA,POSSIBLY_RELEVANT,LIMITED_DISCOVERY_SIGNAL:CATEGORY_CONTEXT;EVENTS:1,Frontiers in immunology,"Journal Article|Meta-Analysis|Research Support, Non-U.S. Gov't|Systematic Review",PMID:35003061,outputs/phase_two/p2_e1_pilot_v0.1/search/raw_retrieval/p2e1b_pubmed_13_esummary.json,UNRESOLVED_FROM_DISCOVERY_METADATA,TRUE,AI_ASSISTED_DISCOVERY
P2SRC_A63E50AF54EB0E8E5F9D,Impact of time to esophagogastroduodenoscopy in patients with nonvariceal upper gastrointestinal bleeding: A systematic review and meta-analysis,Bilder HG; Soccini C; Lasa JS; Zubiaurre I,2022 Jul-Sep,10.1016/j.rgmxen.2021.11.010,34862146,,,PMID:34862146,SCHOLARLY_RECORD,P2E1B_PUBMED_13,CAT_03|CAT_05|CAT_06,UNRESOLVED_FROM_DISCOVERY_METADATA,UNRESOLVED_FROM_DISCOVERY_METADATA,POSSIBLY_RELEVANT,LIMITED_DISCOVERY_SIGNAL:CATEGORY_CONTEXT;EVENTS:1,Revista de gastroenterologia de Mexico (English),Journal Article|Meta-Analysis|Systematic Review,PMID:34862146,outputs/phase_two/p2_e1_pilot_v0.1/search/raw_retrieval/p2e1b_pubmed_13_esummary.json,UNRESOLVED_FROM_DISCOVERY_METADATA,TRUE,AI_ASSISTED_DISCOVERY
P2SRC_92C1AD9A79D49D3FEA80,In Defense of Merit to Overcome Merit,Daraio C,2020,10.3389/frma.2020.614016,33997598,PMC8117934,,PMID:33997598,SCHOLARLY_RECORD,P2E1B_PUBMED_11,CAT_04|CAT_05|CAT_06|CAT_07,UNRESOLVED_FROM_DISCOVERY_METADATA,UNRESOLVED_FROM_DISCOVERY_METADATA,POSSIBLY_RELEVANT,LIMITED_DISCOVERY_SIGNAL:CATEGORY_CONTEXT;EVENTS:1,Frontiers in research metrics and analytics,Journal Article|Review,PMID:33997598,outputs/phase_two/p2_e1_pilot_v0.1/search/raw_retrieval/p2e1b_pubmed_11_esummary.json,UNRESOLVED_FROM_DISCOVERY_METADATA,TRUE,AI_ASSISTED_DISCOVERY
P2SRC_AD612873EB3FF318277C,In silico prediction of novel therapeutic targets using gene–disease association data,Enrico Ferrero; Ian Dunham; Philippe Sanséau,2017-08-29,10.1186/s12967-017-1285-6,28851378,,https://openalex.org/W2753633147,DOI:10.1186/s12967-017-1285-6,SCHOLARLY_RECORD,P2E1B_OPENALEX_02,CAT_01|CAT_02,UNRESOLVED_FROM_DISCOVERY_METADATA,UNRESOLVED_FROM_DISCOVERY_METADATA,LIKELY_RELEVANT,DISCOVERY_KEYWORDS:drug target|open targets|target prioritisation|therapeutic target;EVENTS:1,Journal of Translational Medicine,article,https://openalex.org/W2753633147,outputs/phase_two/p2_e1_pilot_v0.1/search/raw_retrieval/p2e1b_openalex_02_works.json,FALSE,TRUE,AI_ASSISTED_DISCOVERY
P2SRC_1BEF1396460160B98BD5,In situ click chemistry generation of cyclooxygenase-2 inhibitors,Atul Bhardwaj; Jatinder Kaur; Melinda Wuest; Frank Wuest,2017-02-09,10.1038/s41467-016-0009-6,28232747,,https://openalex.org/W2586637063,DOI:10.1038/s41467-016-0009-6,SCHOLARLY_RECORD,P2E1B_OPENALEX_10,CAT_01|CAT_03|CAT_04,UNRESOLVED_FROM_DISCOVERY_METADATA,UNRESOLVED_FROM_DISCOVERY_METADATA,POSSIBLY_RELEVANT,LIMITED_DISCOVERY_SIGNAL:drug target;EVENTS:1,Nature Communications,article,https://openalex.org/W2586637063,outputs/phase_two/p2_e1_pilot_v0.1/search/raw_retrieval/p2e1b_openalex_10_works.json,FALSE,TRUE,AI_ASSISTED_DISCOVERY
P2SRC_3A09D9E60ED894B200CC,Industry-scale Knowledge Graphs: Lessons and Challenges,Natasha Noy; Yuqing Gao; Anshu Jain; Anant Narayanan; Alan Patterson; Jamie Taylor,2019-04-01,10.1145/3329781.3332266,,,https://openalex.org/W3136296618,DOI:10.1145/3329781.3332266,SCHOLARLY_RECORD,P2E1B_OPENALEX_03,CAT_01|CAT_03,UNRESOLVED_FROM_DISCOVERY_METADATA,UNRESOLVED_FROM_DISCOVERY_METADATA,POSSIBLY_RELEVANT,LIMITED_DISCOVERY_SIGNAL:knowledge graph;EVENTS:1,Queue,article,https://openalex.org/W3136296618,outputs/phase_two/p2_e1_pilot_v0.1/search/raw_retrieval/p2e1b_openalex_03_works.json,FALSE,TRUE,AI_ASSISTED_DISCOVERY
P2SRC_7DCAE7BC218E1DFD0E79,Ineffective health management: A systematic review and meta-analysis of related factors,da Silva RC; Gondim MC; Cavalcante AMRZ; Bachion MM; da Silva VM; de Oliveira Lopes MV,2022 May,10.1111/jnu.12747,34811891,,,PMID:34811891,SCHOLARLY_RECORD,P2E1B_PUBMED_05,CAT_05,UNRESOLVED_FROM_DISCOVERY_METADATA,UNRESOLVED_FROM_DISCOVERY_METADATA,LIKELY_OUT_OF_SCOPE,NO_TARGET_EVIDENCE_OR_REPRESENTATION_SIGNAL_IN_CAPTURED_METADATA,Journal of nursing scholarship : an official publication of Sigma Theta Tau International Honor Society of Nursing,"Journal Article|Meta-Analysis|Systematic Review|Research Support, Non-U.S. Gov't",PMID:34811891,outputs/phase_two/p2_e1_pilot_v0.1/search/raw_retrieval/p2e1b_pubmed_05_esummary.json,UNRESOLVED_FROM_DISCOVERY_METADATA,TRUE,AI_ASSISTED_DISCOVERY
P2SRC_12821198667CC5314558,Injectable Fluorescent Bottlebrush Polymers for Interventional Procedures and Biomedical Imaging,Yuan Y; Beilharz S; Everson HR; Nupnar N; Debnath MK; Vinella D; Urueña JM; Örge FH; Hore MJA; Mathur D; Karayilan M,2025 Feb 10,10.1021/acs.biomac.4c01550,39849929,,,PMID:39849929,SCHOLARLY_RECORD,P2E1B_PUBMED_10,CAT_01|CAT_03|CAT_04,UNRESOLVED_FROM_DISCOVERY_METADATA,UNRESOLVED_FROM_DISCOVERY_METADATA,POSSIBLY_RELEVANT,LIMITED_DISCOVERY_SIGNAL:CATEGORY_CONTEXT;EVENTS:1,Biomacromolecules,Journal Article,PMID:39849929,outputs/phase_two/p2_e1_pilot_v0.1/search/raw_retrieval/p2e1b_pubmed_10_esummary.json,UNRESOLVED_FROM_DISCOVERY_METADATA,TRUE,AI_ASSISTED_DISCOVERY
P2SRC_F40D1430429B47F68EA8,Inorganic nanomaterials with rapid clearance for biomedical applications,Xianwen Wang; Xiaoyan Zhong; Jianxiang Li; Zhuang Liu; Liang Cheng,2021-01-01,10.1039/d0cs00461h,34156040,,https://openalex.org/W3176236709,DOI:10.1039/d0cs00461h,SCHOLARLY_RECORD,P2E1B_OPENALEX_12,CAT_01|CAT_05|CAT_06,UNRESOLVED_FROM_DISCOVERY_METADATA,UNRESOLVED_FROM_DISCOVERY_METADATA,POSSIBLY_RELEVANT,LIMITED_DISCOVERY_SIGNAL:CATEGORY_CONTEXT;EVENTS:1,Chemical Society Reviews,article,https://openalex.org/W3176236709,outputs/phase_two/p2_e1_pilot_v0.1/search/raw_retrieval/p2e1b_openalex_12_works.json,FALSE,TRUE,AI_ASSISTED_DISCOVERY
P2SRC_EE6BA61C82243449B9C0,Inorganic nanoparticle-integrated mesenchymal stem cells: A potential biological agent for multifaceted applications,Zheng JJ; Jiang XC; Li YS; Gao JQ,2023 Aug,10.1002/mco2.313,37533768,PMC10390757,,PMID:37533768,SCHOLARLY_RECORD,P2E1B_PUBMED_04,CAT_04,UNRESOLVED_FROM_DISCOVERY_METADATA,UNRESOLVED_FROM_DISCOVERY_METADATA,LIKELY_OUT_OF_SCOPE,NO_TARGET_EVIDENCE_OR_REPRESENTATION_SIGNAL_IN_CAPTURED_METADATA,MedComm,Journal Article|Review,PMID:37533768,outputs/phase_two/p2_e1_pilot_v0.1/search/raw_retrieval/p2e1b_pubmed_04_esummary.json,UNRESOLVED_FROM_DISCOVERY_METADATA,TRUE,AI_ASSISTED_DISCOVERY
P2SRC_4906C88FC94FF33789CF,Inorganic Nanoparticle-Loaded Exosomes for Biomedical Applications,Barjesteh T; Mansur S; Bao Y,2021 Feb 20,10.3390/molecules26041135,33672706,PMC7924372,,PMID:33672706,SCHOLARLY_RECORD,P2E1B_PUBMED_12,CAT_01|CAT_05|CAT_06,UNRESOLVED_FROM_DISCOVERY_METADATA,UNRESOLVED_FROM_DISCOVERY_METADATA,POSSIBLY_RELEVANT,LIMITED_DISCOVERY_SIGNAL:CATEGORY_CONTEXT;EVENTS:1,"Molecules (Basel, Switzerland)",Journal Article|Review,PMID:33672706,outputs/phase_two/p2_e1_pilot_v0.1/search/raw_retrieval/p2e1b_pubmed_12_esummary.json,UNRESOLVED_FROM_DISCOVERY_METADATA,TRUE,AI_ASSISTED_DISCOVERY
P2SRC_C4F76BC17A17529E08C1,Integrating Artificial Intelligence for Drug Discovery in the Context of Revolutionizing Drug Delivery,Anita Ioana Vișan; Irina Neguț,2024-02-07,10.3390/life14020233,38398742,,https://openalex.org/W4391617198,DOI:10.3390/life14020233,SCHOLARLY_RECORD,P2E1B_OPENALEX_07|P2E1B_OPENALEX_14,CAT_01|CAT_07,UNRESOLVED_FROM_DISCOVERY_METADATA,UNRESOLVED_FROM_DISCOVERY_METADATA,LIKELY_RELEVANT,DISCOVERY_KEYWORDS:artificial intelligence|machine learning;EVENTS:2,Life,article,https://openalex.org/W4391617198,outputs/phase_two/p2_e1_pilot_v0.1/search/raw_retrieval/p2e1b_openalex_07_works.json|outputs/phase_two/p2_e1_pilot_v0.1/search/raw_retrieval/p2e1b_openalex_14_works.json,FALSE,TRUE,AI_ASSISTED_DISCOVERY
P2SRC_228888A2261B10244FCD,Integration and Querying of Genomic and Proteomic Semantic Annotations for Biomedical Knowledge Extraction,Masseroli M; Canakoglu A; Ceri S,2016 Mar-Apr,10.1109/TCBB.2015.2453944,27045824,,,PMID:27045824,SCHOLARLY_RECORD,P2E1B_PUBMED_10,CAT_01|CAT_03|CAT_04,UNRESOLVED_FROM_DISCOVERY_METADATA,UNRESOLVED_FROM_DISCOVERY_METADATA,POSSIBLY_RELEVANT,LIMITED_DISCOVERY_SIGNAL:CATEGORY_CONTEXT;EVENTS:1,IEEE/ACM transactions on computational biology and bioinformatics,"Journal Article|Research Support, Non-U.S. Gov't",PMID:27045824,outputs/phase_two/p2_e1_pilot_v0.1/search/raw_retrieval/p2e1b_pubmed_10_esummary.json,UNRESOLVED_FROM_DISCOVERY_METADATA,TRUE,AI_ASSISTED_DISCOVERY
P2SRC_CAB9EF9914538EA93B11,Integration of high-volume molecular and imaging data for composite biomarker discovery in the study of melanoma,Moutselos K; Maglogiannis I; Chatziioannou A,2014,10.1155/2014/145243,24527435,PMC3914284,,PMID:24527435,SCHOLARLY_RECORD,P2E1B_PUBMED_10,CAT_01|CAT_03|CAT_04,UNRESOLVED_FROM_DISCOVERY_METADATA,UNRESOLVED_FROM_DISCOVERY_METADATA,POSSIBLY_RELEVANT,LIMITED_DISCOVERY_SIGNAL:CATEGORY_CONTEXT;EVENTS:1,BioMed research international,"Journal Article|Research Support, Non-U.S. Gov't",PMID:24527435,outputs/phase_two/p2_e1_pilot_v0.1/search/raw_retrieval/p2e1b_pubmed_10_esummary.json,UNRESOLVED_FROM_DISCOVERY_METADATA,TRUE,AI_ASSISTED_DISCOVERY
P2SRC_E56D3B3026DDD7978FF0,Integration strategies of multi-omics data for machine learning analysis,Milan Picard; Marie‐Pier Scott‐Boyer; Antoine Bodein; Olivier Périn; Arnaud Droit,2021-01-01,10.1016/j.csbj.2021.06.030,34285775,,https://openalex.org/W3173875945,DOI:10.1016/j.csbj.2021.06.030,SCHOLARLY_RECORD,P2E1B_OPENALEX_01,CAT_01,UNRESOLVED_FROM_DISCOVERY_METADATA,UNRESOLVED_FROM_DISCOVERY_METADATA,POSSIBLY_RELEVANT,LIMITED_DISCOVERY_SIGNAL:machine learning;EVENTS:1,Computational and Structural Biotechnology Journal,article,https://openalex.org/W3173875945,outputs/phase_two/p2_e1_pilot_v0.1/search/raw_retrieval/p2e1b_openalex_01_works.json,FALSE,TRUE,AI_ASSISTED_DISCOVERY
P2SRC_E30964C5C03B89B2DB53,Integrative analysis of 111 reference human epigenomes,Anshul Kundaje; Wouter Meuleman; Jason Ernst; Misha Bilenky; Angela Yen; Alireza Heravi‐Moussavi; Pouya Kheradpour; Zhizhuo Zhang; Jianrong Wang; Michael J. Ziller; Viren Amin; John W. Whitaker; Matthew D. Schultz; Lucas D. Ward; Abhishek Sarkar; Gerald Quon; Richard Sandstrom; Matthew L. Eaton; Yi-Chieh Wu; Andreas R. Pfenning; Xinchen Wang; Melina Claussnitzer; Yaping Liu; Cristian Coarfa; R. Alan Harris; Noam Shoresh; Charles B. Epstein; Elizabeta Gjoneska; Danny Leung; Wei Xie; R. David Hawkins; Ryan Lister; Chibo Hong; Philippe Gascard; Andrew J. Mungall; Richard A. Moore; Eric Chuah; Angela Tam; Theresa K. Canfield; R. Scott Hansen; Rajinder Kaul; Peter J. Sabo; Mukul S. Bansal; Annaïck Carles; Jesse R. Dixon; Kai-How Farh; Soheil Feizi; Rosa Karlić; Ah-Ram Kim; Ashwinikumar Kulkarni; Daofeng Li; Rebecca F. Lowdon; GiNell Elliott; Tim R. Mercer; Shane Neph; Vitor Onuchic; Paz Polak; Nisha Rajagopal; Pradipta Ray; Richard Sallari; Kyle Siebenthall; Nicholas A. Sinnott‐Armstrong; Michael Stevens; Robert E. Thurman; Jie Wu; Bo Zhang; Xin Zhou; Arthur E. Beaudet; Laurie A. Boyer; Philip L. De Jager; Peggy Farnham; Susan J. Fisher; David Haussler; Steven J.M. Jones; Wei Li; Marco A. Marra; Michael T. McManus; Shamil Sunyaev; James A. Thomson; Thea D. Tlsty; Li-Huei Tsai; Wei Wang; Robert A. Waterland; Michael Q. Zhang; Lisa H. Chadwick; B Bernstein; J Costello; Joseph R. Ecker; Martin Hirst; Alexander Meissner; Aleksandar Milosavljević; Bing Ren; J Stamatoyannopoulos; Ting Wang; Manolis Kellis,2015-02-17,10.1038/nature14248,25693563,,https://openalex.org/W2076154138,DOI:10.1038/nature14248,SCHOLARLY_RECORD,P2E1B_OPENALEX_04,CAT_04,UNRESOLVED_FROM_DISCOVERY_METADATA,UNRESOLVED_FROM_DISCOVERY_METADATA,LIKELY_OUT_OF_SCOPE,NO_TARGET_EVIDENCE_OR_REPRESENTATION_SIGNAL_IN_CAPTURED_METADATA,Nature,article,https://openalex.org/W2076154138,outputs/phase_two/p2_e1_pilot_v0.1/search/raw_retrieval/p2e1b_openalex_04_works.json,FALSE,TRUE,AI_ASSISTED_DISCOVERY
P2SRC_ED757662BC3EBEEC5ACE,Integrative Analysis of Complex Cancer Genomics and Clinical Profiles Using the cBioPortal,Jianjiong Gao; Bülent Arman Aksoy; Uğur Doğrusöz; Gideon Dresdner; Benjamin Groß; S. Onur Sumer; Yichao Sun; Anders Jacobsen; Rileen Sinha; Erik Larsson; Ethan Cerami; Chris Sander; Nikolaus Schultz,2013-04-02,10.1126/scisignal.2004088,23550210,,https://openalex.org/W2114843025,DOI:10.1126/scisignal.2004088,SCHOLARLY_RECORD,P2E1B_OPENALEX_04|P2E1B_OPENALEX_09,CAT_04|CAT_05|CAT_06,UNRESOLVED_FROM_DISCOVERY_METADATA,UNRESOLVED_FROM_DISCOVERY_METADATA,POSSIBLY_RELEVANT,LIMITED_DISCOVERY_SIGNAL:CATEGORY_CONTEXT;EVENTS:2,Science Signaling,article,https://openalex.org/W2114843025,outputs/phase_two/p2_e1_pilot_v0.1/search/raw_retrieval/p2e1b_openalex_04_works.json|outputs/phase_two/p2_e1_pilot_v0.1/search/raw_retrieval/p2e1b_openalex_09_works.json,FALSE,TRUE,AI_ASSISTED_DISCOVERY
P2SRC_D297EABCD31A66797842,Integrative Clinical Genomics of Advanced Prostate Cancer,Dan R. Robinson; Eliezer M. Van Allen; Yi-Mi Wu; Nikolaus Schultz; Robert J. Lonigro; Juan Miguel Mosquera; Bruce Montgomery; Mary-Ellen Taplin; Colin C. Pritchard; Gerhardt Attard; Himisha Beltran; Wassim Abida; Robert K. Bradley; Jake Vinson; Xuhong Cao; Pankaj Vats; Lakshmi P. Kunju; Maha Hussain; Felix Y. Feng; Scott A. Tomlins; Kathleen A. Cooney; David C. Smith; Christine Brennan; Javed Siddiqui; Rohit Mehra; Yu Chen; Dana E. Rathkopf; Michael J. Morris; Stephen B. Solomon; Jeremy C. Durack; Victor E. Reuter; Anuradha Gopalan; Jianjiong Gao; Massimo Loda; Rosina T. Lis; Michaela Bowden; Stephen Balk; Glenn C. Gaviola; Carrie Sougnez; Manaswi Gupta; Evan Y. Yu; Elahe A. Mostaghel; Heather H. Cheng; Hyojeong Mulcahy; Lawrence D. True; Stephen R. Plymate; Heidi Dvinge; Roberta Ferraldeschi; Penny Flohr; Susana Miranda; Zafeiris Zafeiriou; Nina Tunariu; Joaquı́n Mateo; Raquel Pérez-López; Francesca Demichelis; Brian D. Robinson; Marc Schiffman; David M. Nanus; Scott T. Tagawa; Alexandros Sigaras; Kenneth Eng; Olivier Elemento; Andrea Sboner; Elisabeth I. Heath; Howard I. Scher; Kenneth J. Pienta; Philip W. Kantoff; Johann S. de Bono; Mark A. Rubin; Peter S. Nelson; Levi A. Garraway; Charles L. Sawyers; Arul M. Chinnaiyan,2015-05-01,10.1016/j.cell.2015.05.001,26000489,,https://openalex.org/W1578291413,DOI:10.1016/j.cell.2015.05.001,SCHOLARLY_RECORD,P2E1B_OPENALEX_09,CAT_05|CAT_06,UNRESOLVED_FROM_DISCOVERY_METADATA,UNRESOLVED_FROM_DISCOVERY_METADATA,POSSIBLY_RELEVANT,LIMITED_DISCOVERY_SIGNAL:CATEGORY_CONTEXT;EVENTS:1,Cell,article,https://openalex.org/W1578291413,outputs/phase_two/p2_e1_pilot_v0.1/search/raw_retrieval/p2e1b_openalex_09_works.json,FALSE,TRUE,AI_ASSISTED_DISCOVERY
P2SRC_E24E122760C5B4A28E2C,Integrative Genomics Viewer (IGV): high-performance genomics data visualization and exploration,Helga Thorvaldsdóttir; James Robinson; Jill P. Mesirov,2012-04-19,10.1093/bib/bbs017,22517427,,https://openalex.org/W2117131162,DOI:10.1093/bib/bbs017,SCHOLARLY_RECORD,P2E1B_OPENALEX_04,CAT_04,UNRESOLVED_FROM_DISCOVERY_METADATA,UNRESOLVED_FROM_DISCOVERY_METADATA,POSSIBLY_RELEVANT,LIMITED_DISCOVERY_SIGNAL:CATEGORY_CONTEXT;EVENTS:1,Briefings in Bioinformatics,article,https://openalex.org/W2117131162,outputs/phase_two/p2_e1_pilot_v0.1/search/raw_retrieval/p2e1b_openalex_04_works.json,FALSE,TRUE,AI_ASSISTED_DISCOVERY
P2SRC_3AD25CE6823F150777F1,Integrative GWAS and co-localisation analysis suggests novel genes associated with age-related multimorbidity,Clare E. West; Mohd Anisul Karim; Maria J. Falaguera; Leo Speidel; Charlotte Green; Lisa Logie; Jeremy Schwartzentruber; David Ochoa; Janet M. Lord; Michael A. J. Ferguson; C. Bountra; Graeme Wilkinson; Beverley Vaughan; Andrew R. Leach; Ian Dunham; Brian D. Marsden,2023-09-25,10.1038/s41597-023-02513-4,37749083,PMC10520009,https://openalex.org/W4387014311,DOI:10.1038/s41597-023-02513-4,SCHOLARLY_RECORD,P2E1B_OPENALEX_02|P2E1B_PUBMED_02,CAT_01|CAT_02,UNRESOLVED_FROM_DISCOVERY_METADATA,UNRESOLVED_FROM_DISCOVERY_METADATA,LIKELY_RELEVANT,DISCOVERY_KEYWORDS:open targets;EVENTS:2,Scientific Data,data-paper,PMID:37749083|https://openalex.org/W4387014311,outputs/phase_two/p2_e1_pilot_v0.1/search/raw_retrieval/p2e1b_openalex_02_works.json|outputs/phase_two/p2_e1_pilot_v0.1/search/raw_retrieval/p2e1b_pubmed_02_esummary.json,FALSE,TRUE,AI_ASSISTED_DISCOVERY
P2SRC_6955D19DBE09A3BAF867,Integrative proteogenomic characterization of early esophageal cancer,Li L; Jiang D; Zhang Q; Liu H; Xu F; Guo C; Qin Z; Wang H; Feng J; Liu Y; Chen W; Zhang X; Bai L; Tian S; Tan S; Xu C; Song Q; Liu Y; Zhong Y; Chen T; Zhou P; Zhao JY; Hou Y; Ding C,2023 Mar 25,10.1038/s41467-023-37440-w,36966136,PMC10039899,,PMID:36966136,SCHOLARLY_RECORD,P2E1B_PUBMED_01,CAT_01,UNRESOLVED_FROM_DISCOVERY_METADATA,UNRESOLVED_FROM_DISCOVERY_METADATA,LIKELY_OUT_OF_SCOPE,NO_TARGET_EVIDENCE_OR_REPRESENTATION_SIGNAL_IN_CAPTURED_METADATA,Nature communications,"Journal Article|Research Support, Non-U.S. Gov't",PMID:36966136,outputs/phase_two/p2_e1_pilot_v0.1/search/raw_retrieval/p2e1b_pubmed_01_esummary_retry.json,UNRESOLVED_FROM_DISCOVERY_METADATA,TRUE,AI_ASSISTED_DISCOVERY
P2SRC_307A55F48ECA90AF0B4A,Intelligence in youth and all-cause-mortality: systematic review with meta-analysis,Catherine M. Calvin; Ian J. Deary; Candida Fenton; Brooke Roberts; Geoff Der; Nicola Leckenby; G. David Batty,2010-10-29,10.1093/ije/dyq190,21037248,,https://openalex.org/W2108058953,DOI:10.1093/ije/dyq190,SCHOLARLY_RECORD,P2E1B_OPENALEX_08,CAT_01|CAT_05|CAT_06,UNRESOLVED_FROM_DISCOVERY_METADATA,UNRESOLVED_FROM_DISCOVERY_METADATA,POSSIBLY_RELEVANT,LIMITED_DISCOVERY_SIGNAL:CATEGORY_CONTEXT;EVENTS:1,International Journal of Epidemiology,review,https://openalex.org/W2108058953,outputs/phase_two/p2_e1_pilot_v0.1/search/raw_retrieval/p2e1b_openalex_08_works.json,FALSE,TRUE,AI_ASSISTED_DISCOVERY
P2SRC_942BE558552BF5F86A8C,Intelligence Unleashed: An argument for AI in Education,Rosemary Luckin; W. Holmes,2016-02-22,,,,https://openalex.org/W2746986659,https://openalex.org/W2746986659,SCHOLARLY_RECORD,P2E1B_OPENALEX_11,CAT_04|CAT_05|CAT_06|CAT_07,UNRESOLVED_FROM_DISCOVERY_METADATA,UNRESOLVED_FROM_DISCOVERY_METADATA,POSSIBLY_RELEVANT,LIMITED_DISCOVERY_SIGNAL:artificial intelligence;EVENTS:1,Open Research Online (The Open University),article,https://openalex.org/W2746986659,outputs/phase_two/p2_e1_pilot_v0.1/search/raw_retrieval/p2e1b_openalex_11_works.json,FALSE,TRUE,AI_ASSISTED_DISCOVERY
P2SRC_1A006FA918934B5461C1,Intelligent Care: A Scientometric Analysis of Artificial Intelligence in Precision Medicine,Adam KM; Ali EW; Elangeeb ME; Abuagla HA; Elamin BK; Ahmed EM; Edris AM; Ahmed AAEM; Eltieb EI,2025 Apr 19,10.3390/medsci13020044,40265391,PMC12015873,,PMID:40265391,SCHOLARLY_RECORD,P2E1B_PUBMED_14,CAT_01|CAT_07,UNRESOLVED_FROM_DISCOVERY_METADATA,UNRESOLVED_FROM_DISCOVERY_METADATA,POSSIBLY_RELEVANT,LIMITED_DISCOVERY_SIGNAL:artificial intelligence;EVENTS:1,"Medical sciences (Basel, Switzerland)",Journal Article|Review,PMID:40265391,outputs/phase_two/p2_e1_pilot_v0.1/search/raw_retrieval/p2e1b_pubmed_14_esummary.json,UNRESOLVED_FROM_DISCOVERY_METADATA,TRUE,AI_ASSISTED_DISCOVERY
P2SRC_E4DB15BCF722A3F68217,Interpretable Almost-Exact Matching for Causal Inference,Dieng A; Liu Y; Roy S; Rudin C; Volfovsky A,2019 Apr,,31198908,PMC6563929,,PMID:31198908,SCHOLARLY_RECORD,P2E1B_PUBMED_09,CAT_05|CAT_06,UNRESOLVED_FROM_DISCOVERY_METADATA,UNRESOLVED_FROM_DISCOVERY_METADATA,POSSIBLY_RELEVANT,LIMITED_DISCOVERY_SIGNAL:CATEGORY_CONTEXT;EVENTS:1,Proceedings of machine learning research,Journal Article,PMID:31198908,outputs/phase_two/p2_e1_pilot_v0.1/search/raw_retrieval/p2e1b_pubmed_09_esummary.json,UNRESOLVED_FROM_DISCOVERY_METADATA,TRUE,AI_ASSISTED_DISCOVERY
P2SRC_45EF56BACEAF8D27754B,Interpretable deep learning translation of GWAS and multi-omics findings to identify pathobiology and drug repurposing in Alzheimer's disease,Xu J; Mao C; Hou Y; Luo Y; Binder JL; Zhou Y; Bekris LM; Shin J; Hu M; Wang F; Eng C; Oprea TI; Flanagan ME; Pieper AA; Cummings J; Leverenz JB; Cheng F,2022 Nov 29,10.1016/j.celrep.2022.111717,36450252,PMC9837836,,PMID:36450252,SCHOLARLY_RECORD,P2E1B_PUBMED_01,CAT_01,UNRESOLVED_FROM_DISCOVERY_METADATA,UNRESOLVED_FROM_DISCOVERY_METADATA,POSSIBLY_RELEVANT,LIMITED_DISCOVERY_SIGNAL:CATEGORY_CONTEXT;EVENTS:1,Cell reports,"Journal Article|Research Support, N.I.H., Extramural|Research Support, Non-U.S. Gov't",PMID:36450252,outputs/phase_two/p2_e1_pilot_v0.1/search/raw_retrieval/p2e1b_pubmed_01_esummary_retry.json,UNRESOLVED_FROM_DISCOVERY_METADATA,TRUE,AI_ASSISTED_DISCOVERY
P2SRC_5F144FDB8D227185680B,Interpretation of europium(III) spectra,Koen Binnemans,2015-02-23,10.1016/j.ccr.2015.02.015,,,https://openalex.org/W2326411711,DOI:10.1016/j.ccr.2015.02.015,SCHOLARLY_RECORD,P2E1B_OPENALEX_11,CAT_04|CAT_05|CAT_06|CAT_07,UNRESOLVED_FROM_DISCOVERY_METADATA,UNRESOLVED_FROM_DISCOVERY_METADATA,POSSIBLY_RELEVANT,LIMITED_DISCOVERY_SIGNAL:CATEGORY_CONTEXT;EVENTS:1,Coordination Chemistry Reviews,article,https://openalex.org/W2326411711,outputs/phase_two/p2_e1_pilot_v0.1/search/raw_retrieval/p2e1b_openalex_11_works.json,FALSE,TRUE,AI_ASSISTED_DISCOVERY
P2SRC_FA0C88F98EEBCCABD4AE,Interprofessional Collaboration Competencies in the Health System: A Systematic Review,Vaseghi F; Yarmohammadian MH; Raeisi A,2022 Nov-Dec,10.4103/ijnmr.ijnmr_476_21,36712303,PMC9881554,,PMID:36712303,SCHOLARLY_RECORD,P2E1B_PUBMED_05,CAT_05,UNRESOLVED_FROM_DISCOVERY_METADATA,UNRESOLVED_FROM_DISCOVERY_METADATA,LIKELY_OUT_OF_SCOPE,NO_TARGET_EVIDENCE_OR_REPRESENTATION_SIGNAL_IN_CAPTURED_METADATA,Iranian journal of nursing and midwifery research,Journal Article|Review,PMID:36712303,outputs/phase_two/p2_e1_pilot_v0.1/search/raw_retrieval/p2e1b_pubmed_05_esummary.json,UNRESOLVED_FROM_DISCOVERY_METADATA,TRUE,AI_ASSISTED_DISCOVERY
P2SRC_C763AB97838BF4A4977B,Intolerance of uncertainty and emotion regulation: A meta-analytic and systematic review,Sahib A; Chen J; Cárdenas D; Calear AL,2023 Apr,10.1016/j.cpr.2023.102270,36965452,,,PMID:36965452,SCHOLARLY_RECORD,P2E1B_PUBMED_06,CAT_05|CAT_06,UNRESOLVED_FROM_DISCOVERY_METADATA,UNRESOLVED_FROM_DISCOVERY_METADATA,POSSIBLY_RELEVANT,LIMITED_DISCOVERY_SIGNAL:uncertainty;EVENTS:1,Clinical psychology review,"Journal Article|Meta-Analysis|Systematic Review|Research Support, Non-U.S. Gov't",PMID:36965452,outputs/phase_two/p2_e1_pilot_v0.1/search/raw_retrieval/p2e1b_pubmed_06_esummary.json,UNRESOLVED_FROM_DISCOVERY_METADATA,TRUE,AI_ASSISTED_DISCOVERY
P2SRC_F1CE136E6212A37A7C52,Introducing Artificial Intelligence Training in Medical Education,Ketan Paranjape; Michiel Schinkel; Rishi Panday; Josip Car; Prabath W.B. Nanayakkara,2019-10-20,10.2196/16048,31793895,,https://openalex.org/W2981296841,DOI:10.2196/16048,SCHOLARLY_RECORD,P2E1B_OPENALEX_14,CAT_01|CAT_07,UNRESOLVED_FROM_DISCOVERY_METADATA,UNRESOLVED_FROM_DISCOVERY_METADATA,POSSIBLY_RELEVANT,LIMITED_DISCOVERY_SIGNAL:artificial intelligence;EVENTS:1,JMIR Medical Education,article,https://openalex.org/W2981296841,outputs/phase_two/p2_e1_pilot_v0.1/search/raw_retrieval/p2e1b_openalex_14_works.json,FALSE,TRUE,AI_ASSISTED_DISCOVERY
P2SRC_07E534493E8FF1CFED19,Investigating the potential risk of cadmium exposure on Osteoporosis: An integrated multi-omics approach,Li Y; Liang X; Rong Y; Jiang K; Zhang J; Li G,2025 Aug,10.1016/j.ecoenv.2025.118502,40517505,,,PMID:40517505,SCHOLARLY_RECORD,P2E1B_PUBMED_01,CAT_01,UNRESOLVED_FROM_DISCOVERY_METADATA,UNRESOLVED_FROM_DISCOVERY_METADATA,LIKELY_OUT_OF_SCOPE,NO_TARGET_EVIDENCE_OR_REPRESENTATION_SIGNAL_IN_CAPTURED_METADATA,Ecotoxicology and environmental safety,Journal Article,PMID:40517505,outputs/phase_two/p2_e1_pilot_v0.1/search/raw_retrieval/p2e1b_pubmed_01_esummary_retry.json,UNRESOLVED_FROM_DISCOVERY_METADATA,TRUE,AI_ASSISTED_DISCOVERY
P2SRC_EFF238644BFF5ED8AF36,Is retirement good for your health? A systematic review of longitudinal studies,Iris van der Heide; Rogier M. van Rijn; Suzan JW Robroek; Alex Burdorf; Karin I. Proper,2013-12-01,10.1186/1471-2458-13-1180,24330730,,https://openalex.org/W2098181585,DOI:10.1186/1471-2458-13-1180,SCHOLARLY_RECORD,P2E1B_OPENALEX_13,CAT_03|CAT_05|CAT_06,UNRESOLVED_FROM_DISCOVERY_METADATA,UNRESOLVED_FROM_DISCOVERY_METADATA,POSSIBLY_RELEVANT,LIMITED_DISCOVERY_SIGNAL:evidence synthesis;EVENTS:1,BMC Public Health,review,https://openalex.org/W2098181585,outputs/phase_two/p2_e1_pilot_v0.1/search/raw_retrieval/p2e1b_openalex_13_works.json,FALSE,TRUE,AI_ASSISTED_DISCOVERY
P2SRC_930D47F67EC77AD6C562,K-BERT: Enabling Language Representation with Knowledge Graph,Weijie Liu; Peng Zhou; Zhe Zhao; Zhiruo Wang; Qi Ju; Haotang Deng; Ping Wang,2020-04-03,10.1609/aaai.v34i03.5681,,,https://openalex.org/W2998385486,DOI:10.1609/aaai.v34i03.5681,SCHOLARLY_RECORD,P2E1B_OPENALEX_03|P2E1B_OPENALEX_10,CAT_01|CAT_03|CAT_04,UNRESOLVED_FROM_DISCOVERY_METADATA,UNRESOLVED_FROM_DISCOVERY_METADATA,LIKELY_RELEVANT,DISCOVERY_KEYWORDS:knowledge graph;EVENTS:2,Proceedings of the AAAI Conference on Artificial Intelligence,conference-paper,https://openalex.org/W2998385486,outputs/phase_two/p2_e1_pilot_v0.1/search/raw_retrieval/p2e1b_openalex_03_works.json|outputs/phase_two/p2_e1_pilot_v0.1/search/raw_retrieval/p2e1b_openalex_10_works.json,FALSE,TRUE,AI_ASSISTED_DISCOVERY
P2SRC_7CC9582DB8C2A76DB64E,KEGG for integration and interpretation of large-scale molecular data sets,Minoru Kanehisa; Susumu Goto; Yoko Sato; Miho Furumichi; Mikio Tanabe,2011-11-10,10.1093/nar/gkr988,22080510,,https://openalex.org/W1998767819,DOI:10.1093/nar/gkr988,SCHOLARLY_RECORD,P2E1B_OPENALEX_04,CAT_04,UNRESOLVED_FROM_DISCOVERY_METADATA,UNRESOLVED_FROM_DISCOVERY_METADATA,POSSIBLY_RELEVANT,LIMITED_DISCOVERY_SIGNAL:drug target;EVENTS:1,Nucleic Acids Research,article,https://openalex.org/W1998767819,outputs/phase_two/p2_e1_pilot_v0.1/search/raw_retrieval/p2e1b_openalex_04_works.json,FALSE,TRUE,AI_ASSISTED_DISCOVERY
P2SRC_392159C640DE5382B46D,KGNN: Knowledge Graph Neural Network for Drug-Drug Interaction Prediction,Xuan Lin; Zhe Quan; Zhijie Wang; Tengfei Ma; Xiangxiang Zeng,2020-07-01,10.24963/ijcai.2020/380,,,https://openalex.org/W3035011799,DOI:10.24963/ijcai.2020/380,SCHOLARLY_RECORD,P2E1B_OPENALEX_03,CAT_01|CAT_03,UNRESOLVED_FROM_DISCOVERY_METADATA,UNRESOLVED_FROM_DISCOVERY_METADATA,POSSIBLY_RELEVANT,LIMITED_DISCOVERY_SIGNAL:knowledge graph;EVENTS:1,,conference-paper,https://openalex.org/W3035011799,outputs/phase_two/p2_e1_pilot_v0.1/search/raw_retrieval/p2e1b_openalex_03_works.json,FALSE,TRUE,AI_ASSISTED_DISCOVERY
P2SRC_6B5DA283AC2704C7A8FF,Knowledge and the Norm of Assertion,John Turri,2016-02-23,10.11647/obp.0083,,,https://openalex.org/W2506174737,DOI:10.11647/obp.0083,SCHOLARLY_RECORD,P2E1B_OPENALEX_11,CAT_04|CAT_05|CAT_06|CAT_07,UNRESOLVED_FROM_DISCOVERY_METADATA,UNRESOLVED_FROM_DISCOVERY_METADATA,POSSIBLY_RELEVANT,LIMITED_DISCOVERY_SIGNAL:CATEGORY_CONTEXT;EVENTS:1,Open Book Publishers,book,https://openalex.org/W2506174737,outputs/phase_two/p2_e1_pilot_v0.1/search/raw_retrieval/p2e1b_openalex_11_works.json,FALSE,TRUE,AI_ASSISTED_DISCOVERY
P2SRC_D641CB21DA2854631483,Knowledge engineering tools for reasoning with scientific observations and interpretations: a neural connectivity use case,Russ TA; Ramakrishnan C; Hovy EH; Bota M; Burns GA,2011 Aug 22,10.1186/1471-2105-12-351,21859449,PMC3176268,,PMID:21859449,SCHOLARLY_RECORD,P2E1B_PUBMED_11,CAT_04|CAT_05|CAT_06|CAT_07,UNRESOLVED_FROM_DISCOVERY_METADATA,UNRESOLVED_FROM_DISCOVERY_METADATA,POSSIBLY_RELEVANT,LIMITED_DISCOVERY_SIGNAL:CATEGORY_CONTEXT;EVENTS:1,BMC bioinformatics,"Journal Article|Research Support, N.I.H., Extramural|Research Support, Non-U.S. Gov't",PMID:21859449,outputs/phase_two/p2_e1_pilot_v0.1/search/raw_retrieval/p2e1b_pubmed_11_esummary.json,UNRESOLVED_FROM_DISCOVERY_METADATA,TRUE,AI_ASSISTED_DISCOVERY
P2SRC_56638F15AE643D4DEC02,Knowledge Graph Embedding by Translating on Hyperplanes,Zhen Wang; Jianwen Zhang; Jianlin Feng; Zheng Chen,2014-06-21,10.1609/aaai.v28i1.8870,,,https://openalex.org/W2283196293,DOI:10.1609/aaai.v28i1.8870,SCHOLARLY_RECORD,P2E1B_OPENALEX_06,CAT_05|CAT_06,UNRESOLVED_FROM_DISCOVERY_METADATA,UNRESOLVED_FROM_DISCOVERY_METADATA,POSSIBLY_RELEVANT,LIMITED_DISCOVERY_SIGNAL:knowledge graph;EVENTS:1,Proceedings of the AAAI Conference on Artificial Intelligence,conference-paper,https://openalex.org/W2283196293,outputs/phase_two/p2_e1_pilot_v0.1/search/raw_retrieval/p2e1b_openalex_06_works.json,FALSE,TRUE,AI_ASSISTED_DISCOVERY
P2SRC_E567CE81224D4FA653D2,Knowledge Graph Embedding: A Survey of Approaches and Applications,Quan Wang; Zhendong Mao; Bin Wang; Li Guo,2017-09-20,10.1109/tkde.2017.2754499,,,https://openalex.org/W2759136286,DOI:10.1109/tkde.2017.2754499,SCHOLARLY_RECORD,P2E1B_OPENALEX_06,CAT_05|CAT_06,UNRESOLVED_FROM_DISCOVERY_METADATA,UNRESOLVED_FROM_DISCOVERY_METADATA,POSSIBLY_RELEVANT,LIMITED_DISCOVERY_SIGNAL:knowledge graph;EVENTS:1,IEEE Transactions on Knowledge and Data Engineering,article,https://openalex.org/W2759136286,outputs/phase_two/p2_e1_pilot_v0.1/search/raw_retrieval/p2e1b_openalex_06_works.json,FALSE,TRUE,AI_ASSISTED_DISCOVERY
P2SRC_56956D1D024A81CA853C,Knowledge graph empowerment from knowledge learning to graduation requirements achievement,Yang Y; Chen S; Zhu Y; Zhu H; Chen Z,2023,10.1371/journal.pone.0292903,37824573,PMC10569641,,PMID:37824573,SCHOLARLY_RECORD,P2E1B_PUBMED_06,CAT_05|CAT_06,UNRESOLVED_FROM_DISCOVERY_METADATA,UNRESOLVED_FROM_DISCOVERY_METADATA,POSSIBLY_RELEVANT,LIMITED_DISCOVERY_SIGNAL:knowledge graph;EVENTS:1,PloS one,"Journal Article|Research Support, Non-U.S. Gov't",PMID:37824573,outputs/phase_two/p2_e1_pilot_v0.1/search/raw_retrieval/p2e1b_pubmed_06_esummary.json,UNRESOLVED_FROM_DISCOVERY_METADATA,TRUE,AI_ASSISTED_DISCOVERY
P2SRC_AB3E9AD97A9C94E10874,Knowledge graph refinement: A survey of approaches and evaluation methods,Heiko Paulheim,2016-12-06,10.3233/sw-160218,,,https://openalex.org/W2300469216,DOI:10.3233/sw-160218,SCHOLARLY_RECORD,P2E1B_OPENALEX_10,CAT_01|CAT_03|CAT_04,UNRESOLVED_FROM_DISCOVERY_METADATA,UNRESOLVED_FROM_DISCOVERY_METADATA,POSSIBLY_RELEVANT,LIMITED_DISCOVERY_SIGNAL:knowledge graph;EVENTS:1,Semantic Web,article,https://openalex.org/W2300469216,outputs/phase_two/p2_e1_pilot_v0.1/search/raw_retrieval/p2e1b_openalex_10_works.json,FALSE,TRUE,AI_ASSISTED_DISCOVERY
P2SRC_6544B032AF2539B99A23,Knowledge Graphs,Aidan Hogan; Eva Blomqvist; Michael Cochez; Claudia d’Amato; Gerard de Melo; Claudio Gutiérrez; Sabrina Kirrane; José Emilio Labra Gayo; Roberto Navigli; Sebastian Neumaier; Axel-Cyrille Ngonga Ngomo; Axel Polleres; Sabbir M. Rashid; Anisa Rula; Lukas Schmelzeisen; Juan Sequeda; Steffen Staab; Antoine Zimmermann,2021-07-02,10.1145/3447772,,,https://openalex.org/W3010336026,DOI:10.1145/3447772,SCHOLARLY_RECORD,P2E1B_OPENALEX_03|P2E1B_OPENALEX_06|P2E1B_OPENALEX_09|P2E1B_OPENALEX_10,CAT_01|CAT_03|CAT_04|CAT_05|CAT_06,UNRESOLVED_FROM_DISCOVERY_METADATA,UNRESOLVED_FROM_DISCOVERY_METADATA,LIKELY_RELEVANT,DISCOVERY_KEYWORDS:knowledge graph;EVENTS:4,ACM Computing Surveys,article,https://openalex.org/W3010336026,outputs/phase_two/p2_e1_pilot_v0.1/search/raw_retrieval/p2e1b_openalex_03_works.json|outputs/phase_two/p2_e1_pilot_v0.1/search/raw_retrieval/p2e1b_openalex_06_works.json|outputs/phase_two/p2_e1_pilot_v0.1/search/raw_retrieval/p2e1b_openalex_09_works.json|outputs/phase_two/p2_e1_pilot_v0.1/search/raw_retrieval/p2e1b_openalex_10_works.json,FALSE,TRUE,AI_ASSISTED_DISCOVERY
P2SRC_2B31C5BF38A85B085097,Knowledge graphs and their applications in drug discovery,MacLean F,2021 Sep,10.1080/17460441.2021.1910673,33843398,,,PMID:33843398,SCHOLARLY_RECORD,P2E1B_PUBMED_03|P2E1B_PUBMED_07,CAT_01|CAT_03|CAT_07,UNRESOLVED_FROM_DISCOVERY_METADATA,UNRESOLVED_FROM_DISCOVERY_METADATA,LIKELY_RELEVANT,DISCOVERY_KEYWORDS:knowledge graph;EVENTS:2,Expert opinion on drug discovery,Journal Article|Review,PMID:33843398,outputs/phase_two/p2_e1_pilot_v0.1/search/raw_retrieval/p2e1b_pubmed_03_esummary.json|outputs/phase_two/p2_e1_pilot_v0.1/search/raw_retrieval/p2e1b_pubmed_07_esummary.json,UNRESOLVED_FROM_DISCOVERY_METADATA,TRUE,AI_ASSISTED_DISCOVERY
P2SRC_6664790D4C788782BE4C,Knowledge Graphs and Their Applications in Drug Discovery,James T; Hennig H,2024,10.1007/978-1-0716-3449-3_9,37702941,,,PMID:37702941,SCHOLARLY_RECORD,P2E1B_PUBMED_03,CAT_01|CAT_03,UNRESOLVED_FROM_DISCOVERY_METADATA,UNRESOLVED_FROM_DISCOVERY_METADATA,POSSIBLY_RELEVANT,LIMITED_DISCOVERY_SIGNAL:knowledge graph;EVENTS:1,"Methods in molecular biology (Clifton, N.J.)",Journal Article,PMID:37702941,outputs/phase_two/p2_e1_pilot_v0.1/search/raw_retrieval/p2e1b_pubmed_03_esummary.json,UNRESOLVED_FROM_DISCOVERY_METADATA,TRUE,AI_ASSISTED_DISCOVERY
P2SRC_3E96F8386F7FD4DF7E9F,Knowledge graphs as tools for explainable machine learning: A survey,Ilaria Tiddi; Stefan Schlobach,2021-10-25,10.1016/j.artint.2021.103627,,,https://openalex.org/W3210179814,DOI:10.1016/j.artint.2021.103627,SCHOLARLY_RECORD,P2E1B_OPENALEX_03,CAT_01|CAT_03,UNRESOLVED_FROM_DISCOVERY_METADATA,UNRESOLVED_FROM_DISCOVERY_METADATA,LIKELY_RELEVANT,DISCOVERY_KEYWORDS:knowledge graph|machine learning;EVENTS:1,Artificial Intelligence,article,https://openalex.org/W3210179814,outputs/phase_two/p2_e1_pilot_v0.1/search/raw_retrieval/p2e1b_openalex_03_works.json,FALSE,TRUE,AI_ASSISTED_DISCOVERY
P2SRC_83F8B907229E51C4FB1D,Knowledge Graphs: Opportunities and Challenges,Ciyuan Peng; Feng Xia; Mehdi Naseriparsa; Francesco Osborne,2023-04-03,10.1007/s10462-023-10465-9,37362886,,https://openalex.org/W4362579589,DOI:10.1007/s10462-023-10465-9,SCHOLARLY_RECORD,P2E1B_OPENALEX_03,CAT_01|CAT_03,UNRESOLVED_FROM_DISCOVERY_METADATA,UNRESOLVED_FROM_DISCOVERY_METADATA,LIKELY_RELEVANT,DISCOVERY_KEYWORDS:artificial intelligence|knowledge graph;EVENTS:1,Artificial Intelligence Review,article,https://openalex.org/W4362579589,outputs/phase_two/p2_e1_pilot_v0.1/search/raw_retrieval/p2e1b_openalex_03_works.json,FALSE,TRUE,AI_ASSISTED_DISCOVERY
P2SRC_D6F4419BC4F80BC37321,Knowledge-based approaches to drug discovery for rare diseases,Alves VM; Korn D; Pervitsky V; Thieme A; Capuzzi SJ; Baker N; Chirkova R; Ekins S; Muratov EN; Hickey A; Tropsha A,2022 Feb,10.1016/j.drudis.2021.10.014,34718207,PMC9124594,,PMID:34718207,SCHOLARLY_RECORD,P2E1B_PUBMED_03,CAT_01|CAT_03,UNRESOLVED_FROM_DISCOVERY_METADATA,UNRESOLVED_FROM_DISCOVERY_METADATA,POSSIBLY_RELEVANT,LIMITED_DISCOVERY_SIGNAL:CATEGORY_CONTEXT;EVENTS:1,Drug discovery today,"Journal Article|Research Support, N.I.H., Extramural|Research Support, Non-U.S. Gov't|Review",PMID:34718207,outputs/phase_two/p2_e1_pilot_v0.1/search/raw_retrieval/p2e1b_pubmed_03_esummary.json,UNRESOLVED_FROM_DISCOVERY_METADATA,TRUE,AI_ASSISTED_DISCOVERY
P2SRC_3664BC12A0925E40EFD5,Knowledge-Based Biomedical Data Science,Callahan TJ; Tripodi IJ; Pielke-Lombardo H; Hunter LE,2020 Jul,10.1146/annurev-biodatasci-010820-091627,33954284,PMC8095730,,PMID:33954284,SCHOLARLY_RECORD,P2E1B_PUBMED_03,CAT_01|CAT_03,UNRESOLVED_FROM_DISCOVERY_METADATA,UNRESOLVED_FROM_DISCOVERY_METADATA,POSSIBLY_RELEVANT,LIMITED_DISCOVERY_SIGNAL:CATEGORY_CONTEXT;EVENTS:1,Annual review of biomedical data science,Journal Article,PMID:33954284,outputs/phase_two/p2_e1_pilot_v0.1/search/raw_retrieval/p2e1b_pubmed_03_esummary.json,UNRESOLVED_FROM_DISCOVERY_METADATA,TRUE,AI_ASSISTED_DISCOVERY
P2SRC_B3270FB4F7F3FB2F9FCF,Knowledge-Driven Mechanistic Enrichment of the Preeclampsia Ignorome,Callahan TJ; Stefanski AL; Kim JD; Baumgartner WA; Wyrwa JM; Hunter LE,2023,,36540992,PMC9782728,,PMID:36540992,SCHOLARLY_RECORD,P2E1B_PUBMED_03,CAT_01|CAT_03,UNRESOLVED_FROM_DISCOVERY_METADATA,UNRESOLVED_FROM_DISCOVERY_METADATA,POSSIBLY_RELEVANT,LIMITED_DISCOVERY_SIGNAL:CATEGORY_CONTEXT;EVENTS:1,Pacific Symposium on Biocomputing. Pacific Symposium on Biocomputing,"Meta-Analysis|Journal Article|Research Support, N.I.H., Extramural",PMID:36540992,outputs/phase_two/p2_e1_pilot_v0.1/search/raw_retrieval/p2e1b_pubmed_03_esummary.json,UNRESOLVED_FROM_DISCOVERY_METADATA,TRUE,AI_ASSISTED_DISCOVERY
P2SRC_40C4826AE444878B2F81,Knowledge-graph embeddings for osteoarthritis candidate prediction,Wang Z; Lu Z; Li M; Zhao P; Zhang C,2026 Jan 10,10.1038/s41746-025-02290-x,41519968,PMC12864741,,PMID:41519968,SCHOLARLY_RECORD,P2E1B_PUBMED_03,CAT_01|CAT_03,UNRESOLVED_FROM_DISCOVERY_METADATA,UNRESOLVED_FROM_DISCOVERY_METADATA,POSSIBLY_RELEVANT,LIMITED_DISCOVERY_SIGNAL:knowledge graph;EVENTS:1,NPJ digital medicine,Journal Article,PMID:41519968,outputs/phase_two/p2_e1_pilot_v0.1/search/raw_retrieval/p2e1b_pubmed_03_esummary.json,UNRESOLVED_FROM_DISCOVERY_METADATA,TRUE,AI_ASSISTED_DISCOVERY
P2SRC_5A59B4F3289707967EC0,KnowLife: a versatile approach for constructing a large knowledge graph for biomedical sciences,Patrick Erñst; Amy Siu; Gerhard Weikum,2015-05-13,10.1186/s12859-015-0549-5,25971816,,https://openalex.org/W1538085078,DOI:10.1186/s12859-015-0549-5,SCHOLARLY_RECORD,P2E1B_OPENALEX_03,CAT_01|CAT_03,UNRESOLVED_FROM_DISCOVERY_METADATA,UNRESOLVED_FROM_DISCOVERY_METADATA,POSSIBLY_RELEVANT,LIMITED_DISCOVERY_SIGNAL:knowledge graph;EVENTS:1,BMC Bioinformatics,article,https://openalex.org/W1538085078,outputs/phase_two/p2_e1_pilot_v0.1/search/raw_retrieval/p2e1b_openalex_03_works.json,FALSE,TRUE,AI_ASSISTED_DISCOVERY
P2SRC_894AEB2C05BBFD0BCB79,KR4SL: knowledge graph reasoning for explainable prediction of synthetic lethality,Zhang K; Wu M; Liu Y; Feng Y; Zheng J,2023 Jun 30,10.1093/bioinformatics/btad261,37387166,PMC10311291,,PMID:37387166,SCHOLARLY_RECORD,P2E1B_PUBMED_07,CAT_01|CAT_07,UNRESOLVED_FROM_DISCOVERY_METADATA,UNRESOLVED_FROM_DISCOVERY_METADATA,POSSIBLY_RELEVANT,LIMITED_DISCOVERY_SIGNAL:knowledge graph;EVENTS:1,"Bioinformatics (Oxford, England)",Journal Article,PMID:37387166,outputs/phase_two/p2_e1_pilot_v0.1/search/raw_retrieval/p2e1b_pubmed_07_esummary.json,UNRESOLVED_FROM_DISCOVERY_METADATA,TRUE,AI_ASSISTED_DISCOVERY
P2SRC_B21261A184D3FB653C30,"Large language model agents for biological intelligence across genomics, proteomics, spatial biology, and biomedicine",Dip SA; Mallick D; Acharjee Shuvo U; Barua Soumma S; Rafsani F; Kumar Paul B; Ahmed Moumi N; Ahmed S; Zhang L,2026 Mar 1,10.1093/bib/bbag110,41883029,PMC13017847,,PMID:41883029,SCHOLARLY_RECORD,P2E1B_PUBMED_14,CAT_01|CAT_07,UNRESOLVED_FROM_DISCOVERY_METADATA,UNRESOLVED_FROM_DISCOVERY_METADATA,POSSIBLY_RELEVANT,LIMITED_DISCOVERY_SIGNAL:large language model;EVENTS:1,Briefings in bioinformatics,Journal Article|Review,PMID:41883029,outputs/phase_two/p2_e1_pilot_v0.1/search/raw_retrieval/p2e1b_pubmed_14_esummary.json,UNRESOLVED_FROM_DISCOVERY_METADATA,TRUE,AI_ASSISTED_DISCOVERY
P2SRC_0F655238083E95D6920B,Large language model powered knowledge graph construction for mental health exploration,Gao S; Yu K; Yang Y; Yu S; Shi C; Wang X; Tang N; Zhu H,2025 Aug 13,10.1038/s41467-025-62781-z,40804250,PMC12350947,,PMID:40804250,SCHOLARLY_RECORD,P2E1B_PUBMED_03|P2E1B_PUBMED_12,CAT_01|CAT_03|CAT_05|CAT_06,UNRESOLVED_FROM_DISCOVERY_METADATA,UNRESOLVED_FROM_DISCOVERY_METADATA,LIKELY_RELEVANT,DISCOVERY_KEYWORDS:knowledge graph|large language model;EVENTS:2,Nature communications,Journal Article,PMID:40804250,outputs/phase_two/p2_e1_pilot_v0.1/search/raw_retrieval/p2e1b_pubmed_03_esummary.json|outputs/phase_two/p2_e1_pilot_v0.1/search/raw_retrieval/p2e1b_pubmed_12_esummary.json,UNRESOLVED_FROM_DISCOVERY_METADATA,TRUE,AI_ASSISTED_DISCOVERY
P2SRC_34BD031D09F8CA02B355,"Large language models (LLMs): survey, technical frameworks, and future challenges",Pranjal Kumar,2024-08-18,10.1007/s10462-024-10888-y,,,https://openalex.org/W4401671778,DOI:10.1007/s10462-024-10888-y,SCHOLARLY_RECORD,P2E1B_OPENALEX_14,CAT_01|CAT_07,UNRESOLVED_FROM_DISCOVERY_METADATA,UNRESOLVED_FROM_DISCOVERY_METADATA,LIKELY_RELEVANT,DISCOVERY_KEYWORDS:artificial intelligence|large language model;EVENTS:1,Artificial Intelligence Review,article,https://openalex.org/W4401671778,outputs/phase_two/p2_e1_pilot_v0.1/search/raw_retrieval/p2e1b_openalex_14_works.json,FALSE,TRUE,AI_ASSISTED_DISCOVERY
P2SRC_BE59B8867A6CD104581A,Large language models encode clinical knowledge,Karan Singhal; Shekoofeh Azizi; Tao Tu; S. Sara Mahdavi; Jason Lee; Hyung Won Chung; Nathan Scales; Ajay Kumar Tanwani; Heather Cole-Lewis; Stephen Pfohl; Perry W. Payne; Martin Seneviratne; Paul Gamble; Christopher Kelly; Abubakr Babiker; Nathanael Schärli; Aakanksha Chowdhery; P. Mansfield; Dina Demner‐Fushman; Blaise Agüera y Arcas; Dale R. Webster; Greg S. Corrado; Yossi Matias; Katherine Chou; Juraj Gottweis; Nenad Tomašev; Yun Liu; Alvin Rajkomar; Joëlle Barral; Christopher Semturs; Alan Karthikesalingam; Vivek Natarajan,2023-07-12,10.1038/s41586-023-06291-2,37438534,,https://openalex.org/W4384071683,DOI:10.1038/s41586-023-06291-2,SCHOLARLY_RECORD,P2E1B_OPENALEX_09,CAT_05|CAT_06,UNRESOLVED_FROM_DISCOVERY_METADATA,UNRESOLVED_FROM_DISCOVERY_METADATA,POSSIBLY_RELEVANT,LIMITED_DISCOVERY_SIGNAL:large language model;EVENTS:1,Nature,article,https://openalex.org/W4384071683,outputs/phase_two/p2_e1_pilot_v0.1/search/raw_retrieval/p2e1b_openalex_09_works.json,FALSE,TRUE,AI_ASSISTED_DISCOVERY
P2SRC_EE542D092A903130E37C,Learning a Health Knowledge Graph from Electronic Medical Records,Maya Rotmensch; Yoni Halpern; Abdulhakim Tlimat; Steven Horng; David Sontag,2017-07-14,10.1038/s41598-017-05778-z,28729710,,https://openalex.org/W2735585131,DOI:10.1038/s41598-017-05778-z,SCHOLARLY_RECORD,P2E1B_OPENALEX_09,CAT_05|CAT_06,UNRESOLVED_FROM_DISCOVERY_METADATA,UNRESOLVED_FROM_DISCOVERY_METADATA,POSSIBLY_RELEVANT,LIMITED_DISCOVERY_SIGNAL:knowledge graph;EVENTS:1,Scientific Reports,article,https://openalex.org/W2735585131,outputs/phase_two/p2_e1_pilot_v0.1/search/raw_retrieval/p2e1b_openalex_09_works.json,FALSE,TRUE,AI_ASSISTED_DISCOVERY
P2SRC_97C11F628BD066BD7FD2,Learning Entity and Relation Embeddings for Knowledge Graph Completion,Yankai Lin; Zhiyuan Liu; Maosong Sun; Yang Liu; Xuan Zhu,2015-02-19,10.1609/aaai.v29i1.9491,,,https://openalex.org/W2184957013,DOI:10.1609/aaai.v29i1.9491,SCHOLARLY_RECORD,P2E1B_OPENALEX_06,CAT_05|CAT_06,UNRESOLVED_FROM_DISCOVERY_METADATA,UNRESOLVED_FROM_DISCOVERY_METADATA,POSSIBLY_RELEVANT,LIMITED_DISCOVERY_SIGNAL:knowledge graph;EVENTS:1,Proceedings of the AAAI Conference on Artificial Intelligence,conference-paper,https://openalex.org/W2184957013,outputs/phase_two/p2_e1_pilot_v0.1/search/raw_retrieval/p2e1b_openalex_06_works.json,FALSE,TRUE,AI_ASSISTED_DISCOVERY
P2SRC_6C39F5B746908FA6D36E,Legal and Ethical Consideration in Artificial Intelligence in Healthcare: Who Takes Responsibility?,Nithesh Naik; B. M. Zeeshan Hameed; Dasharathraj K Shetty; Dishant Swain; Milap Shah; Rahul Paul; Kaivalya Aggarwal; Sufyan Ibrahim; Vathsala Patil; Komal Smriti; Suyog Shetty; Bhavan Prasad; P. Chłosta; Bhaskar Somani,2022-03-14,10.3389/fsurg.2022.862322,35360424,,https://openalex.org/W4221106857,DOI:10.3389/fsurg.2022.862322,SCHOLARLY_RECORD,P2E1B_OPENALEX_14,CAT_01|CAT_07,UNRESOLVED_FROM_DISCOVERY_METADATA,UNRESOLVED_FROM_DISCOVERY_METADATA,POSSIBLY_RELEVANT,LIMITED_DISCOVERY_SIGNAL:artificial intelligence;EVENTS:1,Frontiers in Surgery,article,https://openalex.org/W4221106857,outputs/phase_two/p2_e1_pilot_v0.1/search/raw_retrieval/p2e1b_openalex_14_works.json,FALSE,TRUE,AI_ASSISTED_DISCOVERY
P2SRC_F013BF349A2371D6330D,Leveraging artificial intelligence for One Health: opportunities and challenges in tackling antimicrobial resistance - scoping review,Kasse GE; Cosh SM; Humphries J; Islam MS,2025 Oct 16,10.1186/s42522-025-00170-8,41102753,PMC12532937,,PMID:41102753,SCHOLARLY_RECORD,P2E1B_PUBMED_14,CAT_01|CAT_07,UNRESOLVED_FROM_DISCOVERY_METADATA,UNRESOLVED_FROM_DISCOVERY_METADATA,POSSIBLY_RELEVANT,LIMITED_DISCOVERY_SIGNAL:artificial intelligence;EVENTS:1,One health outlook,Journal Article,PMID:41102753,outputs/phase_two/p2_e1_pilot_v0.1/search/raw_retrieval/p2e1b_pubmed_14_esummary.json,UNRESOLVED_FROM_DISCOVERY_METADATA,TRUE,AI_ASSISTED_DISCOVERY
P2SRC_203CC35F9341F167A97C,Levosimendan Reduces Mortality and Low Cardiac Output Syndrome in Cardiac Surgery,Weber C; Esser M; Eghbalzadeh K; Sabashnikov A; Djordjevic I; Maier J; Merkle J; Choi YH; Madershahian N; Liakopoulos O; Deppe AC; Wahlers TCW,2020 Aug,10.1055/s-0039-3400496,31770777,,,PMID:31770777,SCHOLARLY_RECORD,P2E1B_PUBMED_13,CAT_03|CAT_05|CAT_06,UNRESOLVED_FROM_DISCOVERY_METADATA,UNRESOLVED_FROM_DISCOVERY_METADATA,POSSIBLY_RELEVANT,LIMITED_DISCOVERY_SIGNAL:CATEGORY_CONTEXT;EVENTS:1,The Thoracic and cardiovascular surgeon,Journal Article|Meta-Analysis|Systematic Review,PMID:31770777,outputs/phase_two/p2_e1_pilot_v0.1/search/raw_retrieval/p2e1b_pubmed_13_esummary.json,UNRESOLVED_FROM_DISCOVERY_METADATA,TRUE,AI_ASSISTED_DISCOVERY
P2SRC_7710CD1B6B404026F704,Ligand-induced dependence of charge transfer in nanotube-quantum dot heterostructures,Wang L; Han J; Sundahl B; Thornton S; Zhu Y; Zhou R; Jaye C; Liu H; Li ZQ; Taylor GT; Fischer DA; Appenzeller J; Harrison RJ; Wong SS,2016 Aug 25,10.1039/c6nr03091b,27368081,,,PMID:27368081,SCHOLARLY_RECORD,P2E1B_PUBMED_08,CAT_01|CAT_05|CAT_06,UNRESOLVED_FROM_DISCOVERY_METADATA,UNRESOLVED_FROM_DISCOVERY_METADATA,POSSIBLY_RELEVANT,LIMITED_DISCOVERY_SIGNAL:CATEGORY_CONTEXT;EVENTS:1,Nanoscale,Journal Article,PMID:27368081,outputs/phase_two/p2_e1_pilot_v0.1/search/raw_retrieval/p2e1b_pubmed_08_esummary.json,UNRESOLVED_FROM_DISCOVERY_METADATA,TRUE,AI_ASSISTED_DISCOVERY
P2SRC_ADEB7014F4A40C9B49A8,Limited Usefulness of Meta-Analysis for Informing Patient Care,Concato J; Horwitz RI,2019,10.1159/000502530,31416087,,,PMID:31416087,SCHOLARLY_RECORD,P2E1B_PUBMED_06,CAT_05|CAT_06,UNRESOLVED_FROM_DISCOVERY_METADATA,UNRESOLVED_FROM_DISCOVERY_METADATA,POSSIBLY_RELEVANT,LIMITED_DISCOVERY_SIGNAL:CATEGORY_CONTEXT;EVENTS:1,Psychotherapy and psychosomatics,Editorial,PMID:31416087,outputs/phase_two/p2_e1_pilot_v0.1/search/raw_retrieval/p2e1b_pubmed_06_esummary.json,UNRESOLVED_FROM_DISCOVERY_METADATA,TRUE,AI_ASSISTED_DISCOVERY
P2SRC_D994808EFBEF5D6DFFA5,limma powers differential expression analyses for RNA-sequencing and microarray studies,Matthew E. Ritchie; Belinda Phipson; Di Wu; Yifang Hu; Charity W. Law; Wei Shi; Gordon K. Smyth,2015-01-20,10.1093/nar/gkv007,25605792,,https://openalex.org/W2146512944,DOI:10.1093/nar/gkv007,SCHOLARLY_RECORD,P2E1B_OPENALEX_10,CAT_01|CAT_03|CAT_04,UNRESOLVED_FROM_DISCOVERY_METADATA,UNRESOLVED_FROM_DISCOVERY_METADATA,POSSIBLY_RELEVANT,LIMITED_DISCOVERY_SIGNAL:CATEGORY_CONTEXT;EVENTS:1,Nucleic Acids Research,article,https://openalex.org/W2146512944,outputs/phase_two/p2_e1_pilot_v0.1/search/raw_retrieval/p2e1b_openalex_10_works.json,FALSE,TRUE,AI_ASSISTED_DISCOVERY
P2SRC_9EC7CB4EE846F7A29407,Linkages between biodiversity attributes and ecosystem services: A systematic review,Paula A. Harrison; Pam Berry; Gillian Simpson; John Haslett; Małgorzata Blicharska; Magdalena Bucur; R. W. Dunford; Benis N. Egoh; Marina García‐Llorente; Nicoleta Geamănă; W. Geertsema; Els Lommelen; Linda Meiresonne; Francis Turkelboom,2014-06-27,10.1016/j.ecoser.2014.05.006,,,https://openalex.org/W1981578826,DOI:10.1016/j.ecoser.2014.05.006,SCHOLARLY_RECORD,P2E1B_OPENALEX_13,CAT_03|CAT_05|CAT_06,UNRESOLVED_FROM_DISCOVERY_METADATA,UNRESOLVED_FROM_DISCOVERY_METADATA,POSSIBLY_RELEVANT,LIMITED_DISCOVERY_SIGNAL:CATEGORY_CONTEXT;EVENTS:1,Ecosystem Services,review,https://openalex.org/W1981578826,outputs/phase_two/p2_e1_pilot_v0.1/search/raw_retrieval/p2e1b_openalex_13_works.json,FALSE,TRUE,AI_ASSISTED_DISCOVERY
P2SRC_0C760219E2F533DFA82E,Lipid nanoparticles for mRNA delivery,Xucheng Hou; Tal Zaks; Róbert Langer; Yizhou Dong,2021-08-10,10.1038/s41578-021-00358-0,34394960,,https://openalex.org/W3188940990,DOI:10.1038/s41578-021-00358-0,SCHOLARLY_RECORD,P2E1B_OPENALEX_12,CAT_01|CAT_05|CAT_06,UNRESOLVED_FROM_DISCOVERY_METADATA,UNRESOLVED_FROM_DISCOVERY_METADATA,POSSIBLY_RELEVANT,LIMITED_DISCOVERY_SIGNAL:CATEGORY_CONTEXT;EVENTS:1,Nature Reviews Materials,article,https://openalex.org/W3188940990,outputs/phase_two/p2_e1_pilot_v0.1/search/raw_retrieval/p2e1b_openalex_12_works.json,FALSE,TRUE,AI_ASSISTED_DISCOVERY
P2SRC_7E34F900CEF7A564F5D2,Lit-OTAR framework for extracting biological evidences from literature,Tirunagari S; Saha S; Venkatesan A; Suveges D; Carmona M; Buniello A; Ochoa D; McEntyre J; McDonagh E; Harrison M,2025 Mar 29,10.1093/bioinformatics/btaf113,40097274,PMC11978389,,PMID:40097274,SCHOLARLY_RECORD,P2E1B_PUBMED_02,CAT_01|CAT_02,UNRESOLVED_FROM_DISCOVERY_METADATA,UNRESOLVED_FROM_DISCOVERY_METADATA,POSSIBLY_RELEVANT,LIMITED_DISCOVERY_SIGNAL:CATEGORY_CONTEXT;EVENTS:1,"Bioinformatics (Oxford, England)",Journal Article,PMID:40097274,outputs/phase_two/p2_e1_pilot_v0.1/search/raw_retrieval/p2e1b_pubmed_02_esummary.json,UNRESOLVED_FROM_DISCOVERY_METADATA,TRUE,AI_ASSISTED_DISCOVERY
P2SRC_EC03C12F15A4988D0B4E,LLM-Based Extraction of Clinical Practice Guidelines into Structured Arguments,Blouin R; Sedki K; Lamy JB,2026 Jun 29,10.3233/SHTI260790,42393952,,,PMID:42393952,SCHOLARLY_RECORD,P2E1B_PUBMED_11,CAT_04|CAT_05|CAT_06|CAT_07,UNRESOLVED_FROM_DISCOVERY_METADATA,UNRESOLVED_FROM_DISCOVERY_METADATA,POSSIBLY_RELEVANT,LIMITED_DISCOVERY_SIGNAL:CATEGORY_CONTEXT;EVENTS:1,Studies in health technology and informatics,Journal Article,PMID:42393952,outputs/phase_two/p2_e1_pilot_v0.1/search/raw_retrieval/p2e1b_pubmed_11_esummary.json,UNRESOLVED_FROM_DISCOVERY_METADATA,TRUE,AI_ASSISTED_DISCOVERY
P2SRC_8CED112497BDECD89011,LMNA-Related Dilated Cardiomyopathy: Single-Cell Transcriptomics during Patient-Derived iPSC Differentiation Support Cell Type and Lineage-Specific Dysregulation of Gene Expression and Development for Cardiomyocytes and Epicardium-Derived Cells with Lamin A/C Haploinsufficiency,Zaragoza MV; Bui TA; Widyastuti HP; Mehrabi M; Cang Z; Sha Y; Grosberg A; Nie Q,2024 Sep 3,10.3390/cells13171479,39273049,PMC11394257,,PMID:39273049,SCHOLARLY_RECORD,P2E1B_PUBMED_04,CAT_04,UNRESOLVED_FROM_DISCOVERY_METADATA,UNRESOLVED_FROM_DISCOVERY_METADATA,LIKELY_OUT_OF_SCOPE,NO_TARGET_EVIDENCE_OR_REPRESENTATION_SIGNAL_IN_CAPTURED_METADATA,Cells,Journal Article,PMID:39273049,outputs/phase_two/p2_e1_pilot_v0.1/search/raw_retrieval/p2e1b_pubmed_04_esummary.json,UNRESOLVED_FROM_DISCOVERY_METADATA,TRUE,AI_ASSISTED_DISCOVERY
P2SRC_B902AD843209624AE1ED,Local and scientific knowledge in the school context: characterization and content of published works,Sotero MC; Alves ÂGC; Arandas JKG; Medeiros MFT,2020 May 6,10.1186/s13002-020-00373-5,32375893,PMC7201971,,PMID:32375893,SCHOLARLY_RECORD,P2E1B_PUBMED_11,CAT_04|CAT_05|CAT_06|CAT_07,UNRESOLVED_FROM_DISCOVERY_METADATA,UNRESOLVED_FROM_DISCOVERY_METADATA,POSSIBLY_RELEVANT,LIMITED_DISCOVERY_SIGNAL:CATEGORY_CONTEXT;EVENTS:1,Journal of ethnobiology and ethnomedicine,Journal Article,PMID:32375893,outputs/phase_two/p2_e1_pilot_v0.1/search/raw_retrieval/p2e1b_pubmed_11_esummary.json,UNRESOLVED_FROM_DISCOVERY_METADATA,TRUE,AI_ASSISTED_DISCOVERY
P2SRC_A685137DC263B06A70E9,Logic in the time of coronavirus,Inglis TJJ,2020 May,10.1099/jmm.0.001191,32320375,PMC7451040,,PMID:32320375,SCHOLARLY_RECORD,P2E1B_PUBMED_11,CAT_04|CAT_05|CAT_06|CAT_07,UNRESOLVED_FROM_DISCOVERY_METADATA,UNRESOLVED_FROM_DISCOVERY_METADATA,POSSIBLY_RELEVANT,LIMITED_DISCOVERY_SIGNAL:CATEGORY_CONTEXT;EVENTS:1,Journal of medical microbiology,Editorial,PMID:32320375,outputs/phase_two/p2_e1_pilot_v0.1/search/raw_retrieval/p2e1b_pubmed_11_esummary.json,UNRESOLVED_FROM_DISCOVERY_METADATA,TRUE,AI_ASSISTED_DISCOVERY
P2SRC_50E0F668B522E901811C,"Logic of Scientific Discovery, The",NOT_AVAILABLE_IN_CAPTURED_METADATA,2010-01-01,10.4135/9781412961288.n223,,,https://openalex.org/W3130801722,DOI:10.4135/9781412961288.n223,SCHOLARLY_RECORD,P2E1B_OPENALEX_11,CAT_04|CAT_05|CAT_06|CAT_07,UNRESOLVED_FROM_DISCOVERY_METADATA,UNRESOLVED_FROM_DISCOVERY_METADATA,POSSIBLY_RELEVANT,LIMITED_DISCOVERY_SIGNAL:CATEGORY_CONTEXT;EVENTS:1,Encyclopedia of Research Design,reference-entry,https://openalex.org/W3130801722,outputs/phase_two/p2_e1_pilot_v0.1/search/raw_retrieval/p2e1b_openalex_11_works.json,FALSE,TRUE,AI_ASSISTED_DISCOVERY
P2SRC_C9821DC69F16A17AA6D0,Long-term (10-year) dental implant survival: A systematic review and sensitivity meta-analysis,Howe MS; Keys W; Richards D,2019 May,10.1016/j.jdent.2019.03.008,30904559,,,PMID:30904559,SCHOLARLY_RECORD,P2E1B_PUBMED_05,CAT_05,UNRESOLVED_FROM_DISCOVERY_METADATA,UNRESOLVED_FROM_DISCOVERY_METADATA,LIKELY_OUT_OF_SCOPE,NO_TARGET_EVIDENCE_OR_REPRESENTATION_SIGNAL_IN_CAPTURED_METADATA,Journal of dentistry,Meta-Analysis|Systematic Review|Journal Article,PMID:30904559,outputs/phase_two/p2_e1_pilot_v0.1/search/raw_retrieval/p2e1b_pubmed_05_esummary.json,UNRESOLVED_FROM_DISCOVERY_METADATA,TRUE,AI_ASSISTED_DISCOVERY
P2SRC_0F7C39475F8404413089,"m6A modification: recent advances, anticancer targeted drug discovery and beyond",Lijuan Deng; Wei-Qing Deng; Shu-Ran Fan; Minfeng Chen; Ming Qi; Wen-Yu Lyu; Qi Qi; Amit K. Tiwari; Jiaxu Chen; Dongmei Zhang; Zhe‐Sheng Chen,2022-02-14,10.1186/s12943-022-01510-2,35164788,,https://openalex.org/W4213335472,DOI:10.1186/s12943-022-01510-2,SCHOLARLY_RECORD,P2E1B_OPENALEX_14,CAT_01|CAT_07,UNRESOLVED_FROM_DISCOVERY_METADATA,UNRESOLVED_FROM_DISCOVERY_METADATA,LIKELY_RELEVANT,DISCOVERY_KEYWORDS:artificial intelligence|drug target;EVENTS:1,Molecular Cancer,article,https://openalex.org/W4213335472,outputs/phase_two/p2_e1_pilot_v0.1/search/raw_retrieval/p2e1b_openalex_14_works.json,FALSE,TRUE,AI_ASSISTED_DISCOVERY
P2SRC_4CB7529B134DE4C9B1F3,Machine Learning and Artificial Intelligence in Pharmaceutical Research and Development: a Review,Sheela Kolluri; Jianchang Lin; Rachael Liu; Yanwei Zhang; Wenwen Zhang,2022-01-04,10.1208/s12248-021-00644-3,34984579,,https://openalex.org/W4205739101,DOI:10.1208/s12248-021-00644-3,SCHOLARLY_RECORD,P2E1B_OPENALEX_07,CAT_01|CAT_07,UNRESOLVED_FROM_DISCOVERY_METADATA,UNRESOLVED_FROM_DISCOVERY_METADATA,LIKELY_RELEVANT,DISCOVERY_KEYWORDS:artificial intelligence|machine learning;EVENTS:1,The AAPS Journal,article,https://openalex.org/W4205739101,outputs/phase_two/p2_e1_pilot_v0.1/search/raw_retrieval/p2e1b_openalex_07_works.json,FALSE,TRUE,AI_ASSISTED_DISCOVERY
P2SRC_3B6CFC6246E579FF8C65,"Machine Learning in Tuberculosis Research: A Global Bibliometric Analysis of Diagnostic, Prognostic, and Drug Discovery Trends",Abdelwahab SI; Taha MME; Mathkour H; Alamer E; Abdullah SM; Alshahrani S; Farasani AM; Alamer AS; Moshi JM; Sahli KA; Jeraiby M; Khamjan NA; Binjomah A,2026 Jan,10.1007/s43441-025-00866-z,40841498,,,PMID:40841498,SCHOLARLY_RECORD,P2E1B_PUBMED_14,CAT_01|CAT_07,UNRESOLVED_FROM_DISCOVERY_METADATA,UNRESOLVED_FROM_DISCOVERY_METADATA,POSSIBLY_RELEVANT,LIMITED_DISCOVERY_SIGNAL:machine learning;EVENTS:1,Therapeutic innovation & regulatory science,Journal Article,PMID:40841498,outputs/phase_two/p2_e1_pilot_v0.1/search/raw_retrieval/p2e1b_pubmed_14_esummary.json,UNRESOLVED_FROM_DISCOVERY_METADATA,TRUE,AI_ASSISTED_DISCOVERY
P2SRC_DFE69E0923FA0F45D85E,Machine Learning Methods in Drug Discovery,Lauv Patel; Tripti Shukla; Xiuzhen Huang; David W. Ussery; Shanzhi Wang,2020-11-12,10.3390/molecules25225277,33198233,,https://openalex.org/W3099252273,DOI:10.3390/molecules25225277,SCHOLARLY_RECORD,P2E1B_OPENALEX_07,CAT_01|CAT_07,UNRESOLVED_FROM_DISCOVERY_METADATA,UNRESOLVED_FROM_DISCOVERY_METADATA,LIKELY_RELEVANT,DISCOVERY_KEYWORDS:drug target|machine learning;EVENTS:1,Molecules,article,https://openalex.org/W3099252273,outputs/phase_two/p2_e1_pilot_v0.1/search/raw_retrieval/p2e1b_openalex_07_works.json,FALSE,TRUE,AI_ASSISTED_DISCOVERY
P2SRC_16CA495C1341384ABE07,Machine Learning on Human Muscle Transcriptomic Data for Biomarker Discovery and Tissue-Specific Drug Target Identification,Polina Mamoshina; Marina Volosnikova; Ivan V. Ozerov; Eugene Lane; Ekaterina Skibina; Franco Cortese; Alex Zhavoronkov,2018-07-12,10.3389/fgene.2018.00242,30050560,,https://openalex.org/W2809499620,DOI:10.3389/fgene.2018.00242,SCHOLARLY_RECORD,P2E1B_OPENALEX_07,CAT_01|CAT_07,UNRESOLVED_FROM_DISCOVERY_METADATA,UNRESOLVED_FROM_DISCOVERY_METADATA,LIKELY_RELEVANT,DISCOVERY_KEYWORDS:drug target|machine learning;EVENTS:1,Frontiers in Genetics,article,https://openalex.org/W2809499620,outputs/phase_two/p2_e1_pilot_v0.1/search/raw_retrieval/p2e1b_openalex_07_works.json,FALSE,TRUE,AI_ASSISTED_DISCOVERY
P2SRC_3D4A834BE8D588A9E0BF,Machine learning-guided deconvolution of plasma protein levels,Pietzner M; Beuchel C; Demircan K; Hoffmann Anton J; Zeng W; Römisch-Margl W; Yasmeen S; Uluvar B; Zoodsma M; Koprulu M; Kastenmüller G; Carrasco-Zanini J; Langenberg C,2025 Dec,10.1038/s44320-025-00158-6,41068475,PMC12672695,,PMID:41068475,SCHOLARLY_RECORD,P2E1B_PUBMED_03,CAT_01|CAT_03,UNRESOLVED_FROM_DISCOVERY_METADATA,UNRESOLVED_FROM_DISCOVERY_METADATA,POSSIBLY_RELEVANT,LIMITED_DISCOVERY_SIGNAL:machine learning;EVENTS:1,Molecular systems biology,Journal Article,PMID:41068475,outputs/phase_two/p2_e1_pilot_v0.1/search/raw_retrieval/p2e1b_pubmed_03_esummary.json,UNRESOLVED_FROM_DISCOVERY_METADATA,TRUE,AI_ASSISTED_DISCOVERY
P2SRC_72F6909ADF473866DBDB,Magnesium status and attention deficit hyperactivity disorder (ADHD): A meta-analysis,Effatpanah M; Rezaei M; Effatpanah H; Effatpanah Z; Varkaneh HK; Mousavi SM; Fatahi S; Rinaldi G; Hashemi R,2019 Apr,10.1016/j.psychres.2019.02.043,30807974,,,PMID:30807974,SCHOLARLY_RECORD,P2E1B_PUBMED_13,CAT_03|CAT_05|CAT_06,UNRESOLVED_FROM_DISCOVERY_METADATA,UNRESOLVED_FROM_DISCOVERY_METADATA,POSSIBLY_RELEVANT,LIMITED_DISCOVERY_SIGNAL:CATEGORY_CONTEXT;EVENTS:1,Psychiatry research,Journal Article|Meta-Analysis|Systematic Review,PMID:30807974,outputs/phase_two/p2_e1_pilot_v0.1/search/raw_retrieval/p2e1b_pubmed_13_esummary.json,UNRESOLVED_FROM_DISCOVERY_METADATA,TRUE,AI_ASSISTED_DISCOVERY
P2SRC_A4734CDBBAFC5347834C,Magnetic Resonance Imaging-targeted Biopsy Versus Systematic Biopsy in the Detection of Prostate Cancer: A Systematic Review and Meta-analysis,Veeru Kasivisvanathan; Armando Stabile; Joana B. Neves; Francesco Giganti; Massimo Valério; Yaalini Shanmugabavan; Keiran Clement; Debashis Sarkar; Yiannis Philippou; David Thurtle; Jonathan J Deeks; Mark Emberton; Yemisi Takwoingi; Caroline M. Moore,2019-05-24,10.1016/j.eururo.2019.04.043,31130434,,https://openalex.org/W2945056254,DOI:10.1016/j.eururo.2019.04.043,SCHOLARLY_RECORD,P2E1B_OPENALEX_08,CAT_01|CAT_05|CAT_06,UNRESOLVED_FROM_DISCOVERY_METADATA,UNRESOLVED_FROM_DISCOVERY_METADATA,POSSIBLY_RELEVANT,LIMITED_DISCOVERY_SIGNAL:CATEGORY_CONTEXT;EVENTS:1,European Urology,review,https://openalex.org/W2945056254,outputs/phase_two/p2_e1_pilot_v0.1/search/raw_retrieval/p2e1b_openalex_08_works.json,FALSE,TRUE,AI_ASSISTED_DISCOVERY
P2SRC_1286E3491AEB8DC7C7D7,Mapping knowledge landscapes and emerging trends in artificial intelligence for antimicrobial resistance: bibliometric and visualization analysis,Wang Z; Zhu G; Li S,2025,10.3389/fmed.2025.1492709,39935800,PMC11810743,,PMID:39935800,SCHOLARLY_RECORD,P2E1B_PUBMED_14,CAT_01|CAT_07,UNRESOLVED_FROM_DISCOVERY_METADATA,UNRESOLVED_FROM_DISCOVERY_METADATA,POSSIBLY_RELEVANT,LIMITED_DISCOVERY_SIGNAL:artificial intelligence;EVENTS:1,Frontiers in medicine,Journal Article|Systematic Review,PMID:39935800,outputs/phase_two/p2_e1_pilot_v0.1/search/raw_retrieval/p2e1b_pubmed_14_esummary.json,UNRESOLVED_FROM_DISCOVERY_METADATA,TRUE,AI_ASSISTED_DISCOVERY
P2SRC_A5B4707EF5AE7E3CDD49,Marxism and the Philosophy of Language,Paul Magee,2013-07-28,,,,https://openalex.org/W2193858539,https://openalex.org/W2193858539,SCHOLARLY_RECORD,P2E1B_OPENALEX_11,CAT_04|CAT_05|CAT_06|CAT_07,UNRESOLVED_FROM_DISCOVERY_METADATA,UNRESOLVED_FROM_DISCOVERY_METADATA,POSSIBLY_RELEVANT,LIMITED_DISCOVERY_SIGNAL:CATEGORY_CONTEXT;EVENTS:1,,article,https://openalex.org/W2193858539,outputs/phase_two/p2_e1_pilot_v0.1/search/raw_retrieval/p2e1b_openalex_11_works.json,FALSE,TRUE,AI_ASSISTED_DISCOVERY
P2SRC_525771ED097B08F060A2,Maternal and neonatal complications following Kielland's rotational forceps delivery: A systematic review and meta-analysis,Giacchino T; Karkia R; Ahmed H; Akolekar R,2023 Jul,10.1111/1471-0528.17402,36694989,,,PMID:36694989,SCHOLARLY_RECORD,P2E1B_PUBMED_13,CAT_03|CAT_05|CAT_06,UNRESOLVED_FROM_DISCOVERY_METADATA,UNRESOLVED_FROM_DISCOVERY_METADATA,POSSIBLY_RELEVANT,LIMITED_DISCOVERY_SIGNAL:CATEGORY_CONTEXT;EVENTS:1,BJOG : an international journal of obstetrics and gynaecology,Meta-Analysis|Systematic Review|Journal Article,PMID:36694989,outputs/phase_two/p2_e1_pilot_v0.1/search/raw_retrieval/p2e1b_pubmed_13_esummary.json,UNRESOLVED_FROM_DISCOVERY_METADATA,TRUE,AI_ASSISTED_DISCOVERY
P2SRC_A6A08F2C2A1C3228714F,Maternal infection during pregnancy and risk of autism spectrum disorders: A systematic review and meta-analysis,Hai‐yin Jiang; Lian-Lian Xu; Li Shao; Rong-man Xia; Zhenghe Yu; Zongxin Ling; Fan Yang; Min Deng; Bing Ruan,2016-06-07,10.1016/j.bbi.2016.06.005,27287966,,https://openalex.org/W2417157474,DOI:10.1016/j.bbi.2016.06.005,SCHOLARLY_RECORD,P2E1B_OPENALEX_13,CAT_03|CAT_05|CAT_06,UNRESOLVED_FROM_DISCOVERY_METADATA,UNRESOLVED_FROM_DISCOVERY_METADATA,POSSIBLY_RELEVANT,LIMITED_DISCOVERY_SIGNAL:CATEGORY_CONTEXT;EVENTS:1,Brain Behavior and Immunity,review,https://openalex.org/W2417157474,outputs/phase_two/p2_e1_pilot_v0.1/search/raw_retrieval/p2e1b_openalex_13_works.json,FALSE,TRUE,AI_ASSISTED_DISCOVERY
P2SRC_6FD84491E0EEEDAF1E71,Mergeomics 2.0: a web server for multi-omics data integration to elucidate disease networks and predict therapeutics,Jessica Ding; Montgomery Blencowe; Thien Xuan Nghiem; Sung Min Ha; Yen-Wei Chen; Gaoyan Li; Xia Yang,2021-05-02,10.1093/nar/gkab405,34048577,,https://openalex.org/W3165414213,DOI:10.1093/nar/gkab405,SCHOLARLY_RECORD,P2E1B_OPENALEX_01,CAT_01,UNRESOLVED_FROM_DISCOVERY_METADATA,UNRESOLVED_FROM_DISCOVERY_METADATA,POSSIBLY_RELEVANT,LIMITED_DISCOVERY_SIGNAL:CATEGORY_CONTEXT;EVENTS:1,Nucleic Acids Research,article,https://openalex.org/W3165414213,outputs/phase_two/p2_e1_pilot_v0.1/search/raw_retrieval/p2e1b_openalex_01_works.json,FALSE,TRUE,AI_ASSISTED_DISCOVERY
P2SRC_B18ED217823ACDF2205A,Meta-analysis and the science of research synthesis,Jessica Gurevitch; Julia Koricheva; Shinichi Nakagawa; Gavin Stewart,2018-03-01,10.1038/nature25753,29517004,,https://openalex.org/W2791681873,DOI:10.1038/nature25753,SCHOLARLY_RECORD,P2E1B_OPENALEX_06,CAT_05|CAT_06,UNRESOLVED_FROM_DISCOVERY_METADATA,UNRESOLVED_FROM_DISCOVERY_METADATA,POSSIBLY_RELEVANT,LIMITED_DISCOVERY_SIGNAL:CATEGORY_CONTEXT;EVENTS:1,Nature,article,https://openalex.org/W2791681873,outputs/phase_two/p2_e1_pilot_v0.1/search/raw_retrieval/p2e1b_openalex_06_works.json,FALSE,TRUE,AI_ASSISTED_DISCOVERY
P2SRC_BB7EA7D0526F9B65B1A5,Meta-analysis comparing upfront surgery with neoadjuvant treatment in patients with resectable or borderline resectable pancreatic cancer,Eva Versteijne; Jantien A. Vogel; Marc G. Besselink; Olivier R. Busch; Johanna W. Wilmink; Joost G. Daams; Casper H.J. van Eijck; Bas Groot Koerkamp; C. Rasch; Geertjan van Tienhoven,2018-04-30,10.1002/bjs.10870,29708592,,https://openalex.org/W2799575632,DOI:10.1002/bjs.10870,SCHOLARLY_RECORD,P2E1B_OPENALEX_08,CAT_01|CAT_05|CAT_06,UNRESOLVED_FROM_DISCOVERY_METADATA,UNRESOLVED_FROM_DISCOVERY_METADATA,POSSIBLY_RELEVANT,LIMITED_DISCOVERY_SIGNAL:CATEGORY_CONTEXT;EVENTS:1,British journal of surgery,article,https://openalex.org/W2799575632,outputs/phase_two/p2_e1_pilot_v0.1/search/raw_retrieval/p2e1b_openalex_08_works.json,FALSE,TRUE,AI_ASSISTED_DISCOVERY
P2SRC_6289BD8AD32BE3171464,"Meta-analysis of 74,046 individuals identifies 11 new susceptibility loci for Alzheimer's disease",European Alzheimer's Disease Initiative (EADI); Jean‐Charles Lambert; Genetic and Environmental Risk in Alzheimer's Disease (GERAD); Carla A. Ibrahim‐Verbaas; Denise Harold; Adam C. Naj; Rebecca Sims; Céline Bellenguez; Gyungah Jun; Anita L. DeStefano; Joshua C Bis; Gary W. Beecham; Benjamin Grenier‐Boley; Giancarlo Russo; Tricia A. Thornton‐Wells; Nicola Jones; Albert V. Smith; Vincent Chouraki; Charlene Thomas; M. Arfan Ikram; Diana Zélénika; Badri N. Vardarajan; Yoichiro Kamatani; Chiao‐Feng Lin; Amy Gerrish; Helena Schmidt; Brian W. Kunkle; Melanie Dunstan; Agustı́n Ruiz; Marie‐Thérèse Bihoreau; Seung‐Hoan Choi; Christiane Reitz; Florence Pasquier; Paul Hollingworth; Alfredo Ramı́rez; Olivier Hanon; Annette L. Fitzpatrick; Joseph D. Buxbaum; Dominique Campion; Paul K. Crane; Clinton T. Baldwin; Tim Becker; Vilmundur Guðnason; Carlos Cruchaga; David Craig; Najaf Amin; Claudine Berr; Oscar L Lopez; Philip L. De Jager; Vincent Deramecourt; Janet Johnston; Denis A. Evans; Simon Lovestone; Luc Letenneur; Francisco Jesús Morón; David C. Rubinsztein; Gudny Eiriksdottir; Kristel Sleegers; Alison Goate; Nathalie Fiévet; Matthew J. Huentelman; Michael Gill; Kristelle Brown; M. Ilyas Kamboh; Lina Keller; Pascale Barberger‐Gateau; Bernadette McGuinness; Eric B. Larson; Robert C. Green; Amanda Myers; Carole Dufouil; Stephen Todd; David Wallon; Seth Love; Ekaterina Rogaeva; John Gallacher; Peter St George‐Hyslop; Jordi Clarimón; Alberto Lleó; Anthony Bayer; Debby W. Tsuang; Lei Yu; Magda Tsolaki; Paola Bossù; Gianfranco Spalletta; Petroula Proitsi; John Collinge; Sandro Sorbi; Florentino Sánchez-García; Nick C. Fox; John Hardy; María Cándida Déniz Naranjo; Paolo Bosco; Robert Clarke; Carol Brayne; Daniela Galimberti; Michelangelo Mancuso; Fiona E. Matthews; Susanne Moebus; Patrizia Mecocci,2013-10-27,10.1038/ng.2802,24162737,,https://openalex.org/W2115779804,DOI:10.1038/ng.2802,SCHOLARLY_RECORD,P2E1B_OPENALEX_06,CAT_05|CAT_06,UNRESOLVED_FROM_DISCOVERY_METADATA,UNRESOLVED_FROM_DISCOVERY_METADATA,POSSIBLY_RELEVANT,LIMITED_DISCOVERY_SIGNAL:CATEGORY_CONTEXT;EVENTS:1,Nature Genetics,review,https://openalex.org/W2115779804,outputs/phase_two/p2_e1_pilot_v0.1/search/raw_retrieval/p2e1b_openalex_06_works.json,FALSE,TRUE,AI_ASSISTED_DISCOVERY
P2SRC_A3CD216DAD5660022273,Meta-Analysis of the Association of Urbanicity With Schizophrenia,Evangelos Vassos; Carsten Bøcker Pedersen; Robin Murray; David Collier; Cathryn M. Lewis,2012-09-27,10.1093/schbul/sbs096,23015685,,https://openalex.org/W2159961735,DOI:10.1093/schbul/sbs096,SCHOLARLY_RECORD,P2E1B_OPENALEX_08,CAT_01|CAT_05|CAT_06,UNRESOLVED_FROM_DISCOVERY_METADATA,UNRESOLVED_FROM_DISCOVERY_METADATA,POSSIBLY_RELEVANT,LIMITED_DISCOVERY_SIGNAL:CATEGORY_CONTEXT;EVENTS:1,Schizophrenia Bulletin,review,https://openalex.org/W2159961735,outputs/phase_two/p2_e1_pilot_v0.1/search/raw_retrieval/p2e1b_openalex_08_works.json,FALSE,TRUE,AI_ASSISTED_DISCOVERY
P2SRC_79884DA831FCFDB7E868,Metabolomics uncovers the diabetes metabolic network: from pathophysiological mechanisms to clinical applications,Xu Z; Zhou Y; Xie R; Ning Z,2025,10.3389/fendo.2025.1624878,40979718,PMC12443576,,PMID:40979718,SCHOLARLY_RECORD,P2E1B_PUBMED_07,CAT_01|CAT_07,UNRESOLVED_FROM_DISCOVERY_METADATA,UNRESOLVED_FROM_DISCOVERY_METADATA,POSSIBLY_RELEVANT,LIMITED_DISCOVERY_SIGNAL:CATEGORY_CONTEXT;EVENTS:1,Frontiers in endocrinology,Journal Article|Review,PMID:40979718,outputs/phase_two/p2_e1_pilot_v0.1/search/raw_retrieval/p2e1b_pubmed_07_esummary.json,UNRESOLVED_FROM_DISCOVERY_METADATA,TRUE,AI_ASSISTED_DISCOVERY
P2SRC_77F39EBFAA680E239C2C,Metallene: Ångström-Scale 2D Metals,Ren F; Han Z; Zhu L; Lei Z; Shi G; Li Z; Lin CH; Hu L; Li H; Guan X; Jia B; Kumar P; Ma T,2026 Jan,10.1002/adma.202512683,41055275,,,PMID:41055275,SCHOLARLY_RECORD,P2E1B_PUBMED_09,CAT_05|CAT_06,UNRESOLVED_FROM_DISCOVERY_METADATA,UNRESOLVED_FROM_DISCOVERY_METADATA,POSSIBLY_RELEVANT,LIMITED_DISCOVERY_SIGNAL:CATEGORY_CONTEXT;EVENTS:1,"Advanced materials (Deerfield Beach, Fla.)",Journal Article|Review,PMID:41055275,outputs/phase_two/p2_e1_pilot_v0.1/search/raw_retrieval/p2e1b_pubmed_09_esummary.json,UNRESOLVED_FROM_DISCOVERY_METADATA,TRUE,AI_ASSISTED_DISCOVERY
P2SRC_4D0653C500FF6218FA51,Methodological quality assessment should move beyond design specificity,Stone JC; Glass K; Ritskes-Hoitinga M; Munn Z; Tugwell P; Doi SAR,2023 Mar 1,10.11124/JBIES-22-00362,36683451,,,PMID:36683451,SCHOLARLY_RECORD,P2E1B_PUBMED_06,CAT_05|CAT_06,UNRESOLVED_FROM_DISCOVERY_METADATA,UNRESOLVED_FROM_DISCOVERY_METADATA,POSSIBLY_RELEVANT,LIMITED_DISCOVERY_SIGNAL:CATEGORY_CONTEXT;EVENTS:1,JBI evidence synthesis,"Journal Article|Research Support, Non-U.S. Gov't",PMID:36683451,outputs/phase_two/p2_e1_pilot_v0.1/search/raw_retrieval/p2e1b_pubmed_06_esummary.json,UNRESOLVED_FROM_DISCOVERY_METADATA,TRUE,AI_ASSISTED_DISCOVERY
P2SRC_14E35DB59D7E4118C80D,Methods to estimate the between‐study variance and its uncertainty in meta‐analysis,Areti Angeliki Veroniki; Dan Jackson; Wolfgang Viechtbauer; Ralf Bender; Jack Bowden; Guido Knapp; Oliver Kuß; Julian P. T. Higgins; Dean Langan; Georgia Salanti,2015-09-02,10.1002/jrsm.1164,26332144,,https://openalex.org/W1784175517,DOI:10.1002/jrsm.1164,SCHOLARLY_RECORD,P2E1B_OPENALEX_06,CAT_05|CAT_06,UNRESOLVED_FROM_DISCOVERY_METADATA,UNRESOLVED_FROM_DISCOVERY_METADATA,POSSIBLY_RELEVANT,LIMITED_DISCOVERY_SIGNAL:uncertainty;EVENTS:1,Research Synthesis Methods,article,https://openalex.org/W1784175517,outputs/phase_two/p2_e1_pilot_v0.1/search/raw_retrieval/p2e1b_openalex_06_works.json,FALSE,TRUE,AI_ASSISTED_DISCOVERY
P2SRC_24B85584129AE44C0EA0,Microbiota in health and diseases,Kejun Hou; Zhuo‐Xun Wu; Xuan-Yu Chen; Jing‐Quan Wang; Dongya Zhang; Chuanxing Xiao; Dan Zhu; Jagadish Koya; Liuya Wei; Jilin Li; Zhe‐Sheng Chen,2022-04-23,10.1038/s41392-022-00974-4,35461318,,https://openalex.org/W4224436908,DOI:10.1038/s41392-022-00974-4,SCHOLARLY_RECORD,P2E1B_OPENALEX_09,CAT_05|CAT_06,UNRESOLVED_FROM_DISCOVERY_METADATA,UNRESOLVED_FROM_DISCOVERY_METADATA,POSSIBLY_RELEVANT,LIMITED_DISCOVERY_SIGNAL:CATEGORY_CONTEXT;EVENTS:1,Signal Transduction and Targeted Therapy,article,https://openalex.org/W4224436908,outputs/phase_two/p2_e1_pilot_v0.1/search/raw_retrieval/p2e1b_openalex_09_works.json,FALSE,TRUE,AI_ASSISTED_DISCOVERY
P2SRC_84B69A2A87ECEABDE72A,Microfluidic synthesis of nanomaterials for biomedical applications,Huang Y; Liu C; Feng Q; Sun J,2023 Nov 20,10.1039/d3nh00217a,37723984,,,PMID:37723984,SCHOLARLY_RECORD,P2E1B_PUBMED_12,CAT_01|CAT_05|CAT_06,UNRESOLVED_FROM_DISCOVERY_METADATA,UNRESOLVED_FROM_DISCOVERY_METADATA,POSSIBLY_RELEVANT,LIMITED_DISCOVERY_SIGNAL:CATEGORY_CONTEXT;EVENTS:1,Nanoscale horizons,"Journal Article|Review|Research Support, Non-U.S. Gov't",PMID:37723984,outputs/phase_two/p2_e1_pilot_v0.1/search/raw_retrieval/p2e1b_pubmed_12_esummary.json,UNRESOLVED_FROM_DISCOVERY_METADATA,TRUE,AI_ASSISTED_DISCOVERY
P2SRC_5969A47249B23EB9A16A,"Micropublications: a semantic model for claims, evidence, arguments and annotations in biomedical communications",Tim W. Clark; Paolo Ciccarese; Carole Goble,2014-01-01,10.1186/2041-1480-5-28,26261718,,https://openalex.org/W2125920251,DOI:10.1186/2041-1480-5-28,SCHOLARLY_RECORD,P2E1B_OPENALEX_11,CAT_04|CAT_05|CAT_06|CAT_07,UNRESOLVED_FROM_DISCOVERY_METADATA,UNRESOLVED_FROM_DISCOVERY_METADATA,POSSIBLY_RELEVANT,LIMITED_DISCOVERY_SIGNAL:nanopublication;EVENTS:1,Journal of Biomedical Semantics,article,https://openalex.org/W2125920251,outputs/phase_two/p2_e1_pilot_v0.1/search/raw_retrieval/p2e1b_openalex_11_works.json,FALSE,TRUE,AI_ASSISTED_DISCOVERY
P2SRC_0EF8D17EBE50AFE1A3F3,Minimap2: pairwise alignment for nucleotide sequences,Heng Li,2018-05-04,10.1093/bioinformatics/bty191,29750242,,https://openalex.org/W2789843538,DOI:10.1093/bioinformatics/bty191,SCHOLARLY_RECORD,P2E1B_OPENALEX_04,CAT_04,UNRESOLVED_FROM_DISCOVERY_METADATA,UNRESOLVED_FROM_DISCOVERY_METADATA,LIKELY_OUT_OF_SCOPE,NO_TARGET_EVIDENCE_OR_REPRESENTATION_SIGNAL_IN_CAPTURED_METADATA,Bioinformatics,article,https://openalex.org/W2789843538,outputs/phase_two/p2_e1_pilot_v0.1/search/raw_retrieval/p2e1b_openalex_04_works.json,FALSE,TRUE,AI_ASSISTED_DISCOVERY
P2SRC_CF14B7508E43111AA3C2,Missing data handling in non-inferiority and equivalence trials: A systematic review,Rabe BA; Day S; Fiero MH; Bell ML,2018 Sep,10.1002/pst.1867,29797777,,,PMID:29797777,SCHOLARLY_RECORD,P2E1B_PUBMED_09,CAT_05|CAT_06,UNRESOLVED_FROM_DISCOVERY_METADATA,UNRESOLVED_FROM_DISCOVERY_METADATA,POSSIBLY_RELEVANT,LIMITED_DISCOVERY_SIGNAL:missing data;EVENTS:1,Pharmaceutical statistics,Journal Article|Systematic Review,PMID:29797777,outputs/phase_two/p2_e1_pilot_v0.1/search/raw_retrieval/p2e1b_pubmed_09_esummary.json,UNRESOLVED_FROM_DISCOVERY_METADATA,TRUE,AI_ASSISTED_DISCOVERY
P2SRC_43217E7C58025A94CAB2,"Missing data imputation, prediction, and feature selection in diagnosis of vaginal prolapse",Fan M; Peng X; Niu X; Cui T; He Q,2023 Nov 6,10.1186/s12874-023-02079-0,37932660,PMC10629145,,PMID:37932660,SCHOLARLY_RECORD,P2E1B_PUBMED_09,CAT_05|CAT_06,UNRESOLVED_FROM_DISCOVERY_METADATA,UNRESOLVED_FROM_DISCOVERY_METADATA,POSSIBLY_RELEVANT,LIMITED_DISCOVERY_SIGNAL:missing data;EVENTS:1,BMC medical research methodology,"Journal Article|Research Support, Non-U.S. Gov't",PMID:37932660,outputs/phase_two/p2_e1_pilot_v0.1/search/raw_retrieval/p2e1b_pubmed_09_esummary.json,UNRESOLVED_FROM_DISCOVERY_METADATA,TRUE,AI_ASSISTED_DISCOVERY
P2SRC_751DB73FA7F564E57D58,Missing Data in Clinical Research: A Tutorial on Multiple Imputation,Peter C. Austin; Ian R. White; Douglas S. Lee; Stef van Buuren,2020-12-01,10.1016/j.cjca.2020.11.010,33276049,,https://openalex.org/W3109682927,DOI:10.1016/j.cjca.2020.11.010,SCHOLARLY_RECORD,P2E1B_OPENALEX_09,CAT_05|CAT_06,UNRESOLVED_FROM_DISCOVERY_METADATA,UNRESOLVED_FROM_DISCOVERY_METADATA,POSSIBLY_RELEVANT,LIMITED_DISCOVERY_SIGNAL:missing data;EVENTS:1,Canadian Journal of Cardiology,article,https://openalex.org/W3109682927,outputs/phase_two/p2_e1_pilot_v0.1/search/raw_retrieval/p2e1b_openalex_09_works.json,FALSE,TRUE,AI_ASSISTED_DISCOVERY
P2SRC_36B47D55A0DF1A65C9F7,Missing Data in Systematic Reviews and Meta-Analysis,Chandelia S,2022 Aug 1,10.1097/PCC.0000000000002988,36165947,,,PMID:36165947,SCHOLARLY_RECORD,P2E1B_PUBMED_06,CAT_05|CAT_06,UNRESOLVED_FROM_DISCOVERY_METADATA,UNRESOLVED_FROM_DISCOVERY_METADATA,POSSIBLY_RELEVANT,LIMITED_DISCOVERY_SIGNAL:missing data;EVENTS:1,Pediatric critical care medicine : a journal of the Society of Critical Care Medicine and the World Federation of Pediatric Intensive and Critical Care Societies,Letter|Comment,PMID:36165947,outputs/phase_two/p2_e1_pilot_v0.1/search/raw_retrieval/p2e1b_pubmed_06_esummary.json,UNRESOLVED_FROM_DISCOVERY_METADATA,TRUE,AI_ASSISTED_DISCOVERY
P2SRC_02AC92BF06C5F341953C,Missing data: A statistical framework for practice,Carpenter JR; Smuk M,2021 Jun,10.1002/bimj.202000196,33624862,PMC7615108,,PMID:33624862,SCHOLARLY_RECORD,P2E1B_PUBMED_09,CAT_05|CAT_06,UNRESOLVED_FROM_DISCOVERY_METADATA,UNRESOLVED_FROM_DISCOVERY_METADATA,POSSIBLY_RELEVANT,LIMITED_DISCOVERY_SIGNAL:missing data;EVENTS:1,Biometrical journal. Biometrische Zeitschrift,"Journal Article|Research Support, Non-U.S. Gov't|Review",PMID:33624862,outputs/phase_two/p2_e1_pilot_v0.1/search/raw_retrieval/p2e1b_pubmed_09_esummary.json,UNRESOLVED_FROM_DISCOVERY_METADATA,TRUE,AI_ASSISTED_DISCOVERY
P2SRC_210122EAC05A5216CF64,Mitophagy mitigates mitochondrial fatty acid β-oxidation deficient cardiomyopathy,Sun N; Barta H; Chaudhuri S; Chen K; Jin J; Luo H; Yang M; Krigman J; Zhang R; Sanghvi S; Sekine S; Sanders H; Kolonay D; Patel M; Baskin K; Singh H; Zhang P; Xin G; Finkel T,2025 Jul 1,10.1038/s41467-025-60670-z,40593619,PMC12218533,,PMID:40593619,SCHOLARLY_RECORD,P2E1B_PUBMED_01,CAT_01,UNRESOLVED_FROM_DISCOVERY_METADATA,UNRESOLVED_FROM_DISCOVERY_METADATA,LIKELY_OUT_OF_SCOPE,NO_TARGET_EVIDENCE_OR_REPRESENTATION_SIGNAL_IN_CAPTURED_METADATA,Nature communications,Journal Article,PMID:40593619,outputs/phase_two/p2_e1_pilot_v0.1/search/raw_retrieval/p2e1b_pubmed_01_esummary_retry.json,UNRESOLVED_FROM_DISCOVERY_METADATA,TRUE,AI_ASSISTED_DISCOVERY
P2SRC_E1C06D4BE959D49952CA,Modeling and integration of N-glycan biomarkers in a comprehensive biomarker data model,Lyman DF; Bell A; Black A; Dingerdissen H; Cauley E; Gogate N; Liu D; Joseph A; Kahsay R; Crichton DJ; Mehta A; Mazumder R,2022 Sep 19,10.1093/glycob/cwac046,35925813,PMC9487899,,PMID:35925813,SCHOLARLY_RECORD,P2E1B_PUBMED_10,CAT_01|CAT_03|CAT_04,UNRESOLVED_FROM_DISCOVERY_METADATA,UNRESOLVED_FROM_DISCOVERY_METADATA,POSSIBLY_RELEVANT,LIMITED_DISCOVERY_SIGNAL:CATEGORY_CONTEXT;EVENTS:1,Glycobiology,"Journal Article|Research Support, N.I.H., Extramural|Research Support, Non-U.S. Gov't",PMID:35925813,outputs/phase_two/p2_e1_pilot_v0.1/search/raw_retrieval/p2e1b_pubmed_10_esummary.json,UNRESOLVED_FROM_DISCOVERY_METADATA,TRUE,AI_ASSISTED_DISCOVERY
P2SRC_87D512046EA41CC3C568,Modelling clinical experience data as an evidence for patient-oriented decision support,Yang J; Xiao L; Li K,2020 Jul 9,10.1186/s12911-020-1121-4,32646414,PMC7346327,,PMID:32646414,SCHOLARLY_RECORD,P2E1B_PUBMED_11,CAT_04|CAT_05|CAT_06|CAT_07,UNRESOLVED_FROM_DISCOVERY_METADATA,UNRESOLVED_FROM_DISCOVERY_METADATA,POSSIBLY_RELEVANT,LIMITED_DISCOVERY_SIGNAL:CATEGORY_CONTEXT;EVENTS:1,BMC medical informatics and decision making,"Journal Article|Research Support, Non-U.S. Gov't",PMID:32646414,outputs/phase_two/p2_e1_pilot_v0.1/search/raw_retrieval/p2e1b_pubmed_11_esummary.json,UNRESOLVED_FROM_DISCOVERY_METADATA,TRUE,AI_ASSISTED_DISCOVERY
P2SRC_37F8C60A636C9BCE9BD7,Moderators uncertainty tolerance (UT) in healthcare: a systematic review,Yap A; Johanesen P; Walsh C,2023 Dec,10.1007/s10459-023-10215-0,37097482,PMC10700225,,PMID:37097482,SCHOLARLY_RECORD,P2E1B_PUBMED_05,CAT_05,UNRESOLVED_FROM_DISCOVERY_METADATA,UNRESOLVED_FROM_DISCOVERY_METADATA,POSSIBLY_RELEVANT,LIMITED_DISCOVERY_SIGNAL:uncertainty;EVENTS:1,Advances in health sciences education : theory and practice,Systematic Review|Journal Article,PMID:37097482,outputs/phase_two/p2_e1_pilot_v0.1/search/raw_retrieval/p2e1b_pubmed_05_esummary.json,UNRESOLVED_FROM_DISCOVERY_METADATA,TRUE,AI_ASSISTED_DISCOVERY
P2SRC_38DBBA61097F3DD734D9,Molecular biology in the exabyte era: Taming the data deluge for biological revelation and clinical transformation,Zafar I; Unar A; Khan NU; Abalkhail A; Jamal A,2025 Dec,10.1016/j.compbiolchem.2025.108535,40466336,,,PMID:40466336,SCHOLARLY_RECORD,P2E1B_PUBMED_10,CAT_01|CAT_03|CAT_04,UNRESOLVED_FROM_DISCOVERY_METADATA,UNRESOLVED_FROM_DISCOVERY_METADATA,POSSIBLY_RELEVANT,LIMITED_DISCOVERY_SIGNAL:CATEGORY_CONTEXT;EVENTS:1,Computational biology and chemistry,Journal Article|Review,PMID:40466336,outputs/phase_two/p2_e1_pilot_v0.1/search/raw_retrieval/p2e1b_pubmed_10_esummary.json,UNRESOLVED_FROM_DISCOVERY_METADATA,TRUE,AI_ASSISTED_DISCOVERY
P2SRC_1CA90FCA01EF31609DEB,MOLI: multi-omics late integration with deep neural networks for drug response prediction,Hossein Sharifi-Noghabi; Olga Zolotareva; Colin C. Collins; Martin Ester,2019-06-05,10.1093/bioinformatics/btz318,31510700,,https://openalex.org/W2955502047,DOI:10.1093/bioinformatics/btz318,SCHOLARLY_RECORD,P2E1B_OPENALEX_01,CAT_01,UNRESOLVED_FROM_DISCOVERY_METADATA,UNRESOLVED_FROM_DISCOVERY_METADATA,POSSIBLY_RELEVANT,LIMITED_DISCOVERY_SIGNAL:CATEGORY_CONTEXT;EVENTS:1,Bioinformatics,article,https://openalex.org/W2955502047,outputs/phase_two/p2_e1_pilot_v0.1/search/raw_retrieval/p2e1b_openalex_01_works.json,FALSE,TRUE,AI_ASSISTED_DISCOVERY
P2SRC_968F966002D4760C4C47,MolTrans: Molecular Interaction Transformer for drug–target interaction prediction,Kexin Huang; Cao Xiao; Lucas M. Glass; Jimeng Sun,2020-10-07,10.1093/bioinformatics/btaa880,33070179,,https://openalex.org/W3018980093,DOI:10.1093/bioinformatics/btaa880,SCHOLARLY_RECORD,P2E1B_OPENALEX_10,CAT_01|CAT_03|CAT_04,UNRESOLVED_FROM_DISCOVERY_METADATA,UNRESOLVED_FROM_DISCOVERY_METADATA,POSSIBLY_RELEVANT,LIMITED_DISCOVERY_SIGNAL:drug target;EVENTS:1,Bioinformatics,article,https://openalex.org/W3018980093,outputs/phase_two/p2_e1_pilot_v0.1/search/raw_retrieval/p2e1b_openalex_10_works.json,FALSE,TRUE,AI_ASSISTED_DISCOVERY
P2SRC_7C1494732B52BD072982,Mortality in Pediatric Acute Respiratory Distress Syndrome: A Systematic Review and Meta-Analysis,Wong JJ; Jit M; Sultana R; Mok YH; Yeo JG; Koh JWJC; Loh TF; Lee JH,2019 Jul,10.1177/0885066617705109,28460591,,,PMID:28460591,SCHOLARLY_RECORD,P2E1B_PUBMED_13,CAT_03|CAT_05|CAT_06,UNRESOLVED_FROM_DISCOVERY_METADATA,UNRESOLVED_FROM_DISCOVERY_METADATA,POSSIBLY_RELEVANT,LIMITED_DISCOVERY_SIGNAL:CATEGORY_CONTEXT;EVENTS:1,Journal of intensive care medicine,Journal Article|Meta-Analysis|Systematic Review,PMID:28460591,outputs/phase_two/p2_e1_pilot_v0.1/search/raw_retrieval/p2e1b_pubmed_13_esummary.json,UNRESOLVED_FROM_DISCOVERY_METADATA,TRUE,AI_ASSISTED_DISCOVERY
P2SRC_ED28FCBEF452345FD53C,Motivating and Shaping Scientific Argumentation in Lab Reports,Gouvea J; Appleby L; Fu L; Wagh A,2022 Dec,10.1187/cbe.21-11-0316,36154118,PMC9727606,,PMID:36154118,SCHOLARLY_RECORD,P2E1B_PUBMED_11,CAT_04|CAT_05|CAT_06|CAT_07,UNRESOLVED_FROM_DISCOVERY_METADATA,UNRESOLVED_FROM_DISCOVERY_METADATA,POSSIBLY_RELEVANT,LIMITED_DISCOVERY_SIGNAL:CATEGORY_CONTEXT;EVENTS:1,CBE life sciences education,"Journal Article|Research Support, Non-U.S. Gov't",PMID:36154118,outputs/phase_two/p2_e1_pilot_v0.1/search/raw_retrieval/p2e1b_pubmed_11_esummary.json,UNRESOLVED_FROM_DISCOVERY_METADATA,TRUE,AI_ASSISTED_DISCOVERY
P2SRC_DAE3C85CF255D3A6FD08,"mRNA vaccines for infectious diseases: principles, delivery and clinical translation",Namit Chaudhary; Drew Weissman; Kathryn A. Whitehead,2021-08-25,10.1038/s41573-021-00283-5,34433919,,https://openalex.org/W3193427089,DOI:10.1038/s41573-021-00283-5,SCHOLARLY_RECORD,P2E1B_OPENALEX_12,CAT_01|CAT_05|CAT_06,UNRESOLVED_FROM_DISCOVERY_METADATA,UNRESOLVED_FROM_DISCOVERY_METADATA,POSSIBLY_RELEVANT,LIMITED_DISCOVERY_SIGNAL:CATEGORY_CONTEXT;EVENTS:1,Nature Reviews Drug Discovery,article,https://openalex.org/W3193427089,outputs/phase_two/p2_e1_pilot_v0.1/search/raw_retrieval/p2e1b_openalex_12_works.json,FALSE,TRUE,AI_ASSISTED_DISCOVERY
P2SRC_9F4AEEF9403306A44848,"Multi-omic data integration and analysis using systems genomics approaches: methods and applications in animal production, health and welfare",Prashanth Suravajhala; Lisette J. A. Kogelman; Haja N. Kadarmideen,2016-04-29,10.1186/s12711-016-0217-x,27130220,,https://openalex.org/W2344526199,DOI:10.1186/s12711-016-0217-x,SCHOLARLY_RECORD,P2E1B_OPENALEX_01,CAT_01,UNRESOLVED_FROM_DISCOVERY_METADATA,UNRESOLVED_FROM_DISCOVERY_METADATA,POSSIBLY_RELEVANT,LIMITED_DISCOVERY_SIGNAL:drug target;EVENTS:1,Genetics Selection Evolution,article,https://openalex.org/W2344526199,outputs/phase_two/p2_e1_pilot_v0.1/search/raw_retrieval/p2e1b_openalex_01_works.json,FALSE,TRUE,AI_ASSISTED_DISCOVERY
P2SRC_20379CFF093D8378D5ED,Multi-omic underpinnings of heterogeneous aging across multiple organ systems,Xiong J; Zhu X; Guo Y; Tang H; Dong C; Wang B; Liu M; Li Z; Tu Y,2025 Dec 10,10.1016/j.xgen.2025.101032,41043431,PMC12802651,,PMID:41043431,SCHOLARLY_RECORD,P2E1B_PUBMED_01,CAT_01,UNRESOLVED_FROM_DISCOVERY_METADATA,UNRESOLVED_FROM_DISCOVERY_METADATA,LIKELY_OUT_OF_SCOPE,NO_TARGET_EVIDENCE_OR_REPRESENTATION_SIGNAL_IN_CAPTURED_METADATA,Cell genomics,Journal Article,PMID:41043431,outputs/phase_two/p2_e1_pilot_v0.1/search/raw_retrieval/p2e1b_pubmed_01_esummary_retry.json,UNRESOLVED_FROM_DISCOVERY_METADATA,TRUE,AI_ASSISTED_DISCOVERY
P2SRC_B384103A6B429145D9B8,Multi-omics analyses reveal interactions between GREM1+ fibroblasts and SPP1+ macrophages in gastric cancer,Qiu L; Zhao X; Yao S; Fei Y; Gong Y; Zhou Z; Jiao S; Xu J,2025 Jun 5,10.1038/s41698-025-00967-w,40473882,PMC12141694,,PMID:40473882,SCHOLARLY_RECORD,P2E1B_PUBMED_01,CAT_01,UNRESOLVED_FROM_DISCOVERY_METADATA,UNRESOLVED_FROM_DISCOVERY_METADATA,LIKELY_OUT_OF_SCOPE,NO_TARGET_EVIDENCE_OR_REPRESENTATION_SIGNAL_IN_CAPTURED_METADATA,NPJ precision oncology,Journal Article,PMID:40473882,outputs/phase_two/p2_e1_pilot_v0.1/search/raw_retrieval/p2e1b_pubmed_01_esummary_retry.json,UNRESOLVED_FROM_DISCOVERY_METADATA,TRUE,AI_ASSISTED_DISCOVERY
P2SRC_CDF8E9F141BEB151DE66,Multi-Omics Analysis by Machine Learning Identified Lysophosphatidic Acid as a Biomarker and Therapeutic Target for Porcine Reproductive and Respiratory Syndrome,Zhang H; Hu F; Peng O; Huang Y; Hu G; Ashraf U; Cen M; Wang X; Xu Q; Zou C; Wu Y; Zhu B; Li W; Li Q; Li C; Xue C; Cao Y,2024 Sep,10.1002/advs.202402025,38976572,PMC11425916,,PMID:38976572,SCHOLARLY_RECORD,P2E1B_PUBMED_01,CAT_01,UNRESOLVED_FROM_DISCOVERY_METADATA,UNRESOLVED_FROM_DISCOVERY_METADATA,LIKELY_RELEVANT,DISCOVERY_KEYWORDS:machine learning|therapeutic target;EVENTS:1,"Advanced science (Weinheim, Baden-Wurttemberg, Germany)","Journal Article|Research Support, Non-U.S. Gov't",PMID:38976572,outputs/phase_two/p2_e1_pilot_v0.1/search/raw_retrieval/p2e1b_pubmed_01_esummary_retry.json,UNRESOLVED_FROM_DISCOVERY_METADATA,TRUE,AI_ASSISTED_DISCOVERY
P2SRC_10BAB6CF86ACD1AD6A33,Multi-omics analysis reveals the interplay between intratumoral bacteria and glioma,Li T; Zhao Z; Peng M; Zhang L; Wang C; Luo F; Zeng M; Sun K; Fang Z; Luo Y; Xie Y; Lv C; Wang J; Huang J-D; Zhou H; Sun H,2025 Jan 21,10.1128/msystems.00457-24,39660865,PMC11748541,,PMID:39660865,SCHOLARLY_RECORD,P2E1B_PUBMED_01,CAT_01,UNRESOLVED_FROM_DISCOVERY_METADATA,UNRESOLVED_FROM_DISCOVERY_METADATA,LIKELY_OUT_OF_SCOPE,NO_TARGET_EVIDENCE_OR_REPRESENTATION_SIGNAL_IN_CAPTURED_METADATA,mSystems,Journal Article,PMID:39660865,outputs/phase_two/p2_e1_pilot_v0.1/search/raw_retrieval/p2e1b_pubmed_01_esummary_retry.json,UNRESOLVED_FROM_DISCOVERY_METADATA,TRUE,AI_ASSISTED_DISCOVERY
P2SRC_4FDBE79F49D1FD8136A1,Multi-omics approaches to therapeutic target identification,Hassan MI,2023 Apr 13,10.1093/bfgp/elac058,37053504,,,PMID:37053504,SCHOLARLY_RECORD,P2E1B_PUBMED_01,CAT_01,UNRESOLVED_FROM_DISCOVERY_METADATA,UNRESOLVED_FROM_DISCOVERY_METADATA,POSSIBLY_RELEVANT,LIMITED_DISCOVERY_SIGNAL:therapeutic target;EVENTS:1,Briefings in functional genomics,Journal Article,PMID:37053504,outputs/phase_two/p2_e1_pilot_v0.1/search/raw_retrieval/p2e1b_pubmed_01_esummary_retry.json,UNRESOLVED_FROM_DISCOVERY_METADATA,TRUE,AI_ASSISTED_DISCOVERY
P2SRC_E794593B8BBBFD6B9902,Multi-omics characterization of the monkeypox virus infection,Huang Y; Bergant V; Grass V; Emslander Q; Hamad MS; Hubel P; Mergner J; Piras A; Krey K; Henrici A; Öllinger R; Tesfamariam YM; Dalla Rosa I; Bunse T; Sutter G; Ebert G; Schmidt FI; Way M; Rad R; Bowie AG; Protzer U; Pichlmair A,2024 Aug 8,10.1038/s41467-024-51074-6,39117661,PMC11310467,,PMID:39117661,SCHOLARLY_RECORD,P2E1B_PUBMED_01,CAT_01,UNRESOLVED_FROM_DISCOVERY_METADATA,UNRESOLVED_FROM_DISCOVERY_METADATA,LIKELY_OUT_OF_SCOPE,NO_TARGET_EVIDENCE_OR_REPRESENTATION_SIGNAL_IN_CAPTURED_METADATA,Nature communications,"Journal Article|Research Support, Non-U.S. Gov't",PMID:39117661,outputs/phase_two/p2_e1_pilot_v0.1/search/raw_retrieval/p2e1b_pubmed_01_esummary_retry.json,UNRESOLVED_FROM_DISCOVERY_METADATA,TRUE,AI_ASSISTED_DISCOVERY
P2SRC_87B23B96E46010FA818E,Multi-omics comparison of malignant and normal uveal melanocytes reveals molecular features of uveal melanoma,Gentien D; Saberi-Ansari E; Servant N; Jolly A; de la Grange P; Némati F; Liot G; Saule S; Teissandier A; Bourc'his D; Girard E; Wong J; Masliah-Planchon J; Narmanli E; Liu Y; Torun E; Goulancourt R; Rodrigues M; Gaudé LV; Reyes C; Bazire M; Chenegros T; Henry E; Rapinat A; Bohec M; Baulande S; M'kacher R; Jeandidier E; Nicolas A; Ciriello G; Margueron R; Decaudin D; Cassoux N; Piperno-Neumann S; Stern MH; Gibcus JH; Dekker J; Heard E; Roman-Roman S; Waterfall JJ,2023 Sep 26,10.1016/j.celrep.2023.113132,37708024,PMC10598242,,PMID:37708024,SCHOLARLY_RECORD,P2E1B_PUBMED_01,CAT_01,UNRESOLVED_FROM_DISCOVERY_METADATA,UNRESOLVED_FROM_DISCOVERY_METADATA,LIKELY_OUT_OF_SCOPE,NO_TARGET_EVIDENCE_OR_REPRESENTATION_SIGNAL_IN_CAPTURED_METADATA,Cell reports,"Journal Article|Research Support, Non-U.S. Gov't|Research Support, N.I.H., Extramural",PMID:37708024,outputs/phase_two/p2_e1_pilot_v0.1/search/raw_retrieval/p2e1b_pubmed_01_esummary_retry.json,UNRESOLVED_FROM_DISCOVERY_METADATA,TRUE,AI_ASSISTED_DISCOVERY
P2SRC_1899B939F6FF09581D8A,Multi-omics data integration methods and their applications in psychiatric disorders,Anita Sathyanarayanan; Tamara T. Mueller; Mohammad Ali Moni; Katja Schueler; Bernhard T. Baune; Píetro Lió; Divya Mehta; Divya Mehta; Bernhard T. Baune; Mara Dierssen; Bjarke Ebert; Chiara Fabbri; Paolo Fusar‐Poli; Massimo Gennarelli; Catherine J. Harmer; Oliver Howes; Joost Janzing; Pietro Lio; Eduard Maron; Divya Mehta; Divya Mehta; Alessandra Minelli; Lara Nonell; Claudia Pisanu; Marie‐Claude Potier; Filip Rybakowski; Alessandro Serretti; Alessio Squassina; David Stacey; Roos van Westrhenen; Laura Xicota,2023-01-25,10.1016/j.euroneuro.2023.01.001,36706689,,https://openalex.org/W4318022900,DOI:10.1016/j.euroneuro.2023.01.001,SCHOLARLY_RECORD,P2E1B_OPENALEX_01,CAT_01,UNRESOLVED_FROM_DISCOVERY_METADATA,UNRESOLVED_FROM_DISCOVERY_METADATA,POSSIBLY_RELEVANT,LIMITED_DISCOVERY_SIGNAL:machine learning;EVENTS:1,European Neuropsychopharmacology,article,https://openalex.org/W4318022900,outputs/phase_two/p2_e1_pilot_v0.1/search/raw_retrieval/p2e1b_openalex_01_works.json,FALSE,TRUE,AI_ASSISTED_DISCOVERY
P2SRC_DBD6A9B0A67865816279,"Multi-omics Mendelian randomization integrating GWAS, eQTL and pQTL data revealed GSTM4 as a potential drug target for migraine",Sun X; Chen B; Qi Y; Wei M; Chen W; Wu X; Wang Q; Li J; Lei X; Luo G,2024 Jul 22,10.1186/s10194-024-01828-w,39039470,PMC11265128,,PMID:39039470,SCHOLARLY_RECORD,P2E1B_PUBMED_01,CAT_01,UNRESOLVED_FROM_DISCOVERY_METADATA,UNRESOLVED_FROM_DISCOVERY_METADATA,POSSIBLY_RELEVANT,LIMITED_DISCOVERY_SIGNAL:drug target;EVENTS:1,The journal of headache and pain,Journal Article,PMID:39039470,outputs/phase_two/p2_e1_pilot_v0.1/search/raw_retrieval/p2e1b_pubmed_01_esummary_retry.json,UNRESOLVED_FROM_DISCOVERY_METADATA,TRUE,AI_ASSISTED_DISCOVERY
P2SRC_38587F4548C6E98A8B5D,Multi-omics of the gut microbial ecosystem in patients with microsatellite-instability-high gastrointestinal cancer resistant to immunotherapy,Cheng S; Han Z; Dai D; Li F; Zhang X; Lu M; Lu Z; Wang X; Zhou J; Li J; Guo X; Song P; Qiu C; Shen W; Zhang Q; Zhu N; Wang X; Tan Y; Kou Y; Yin X; Shen L; Peng Z,2024 Jan 16,10.1016/j.xcrm.2023.101355,38194971,PMC10829783,,PMID:38194971,SCHOLARLY_RECORD,P2E1B_PUBMED_01,CAT_01,UNRESOLVED_FROM_DISCOVERY_METADATA,UNRESOLVED_FROM_DISCOVERY_METADATA,LIKELY_OUT_OF_SCOPE,NO_TARGET_EVIDENCE_OR_REPRESENTATION_SIGNAL_IN_CAPTURED_METADATA,Cell reports. Medicine,"Journal Article|Research Support, Non-U.S. Gov't",PMID:38194971,outputs/phase_two/p2_e1_pilot_v0.1/search/raw_retrieval/p2e1b_pubmed_01_esummary_retry.json,UNRESOLVED_FROM_DISCOVERY_METADATA,TRUE,AI_ASSISTED_DISCOVERY
P2SRC_5B2D41B95C227AD0FBAB,Multi-Omics Profiling for Health,Mohan Babu; M Snyder,2023-04-28,10.1016/j.mcpro.2023.100561,37119971,,https://openalex.org/W4367186564,DOI:10.1016/j.mcpro.2023.100561,SCHOLARLY_RECORD,P2E1B_OPENALEX_01,CAT_01,UNRESOLVED_FROM_DISCOVERY_METADATA,UNRESOLVED_FROM_DISCOVERY_METADATA,POSSIBLY_RELEVANT,LIMITED_DISCOVERY_SIGNAL:CATEGORY_CONTEXT;EVENTS:1,Molecular & Cellular Proteomics,article,https://openalex.org/W4367186564,outputs/phase_two/p2_e1_pilot_v0.1/search/raw_retrieval/p2e1b_openalex_01_works.json,FALSE,TRUE,AI_ASSISTED_DISCOVERY
P2SRC_9A015A494BEA69415CAF,Multidisciplinary biopsychosocial rehabilitation for chronic low back pain: Cochrane systematic review and meta-analysis,Steven J. Kamper; Adri T. Apeldoorn; Alessandro Chiarotto; Rob Smeets; Raymond Ostelo; Jaime Guzmán; Maurits W. van Tulder,2015-02-18,10.1136/bmj.h444,25694111,,https://openalex.org/W2110535424,DOI:10.1136/bmj.h444,SCHOLARLY_RECORD,P2E1B_OPENALEX_13,CAT_03|CAT_05|CAT_06,UNRESOLVED_FROM_DISCOVERY_METADATA,UNRESOLVED_FROM_DISCOVERY_METADATA,POSSIBLY_RELEVANT,LIMITED_DISCOVERY_SIGNAL:CATEGORY_CONTEXT;EVENTS:1,BMJ,review,https://openalex.org/W2110535424,outputs/phase_two/p2_e1_pilot_v0.1/search/raw_retrieval/p2e1b_openalex_13_works.json,FALSE,TRUE,AI_ASSISTED_DISCOVERY
P2SRC_AF7E5F80F3E9A1F380F5,Multifunctional mesoporous silica nanoparticles for biomedical applications,Xu B; Li S; Shi R; Liu H,2023 Nov 24,10.1038/s41392-023-01654-7,37996406,PMC10667354,,PMID:37996406,SCHOLARLY_RECORD,P2E1B_PUBMED_12,CAT_01|CAT_05|CAT_06,UNRESOLVED_FROM_DISCOVERY_METADATA,UNRESOLVED_FROM_DISCOVERY_METADATA,POSSIBLY_RELEVANT,LIMITED_DISCOVERY_SIGNAL:CATEGORY_CONTEXT;EVENTS:1,Signal transduction and targeted therapy,Journal Article|Review,PMID:37996406,outputs/phase_two/p2_e1_pilot_v0.1/search/raw_retrieval/p2e1b_pubmed_12_esummary.json,UNRESOLVED_FROM_DISCOVERY_METADATA,TRUE,AI_ASSISTED_DISCOVERY
P2SRC_BE5C457CAF3FB5EBA7F2,Multimodal biomedical AI,Julián Acosta; Guido J. Falcone; Pranav Rajpurkar; Eric J. Topol,2022-09-01,10.1038/s41591-022-01981-2,36109635,,https://openalex.org/W4295951577,DOI:10.1038/s41591-022-01981-2,SCHOLARLY_RECORD,P2E1B_OPENALEX_07|P2E1B_OPENALEX_09|P2E1B_OPENALEX_10,CAT_01|CAT_03|CAT_04|CAT_05|CAT_06|CAT_07,UNRESOLVED_FROM_DISCOVERY_METADATA,UNRESOLVED_FROM_DISCOVERY_METADATA,LIKELY_RELEVANT,DISCOVERY_KEYWORDS:artificial intelligence;EVENTS:3,Nature Medicine,article,https://openalex.org/W4295951577,outputs/phase_two/p2_e1_pilot_v0.1/search/raw_retrieval/p2e1b_openalex_07_works.json|outputs/phase_two/p2_e1_pilot_v0.1/search/raw_retrieval/p2e1b_openalex_09_works.json|outputs/phase_two/p2_e1_pilot_v0.1/search/raw_retrieval/p2e1b_openalex_10_works.json,FALSE,TRUE,AI_ASSISTED_DISCOVERY
P2SRC_A6F7F6D8C7EB291E0BD4,Multiparametric Magnetic Resonance Imaging for Bladder Cancer: Development of VI-RADS (Vesical Imaging-Reporting And Data System),Panebianco V; Narumi Y; Altun E; Bochner BH; Efstathiou JA; Hafeez S; Huddart R; Kennish S; Lerner S; Montironi R; Muglia VF; Salomon G; Thomas S; Vargas HA; Witjes JA; Takeuchi M; Barentsz J; Catto JWF,2018 Sep,10.1016/j.eururo.2018.04.029,29755006,PMC6690492,,PMID:29755006,SCHOLARLY_RECORD,P2E1B_PUBMED_05,CAT_05,UNRESOLVED_FROM_DISCOVERY_METADATA,UNRESOLVED_FROM_DISCOVERY_METADATA,LIKELY_OUT_OF_SCOPE,NO_TARGET_EVIDENCE_OR_REPRESENTATION_SIGNAL_IN_CAPTURED_METADATA,European urology,Journal Article|Review,PMID:29755006,outputs/phase_two/p2_e1_pilot_v0.1/search/raw_retrieval/p2e1b_pubmed_05_esummary.json,UNRESOLVED_FROM_DISCOVERY_METADATA,TRUE,AI_ASSISTED_DISCOVERY
P2SRC_60134AD3AC1AD0D73AA4,Multiplatform-Integrated Identification of Melatonin Targets for a Triad of Psychosocial-Sleep/Circadian-Cardiometabolic Disorders,Luciana Aparecida Campos; Ovidiu Constantin Baltatu; Sergio Senar; Rym Ghimouz; Eman Alefishat; José Cipolla‐Neto,2023-01-03,10.3390/ijms24010860,36614302,PMC9821171,https://openalex.org/W4313466437,DOI:10.3390/ijms24010860,SCHOLARLY_RECORD,P2E1B_OPENALEX_02|P2E1B_PUBMED_02,CAT_01|CAT_02,UNRESOLVED_FROM_DISCOVERY_METADATA,UNRESOLVED_FROM_DISCOVERY_METADATA,LIKELY_RELEVANT,DISCOVERY_KEYWORDS:machine learning|open targets|therapeutic target;EVENTS:2,International Journal of Molecular Sciences,article,PMID:36614302|https://openalex.org/W4313466437,outputs/phase_two/p2_e1_pilot_v0.1/search/raw_retrieval/p2e1b_openalex_02_works.json|outputs/phase_two/p2_e1_pilot_v0.1/search/raw_retrieval/p2e1b_pubmed_02_esummary.json,FALSE,TRUE,AI_ASSISTED_DISCOVERY
P2SRC_0348C8807656D69DAF1C,Multiple parameter evidence synthesis--a potential solution for when information on drug use and harm is in conflict,Hickman M; De Angelis D; Jones H; Harris R; Welton N; Ades AE,2013 Sep,10.1111/add.12185,23600694,,,PMID:23600694,SCHOLARLY_RECORD,P2E1B_PUBMED_06,CAT_05|CAT_06,UNRESOLVED_FROM_DISCOVERY_METADATA,UNRESOLVED_FROM_DISCOVERY_METADATA,POSSIBLY_RELEVANT,LIMITED_DISCOVERY_SIGNAL:evidence synthesis;EVENTS:1,"Addiction (Abingdon, England)",Editorial,PMID:23600694,outputs/phase_two/p2_e1_pilot_v0.1/search/raw_retrieval/p2e1b_pubmed_06_esummary.json,UNRESOLVED_FROM_DISCOVERY_METADATA,TRUE,AI_ASSISTED_DISCOVERY
P2SRC_C9E071FFE81C5C8A1811,"Multivariate and network meta-analysis of multiple outcomes and multiple treatments: rationale, concepts, and examples",Richard D Riley; Dan Jackson; Georgia Salanti; Danielle Burke; Malcolm J Price; Jamie J Kirkham; Ian R. White,2017-09-13,10.1136/bmj.j3932,28903924,,https://openalex.org/W2755833300,DOI:10.1136/bmj.j3932,SCHOLARLY_RECORD,P2E1B_OPENALEX_08,CAT_01|CAT_05|CAT_06,UNRESOLVED_FROM_DISCOVERY_METADATA,UNRESOLVED_FROM_DISCOVERY_METADATA,POSSIBLY_RELEVANT,LIMITED_DISCOVERY_SIGNAL:CATEGORY_CONTEXT;EVENTS:1,BMJ,review,https://openalex.org/W2755833300,outputs/phase_two/p2_e1_pilot_v0.1/search/raw_retrieval/p2e1b_openalex_08_works.json,FALSE,TRUE,AI_ASSISTED_DISCOVERY
P2SRC_2FA75C74224F745C2550,"Music during anaerobic exercise in physically active adults: task-dependent evidence for repetition performance and affective valence, with uncertain maximal-performance effects",Qiu D; Teng X; Chen Z; Yang L; Zhao B; Li W,2026,10.3389/fspor.2026.1849596,42488701,PMC13388559,,PMID:42488701,SCHOLARLY_RECORD,P2E1B_PUBMED_08,CAT_01|CAT_05|CAT_06,UNRESOLVED_FROM_DISCOVERY_METADATA,UNRESOLVED_FROM_DISCOVERY_METADATA,POSSIBLY_RELEVANT,LIMITED_DISCOVERY_SIGNAL:dependent evidence;EVENTS:1,Frontiers in sports and active living,Journal Article|Systematic Review,PMID:42488701,outputs/phase_two/p2_e1_pilot_v0.1/search/raw_retrieval/p2e1b_pubmed_08_esummary.json,UNRESOLVED_FROM_DISCOVERY_METADATA,TRUE,AI_ASSISTED_DISCOVERY
P2SRC_B57E0FA7CF233E0749A8,MXene-Chitosan Composites and Their Biomedical Potentials,Iravani P; Iravani S; Varma RS,2022 Aug 25,10.3390/mi13091383,36144006,PMC9500609,,PMID:36144006,SCHOLARLY_RECORD,P2E1B_PUBMED_12,CAT_01|CAT_05|CAT_06,UNRESOLVED_FROM_DISCOVERY_METADATA,UNRESOLVED_FROM_DISCOVERY_METADATA,POSSIBLY_RELEVANT,LIMITED_DISCOVERY_SIGNAL:CATEGORY_CONTEXT;EVENTS:1,Micromachines,Journal Article|Review,PMID:36144006,outputs/phase_two/p2_e1_pilot_v0.1/search/raw_retrieval/p2e1b_pubmed_12_esummary.json,UNRESOLVED_FROM_DISCOVERY_METADATA,TRUE,AI_ASSISTED_DISCOVERY
P2SRC_8B78D91B3A0AB97E5EBC,"Nanogels: An overview of properties, biomedical applications and obstacles to clinical translation",Kruti S. Soni; Swapnil S. Desale; Tatiana K. Bronich,2015-11-11,10.1016/j.jconrel.2015.11.009,26571000,,https://openalex.org/W2110954157,DOI:10.1016/j.jconrel.2015.11.009,SCHOLARLY_RECORD,P2E1B_OPENALEX_12,CAT_01|CAT_05|CAT_06,UNRESOLVED_FROM_DISCOVERY_METADATA,UNRESOLVED_FROM_DISCOVERY_METADATA,POSSIBLY_RELEVANT,LIMITED_DISCOVERY_SIGNAL:CATEGORY_CONTEXT;EVENTS:1,Journal of Controlled Release,article,https://openalex.org/W2110954157,outputs/phase_two/p2_e1_pilot_v0.1/search/raw_retrieval/p2e1b_openalex_12_works.json,FALSE,TRUE,AI_ASSISTED_DISCOVERY
P2SRC_BF3E169B7FB1FAF1D24D,Nanoparticles for Biomedical Imaging: Fundamentals of Clinical Translation,Hak Soo Choi; John V. Frangioni,2010-11-01,10.2310/7290.2010.00031,21084027,,https://openalex.org/W2119012416,DOI:10.2310/7290.2010.00031,SCHOLARLY_RECORD,P2E1B_OPENALEX_12,CAT_01|CAT_05|CAT_06,UNRESOLVED_FROM_DISCOVERY_METADATA,UNRESOLVED_FROM_DISCOVERY_METADATA,POSSIBLY_RELEVANT,LIMITED_DISCOVERY_SIGNAL:CATEGORY_CONTEXT;EVENTS:1,Molecular Imaging,article,https://openalex.org/W2119012416,outputs/phase_two/p2_e1_pilot_v0.1/search/raw_retrieval/p2e1b_openalex_12_works.json,FALSE,TRUE,AI_ASSISTED_DISCOVERY
P2SRC_90CADD749696E72A8800,Nanopublications for exposing experimental data in the life-sciences: a Huntington's Disease case study,Mina E; Thompson M; Kaliyaperumal R; Zhao J; der Horst vE; Tatum Z; Hettne KM; Schultes EA; Mons B; Roos M,2015,10.1186/2041-1480-6-5,26464783,PMC4603842,,PMID:26464783,SCHOLARLY_RECORD,P2E1B_PUBMED_11,CAT_04|CAT_05|CAT_06|CAT_07,UNRESOLVED_FROM_DISCOVERY_METADATA,UNRESOLVED_FROM_DISCOVERY_METADATA,POSSIBLY_RELEVANT,LIMITED_DISCOVERY_SIGNAL:nanopublication;EVENTS:1,Journal of biomedical semantics,Journal Article,PMID:26464783,outputs/phase_two/p2_e1_pilot_v0.1/search/raw_retrieval/p2e1b_pubmed_11_esummary.json,UNRESOLVED_FROM_DISCOVERY_METADATA,TRUE,AI_ASSISTED_DISCOVERY
P2SRC_099B56950D8286C7C0B9,Nanoscale Metal–Organic Frameworks for Biomedical Imaging and Drug Delivery,Joseph Della Rocca; Demin Liu; Wenbin Lin,2011-06-07,10.1021/ar200028a,21648429,,https://openalex.org/W2107991409,DOI:10.1021/ar200028a,SCHOLARLY_RECORD,P2E1B_OPENALEX_09,CAT_05|CAT_06,UNRESOLVED_FROM_DISCOVERY_METADATA,UNRESOLVED_FROM_DISCOVERY_METADATA,POSSIBLY_RELEVANT,LIMITED_DISCOVERY_SIGNAL:CATEGORY_CONTEXT;EVENTS:1,Accounts of Chemical Research,article,https://openalex.org/W2107991409,outputs/phase_two/p2_e1_pilot_v0.1/search/raw_retrieval/p2e1b_openalex_09_works.json,FALSE,TRUE,AI_ASSISTED_DISCOVERY
P2SRC_68F913A5CF82AD4125AA,National Institutes of Health Consensus Development Project on Criteria for Clinical Trials in Chronic Graft-versus-Host Disease: I. The 2014 Diagnosis and Staging Working Group Report,Madan Jagasia; Hildegard Greinix; Mukta Arora; Kirsten M. Williams; Daniel Wolff; Edward W. Cowen; Jeanne Palmer; Daniel J. Weisdorf; Nathaniel S. Treister; Guang‐Shing Cheng; Holly Kerr; Pamela Stratton; Rafael F. Duarte; George B. McDonald; Yoshihiro Inamoto; Afonso Celso Vigorito; Sally Arai; Manuel B. Datiles; David A. Jacobsohn; Theo Heller; Carrie L. Kitko; Sandra A. Mitchell; Paul J. Martin; Howard M. Shulman; Roy S. Wu; Corey Cutler; Georgia B. Vogelsang; Stephanie J. Lee; Steven Z. Pavletic; Mary E.D. Flowers,2014-12-19,10.1016/j.bbmt.2014.12.001,25529383,,https://openalex.org/W2379365975,DOI:10.1016/j.bbmt.2014.12.001,SCHOLARLY_RECORD,P2E1B_OPENALEX_09,CAT_05|CAT_06,UNRESOLVED_FROM_DISCOVERY_METADATA,UNRESOLVED_FROM_DISCOVERY_METADATA,POSSIBLY_RELEVANT,LIMITED_DISCOVERY_SIGNAL:CATEGORY_CONTEXT;EVENTS:1,Transplantation and Cellular Therapy,article,https://openalex.org/W2379365975,outputs/phase_two/p2_e1_pilot_v0.1/search/raw_retrieval/p2e1b_openalex_09_works.json,FALSE,TRUE,AI_ASSISTED_DISCOVERY
P2SRC_A4164DB886F952C5E51A,Navigating Challenges and Opportunities in Multi-Omics Integration for Personalized Healthcare,Alex E. Mohr; Carmen P. Ortega‐Santos; Corrie M. Whisner; Judith Klein‐Seetharaman; Paniz Jasbi,2024-07-05,10.3390/biomedicines12071496,39062068,,https://openalex.org/W4400349830,DOI:10.3390/biomedicines12071496,SCHOLARLY_RECORD,P2E1B_OPENALEX_01,CAT_01,UNRESOLVED_FROM_DISCOVERY_METADATA,UNRESOLVED_FROM_DISCOVERY_METADATA,POSSIBLY_RELEVANT,LIMITED_DISCOVERY_SIGNAL:artificial intelligence;EVENTS:1,Biomedicines,article,https://openalex.org/W4400349830,outputs/phase_two/p2_e1_pilot_v0.1/search/raw_retrieval/p2e1b_openalex_01_works.json,FALSE,TRUE,AI_ASSISTED_DISCOVERY
P2SRC_107B14971EE00A0A2F18,Near-infrared luminescence high-contrast in vivo biomedical imaging,Ying Chen; Shangfeng Wang; Fan Zhang,2023-01-19,10.1038/s44222-022-00002-8,,,https://openalex.org/W4317435471,DOI:10.1038/s44222-022-00002-8,SCHOLARLY_RECORD,P2E1B_OPENALEX_12,CAT_01|CAT_05|CAT_06,UNRESOLVED_FROM_DISCOVERY_METADATA,UNRESOLVED_FROM_DISCOVERY_METADATA,POSSIBLY_RELEVANT,LIMITED_DISCOVERY_SIGNAL:CATEGORY_CONTEXT;EVENTS:1,Nature Reviews Bioengineering,article,https://openalex.org/W4317435471,outputs/phase_two/p2_e1_pilot_v0.1/search/raw_retrieval/p2e1b_openalex_12_works.json,FALSE,TRUE,AI_ASSISTED_DISCOVERY
P2SRC_B02241245A863F8425B2,NeighBERT: Medical Entity Linking Using Relation-Induced Dense Retrieval,Singh A; Krishnamoorthy S; Ortega JE,2024 Jun,10.1007/s41666-023-00136-3,38681752,PMC11052986,,PMID:38681752,SCHOLARLY_RECORD,P2E1B_PUBMED_03,CAT_01|CAT_03,UNRESOLVED_FROM_DISCOVERY_METADATA,UNRESOLVED_FROM_DISCOVERY_METADATA,POSSIBLY_RELEVANT,LIMITED_DISCOVERY_SIGNAL:CATEGORY_CONTEXT;EVENTS:1,Journal of healthcare informatics research,Journal Article,PMID:38681752,outputs/phase_two/p2_e1_pilot_v0.1/search/raw_retrieval/p2e1b_pubmed_03_esummary.json,UNRESOLVED_FROM_DISCOVERY_METADATA,TRUE,AI_ASSISTED_DISCOVERY
P2SRC_9B42FF4D832B2B735E35,Nestin Expression and the Survival of Patients With Digestive Tract Cancers: A Systematic Review and Meta-Analysis,Huang L; Chen L; Wang Y; Zhang F; Wang T; Li D; Wang C; Ma H,2023 Sep,10.5152/tjg.2023.22485,37485559,PMC10542102,,PMID:37485559,SCHOLARLY_RECORD,P2E1B_PUBMED_13,CAT_03|CAT_05|CAT_06,UNRESOLVED_FROM_DISCOVERY_METADATA,UNRESOLVED_FROM_DISCOVERY_METADATA,POSSIBLY_RELEVANT,LIMITED_DISCOVERY_SIGNAL:CATEGORY_CONTEXT;EVENTS:1,The Turkish journal of gastroenterology : the official journal of Turkish Society of Gastroenterology,Meta-Analysis|Systematic Review|Journal Article,PMID:37485559,outputs/phase_two/p2_e1_pilot_v0.1/search/raw_retrieval/p2e1b_pubmed_13_esummary.json,UNRESOLVED_FROM_DISCOVERY_METADATA,TRUE,AI_ASSISTED_DISCOVERY
P2SRC_8EE8E88E4EC307A853D7,Network pharmacology: towards the artificial intelligence-based precision traditional Chinese medicine,Peng Zhang; Dingfan Zhang; Wuai Zhou; Lan Wang; Boyang Wang; Tingyu Zhang; Shao Li,2023-11-22,10.1093/bib/bbad518,38197310,,https://openalex.org/W4390711247,DOI:10.1093/bib/bbad518,SCHOLARLY_RECORD,P2E1B_OPENALEX_07,CAT_01|CAT_07,UNRESOLVED_FROM_DISCOVERY_METADATA,UNRESOLVED_FROM_DISCOVERY_METADATA,POSSIBLY_RELEVANT,LIMITED_DISCOVERY_SIGNAL:artificial intelligence;EVENTS:1,Briefings in Bioinformatics,article,https://openalex.org/W4390711247,outputs/phase_two/p2_e1_pilot_v0.1/search/raw_retrieval/p2e1b_openalex_07_works.json,FALSE,TRUE,AI_ASSISTED_DISCOVERY
P2SRC_361DAF8BFAA8467CB0D1,Network-Based Approaches for Drug Target Identification,Koutsandreas T; Tsafou K; Horn H; Barrett I; Petsalaki E,2025 Aug,10.1146/annurev-biodatasci-101424-120950,40239307,,,PMID:40239307,SCHOLARLY_RECORD,P2E1B_PUBMED_07,CAT_01|CAT_07,UNRESOLVED_FROM_DISCOVERY_METADATA,UNRESOLVED_FROM_DISCOVERY_METADATA,POSSIBLY_RELEVANT,LIMITED_DISCOVERY_SIGNAL:drug target;EVENTS:1,Annual review of biomedical data science,"Journal Article|Review|Research Support, Non-U.S. Gov't",PMID:40239307,outputs/phase_two/p2_e1_pilot_v0.1/search/raw_retrieval/p2e1b_pubmed_07_esummary.json,UNRESOLVED_FROM_DISCOVERY_METADATA,TRUE,AI_ASSISTED_DISCOVERY
P2SRC_C895B6F537F5E3EEF3F9,Neuro-symbolic representation learning on biological knowledge graphs,Mona Alshahrani; Mohammad Asif Khan; Omar Maddouri; Akira R. Kinjo; Núria Queralt-Rosiñach; Robert Hoehndorf,2017-04-21,10.1093/bioinformatics/btx275,28449114,,https://openalex.org/W2562531153,DOI:10.1093/bioinformatics/btx275,SCHOLARLY_RECORD,P2E1B_OPENALEX_03,CAT_01|CAT_03,UNRESOLVED_FROM_DISCOVERY_METADATA,UNRESOLVED_FROM_DISCOVERY_METADATA,LIKELY_RELEVANT,DISCOVERY_KEYWORDS:drug target|knowledge graph|machine learning;EVENTS:1,Bioinformatics,article,https://openalex.org/W2562531153,outputs/phase_two/p2_e1_pilot_v0.1/search/raw_retrieval/p2e1b_openalex_03_works.json,FALSE,TRUE,AI_ASSISTED_DISCOVERY
P2SRC_8ADE237D80BC38A0AD28,New opportunities and challenges of natural products research: When target identification meets single-cell multiomics,Yuyu Zhu; Zijun Ouyang; Haojie Du; Meijing Wang; Jiaojiao Wang; Haiyan Sun; Lingdong Kong; Qiang Xu; Hongyue Ma; Yang Sun,2022-08-27,10.1016/j.apsb.2022.08.022,36386472,,https://openalex.org/W4293340862,DOI:10.1016/j.apsb.2022.08.022,SCHOLARLY_RECORD,P2E1B_OPENALEX_07,CAT_01|CAT_07,UNRESOLVED_FROM_DISCOVERY_METADATA,UNRESOLVED_FROM_DISCOVERY_METADATA,POSSIBLY_RELEVANT,LIMITED_DISCOVERY_SIGNAL:artificial intelligence;EVENTS:1,Acta Pharmaceutica Sinica B,article,https://openalex.org/W4293340862,outputs/phase_two/p2_e1_pilot_v0.1/search/raw_retrieval/p2e1b_openalex_07_works.json,FALSE,TRUE,AI_ASSISTED_DISCOVERY
P2SRC_D8A1CF71908D2E95498B,New WHO prevalence estimates of mental disorders in conflict settings: a systematic review and meta-analysis,Fiona Charlson; Mark van Ommeren; Abraham D. Flaxman; Joseph A. Cornett; Harvey Whiteford; Shekhar Saxena,2019-06-12,10.1016/s0140-6736(19)30934-1,31200992,PMC6657025,https://openalex.org/W2950709739,DOI:10.1016/s0140-6736(19)30934-1,SCHOLARLY_RECORD,P2E1B_OPENALEX_06|P2E1B_PUBMED_06,CAT_05|CAT_06,UNRESOLVED_FROM_DISCOVERY_METADATA,UNRESOLVED_FROM_DISCOVERY_METADATA,LIKELY_RELEVANT,DISCOVERY_KEYWORDS:uncertainty;EVENTS:2,The Lancet,review,PMID:31200992|https://openalex.org/W2950709739,outputs/phase_two/p2_e1_pilot_v0.1/search/raw_retrieval/p2e1b_openalex_06_works.json|outputs/phase_two/p2_e1_pilot_v0.1/search/raw_retrieval/p2e1b_pubmed_06_esummary.json,FALSE,TRUE,AI_ASSISTED_DISCOVERY
P2SRC_F3E623CD223A8F93C428,NIA‐AA Research Framework: Toward a biological definition of Alzheimer's disease,Clifford R. Jack; David A. Bennett; Kaj Blennow; María C. Carrillo; Billy Dunn; Samantha Budd Haeberlein; David M. Holtzman; William J. Jagust; Frank Jessen; Jason Karlawish; Enchi Liu; José Luís Molinuevo; Thomas J. Montine; Creighton H. Phelps; Katherine P. Rankin; Christopher C. Rowe; Philip Scheltens; Eric Siemers; Heather M. Snyder; Reisa A. Sperling; Contributors; Cerise Elliott; Eliezer Masliah; Laurie Ryan; Nina Silverberg,2018-04-01,10.1016/j.jalz.2018.02.018,29653606,,https://openalex.org/W2798054687,DOI:10.1016/j.jalz.2018.02.018,SCHOLARLY_RECORD,P2E1B_OPENALEX_09,CAT_05|CAT_06,UNRESOLVED_FROM_DISCOVERY_METADATA,UNRESOLVED_FROM_DISCOVERY_METADATA,POSSIBLY_RELEVANT,LIMITED_DISCOVERY_SIGNAL:CATEGORY_CONTEXT;EVENTS:1,Alzheimer s & Dementia,article,https://openalex.org/W2798054687,outputs/phase_two/p2_e1_pilot_v0.1/search/raw_retrieval/p2e1b_openalex_09_works.json,FALSE,TRUE,AI_ASSISTED_DISCOVERY
P2SRC_A96BA57A90D484C77C4E,Noninvasive prognostic classification of ITH in HCC with multi-omics insights and therapeutic implications,Xie Y; Wang F; Wei J; Shen Z; Song X; Wang Y; Chen H; Tao L; Zheng J; Lin L; Niu Z; Guan X; Zhou T; Xu Z; Liu Y; Du D; Pan H; Li S; Ji W; Zhou W; Yang Y; Tian J; Xu J; Hu H; Liang X,2025 May 2,10.1126/sciadv.ads8323,40315307,PMC12047409,,PMID:40315307,SCHOLARLY_RECORD,P2E1B_PUBMED_01,CAT_01,UNRESOLVED_FROM_DISCOVERY_METADATA,UNRESOLVED_FROM_DISCOVERY_METADATA,POSSIBLY_RELEVANT,LIMITED_DISCOVERY_SIGNAL:CATEGORY_CONTEXT;EVENTS:1,Science advances,Journal Article,PMID:40315307,outputs/phase_two/p2_e1_pilot_v0.1/search/raw_retrieval/p2e1b_pubmed_01_esummary_retry.json,UNRESOLVED_FROM_DISCOVERY_METADATA,TRUE,AI_ASSISTED_DISCOVERY
P2SRC_EDFEF6BA02D6557F8BCB,Nutritional Strategies for Recovery-Adaptation Coupling After Exercise: From Muscle Damage to Performance Remodeling,Mănescu DC; Cerullo G; Petri C; Petcu C; Bidiugan R; Voinea A; Bidiugan S; Iacobini AR; Dragomir A; Gavrilă AA; Alexandrescu R; Băltărețu C; Petre RL,2026 Aug 4,10.3390/nu18152523,42588146,PMC13468400,,PMID:42588146,SCHOLARLY_RECORD,P2E1B_PUBMED_08,CAT_01|CAT_05|CAT_06,UNRESOLVED_FROM_DISCOVERY_METADATA,UNRESOLVED_FROM_DISCOVERY_METADATA,POSSIBLY_RELEVANT,LIMITED_DISCOVERY_SIGNAL:CATEGORY_CONTEXT;EVENTS:1,Nutrients,Journal Article|Review,PMID:42588146,outputs/phase_two/p2_e1_pilot_v0.1/search/raw_retrieval/p2e1b_pubmed_08_esummary.json,UNRESOLVED_FROM_DISCOVERY_METADATA,TRUE,AI_ASSISTED_DISCOVERY
P2SRC_1896564E3E547AC6A9D3,Objective causal predictions from observational data,Cox LA Jr,2024 Nov,10.1080/10408444.2024.2399856,39403830,,,PMID:39403830,SCHOLARLY_RECORD,P2E1B_PUBMED_09,CAT_05|CAT_06,UNRESOLVED_FROM_DISCOVERY_METADATA,UNRESOLVED_FROM_DISCOVERY_METADATA,POSSIBLY_RELEVANT,LIMITED_DISCOVERY_SIGNAL:CATEGORY_CONTEXT;EVENTS:1,Critical reviews in toxicology,Journal Article|Review,PMID:39403830,outputs/phase_two/p2_e1_pilot_v0.1/search/raw_retrieval/p2e1b_pubmed_09_esummary.json,UNRESOLVED_FROM_DISCOVERY_METADATA,TRUE,AI_ASSISTED_DISCOVERY
P2SRC_C543A9E40FA823D4E928,On the Accuracy of Replication Failure Rates,Schauer JM,2023 May-Jun,10.1080/00273171.2022.2066500,37339430,,,PMID:37339430,SCHOLARLY_RECORD,P2E1B_PUBMED_06,CAT_05|CAT_06,UNRESOLVED_FROM_DISCOVERY_METADATA,UNRESOLVED_FROM_DISCOVERY_METADATA,POSSIBLY_RELEVANT,LIMITED_DISCOVERY_SIGNAL:CATEGORY_CONTEXT;EVENTS:1,Multivariate behavioral research,Journal Article,PMID:37339430,outputs/phase_two/p2_e1_pilot_v0.1/search/raw_retrieval/p2e1b_pubmed_06_esummary.json,UNRESOLVED_FROM_DISCOVERY_METADATA,TRUE,AI_ASSISTED_DISCOVERY
P2SRC_56BABD188B59D379B703,On the Joys of Missing Data,Todd D. Little; Terrence D. Jorgensen; Kyle M. Lang; E. Whitney G. Moore,2013-07-08,10.1093/jpepsy/jst048,23836191,,https://openalex.org/W2136347995,DOI:10.1093/jpepsy/jst048,SCHOLARLY_RECORD,P2E1B_OPENALEX_09,CAT_05|CAT_06,UNRESOLVED_FROM_DISCOVERY_METADATA,UNRESOLVED_FROM_DISCOVERY_METADATA,POSSIBLY_RELEVANT,LIMITED_DISCOVERY_SIGNAL:missing data;EVENTS:1,Journal of Pediatric Psychology,article,https://openalex.org/W2136347995,outputs/phase_two/p2_e1_pilot_v0.1/search/raw_retrieval/p2e1b_openalex_09_works.json,FALSE,TRUE,AI_ASSISTED_DISCOVERY
P2SRC_213880C966C8903FABFD,OncoOmics approaches to reveal essential genes in breast cancer: a panoramic view from pathogenesis to precision medicine,Andrés López‐Cortés; César Paz‐y‐Miño; Santiago Guerrero; Alejandro Cabrera‐Andrade; Stephen J. Barigye; Cristian R. Munteanu; Humberto González‐Díaz; Alejandro Pazos; Yunierkis Pérez‐Castillo; Eduardo Tejera,2019-05-16,10.1101/638866,,,https://openalex.org/W2945300026,DOI:10.1101/638866,SCHOLARLY_RECORD,P2E1B_OPENALEX_02,CAT_01|CAT_02,UNRESOLVED_FROM_DISCOVERY_METADATA,UNRESOLVED_FROM_DISCOVERY_METADATA,POSSIBLY_RELEVANT,LIMITED_DISCOVERY_SIGNAL:open targets;EVENTS:1,bioRxiv (Cold Spring Harbor Laboratory),preprint,https://openalex.org/W2945300026,outputs/phase_two/p2_e1_pilot_v0.1/search/raw_retrieval/p2e1b_openalex_02_works.json,FALSE,TRUE,AI_ASSISTED_DISCOVERY
P2SRC_EAFC7CDB62A7B0A71273,OncoRTT: Predicting novel oncology-related therapeutic targets using BERT embeddings and omics features,Thafar MA; Albaradei S; Uludag M; Alshahrani M; Gojobori T; Essack M; Gao X,2023,10.3389/fgene.2023.1139626,37091791,PMC10117673,,PMID:37091791,SCHOLARLY_RECORD,P2E1B_PUBMED_02,CAT_01|CAT_02,UNRESOLVED_FROM_DISCOVERY_METADATA,UNRESOLVED_FROM_DISCOVERY_METADATA,POSSIBLY_RELEVANT,LIMITED_DISCOVERY_SIGNAL:therapeutic target;EVENTS:1,Frontiers in genetics,Journal Article,PMID:37091791,outputs/phase_two/p2_e1_pilot_v0.1/search/raw_retrieval/p2e1b_pubmed_02_esummary.json,UNRESOLVED_FROM_DISCOVERY_METADATA,TRUE,AI_ASSISTED_DISCOVERY
P2SRC_161698BED66240F31D21,Ontologies and Knowledge Graphs in Oncology Research,Silva MC; Eugénio P; Faria D; Pesquita C,2022 Apr 10,10.3390/cancers14081906,35454813,PMC9029532,,PMID:35454813,SCHOLARLY_RECORD,P2E1B_PUBMED_03,CAT_01|CAT_03,UNRESOLVED_FROM_DISCOVERY_METADATA,UNRESOLVED_FROM_DISCOVERY_METADATA,POSSIBLY_RELEVANT,LIMITED_DISCOVERY_SIGNAL:knowledge graph;EVENTS:1,Cancers,Journal Article|Review,PMID:35454813,outputs/phase_two/p2_e1_pilot_v0.1/search/raw_retrieval/p2e1b_pubmed_03_esummary.json,UNRESOLVED_FROM_DISCOVERY_METADATA,TRUE,AI_ASSISTED_DISCOVERY
P2SRC_171513392959AA27CC86,Open Research Knowledge Graph,Mohamad Yaser Jaradeh; Allard Oelen; Kheir Eddine Farfar; Manuel Prinz; Jennifer D’Souza; Gábor Kismihók; Markus Stocker; Sören Auer,2019-09-23,10.1145/3360901.3364435,,,https://openalex.org/W2983050946,DOI:10.1145/3360901.3364435,SCHOLARLY_RECORD,P2E1B_OPENALEX_03,CAT_01|CAT_03,UNRESOLVED_FROM_DISCOVERY_METADATA,UNRESOLVED_FROM_DISCOVERY_METADATA,POSSIBLY_RELEVANT,LIMITED_DISCOVERY_SIGNAL:knowledge graph;EVENTS:1,,conference-paper,https://openalex.org/W2983050946,outputs/phase_two/p2_e1_pilot_v0.1/search/raw_retrieval/p2e1b_openalex_03_works.json,FALSE,TRUE,AI_ASSISTED_DISCOVERY
P2SRC_AC6F14004A45DFC71B69,Open Targets Genetics: An open approach to systematically prioritize causal variants and genes at all published human GWAS trait-associated loci,Edward Mountjoy; Ellen M. Schmidt; Miguel Carmona; Gareth Peat; Alfredo Miranda; Luca Fumis; James Hayhurst; Annalisa Buniello; Jeremy Schwartzentruber; Mohd Anisul Karim; Daniel J. Wright; Andrew Hercules; Eliseo Papa; Eric B. Fauman; Jeffrey C. Barrett; John A. Todd; David Ochoa; Ian Dunham; Maya Ghoussaini,2020-09-17,10.1101/2020.09.16.299271,,,https://openalex.org/W3085881700,DOI:10.1101/2020.09.16.299271,SCHOLARLY_RECORD,P2E1B_OPENALEX_02,CAT_01|CAT_02,UNRESOLVED_FROM_DISCOVERY_METADATA,UNRESOLVED_FROM_DISCOVERY_METADATA,LIKELY_RELEVANT,DISCOVERY_KEYWORDS:drug target|machine learning|open targets;EVENTS:1,bioRxiv (Cold Spring Harbor Laboratory),preprint,https://openalex.org/W3085881700,outputs/phase_two/p2_e1_pilot_v0.1/search/raw_retrieval/p2e1b_openalex_02_works.json,FALSE,TRUE,AI_ASSISTED_DISCOVERY
P2SRC_D1D0AE9F175C4B161BCC,Open Targets Genetics: systematic identification of trait-associated genes using large-scale genetics and functional genomics,Maya Ghoussaini; Edward Mountjoy; Miguel Carmona; Gareth Peat; Ellen M. Schmidt; Andrew Hercules; Luca Fumis; Alfredo Miranda; Denise Carvalho‐Silva; Annalisa Buniello; Tony Burdett; James Hayhurst; Jarrod Baker; Javier Ferrer; Asier Gonzalez‐Uriarte; Simon Jupp; Mohd Anisul Karim; Gautier Koscielny; Sandra Machlitt‐Northen; Claudio Malangone; Zoë May Pendlington; Paola Roncaglia; Dániel Süveges; Daniel J. Wright; Olga Vrousgou; Eliseo Papa; Helen Parkinson; Jacqueline A. L. MacArthur; John A. Todd; Jeffrey C. Barrett; Jeremy Schwartzentruber; David G. Hulcoop; David Ochoa; Ellen M. McDonagh; Ian Dunham,2020-09-17,10.1093/nar/gkaa840,33045747,PMC7778936,https://openalex.org/W3092119378,DOI:10.1093/nar/gkaa840,SCHOLARLY_RECORD,P2E1B_OPENALEX_02|P2E1B_PUBMED_02,CAT_01|CAT_02,UNRESOLVED_FROM_DISCOVERY_METADATA,UNRESOLVED_FROM_DISCOVERY_METADATA,LIKELY_RELEVANT,DISCOVERY_KEYWORDS:open targets;EVENTS:2,Nucleic Acids Research,article,PMID:33045747|https://openalex.org/W3092119378,outputs/phase_two/p2_e1_pilot_v0.1/search/raw_retrieval/p2e1b_openalex_02_works.json|outputs/phase_two/p2_e1_pilot_v0.1/search/raw_retrieval/p2e1b_pubmed_02_esummary.json,FALSE,TRUE,AI_ASSISTED_DISCOVERY
P2SRC_A1CFB2EBB1769170228A,Open Targets Platform Documentation — api documentation,Open Targets,2026-09-03T03:56:29Z,,,,,GITHUB:opentargets/platform-docs@a919391c50ca40dc65b30b4a5a14cb275b54f8ad:data-access/graphql-api.md,OFFICIAL_FIRST_PARTY_DOCUMENTATION,P2E1B_OTDOC_04,CAT_01|CAT_02,NOT_APPLICABLE_DOCUMENTATION,FIRST_PARTY,LIKELY_RELEVANT,PRESPECIFIED_OPEN_TARGETS_ORIENTATION:api_documentation,Official opentargets/platform-docs repository,api_documentation,OFFICIAL_REPOSITORY_PATH::data-access/graphql-api.md@a919391c50ca40dc65b30b4a5a14cb275b54f8ad,outputs/phase_two/p2_e1_pilot_v0.1/search/raw_retrieval/open_targets_docs/data-access__graphql-api.md.github_blob.json,NOT_APPLICABLE_DOCUMENTATION,TRUE,AI_ASSISTED_DISCOVERY
P2SRC_0CE0D10AAA280E1CDBD2,Open Targets Platform Documentation — association aggregation scoring documentation,Open Targets,2026-09-03T04:01:28Z,,,,,GITHUB:opentargets/platform-docs@a919391c50ca40dc65b30b4a5a14cb275b54f8ad:associations.md,OFFICIAL_FIRST_PARTY_DOCUMENTATION,P2E1B_OTDOC_07,CAT_01|CAT_02,NOT_APPLICABLE_DOCUMENTATION,FIRST_PARTY,LIKELY_RELEVANT,PRESPECIFIED_OPEN_TARGETS_ORIENTATION:association_aggregation_scoring_documentation,Official opentargets/platform-docs repository,association_aggregation_scoring_documentation,OFFICIAL_REPOSITORY_PATH::associations.md@a919391c50ca40dc65b30b4a5a14cb275b54f8ad,outputs/phase_two/p2_e1_pilot_v0.1/search/raw_retrieval/open_targets_docs/associations.md,NOT_APPLICABLE_DOCUMENTATION,TRUE,AI_ASSISTED_DISCOVERY
P2SRC_42D4E4B5DBE8EA11A2CD,Open Targets Platform Documentation — data access overview,Open Targets,2026-09-03T03:54:59Z,,,,,GITHUB:opentargets/platform-docs@a919391c50ca40dc65b30b4a5a14cb275b54f8ad:data-access/README.md,OFFICIAL_FIRST_PARTY_DOCUMENTATION,P2E1B_OTDOC_03,CAT_01|CAT_02,NOT_APPLICABLE_DOCUMENTATION,FIRST_PARTY,LIKELY_RELEVANT,PRESPECIFIED_OPEN_TARGETS_ORIENTATION:data_access_overview,Official opentargets/platform-docs repository,data_access_overview,OFFICIAL_REPOSITORY_PATH::data-access/README.md@a919391c50ca40dc65b30b4a5a14cb275b54f8ad,outputs/phase_two/p2_e1_pilot_v0.1/search/raw_retrieval/open_targets_docs/data-access__README.md.github_blob.json,NOT_APPLICABLE_DOCUMENTATION,TRUE,AI_ASSISTED_DISCOVERY
P2SRC_045B0368618EE23E4995,Open Targets Platform Documentation — data model orientation,Open Targets,2026-09-03T03:53:10Z,,,,,GITHUB:opentargets/platform-docs@a919391c50ca40dc65b30b4a5a14cb275b54f8ad:getting-started.md,OFFICIAL_FIRST_PARTY_DOCUMENTATION,P2E1B_OTDOC_02,CAT_01|CAT_02,NOT_APPLICABLE_DOCUMENTATION,FIRST_PARTY,LIKELY_RELEVANT,PRESPECIFIED_OPEN_TARGETS_ORIENTATION:data_model_orientation,Official opentargets/platform-docs repository,data_model_orientation,OFFICIAL_REPOSITORY_PATH::getting-started.md@a919391c50ca40dc65b30b4a5a14cb275b54f8ad,outputs/phase_two/p2_e1_pilot_v0.1/search/raw_retrieval/open_targets_docs/getting-started.md.github_blob.json,NOT_APPLICABLE_DOCUMENTATION,TRUE,AI_ASSISTED_DISCOVERY
P2SRC_FBB43F6E718A94BA4A7D,Open Targets Platform Documentation — documentation landing,Open Targets,2026-09-03T03:51:44Z,,,,,GITHUB:opentargets/platform-docs@a919391c50ca40dc65b30b4a5a14cb275b54f8ad:README.md,OFFICIAL_FIRST_PARTY_DOCUMENTATION,P2E1B_OTDOC_01,CAT_01|CAT_02,NOT_APPLICABLE_DOCUMENTATION,FIRST_PARTY,LIKELY_RELEVANT,PRESPECIFIED_OPEN_TARGETS_ORIENTATION:documentation_landing,Official opentargets/platform-docs repository,documentation_landing,OFFICIAL_REPOSITORY_PATH::README.md@a919391c50ca40dc65b30b4a5a14cb275b54f8ad,outputs/phase_two/p2_e1_pilot_v0.1/search/raw_retrieval/open_targets_docs/README.md.github_blob.json,NOT_APPLICABLE_DOCUMENTATION,TRUE,AI_ASSISTED_DISCOVERY
P2SRC_9EC023124F064679E83D,Open Targets Platform Documentation — evidence documentation,Open Targets,2026-09-03T03:59:42Z,,,,,GITHUB:opentargets/platform-docs@a919391c50ca40dc65b30b4a5a14cb275b54f8ad:evidence.md,OFFICIAL_FIRST_PARTY_DOCUMENTATION,P2E1B_OTDOC_06,CAT_01|CAT_02,NOT_APPLICABLE_DOCUMENTATION,FIRST_PARTY,LIKELY_RELEVANT,PRESPECIFIED_OPEN_TARGETS_ORIENTATION:evidence_documentation,Official opentargets/platform-docs repository,evidence_documentation,OFFICIAL_REPOSITORY_PATH::evidence.md@a919391c50ca40dc65b30b4a5a14cb275b54f8ad,outputs/phase_two/p2_e1_pilot_v0.1/search/raw_retrieval/open_targets_docs/evidence.md.github_blob.json,NOT_APPLICABLE_DOCUMENTATION,TRUE,AI_ASSISTED_DISCOVERY
P2SRC_B6509F16CB8CFA482506,Open Targets Platform Documentation — evidence user interface surface,Open Targets,2026-09-03T04:04:05Z,,,,,GITHUB:opentargets/platform-docs@a919391c50ca40dc65b30b4a5a14cb275b54f8ad:web-interface/evidence-pages.md,OFFICIAL_FIRST_PARTY_DOCUMENTATION,P2E1B_OTDOC_10,CAT_01|CAT_02,NOT_APPLICABLE_DOCUMENTATION,FIRST_PARTY,LIKELY_RELEVANT,PRESPECIFIED_OPEN_TARGETS_ORIENTATION:evidence_user_interface_surface,Official opentargets/platform-docs repository,evidence_user_interface_surface,OFFICIAL_REPOSITORY_PATH::web-interface/evidence-pages.md@a919391c50ca40dc65b30b4a5a14cb275b54f8ad,outputs/phase_two/p2_e1_pilot_v0.1/search/raw_retrieval/open_targets_docs/web-interface__evidence-pages.md.github_blob.json,NOT_APPLICABLE_DOCUMENTATION,TRUE,AI_ASSISTED_DISCOVERY
P2SRC_DD709BCA2B75C94C791B,Open Targets Platform Documentation — export and dataset documentation,Open Targets,2026-09-03T03:58:11Z,,,,,GITHUB:opentargets/platform-docs@a919391c50ca40dc65b30b4a5a14cb275b54f8ad:data-access/datasets.md,OFFICIAL_FIRST_PARTY_DOCUMENTATION,P2E1B_OTDOC_05,CAT_01|CAT_02,NOT_APPLICABLE_DOCUMENTATION,FIRST_PARTY,LIKELY_RELEVANT,PRESPECIFIED_OPEN_TARGETS_ORIENTATION:export_and_dataset_documentation,Official opentargets/platform-docs repository,export_and_dataset_documentation,OFFICIAL_REPOSITORY_PATH::data-access/datasets.md@a919391c50ca40dc65b30b4a5a14cb275b54f8ad,outputs/phase_two/p2_e1_pilot_v0.1/search/raw_retrieval/open_targets_docs/data-access__datasets.md.github_blob.json,NOT_APPLICABLE_DOCUMENTATION,TRUE,AI_ASSISTED_DISCOVERY
P2SRC_07F9DA61254A332848DE,Open Targets Platform Documentation — primary platform publications,Open Targets,2026-09-03T04:03:42Z,,,,,GITHUB:opentargets/platform-docs@a919391c50ca40dc65b30b4a5a14cb275b54f8ad:citation.md,OFFICIAL_FIRST_PARTY_DOCUMENTATION,P2E1B_OTDOC_09,CAT_01|CAT_02,NOT_APPLICABLE_DOCUMENTATION,FIRST_PARTY,LIKELY_RELEVANT,PRESPECIFIED_OPEN_TARGETS_ORIENTATION:primary_platform_publications,Official opentargets/platform-docs repository,primary_platform_publications,OFFICIAL_REPOSITORY_PATH::citation.md@a919391c50ca40dc65b30b4a5a14cb275b54f8ad,outputs/phase_two/p2_e1_pilot_v0.1/search/raw_retrieval/open_targets_docs/citation.md,NOT_APPLICABLE_DOCUMENTATION,TRUE,AI_ASSISTED_DISCOVERY
P2SRC_9FF0B1B4B13D1B0C5DF6,Open Targets Platform Documentation — release version information,Open Targets,2026-09-03T04:01:51Z,,,,,GITHUB:opentargets/platform-docs@a919391c50ca40dc65b30b4a5a14cb275b54f8ad:release-notes.md,OFFICIAL_FIRST_PARTY_DOCUMENTATION,P2E1B_OTDOC_08,CAT_01|CAT_02,NOT_APPLICABLE_DOCUMENTATION,FIRST_PARTY,LIKELY_RELEVANT,PRESPECIFIED_OPEN_TARGETS_ORIENTATION:release_version_information,Official opentargets/platform-docs repository,release_version_information,OFFICIAL_REPOSITORY_PATH::release-notes.md@a919391c50ca40dc65b30b4a5a14cb275b54f8ad,outputs/phase_two/p2_e1_pilot_v0.1/search/raw_retrieval/open_targets_docs/release-notes.md.github_blob.json,NOT_APPLICABLE_DOCUMENTATION,TRUE,AI_ASSISTED_DISCOVERY
P2SRC_B4184D317D557FF07702,Open Targets Platform Documentation — target synthesis user interface surface,Open Targets,2026-09-03T04:05:53Z,,,,,GITHUB:opentargets/platform-docs@a919391c50ca40dc65b30b4a5a14cb275b54f8ad:web-interface/associations-on-the-fly.md,OFFICIAL_FIRST_PARTY_DOCUMENTATION,P2E1B_OTDOC_11,CAT_01|CAT_02,NOT_APPLICABLE_DOCUMENTATION,FIRST_PARTY,LIKELY_RELEVANT,PRESPECIFIED_OPEN_TARGETS_ORIENTATION:target_synthesis_user_interface_surface,Official opentargets/platform-docs repository,target_synthesis_user_interface_surface,OFFICIAL_REPOSITORY_PATH::web-interface/associations-on-the-fly.md@a919391c50ca40dc65b30b4a5a14cb275b54f8ad,outputs/phase_two/p2_e1_pilot_v0.1/search/raw_retrieval/open_targets_docs/web-interface__associations-on-the-fly.md.github_blob.json,NOT_APPLICABLE_DOCUMENTATION,TRUE,AI_ASSISTED_DISCOVERY
P2SRC_CCF3AB7C139CE8721A57,Open Targets Platform: facilitating therapeutic hypotheses building in drug discovery,Annalisa Buniello; Dániel Süveges; Carlos Cruz-Castillo; Manuel Bernal Llinares; Helena Cornu; Irene López; Kirill Tsukanov; Juan María Roldán‐Romero; Chintan Mehta; Luca Fumis; Graham McNeill; James Hayhurst; Ricardo Esteban Martinez Osorio; Ehsan Barkhordari; Javier Ferrer; Miguel Carmona; Poonam Uniyal; Maria J. Falaguera; Polina Rusina; Ines Smit; Jeremy Schwartzentruber; Tobi Alegbe; Vivien W. Ho; Daniel Considine; Xiangyu Ge; Szymon Szyszkowski; Yakov A. Tsepilov; Maya Ghoussaini; Ian Dunham; David G. Hulcoop; Ellen M. McDonagh; David Ochoa,2024-10-30,10.1093/nar/gkae1128,39657122,PMC11701534,https://openalex.org/W4405224584,DOI:10.1093/nar/gkae1128,SCHOLARLY_RECORD,P2E1B_OPENALEX_02|P2E1B_PUBMED_02,CAT_01|CAT_02,UNRESOLVED_FROM_DISCOVERY_METADATA,UNRESOLVED_FROM_DISCOVERY_METADATA,LIKELY_RELEVANT,DISCOVERY_KEYWORDS:drug target|open targets|target prioritisation;EVENTS:2,Nucleic Acids Research,article,PMID:39657122|https://openalex.org/W4405224584,outputs/phase_two/p2_e1_pilot_v0.1/search/raw_retrieval/p2e1b_openalex_02_works.json|outputs/phase_two/p2_e1_pilot_v0.1/search/raw_retrieval/p2e1b_pubmed_02_esummary.json,FALSE,TRUE,AI_ASSISTED_DISCOVERY
P2SRC_C4F2F8A9C25E04B7A0F3,Open Targets Platform: new developments and updates two years on,Denise Carvalho‐Silva; Andrea Pierleoni; Miguel Pignatelli; Chuang Kee Ong; Luca Fumis; Nikiforos Karamanis; Miguel Carmona; Adam Faulconbridge; Andrew Hercules; Elaine McAuley; Alfredo Miranda; Gareth Peat; Michaela Spitzer; Jeffrey C. Barrett; David G. Hulcoop; Eliseo Papa; Gautier Koscielny; Ian Dunham,2018-10-26,10.1093/nar/gky1133,30462303,PMC6324073,https://openalex.org/W2900668971,DOI:10.1093/nar/gky1133,SCHOLARLY_RECORD,P2E1B_OPENALEX_02|P2E1B_PUBMED_02,CAT_01|CAT_02,UNRESOLVED_FROM_DISCOVERY_METADATA,UNRESOLVED_FROM_DISCOVERY_METADATA,LIKELY_RELEVANT,DISCOVERY_KEYWORDS:drug target|open targets|target prioritisation;EVENTS:2,Nucleic Acids Research,article,PMID:30462303|https://openalex.org/W2900668971,outputs/phase_two/p2_e1_pilot_v0.1/search/raw_retrieval/p2e1b_openalex_02_works.json|outputs/phase_two/p2_e1_pilot_v0.1/search/raw_retrieval/p2e1b_pubmed_02_esummary.json,FALSE,TRUE,AI_ASSISTED_DISCOVERY
P2SRC_3005918C76D161642E47,Open Targets Platform: supporting systematic drug–target identification and prioritisation,David Ochoa; Andrew Hercules; Miguel Carmona; Dániel Süveges; Asier Gonzalez‐Uriarte; Claudio Malangone; Alfredo Miranda; Luca Fumis; Denise Carvalho‐Silva; Michaela Spitzer; Jarrod Baker; Javier Ferrer; Arwa Bin Raies; Olesya Razuvayevskaya; Adam Faulconbridge; Eirini Petsalaki; Prudence Mutowo; Sandra Machlitt‐Northen; Gareth Peat; Elaine McAuley; Chuang Kee Ong; Edward Mountjoy; Maya Ghoussaini; Andrea Pierleoni; Eliseo Papa; Miguel Pignatelli; Gautier Koscielny; Mohd Anisul Karim; Jeremy Schwartzentruber; David G. Hulcoop; Ian Dunham; Ellen M. McDonagh,2020-11-11,10.1093/nar/gkaa1027,33196847,PMC7779013,https://openalex.org/W3106143834,DOI:10.1093/nar/gkaa1027,SCHOLARLY_RECORD,P2E1B_OPENALEX_01|P2E1B_OPENALEX_02|P2E1B_OPENALEX_07|P2E1B_PUBMED_02,CAT_01|CAT_02|CAT_07,UNRESOLVED_FROM_DISCOVERY_METADATA,UNRESOLVED_FROM_DISCOVERY_METADATA,LIKELY_RELEVANT,DISCOVERY_KEYWORDS:drug target|open targets;EVENTS:4,Nucleic Acids Research,article,PMID:33196847|https://openalex.org/W3106143834,outputs/phase_two/p2_e1_pilot_v0.1/search/raw_retrieval/p2e1b_openalex_01_works.json|outputs/phase_two/p2_e1_pilot_v0.1/search/raw_retrieval/p2e1b_openalex_02_works.json|outputs/phase_two/p2_e1_pilot_v0.1/search/raw_retrieval/p2e1b_openalex_07_works.json|outputs/phase_two/p2_e1_pilot_v0.1/search/raw_retrieval/p2e1b_pubmed_02_esummary.json,FALSE,TRUE,AI_ASSISTED_DISCOVERY
P2SRC_2802DB1C40607AB3116E,Open-World Knowledge Graph Completion,Baoxu Shi; Tim Weninger,2018-04-25,10.1609/aaai.v32i1.11535,,,https://openalex.org/W2963041663,DOI:10.1609/aaai.v32i1.11535,SCHOLARLY_RECORD,P2E1B_OPENALEX_03,CAT_01|CAT_03,UNRESOLVED_FROM_DISCOVERY_METADATA,UNRESOLVED_FROM_DISCOVERY_METADATA,POSSIBLY_RELEVANT,LIMITED_DISCOVERY_SIGNAL:knowledge graph;EVENTS:1,Proceedings of the AAAI Conference on Artificial Intelligence,conference-paper,https://openalex.org/W2963041663,outputs/phase_two/p2_e1_pilot_v0.1/search/raw_retrieval/p2e1b_openalex_03_works.json,FALSE,TRUE,AI_ASSISTED_DISCOVERY
P2SRC_FD8C78E597D4B1A2F52A,Organogenesis in a dish: Modeling development and disease using organoid technologies,Madeline A. Lancaster; Juergen A. Knoblich,2014-07-17,10.1126/science.1247125,25035496,,https://openalex.org/W2044928246,DOI:10.1126/science.1247125,SCHOLARLY_RECORD,P2E1B_OPENALEX_10,CAT_01|CAT_03|CAT_04,UNRESOLVED_FROM_DISCOVERY_METADATA,UNRESOLVED_FROM_DISCOVERY_METADATA,POSSIBLY_RELEVANT,LIMITED_DISCOVERY_SIGNAL:CATEGORY_CONTEXT;EVENTS:1,Science,article,https://openalex.org/W2044928246,outputs/phase_two/p2_e1_pilot_v0.1/search/raw_retrieval/p2e1b_openalex_10_works.json,FALSE,TRUE,AI_ASSISTED_DISCOVERY
P2SRC_CAB1F2A0473C451B9304,Organoid Vascularization: Strategies and Applications,Gao Q; Wang J; Zhang H; Wang J; Jing Y; Su J,2025 Aug,10.1002/adhm.202500301,40285576,,,PMID:40285576,SCHOLARLY_RECORD,P2E1B_PUBMED_12,CAT_01|CAT_05|CAT_06,UNRESOLVED_FROM_DISCOVERY_METADATA,UNRESOLVED_FROM_DISCOVERY_METADATA,POSSIBLY_RELEVANT,LIMITED_DISCOVERY_SIGNAL:CATEGORY_CONTEXT;EVENTS:1,Advanced healthcare materials,Journal Article|Review,PMID:40285576,outputs/phase_two/p2_e1_pilot_v0.1/search/raw_retrieval/p2e1b_pubmed_12_esummary.json,UNRESOLVED_FROM_DISCOVERY_METADATA,TRUE,AI_ASSISTED_DISCOVERY
P2SRC_F4350CB8B2DB1E607485,Organoid-AI platforms need integrated governance in drug discovery,Sakr J,2026 Jul,10.1016/j.drudis.2026.104732,42401253,,,PMID:42401253,SCHOLARLY_RECORD,P2E1B_PUBMED_14,CAT_01|CAT_07,UNRESOLVED_FROM_DISCOVERY_METADATA,UNRESOLVED_FROM_DISCOVERY_METADATA,POSSIBLY_RELEVANT,LIMITED_DISCOVERY_SIGNAL:CATEGORY_CONTEXT;EVENTS:1,Drug discovery today,Journal Article|Review,PMID:42401253,outputs/phase_two/p2_e1_pilot_v0.1/search/raw_retrieval/p2e1b_pubmed_14_esummary.json,UNRESOLVED_FROM_DISCOVERY_METADATA,TRUE,AI_ASSISTED_DISCOVERY
P2SRC_1B93CD63C67EF0BA8D1E,otargen : GraphQL-based R package for tidy data accessing and processing from Open Targets Genetics,Amir Feizi; Kamalika Ray,2023-07-19,10.1093/bioinformatics/btad441,37467069,PMC10394122,https://openalex.org/W4384817632,DOI:10.1093/bioinformatics/btad441,SCHOLARLY_RECORD,P2E1B_OPENALEX_02|P2E1B_PUBMED_02,CAT_01|CAT_02,UNRESOLVED_FROM_DISCOVERY_METADATA,UNRESOLVED_FROM_DISCOVERY_METADATA,LIKELY_RELEVANT,DISCOVERY_KEYWORDS:drug target|open targets;EVENTS:2,Bioinformatics,article,PMID:37467069|https://openalex.org/W4384817632,outputs/phase_two/p2_e1_pilot_v0.1/search/raw_retrieval/p2e1b_openalex_02_works.json|outputs/phase_two/p2_e1_pilot_v0.1/search/raw_retrieval/p2e1b_pubmed_02_esummary.json,FALSE,TRUE,AI_ASSISTED_DISCOVERY
P2SRC_6734601E1A5A045916FA,Outcomes for Patients With COVID-19 and Acute Kidney Injury: A Systematic Review and Meta-Analysis,Shelief Y. Robbins-Juarez; Long Qian; Kristen L. King; Jacob S. Stevens; S. Ali Husain; Jai Radhakrishnan; Sumit Mohan,2020-06-24,10.1016/j.ekir.2020.06.013,32775814,,https://openalex.org/W3037590441,DOI:10.1016/j.ekir.2020.06.013,SCHOLARLY_RECORD,P2E1B_OPENALEX_08,CAT_01|CAT_05|CAT_06,UNRESOLVED_FROM_DISCOVERY_METADATA,UNRESOLVED_FROM_DISCOVERY_METADATA,POSSIBLY_RELEVANT,LIMITED_DISCOVERY_SIGNAL:CATEGORY_CONTEXT;EVENTS:1,Kidney International Reports,review,https://openalex.org/W3037590441,outputs/phase_two/p2_e1_pilot_v0.1/search/raw_retrieval/p2e1b_openalex_08_works.json,FALSE,TRUE,AI_ASSISTED_DISCOVERY
P2SRC_7929B8AA453F9D195F2F,Outcomes of temporalis muscle-based facial reanimation surgery: A systematic review and meta-analysis,Wong ZY; de Jongh FW; Ingels KJAO; van Heerbeek N; Pouwels S,2025 Mar,10.1016/j.jpra.2024.10.015,39698478,PMC11652750,,PMID:39698478,SCHOLARLY_RECORD,P2E1B_PUBMED_13,CAT_03|CAT_05|CAT_06,UNRESOLVED_FROM_DISCOVERY_METADATA,UNRESOLVED_FROM_DISCOVERY_METADATA,POSSIBLY_RELEVANT,LIMITED_DISCOVERY_SIGNAL:CATEGORY_CONTEXT;EVENTS:1,JPRAS open,Journal Article|Review,PMID:39698478,outputs/phase_two/p2_e1_pilot_v0.1/search/raw_retrieval/p2e1b_pubmed_13_esummary.json,UNRESOLVED_FROM_DISCOVERY_METADATA,TRUE,AI_ASSISTED_DISCOVERY
P2SRC_C3208AB3A12158972721,Ovarian stimulation for freeze-all IVF cycles: a systematic review,Mizrachi Y; Horowitz E; Farhi J; Raziel A; Weissman A,2020 Jan 1,10.1093/humupd/dmz037,31867625,,,PMID:31867625,SCHOLARLY_RECORD,P2E1B_PUBMED_13,CAT_03|CAT_05|CAT_06,UNRESOLVED_FROM_DISCOVERY_METADATA,UNRESOLVED_FROM_DISCOVERY_METADATA,POSSIBLY_RELEVANT,LIMITED_DISCOVERY_SIGNAL:CATEGORY_CONTEXT;EVENTS:1,Human reproduction update,Journal Article|Systematic Review,PMID:31867625,outputs/phase_two/p2_e1_pilot_v0.1/search/raw_retrieval/p2e1b_pubmed_13_esummary.json,UNRESOLVED_FROM_DISCOVERY_METADATA,TRUE,AI_ASSISTED_DISCOVERY
P2SRC_9A7DE787DFB56CFDFC10,Overlapping genetic susceptibility of seven autoimmune diseases:SPU tests based on genome-wide association summary statistics,Zhao C; Jia X; Wang Y; Luo Z; Fan J; Shi X; Yang Y,2023 Jan 30,10.1016/j.gene.2022.147036,36368572,,,PMID:36368572,SCHOLARLY_RECORD,P2E1B_PUBMED_02,CAT_01|CAT_02,UNRESOLVED_FROM_DISCOVERY_METADATA,UNRESOLVED_FROM_DISCOVERY_METADATA,POSSIBLY_RELEVANT,LIMITED_DISCOVERY_SIGNAL:CATEGORY_CONTEXT;EVENTS:1,Gene,Meta-Analysis|Journal Article,PMID:36368572,outputs/phase_two/p2_e1_pilot_v0.1/search/raw_retrieval/p2e1b_pubmed_02_esummary.json,UNRESOLVED_FROM_DISCOVERY_METADATA,TRUE,AI_ASSISTED_DISCOVERY
P2SRC_C5AC19ABB7B55F82C024,Packaging and containerization of computational methods,Alser M; Lawlor B; Abdill RJ; Waymost S; Ayyala R; Rajkumar N; LaPierre N; Brito J; Ribeiro-Dos-Santos AM; Almadhoun N; Sarwal V; Firtina C; Osinski T; Eskin E; Hu Q; Strong D; Kim BBD; Abedalthagafi MS; Mutlu O; Mangul S,2024 Sep,10.1038/s41596-024-00986-0,38565959,,,PMID:38565959,SCHOLARLY_RECORD,P2E1B_PUBMED_05,CAT_05,UNRESOLVED_FROM_DISCOVERY_METADATA,UNRESOLVED_FROM_DISCOVERY_METADATA,LIKELY_OUT_OF_SCOPE,NO_TARGET_EVIDENCE_OR_REPRESENTATION_SIGNAL_IN_CAPTURED_METADATA,Nature protocols,"Journal Article|Systematic Review|Research Support, Non-U.S. Gov't|Research Support, N.I.H., Extramural",PMID:38565959,outputs/phase_two/p2_e1_pilot_v0.1/search/raw_retrieval/p2e1b_pubmed_05_esummary.json,UNRESOLVED_FROM_DISCOVERY_METADATA,TRUE,AI_ASSISTED_DISCOVERY
P2SRC_BFDB9528AC51D355D051,Pan-cancer proteogenomics connects oncogenic drivers to functional states,Li Y; Porta-Pardo E; Tokheim C; Bailey MH; Yaron TM; Stathias V; Geffen Y; Imbach KJ; Cao S; Anand S; Akiyama Y; Liu W; Wyczalkowski MA; Song Y; Storrs EP; Wendl MC; Zhang W; Sibai M; Ruiz-Serra V; Liang WW; Terekhanova NV; Rodrigues FM; Clauser KR; Heiman DI; Zhang Q; Aguet F; Calinawan AP; Dhanasekaran SM; Birger C; Satpathy S; Zhou DC; Wang LB; Baral J; Johnson JL; Huntsman EM; Pugliese P; Colaprico A; Iavarone A; Chheda MG; Ricketts CJ; Fenyö D; Payne SH; Rodriguez H; Robles AI; Gillette MA; Kumar-Sinha C; Lazar AJ; Cantley LC; Getz G; Ding L; Clinical Proteomic Tumor Analysis Consortium,2023 Aug 31,10.1016/j.cell.2023.07.014,37582357,,,PMID:37582357,SCHOLARLY_RECORD,P2E1B_PUBMED_01,CAT_01,UNRESOLVED_FROM_DISCOVERY_METADATA,UNRESOLVED_FROM_DISCOVERY_METADATA,LIKELY_OUT_OF_SCOPE,NO_TARGET_EVIDENCE_OR_REPRESENTATION_SIGNAL_IN_CAPTURED_METADATA,Cell,"Journal Article|Research Support, N.I.H., Extramural|Research Support, Non-U.S. Gov't",PMID:37582357,outputs/phase_two/p2_e1_pilot_v0.1/search/raw_retrieval/p2e1b_pubmed_01_esummary_retry.json,UNRESOLVED_FROM_DISCOVERY_METADATA,TRUE,AI_ASSISTED_DISCOVERY
P2SRC_6B34B24303A1141F1CDB,Paracrine Orchestration of Tumor Microenvironment Remodeling Induced by GLO1 Potentiates Lymph Node Metastasis in Breast Cancer,Xie J; Liu W; Deng X; Wang H; Ou X; An X; Situ MY; Yang A; Peng C; He R; Xie Y; Tang H; Chen Y; Liang JY; Shao R; Xiao W; Zheng S,2025 Aug,10.1002/advs.202500722,40492378,PMC12407353,,PMID:40492378,SCHOLARLY_RECORD,P2E1B_PUBMED_01,CAT_01,UNRESOLVED_FROM_DISCOVERY_METADATA,UNRESOLVED_FROM_DISCOVERY_METADATA,LIKELY_OUT_OF_SCOPE,NO_TARGET_EVIDENCE_OR_REPRESENTATION_SIGNAL_IN_CAPTURED_METADATA,"Advanced science (Weinheim, Baden-Wurttemberg, Germany)","Journal Article|Research Support, Non-U.S. Gov't",PMID:40492378,outputs/phase_two/p2_e1_pilot_v0.1/search/raw_retrieval/p2e1b_pubmed_01_esummary_retry.json,UNRESOLVED_FROM_DISCOVERY_METADATA,TRUE,AI_ASSISTED_DISCOVERY
P2SRC_E4902C00A36D2D425B1D,PAX6 promotes neuroendocrine phenotypes of prostate cancer via enhancing MET/STAT5A-mediated chromatin accessibility,Jing N; Du X; Liang Y; Tao Z; Bao S; Xiao H; Dong B; Gao WQ; Fang YX,2024 May 15,10.1186/s13046-024-03064-1,38745318,PMC11094950,,PMID:38745318,SCHOLARLY_RECORD,P2E1B_PUBMED_04,CAT_04,UNRESOLVED_FROM_DISCOVERY_METADATA,UNRESOLVED_FROM_DISCOVERY_METADATA,LIKELY_OUT_OF_SCOPE,NO_TARGET_EVIDENCE_OR_REPRESENTATION_SIGNAL_IN_CAPTURED_METADATA,Journal of experimental & clinical cancer research : CR,Journal Article,PMID:38745318,outputs/phase_two/p2_e1_pilot_v0.1/search/raw_retrieval/p2e1b_pubmed_04_esummary.json,UNRESOLVED_FROM_DISCOVERY_METADATA,TRUE,AI_ASSISTED_DISCOVERY
P2SRC_5347D51E99F63D632790,Peptide and protein nanoparticle conjugates: versatile platforms for biomedical applications,Christopher D. Spicer; Coline Jumeaux; Bakul Gupta; Molly M. Stevens,2018-01-01,10.1039/c7cs00877e,29479622,,https://openalex.org/W2788842288,DOI:10.1039/c7cs00877e,SCHOLARLY_RECORD,P2E1B_OPENALEX_12,CAT_01|CAT_05|CAT_06,UNRESOLVED_FROM_DISCOVERY_METADATA,UNRESOLVED_FROM_DISCOVERY_METADATA,POSSIBLY_RELEVANT,LIMITED_DISCOVERY_SIGNAL:CATEGORY_CONTEXT;EVENTS:1,Chemical Society Reviews,article,https://openalex.org/W2788842288,outputs/phase_two/p2_e1_pilot_v0.1/search/raw_retrieval/p2e1b_openalex_12_works.json,FALSE,TRUE,AI_ASSISTED_DISCOVERY
P2SRC_6262247BEAD608C59F93,Permutation inference methods for multivariate meta-analysis,Noma H; Nagashima K; Furukawa TA,2020 Mar,10.1111/biom.13134,31399994,,,PMID:31399994,SCHOLARLY_RECORD,P2E1B_PUBMED_06,CAT_05|CAT_06,UNRESOLVED_FROM_DISCOVERY_METADATA,UNRESOLVED_FROM_DISCOVERY_METADATA,POSSIBLY_RELEVANT,LIMITED_DISCOVERY_SIGNAL:CATEGORY_CONTEXT;EVENTS:1,Biometrics,"Journal Article|Research Support, Non-U.S. Gov't",PMID:31399994,outputs/phase_two/p2_e1_pilot_v0.1/search/raw_retrieval/p2e1b_pubmed_06_esummary.json,UNRESOLVED_FROM_DISCOVERY_METADATA,TRUE,AI_ASSISTED_DISCOVERY
P2SRC_9BBB746C61874D1FE737,Perspective: Dimensions of the scientific method,Voit EO,2019 Sep,10.1371/journal.pcbi.1007279,31513575,PMC6742218,,PMID:31513575,SCHOLARLY_RECORD,P2E1B_PUBMED_11,CAT_04|CAT_05|CAT_06|CAT_07,UNRESOLVED_FROM_DISCOVERY_METADATA,UNRESOLVED_FROM_DISCOVERY_METADATA,POSSIBLY_RELEVANT,LIMITED_DISCOVERY_SIGNAL:CATEGORY_CONTEXT;EVENTS:1,PLoS computational biology,"Journal Article|Research Support, N.I.H., Extramural|Research Support, U.S. Gov't, Non-P.H.S.",PMID:31513575,outputs/phase_two/p2_e1_pilot_v0.1/search/raw_retrieval/p2e1b_pubmed_11_esummary.json,UNRESOLVED_FROM_DISCOVERY_METADATA,TRUE,AI_ASSISTED_DISCOVERY
P2SRC_0B2BEB3B3A4119F71049,"PESCADOR, a web-based tool to assist text-mining of biointeractions extracted from PubMed queries",Barbosa-Silva A; Fontaine JF; Donnard ER; Stussi F; Ortega JM; Andrade-Navarro MA,2011 Nov 9,10.1186/1471-2105-12-435,22070195,PMC3228910,,PMID:22070195,SCHOLARLY_RECORD,P2E1B_PUBMED_10,CAT_01|CAT_03|CAT_04,UNRESOLVED_FROM_DISCOVERY_METADATA,UNRESOLVED_FROM_DISCOVERY_METADATA,POSSIBLY_RELEVANT,LIMITED_DISCOVERY_SIGNAL:CATEGORY_CONTEXT;EVENTS:1,BMC bioinformatics,"Journal Article|Research Support, Non-U.S. Gov't",PMID:22070195,outputs/phase_two/p2_e1_pilot_v0.1/search/raw_retrieval/p2e1b_pubmed_10_esummary.json,UNRESOLVED_FROM_DISCOVERY_METADATA,TRUE,AI_ASSISTED_DISCOVERY
P2SRC_2E9033F70B6913255990,Pfam: the protein families database,ROBERT FINN; Alex Bateman; Jody Clements; Penelope Coggill; Ruth Y. Eberhardt; Sean R. Eddy; Andreas Heger; Kirstie Hetherington; Liisa Holm; Jaina Mistry; Erik L. L. Sonnhammer; John Tate; Marco Punta,2013-11-27,10.1093/nar/gkt1223,24288371,,https://openalex.org/W2147526198,DOI:10.1093/nar/gkt1223,SCHOLARLY_RECORD,P2E1B_OPENALEX_04,CAT_04,UNRESOLVED_FROM_DISCOVERY_METADATA,UNRESOLVED_FROM_DISCOVERY_METADATA,LIKELY_OUT_OF_SCOPE,NO_TARGET_EVIDENCE_OR_REPRESENTATION_SIGNAL_IN_CAPTURED_METADATA,Nucleic Acids Research,article,https://openalex.org/W2147526198,outputs/phase_two/p2_e1_pilot_v0.1/search/raw_retrieval/p2e1b_openalex_04_works.json,FALSE,TRUE,AI_ASSISTED_DISCOVERY
P2SRC_CD3001C3A7DB66FCBD89,Pfam: The protein families database in 2021,Jaina Mistry; Sara Chuguransky; Lowri Williams; Matloob Qureshi; Gustavo A Salazar; Erik L. L. Sonnhammer; Silvio C. E. Tosatto; Lisanna Paladin; Shriya Raj; Lorna Richardson; Robert D Finn; Alex Bateman,2020-10-06,10.1093/nar/gkaa913,33125078,,https://openalex.org/W3095583226,DOI:10.1093/nar/gkaa913,SCHOLARLY_RECORD,P2E1B_OPENALEX_04,CAT_04,UNRESOLVED_FROM_DISCOVERY_METADATA,UNRESOLVED_FROM_DISCOVERY_METADATA,LIKELY_OUT_OF_SCOPE,NO_TARGET_EVIDENCE_OR_REPRESENTATION_SIGNAL_IN_CAPTURED_METADATA,Nucleic Acids Research,article,https://openalex.org/W3095583226,outputs/phase_two/p2_e1_pilot_v0.1/search/raw_retrieval/p2e1b_openalex_04_works.json,FALSE,TRUE,AI_ASSISTED_DISCOVERY
P2SRC_BFAA298691FDAE3D8B77,"Pharmacoepidemiology for oncology clinical practice: Foundations, state of the art and perspectives",de Germay S; Berdaï D; Noize P,2022 Mar-Apr,10.1016/j.therap.2021.08.001,34973825,,,PMID:34973825,SCHOLARLY_RECORD,P2E1B_PUBMED_11,CAT_04|CAT_05|CAT_06|CAT_07,UNRESOLVED_FROM_DISCOVERY_METADATA,UNRESOLVED_FROM_DISCOVERY_METADATA,POSSIBLY_RELEVANT,LIMITED_DISCOVERY_SIGNAL:CATEGORY_CONTEXT;EVENTS:1,Therapie,Journal Article|Review,PMID:34973825,outputs/phase_two/p2_e1_pilot_v0.1/search/raw_retrieval/p2e1b_pubmed_11_esummary.json,UNRESOLVED_FROM_DISCOVERY_METADATA,TRUE,AI_ASSISTED_DISCOVERY
P2SRC_8DCFC609CFE214032757,Pharmacogenomics of GPCR Drug Targets,Alexander S. Hauser; Sreenivas Chavali; Ikuo Masuho; Leonie Johanna Jahn; Kirill A. Martemyanov; David E. Gloriam; M. Madan Babu,2017-12-14,10.1016/j.cell.2017.11.033,29249361,,https://openalex.org/W2774455409,DOI:10.1016/j.cell.2017.11.033,SCHOLARLY_RECORD,P2E1B_OPENALEX_10,CAT_01|CAT_03|CAT_04,UNRESOLVED_FROM_DISCOVERY_METADATA,UNRESOLVED_FROM_DISCOVERY_METADATA,POSSIBLY_RELEVANT,LIMITED_DISCOVERY_SIGNAL:drug target;EVENTS:1,Cell,article,https://openalex.org/W2774455409,outputs/phase_two/p2_e1_pilot_v0.1/search/raw_retrieval/p2e1b_openalex_10_works.json,FALSE,TRUE,AI_ASSISTED_DISCOVERY
P2SRC_F012B4A3B7FC0134C9FD,PharmKG: a dedicated knowledge graph benchmark for bomedical data mining,Shuangjia Zheng; Jiahua Rao; Song Ying; Jixian Zhang; Xianglu Xiao; Evandro Fei Fang; Yuedong Yang; Zhangming Niu,2020-12-12,10.1093/bib/bbaa344,33341877,,https://openalex.org/W3116099552,DOI:10.1093/bib/bbaa344,SCHOLARLY_RECORD,P2E1B_OPENALEX_03,CAT_01|CAT_03,UNRESOLVED_FROM_DISCOVERY_METADATA,UNRESOLVED_FROM_DISCOVERY_METADATA,POSSIBLY_RELEVANT,LIMITED_DISCOVERY_SIGNAL:knowledge graph;EVENTS:1,Briefings in Bioinformatics,article,https://openalex.org/W3116099552,outputs/phase_two/p2_e1_pilot_v0.1/search/raw_retrieval/p2e1b_openalex_03_works.json,FALSE,TRUE,AI_ASSISTED_DISCOVERY
P2SRC_F257C9D4AB77038318E3,PharmMapper 2017 update: a web server for potential drug target identification with a comprehensive target pharmacophore database,Xia Wang; Yihang Shen; Shiwei Wang; Shiliang Li; Weilin Zhang; Xiaofeng Liu; Luhua Lai; Jianfeng Pei; Honglin Li,2017-04-25,10.1093/nar/gkx374,28472422,,https://openalex.org/W2611425558,DOI:10.1093/nar/gkx374,SCHOLARLY_RECORD,P2E1B_OPENALEX_07,CAT_01|CAT_07,UNRESOLVED_FROM_DISCOVERY_METADATA,UNRESOLVED_FROM_DISCOVERY_METADATA,POSSIBLY_RELEVANT,LIMITED_DISCOVERY_SIGNAL:drug target;EVENTS:1,Nucleic Acids Research,article,https://openalex.org/W2611425558,outputs/phase_two/p2_e1_pilot_v0.1/search/raw_retrieval/p2e1b_openalex_07_works.json,FALSE,TRUE,AI_ASSISTED_DISCOVERY
P2SRC_DCCCD278A4474442299A,"Phenome-wide identification of therapeutic genetic targets, leveraging knowledge graphs, graph neural networks, and UK Biobank data",Middleton L; Melas I; Vasavda C; Raies A; Rozemberczki B; Dhindsa RS; Dhindsa JS; Weido B; Wang Q; Harper AR; Edwards G; Petrovski S; Vitsios D,2024 May 10,10.1126/sciadv.adj1424,38718126,PMC11078195,,PMID:38718126,SCHOLARLY_RECORD,P2E1B_PUBMED_07,CAT_01|CAT_07,UNRESOLVED_FROM_DISCOVERY_METADATA,UNRESOLVED_FROM_DISCOVERY_METADATA,POSSIBLY_RELEVANT,LIMITED_DISCOVERY_SIGNAL:knowledge graph;EVENTS:1,Science advances,"Journal Article|Research Support, Non-U.S. Gov't|Research Support, N.I.H., Extramural",PMID:38718126,outputs/phase_two/p2_e1_pilot_v0.1/search/raw_retrieval/p2e1b_pubmed_07_esummary.json,UNRESOLVED_FROM_DISCOVERY_METADATA,TRUE,AI_ASSISTED_DISCOVERY
P2SRC_174B4E8691CC79691F4F,Phenomenology of depression in older compared with younger adults: Meta-analysis,J.M. Hegeman; Rob Kok; Rose C. van der Mast; Erik J. Giltay,2012-04-01,10.1192/bjp.bp.111.095950,22474233,,https://openalex.org/W2146224534,DOI:10.1192/bjp.bp.111.095950,SCHOLARLY_RECORD,P2E1B_OPENALEX_08,CAT_01|CAT_05|CAT_06,UNRESOLVED_FROM_DISCOVERY_METADATA,UNRESOLVED_FROM_DISCOVERY_METADATA,POSSIBLY_RELEVANT,LIMITED_DISCOVERY_SIGNAL:CATEGORY_CONTEXT;EVENTS:1,The British Journal of Psychiatry,article,https://openalex.org/W2146224534,outputs/phase_two/p2_e1_pilot_v0.1/search/raw_retrieval/p2e1b_openalex_08_works.json,FALSE,TRUE,AI_ASSISTED_DISCOVERY
P2SRC_2446BC1ACE48FD550072,Phenotypic approaches for CNS drugs,Sharma R; Oyagawa CRM; Abbasi H; Dragunow M; Conole D,2024 Nov,10.1016/j.tips.2024.09.003,39438155,,,PMID:39438155,SCHOLARLY_RECORD,P2E1B_PUBMED_12,CAT_01|CAT_05|CAT_06,UNRESOLVED_FROM_DISCOVERY_METADATA,UNRESOLVED_FROM_DISCOVERY_METADATA,POSSIBLY_RELEVANT,LIMITED_DISCOVERY_SIGNAL:CATEGORY_CONTEXT;EVENTS:1,Trends in pharmacological sciences,"Journal Article|Review|Research Support, Non-U.S. Gov't",PMID:39438155,outputs/phase_two/p2_e1_pilot_v0.1/search/raw_retrieval/p2e1b_pubmed_12_esummary.json,UNRESOLVED_FROM_DISCOVERY_METADATA,TRUE,AI_ASSISTED_DISCOVERY
P2SRC_C80400B5A0DAD7CE1EA0,Photoacoustic clinical imaging,Steinberg I; Huland DM; Vermesh O; Frostig HE; Tummers WS; Gambhir SS,2019 Jun,10.1016/j.pacs.2019.05.001,31293884,PMC6595011,,PMID:31293884,SCHOLARLY_RECORD,P2E1B_PUBMED_12,CAT_01|CAT_05|CAT_06,UNRESOLVED_FROM_DISCOVERY_METADATA,UNRESOLVED_FROM_DISCOVERY_METADATA,POSSIBLY_RELEVANT,LIMITED_DISCOVERY_SIGNAL:CATEGORY_CONTEXT;EVENTS:1,Photoacoustics,Journal Article|Review,PMID:31293884,outputs/phase_two/p2_e1_pilot_v0.1/search/raw_retrieval/p2e1b_pubmed_12_esummary.json,UNRESOLVED_FROM_DISCOVERY_METADATA,TRUE,AI_ASSISTED_DISCOVERY
P2SRC_93ACF2AEE8A57052063F,Phylogenetic relationship of vertebrate carbonic anhydrases,Supuran CT; Capasso C,2026,10.1016/bs.enz.2026.03.002,42486543,,,PMID:42486543,SCHOLARLY_RECORD,P2E1B_PUBMED_04,CAT_04,UNRESOLVED_FROM_DISCOVERY_METADATA,UNRESOLVED_FROM_DISCOVERY_METADATA,LIKELY_OUT_OF_SCOPE,NO_TARGET_EVIDENCE_OR_REPRESENTATION_SIGNAL_IN_CAPTURED_METADATA,The Enzymes,Journal Article,PMID:42486543,outputs/phase_two/p2_e1_pilot_v0.1/search/raw_retrieval/p2e1b_pubmed_04_esummary.json,UNRESOLVED_FROM_DISCOVERY_METADATA,TRUE,AI_ASSISTED_DISCOVERY
P2SRC_9C1A2200C8848838C447,Physical activity and mental health: a systematic review and best-evidence synthesis of mediation and moderation studies,Rhiannon White; Stewart A. Vella; Stuart Biddle; Jordan Sutcliffe; Justin M. Guagliano; Riaz Uddin; Alice Burgin; Maria Apostolopoulos; Tatiana Nguyen; Carmen Young; Nicole Taylor; Samantha Lilley; Megan Teychenne,2024-11-28,10.1186/s12966-024-01676-6,39609855,,https://openalex.org/W4404830451,DOI:10.1186/s12966-024-01676-6,SCHOLARLY_RECORD,P2E1B_OPENALEX_13,CAT_03|CAT_05|CAT_06,UNRESOLVED_FROM_DISCOVERY_METADATA,UNRESOLVED_FROM_DISCOVERY_METADATA,POSSIBLY_RELEVANT,LIMITED_DISCOVERY_SIGNAL:evidence synthesis;EVENTS:1,International Journal of Behavioral Nutrition and Physical Activity,review,https://openalex.org/W4404830451,outputs/phase_two/p2_e1_pilot_v0.1/search/raw_retrieval/p2e1b_openalex_13_works.json,FALSE,TRUE,AI_ASSISTED_DISCOVERY
P2SRC_7F32E9A7694604AC6B6F,Physics-Inspired Single-Particle Tracking Accelerated with Parallelism,Xu LWQ; Pressé S,2025 Jun 3,10.1101/2025.05.30.657103,40501534,PMC12157436,,PMID:40501534,SCHOLARLY_RECORD,P2E1B_PUBMED_08,CAT_01|CAT_05|CAT_06,UNRESOLVED_FROM_DISCOVERY_METADATA,UNRESOLVED_FROM_DISCOVERY_METADATA,POSSIBLY_RELEVANT,LIMITED_DISCOVERY_SIGNAL:CATEGORY_CONTEXT;EVENTS:1,bioRxiv : the preprint server for biology,Journal Article|Preprint,PMID:40501534,outputs/phase_two/p2_e1_pilot_v0.1/search/raw_retrieval/p2e1b_pubmed_08_esummary.json,UNRESOLVED_FROM_DISCOVERY_METADATA,TRUE,AI_ASSISTED_DISCOVERY
P2SRC_AB52DD9315D0B2F11E51,"Plant-Derived Natural Compounds and Nrf2-Centered Redox Signaling in Intracerebral Hemorrhage: Evidence Grading, Mechanistic Boundaries, and Translational Challenges",Gao X; Chang Y; Liu Y; Tang P; Chen T; Yuan Y; Li P,2026 Jul 15,10.3390/antiox15070878,42510609,PMC13406009,,PMID:42510609,SCHOLARLY_RECORD,P2E1B_PUBMED_08,CAT_01|CAT_05|CAT_06,UNRESOLVED_FROM_DISCOVERY_METADATA,UNRESOLVED_FROM_DISCOVERY_METADATA,POSSIBLY_RELEVANT,LIMITED_DISCOVERY_SIGNAL:CATEGORY_CONTEXT;EVENTS:1,"Antioxidants (Basel, Switzerland)",Journal Article|Review,PMID:42510609,outputs/phase_two/p2_e1_pilot_v0.1/search/raw_retrieval/p2e1b_pubmed_08_esummary.json,UNRESOLVED_FROM_DISCOVERY_METADATA,TRUE,AI_ASSISTED_DISCOVERY
P2SRC_920243BD4037C129A7F2,Plea for routinely presenting prediction intervals in meta-analysis,Joanna IntHout; John P. A. Ioannidis; Maroeska M. Rovers; Jelle J. Goeman,2016-07-01,10.1136/bmjopen-2015-010247,27406637,,https://openalex.org/W2464924628,DOI:10.1136/bmjopen-2015-010247,SCHOLARLY_RECORD,P2E1B_OPENALEX_06,CAT_05|CAT_06,UNRESOLVED_FROM_DISCOVERY_METADATA,UNRESOLVED_FROM_DISCOVERY_METADATA,POSSIBLY_RELEVANT,LIMITED_DISCOVERY_SIGNAL:uncertainty;EVENTS:1,BMJ Open,article,https://openalex.org/W2464924628,outputs/phase_two/p2_e1_pilot_v0.1/search/raw_retrieval/p2e1b_openalex_06_works.json,FALSE,TRUE,AI_ASSISTED_DISCOVERY
P2SRC_454EF1FFB0DD86B77D01,PM2.5/PM10 Forecasting System with Benchmarking of 44 Machine Learning Algorithms and Ensemble Learning Approaches,Mamani-Suclla P; Villavicencio-Siu S; Arroyo-Paz A,2026 Jul 7,10.3390/s26134315,42451557,PMC13364004,,PMID:42451557,SCHOLARLY_RECORD,P2E1B_PUBMED_08,CAT_01|CAT_05|CAT_06,UNRESOLVED_FROM_DISCOVERY_METADATA,UNRESOLVED_FROM_DISCOVERY_METADATA,POSSIBLY_RELEVANT,LIMITED_DISCOVERY_SIGNAL:machine learning;EVENTS:1,"Sensors (Basel, Switzerland)",Journal Article,PMID:42451557,outputs/phase_two/p2_e1_pilot_v0.1/search/raw_retrieval/p2e1b_pubmed_08_esummary.json,UNRESOLVED_FROM_DISCOVERY_METADATA,TRUE,AI_ASSISTED_DISCOVERY
P2SRC_E7E5F3FF635BFBC5DB56,Polylactic acid (PLA) controlled delivery carriers for biomedical applications,Betty Tyler; David Gullotti; Antonella Mangraviti; Tadanobu Utsuki; Henry Brem,2016-07-16,10.1016/j.addr.2016.06.018,27426411,,https://openalex.org/W2466620019,DOI:10.1016/j.addr.2016.06.018,SCHOLARLY_RECORD,P2E1B_OPENALEX_12,CAT_01|CAT_05|CAT_06,UNRESOLVED_FROM_DISCOVERY_METADATA,UNRESOLVED_FROM_DISCOVERY_METADATA,POSSIBLY_RELEVANT,LIMITED_DISCOVERY_SIGNAL:CATEGORY_CONTEXT;EVENTS:1,Advanced Drug Delivery Reviews,article,https://openalex.org/W2466620019,outputs/phase_two/p2_e1_pilot_v0.1/search/raw_retrieval/p2e1b_openalex_12_works.json,FALSE,TRUE,AI_ASSISTED_DISCOVERY
P2SRC_7BC9F0D0F4E5F738DB93,Polypharmacology of Berberine Based on Multi-Target Binding Motifs,Chu M; Chen X; Wang J; Guo L; Wang Q; Gao Z; Kang J; Zhang M; Feng J; Guo Q; Li B; Zhang C; Guo X; Chu Z; Wang Y,2018,10.3389/fphar.2018.00801,30087614,PMC6066535,,PMID:30087614,SCHOLARLY_RECORD,P2E1B_PUBMED_10,CAT_01|CAT_03|CAT_04,UNRESOLVED_FROM_DISCOVERY_METADATA,UNRESOLVED_FROM_DISCOVERY_METADATA,POSSIBLY_RELEVANT,LIMITED_DISCOVERY_SIGNAL:CATEGORY_CONTEXT;EVENTS:1,Frontiers in pharmacology,Journal Article,PMID:30087614,outputs/phase_two/p2_e1_pilot_v0.1/search/raw_retrieval/p2e1b_pubmed_10_esummary.json,UNRESOLVED_FROM_DISCOVERY_METADATA,TRUE,AI_ASSISTED_DISCOVERY
P2SRC_85850A90757090CA727F,Polyphenol Oxidase-Like Nanozymes,Gu H; Li J; Dai P; Sun T; Chen C; Guo Z; Fan K,2025 Oct,10.1002/adma.202509346,40847695,,,PMID:40847695,SCHOLARLY_RECORD,P2E1B_PUBMED_12,CAT_01|CAT_05|CAT_06,UNRESOLVED_FROM_DISCOVERY_METADATA,UNRESOLVED_FROM_DISCOVERY_METADATA,POSSIBLY_RELEVANT,LIMITED_DISCOVERY_SIGNAL:CATEGORY_CONTEXT;EVENTS:1,"Advanced materials (Deerfield Beach, Fla.)","Journal Article|Review|Research Support, Non-U.S. Gov't",PMID:40847695,outputs/phase_two/p2_e1_pilot_v0.1/search/raw_retrieval/p2e1b_pubmed_12_esummary.json,UNRESOLVED_FROM_DISCOVERY_METADATA,TRUE,AI_ASSISTED_DISCOVERY
P2SRC_EFD104DB49EA9B62C421,Pre-implantation Development of Domestic Animals,Piliszek A; Madeja ZE,2018,10.1016/bs.ctdb.2017.11.005,29477166,,,PMID:29477166,SCHOLARLY_RECORD,P2E1B_PUBMED_04,CAT_04,UNRESOLVED_FROM_DISCOVERY_METADATA,UNRESOLVED_FROM_DISCOVERY_METADATA,LIKELY_OUT_OF_SCOPE,NO_TARGET_EVIDENCE_OR_REPRESENTATION_SIGNAL_IN_CAPTURED_METADATA,Current topics in developmental biology,"Journal Article|Research Support, Non-U.S. Gov't|Review",PMID:29477166,outputs/phase_two/p2_e1_pilot_v0.1/search/raw_retrieval/p2e1b_pubmed_04_esummary.json,UNRESOLVED_FROM_DISCOVERY_METADATA,TRUE,AI_ASSISTED_DISCOVERY
P2SRC_F6D5EC117C3BD484CD68,Predicting drug outcome of population via clinical knowledge graph,Brbić M; Yasunaga M; Agarwal P; Leskovec J,2024 Oct 19,10.1101/2024.03.06.24303800,38496488,PMC10942490,,PMID:38496488,SCHOLARLY_RECORD,P2E1B_PUBMED_03,CAT_01|CAT_03,UNRESOLVED_FROM_DISCOVERY_METADATA,UNRESOLVED_FROM_DISCOVERY_METADATA,POSSIBLY_RELEVANT,LIMITED_DISCOVERY_SIGNAL:knowledge graph;EVENTS:1,medRxiv : the preprint server for health sciences,Journal Article|Preprint,PMID:38496488,outputs/phase_two/p2_e1_pilot_v0.1/search/raw_retrieval/p2e1b_pubmed_03_esummary.json,UNRESOLVED_FROM_DISCOVERY_METADATA,TRUE,AI_ASSISTED_DISCOVERY
P2SRC_CE99D9CDBC58077BA99A,Predicting transcriptional outcomes of novel multigene perturbations with GEARS,Roohani Y; Huang K; Leskovec J,2024 Jun,10.1038/s41587-023-01905-6,37592036,PMC11180609,,PMID:37592036,SCHOLARLY_RECORD,P2E1B_PUBMED_03,CAT_01|CAT_03,UNRESOLVED_FROM_DISCOVERY_METADATA,UNRESOLVED_FROM_DISCOVERY_METADATA,POSSIBLY_RELEVANT,LIMITED_DISCOVERY_SIGNAL:CATEGORY_CONTEXT;EVENTS:1,Nature biotechnology,Journal Article,PMID:37592036,outputs/phase_two/p2_e1_pilot_v0.1/search/raw_retrieval/p2e1b_pubmed_03_esummary.json,UNRESOLVED_FROM_DISCOVERY_METADATA,TRUE,AI_ASSISTED_DISCOVERY
P2SRC_1B3F925A38BF4DDFA3EC,Prediction and verification of potential lead analgesic and antiarrhythmic components in Corydalis yanhusuo W. T. Wang based on voltage-gated sodium channel proteins,Jianfang Sun; Xin Liu; Shangfeng Zhao; Suli Zhang; Liying Yang; Jinghai Zhang; Mingyi Zhao; Yijia Xu,2022-07-06,10.1016/j.ijbiomac.2022.07.024,35809671,,https://openalex.org/W4284886705,DOI:10.1016/j.ijbiomac.2022.07.024,SCHOLARLY_RECORD,P2E1B_OPENALEX_02,CAT_01|CAT_02,UNRESOLVED_FROM_DISCOVERY_METADATA,UNRESOLVED_FROM_DISCOVERY_METADATA,POSSIBLY_RELEVANT,LIMITED_DISCOVERY_SIGNAL:CATEGORY_CONTEXT;EVENTS:1,International Journal of Biological Macromolecules,article,https://openalex.org/W4284886705,outputs/phase_two/p2_e1_pilot_v0.1/search/raw_retrieval/p2e1b_openalex_02_works.json,FALSE,TRUE,AI_ASSISTED_DISCOVERY
P2SRC_98AEFC652C1B464D61F8,Prediction models for diagnosis and prognosis of covid-19: systematic review and critical appraisal,Laure Wynants; Ben Van Calster; Professor Gary S. Collins; Richard D Riley; Georg Heinze; Ewoud Schuit; Elena Albu; Banafsheh Arshi; Vanesa Bellou; Marc J. M. Bonten; Darren Dahly; Johanna AAG Damen; Thomas P. A. Debray; Valentijn M. T. de Jong; Maarten De Vos; Paula Dhiman; Joie Ensor; Shan Gao; Maria Haller; Michael O. Harhay; Liesbet Henckaerts; Pauline Heus; Jeroen Hoogland; Mohammed T Hudda; Kevin Jenniskens; Michael Kammer; Nina Kreuzberger; Anna Lohmann; Brooke Levis; Kim Luijken; Jie Ma; Glen P. Martin; David J. McLernon; Constanza L. Andaur Navarro; Johannes B. Reitsma; Jamie C. Sergeant; Chunhu Shi; Nicole Skoetz; Luc Smits; Kym I E Snell; Matthew Sperrin; René Spijker; Ewout W. Steyerberg; Toshihiko Takada; Ioanna Tzoulaki; Sander M. J. van Kuijk; Bas C. T. van Bussel; Iwan C.C. van der Horst; Kelly Reeve; Florien S van Royen; Jan Y. Verbakel; Christine Wallisch; Jack Wilkinson; Robert Wolff; Lotty Hooft; Karel G.M. Moons; Maarten van Smeden,2020-04-07,10.1136/bmj.m1328,32265220,,https://openalex.org/W3014524604,DOI:10.1136/bmj.m1328,SCHOLARLY_RECORD,P2E1B_OPENALEX_05,CAT_05,UNRESOLVED_FROM_DISCOVERY_METADATA,UNRESOLVED_FROM_DISCOVERY_METADATA,POSSIBLY_RELEVANT,LIMITED_DISCOVERY_SIGNAL:CATEGORY_CONTEXT;EVENTS:1,BMJ,review,https://openalex.org/W3014524604,outputs/phase_two/p2_e1_pilot_v0.1/search/raw_retrieval/p2e1b_openalex_05_works.json,FALSE,TRUE,AI_ASSISTED_DISCOVERY
P2SRC_1752EE84E8072E9642EB,Prediction models for treatment response in migraine: a systematic review and meta-analysis,Chen Q; Zhang J; Cao B; Hu Y; Kong Y; Li B; Liu L,2025 Feb 12,10.1186/s10194-025-01972-x,39939885,PMC11817351,,PMID:39939885,SCHOLARLY_RECORD,P2E1B_PUBMED_05,CAT_05,UNRESOLVED_FROM_DISCOVERY_METADATA,UNRESOLVED_FROM_DISCOVERY_METADATA,LIKELY_OUT_OF_SCOPE,NO_TARGET_EVIDENCE_OR_REPRESENTATION_SIGNAL_IN_CAPTURED_METADATA,The journal of headache and pain,Journal Article|Systematic Review|Meta-Analysis,PMID:39939885,outputs/phase_two/p2_e1_pilot_v0.1/search/raw_retrieval/p2e1b_pubmed_05_esummary.json,UNRESOLVED_FROM_DISCOVERY_METADATA,TRUE,AI_ASSISTED_DISCOVERY
P2SRC_CF037E1D3F253C41DA8E,Prediction of Drug-Target Interactions and Drug Repositioning via Network-Based Inference,Feixiong Cheng; Chuang Liu; Jing Jiang; Weiqiang Lü; Weihua Li; Guixia Liu; Wei‐Xing Zhou; Jin Huang; Yun Tang,2012-05-10,10.1371/journal.pcbi.1002503,22589709,,https://openalex.org/W1984084871,DOI:10.1371/journal.pcbi.1002503,SCHOLARLY_RECORD,P2E1B_OPENALEX_01,CAT_01,UNRESOLVED_FROM_DISCOVERY_METADATA,UNRESOLVED_FROM_DISCOVERY_METADATA,POSSIBLY_RELEVANT,LIMITED_DISCOVERY_SIGNAL:drug target;EVENTS:1,PLoS Computational Biology,article,https://openalex.org/W1984084871,outputs/phase_two/p2_e1_pilot_v0.1/search/raw_retrieval/p2e1b_openalex_01_works.json,FALSE,TRUE,AI_ASSISTED_DISCOVERY
P2SRC_47817F0A97F0BAB41F6D,Predictors of Meniscal Allograft Transplantation Outcome: A Systematic Review,Fanelli D; Mercurio M; Gasparini G; Galasso O,2021 Feb,10.1055/s-0039-1695043,31461756,,,PMID:31461756,SCHOLARLY_RECORD,P2E1B_PUBMED_13,CAT_03|CAT_05|CAT_06,UNRESOLVED_FROM_DISCOVERY_METADATA,UNRESOLVED_FROM_DISCOVERY_METADATA,POSSIBLY_RELEVANT,LIMITED_DISCOVERY_SIGNAL:CATEGORY_CONTEXT;EVENTS:1,The journal of knee surgery,Journal Article|Systematic Review,PMID:31461756,outputs/phase_two/p2_e1_pilot_v0.1/search/raw_retrieval/p2e1b_pubmed_13_esummary.json,UNRESOLVED_FROM_DISCOVERY_METADATA,TRUE,AI_ASSISTED_DISCOVERY
P2SRC_EC12A5E3501345FC6D25,Preferred Reporting Items for a Systematic Review and Meta-analysis of Individual Participant Data,Lesley Stewart; Mike Clarke; Maroeska M. Rovers; Richard D Riley; Mark Simmonds; Gavin Stewart; Jayne F. Tierney,2015-04-28,10.1001/jama.2015.3656,25919529,,https://openalex.org/W2050118439,DOI:10.1001/jama.2015.3656,SCHOLARLY_RECORD,P2E1B_OPENALEX_06,CAT_05|CAT_06,UNRESOLVED_FROM_DISCOVERY_METADATA,UNRESOLVED_FROM_DISCOVERY_METADATA,LIKELY_RELEVANT,DISCOVERY_KEYWORDS:evidence synthesis|missing data;EVENTS:1,JAMA,review,https://openalex.org/W2050118439,outputs/phase_two/p2_e1_pilot_v0.1/search/raw_retrieval/p2e1b_openalex_06_works.json,FALSE,TRUE,AI_ASSISTED_DISCOVERY
P2SRC_C8539BD27C2A2A5BA6DA,Preferred reporting items for systematic review and meta-analysis protocols (PRISMA-P) 2015 statement,PRISMA-P Group; David Moher; Larissa Shamseer; Mike Clarke; Davina Ghersi; Alessandro Liberati; Mark Petticrew; Paul Shekelle; Lesley Stewart,2015-01-01,10.1186/2046-4053-4-1,25554246,,https://openalex.org/W2161374186,DOI:10.1186/2046-4053-4-1,SCHOLARLY_RECORD,P2E1B_OPENALEX_06,CAT_05|CAT_06,UNRESOLVED_FROM_DISCOVERY_METADATA,UNRESOLVED_FROM_DISCOVERY_METADATA,POSSIBLY_RELEVANT,LIMITED_DISCOVERY_SIGNAL:CATEGORY_CONTEXT;EVENTS:1,Systematic Reviews,review,https://openalex.org/W2161374186,outputs/phase_two/p2_e1_pilot_v0.1/search/raw_retrieval/p2e1b_openalex_06_works.json,FALSE,TRUE,AI_ASSISTED_DISCOVERY
P2SRC_5ACCF6485DF398E833A0,Preferred reporting items for systematic review and meta-analysis protocols (PRISMA-P) 2015: elaboration and explanation,Larissa Shamseer; David Moher; Mike Clarke; Davina Ghersi; A. Liberati; Mark Petticrew; Paul Shekelle; Lesley Stewart; the PRISMA-P Group,2015-01-02,10.1136/bmj.g7647,25555855,,https://openalex.org/W2169205464,DOI:10.1136/bmj.g7647,SCHOLARLY_RECORD,P2E1B_OPENALEX_05|P2E1B_OPENALEX_06,CAT_05|CAT_06,UNRESOLVED_FROM_DISCOVERY_METADATA,UNRESOLVED_FROM_DISCOVERY_METADATA,POSSIBLY_RELEVANT,LIMITED_DISCOVERY_SIGNAL:CATEGORY_CONTEXT;EVENTS:2,BMJ,review,https://openalex.org/W2169205464,outputs/phase_two/p2_e1_pilot_v0.1/search/raw_retrieval/p2e1b_openalex_05_works.json|outputs/phase_two/p2_e1_pilot_v0.1/search/raw_retrieval/p2e1b_openalex_06_works.json,FALSE,TRUE,AI_ASSISTED_DISCOVERY
P2SRC_C7F0B00AFD0EB685DE92,Preoperative predictors for mortality following hip fracture surgery: A systematic review and meta-analysis,Fangke Hu; Cheng‐Ying Jiang; Jing Shen; Peifu Tang; Yan Wang,2011-06-24,10.1016/j.injury.2011.05.017,21683355,,https://openalex.org/W2086469208,DOI:10.1016/j.injury.2011.05.017,SCHOLARLY_RECORD,P2E1B_OPENALEX_13,CAT_03|CAT_05|CAT_06,UNRESOLVED_FROM_DISCOVERY_METADATA,UNRESOLVED_FROM_DISCOVERY_METADATA,POSSIBLY_RELEVANT,LIMITED_DISCOVERY_SIGNAL:CATEGORY_CONTEXT;EVENTS:1,Injury,review,https://openalex.org/W2086469208,outputs/phase_two/p2_e1_pilot_v0.1/search/raw_retrieval/p2e1b_openalex_13_works.json,FALSE,TRUE,AI_ASSISTED_DISCOVERY
P2SRC_DDA6E375271DA59A3EF6,Prevalence of comorbidities and its effects in patients infected with SARS-CoV-2: a systematic review and meta-analysis,Jing Yang; Ya Zheng; Xi Gou; Ke Pu; Zhaofeng Chen; Qinghong Guo; Rui Ji; Haojia Wang; Yuping Wang; Yongning Zhou,2020-03-12,10.1016/j.ijid.2020.03.017,32173574,,https://openalex.org/W3023787531,DOI:10.1016/j.ijid.2020.03.017,SCHOLARLY_RECORD,P2E1B_OPENALEX_05,CAT_05,UNRESOLVED_FROM_DISCOVERY_METADATA,UNRESOLVED_FROM_DISCOVERY_METADATA,POSSIBLY_RELEVANT,LIMITED_DISCOVERY_SIGNAL:CATEGORY_CONTEXT;EVENTS:1,International Journal of Infectious Diseases,review,https://openalex.org/W3023787531,outputs/phase_two/p2_e1_pilot_v0.1/search/raw_retrieval/p2e1b_openalex_05_works.json,FALSE,TRUE,AI_ASSISTED_DISCOVERY
P2SRC_CB3F8294F3A06E9F3538,Prevalence of co‐morbidities and their association with mortality in patients with COVID ‐19: A systematic review and meta‐analysis,Awadhesh Kumar Singh; Clare Gillies; Ritu Singh; Akriti Singh; Yogini Chudasama; Briana Coles; Samuel Seidu; Francesco Zaccardi; Melanie J. Davies; Kamlesh Khunti,2020-06-23,10.1111/dom.14124,32573903,,https://openalex.org/W3023909608,DOI:10.1111/dom.14124,SCHOLARLY_RECORD,P2E1B_OPENALEX_08,CAT_01|CAT_05|CAT_06,UNRESOLVED_FROM_DISCOVERY_METADATA,UNRESOLVED_FROM_DISCOVERY_METADATA,POSSIBLY_RELEVANT,LIMITED_DISCOVERY_SIGNAL:CATEGORY_CONTEXT;EVENTS:1,Diabetes Obesity and Metabolism,review,https://openalex.org/W3023909608,outputs/phase_two/p2_e1_pilot_v0.1/search/raw_retrieval/p2e1b_openalex_08_works.json,FALSE,TRUE,AI_ASSISTED_DISCOVERY
P2SRC_F366CFFBCD825E7E357C,Principled missing data methods for researchers,Yiran Dong; Chao‐Ying Joanne Peng,2013-05-14,10.1186/2193-1801-2-222,23853744,,https://openalex.org/W2139075905,DOI:10.1186/2193-1801-2-222,SCHOLARLY_RECORD,P2E1B_OPENALEX_09,CAT_05|CAT_06,UNRESOLVED_FROM_DISCOVERY_METADATA,UNRESOLVED_FROM_DISCOVERY_METADATA,POSSIBLY_RELEVANT,LIMITED_DISCOVERY_SIGNAL:missing data;EVENTS:1,SpringerPlus,article,https://openalex.org/W2139075905,outputs/phase_two/p2_e1_pilot_v0.1/search/raw_retrieval/p2e1b_openalex_09_works.json,FALSE,TRUE,AI_ASSISTED_DISCOVERY
P2SRC_FED5F5F457C4B6502CA2,Prioritization of cancer therapeutic targets using CRISPR–Cas9 screens,Fiona M. Behan; Francesco Iorio; Gabriele Picco; Emanuel Gonçalves; Charlotte Beaver; Giorgia Migliardi; Rita Santos; Yanhua Rao; Francesco Sassi; Marika Pinnelli; Rizwan Ansari; Sarah Harper; David A. Jackson; Rebecca McRae; Rachel Pooley; Piers Wilkinson; Dieudonne van der Meer; David J. Dow; Carolyn Buser‐Doepner; Andrea Bertotti; Livio Trusolino; Euan A. Stronach; Julio Sáez-Rodríguez; Kosuke Yusa; Mathew J. Garnett,2019-04-10,10.1038/s41586-019-1103-9,30971826,,https://openalex.org/W2936686072,DOI:10.1038/s41586-019-1103-9,SCHOLARLY_RECORD,P2E1B_OPENALEX_01,CAT_01,UNRESOLVED_FROM_DISCOVERY_METADATA,UNRESOLVED_FROM_DISCOVERY_METADATA,POSSIBLY_RELEVANT,LIMITED_DISCOVERY_SIGNAL:therapeutic target;EVENTS:1,Nature,article,https://openalex.org/W2936686072,outputs/phase_two/p2_e1_pilot_v0.1/search/raw_retrieval/p2e1b_openalex_01_works.json,FALSE,TRUE,AI_ASSISTED_DISCOVERY
P2SRC_3EDE0053C8FA28A1CCA7,PRISMA 2020 explanation and elaboration: updated guidance and exemplars for reporting systematic reviews,Matthew J. Page; David Moher; Patrick M. Bossuyt; Isabelle Boutron; Tammy Hoffmann; Cynthia D. Mulrow; Larissa Shamseer; Jennifer Tetzlaff; Elie A. Akl; Sue Brennan; Roger Chou; Julie Glanville; Jeremy Grimshaw; Asbjørn Hróbjartsson; Manoj M. Lalu; Tianjing Li; Elizabeth Loder; Evan Mayo‐Wilson; Steve McDonald; Luke A. McGuinness; Lesley Stewart; James Thomas; Andrea C. Tricco; Vivian Welch; Penny Whiting; Joanne E. McKenzie,2021-03-29,10.1136/bmj.n160,33781993,,https://openalex.org/W3123893780,DOI:10.1136/bmj.n160,SCHOLARLY_RECORD,P2E1B_OPENALEX_05,CAT_05,UNRESOLVED_FROM_DISCOVERY_METADATA,UNRESOLVED_FROM_DISCOVERY_METADATA,POSSIBLY_RELEVANT,LIMITED_DISCOVERY_SIGNAL:CATEGORY_CONTEXT;EVENTS:1,BMJ,review,https://openalex.org/W3123893780,outputs/phase_two/p2_e1_pilot_v0.1/search/raw_retrieval/p2e1b_openalex_05_works.json,FALSE,TRUE,AI_ASSISTED_DISCOVERY
P2SRC_65C640CFF924D33D75D3,PRISMA Extension for Scoping Reviews (PRISMA-ScR): Checklist and Explanation,Andrea C. Tricco; Erin Lillie; Wasifa Zarin; Kelly K. O’Brien; Heather Colquhoun; Danielle Levac; David Moher; Micah D.J. Peters; Tanya Horsley; Laura Weeks; Susanne Hempel; Elie A. Akl; Christine Chang; Jessie McGowan; Lesley Stewart; Lisa Hartling; Adrian Aldcroft; Michael G. Wilson; Chantelle Garritty; Simon Lewin; Christina Godfrey; Marilyn Macdonald; Étienne V Langlois; Karla Soares‐Weiser; Jo Moriarty; Tammy Clifford; Özge Tunçalp; Sharon E. Straus,2018-09-03,10.7326/m18-0850,30178033,,https://openalex.org/W2891378911,DOI:10.7326/m18-0850,SCHOLARLY_RECORD,P2E1B_OPENALEX_05|P2E1B_OPENALEX_09,CAT_05|CAT_06,UNRESOLVED_FROM_DISCOVERY_METADATA,UNRESOLVED_FROM_DISCOVERY_METADATA,POSSIBLY_RELEVANT,LIMITED_DISCOVERY_SIGNAL:CATEGORY_CONTEXT;EVENTS:2,Annals of Internal Medicine,article,https://openalex.org/W2891378911,outputs/phase_two/p2_e1_pilot_v0.1/search/raw_retrieval/p2e1b_openalex_05_works.json|outputs/phase_two/p2_e1_pilot_v0.1/search/raw_retrieval/p2e1b_openalex_09_works.json,FALSE,TRUE,AI_ASSISTED_DISCOVERY
P2SRC_08542F569E688FF1F11D,PRISMA for Abstracts: Reporting Systematic Reviews in Journal and Conference Abstracts,Elaine Beller; Paul Glasziou; Douglas G. Altman; Sally Hopewell; Hilda Bastian; Iain Chalmers; Peter C Gøtzsche; Toby J Lasserson; David Tovey; for the PRISMA for Abstracts Group,2013-04-09,10.1371/journal.pmed.1001419,23585737,,https://openalex.org/W2012107441,DOI:10.1371/journal.pmed.1001419,SCHOLARLY_RECORD,P2E1B_OPENALEX_13,CAT_03|CAT_05|CAT_06,UNRESOLVED_FROM_DISCOVERY_METADATA,UNRESOLVED_FROM_DISCOVERY_METADATA,POSSIBLY_RELEVANT,LIMITED_DISCOVERY_SIGNAL:CATEGORY_CONTEXT;EVENTS:1,PLoS Medicine,review,https://openalex.org/W2012107441,outputs/phase_two/p2_e1_pilot_v0.1/search/raw_retrieval/p2e1b_openalex_13_works.json,FALSE,TRUE,AI_ASSISTED_DISCOVERY
P2SRC_AE0DFC503EAC1D06851C,"PRISMA2020 : An R package and Shiny app for producing PRISMA 2020‐compliant flow diagrams, with interactivity for optimised digital transparency and Open Synthesis",Neal Haddaway; Matthew J. Page; Chris C. Pritchard; Luke A. McGuinness,2022-03-27,10.1002/cl2.1230,36911350,,https://openalex.org/W4220959955,DOI:10.1002/cl2.1230,SCHOLARLY_RECORD,P2E1B_OPENALEX_05,CAT_05,UNRESOLVED_FROM_DISCOVERY_METADATA,UNRESOLVED_FROM_DISCOVERY_METADATA,POSSIBLY_RELEVANT,LIMITED_DISCOVERY_SIGNAL:evidence synthesis;EVENTS:1,Campbell Systematic Reviews,article,https://openalex.org/W4220959955,outputs/phase_two/p2_e1_pilot_v0.1/search/raw_retrieval/p2e1b_openalex_05_works.json,FALSE,TRUE,AI_ASSISTED_DISCOVERY
P2SRC_0B1BA68B70A92502E999,Privacy-Preserving Methods for Vertically Partitioned Incomplete Data,Deng Y; Jiang X; Long Q,2020,,33936407,PMC8075536,,PMID:33936407,SCHOLARLY_RECORD,P2E1B_PUBMED_09,CAT_05|CAT_06,UNRESOLVED_FROM_DISCOVERY_METADATA,UNRESOLVED_FROM_DISCOVERY_METADATA,POSSIBLY_RELEVANT,LIMITED_DISCOVERY_SIGNAL:CATEGORY_CONTEXT;EVENTS:1,AMIA ... Annual Symposium proceedings. AMIA Symposium,"Journal Article|Research Support, N.I.H., Extramural|Research Support, Non-U.S. Gov't|Research Support, U.S. Gov't, Non-P.H.S.",PMID:33936407,outputs/phase_two/p2_e1_pilot_v0.1/search/raw_retrieval/p2e1b_pubmed_09_esummary.json,UNRESOLVED_FROM_DISCOVERY_METADATA,TRUE,AI_ASSISTED_DISCOVERY
P2SRC_8DCB63CD0BA809428CA9,Probabilistic pathway-based multimodal factor analysis,Immer A; Stark SG; Jacob F; Bonilla X; Thomas T; Kahles A; Goetze S; Milani ES; Wollscheid B; Tumor Profiler Consortium; Rätsch G; Lehmann KV,2024 Jun 28,10.1093/bioinformatics/btae216,38940152,PMC11256960,,PMID:38940152,SCHOLARLY_RECORD,P2E1B_PUBMED_04,CAT_04,UNRESOLVED_FROM_DISCOVERY_METADATA,UNRESOLVED_FROM_DISCOVERY_METADATA,LIKELY_OUT_OF_SCOPE,NO_TARGET_EVIDENCE_OR_REPRESENTATION_SIGNAL_IN_CAPTURED_METADATA,"Bioinformatics (Oxford, England)","Journal Article|Research Support, Non-U.S. Gov't",PMID:38940152,outputs/phase_two/p2_e1_pilot_v0.1/search/raw_retrieval/p2e1b_pubmed_04_esummary.json,UNRESOLVED_FROM_DISCOVERY_METADATA,TRUE,AI_ASSISTED_DISCOVERY
P2SRC_B6988B13CCBDDABAF753,Profiling Analysis Reveals the Crucial Role of the Endogenous Peptides in Bladder Cancer Progression,Li W; Zhang Y; Li Y; Cao Y; Zhou J; Sun Z; Wu W; Tan X; Shao Y; Xie K; Yan X,2020,10.2147/OTT.S281713,33311987,PMC7725083,,PMID:33311987,SCHOLARLY_RECORD,P2E1B_PUBMED_02,CAT_01|CAT_02,UNRESOLVED_FROM_DISCOVERY_METADATA,UNRESOLVED_FROM_DISCOVERY_METADATA,POSSIBLY_RELEVANT,LIMITED_DISCOVERY_SIGNAL:CATEGORY_CONTEXT;EVENTS:1,OncoTargets and therapy,Journal Article,PMID:33311987,outputs/phase_two/p2_e1_pilot_v0.1/search/raw_retrieval/p2e1b_pubmed_02_esummary.json,UNRESOLVED_FROM_DISCOVERY_METADATA,TRUE,AI_ASSISTED_DISCOVERY
P2SRC_2A1D6F080EFCA074FFA3,Prognostic factors in pediatric pulmonary arterial hypertension: A systematic review and meta-analysis,Mark‐Jan Ploegstra; Willemijn M. H. Zijlstra; Johannes M. Douwes; Hans L. Hillege; Rolf M.F. Berger,2015-01-27,10.1016/j.ijcard.2015.01.038,25706327,,https://openalex.org/W2113715078,DOI:10.1016/j.ijcard.2015.01.038,SCHOLARLY_RECORD,P2E1B_OPENALEX_08,CAT_01|CAT_05|CAT_06,UNRESOLVED_FROM_DISCOVERY_METADATA,UNRESOLVED_FROM_DISCOVERY_METADATA,POSSIBLY_RELEVANT,LIMITED_DISCOVERY_SIGNAL:CATEGORY_CONTEXT;EVENTS:1,International Journal of Cardiology,review,https://openalex.org/W2113715078,outputs/phase_two/p2_e1_pilot_v0.1/search/raw_retrieval/p2e1b_openalex_08_works.json,FALSE,TRUE,AI_ASSISTED_DISCOVERY
P2SRC_9A44F70A2B05FE7DD496,Prognostic models for intracerebral hemorrhage: systematic review and meta-analysis,Gregório T; Pipa S; Cavaleiro P; Atanásio G; Albuquerque I; Chaves PC; Azevedo L,2018 Nov 20,10.1186/s12874-018-0613-8,30458727,PMC6247734,,PMID:30458727,SCHOLARLY_RECORD,P2E1B_PUBMED_05,CAT_05,UNRESOLVED_FROM_DISCOVERY_METADATA,UNRESOLVED_FROM_DISCOVERY_METADATA,LIKELY_OUT_OF_SCOPE,NO_TARGET_EVIDENCE_OR_REPRESENTATION_SIGNAL_IN_CAPTURED_METADATA,BMC medical research methodology,"Journal Article|Meta-Analysis|Research Support, Non-U.S. Gov't|Systematic Review",PMID:30458727,outputs/phase_two/p2_e1_pilot_v0.1/search/raw_retrieval/p2e1b_pubmed_05_esummary.json,UNRESOLVED_FROM_DISCOVERY_METADATA,TRUE,AI_ASSISTED_DISCOVERY
P2SRC_A7F0DCC069596470073B,Progress in Natural Products Target Discovery Technology,Pan Q; Yuan X; Jin J; Luan X; Luo C; Chen H; Zhang W; Zhang H,2026 Jun,10.1002/mco2.70777,42253922,PMC13239285,,PMID:42253922,SCHOLARLY_RECORD,P2E1B_PUBMED_07,CAT_01|CAT_07,UNRESOLVED_FROM_DISCOVERY_METADATA,UNRESOLVED_FROM_DISCOVERY_METADATA,POSSIBLY_RELEVANT,LIMITED_DISCOVERY_SIGNAL:CATEGORY_CONTEXT;EVENTS:1,MedComm,Journal Article|Review,PMID:42253922,outputs/phase_two/p2_e1_pilot_v0.1/search/raw_retrieval/p2e1b_pubmed_07_esummary.json,UNRESOLVED_FROM_DISCOVERY_METADATA,TRUE,AI_ASSISTED_DISCOVERY
P2SRC_D2272B47C21427F1229E,Proportion of asymptomatic infection among COVID-19 positive persons and their transmission potential: A systematic review and meta-analysis,Mercedes Yanes‐Lane; Nicholas Winters; Federica Fregonese; Mayara Lisboa Bastos; Sara Perlman‐Arrow; Jonathon R. Campbell; Dick Menzies,2020-11-03,10.1371/journal.pone.0241536,33141862,,https://openalex.org/W3097790633,DOI:10.1371/journal.pone.0241536,SCHOLARLY_RECORD,P2E1B_OPENALEX_08,CAT_01|CAT_05|CAT_06,UNRESOLVED_FROM_DISCOVERY_METADATA,UNRESOLVED_FROM_DISCOVERY_METADATA,POSSIBLY_RELEVANT,LIMITED_DISCOVERY_SIGNAL:CATEGORY_CONTEXT;EVENTS:1,PLoS ONE,review,https://openalex.org/W3097790633,outputs/phase_two/p2_e1_pilot_v0.1/search/raw_retrieval/p2e1b_openalex_08_works.json,FALSE,TRUE,AI_ASSISTED_DISCOVERY
P2SRC_4E9BC9DB2D736DD3806A,Proportion of newly diagnosed diabetes in COVID ‐19 patients: A systematic review and meta‐analysis,Thirunavukkarasu Sathish; Nitin Kapoor; Yingting Cao; Robyn J. Tapp; Paul Zimmet,2020-11-27,10.1111/dom.14269,33245182,,https://openalex.org/W3106995227,DOI:10.1111/dom.14269,SCHOLARLY_RECORD,P2E1B_OPENALEX_08,CAT_01|CAT_05|CAT_06,UNRESOLVED_FROM_DISCOVERY_METADATA,UNRESOLVED_FROM_DISCOVERY_METADATA,POSSIBLY_RELEVANT,LIMITED_DISCOVERY_SIGNAL:CATEGORY_CONTEXT;EVENTS:1,Diabetes Obesity and Metabolism,review,https://openalex.org/W3106995227,outputs/phase_two/p2_e1_pilot_v0.1/search/raw_retrieval/p2e1b_openalex_08_works.json,FALSE,TRUE,AI_ASSISTED_DISCOVERY
P2SRC_94741CD7592C913656BD,Proteogenomic characterization of skull-base chordoma,Zhang Q; Xu Z; Han R; Wang Y; Ye Z; Zhu J; Cai Y; Zhang F; Zhao J; Yao B; Qin Z; Qiao N; Huang R; Feng J; Wang Y; Rui W; He F; Zhao Y; Ding C,2024 Sep 27,10.1038/s41467-024-52285-7,39333076,PMC11436687,,PMID:39333076,SCHOLARLY_RECORD,P2E1B_PUBMED_01,CAT_01,UNRESOLVED_FROM_DISCOVERY_METADATA,UNRESOLVED_FROM_DISCOVERY_METADATA,LIKELY_OUT_OF_SCOPE,NO_TARGET_EVIDENCE_OR_REPRESENTATION_SIGNAL_IN_CAPTURED_METADATA,Nature communications,"Journal Article|Research Support, Non-U.S. Gov't",PMID:39333076,outputs/phase_two/p2_e1_pilot_v0.1/search/raw_retrieval/p2e1b_pubmed_01_esummary_retry.json,UNRESOLVED_FROM_DISCOVERY_METADATA,TRUE,AI_ASSISTED_DISCOVERY
P2SRC_642F2F1D31CC151E6914,ProteomicsDB: a multi-omics and multi-organism resource for life science research,Patroklos Samaras; Tobias Schmidt; Martin Frejno; Siegfried Gessulat; Maria Reinecke; Anna Jarząb; Jana Zecha; Julia Mergner; Piero Giansanti; Hans‐Christian Ehrlich; Stephan Aiche; Johannes Rank; Harald Kienegger; Helmut Krcmar; Bernhard Küster; Mathias Wilhelm,2019-10-15,10.1093/nar/gkz974,31665479,,https://openalex.org/W2982659388,DOI:10.1093/nar/gkz974,SCHOLARLY_RECORD,P2E1B_OPENALEX_01,CAT_01,UNRESOLVED_FROM_DISCOVERY_METADATA,UNRESOLVED_FROM_DISCOVERY_METADATA,POSSIBLY_RELEVANT,LIMITED_DISCOVERY_SIGNAL:drug target;EVENTS:1,Nucleic Acids Research,article,https://openalex.org/W2982659388,outputs/phase_two/p2_e1_pilot_v0.1/search/raw_retrieval/p2e1b_openalex_01_works.json,FALSE,TRUE,AI_ASSISTED_DISCOVERY
P2SRC_63C7FD25D20620FDC6D3,Provenance for Biomedical Ontologies with RDF and Git,Stöhr MR; Günther A; Majeed RW,2019 Sep 3,10.3233/SHTI190832,31483277,,,PMID:31483277,SCHOLARLY_RECORD,P2E1B_PUBMED_04|P2E1B_PUBMED_10,CAT_01|CAT_03|CAT_04,UNRESOLVED_FROM_DISCOVERY_METADATA,UNRESOLVED_FROM_DISCOVERY_METADATA,LIKELY_RELEVANT,DISCOVERY_KEYWORDS:provenance;EVENTS:2,Studies in health technology and informatics,Journal Article,PMID:31483277,outputs/phase_two/p2_e1_pilot_v0.1/search/raw_retrieval/p2e1b_pubmed_04_esummary.json|outputs/phase_two/p2_e1_pilot_v0.1/search/raw_retrieval/p2e1b_pubmed_10_esummary.json,UNRESOLVED_FROM_DISCOVERY_METADATA,TRUE,AI_ASSISTED_DISCOVERY
P2SRC_B4988D0A107633775EE0,Provenance Information for Biomedical Data and Workflows: Scoping Review,Gierend K; Krüger F; Genehr S; Hartmann F; Siegel F; Waltemath D; Ganslandt T; Zeleke AA,2024 Aug 23,10.2196/51297,39178413,PMC11380065,,PMID:39178413,SCHOLARLY_RECORD,P2E1B_PUBMED_04,CAT_04,UNRESOLVED_FROM_DISCOVERY_METADATA,UNRESOLVED_FROM_DISCOVERY_METADATA,POSSIBLY_RELEVANT,LIMITED_DISCOVERY_SIGNAL:provenance;EVENTS:1,Journal of medical Internet research,"Journal Article|Scoping Review|Research Support, Non-U.S. Gov't",PMID:39178413,outputs/phase_two/p2_e1_pilot_v0.1/search/raw_retrieval/p2e1b_pubmed_04_esummary.json,UNRESOLVED_FROM_DISCOVERY_METADATA,TRUE,AI_ASSISTED_DISCOVERY
P2SRC_80D467DA7BF7DC778DBC,Psoriatic arthritis screening: a systematic review and meta-analysis,Iragorri N; Hazlewood G; Manns B; Danthurebandara V; Spackman E,2019 Apr 1,10.1093/rheumatology/key314,30380111,PMC6434376,,PMID:30380111,SCHOLARLY_RECORD,P2E1B_PUBMED_05,CAT_05,UNRESOLVED_FROM_DISCOVERY_METADATA,UNRESOLVED_FROM_DISCOVERY_METADATA,LIKELY_OUT_OF_SCOPE,NO_TARGET_EVIDENCE_OR_REPRESENTATION_SIGNAL_IN_CAPTURED_METADATA,"Rheumatology (Oxford, England)","Journal Article|Meta-Analysis|Research Support, Non-U.S. Gov't|Systematic Review",PMID:30380111,outputs/phase_two/p2_e1_pilot_v0.1/search/raw_retrieval/p2e1b_pubmed_05_esummary.json,UNRESOLVED_FROM_DISCOVERY_METADATA,TRUE,AI_ASSISTED_DISCOVERY
P2SRC_FF4F8DE2AF696438D89E,Psychological correlates of university students' academic performance: A systematic review and meta-analysis.,Michelle Richardson; Charles Abraham; Rod Bond,2012-01-01,10.1037/a0026838,22352812,,https://openalex.org/W1968295086,DOI:10.1037/a0026838,SCHOLARLY_RECORD,P2E1B_OPENALEX_06,CAT_05|CAT_06,UNRESOLVED_FROM_DISCOVERY_METADATA,UNRESOLVED_FROM_DISCOVERY_METADATA,POSSIBLY_RELEVANT,LIMITED_DISCOVERY_SIGNAL:CATEGORY_CONTEXT;EVENTS:1,Psychological Bulletin,review,https://openalex.org/W1968295086,outputs/phase_two/p2_e1_pilot_v0.1/search/raw_retrieval/p2e1b_openalex_06_works.json,FALSE,TRUE,AI_ASSISTED_DISCOVERY
P2SRC_ACFB781E83A4F4785055,Psychometric properties of Fagerstrom Test of Nicotine Dependence: A systematic review,Sharma MK; Suman LN; Srivastava K; Suma N; Vishwakarma A,2021 Jul-Dec,10.4103/ipj.ipj_51_21,35017802,PMC8709504,,PMID:35017802,SCHOLARLY_RECORD,P2E1B_PUBMED_05,CAT_05,UNRESOLVED_FROM_DISCOVERY_METADATA,UNRESOLVED_FROM_DISCOVERY_METADATA,LIKELY_OUT_OF_SCOPE,NO_TARGET_EVIDENCE_OR_REPRESENTATION_SIGNAL_IN_CAPTURED_METADATA,Industrial psychiatry journal,Journal Article|Review,PMID:35017802,outputs/phase_two/p2_e1_pilot_v0.1/search/raw_retrieval/p2e1b_pubmed_05_esummary.json,UNRESOLVED_FROM_DISCOVERY_METADATA,TRUE,AI_ASSISTED_DISCOVERY
P2SRC_1E113857E79CCBFFC237,"Psychosocial work environment and stress-related disorders, a systematic review",Karen Nieuwenhuijsen; David J. Bruinvels; Monique H. W. Frings‐Dresen,2010-05-28,10.1093/occmed/kqq081,20511268,,https://openalex.org/W2129568275,DOI:10.1093/occmed/kqq081,SCHOLARLY_RECORD,P2E1B_OPENALEX_13,CAT_03|CAT_05|CAT_06,UNRESOLVED_FROM_DISCOVERY_METADATA,UNRESOLVED_FROM_DISCOVERY_METADATA,POSSIBLY_RELEVANT,LIMITED_DISCOVERY_SIGNAL:CATEGORY_CONTEXT;EVENTS:1,Occupational Medicine,review,https://openalex.org/W2129568275,outputs/phase_two/p2_e1_pilot_v0.1/search/raw_retrieval/p2e1b_openalex_13_works.json,FALSE,TRUE,AI_ASSISTED_DISCOVERY
P2SRC_C1988E55070943ACE322,PubChem Substance and Compound databases,Sunghwan Kim; Paul Thiessen; Evan Bolton; Jie Chen; Gang Fu; Asta Gindulytė; Lianyi Han; Jane He; Siqian He; Benjamin A. Shoemaker; Jiyao Wang; Bo Yu; Jian Zhang; Stephen H. Bryant,2015-09-22,10.1093/nar/gkv951,26400175,,https://openalex.org/W2177317049,DOI:10.1093/nar/gkv951,SCHOLARLY_RECORD,P2E1B_OPENALEX_04,CAT_04,UNRESOLVED_FROM_DISCOVERY_METADATA,UNRESOLVED_FROM_DISCOVERY_METADATA,LIKELY_OUT_OF_SCOPE,NO_TARGET_EVIDENCE_OR_REPRESENTATION_SIGNAL_IN_CAPTURED_METADATA,Nucleic Acids Research,article,https://openalex.org/W2177317049,outputs/phase_two/p2_e1_pilot_v0.1/search/raw_retrieval/p2e1b_openalex_04_works.json,FALSE,TRUE,AI_ASSISTED_DISCOVERY
P2SRC_CDD88115346BEAB68B59,PubChemRDF: towards the semantic annotation of PubChem compound and substance databases,Fu G; Batchelor C; Dumontier M; Hastings J; Willighagen E; Bolton E,2015,10.1186/s13321-015-0084-4,26175801,PMC4500850,,PMID:26175801,SCHOLARLY_RECORD,P2E1B_PUBMED_10,CAT_01|CAT_03|CAT_04,UNRESOLVED_FROM_DISCOVERY_METADATA,UNRESOLVED_FROM_DISCOVERY_METADATA,POSSIBLY_RELEVANT,LIMITED_DISCOVERY_SIGNAL:CATEGORY_CONTEXT;EVENTS:1,Journal of cheminformatics,Journal Article,PMID:26175801,outputs/phase_two/p2_e1_pilot_v0.1/search/raw_retrieval/p2e1b_pubmed_10_esummary.json,UNRESOLVED_FROM_DISCOVERY_METADATA,TRUE,AI_ASSISTED_DISCOVERY
P2SRC_86B9CB484240CC5F8DC7,Publishing FAIR Data: An Exemplar Methodology Utilizing PHI-Base,Rodríguez-Iglesias A; Rodríguez-González A; Irvine AG; Sesma A; Urban M; Hammond-Kosack KE; Wilkinson MD,2016,10.3389/fpls.2016.00641,27433158,PMC4922217,,PMID:27433158,SCHOLARLY_RECORD,P2E1B_PUBMED_10,CAT_01|CAT_03|CAT_04,UNRESOLVED_FROM_DISCOVERY_METADATA,UNRESOLVED_FROM_DISCOVERY_METADATA,POSSIBLY_RELEVANT,LIMITED_DISCOVERY_SIGNAL:CATEGORY_CONTEXT;EVENTS:1,Frontiers in plant science,Journal Article,PMID:27433158,outputs/phase_two/p2_e1_pilot_v0.1/search/raw_retrieval/p2e1b_pubmed_10_esummary.json,UNRESOLVED_FROM_DISCOVERY_METADATA,TRUE,AI_ASSISTED_DISCOVERY
P2SRC_CB70809C83BC39A3C122,Radiogenomics of intrahepatic cholangiocarcinoma predicts immunochemotherapy response and identifies therapeutic target,Ji GW; Xu ZG; Liu SC; Cao SY; Jiao CY; Lu M; Zhang B; Yang Y; Xu Q; Wu XF; Wang K; Xia YX; Li XC; Wang XH,2025 Jul,10.3350/cmh.2024.0895,39924997,PMC12260641,,PMID:39924997,SCHOLARLY_RECORD,P2E1B_PUBMED_01,CAT_01,UNRESOLVED_FROM_DISCOVERY_METADATA,UNRESOLVED_FROM_DISCOVERY_METADATA,POSSIBLY_RELEVANT,LIMITED_DISCOVERY_SIGNAL:therapeutic target;EVENTS:1,Clinical and molecular hepatology,Journal Article,PMID:39924997,outputs/phase_two/p2_e1_pilot_v0.1/search/raw_retrieval/p2e1b_pubmed_01_esummary_retry.json,UNRESOLVED_FROM_DISCOVERY_METADATA,TRUE,AI_ASSISTED_DISCOVERY
P2SRC_EC278CA785DD6E206968,Reasoning like a doctor or like a nurse? A systematic integrative review,Vreugdenhil J; Somra S; Ket H; Custers EJFM; Reinders ME; Dobber J; Kusurkar RA,2023,10.3389/fmed.2023.1017783,36936242,PMC10020202,,PMID:36936242,SCHOLARLY_RECORD,P2E1B_PUBMED_11,CAT_04|CAT_05|CAT_06|CAT_07,UNRESOLVED_FROM_DISCOVERY_METADATA,UNRESOLVED_FROM_DISCOVERY_METADATA,POSSIBLY_RELEVANT,LIMITED_DISCOVERY_SIGNAL:CATEGORY_CONTEXT;EVENTS:1,Frontiers in medicine,Journal Article|Review,PMID:36936242,outputs/phase_two/p2_e1_pilot_v0.1/search/raw_retrieval/p2e1b_pubmed_11_esummary.json,UNRESOLVED_FROM_DISCOVERY_METADATA,TRUE,AI_ASSISTED_DISCOVERY
P2SRC_3F5EE3ABB1CCD3944313,Redefining Radiology: A Review of Artificial Intelligence Integration in Medical Imaging,Reabal Najjar,2023-08-25,10.3390/diagnostics13172760,37685300,,https://openalex.org/W4386222752,DOI:10.3390/diagnostics13172760,SCHOLARLY_RECORD,P2E1B_OPENALEX_14,CAT_01|CAT_07,UNRESOLVED_FROM_DISCOVERY_METADATA,UNRESOLVED_FROM_DISCOVERY_METADATA,LIKELY_RELEVANT,DISCOVERY_KEYWORDS:artificial intelligence|machine learning;EVENTS:1,Diagnostics,article,https://openalex.org/W4386222752,outputs/phase_two/p2_e1_pilot_v0.1/search/raw_retrieval/p2e1b_openalex_14_works.json,FALSE,TRUE,AI_ASSISTED_DISCOVERY
P2SRC_BEE8CCB7D6F318188B50,Reevaluating the association between chorioamnionitis and cerebellar hemorrhage: A systematic review and meta-analysis,Ibaraki M; Zhao QY; Van Hook JW; Moussa HN,2025 Jul,10.1002/pmf2.70080,42596987,PMC13344522,,PMID:42596987,SCHOLARLY_RECORD,P2E1B_PUBMED_13,CAT_03|CAT_05|CAT_06,UNRESOLVED_FROM_DISCOVERY_METADATA,UNRESOLVED_FROM_DISCOVERY_METADATA,POSSIBLY_RELEVANT,LIMITED_DISCOVERY_SIGNAL:CATEGORY_CONTEXT;EVENTS:1,"Pregnancy (Hoboken, N.J.)",Journal Article|Review,PMID:42596987,outputs/phase_two/p2_e1_pilot_v0.1/search/raw_retrieval/p2e1b_pubmed_13_esummary.json,UNRESOLVED_FROM_DISCOVERY_METADATA,TRUE,AI_ASSISTED_DISCOVERY
P2SRC_54459468DEFED51D7618,Rehabilitation and COVID-19: systematic review by Cochrane Rehabilitation,Arienti C; Lazzarini SG; Andrenelli E; Cordani C; Negrini F; Pollini E; Ceravolo MG; International Multiprofessional Steering Committee of Cochrane Rehabilitation REH-COVER Action,2023 Dec,10.23736/S1973-9087.23.08331-4,38214047,PMC10792873,,PMID:38214047,SCHOLARLY_RECORD,P2E1B_PUBMED_05,CAT_05,UNRESOLVED_FROM_DISCOVERY_METADATA,UNRESOLVED_FROM_DISCOVERY_METADATA,LIKELY_OUT_OF_SCOPE,NO_TARGET_EVIDENCE_OR_REPRESENTATION_SIGNAL_IN_CAPTURED_METADATA,European journal of physical and rehabilitation medicine,Systematic Review|Journal Article,PMID:38214047,outputs/phase_two/p2_e1_pilot_v0.1/search/raw_retrieval/p2e1b_pubmed_05_esummary.json,UNRESOLVED_FROM_DISCOVERY_METADATA,TRUE,AI_ASSISTED_DISCOVERY
P2SRC_7810523364787F974B08,"Reliability, validity and acceptability of an online clinical reasoning simulator for medical students: An international pilot",Hornos E; Pleguezuelos E; Bala L; Collares CF; Freeman A; van der Vleuten C; Murphy KG; Sam AH,2024 Sep,10.1080/0142159X.2024.2308082,38489473,,,PMID:38489473,SCHOLARLY_RECORD,P2E1B_PUBMED_11,CAT_04|CAT_05|CAT_06|CAT_07,UNRESOLVED_FROM_DISCOVERY_METADATA,UNRESOLVED_FROM_DISCOVERY_METADATA,POSSIBLY_RELEVANT,LIMITED_DISCOVERY_SIGNAL:CATEGORY_CONTEXT;EVENTS:1,Medical teacher,"Journal Article|Multicenter Study|Research Support, Non-U.S. Gov't",PMID:38489473,outputs/phase_two/p2_e1_pilot_v0.1/search/raw_retrieval/p2e1b_pubmed_11_esummary.json,UNRESOLVED_FROM_DISCOVERY_METADATA,TRUE,AI_ASSISTED_DISCOVERY
P2SRC_706EB28B9F1E46387ED5,Reporting of patient-reported outcomes in randomized trials: the CONSORT PRO extension,Calvert M; Blazeby J; Altman DG; Revicki DA; Moher D; Brundage MD; CONSORT PRO Group,2013 Feb 27,10.1001/jama.2013.879,23443445,,,PMID:23443445,SCHOLARLY_RECORD,P2E1B_PUBMED_09,CAT_05|CAT_06,UNRESOLVED_FROM_DISCOVERY_METADATA,UNRESOLVED_FROM_DISCOVERY_METADATA,POSSIBLY_RELEVANT,LIMITED_DISCOVERY_SIGNAL:CATEGORY_CONTEXT;EVENTS:1,JAMA,"Consensus Statement|Guideline|Journal Article|Research Support, Non-U.S. Gov't",PMID:23443445,outputs/phase_two/p2_e1_pilot_v0.1/search/raw_retrieval/p2e1b_pubmed_09_esummary.json,UNRESOLVED_FROM_DISCOVERY_METADATA,TRUE,AI_ASSISTED_DISCOVERY
P2SRC_32626F5C874F0010ACAF,"RETRACTED ARTICLE: Artificial intelligence in disease diagnosis: a systematic literature review, synthesizing framework and future research agenda",Yogesh Kumar; Apeksha Koul; Ruchi Singla; Muhammad Fazal Ijaz,2022-01-12,10.1007/s12652-021-03612-z,35039756,,https://openalex.org/W4205941964,DOI:10.1007/s12652-021-03612-z,SCHOLARLY_RECORD,P2E1B_OPENALEX_14,CAT_01|CAT_07,UNRESOLVED_FROM_DISCOVERY_METADATA,UNRESOLVED_FROM_DISCOVERY_METADATA,LIKELY_RELEVANT,DISCOVERY_KEYWORDS:artificial intelligence|machine learning;EVENTS:1,Journal of Ambient Intelligence and Humanized Computing,review,https://openalex.org/W4205941964,outputs/phase_two/p2_e1_pilot_v0.1/search/raw_retrieval/p2e1b_openalex_14_works.json,TRUE,TRUE,AI_ASSISTED_DISCOVERY
P2SRC_C3B6FC385E166C306AA8,REVIGO Summarizes and Visualizes Long Lists of Gene Ontology Terms,Fran Supek; Matko Bošnjak; Nives Škunca; Tomislav Šmuc,2011-07-18,10.1371/journal.pone.0021800,21789182,,https://openalex.org/W1969353942,DOI:10.1371/journal.pone.0021800,SCHOLARLY_RECORD,P2E1B_OPENALEX_10,CAT_01|CAT_03|CAT_04,UNRESOLVED_FROM_DISCOVERY_METADATA,UNRESOLVED_FROM_DISCOVERY_METADATA,POSSIBLY_RELEVANT,LIMITED_DISCOVERY_SIGNAL:CATEGORY_CONTEXT;EVENTS:1,PLoS ONE,article,https://openalex.org/W1969353942,outputs/phase_two/p2_e1_pilot_v0.1/search/raw_retrieval/p2e1b_openalex_10_works.json,FALSE,TRUE,AI_ASSISTED_DISCOVERY
P2SRC_B334DF7BC659AF280C70,Risk Factors for Patellofemoral Pain Syndrome: A Systematic Review,Nienke E Lankhorst; Sita Bierma‐Zeinstra; Marienke van Middelkoop,2011-10-25,10.2519/jospt.2012.3803,22031622,,https://openalex.org/W1989194220,DOI:10.2519/jospt.2012.3803,SCHOLARLY_RECORD,P2E1B_OPENALEX_13,CAT_03|CAT_05|CAT_06,UNRESOLVED_FROM_DISCOVERY_METADATA,UNRESOLVED_FROM_DISCOVERY_METADATA,POSSIBLY_RELEVANT,LIMITED_DISCOVERY_SIGNAL:CATEGORY_CONTEXT;EVENTS:1,Journal of Orthopaedic and Sports Physical Therapy,review,https://openalex.org/W1989194220,outputs/phase_two/p2_e1_pilot_v0.1/search/raw_retrieval/p2e1b_openalex_13_works.json,FALSE,TRUE,AI_ASSISTED_DISCOVERY
P2SRC_E18811114C8BACE31F90,"Risk factors for, and prevention of, shoulder injuries in overhead sports: a systematic review with best-evidence synthesis",Martin Asker; Hannah L. Brooke; Markus Waldén; Ulrika Tranæus; Fredrik Johansson; Eva Skillgate; Lena W. Holm,2018-03-26,10.1136/bjsports-2017-098254,29581141,,https://openalex.org/W2793323250,DOI:10.1136/bjsports-2017-098254,SCHOLARLY_RECORD,P2E1B_OPENALEX_13,CAT_03|CAT_05|CAT_06,UNRESOLVED_FROM_DISCOVERY_METADATA,UNRESOLVED_FROM_DISCOVERY_METADATA,POSSIBLY_RELEVANT,LIMITED_DISCOVERY_SIGNAL:evidence synthesis;EVENTS:1,British Journal of Sports Medicine,review,https://openalex.org/W2793323250,outputs/phase_two/p2_e1_pilot_v0.1/search/raw_retrieval/p2e1b_openalex_13_works.json,FALSE,TRUE,AI_ASSISTED_DISCOVERY
P2SRC_E070B968BC415B47A2A9,Risk of new onset of immune-mediated diseases after SARS-CoV-2 infection: A systematic review and meta-analysis,Gil AM; Barahona-Correa J; Flórez JB; Fernández-Ávila DG; Cucunubá ZM,2025 Oct,10.1016/j.semarthrit.2025.152805,40812100,,,PMID:40812100,SCHOLARLY_RECORD,P2E1B_PUBMED_13,CAT_03|CAT_05|CAT_06,UNRESOLVED_FROM_DISCOVERY_METADATA,UNRESOLVED_FROM_DISCOVERY_METADATA,POSSIBLY_RELEVANT,LIMITED_DISCOVERY_SIGNAL:CATEGORY_CONTEXT;EVENTS:1,Seminars in arthritis and rheumatism,Journal Article|Systematic Review|Meta-Analysis,PMID:40812100,outputs/phase_two/p2_e1_pilot_v0.1/search/raw_retrieval/p2e1b_pubmed_13_esummary.json,UNRESOLVED_FROM_DISCOVERY_METADATA,TRUE,AI_ASSISTED_DISCOVERY
P2SRC_233B27730AFCF49E1D7C,Risk of Postpartum Relapse in Bipolar Disorder and Postpartum Psychosis: A Systematic Review and Meta-Analysis,Richard Wesseloo; Astrid M. Kamperman; Trine Munk‐Olsen; Victor J.M. Pop; Steven A. Kushner; Veerle Bergink,2015-10-30,10.1176/appi.ajp.2015.15010124,26514657,,https://openalex.org/W1955095931,DOI:10.1176/appi.ajp.2015.15010124,SCHOLARLY_RECORD,P2E1B_OPENALEX_08,CAT_01|CAT_05|CAT_06,UNRESOLVED_FROM_DISCOVERY_METADATA,UNRESOLVED_FROM_DISCOVERY_METADATA,POSSIBLY_RELEVANT,LIMITED_DISCOVERY_SIGNAL:CATEGORY_CONTEXT;EVENTS:1,American Journal of Psychiatry,review,https://openalex.org/W1955095931,outputs/phase_two/p2_e1_pilot_v0.1/search/raw_retrieval/p2e1b_openalex_08_works.json,FALSE,TRUE,AI_ASSISTED_DISCOVERY
P2SRC_16EC7C049AA4A8E8D7D3,Risk‐of‐bias VISualization (robvis): An R package and Shiny web app for visualizing risk‐of‐bias assessments,Luke A. McGuinness; Julian P. T. Higgins,2020-04-26,10.1002/jrsm.1411,32336025,,https://openalex.org/W3019350884,DOI:10.1002/jrsm.1411,SCHOLARLY_RECORD,P2E1B_OPENALEX_05,CAT_05,UNRESOLVED_FROM_DISCOVERY_METADATA,UNRESOLVED_FROM_DISCOVERY_METADATA,POSSIBLY_RELEVANT,LIMITED_DISCOVERY_SIGNAL:CATEGORY_CONTEXT;EVENTS:1,Research Synthesis Methods,article,https://openalex.org/W3019350884,outputs/phase_two/p2_e1_pilot_v0.1/search/raw_retrieval/p2e1b_openalex_05_works.json,FALSE,TRUE,AI_ASSISTED_DISCOVERY
P2SRC_8AA461A69CF587EB483D,ROBINS-I: a tool for assessing risk of bias in non-randomised studies of interventions,Jonathan A C Sterne; Miguel A. Hernán; Barnaby C Reeves; Jelena Savović; Nancy D Berkman; Meera Viswanathan; David Henry; Douglas G. Altman; Mohammed Ansari; Isabelle Boutron; James R. Carpenter; An‐Wen Chan; Rachel Churchill; Jonathan J Deeks; Asbjørn Hróbjartsson; Jamie J Kirkham; Peter Jüni; Yoon K. Loke; Theresa D Pigott; Craig Ramsay; Deborah L. Regidor; Hannah R. Rothstein; Lakhbir Sandhu; Pasqualina Santaguida; Holger J. Schünemann; Beverly Shea; Ian Shrier; Peter Tugwell; Lucy Turner; Jeffrey C. Valentine; Hugh Waddington; Elizabeth Waters; George A. Wells; Penny Whiting; Julian P. T. Higgins,2016-10-12,10.1136/bmj.i4919,27733354,,https://openalex.org/W2531269403,DOI:10.1136/bmj.i4919,SCHOLARLY_RECORD,P2E1B_OPENALEX_05,CAT_05,UNRESOLVED_FROM_DISCOVERY_METADATA,UNRESOLVED_FROM_DISCOVERY_METADATA,LIKELY_OUT_OF_SCOPE,NO_TARGET_EVIDENCE_OR_REPRESENTATION_SIGNAL_IN_CAPTURED_METADATA,BMJ,article,https://openalex.org/W2531269403,outputs/phase_two/p2_e1_pilot_v0.1/search/raw_retrieval/p2e1b_openalex_05_works.json,FALSE,TRUE,AI_ASSISTED_DISCOVERY
P2SRC_2A7E8DF85BD7816C6846,ROBIS: A new tool to assess risk of bias in systematic reviews was developed,Penny Whiting; Jelena Savović; Julian P. T. Higgins; Deborah M Caldwell; Barnaby C Reeves; Beverley Shea; Philippa Davies; Jos Kleijnen; Rachel Churchill,2015-06-16,10.1016/j.jclinepi.2015.06.005,26092286,,https://openalex.org/W600840809,DOI:10.1016/j.jclinepi.2015.06.005,SCHOLARLY_RECORD,P2E1B_OPENALEX_05,CAT_05,UNRESOLVED_FROM_DISCOVERY_METADATA,UNRESOLVED_FROM_DISCOVERY_METADATA,POSSIBLY_RELEVANT,LIMITED_DISCOVERY_SIGNAL:CATEGORY_CONTEXT;EVENTS:1,Journal of Clinical Epidemiology,review,https://openalex.org/W600840809,outputs/phase_two/p2_e1_pilot_v0.1/search/raw_retrieval/p2e1b_openalex_05_works.json,FALSE,TRUE,AI_ASSISTED_DISCOVERY
P2SRC_57790B8FDAD22A5A60FA,Robust analyzes for longitudinal clinical trials with missing and non-normal continuous outcomes,Liu S; Zhang Y; Golm GT; Liu GF; Yang S,2024,10.1080/24754269.2023.2261351,38800501,PMC11115336,,PMID:38800501,SCHOLARLY_RECORD,P2E1B_PUBMED_09,CAT_05|CAT_06,UNRESOLVED_FROM_DISCOVERY_METADATA,UNRESOLVED_FROM_DISCOVERY_METADATA,POSSIBLY_RELEVANT,LIMITED_DISCOVERY_SIGNAL:CATEGORY_CONTEXT;EVENTS:1,Statistical theory and related fields,Journal Article,PMID:38800501,outputs/phase_two/p2_e1_pilot_v0.1/search/raw_retrieval/p2e1b_pubmed_09_esummary.json,UNRESOLVED_FROM_DISCOVERY_METADATA,TRUE,AI_ASSISTED_DISCOVERY
P2SRC_0FE174A3B931EAA73F60,Scientific Explanation and the Causal Structure of the World,Wesley C. Salmon,2020-11-10,10.2307/j.ctv173f2gh,,,https://openalex.org/W2017660912,DOI:10.2307/j.ctv173f2gh,SCHOLARLY_RECORD,P2E1B_OPENALEX_11,CAT_04|CAT_05|CAT_06|CAT_07,UNRESOLVED_FROM_DISCOVERY_METADATA,UNRESOLVED_FROM_DISCOVERY_METADATA,POSSIBLY_RELEVANT,LIMITED_DISCOVERY_SIGNAL:CATEGORY_CONTEXT;EVENTS:1,Princeton University Press eBooks,book,https://openalex.org/W2017660912,outputs/phase_two/p2_e1_pilot_v0.1/search/raw_retrieval/p2e1b_openalex_11_works.json,FALSE,TRUE,AI_ASSISTED_DISCOVERY
P2SRC_7E4A8696E2C21E8D8116,Scientific Utopia,Brian A. Nosek; Jeffrey R. Spies; Matt Motyl,2012-11-01,10.1177/1745691612459058,26168121,,https://openalex.org/W3124333825,DOI:10.1177/1745691612459058,SCHOLARLY_RECORD,P2E1B_OPENALEX_11,CAT_04|CAT_05|CAT_06|CAT_07,UNRESOLVED_FROM_DISCOVERY_METADATA,UNRESOLVED_FROM_DISCOVERY_METADATA,POSSIBLY_RELEVANT,LIMITED_DISCOVERY_SIGNAL:CATEGORY_CONTEXT;EVENTS:1,Perspectives on Psychological Science,article,https://openalex.org/W3124333825,outputs/phase_two/p2_e1_pilot_v0.1/search/raw_retrieval/p2e1b_openalex_11_works.json,FALSE,TRUE,AI_ASSISTED_DISCOVERY
P2SRC_B81C34C0D07C033F554C,"Search, access, and explore life science nanopublications on the Web",Giachelle F; Dosso D; Silvello G,2021,10.7717/peerj-cs.335,33816986,PMC7959622,,PMID:33816986,SCHOLARLY_RECORD,P2E1B_PUBMED_11,CAT_04|CAT_05|CAT_06|CAT_07,UNRESOLVED_FROM_DISCOVERY_METADATA,UNRESOLVED_FROM_DISCOVERY_METADATA,POSSIBLY_RELEVANT,LIMITED_DISCOVERY_SIGNAL:nanopublication;EVENTS:1,PeerJ. Computer science,Journal Article,PMID:33816986,outputs/phase_two/p2_e1_pilot_v0.1/search/raw_retrieval/p2e1b_pubmed_11_esummary.json,UNRESOLVED_FROM_DISCOVERY_METADATA,TRUE,AI_ASSISTED_DISCOVERY
P2SRC_46CFF6CEB0C5AEF32842,Selenium status in the body and cardiovascular disease: a systematic review and meta-analysis,Kuria A; Tian H; Li M; Wang Y; Aaseth JO; Zang J; Cao Y,2021,10.1080/10408398.2020.1803200,32799545,,,PMID:32799545,SCHOLARLY_RECORD,P2E1B_PUBMED_13,CAT_03|CAT_05|CAT_06,UNRESOLVED_FROM_DISCOVERY_METADATA,UNRESOLVED_FROM_DISCOVERY_METADATA,POSSIBLY_RELEVANT,LIMITED_DISCOVERY_SIGNAL:CATEGORY_CONTEXT;EVENTS:1,Critical reviews in food science and nutrition,Journal Article|Meta-Analysis|Systematic Review,PMID:32799545,outputs/phase_two/p2_e1_pilot_v0.1/search/raw_retrieval/p2e1b_pubmed_13_esummary.json,UNRESOLVED_FROM_DISCOVERY_METADATA,TRUE,AI_ASSISTED_DISCOVERY
P2SRC_E6D56817606AEAEE1C56,Self‐Assembled Peptide‐Based Nanomaterials for Biomedical Imaging and Therapy,Guobin Qi; Yujuan Gao; Lei Wang; Hao Wang,2018-02-20,10.1002/adma.201703444,29460400,,https://openalex.org/W2790248187,DOI:10.1002/adma.201703444,SCHOLARLY_RECORD,P2E1B_OPENALEX_12,CAT_01|CAT_05|CAT_06,UNRESOLVED_FROM_DISCOVERY_METADATA,UNRESOLVED_FROM_DISCOVERY_METADATA,POSSIBLY_RELEVANT,LIMITED_DISCOVERY_SIGNAL:CATEGORY_CONTEXT;EVENTS:1,Advanced Materials,article,https://openalex.org/W2790248187,outputs/phase_two/p2_e1_pilot_v0.1/search/raw_retrieval/p2e1b_openalex_12_works.json,FALSE,TRUE,AI_ASSISTED_DISCOVERY
P2SRC_DC75FD9CA4083A28FF00,Semantically enabling clinical decision support recommendations,Seneviratne O; Das AK; Chari S; Agu NN; Rashid SM; McCusker J; Franklin JS; Qi M; Bennett KP; Chen CH; Hendler JA; McGuinness DL,2023 Jul 18,10.1186/s13326-023-00285-9,37464259,PMC10353186,,PMID:37464259,SCHOLARLY_RECORD,P2E1B_PUBMED_03|P2E1B_PUBMED_04|P2E1B_PUBMED_10,CAT_01|CAT_03|CAT_04,UNRESOLVED_FROM_DISCOVERY_METADATA,UNRESOLVED_FROM_DISCOVERY_METADATA,POSSIBLY_RELEVANT,LIMITED_DISCOVERY_SIGNAL:CATEGORY_CONTEXT;EVENTS:3,Journal of biomedical semantics,"Journal Article|Research Support, Non-U.S. Gov't",PMID:37464259,outputs/phase_two/p2_e1_pilot_v0.1/search/raw_retrieval/p2e1b_pubmed_03_esummary.json|outputs/phase_two/p2_e1_pilot_v0.1/search/raw_retrieval/p2e1b_pubmed_04_esummary.json|outputs/phase_two/p2_e1_pilot_v0.1/search/raw_retrieval/p2e1b_pubmed_10_esummary.json,UNRESOLVED_FROM_DISCOVERY_METADATA,TRUE,AI_ASSISTED_DISCOVERY
P2SRC_1A001793D8A1C275DFDF,Shared decision making in cardiology: a systematic review and meta-analysis,Mitropoulou P; Grüner-Hegge N; Reinhold J; Papadopoulou C,2022 Dec 13,10.1136/heartjnl-2022-321050,36007938,,,PMID:36007938,SCHOLARLY_RECORD,P2E1B_PUBMED_06,CAT_05|CAT_06,UNRESOLVED_FROM_DISCOVERY_METADATA,UNRESOLVED_FROM_DISCOVERY_METADATA,POSSIBLY_RELEVANT,LIMITED_DISCOVERY_SIGNAL:CATEGORY_CONTEXT;EVENTS:1,Heart (British Cardiac Society),"Meta-Analysis|Systematic Review|Journal Article|Research Support, Non-U.S. Gov't",PMID:36007938,outputs/phase_two/p2_e1_pilot_v0.1/search/raw_retrieval/p2e1b_pubmed_06_esummary.json,UNRESOLVED_FROM_DISCOVERY_METADATA,TRUE,AI_ASSISTED_DISCOVERY
P2SRC_76A800F5D30AB4ADC3F0,Shared Decision Making: A Model for Clinical Practice,Glyn Elwyn; Dominick L. Frosch; Richard Thomson; Natalie Joseph‐Williams; Amy Lloyd; Paul Kinnersley; Emma Cording; Dave Tomson; Carole Dodd; Stephen Rollnick; Adrian Edwards; Michael J. Barry,2012-05-22,10.1007/s11606-012-2077-6,22618581,,https://openalex.org/W2041927436,DOI:10.1007/s11606-012-2077-6,SCHOLARLY_RECORD,P2E1B_OPENALEX_11,CAT_04|CAT_05|CAT_06|CAT_07,UNRESOLVED_FROM_DISCOVERY_METADATA,UNRESOLVED_FROM_DISCOVERY_METADATA,POSSIBLY_RELEVANT,LIMITED_DISCOVERY_SIGNAL:CATEGORY_CONTEXT;EVENTS:1,Journal of General Internal Medicine,article,https://openalex.org/W2041927436,outputs/phase_two/p2_e1_pilot_v0.1/search/raw_retrieval/p2e1b_openalex_11_works.json,FALSE,TRUE,AI_ASSISTED_DISCOVERY
P2SRC_DF163C3311F2DE158EA9,ShinyGO: a graphical gene-set enrichment tool for animals and plants,Xijin Ge; Dongmin Jung; Runan Yao,2019-12-23,10.1093/bioinformatics/btz931,31882993,,https://openalex.org/W2997022986,DOI:10.1093/bioinformatics/btz931,SCHOLARLY_RECORD,P2E1B_OPENALEX_04,CAT_04,UNRESOLVED_FROM_DISCOVERY_METADATA,UNRESOLVED_FROM_DISCOVERY_METADATA,LIKELY_OUT_OF_SCOPE,NO_TARGET_EVIDENCE_OR_REPRESENTATION_SIGNAL_IN_CAPTURED_METADATA,Bioinformatics,article,https://openalex.org/W2997022986,outputs/phase_two/p2_e1_pilot_v0.1/search/raw_retrieval/p2e1b_openalex_04_works.json,FALSE,TRUE,AI_ASSISTED_DISCOVERY
P2SRC_1EE0E2456B7CBD9AAAAD,"Short (≤6 mm) compared with ≥10-mm dental implants in different clinical scenarios: A systematic review of randomized clinical trials with meta-analysis, trial sequential analysis and quality of evidence grading",Ravidà A; Serroni M; Borgnakke WS; Romandini M; Wang II; Arena C; Annunziata M; Cecoro G; Saleh MHA,2024 Jul,10.1111/jcpe.13981,38764386,,,PMID:38764386,SCHOLARLY_RECORD,P2E1B_PUBMED_05,CAT_05,UNRESOLVED_FROM_DISCOVERY_METADATA,UNRESOLVED_FROM_DISCOVERY_METADATA,POSSIBLY_RELEVANT,LIMITED_DISCOVERY_SIGNAL:CATEGORY_CONTEXT;EVENTS:1,Journal of clinical periodontology,Journal Article|Systematic Review|Meta-Analysis|Comparative Study,PMID:38764386,outputs/phase_two/p2_e1_pilot_v0.1/search/raw_retrieval/p2e1b_pubmed_05_esummary.json,UNRESOLVED_FROM_DISCOVERY_METADATA,TRUE,AI_ASSISTED_DISCOVERY
P2SRC_686C036CF972E4B20438,Short stature is associated with coronary heart disease: a systematic review of the literature and a meta-analysis,Tuula Paajanen; Niku Oksala; Pekka Kuukasjärvi; Pekka J. Karhunen,2010-06-08,10.1093/eurheartj/ehq155,20530501,,https://openalex.org/W2117697673,DOI:10.1093/eurheartj/ehq155,SCHOLARLY_RECORD,P2E1B_OPENALEX_08,CAT_01|CAT_05|CAT_06,UNRESOLVED_FROM_DISCOVERY_METADATA,UNRESOLVED_FROM_DISCOVERY_METADATA,POSSIBLY_RELEVANT,LIMITED_DISCOVERY_SIGNAL:CATEGORY_CONTEXT;EVENTS:1,European Heart Journal,review,https://openalex.org/W2117697673,outputs/phase_two/p2_e1_pilot_v0.1/search/raw_retrieval/p2e1b_openalex_08_works.json,FALSE,TRUE,AI_ASSISTED_DISCOVERY
P2SRC_76A0B58F8B206B78BD4F,Short-term ozone exposure and asthma severity: Weight-of-evidence analysis,Goodman JE; Zu K; Loftus CT; Lynch HN; Prueitt RL; Mohar I; Shubin SP; Sax SN,2018 Jan,10.1016/j.envres.2017.10.018,29059621,,,PMID:29059621,SCHOLARLY_RECORD,P2E1B_PUBMED_06,CAT_05|CAT_06,UNRESOLVED_FROM_DISCOVERY_METADATA,UNRESOLVED_FROM_DISCOVERY_METADATA,POSSIBLY_RELEVANT,LIMITED_DISCOVERY_SIGNAL:CATEGORY_CONTEXT;EVENTS:1,Environmental research,Journal Article|Review,PMID:29059621,outputs/phase_two/p2_e1_pilot_v0.1/search/raw_retrieval/p2e1b_pubmed_06_esummary.json,UNRESOLVED_FROM_DISCOVERY_METADATA,TRUE,AI_ASSISTED_DISCOVERY
P2SRC_552C9E86FA06B61FD459,Show Me Your Evidence - an Automatic Method for Context Dependent Evidence Detection,Ruty Rinott; Lena Dankin; Carlos A. Perez; Mitesh M. Khapra; Ehud Aharoni; Noam Slonim,2015-01-01,10.18653/v1/d15-1050,,,https://openalex.org/W2250762536,DOI:10.18653/v1/d15-1050,SCHOLARLY_RECORD,P2E1B_OPENALEX_08,CAT_01|CAT_05|CAT_06,UNRESOLVED_FROM_DISCOVERY_METADATA,UNRESOLVED_FROM_DISCOVERY_METADATA,POSSIBLY_RELEVANT,LIMITED_DISCOVERY_SIGNAL:dependent evidence;EVENTS:1,,conference-paper,https://openalex.org/W2250762536,outputs/phase_two/p2_e1_pilot_v0.1/search/raw_retrieval/p2e1b_openalex_08_works.json,FALSE,TRUE,AI_ASSISTED_DISCOVERY
P2SRC_3E50F66675C90162C8EF,Single-cell multiomics uncovers an endothelial mechanosensitive PIEZO1-IL-33 axis driving pulmonary fibrosis,Zhang L; Gui X; Hou R; Jia L; Xia S; Zhang X; Fu Y; Meng QF; Luo Q; Shi X; Guo B; Liang R; Yue L; Chen X; Xu H; Wang P; Tong X; Liu L; Wang L; Li B; Chen Z; Zhou L; Zhang L; Chen R; Sun C; Xu W; Rao L; Zhou H; Ding BS; Chen S,2026 Mar 20,10.1038/s41467-026-70193-w,41862476,PMC13004862,,PMID:41862476,SCHOLARLY_RECORD,P2E1B_PUBMED_01,CAT_01,UNRESOLVED_FROM_DISCOVERY_METADATA,UNRESOLVED_FROM_DISCOVERY_METADATA,LIKELY_OUT_OF_SCOPE,NO_TARGET_EVIDENCE_OR_REPRESENTATION_SIGNAL_IN_CAPTURED_METADATA,Nature communications,Journal Article,PMID:41862476,outputs/phase_two/p2_e1_pilot_v0.1/search/raw_retrieval/p2e1b_pubmed_01_esummary_retry.json,UNRESOLVED_FROM_DISCOVERY_METADATA,TRUE,AI_ASSISTED_DISCOVERY
P2SRC_83C73CF3707F2186EECC,Single-cell RNA sequencing elucidated the landscape of breast cancer brain metastases and identified ILF2 as a potential therapeutic target,Xie J; Yang A; Liu Q; Deng X; Lv G; Ou X; Zheng S; Situ MY; Yu Y; Liang JY; Zou Y; Tang H; Zhao Z; Lin F; Liu W; Xiao W,2024 Nov,10.1111/cpr.13697,38943472,PMC11533045,,PMID:38943472,SCHOLARLY_RECORD,P2E1B_PUBMED_01,CAT_01,UNRESOLVED_FROM_DISCOVERY_METADATA,UNRESOLVED_FROM_DISCOVERY_METADATA,POSSIBLY_RELEVANT,LIMITED_DISCOVERY_SIGNAL:therapeutic target;EVENTS:1,Cell proliferation,Journal Article,PMID:38943472,outputs/phase_two/p2_e1_pilot_v0.1/search/raw_retrieval/p2e1b_pubmed_01_esummary_retry.json,UNRESOLVED_FROM_DISCOVERY_METADATA,TRUE,AI_ASSISTED_DISCOVERY
P2SRC_8D287184EE0995D99F5C,Smart Home Technologies for Enhancing Independence of Living and Reducing Care Dependence in Older Adults: A Systematic Review,Wang Y; Sun H; Xu S; Xia Q; Ge S; Li M; Tang X,2025 Jun,10.1111/jan.16569,39445693,,,PMID:39445693,SCHOLARLY_RECORD,P2E1B_PUBMED_05,CAT_05,UNRESOLVED_FROM_DISCOVERY_METADATA,UNRESOLVED_FROM_DISCOVERY_METADATA,LIKELY_OUT_OF_SCOPE,NO_TARGET_EVIDENCE_OR_REPRESENTATION_SIGNAL_IN_CAPTURED_METADATA,Journal of advanced nursing,Journal Article|Systematic Review,PMID:39445693,outputs/phase_two/p2_e1_pilot_v0.1/search/raw_retrieval/p2e1b_pubmed_05_esummary.json,UNRESOLVED_FROM_DISCOVERY_METADATA,TRUE,AI_ASSISTED_DISCOVERY
P2SRC_C9184D24C82E4114D3A1,Smartphone-based support for early childhood development in a rural low-resource setting: an individually randomised pilot feasibility trial from Guatemala,Tschida S; Tuiz EL; López D; Canú M; Boron V; Zarazúa J; Grazioso MDP; Smith BA; Rohloff P,2026 Jun 12,10.1136/bmjpo-2025-003979,42285612,PMC13289361,,PMID:42285612,SCHOLARLY_RECORD,P2E1B_PUBMED_08,CAT_01|CAT_05|CAT_06,UNRESOLVED_FROM_DISCOVERY_METADATA,UNRESOLVED_FROM_DISCOVERY_METADATA,POSSIBLY_RELEVANT,LIMITED_DISCOVERY_SIGNAL:CATEGORY_CONTEXT;EVENTS:1,BMJ paediatrics open,Journal Article|Randomized Controlled Trial,PMID:42285612,outputs/phase_two/p2_e1_pilot_v0.1/search/raw_retrieval/p2e1b_pubmed_08_esummary.json,UNRESOLVED_FROM_DISCOVERY_METADATA,TRUE,AI_ASSISTED_DISCOVERY
P2SRC_CB03B4546E35FBCD0294,Somatic MIWI2 Hinders Direct Lineage Reprogramming From Fibroblast to Hepatocyte,Shi X; Xiao Z; Zonta F; Wang W; Wan Y; Li Y; Wang N; Kuang Y; Du M; Dong J; Wang J; Yang G,2019 Jun,10.1002/stem.2994,30805989,PMC6850183,,PMID:30805989,SCHOLARLY_RECORD,P2E1B_PUBMED_04,CAT_04,UNRESOLVED_FROM_DISCOVERY_METADATA,UNRESOLVED_FROM_DISCOVERY_METADATA,LIKELY_OUT_OF_SCOPE,NO_TARGET_EVIDENCE_OR_REPRESENTATION_SIGNAL_IN_CAPTURED_METADATA,"Stem cells (Dayton, Ohio)","Journal Article|Research Support, Non-U.S. Gov't",PMID:30805989,outputs/phase_two/p2_e1_pilot_v0.1/search/raw_retrieval/p2e1b_pubmed_04_esummary.json,UNRESOLVED_FROM_DISCOVERY_METADATA,TRUE,AI_ASSISTED_DISCOVERY
P2SRC_D4B72F1651D7E413EC8D,Spatial multi-omics: deciphering technological landscape of integration of multi-omics and its applications,Xiaojie Liu; Ting Peng; Miaochun Xu; Shitong Lin; Bai Hu; Tian Chu; Binghan Liu; Yashi Xu; Wencheng Ding; Li Li; Canhui Cao; Peng Wu,2024-08-24,10.1186/s13045-024-01596-9,39182134,,https://openalex.org/W4401843719,DOI:10.1186/s13045-024-01596-9,SCHOLARLY_RECORD,P2E1B_OPENALEX_01,CAT_01,UNRESOLVED_FROM_DISCOVERY_METADATA,UNRESOLVED_FROM_DISCOVERY_METADATA,LIKELY_OUT_OF_SCOPE,NO_TARGET_EVIDENCE_OR_REPRESENTATION_SIGNAL_IN_CAPTURED_METADATA,Journal of Hematology & Oncology,article,https://openalex.org/W4401843719,outputs/phase_two/p2_e1_pilot_v0.1/search/raw_retrieval/p2e1b_openalex_01_works.json,FALSE,TRUE,AI_ASSISTED_DISCOVERY
P2SRC_3B0A84F722AA82B26280,SPIRIT 2013 explanation and elaboration: guidance for protocols of clinical trials,A.-W. Chan; Jennifer Tetzlaff; Peter C Gøtzsche; Douglas G. Altman; H Mann; Jesse A. Berlin; Kay Dickersin; A. Hrobjartsson; Kenneth F. Schulz; Wendy R. Parulekar; Karmela Krleža-Jerić; A. Laupacis; David Moher,2013-01-09,10.1136/bmj.e7586,23303884,,https://openalex.org/W2171811563,DOI:10.1136/bmj.e7586,SCHOLARLY_RECORD,P2E1B_OPENALEX_09,CAT_05|CAT_06,UNRESOLVED_FROM_DISCOVERY_METADATA,UNRESOLVED_FROM_DISCOVERY_METADATA,POSSIBLY_RELEVANT,LIMITED_DISCOVERY_SIGNAL:CATEGORY_CONTEXT;EVENTS:1,BMJ,article,https://openalex.org/W2171811563,outputs/phase_two/p2_e1_pilot_v0.1/search/raw_retrieval/p2e1b_openalex_09_works.json,FALSE,TRUE,AI_ASSISTED_DISCOVERY
P2SRC_BF67079D70E02E259A7E,Standards and guidelines for the interpretation of sequence variants: a joint consensus recommendation of the American College of Medical Genetics and Genomics and the Association for Molecular Pathology,Sue Richards; Nazneen Aziz; Sherri J. Bale; David Bick; Soma Das; Julie M. Gastier‐Foster; Wayne W. Grody; Madhuri Hegde; Elaine Lyon; Elaine Spector; Karl V. Voelkerding; Heidi L. Rehm,2015-03-05,10.1038/gim.2015.30,25741868,,https://openalex.org/W2051978340,DOI:10.1038/gim.2015.30,SCHOLARLY_RECORD,P2E1B_OPENALEX_09|P2E1B_OPENALEX_11,CAT_04|CAT_05|CAT_06|CAT_07,UNRESOLVED_FROM_DISCOVERY_METADATA,UNRESOLVED_FROM_DISCOVERY_METADATA,POSSIBLY_RELEVANT,LIMITED_DISCOVERY_SIGNAL:CATEGORY_CONTEXT;EVENTS:2,Genetics in Medicine,article,https://openalex.org/W2051978340,outputs/phase_two/p2_e1_pilot_v0.1/search/raw_retrieval/p2e1b_openalex_09_works.json|outputs/phase_two/p2_e1_pilot_v0.1/search/raw_retrieval/p2e1b_openalex_11_works.json,FALSE,TRUE,AI_ASSISTED_DISCOVERY
P2SRC_9310973127F2F6ACB97E,State Estimation Using Dependent Evidence Fusion: Application to Acoustic Resonance-Based Liquid Level Measurement,Xu X; Li Z; Li G; Zhou Z,2017 Apr 21,10.3390/s17040924,28430164,PMC5426920,,PMID:28430164,SCHOLARLY_RECORD,P2E1B_PUBMED_08,CAT_01|CAT_05|CAT_06,UNRESOLVED_FROM_DISCOVERY_METADATA,UNRESOLVED_FROM_DISCOVERY_METADATA,POSSIBLY_RELEVANT,LIMITED_DISCOVERY_SIGNAL:dependent evidence;EVENTS:1,"Sensors (Basel, Switzerland)",Journal Article,PMID:28430164,outputs/phase_two/p2_e1_pilot_v0.1/search/raw_retrieval/p2e1b_pubmed_08_esummary.json,UNRESOLVED_FROM_DISCOVERY_METADATA,TRUE,AI_ASSISTED_DISCOVERY
P2SRC_2614274E15D7A39F8060,State of the Field in Multi-Omics Research: From Computational Needs to Data Mining and Sharing,Michał Krassowski; Vivek Das; S. Sahu; Biswapriya B. Misra,2020-12-10,10.3389/fgene.2020.610798,33362867,,https://openalex.org/W3112212292,DOI:10.3389/fgene.2020.610798,SCHOLARLY_RECORD,P2E1B_OPENALEX_01,CAT_01,UNRESOLVED_FROM_DISCOVERY_METADATA,UNRESOLVED_FROM_DISCOVERY_METADATA,POSSIBLY_RELEVANT,LIMITED_DISCOVERY_SIGNAL:CATEGORY_CONTEXT;EVENTS:1,Frontiers in Genetics,article,https://openalex.org/W3112212292,outputs/phase_two/p2_e1_pilot_v0.1/search/raw_retrieval/p2e1b_openalex_01_works.json,FALSE,TRUE,AI_ASSISTED_DISCOVERY
P2SRC_5E8CF30F6A283AA970DD,Statistical methods for handling missing data to align with treatment policy strategy,Wang Y; Tu W; Kim Y; Sinks S; He J; Cambon A; Crackel R; Hamilton K; Kettermann A; Clark J,2023 Jul-Aug,10.1002/pst.2299,36970810,,,PMID:36970810,SCHOLARLY_RECORD,P2E1B_PUBMED_09,CAT_05|CAT_06,UNRESOLVED_FROM_DISCOVERY_METADATA,UNRESOLVED_FROM_DISCOVERY_METADATA,POSSIBLY_RELEVANT,LIMITED_DISCOVERY_SIGNAL:missing data;EVENTS:1,Pharmaceutical statistics,Journal Article,PMID:36970810,outputs/phase_two/p2_e1_pilot_v0.1/search/raw_retrieval/p2e1b_pubmed_09_esummary.json,UNRESOLVED_FROM_DISCOVERY_METADATA,TRUE,AI_ASSISTED_DISCOVERY
P2SRC_F1A53C87FE7A96C03920,"Statistical tests, P values, confidence intervals, and power: a guide to misinterpretations",Sander Greenland; Stephen Senn; Kenneth J. Rothman; John B. Carlin; Charles Poole; Steven N. Goodman; Douglas G. Altman,2016-04-01,10.1007/s10654-016-0149-3,27209009,,https://openalex.org/W2408017125,DOI:10.1007/s10654-016-0149-3,SCHOLARLY_RECORD,P2E1B_OPENALEX_11,CAT_04|CAT_05|CAT_06|CAT_07,UNRESOLVED_FROM_DISCOVERY_METADATA,UNRESOLVED_FROM_DISCOVERY_METADATA,POSSIBLY_RELEVANT,LIMITED_DISCOVERY_SIGNAL:CATEGORY_CONTEXT;EVENTS:1,European Journal of Epidemiology,article,https://openalex.org/W2408017125,outputs/phase_two/p2_e1_pilot_v0.1/search/raw_retrieval/p2e1b_openalex_11_works.json,FALSE,TRUE,AI_ASSISTED_DISCOVERY
P2SRC_75B3B9EE26D35EC0F397,Stimuli-responsive polymers: Biomedical applications and challenges for clinical translation,Allan S. Hoffman,2012-12-11,10.1016/j.addr.2012.11.004,23246762,,https://openalex.org/W1986601289,DOI:10.1016/j.addr.2012.11.004,SCHOLARLY_RECORD,P2E1B_OPENALEX_12,CAT_01|CAT_05|CAT_06,UNRESOLVED_FROM_DISCOVERY_METADATA,UNRESOLVED_FROM_DISCOVERY_METADATA,POSSIBLY_RELEVANT,LIMITED_DISCOVERY_SIGNAL:CATEGORY_CONTEXT;EVENTS:1,Advanced Drug Delivery Reviews,article,https://openalex.org/W1986601289,outputs/phase_two/p2_e1_pilot_v0.1/search/raw_retrieval/p2e1b_openalex_12_works.json,FALSE,TRUE,AI_ASSISTED_DISCOVERY
P2SRC_8B7AD462D5F3AB4C4332,"STRING v11: protein–protein association networks with increased coverage, supporting functional discovery in genome-wide experimental datasets",Damian Szklarczyk; Annika L. Gable; David Lyon; Alexander Junge; Stefan Wyder; Jaime Huerta‐Cepas; Milan Simonovic; Nadezhda T. Doncheva; John H. Morris; Peer Bork; Lars Juhl Jensen; Christian von Mering,2018-11-16,10.1093/nar/gky1131,30476243,,https://openalex.org/W2900569176,DOI:10.1093/nar/gky1131,SCHOLARLY_RECORD,P2E1B_OPENALEX_04,CAT_04,UNRESOLVED_FROM_DISCOVERY_METADATA,UNRESOLVED_FROM_DISCOVERY_METADATA,LIKELY_OUT_OF_SCOPE,NO_TARGET_EVIDENCE_OR_REPRESENTATION_SIGNAL_IN_CAPTURED_METADATA,Nucleic Acids Research,article,https://openalex.org/W2900569176,outputs/phase_two/p2_e1_pilot_v0.1/search/raw_retrieval/p2e1b_openalex_04_works.json,FALSE,TRUE,AI_ASSISTED_DISCOVERY
P2SRC_E1046358A3AC6F427D32,Structural brain abnormalities in genetic generalized epilepsies: A systematic review and meta-analysis,Nuyts S; D'Souza W; Bowden SC; Vogrin SJ,2017 Dec,10.1111/epi.13928,29063584,,,PMID:29063584,SCHOLARLY_RECORD,P2E1B_PUBMED_13,CAT_03|CAT_05|CAT_06,UNRESOLVED_FROM_DISCOVERY_METADATA,UNRESOLVED_FROM_DISCOVERY_METADATA,POSSIBLY_RELEVANT,LIMITED_DISCOVERY_SIGNAL:CATEGORY_CONTEXT;EVENTS:1,Epilepsia,Journal Article|Meta-Analysis|Systematic Review,PMID:29063584,outputs/phase_two/p2_e1_pilot_v0.1/search/raw_retrieval/p2e1b_pubmed_13_esummary.json,UNRESOLVED_FROM_DISCOVERY_METADATA,TRUE,AI_ASSISTED_DISCOVERY
P2SRC_3B9195DB5FAF3CAD93B2,Study on Horizon Scanning with a Focus on the Development of AI-Based Medical Products: Citation Network Analysis,Takata T; Sasaki H; Yamano H; Honma M; Shikano M,2022 Mar,10.1007/s43441-021-00355-z,34811711,PMC8854249,,PMID:34811711,SCHOLARLY_RECORD,P2E1B_PUBMED_14,CAT_01|CAT_07,UNRESOLVED_FROM_DISCOVERY_METADATA,UNRESOLVED_FROM_DISCOVERY_METADATA,POSSIBLY_RELEVANT,LIMITED_DISCOVERY_SIGNAL:CATEGORY_CONTEXT;EVENTS:1,Therapeutic innovation & regulatory science,"Journal Article|Research Support, Non-U.S. Gov't",PMID:34811711,outputs/phase_two/p2_e1_pilot_v0.1/search/raw_retrieval/p2e1b_pubmed_14_esummary.json,UNRESOLVED_FROM_DISCOVERY_METADATA,TRUE,AI_ASSISTED_DISCOVERY
P2SRC_733873D4BAD96E1E89A0,Summary-data-based Mendelian randomization prioritizes potential druggable targets for multiple sclerosis,Benjamin M. Jacobs; Thomas R. Taylor; Amine Awad; David Baker; Gavin Giovanonni; Alastair J. Noyce; Ruth Dobson,2020-01-01,10.1093/braincomms/fcaa119,33005893,,https://openalex.org/W3049674688,DOI:10.1093/braincomms/fcaa119,SCHOLARLY_RECORD,P2E1B_OPENALEX_02,CAT_01|CAT_02,UNRESOLVED_FROM_DISCOVERY_METADATA,UNRESOLVED_FROM_DISCOVERY_METADATA,POSSIBLY_RELEVANT,LIMITED_DISCOVERY_SIGNAL:open targets;EVENTS:1,Brain Communications,article,https://openalex.org/W3049674688,outputs/phase_two/p2_e1_pilot_v0.1/search/raw_retrieval/p2e1b_openalex_02_works.json,FALSE,TRUE,AI_ASSISTED_DISCOVERY
P2SRC_36D8C6B3913330A6CA0D,Survival analysis of wide dental implant: systematic review and meta-analysis,Lee CT; Chen YW; Starr JR; Chuang SK,2016 Oct,10.1111/clr.12730,26705937,,,PMID:26705937,SCHOLARLY_RECORD,P2E1B_PUBMED_13,CAT_03|CAT_05|CAT_06,UNRESOLVED_FROM_DISCOVERY_METADATA,UNRESOLVED_FROM_DISCOVERY_METADATA,POSSIBLY_RELEVANT,LIMITED_DISCOVERY_SIGNAL:CATEGORY_CONTEXT;EVENTS:1,Clinical oral implants research,Journal Article|Meta-Analysis|Systematic Review,PMID:26705937,outputs/phase_two/p2_e1_pilot_v0.1/search/raw_retrieval/p2e1b_pubmed_13_esummary.json,UNRESOLVED_FROM_DISCOVERY_METADATA,TRUE,AI_ASSISTED_DISCOVERY
P2SRC_F672C5039E70C09C9FBB,Synthesis without meta-analysis (SWiM) in systematic reviews: reporting guideline,Mhairi Campbell; Joanne E. McKenzie; Amanda Sowden; Srinivasa Vittal Katikireddi; Sue Brennan; Simon Ellis; Jamie Hartmann‐Boyce; Rebecca Ryan; Sasha Shepperd; James Thomas; Vivian Welch; Hilary Thomson,2020-01-16,10.1136/bmj.l6890,31948937,,https://openalex.org/W2990648940,DOI:10.1136/bmj.l6890,SCHOLARLY_RECORD,P2E1B_OPENALEX_06,CAT_05|CAT_06,UNRESOLVED_FROM_DISCOVERY_METADATA,UNRESOLVED_FROM_DISCOVERY_METADATA,POSSIBLY_RELEVANT,LIMITED_DISCOVERY_SIGNAL:CATEGORY_CONTEXT;EVENTS:1,BMJ,review,https://openalex.org/W2990648940,outputs/phase_two/p2_e1_pilot_v0.1/search/raw_retrieval/p2e1b_openalex_06_works.json,FALSE,TRUE,AI_ASSISTED_DISCOVERY
P2SRC_647D7C9F4C121D563316,"Synthesis, Functionalization, and Biomedical Applications of Iron Oxide Nanoparticles (IONPs)",Salehirozveh M; Dehghani P; Mijakovic I,2024 Nov 12,10.3390/jfb15110340,39590545,PMC11595413,,PMID:39590545,SCHOLARLY_RECORD,P2E1B_PUBMED_12,CAT_01|CAT_05|CAT_06,UNRESOLVED_FROM_DISCOVERY_METADATA,UNRESOLVED_FROM_DISCOVERY_METADATA,POSSIBLY_RELEVANT,LIMITED_DISCOVERY_SIGNAL:CATEGORY_CONTEXT;EVENTS:1,Journal of functional biomaterials,Journal Article|Review,PMID:39590545,outputs/phase_two/p2_e1_pilot_v0.1/search/raw_retrieval/p2e1b_pubmed_12_esummary.json,UNRESOLVED_FROM_DISCOVERY_METADATA,TRUE,AI_ASSISTED_DISCOVERY
P2SRC_956045F7A501308ED358,Synthesizing evidence from clinical trials with dynamic interactive argument trees,Sanchez-Graillet O; Witte C; Grimm F; Grautoff S; Ell B; Cimiano P,2022 Jun 3,10.1186/s13326-022-00270-8,35659056,PMC9166347,,PMID:35659056,SCHOLARLY_RECORD,P2E1B_PUBMED_11,CAT_04|CAT_05|CAT_06|CAT_07,UNRESOLVED_FROM_DISCOVERY_METADATA,UNRESOLVED_FROM_DISCOVERY_METADATA,POSSIBLY_RELEVANT,LIMITED_DISCOVERY_SIGNAL:CATEGORY_CONTEXT;EVENTS:1,Journal of biomedical semantics,"Journal Article|Research Support, Non-U.S. Gov't",PMID:35659056,outputs/phase_two/p2_e1_pilot_v0.1/search/raw_retrieval/p2e1b_pubmed_11_esummary.json,UNRESOLVED_FROM_DISCOVERY_METADATA,TRUE,AI_ASSISTED_DISCOVERY
P2SRC_B051DF0EE637494C22E3,Systematic review and meta-analyses of risk factors for childhood overweight identifiable during infancy,Stephen Weng; Sarah Redsell; J. A. Swift; Min Yang; Cris Glazebrook,2012-10-29,10.1136/archdischild-2012-302263,23109090,,https://openalex.org/W2144051794,DOI:10.1136/archdischild-2012-302263,SCHOLARLY_RECORD,P2E1B_OPENALEX_13,CAT_03|CAT_05|CAT_06,UNRESOLVED_FROM_DISCOVERY_METADATA,UNRESOLVED_FROM_DISCOVERY_METADATA,POSSIBLY_RELEVANT,LIMITED_DISCOVERY_SIGNAL:CATEGORY_CONTEXT;EVENTS:1,Archives of Disease in Childhood,review,https://openalex.org/W2144051794,outputs/phase_two/p2_e1_pilot_v0.1/search/raw_retrieval/p2e1b_openalex_13_works.json,FALSE,TRUE,AI_ASSISTED_DISCOVERY
P2SRC_66A342D091CF3D95C3C6,Systematic Review and Meta-Analysis of Cycling and Erectile Dysfunction,Gan ZS; Ehlers ME; Lin FC; Wright ST; Figler BD; Coward RM,2021 Apr,10.1016/j.sxmr.2020.01.002,32147498,,,PMID:32147498,SCHOLARLY_RECORD,P2E1B_PUBMED_13,CAT_03|CAT_05|CAT_06,UNRESOLVED_FROM_DISCOVERY_METADATA,UNRESOLVED_FROM_DISCOVERY_METADATA,POSSIBLY_RELEVANT,LIMITED_DISCOVERY_SIGNAL:CATEGORY_CONTEXT;EVENTS:1,Sexual medicine reviews,Journal Article|Meta-Analysis|Systematic Review,PMID:32147498,outputs/phase_two/p2_e1_pilot_v0.1/search/raw_retrieval/p2e1b_pubmed_13_esummary.json,UNRESOLVED_FROM_DISCOVERY_METADATA,TRUE,AI_ASSISTED_DISCOVERY
P2SRC_8B5A074C6E2BDC24AF7A,Systematic Review and Meta-analysis of Psychosocial Uncertainty Management Interventions,Zhang Y; Kwekkeboom K; Kim KS; Loring S; Wieben AM,2020 Jan/Feb,10.1097/NNR.0000000000000368,31107375,,,PMID:31107375,SCHOLARLY_RECORD,P2E1B_PUBMED_06,CAT_05|CAT_06,UNRESOLVED_FROM_DISCOVERY_METADATA,UNRESOLVED_FROM_DISCOVERY_METADATA,POSSIBLY_RELEVANT,LIMITED_DISCOVERY_SIGNAL:uncertainty;EVENTS:1,Nursing research,Journal Article|Meta-Analysis|Systematic Review,PMID:31107375,outputs/phase_two/p2_e1_pilot_v0.1/search/raw_retrieval/p2e1b_pubmed_06_esummary.json,UNRESOLVED_FROM_DISCOVERY_METADATA,TRUE,AI_ASSISTED_DISCOVERY
P2SRC_0FB40EF76F336B25B8B3,Systematic review and meta-analysis of the effect of N-acetylcysteine on outcomes after liver resection,Koh A; Wong T; Adiamah A; Sanyal S,2024 Oct,10.1111/ans.19183,39101362,,,PMID:39101362,SCHOLARLY_RECORD,P2E1B_PUBMED_13,CAT_03|CAT_05|CAT_06,UNRESOLVED_FROM_DISCOVERY_METADATA,UNRESOLVED_FROM_DISCOVERY_METADATA,POSSIBLY_RELEVANT,LIMITED_DISCOVERY_SIGNAL:CATEGORY_CONTEXT;EVENTS:1,ANZ journal of surgery,Journal Article|Meta-Analysis|Systematic Review,PMID:39101362,outputs/phase_two/p2_e1_pilot_v0.1/search/raw_retrieval/p2e1b_pubmed_13_esummary.json,UNRESOLVED_FROM_DISCOVERY_METADATA,TRUE,AI_ASSISTED_DISCOVERY
P2SRC_3E51365C2CDA7EA9679C,Systematic Review and Meta-Analysis of the Impact of Computed Tomography–Assessed Skeletal Muscle Mass on Outcome in Patients Awaiting or Undergoing Liver Transplantation,Jeroen L.A. van Vugt; Stef Levolger; Ron W.F. de Bruin; Joost van Rosmalen; Herold J. Metselaar; Jan N.M. IJzermans,2016-01-27,10.1111/ajt.13732,26813115,,https://openalex.org/W2341485436,DOI:10.1111/ajt.13732,SCHOLARLY_RECORD,P2E1B_OPENALEX_08,CAT_01|CAT_05|CAT_06,UNRESOLVED_FROM_DISCOVERY_METADATA,UNRESOLVED_FROM_DISCOVERY_METADATA,POSSIBLY_RELEVANT,LIMITED_DISCOVERY_SIGNAL:CATEGORY_CONTEXT;EVENTS:1,American Journal of Transplantation,review,https://openalex.org/W2341485436,outputs/phase_two/p2_e1_pilot_v0.1/search/raw_retrieval/p2e1b_openalex_08_works.json,FALSE,TRUE,AI_ASSISTED_DISCOVERY
P2SRC_16AAA1C6E9543C848448,Systematic review and meta-analysis on the effect of obesity on recurrence after laparoscopic anti-reflux surgery,Bashir Y; Chonchubhair HN; Duggan SN; Memba R; Ain QU; Murphy A; McMahon J; Ridgway PF; Conlon KC,2019 Apr,10.1016/j.surge.2018.05.001,29887315,,,PMID:29887315,SCHOLARLY_RECORD,P2E1B_PUBMED_13,CAT_03|CAT_05|CAT_06,UNRESOLVED_FROM_DISCOVERY_METADATA,UNRESOLVED_FROM_DISCOVERY_METADATA,POSSIBLY_RELEVANT,LIMITED_DISCOVERY_SIGNAL:CATEGORY_CONTEXT;EVENTS:1,The surgeon : journal of the Royal Colleges of Surgeons of Edinburgh and Ireland,Journal Article|Meta-Analysis|Systematic Review,PMID:29887315,outputs/phase_two/p2_e1_pilot_v0.1/search/raw_retrieval/p2e1b_pubmed_13_esummary.json,UNRESOLVED_FROM_DISCOVERY_METADATA,TRUE,AI_ASSISTED_DISCOVERY
P2SRC_CE76536B20445606FEE8,Systematic review approaches for climate change adaptation research,Lea Berrang‐Ford; Tristan Pearce; James D. Ford,2015-02-20,10.1007/s10113-014-0708-7,,,https://openalex.org/W1999471080,DOI:10.1007/s10113-014-0708-7,SCHOLARLY_RECORD,P2E1B_OPENALEX_13,CAT_03|CAT_05|CAT_06,UNRESOLVED_FROM_DISCOVERY_METADATA,UNRESOLVED_FROM_DISCOVERY_METADATA,POSSIBLY_RELEVANT,LIMITED_DISCOVERY_SIGNAL:CATEGORY_CONTEXT;EVENTS:1,Regional Environmental Change,review,https://openalex.org/W1999471080,outputs/phase_two/p2_e1_pilot_v0.1/search/raw_retrieval/p2e1b_openalex_13_works.json,FALSE,TRUE,AI_ASSISTED_DISCOVERY
P2SRC_7F297CC43FF02DB7BF90,Systematic review of prognostic models in Parkinson's disease,Li Y; McDonald-Webb M; McLernon DJ; Counsell CE; Macleod AD,2025 Aug 29,10.1038/s41531-025-01112-x,40883335,PMC12397436,,PMID:40883335,SCHOLARLY_RECORD,P2E1B_PUBMED_05,CAT_05,UNRESOLVED_FROM_DISCOVERY_METADATA,UNRESOLVED_FROM_DISCOVERY_METADATA,LIKELY_OUT_OF_SCOPE,NO_TARGET_EVIDENCE_OR_REPRESENTATION_SIGNAL_IN_CAPTURED_METADATA,NPJ Parkinson's disease,Journal Article,PMID:40883335,outputs/phase_two/p2_e1_pilot_v0.1/search/raw_retrieval/p2e1b_pubmed_05_esummary.json,UNRESOLVED_FROM_DISCOVERY_METADATA,TRUE,AI_ASSISTED_DISCOVERY
P2SRC_DA99D15E85D6DA9D1924,Systematic review of research on artificial intelligence applications in higher education – where are the educators?,Olaf Zawacki‐Richter; Victoria I. Marín; Melissa Bond; Franziska Gouverneur,2019-10-27,10.1186/s41239-019-0171-0,,,https://openalex.org/W2981863007,DOI:10.1186/s41239-019-0171-0,SCHOLARLY_RECORD,P2E1B_OPENALEX_05,CAT_05,UNRESOLVED_FROM_DISCOVERY_METADATA,UNRESOLVED_FROM_DISCOVERY_METADATA,POSSIBLY_RELEVANT,LIMITED_DISCOVERY_SIGNAL:artificial intelligence;EVENTS:1,International Journal of Educational Technology in Higher Education,review,https://openalex.org/W2981863007,outputs/phase_two/p2_e1_pilot_v0.1/search/raw_retrieval/p2e1b_openalex_05_works.json,FALSE,TRUE,AI_ASSISTED_DISCOVERY
P2SRC_DA714185DE6A9B54B969,Systematic review of systematic reviews of non-pharmacological interventions to treat behavioural disturbances in older patients with dementia. The SENATOR-OnTop series,Iosief Abraha; Joseph M. Rimland; F. Trotta; Giuseppina Dell’Aquila; Alfonso J. Cruz‐Jentoft; Mirko Petrović; Aðalsteinn Guðmundsson; Roy L. Soiza; Denis O’Mahony; Antonio Guaita; Antonio Cherubini,2017-03-01,10.1136/bmjopen-2016-012759,28302633,,https://openalex.org/W2596096876,DOI:10.1136/bmjopen-2016-012759,SCHOLARLY_RECORD,P2E1B_OPENALEX_13,CAT_03|CAT_05|CAT_06,UNRESOLVED_FROM_DISCOVERY_METADATA,UNRESOLVED_FROM_DISCOVERY_METADATA,POSSIBLY_RELEVANT,LIMITED_DISCOVERY_SIGNAL:CATEGORY_CONTEXT;EVENTS:1,BMJ Open,review,https://openalex.org/W2596096876,outputs/phase_two/p2_e1_pilot_v0.1/search/raw_retrieval/p2e1b_openalex_13_works.json,FALSE,TRUE,AI_ASSISTED_DISCOVERY
P2SRC_107CB78056D6AD3411E4,Systematic review of the health benefits of physical activity and fitness in school-aged children and youth,Ian Janssen; Allana G. LeBlanc,2010-01-01,10.1186/1479-5868-7-40,20459784,,https://openalex.org/W2145702257,DOI:10.1186/1479-5868-7-40,SCHOLARLY_RECORD,P2E1B_OPENALEX_05,CAT_05,UNRESOLVED_FROM_DISCOVERY_METADATA,UNRESOLVED_FROM_DISCOVERY_METADATA,POSSIBLY_RELEVANT,LIMITED_DISCOVERY_SIGNAL:CATEGORY_CONTEXT;EVENTS:1,International Journal of Behavioral Nutrition and Physical Activity,review,https://openalex.org/W2145702257,outputs/phase_two/p2_e1_pilot_v0.1/search/raw_retrieval/p2e1b_openalex_05_works.json,FALSE,TRUE,AI_ASSISTED_DISCOVERY
P2SRC_F724B7DC203019FBC8DF,Systematic review or scoping review? Guidance for authors when choosing between a systematic or scoping review approach,Zachary Munn; Micah D.J. Peters; Cindy Stern; Cătălin Tufănaru; Alexa McArthur; Edoardo Aromataris,2018-11-19,10.1186/s12874-018-0611-x,30453902,,https://openalex.org/W2901669506,DOI:10.1186/s12874-018-0611-x,SCHOLARLY_RECORD,P2E1B_OPENALEX_05|P2E1B_OPENALEX_13,CAT_03|CAT_05|CAT_06,UNRESOLVED_FROM_DISCOVERY_METADATA,UNRESOLVED_FROM_DISCOVERY_METADATA,LIKELY_RELEVANT,DISCOVERY_KEYWORDS:evidence synthesis;EVENTS:2,BMC Medical Research Methodology,review,https://openalex.org/W2901669506,outputs/phase_two/p2_e1_pilot_v0.1/search/raw_retrieval/p2e1b_openalex_05_works.json|outputs/phase_two/p2_e1_pilot_v0.1/search/raw_retrieval/p2e1b_openalex_13_works.json,FALSE,TRUE,AI_ASSISTED_DISCOVERY
P2SRC_542B35DFBDA698AB8127,Systematic review: emotion dysregulation and challenging behavior interventions for children and adolescents on the autism spectrum with graded key evidence-based strategy recommendations,Nuske HJ; Young AV; Khan FY; Palermo EH; Ajanaku B; Pellecchia M; Vivanti G; Mazefsky CA; Brookman-Frazee L; McPartland JC; Goodwin MS; Mandell DS,2024 Jun,10.1007/s00787-023-02298-2,37740093,,,PMID:37740093,SCHOLARLY_RECORD,P2E1B_PUBMED_05,CAT_05,UNRESOLVED_FROM_DISCOVERY_METADATA,UNRESOLVED_FROM_DISCOVERY_METADATA,POSSIBLY_RELEVANT,LIMITED_DISCOVERY_SIGNAL:CATEGORY_CONTEXT;EVENTS:1,European child & adolescent psychiatry,Journal Article|Systematic Review,PMID:37740093,outputs/phase_two/p2_e1_pilot_v0.1/search/raw_retrieval/p2e1b_pubmed_05_esummary.json,UNRESOLVED_FROM_DISCOVERY_METADATA,TRUE,AI_ASSISTED_DISCOVERY
P2SRC_069C0D71332F4C26DB54,Systematically missing data in causally interpretable meta-analysis,Steingrimsson JA; Barker DH; Bie R; Dahabreh IJ,2024 Apr 15,10.1093/biostatistics/kxad006,36977366,PMC11017122,,PMID:36977366,SCHOLARLY_RECORD,P2E1B_PUBMED_06,CAT_05|CAT_06,UNRESOLVED_FROM_DISCOVERY_METADATA,UNRESOLVED_FROM_DISCOVERY_METADATA,POSSIBLY_RELEVANT,LIMITED_DISCOVERY_SIGNAL:missing data;EVENTS:1,"Biostatistics (Oxford, England)",Meta-Analysis|Journal Article,PMID:36977366,outputs/phase_two/p2_e1_pilot_v0.1/search/raw_retrieval/p2e1b_pubmed_06_esummary.json,UNRESOLVED_FROM_DISCOVERY_METADATA,TRUE,AI_ASSISTED_DISCOVERY
P2SRC_CA3AB78B573D8CB88722,Tailoring the Swelling‐Shrinkable Behavior of Hydrogels for Biomedical Applications,Wenjun Feng; Zhengke Wang,2023-08-06,10.1002/advs.202303326,37544909,,https://openalex.org/W4385613852,DOI:10.1002/advs.202303326,SCHOLARLY_RECORD,P2E1B_OPENALEX_12,CAT_01|CAT_05|CAT_06,UNRESOLVED_FROM_DISCOVERY_METADATA,UNRESOLVED_FROM_DISCOVERY_METADATA,POSSIBLY_RELEVANT,LIMITED_DISCOVERY_SIGNAL:CATEGORY_CONTEXT;EVENTS:1,Advanced Science,article,https://openalex.org/W4385613852,outputs/phase_two/p2_e1_pilot_v0.1/search/raw_retrieval/p2e1b_openalex_12_works.json,FALSE,TRUE,AI_ASSISTED_DISCOVERY
P2SRC_F48DA1930A857C2001E6,TCMSP: a database of systems pharmacology for drug discovery from herbal medicines,Jinlong Ru; Peng Li; Jinan Wang; Wei Zhou; Bohui Li; Chao Huang; Pidong Li; Zihu Guo; Weiyang Tao; Yinfeng Yang; Xue Xu; Yan Li; Yonghua Wang; Ling Yang,2014-04-15,10.1186/1758-2946-6-13,24735618,,https://openalex.org/W2124679671,DOI:10.1186/1758-2946-6-13,SCHOLARLY_RECORD,P2E1B_OPENALEX_01,CAT_01,UNRESOLVED_FROM_DISCOVERY_METADATA,UNRESOLVED_FROM_DISCOVERY_METADATA,POSSIBLY_RELEVANT,LIMITED_DISCOVERY_SIGNAL:drug target;EVENTS:1,Journal of Cheminformatics,article,https://openalex.org/W2124679671,outputs/phase_two/p2_e1_pilot_v0.1/search/raw_retrieval/p2e1b_openalex_01_works.json,FALSE,TRUE,AI_ASSISTED_DISCOVERY
P2SRC_FBFDE8A885649859B54B,Telehealth for genetic counseling: A systematic evidence review,Danylchuk NR; Cook L; Shane-Carson KP; Cacioppo CN; Hardy MW; Nusbaum R; Steelman SC; Malinowski J,2021 Oct,10.1002/jgc4.1481,34355839,,,PMID:34355839,SCHOLARLY_RECORD,P2E1B_PUBMED_05,CAT_05,UNRESOLVED_FROM_DISCOVERY_METADATA,UNRESOLVED_FROM_DISCOVERY_METADATA,POSSIBLY_RELEVANT,LIMITED_DISCOVERY_SIGNAL:CATEGORY_CONTEXT;EVENTS:1,Journal of genetic counseling,"Journal Article|Research Support, Non-U.S. Gov't|Systematic Review",PMID:34355839,outputs/phase_two/p2_e1_pilot_v0.1/search/raw_retrieval/p2e1b_pubmed_05_esummary.json,UNRESOLVED_FROM_DISCOVERY_METADATA,TRUE,AI_ASSISTED_DISCOVERY
P2SRC_3D03284FCCCFB9AC7080,The Advancing of Zinc Oxide Nanoparticles for Biomedical Applications,Jinhuan Jiang; Jiang Pi; Jiye Cai,2018-07-05,10.1155/2018/1062562,30073019,,https://openalex.org/W2816050627,DOI:10.1155/2018/1062562,SCHOLARLY_RECORD,P2E1B_OPENALEX_10|P2E1B_OPENALEX_12,CAT_01|CAT_03|CAT_04|CAT_05|CAT_06,UNRESOLVED_FROM_DISCOVERY_METADATA,UNRESOLVED_FROM_DISCOVERY_METADATA,POSSIBLY_RELEVANT,LIMITED_DISCOVERY_SIGNAL:CATEGORY_CONTEXT;EVENTS:2,Bioinorganic Chemistry and Applications,article,https://openalex.org/W2816050627,outputs/phase_two/p2_e1_pilot_v0.1/search/raw_retrieval/p2e1b_openalex_10_works.json|outputs/phase_two/p2_e1_pilot_v0.1/search/raw_retrieval/p2e1b_openalex_12_works.json,FALSE,TRUE,AI_ASSISTED_DISCOVERY
P2SRC_712C55C760E7FAC8E73E,The anatomy of a nanopublication,Paul Groth; Andrew Gibson; Jan Velterop,2010-02-01,10.3233/isu-2010-0613,,,https://openalex.org/W1561585380,DOI:10.3233/isu-2010-0613,SCHOLARLY_RECORD,P2E1B_OPENALEX_11,CAT_04|CAT_05|CAT_06|CAT_07,UNRESOLVED_FROM_DISCOVERY_METADATA,UNRESOLVED_FROM_DISCOVERY_METADATA,LIKELY_RELEVANT,DISCOVERY_KEYWORDS:nanopublication|provenance;EVENTS:1,Information Services & Use,article,https://openalex.org/W1561585380,outputs/phase_two/p2_e1_pilot_v0.1/search/raw_retrieval/p2e1b_openalex_11_works.json,FALSE,TRUE,AI_ASSISTED_DISCOVERY
P2SRC_8715D52D05B78BD3E4D0,The Andersen Model of Total Patient Delay: A Systematic Review of Its Application in Cancer Diagnosis,Fiona M Walter; Andrew Webster; Suzanne E. Scott; Jon Emery,2011-10-18,10.1258/jhsrp.2011.010113,22008712,,https://openalex.org/W2125105889,DOI:10.1258/jhsrp.2011.010113,SCHOLARLY_RECORD,P2E1B_OPENALEX_13,CAT_03|CAT_05|CAT_06,UNRESOLVED_FROM_DISCOVERY_METADATA,UNRESOLVED_FROM_DISCOVERY_METADATA,POSSIBLY_RELEVANT,LIMITED_DISCOVERY_SIGNAL:CATEGORY_CONTEXT;EVENTS:1,Journal of Health Services Research & Policy,review,https://openalex.org/W2125105889,outputs/phase_two/p2_e1_pilot_v0.1/search/raw_retrieval/p2e1b_openalex_13_works.json,FALSE,TRUE,AI_ASSISTED_DISCOVERY
P2SRC_56562D4CC32A07177A1C,The association between running volume and knee osteoarthritis prevalence: A systematic review and meta-analysis,Burfield M; Sayers M; Buhmann R,2023 May,10.1016/j.ptsp.2023.02.003,36809693,,,PMID:36809693,SCHOLARLY_RECORD,P2E1B_PUBMED_13,CAT_03|CAT_05|CAT_06,UNRESOLVED_FROM_DISCOVERY_METADATA,UNRESOLVED_FROM_DISCOVERY_METADATA,POSSIBLY_RELEVANT,LIMITED_DISCOVERY_SIGNAL:CATEGORY_CONTEXT;EVENTS:1,Physical therapy in sport : official journal of the Association of Chartered Physiotherapists in Sports Medicine,Meta-Analysis|Systematic Review|Journal Article,PMID:36809693,outputs/phase_two/p2_e1_pilot_v0.1/search/raw_retrieval/p2e1b_pubmed_13_esummary.json,UNRESOLVED_FROM_DISCOVERY_METADATA,TRUE,AI_ASSISTED_DISCOVERY
P2SRC_1CEF5DD312C541A5B6F4,The Association of Cigarette Smoking With Depression and Anxiety: A Systematic Review,Meg Fluharty; Amy E. Taylor; Meryem Grabski; Marcus R. Munafò,2016-05-19,10.1093/ntr/ntw140,27199385,,https://openalex.org/W2407654663,DOI:10.1093/ntr/ntw140,SCHOLARLY_RECORD,P2E1B_OPENALEX_13,CAT_03|CAT_05|CAT_06,UNRESOLVED_FROM_DISCOVERY_METADATA,UNRESOLVED_FROM_DISCOVERY_METADATA,POSSIBLY_RELEVANT,LIMITED_DISCOVERY_SIGNAL:CATEGORY_CONTEXT;EVENTS:1,Nicotine & Tobacco Research,review,https://openalex.org/W2407654663,outputs/phase_two/p2_e1_pilot_v0.1/search/raw_retrieval/p2e1b_openalex_13_works.json,FALSE,TRUE,AI_ASSISTED_DISCOVERY
P2SRC_7FCC89BCBED51458A7F4,"The BioGRID database: A comprehensive biomedical resource of curated protein, genetic, and chemical interactions",Rose Oughtred; Jennifer Rust; Christie Chang; Bobby‐Joe Breitkreutz; Chris Stark; Andrew Willems; Lorrie Boucher; Genie Leung; Nadine K. Kolas; Frederick Zhang; Sonam Dolma; Jasmin Coulombe‐Huntington; Andrew Chatr‐aryamontri; Kara Dolinski; Mike Tyers,2020-10-18,10.1002/pro.3978,33070389,,https://openalex.org/W3093053585,DOI:10.1002/pro.3978,SCHOLARLY_RECORD,P2E1B_OPENALEX_04,CAT_04,UNRESOLVED_FROM_DISCOVERY_METADATA,UNRESOLVED_FROM_DISCOVERY_METADATA,POSSIBLY_RELEVANT,LIMITED_DISCOVERY_SIGNAL:CATEGORY_CONTEXT;EVENTS:1,Protein Science,article,https://openalex.org/W3093053585,outputs/phase_two/p2_e1_pilot_v0.1/search/raw_retrieval/p2e1b_openalex_04_works.json,FALSE,TRUE,AI_ASSISTED_DISCOVERY
P2SRC_7C0311D882A1226A22BA,The biopsychosocial model: Its use and abuse,Roberts A,2023 Sep,10.1007/s11019-023-10150-2,37067677,PMC10107555,,PMID:37067677,SCHOLARLY_RECORD,P2E1B_PUBMED_11,CAT_04|CAT_05|CAT_06|CAT_07,UNRESOLVED_FROM_DISCOVERY_METADATA,UNRESOLVED_FROM_DISCOVERY_METADATA,POSSIBLY_RELEVANT,LIMITED_DISCOVERY_SIGNAL:CATEGORY_CONTEXT;EVENTS:1,"Medicine, health care, and philosophy",Journal Article,PMID:37067677,outputs/phase_two/p2_e1_pilot_v0.1/search/raw_retrieval/p2e1b_pubmed_11_esummary.json,UNRESOLVED_FROM_DISCOVERY_METADATA,TRUE,AI_ASSISTED_DISCOVERY
P2SRC_A1133DB1FB756DC6E56A,The carbohydrate-active enzymes database (CAZy) in 2013,Vincent Lombard; Hemalatha Golaconda Ramulu; Élodie Drula; Pedro M. Coutinho; Bernard Henrissat,2013-11-21,10.1093/nar/gkt1178,24270786,,https://openalex.org/W2122559203,DOI:10.1093/nar/gkt1178,SCHOLARLY_RECORD,P2E1B_OPENALEX_04,CAT_04,UNRESOLVED_FROM_DISCOVERY_METADATA,UNRESOLVED_FROM_DISCOVERY_METADATA,LIKELY_OUT_OF_SCOPE,NO_TARGET_EVIDENCE_OR_REPRESENTATION_SIGNAL_IN_CAPTURED_METADATA,Nucleic Acids Research,article,https://openalex.org/W2122559203,outputs/phase_two/p2_e1_pilot_v0.1/search/raw_retrieval/p2e1b_openalex_04_works.json,FALSE,TRUE,AI_ASSISTED_DISCOVERY
P2SRC_C4625CF7C613CAB789C6,The ChEMBL Database in 2023: a drug discovery platform spanning multiple bioactivity data types and time periods,Barbara Zdrazil; Eloy Félix; Fiona Hunter; Emma J. Manners; James Blackshaw; Sybilla Corbett; Marleen De Veij; Harris Ioannidis; David Méndez; Juan F Mosquera; María Paula Magariños; Nicolas Bosc; Ricardo Arcila; Tevfik Kizilören; Anna Gaulton; A. Patrícia Bento; Melissa F. Adasme; Peter Monecke; Gregory A. Landrum; Andrew R. Leach,2023-10-23,10.1093/nar/gkad1004,37933841,,https://openalex.org/W4388455891,DOI:10.1093/nar/gkad1004,SCHOLARLY_RECORD,P2E1B_OPENALEX_14,CAT_01|CAT_07,UNRESOLVED_FROM_DISCOVERY_METADATA,UNRESOLVED_FROM_DISCOVERY_METADATA,POSSIBLY_RELEVANT,LIMITED_DISCOVERY_SIGNAL:CATEGORY_CONTEXT;EVENTS:1,Nucleic Acids Research,article,https://openalex.org/W4388455891,outputs/phase_two/p2_e1_pilot_v0.1/search/raw_retrieval/p2e1b_openalex_14_works.json,FALSE,TRUE,AI_ASSISTED_DISCOVERY
P2SRC_A34A3E7DE89C26D9C7F2,The Cochrane Collaboration's tool for assessing risk of bias in randomised trials,Julian P. T. Higgins; Doug Altman; Peter C Gøtzsche; Peter Jüni; David Moher; Andrew D Oxman; Jelena Savović; Kenneth F. Schulz; Laura Weeks; Jonathan A C Sterne; Cochrane Bias Methods Group; Cochrane Statistical Methods Group,2011-10-18,10.1136/bmj.d5928,22008217,,https://openalex.org/W2098923148,DOI:10.1136/bmj.d5928,SCHOLARLY_RECORD,P2E1B_OPENALEX_05,CAT_05,UNRESOLVED_FROM_DISCOVERY_METADATA,UNRESOLVED_FROM_DISCOVERY_METADATA,LIKELY_OUT_OF_SCOPE,NO_TARGET_EVIDENCE_OR_REPRESENTATION_SIGNAL_IN_CAPTURED_METADATA,BMJ,article,https://openalex.org/W2098923148,outputs/phase_two/p2_e1_pilot_v0.1/search/raw_retrieval/p2e1b_openalex_05_works.json,FALSE,TRUE,AI_ASSISTED_DISCOVERY
P2SRC_ACEE97D8FD4568641690,The DisGeNET knowledge platform for disease genomics: 2019 update,Janet Piñero; Juan Manuel Ramírez‐Anguita; Josep Saüch-Pitarch; Francesco Ronzano; Emilio Centeno; Ferrán Sanz; Laura I. Furlong,2019-10-18,10.1093/nar/gkz1021,31680165,,https://openalex.org/W2983166786,DOI:10.1093/nar/gkz1021,SCHOLARLY_RECORD,P2E1B_OPENALEX_11,CAT_04|CAT_05|CAT_06|CAT_07,UNRESOLVED_FROM_DISCOVERY_METADATA,UNRESOLVED_FROM_DISCOVERY_METADATA,POSSIBLY_RELEVANT,LIMITED_DISCOVERY_SIGNAL:CATEGORY_CONTEXT;EVENTS:1,Nucleic Acids Research,article,https://openalex.org/W2983166786,outputs/phase_two/p2_e1_pilot_v0.1/search/raw_retrieval/p2e1b_openalex_11_works.json,FALSE,TRUE,AI_ASSISTED_DISCOVERY
P2SRC_3228F6AA2A4FE658494C,The druggable genome: Twenty years later,Radoux CJ; Vianello F; McGreig J; Desai N; Bradley AR,2022,10.3389/fbinf.2022.958378,36304325,PMC9580872,,PMID:36304325,SCHOLARLY_RECORD,P2E1B_PUBMED_03|P2E1B_PUBMED_07,CAT_01|CAT_03|CAT_07,UNRESOLVED_FROM_DISCOVERY_METADATA,UNRESOLVED_FROM_DISCOVERY_METADATA,POSSIBLY_RELEVANT,LIMITED_DISCOVERY_SIGNAL:CATEGORY_CONTEXT;EVENTS:2,Frontiers in bioinformatics,Journal Article,PMID:36304325,outputs/phase_two/p2_e1_pilot_v0.1/search/raw_retrieval/p2e1b_pubmed_03_esummary.json|outputs/phase_two/p2_e1_pilot_v0.1/search/raw_retrieval/p2e1b_pubmed_07_esummary.json,UNRESOLVED_FROM_DISCOVERY_METADATA,TRUE,AI_ASSISTED_DISCOVERY
P2SRC_79A55D1906283DFA8277,The economics of TAVI: A systematic review,Petrou P,2023 Feb,10.1016/j.ijcha.2023.101173,36747880,PMC9898648,,PMID:36747880,SCHOLARLY_RECORD,P2E1B_PUBMED_05,CAT_05,UNRESOLVED_FROM_DISCOVERY_METADATA,UNRESOLVED_FROM_DISCOVERY_METADATA,LIKELY_OUT_OF_SCOPE,NO_TARGET_EVIDENCE_OR_REPRESENTATION_SIGNAL_IN_CAPTURED_METADATA,International journal of cardiology. Heart & vasculature,Journal Article|Review,PMID:36747880,outputs/phase_two/p2_e1_pilot_v0.1/search/raw_retrieval/p2e1b_pubmed_05_esummary.json,UNRESOLVED_FROM_DISCOVERY_METADATA,TRUE,AI_ASSISTED_DISCOVERY
P2SRC_718A9DEBB588A5FFF743,The effect of multiple adverse childhood experiences on health: a systematic review and meta-analysis,Karen Hughes; Mark A Bellis; Katherine A. Hardcastle; Dinesh Sethi; Alexander Butchart; Christopher Mikton; Lisa Jones; Michael P. Dunne,2017-07-31,10.1016/s2468-2667(17)30118-4,29253477,,https://openalex.org/W2740726397,DOI:10.1016/s2468-2667(17)30118-4,SCHOLARLY_RECORD,P2E1B_OPENALEX_05|P2E1B_OPENALEX_06,CAT_05|CAT_06,UNRESOLVED_FROM_DISCOVERY_METADATA,UNRESOLVED_FROM_DISCOVERY_METADATA,POSSIBLY_RELEVANT,LIMITED_DISCOVERY_SIGNAL:CATEGORY_CONTEXT;EVENTS:2,The Lancet Public Health,review,https://openalex.org/W2740726397,outputs/phase_two/p2_e1_pilot_v0.1/search/raw_retrieval/p2e1b_openalex_05_works.json|outputs/phase_two/p2_e1_pilot_v0.1/search/raw_retrieval/p2e1b_openalex_06_works.json,FALSE,TRUE,AI_ASSISTED_DISCOVERY
P2SRC_3442DB474A5E5FA49B70,The effects of gender on climate change knowledge and concern in the American public,Aaron M. McCright,2010-06-04,10.1007/s11111-010-0113-1,,,https://openalex.org/W2147527874,DOI:10.1007/s11111-010-0113-1,SCHOLARLY_RECORD,P2E1B_OPENALEX_11,CAT_04|CAT_05|CAT_06|CAT_07,UNRESOLVED_FROM_DISCOVERY_METADATA,UNRESOLVED_FROM_DISCOVERY_METADATA,POSSIBLY_RELEVANT,LIMITED_DISCOVERY_SIGNAL:CATEGORY_CONTEXT;EVENTS:1,Population and Environment,article,https://openalex.org/W2147527874,outputs/phase_two/p2_e1_pilot_v0.1/search/raw_retrieval/p2e1b_openalex_11_works.json,FALSE,TRUE,AI_ASSISTED_DISCOVERY
P2SRC_1B3614603FBDA345AA12,The ENCODE Uniform Analysis Pipelines,Hitz BC; Jin-Wook L; Jolanki O; Kagda MS; Graham K; Sud P; Gabdank I; Strattan JS; Sloan CA; Dreszer T; Rowe LD; Podduturi NR; Malladi VS; Chan ET; Davidson JM; Ho M; Miyasato S; Simison M; Tanaka F; Luo Y; Whaling I; Hong EL; Lee BT; Sandstrom R; Rynes E; Nelson J; Nishida A; Ingersoll A; Buckley M; Frerker M; Kim DS; Boley N; Trout D; Dobin A; Rahmanian S; Wyman D; Balderrama-Gutierrez G; Reese F; Durand NC; Dudchenko O; Weisz D; Rao SSP; Blackburn A; Gkountaroulis D; Sadr M; Olshansky M; Eliaz Y; Nguyen D; Bochkov I; Shamim MS; Mahajan R; Aiden E; Gingeras T; Heath S; Hirst M; Kent WJ; Kundaje A; Mortazavi A; Wold B; Cherry JM,2023 Apr 6,10.1101/2023.04.04.535623,37066421,PMC10104020,,PMID:37066421,SCHOLARLY_RECORD,P2E1B_PUBMED_04,CAT_04,UNRESOLVED_FROM_DISCOVERY_METADATA,UNRESOLVED_FROM_DISCOVERY_METADATA,LIKELY_OUT_OF_SCOPE,NO_TARGET_EVIDENCE_OR_REPRESENTATION_SIGNAL_IN_CAPTURED_METADATA,bioRxiv : the preprint server for biology,Preprint|Journal Article,PMID:37066421,outputs/phase_two/p2_e1_pilot_v0.1/search/raw_retrieval/p2e1b_pubmed_04_esummary.json,UNRESOLVED_FROM_DISCOVERY_METADATA,TRUE,AI_ASSISTED_DISCOVERY
P2SRC_F0A557481051BE8B9A0F,The ENCODE Uniform Analysis Pipelines,Hitz BC; Lee JW; Jolanki O; Kagda MS; Graham K; Sud P; Gabdank I; Strattan JS; Sloan CA; Dreszer T; Rowe LD; Podduturi NR; Malladi VS; Chan ET; Davidson JM; Ho M; Miyasato S; Simison M; Tanaka F; Luo Y; Whaling I; Hong EL; Lee BT; Sandstrom R; Rynes E; Nelson J; Nishida A; Ingersoll A; Buckley M; Frerker M; Kim DS; Boley N; Trout D; Dobin A; Rahmanian S; Wyman D; Balderrama-Gutierrez G; Reese F; Durand NC; Dudchenko O; Weisz D; Rao SSP; Blackburn A; Gkountaroulis D; Sadr M; Olshansky M; Eliaz Y; Nguyen D; Bochkov I; Shamim MS; Mahajan R; Aiden E; Gingeras T; Heath S; Hirst M; Kent WJ; Kundaje A; Mortazavi A; Wold B; Cherry JM,2023 Jul 19,10.21203/rs.3.rs-3111932/v1,37503119,PMC10371165,,PMID:37503119,SCHOLARLY_RECORD,P2E1B_PUBMED_04,CAT_04,UNRESOLVED_FROM_DISCOVERY_METADATA,UNRESOLVED_FROM_DISCOVERY_METADATA,LIKELY_OUT_OF_SCOPE,NO_TARGET_EVIDENCE_OR_REPRESENTATION_SIGNAL_IN_CAPTURED_METADATA,Research square,Preprint|Journal Article,PMID:37503119,outputs/phase_two/p2_e1_pilot_v0.1/search/raw_retrieval/p2e1b_pubmed_04_esummary.json,UNRESOLVED_FROM_DISCOVERY_METADATA,TRUE,AI_ASSISTED_DISCOVERY
P2SRC_FC6E9F4E67454C4807E6,"The Galaxy platform for accessible, reproducible and collaborative biomedical analyses: 2018 update",Enis Afgan; Dannon Baker; Bérénice Batut; Marius van den Beek; Dave Bouvier; Martin Čech; John Chilton; Dave Clements; Nate Coraor; Björn Grüning; Aysam Guerler; Jennifer Hillman‐Jackson; Saskia Hiltemann; Vahid Jalili; Helena Rasche; Nicola Soranzo; Jeremy Goecks; James Taylor; Anton Nekrutenko; Daniel Blankenberg,2018-05-03,10.1093/nar/gky379,29790989,,https://openalex.org/W2917207851,DOI:10.1093/nar/gky379,SCHOLARLY_RECORD,P2E1B_OPENALEX_10,CAT_01|CAT_03|CAT_04,UNRESOLVED_FROM_DISCOVERY_METADATA,UNRESOLVED_FROM_DISCOVERY_METADATA,POSSIBLY_RELEVANT,LIMITED_DISCOVERY_SIGNAL:CATEGORY_CONTEXT;EVENTS:1,Nucleic Acids Research,article,https://openalex.org/W2917207851,outputs/phase_two/p2_e1_pilot_v0.1/search/raw_retrieval/p2e1b_openalex_10_works.json,FALSE,TRUE,AI_ASSISTED_DISCOVERY
P2SRC_625EA059596687568CF3,The health care and life sciences community profile for dataset descriptions,Dumontier M; Gray AJG; Marshall MS; Alexiev V; Ansell P; Bader G; Baran J; Bolleman JT; Callahan A; Cruz-Toledo J; Gaudet P; Gombocz EA; Gonzalez-Beltran AN; Groth P; Haendel M; Ito M; Jupp S; Juty N; Katayama T; Kobayashi N; Krishnaswami K; Laibe C; Le Novère N; Lin S; Malone J; Miller M; Mungall CJ; Rietveld L; Wimalaratne SM; Yamaguchi A,2016,10.7717/peerj.2331,27602295,PMC4991880,,PMID:27602295,SCHOLARLY_RECORD,P2E1B_PUBMED_10,CAT_01|CAT_03|CAT_04,UNRESOLVED_FROM_DISCOVERY_METADATA,UNRESOLVED_FROM_DISCOVERY_METADATA,POSSIBLY_RELEVANT,LIMITED_DISCOVERY_SIGNAL:CATEGORY_CONTEXT;EVENTS:1,PeerJ,Journal Article,PMID:27602295,outputs/phase_two/p2_e1_pilot_v0.1/search/raw_retrieval/p2e1b_pubmed_10_esummary.json,UNRESOLVED_FROM_DISCOVERY_METADATA,TRUE,AI_ASSISTED_DISCOVERY
P2SRC_2F9FA3F0133AA60E8BE8,The Human Phenotype Ontology in 2017,Sebastian Köhler; Nicole Vasilevsky; Mark Engelstad; Erin D. Foster; Julie A. McMurry; Ségolène Aymé; Gareth Baynam; Susan M. Bello; Cornelius F. Boerkoel; Kym M. Boycott; Michael Brudno; Orion J. Buske; Patrick F. Chinnery; Valentina Cipriani; Laureen E. Connell; Hugh Dawkins; Laura E. DeMare; A. Devereau; Bert B.A. de Vries; Helen V. Firth; Kathleen Freson; Daniel Greene; Ada Hamosh; Ingo Helbig; Courtney Hum; Johanna Jähn; Roger James; Roland Krause; Stanley J. F. Laulederkind; Hanns Lochmüller; Gholson J. Lyon; Soichi Ogishima; Annie Olry; Willem H. Ouwehand; Nikolas Pontikos; Ana Rath; Franz Schaefer; Richard H. Scott; Michael M. Segal; Panagiotis I. Sergouniotis; Richard Sever; Cynthia L. Smith; Volker Straub; Rachel Thompson; C. Turner; Ernest Turro; Marijcke W. M. Veltman; Tom Vulliamy; Jing Yu; Julie von Ziegenweidt; Andreas Zankl; Stephan Züchner; Tomasz Żemojtel; Julius O.B. Jacobsen; Tudor Groza; Damian Smedley; Chris Mungall; Melissa Haendel; Peter N. Robinson,2016-11-28,10.1093/nar/gkw1039,27899602,,https://openalex.org/W2557385283,DOI:10.1093/nar/gkw1039,SCHOLARLY_RECORD,P2E1B_OPENALEX_09,CAT_05|CAT_06,UNRESOLVED_FROM_DISCOVERY_METADATA,UNRESOLVED_FROM_DISCOVERY_METADATA,POSSIBLY_RELEVANT,LIMITED_DISCOVERY_SIGNAL:CATEGORY_CONTEXT;EVENTS:1,Nucleic Acids Research,article,https://openalex.org/W2557385283,outputs/phase_two/p2_e1_pilot_v0.1/search/raw_retrieval/p2e1b_openalex_09_works.json,FALSE,TRUE,AI_ASSISTED_DISCOVERY
P2SRC_E74B5F47708D687ACFB0,The Human Phenotype Ontology in 2021,Sebastian Köhler; Michael Gargano; Nicolas Matentzoglu; Leigh Carmody; David Lewis‐Smith; Nicole Vasilevsky; Daniel Daniš; Ganna Balagura; Gareth Baynam; Amy Brower; Tiffany J. Callahan; Christopher G. Chute; Johanna L Est; Peter D. Galer; Shiva Ganesan; Matthias Griese; Matthias Haimel; Júlia Pázmándi; Marc Hanauer; Nomi L. Harris; M. J. Hartnett; Maximilian Hastreiter; Fabian Hauck; Yongqun He; Tim Jeske; Hugh Kearney; Gerhard Kindle; Christoph Klein; Katrin Knoflach; Roland Krause; David Lagorce; Julie A. McMurry; Jillian A. Miller; Mónica Muñoz-Torres; Rebecca L. Peters; Christina Rapp; Ana Rath; Shahmir A Rind; Avi Z. Rosenberg; Michael M. Segal; Markus G. Seidel; Damian Smedley; Tomer Talmy; Yarlalu Thomas; Samuel Agyei Wiafe; Julie Xian; Zafer Yüksel; Ingo Helbig; Chris Mungall; Melissa Haendel; Peter N. Robinson,2020-11-16,10.1093/nar/gkaa1043,33264411,,https://openalex.org/W3106811464,DOI:10.1093/nar/gkaa1043,SCHOLARLY_RECORD,P2E1B_OPENALEX_09,CAT_05|CAT_06,UNRESOLVED_FROM_DISCOVERY_METADATA,UNRESOLVED_FROM_DISCOVERY_METADATA,POSSIBLY_RELEVANT,LIMITED_DISCOVERY_SIGNAL:CATEGORY_CONTEXT;EVENTS:1,Nucleic Acids Research,article,https://openalex.org/W3106811464,outputs/phase_two/p2_e1_pilot_v0.1/search/raw_retrieval/p2e1b_openalex_09_works.json,FALSE,TRUE,AI_ASSISTED_DISCOVERY
P2SRC_073A0837723BE035AFB9,The Impact of Artificial Intelligence on Innovation,Iain Cockburn; Rebecca Henderson; Scott Stern,2018-03-01,10.3386/w24449,,,https://openalex.org/W2767479331,DOI:10.3386/w24449,SCHOLARLY_RECORD,P2E1B_OPENALEX_14,CAT_01|CAT_07,UNRESOLVED_FROM_DISCOVERY_METADATA,UNRESOLVED_FROM_DISCOVERY_METADATA,POSSIBLY_RELEVANT,LIMITED_DISCOVERY_SIGNAL:artificial intelligence;EVENTS:1,National Bureau of Economic Research,report,https://openalex.org/W2767479331,outputs/phase_two/p2_e1_pilot_v0.1/search/raw_retrieval/p2e1b_openalex_14_works.json,FALSE,TRUE,AI_ASSISTED_DISCOVERY
P2SRC_4C41A6AA726ED87D0774,The impact of psychological treatment on intolerance of uncertainty in generalized anxiety disorder: A systematic review and meta-analysis,Wilson EJ; Abbott MJ; Norton AR,2023 Jun,10.1016/j.janxdis.2023.102729,37271039,,,PMID:37271039,SCHOLARLY_RECORD,P2E1B_PUBMED_06,CAT_05|CAT_06,UNRESOLVED_FROM_DISCOVERY_METADATA,UNRESOLVED_FROM_DISCOVERY_METADATA,POSSIBLY_RELEVANT,LIMITED_DISCOVERY_SIGNAL:uncertainty;EVENTS:1,Journal of anxiety disorders,"Meta-Analysis|Systematic Review|Journal Article|Research Support, Non-U.S. Gov't",PMID:37271039,outputs/phase_two/p2_e1_pilot_v0.1/search/raw_retrieval/p2e1b_pubmed_06_esummary.json,UNRESOLVED_FROM_DISCOVERY_METADATA,TRUE,AI_ASSISTED_DISCOVERY
P2SRC_9E2A322D0C5865758415,The impact of vitamin D supplementation on anti-Müllerian hormone levels: a systematic review and meta-analysis,Mirzaei P; Eslamian G; Sohouli MH; Tadayoni ZS,2025 Dec 23,10.1186/s12902-025-02143-4,41437344,PMC12837038,,PMID:41437344,SCHOLARLY_RECORD,P2E1B_PUBMED_13,CAT_03|CAT_05|CAT_06,UNRESOLVED_FROM_DISCOVERY_METADATA,UNRESOLVED_FROM_DISCOVERY_METADATA,POSSIBLY_RELEVANT,LIMITED_DISCOVERY_SIGNAL:CATEGORY_CONTEXT;EVENTS:1,BMC endocrine disorders,Journal Article|Systematic Review|Meta-Analysis,PMID:41437344,outputs/phase_two/p2_e1_pilot_v0.1/search/raw_retrieval/p2e1b_pubmed_13_esummary.json,UNRESOLVED_FROM_DISCOVERY_METADATA,TRUE,AI_ASSISTED_DISCOVERY
P2SRC_6F296EF905E3E02CC21F,"The Mass Production of Redundant, Misleading, and Conflicted Systematic Reviews and Meta‐analyses",John P. A. Ioannidis,2016-09-01,10.1111/1468-0009.12210,27620683,,https://openalex.org/W2520714999,DOI:10.1111/1468-0009.12210,SCHOLARLY_RECORD,P2E1B_OPENALEX_05,CAT_05,UNRESOLVED_FROM_DISCOVERY_METADATA,UNRESOLVED_FROM_DISCOVERY_METADATA,POSSIBLY_RELEVANT,LIMITED_DISCOVERY_SIGNAL:evidence synthesis;EVENTS:1,Milbank Quarterly,review,https://openalex.org/W2520714999,outputs/phase_two/p2_e1_pilot_v0.1/search/raw_retrieval/p2e1b_openalex_05_works.json,FALSE,TRUE,AI_ASSISTED_DISCOVERY
P2SRC_3EF1200050BB44E19C5E,The MetaCyc database of metabolic pathways and enzymes and the BioCyc collection of pathway/genome databases,Ron Caspi; Richard Billington; Luciana Ferrer; Hartmut Foerster; Carol A. Fulcher; Ingrid M. Keseler; Anamika Kothari; Markus Krummenacker; Mario Latendresse; Lukas A. Mueller; Quang Ong; Suzanne Paley; Pallavi Subhraveti; Daniel Weaver; Peter D. Karp,2015-11-02,10.1093/nar/gkv1164,26527732,,https://openalex.org/W2128601422,DOI:10.1093/nar/gkv1164,SCHOLARLY_RECORD,P2E1B_OPENALEX_04,CAT_04,UNRESOLVED_FROM_DISCOVERY_METADATA,UNRESOLVED_FROM_DISCOVERY_METADATA,LIKELY_OUT_OF_SCOPE,NO_TARGET_EVIDENCE_OR_REPRESENTATION_SIGNAL_IN_CAPTURED_METADATA,Nucleic Acids Research,article,https://openalex.org/W2128601422,outputs/phase_two/p2_e1_pilot_v0.1/search/raw_retrieval/p2e1b_openalex_04_works.json,FALSE,TRUE,AI_ASSISTED_DISCOVERY
P2SRC_6EF5B6BDF46F7AEEB8DD,The Minderoo-Monaco Commission on Plastics and Human Health,Landrigan PJ; Raps H; Cropper M; Bald C; Brunner M; Canonizado EM; Charles D; Chiles TC; Donohue MJ; Enck J; Fenichel P; Fleming LE; Ferrier-Pages C; Fordham R; Gozt A; Griffin C; Hahn ME; Haryanto B; Hixson R; Ianelli H; James BD; Kumar P; Laborde A; Law KL; Martin K; Mu J; Mulders Y; Mustapha A; Niu J; Pahl S; Park Y; Pedrotti ML; Pitt JA; Ruchirawat M; Seewoo BJ; Spring M; Stegeman JJ; Suk W; Symeonides C; Takada H; Thompson RC; Vicini A; Wang Z; Whitman E; Wirth D; Wolff M; Yousuf AK; Dunlop S,2023,10.5334/aogh.4056,36969097,PMC10038118,,PMID:36969097,SCHOLARLY_RECORD,P2E1B_PUBMED_04,CAT_04,UNRESOLVED_FROM_DISCOVERY_METADATA,UNRESOLVED_FROM_DISCOVERY_METADATA,LIKELY_OUT_OF_SCOPE,NO_TARGET_EVIDENCE_OR_REPRESENTATION_SIGNAL_IN_CAPTURED_METADATA,Annals of global health,"Review|Journal Article|Research Support, N.I.H., Extramural|Research Support, Non-U.S. Gov't",PMID:36969097,outputs/phase_two/p2_e1_pilot_v0.1/search/raw_retrieval/p2e1b_pubmed_04_esummary.json,UNRESOLVED_FROM_DISCOVERY_METADATA,TRUE,AI_ASSISTED_DISCOVERY
P2SRC_EE2A43B4F514045A9B46,The Molecular Basis of Human Brain Evolution,Enard W,2016 Oct 24,10.1016/j.cub.2016.09.030,27780052,,,PMID:27780052,SCHOLARLY_RECORD,P2E1B_PUBMED_04,CAT_04,UNRESOLVED_FROM_DISCOVERY_METADATA,UNRESOLVED_FROM_DISCOVERY_METADATA,LIKELY_OUT_OF_SCOPE,NO_TARGET_EVIDENCE_OR_REPRESENTATION_SIGNAL_IN_CAPTURED_METADATA,Current biology : CB,Journal Article|Review,PMID:27780052,outputs/phase_two/p2_e1_pilot_v0.1/search/raw_retrieval/p2e1b_pubmed_04_esummary.json,UNRESOLVED_FROM_DISCOVERY_METADATA,TRUE,AI_ASSISTED_DISCOVERY
P2SRC_3B6CC48FE0BC6F041613,The Molecular Signatures Database Hallmark Gene Set Collection,Arthur Liberzon; Chet Birger; Helga Thorvaldsdóttir; Mahmoud Ghandi; Jill P. Mesirov; Pablo Tamayo,2015-12-01,10.1016/j.cels.2015.12.004,26771021,,https://openalex.org/W2214074259,DOI:10.1016/j.cels.2015.12.004,SCHOLARLY_RECORD,P2E1B_OPENALEX_04|P2E1B_OPENALEX_10,CAT_01|CAT_03|CAT_04,UNRESOLVED_FROM_DISCOVERY_METADATA,UNRESOLVED_FROM_DISCOVERY_METADATA,POSSIBLY_RELEVANT,LIMITED_DISCOVERY_SIGNAL:CATEGORY_CONTEXT;EVENTS:2,Cell Systems,article,https://openalex.org/W2214074259,outputs/phase_two/p2_e1_pilot_v0.1/search/raw_retrieval/p2e1b_openalex_04_works.json|outputs/phase_two/p2_e1_pilot_v0.1/search/raw_retrieval/p2e1b_openalex_10_works.json,FALSE,TRUE,AI_ASSISTED_DISCOVERY
P2SRC_D8A609805020E6515EE5,"The Next Generation of Platinum Drugs: Targeted Pt(II) Agents, Nanoparticle Delivery, and Pt(IV) Prodrugs",Timothy C. Johnstone; Kogularamanan Suntharalingam; Stephen J. Lippard,2016-02-11,10.1021/acs.chemrev.5b00597,26865551,,https://openalex.org/W2282989227,DOI:10.1021/acs.chemrev.5b00597,SCHOLARLY_RECORD,P2E1B_OPENALEX_10,CAT_01|CAT_03|CAT_04,UNRESOLVED_FROM_DISCOVERY_METADATA,UNRESOLVED_FROM_DISCOVERY_METADATA,POSSIBLY_RELEVANT,LIMITED_DISCOVERY_SIGNAL:CATEGORY_CONTEXT;EVENTS:1,Chemical Reviews,article,https://openalex.org/W2282989227,outputs/phase_two/p2_e1_pilot_v0.1/search/raw_retrieval/p2e1b_openalex_10_works.json,FALSE,TRUE,AI_ASSISTED_DISCOVERY
P2SRC_3A0AE007960F5E12985E,The next paradigm in bioinformatics: a review of multi-agent systems and foundational models for end-to-end scientific discovery,Branda F; Ahmed MM; Ciccozzi M; Guzzi PH; Scarpa F,2026 May 4,10.1093/bib/bbag245,42160738,PMC13189163,,PMID:42160738,SCHOLARLY_RECORD,P2E1B_PUBMED_14,CAT_01|CAT_07,UNRESOLVED_FROM_DISCOVERY_METADATA,UNRESOLVED_FROM_DISCOVERY_METADATA,POSSIBLY_RELEVANT,LIMITED_DISCOVERY_SIGNAL:CATEGORY_CONTEXT;EVENTS:1,Briefings in bioinformatics,Journal Article|Review,PMID:42160738,outputs/phase_two/p2_e1_pilot_v0.1/search/raw_retrieval/p2e1b_pubmed_14_esummary.json,UNRESOLVED_FROM_DISCOVERY_METADATA,TRUE,AI_ASSISTED_DISCOVERY
P2SRC_3CFEF739BF3303367DFA,"The next-generation Open Targets Platform: reimagined, redesigned, rebuilt",David Ochoa; Andrew Hercules; Miguel Carmona; Dániel Süveges; Jarrod Baker; Claudio Malangone; Irene López; Alfredo Miranda; Carlos Cruz-Castillo; Luca Fumis; Manuel Bernal Llinares; Kirill Tsukanov; Helena Cornu; Konstantinos D. Tsirigos; Olesya Razuvayevskaya; Annalisa Buniello; Jeremy Schwartzentruber; Mohd Anisul Karim; Bruno Ariano; Ricardo Esteban Martinez Osorio; Javier Ferrer; Xiangyu Ge; Sandra Machlitt‐Northen; Asier Gonzalez‐Uriarte; Shyamasree Saha; Santosh Tirunagari; Chintan Mehta; Juan María Roldán‐Romero; Stuart Horswell; Sarah Young; Maya Ghoussaini; David G. Hulcoop; Ian Dunham; Ellen M. McDonagh,2022-10-27,10.1093/nar/gkac1046,36399499,PMC9825572,https://openalex.org/W4309306035,DOI:10.1093/nar/gkac1046,SCHOLARLY_RECORD,P2E1B_OPENALEX_02|P2E1B_PUBMED_02|P2E1B_PUBMED_07,CAT_01|CAT_02|CAT_07,UNRESOLVED_FROM_DISCOVERY_METADATA,UNRESOLVED_FROM_DISCOVERY_METADATA,LIKELY_RELEVANT,DISCOVERY_KEYWORDS:drug target|machine learning|open targets;EVENTS:3,Nucleic Acids Research,article,PMID:36399499|https://openalex.org/W4309306035,outputs/phase_two/p2_e1_pilot_v0.1/search/raw_retrieval/p2e1b_openalex_02_works.json|outputs/phase_two/p2_e1_pilot_v0.1/search/raw_retrieval/p2e1b_pubmed_02_esummary.json|outputs/phase_two/p2_e1_pilot_v0.1/search/raw_retrieval/p2e1b_pubmed_07_esummary.json,FALSE,TRUE,AI_ASSISTED_DISCOVERY
P2SRC_62898C7EE0EAC780DC67,The OREGANO knowledge graph for computational drug repurposing,Boudin M; Diallo G; Drancé M; Mougin F,2023 Dec 6,10.1038/s41597-023-02757-0,38057380,PMC10700660,,PMID:38057380,SCHOLARLY_RECORD,P2E1B_PUBMED_03,CAT_01|CAT_03,UNRESOLVED_FROM_DISCOVERY_METADATA,UNRESOLVED_FROM_DISCOVERY_METADATA,POSSIBLY_RELEVANT,LIMITED_DISCOVERY_SIGNAL:knowledge graph;EVENTS:1,Scientific data,Dataset|Journal Article,PMID:38057380,outputs/phase_two/p2_e1_pilot_v0.1/search/raw_retrieval/p2e1b_pubmed_03_esummary.json,UNRESOLVED_FROM_DISCOVERY_METADATA,TRUE,AI_ASSISTED_DISCOVERY
P2SRC_0F73148EC6F401A46452,The paradox of intragroup conflict: A meta-analysis.,Frank de Wit; Lindred L. Greer; Karen A. Jehn,2011-08-15,10.1037/a0024844,21842974,,https://openalex.org/W2065967577,DOI:10.1037/a0024844,SCHOLARLY_RECORD,P2E1B_OPENALEX_06,CAT_05|CAT_06,UNRESOLVED_FROM_DISCOVERY_METADATA,UNRESOLVED_FROM_DISCOVERY_METADATA,POSSIBLY_RELEVANT,LIMITED_DISCOVERY_SIGNAL:CATEGORY_CONTEXT;EVENTS:1,Journal of Applied Psychology,article,https://openalex.org/W2065967577,outputs/phase_two/p2_e1_pilot_v0.1/search/raw_retrieval/p2e1b_openalex_06_works.json,FALSE,TRUE,AI_ASSISTED_DISCOVERY
P2SRC_392D6F04F8A4914645B4,The Pfam protein families database in 2019,Sara El-Gebali; Jaina Mistry; Alex Bateman; Sean R. Eddy; Aurélien Luciani; Simon Potter; Matloob Qureshi; Lorna Richardson; Gustavo A Salazar; Alfredo D Smart; Erik L. L. Sonnhammer; Layla Hirsh; Lisanna Paladin; Damiano Piovesan; Silvio C. E. Tosatto; ROBERT FINN,2018-10-09,10.1093/nar/gky995,30357350,,https://openalex.org/W2898402099,DOI:10.1093/nar/gky995,SCHOLARLY_RECORD,P2E1B_OPENALEX_04,CAT_04,UNRESOLVED_FROM_DISCOVERY_METADATA,UNRESOLVED_FROM_DISCOVERY_METADATA,LIKELY_OUT_OF_SCOPE,NO_TARGET_EVIDENCE_OR_REPRESENTATION_SIGNAL_IN_CAPTURED_METADATA,Nucleic Acids Research,article,https://openalex.org/W2898402099,outputs/phase_two/p2_e1_pilot_v0.1/search/raw_retrieval/p2e1b_openalex_04_works.json,FALSE,TRUE,AI_ASSISTED_DISCOVERY
P2SRC_A0A193DB1F6D1071E666,The Pfam protein families database: towards a more sustainable future,ROBERT FINN; Penelope Coggill; Ruth Y. Eberhardt; Sean R. Eddy; Jaina Mistry; Alex Mitchell; Simon Potter; Marco Punta; Matloob Qureshi; Amaia Sangrador‐Vegas; Gustavo A Salazar; John Tate; Alex Bateman,2015-12-15,10.1093/nar/gkv1344,26673716,,https://openalex.org/W2224056471,DOI:10.1093/nar/gkv1344,SCHOLARLY_RECORD,P2E1B_OPENALEX_04,CAT_04,UNRESOLVED_FROM_DISCOVERY_METADATA,UNRESOLVED_FROM_DISCOVERY_METADATA,LIKELY_OUT_OF_SCOPE,NO_TARGET_EVIDENCE_OR_REPRESENTATION_SIGNAL_IN_CAPTURED_METADATA,Nucleic Acids Research,article,https://openalex.org/W2224056471,outputs/phase_two/p2_e1_pilot_v0.1/search/raw_retrieval/p2e1b_openalex_04_works.json,FALSE,TRUE,AI_ASSISTED_DISCOVERY
P2SRC_09FCF2C179A37E01DD60,The Physical Activity Guidelines for Americans,Katrina L. Piercy; Richard P. Troiano; Rachel Ballard; Susan A. Carlson; Janet E. Fulton; Deborah A. Galuska; Stephanie M. George; Richard D. Olson,2018-11-12,10.1001/jama.2018.14854,19090067,,https://openalex.org/W2900726805,DOI:10.1001/jama.2018.14854,SCHOLARLY_RECORD,P2E1B_OPENALEX_12,CAT_01|CAT_05|CAT_06,UNRESOLVED_FROM_DISCOVERY_METADATA,UNRESOLVED_FROM_DISCOVERY_METADATA,POSSIBLY_RELEVANT,LIMITED_DISCOVERY_SIGNAL:evidence synthesis;EVENTS:1,JAMA,article,https://openalex.org/W2900726805,outputs/phase_two/p2_e1_pilot_v0.1/search/raw_retrieval/p2e1b_openalex_12_works.json,FALSE,TRUE,AI_ASSISTED_DISCOVERY
P2SRC_842A24B14A8A08CF3473,The Pittsburgh sleep quality index as a screening tool for sleep dysfunction in clinical and non-clinical samples: A systematic review and meta-analysis,Tatyana Mollayeva; Pravheen Thurairajah; Kirsteen Burton; Shirin Mollayeva; Colin M. Shapiro; Angela Colantonio,2015-02-16,10.1016/j.smrv.2015.01.009,26163057,,https://openalex.org/W2089084689,DOI:10.1016/j.smrv.2015.01.009,SCHOLARLY_RECORD,P2E1B_OPENALEX_09,CAT_05|CAT_06,UNRESOLVED_FROM_DISCOVERY_METADATA,UNRESOLVED_FROM_DISCOVERY_METADATA,POSSIBLY_RELEVANT,LIMITED_DISCOVERY_SIGNAL:CATEGORY_CONTEXT;EVENTS:1,Sleep Medicine Reviews,review,https://openalex.org/W2089084689,outputs/phase_two/p2_e1_pilot_v0.1/search/raw_retrieval/p2e1b_openalex_09_works.json,FALSE,TRUE,AI_ASSISTED_DISCOVERY
P2SRC_24BB3872EA5368C53F1E,The precursors of CD8(+) tissue resident memory T cells: from lymphoid organs to infected tissues,Kok L; Masopust D; Schumacher TN,2022 May,10.1038/s41577-021-00590-3,34480118,PMC8415193,,PMID:34480118,SCHOLARLY_RECORD,P2E1B_PUBMED_04,CAT_04,UNRESOLVED_FROM_DISCOVERY_METADATA,UNRESOLVED_FROM_DISCOVERY_METADATA,LIKELY_OUT_OF_SCOPE,NO_TARGET_EVIDENCE_OR_REPRESENTATION_SIGNAL_IN_CAPTURED_METADATA,Nature reviews. Immunology,Journal Article|Review,PMID:34480118,outputs/phase_two/p2_e1_pilot_v0.1/search/raw_retrieval/p2e1b_pubmed_04_esummary.json,UNRESOLVED_FROM_DISCOVERY_METADATA,TRUE,AI_ASSISTED_DISCOVERY
P2SRC_BDB031A4CF584601CAD7,The Prevention and Treatment of Missing Data in Clinical Trials,Roderick J. A. Little; Ralph B. D’Agostino; Michael L. Cohen; Kay Dickersin; Scott S. Emerson; John T. Farrar; Constantine Frangakis; Joseph W. Hogan; Geert Molenberghs; Susan A. Murphy; James D. Neaton; Andrea Rotnitzky; Daniel O. Scharfstein; Weichung Joe Shih; Jay P. Siegel; Hal S. Stern,2012-10-03,10.1056/nejmsr1203730,23034025,,https://openalex.org/W2009432182,DOI:10.1056/nejmsr1203730,SCHOLARLY_RECORD,P2E1B_OPENALEX_05|P2E1B_OPENALEX_06,CAT_05|CAT_06,UNRESOLVED_FROM_DISCOVERY_METADATA,UNRESOLVED_FROM_DISCOVERY_METADATA,LIKELY_RELEVANT,DISCOVERY_KEYWORDS:missing data;EVENTS:2,New England Journal of Medicine,article,https://openalex.org/W2009432182,outputs/phase_two/p2_e1_pilot_v0.1/search/raw_retrieval/p2e1b_openalex_05_works.json|outputs/phase_two/p2_e1_pilot_v0.1/search/raw_retrieval/p2e1b_openalex_06_works.json,FALSE,TRUE,AI_ASSISTED_DISCOVERY
P2SRC_E85468B56B2565ADB7F6,The PRIDE database and related tools and resources in 2019: improving support for quantification data,Yasset Pérez‐Riverol; Attila Csordás; Jingwen Bai; Manuel Bernal Llinares; Suresh Hewapathirana; Deepti J Kundu; Avinash Inuganti; Johannes Griss; Gerhard Mayer; Martin Eisenacher; Enrique Pérez; Julian Uszkoreit; Julianus Pfeuffer; Timo Sachsenberg; Şule Yılmaz; Shivani Tiwary; Jürgen Cox; Enrique Audain; Mathias Walzer; Andrew F. Jarnuczak; Tobias Ternent; Alvis Brāzma; Juan Antonio Vizcaíno,2018-10-22,10.1093/nar/gky1106,30395289,,https://openalex.org/W2899760200,DOI:10.1093/nar/gky1106,SCHOLARLY_RECORD,P2E1B_OPENALEX_04,CAT_04,UNRESOLVED_FROM_DISCOVERY_METADATA,UNRESOLVED_FROM_DISCOVERY_METADATA,LIKELY_OUT_OF_SCOPE,NO_TARGET_EVIDENCE_OR_REPRESENTATION_SIGNAL_IN_CAPTURED_METADATA,Nucleic Acids Research,article,https://openalex.org/W2899760200,outputs/phase_two/p2_e1_pilot_v0.1/search/raw_retrieval/p2e1b_openalex_04_works.json,FALSE,TRUE,AI_ASSISTED_DISCOVERY
P2SRC_9CC5C07E00D094EFC8C9,The PRIDE database resources in 2022: a hub for mass spectrometry-based proteomics evidences,Yasset Pérez‐Riverol; Jingwen Bai; Chakradhar Bandla; David García‐Seisdedos; Suresh Hewapathirana; Selvakumar Kamatchinathan; Deepti J Kundu; Ananth Prakash; Anika Frericks-Zipper; Martin Eisenacher; Mathias Walzer; Shengbo Wang; Alvis Brāzma; Juan Antonio Vizcaíno,2021-10-15,10.1093/nar/gkab1038,34723319,,https://openalex.org/W3208691473,DOI:10.1093/nar/gkab1038,SCHOLARLY_RECORD,P2E1B_OPENALEX_04,CAT_04,UNRESOLVED_FROM_DISCOVERY_METADATA,UNRESOLVED_FROM_DISCOVERY_METADATA,POSSIBLY_RELEVANT,LIMITED_DISCOVERY_SIGNAL:CATEGORY_CONTEXT;EVENTS:1,Nucleic Acids Research,article,https://openalex.org/W3208691473,outputs/phase_two/p2_e1_pilot_v0.1/search/raw_retrieval/p2e1b_openalex_04_works.json,FALSE,TRUE,AI_ASSISTED_DISCOVERY
P2SRC_2B93E9802DE00B685061,The PRISMA 2020 statement: An updated guideline for reporting systematic reviews,Matthew J. Page; Joanne E. McKenzie; Patrick M. Bossuyt; Isabelle Boutron; Tammy Hoffmann; Cynthia D. Mulrow; Larissa Shamseer; Jennifer Tetzlaff; Elie A. Akl; Sue Brennan; Roger Chou; Julie Glanville; Jeremy Grimshaw; Asbjørn Hróbjartsson; Manoj M. Lalu; Tianjing Li; Elizabeth Loder; Evan Mayo‐Wilson; Steve McDonald; Luke A. McGuinness; Lesley Stewart; James Thomas; Andrea C. Tricco; Vivian Welch; Penny Whiting; David Moher,2021-03-28,10.1016/j.ijsu.2021.105906,33789826,,https://openalex.org/W3146142859,DOI:10.1016/j.ijsu.2021.105906,SCHOLARLY_RECORD,P2E1B_OPENALEX_05,CAT_05,UNRESOLVED_FROM_DISCOVERY_METADATA,UNRESOLVED_FROM_DISCOVERY_METADATA,LIKELY_OUT_OF_SCOPE,NO_TARGET_EVIDENCE_OR_REPRESENTATION_SIGNAL_IN_CAPTURED_METADATA,International Journal of Surgery,review,https://openalex.org/W3146142859,outputs/phase_two/p2_e1_pilot_v0.1/search/raw_retrieval/p2e1b_openalex_05_works.json,FALSE,TRUE,AI_ASSISTED_DISCOVERY
P2SRC_42764BCB7FFDBB96D733,The PRISMA 2020 statement: an updated guideline for reporting systematic reviews,Matthew J. Page; Joanne E. McKenzie; Patrick M. Bossuyt; Isabelle Boutron; Tammy Hoffmann; cindy mulrow; Larissa Shamseer; Jennifer Tetzlaff; Elie A. Akl; Sue Brennan; Roger Chou; Julie Glanville; Jeremy Grimshaw; Asbjørn Hróbjartsson; Manoj M. Lalu; Tianjing Li; Elizabeth Loder; Evan Mayo‐Wilson; Steve McDonald; Luke A. McGuinness; Lesley Stewart; James Thomas; Andrea C. Tricco; Vivian Welch; Penny Whiting; David Moher,2020-09-14,10.31222/osf.io/v7gm2,,,https://openalex.org/W4236476849,DOI:10.31222/osf.io/v7gm2,SCHOLARLY_RECORD,P2E1B_OPENALEX_05,CAT_05,UNRESOLVED_FROM_DISCOVERY_METADATA,UNRESOLVED_FROM_DISCOVERY_METADATA,LIKELY_OUT_OF_SCOPE,NO_TARGET_EVIDENCE_OR_REPRESENTATION_SIGNAL_IN_CAPTURED_METADATA,,preprint,https://openalex.org/W4236476849,outputs/phase_two/p2_e1_pilot_v0.1/search/raw_retrieval/p2e1b_openalex_05_works.json,FALSE,TRUE,AI_ASSISTED_DISCOVERY
P2SRC_9A6A725417F9E1B6EA3E,The PRISMA 2020 statement: an updated guideline for reporting systematic reviews,Matthew J. Page; Joanne E. McKenzie; Patrick M. Bossuyt; Isabelle Boutron; Tammy Hoffmann; Cynthia D. Mulrow; Larissa Shamseer; Jennifer Tetzlaff; Elie A. Akl; Sue Brennan; Roger Chou; Julie Glanville; Jeremy Grimshaw; Asbjørn Hróbjartsson; Manoj M. Lalu; Tianjing Li; Elizabeth Loder; Evan Mayo‐Wilson; Steve McDonald; Luke A. McGuinness; Lesley Stewart; James Thomas; Andrea C. Tricco; Vivian Welch; Penny Whiting; David Moher,2021-03-29,10.1136/bmj.n71,33782057,,https://openalex.org/W3118615836,DOI:10.1136/bmj.n71,SCHOLARLY_RECORD,P2E1B_OPENALEX_05,CAT_05,UNRESOLVED_FROM_DISCOVERY_METADATA,UNRESOLVED_FROM_DISCOVERY_METADATA,LIKELY_OUT_OF_SCOPE,NO_TARGET_EVIDENCE_OR_REPRESENTATION_SIGNAL_IN_CAPTURED_METADATA,BMJ,review,https://openalex.org/W3118615836,outputs/phase_two/p2_e1_pilot_v0.1/search/raw_retrieval/p2e1b_openalex_05_works.json,FALSE,TRUE,AI_ASSISTED_DISCOVERY
P2SRC_B78A5326ABD493232DE3,The PRISMA 2020 statement: an updated guideline for reporting systematic reviews,Matthew J. Page; Joanne E. McKenzie; Patrick M. Bossuyt; Isabelle Boutron; Tammy Hoffmann; Cynthia D. Mulrow; Larissa Shamseer; Jennifer Tetzlaff; Elie A. Akl; Sue Brennan; Roger Chou; Julie Glanville; Jeremy Grimshaw; Asbjørn Hróbjartsson; Manoj M. Lalu; Tianjing Li; Elizabeth Loder; Evan Mayo‐Wilson; Steve McDonald; Luke A. McGuinness; Lesley Stewart; James Thomas; Andrea C. Tricco; Vivian Welch; Penny Whiting; David Moher,2021-03-29,10.1186/s13643-021-01626-4,33781348,,https://openalex.org/W3144543375,DOI:10.1186/s13643-021-01626-4,SCHOLARLY_RECORD,P2E1B_OPENALEX_05,CAT_05,UNRESOLVED_FROM_DISCOVERY_METADATA,UNRESOLVED_FROM_DISCOVERY_METADATA,LIKELY_OUT_OF_SCOPE,NO_TARGET_EVIDENCE_OR_REPRESENTATION_SIGNAL_IN_CAPTURED_METADATA,Systematic Reviews,review,https://openalex.org/W3144543375,outputs/phase_two/p2_e1_pilot_v0.1/search/raw_retrieval/p2e1b_openalex_05_works.json,FALSE,TRUE,AI_ASSISTED_DISCOVERY
P2SRC_C0F9AA9ECA45175FE0F3,The prognostic influence of tumour-infiltrating lymphocytes in cancer: a systematic review with meta-analysis,Marloes J.M. Gooden; Geertruida H. de Bock; Ninke Leffers; Toos Daemen; Hans W. Nijman,2011-05-31,10.1038/bjc.2011.189,21629244,,https://openalex.org/W2141269240,DOI:10.1038/bjc.2011.189,SCHOLARLY_RECORD,P2E1B_OPENALEX_08,CAT_01|CAT_05|CAT_06,UNRESOLVED_FROM_DISCOVERY_METADATA,UNRESOLVED_FROM_DISCOVERY_METADATA,POSSIBLY_RELEVANT,LIMITED_DISCOVERY_SIGNAL:CATEGORY_CONTEXT;EVENTS:1,British Journal of Cancer,review,https://openalex.org/W2141269240,outputs/phase_two/p2_e1_pilot_v0.1/search/raw_retrieval/p2e1b_openalex_08_works.json,FALSE,TRUE,AI_ASSISTED_DISCOVERY
P2SRC_32C81808433FE42FC4A9,The REporting of studies Conducted using Observational Routinely-collected health Data (RECORD) Statement,Eric I. Benchimol; Liam Smeeth; Astrid Guttmann; Katie Harron; David Moher; Irene Petersen; Henrik Toft Sørensen; Erik von Elm; Sinéad Langan,2015-10-06,10.1371/journal.pmed.1001885,26440803,,https://openalex.org/W2163278718,DOI:10.1371/journal.pmed.1001885,SCHOLARLY_RECORD,P2E1B_OPENALEX_09,CAT_05|CAT_06,UNRESOLVED_FROM_DISCOVERY_METADATA,UNRESOLVED_FROM_DISCOVERY_METADATA,POSSIBLY_RELEVANT,LIMITED_DISCOVERY_SIGNAL:CATEGORY_CONTEXT;EVENTS:1,PLoS Medicine,article,https://openalex.org/W2163278718,outputs/phase_two/p2_e1_pilot_v0.1/search/raw_retrieval/p2e1b_openalex_09_works.json,FALSE,TRUE,AI_ASSISTED_DISCOVERY
P2SRC_927BE1FE8A5EA7181BD4,The rise of deep learning in drug discovery,Hongming Chen; Ola Engkvist; Yinhai Wang; Marcus Olivecrona; Thomas Blaschke,2018-01-31,10.1016/j.drudis.2018.01.039,29366762,,https://openalex.org/W2790808809,DOI:10.1016/j.drudis.2018.01.039,SCHOLARLY_RECORD,P2E1B_OPENALEX_14,CAT_01|CAT_07,UNRESOLVED_FROM_DISCOVERY_METADATA,UNRESOLVED_FROM_DISCOVERY_METADATA,LIKELY_RELEVANT,DISCOVERY_KEYWORDS:artificial intelligence|machine learning;EVENTS:1,Drug Discovery Today,article,https://openalex.org/W2790808809,outputs/phase_two/p2_e1_pilot_v0.1/search/raw_retrieval/p2e1b_openalex_14_works.json,FALSE,TRUE,AI_ASSISTED_DISCOVERY
P2SRC_87883DD5448BEC6A6C97,The risk of thyroid diseases in lichen sclerosus patients: a systematic review and meta-analysis,Untaaveesup S; Kantagowit P; Leelakanok N; Eiumtrakul W; Chansate P; Pratchyapruit W; Sriphrapradang C,2025 Dec,10.1080/07853890.2025.2548978,40838954,PMC12372485,,PMID:40838954,SCHOLARLY_RECORD,P2E1B_PUBMED_13,CAT_03|CAT_05|CAT_06,UNRESOLVED_FROM_DISCOVERY_METADATA,UNRESOLVED_FROM_DISCOVERY_METADATA,POSSIBLY_RELEVANT,LIMITED_DISCOVERY_SIGNAL:CATEGORY_CONTEXT;EVENTS:1,Annals of medicine,Journal Article|Systematic Review|Meta-Analysis,PMID:40838954,outputs/phase_two/p2_e1_pilot_v0.1/search/raw_retrieval/p2e1b_pubmed_13_esummary.json,UNRESOLVED_FROM_DISCOVERY_METADATA,TRUE,AI_ASSISTED_DISCOVERY
P2SRC_EA991D4A4F5F2BDB7A47,The role of artificial intelligence in healthcare: a structured literature review,Silvana Secinaro; Davide Calandra; Aurelio Secinaro; Vivek Muthurangu; Paolo Biancone,2021-04-09,10.1186/s12911-021-01488-9,33836752,,https://openalex.org/W3148271110,DOI:10.1186/s12911-021-01488-9,SCHOLARLY_RECORD,P2E1B_OPENALEX_14,CAT_01|CAT_07,UNRESOLVED_FROM_DISCOVERY_METADATA,UNRESOLVED_FROM_DISCOVERY_METADATA,POSSIBLY_RELEVANT,LIMITED_DISCOVERY_SIGNAL:artificial intelligence;EVENTS:1,BMC Medical Informatics and Decision Making,article,https://openalex.org/W3148271110,outputs/phase_two/p2_e1_pilot_v0.1/search/raw_retrieval/p2e1b_openalex_14_works.json,FALSE,TRUE,AI_ASSISTED_DISCOVERY
P2SRC_484EFE86EF67AFA20E60,The role of machine learning in clinical research: transforming the future of evidence generation,E. Hope Weissler; Tristan Naumann; Tomas Andersson; Rajesh Ranganath; Olivier Elemento; Yuan Luo; Daniel F. Freitag; James Benoit; Michael C. Hughes; Faisal M. Khan; Paul Slater; Khader Shameer; Matthew T. Roe; Emmette R. Hutchison; Scott H. Kollins; Uli C. Broedl; Zhaoling Meng; Jennifer Wong; Lesley H. Curtis; Erich Huang; Marzyeh Ghassemi,2021-08-16,10.1186/s13063-021-05489-x,34399832,,https://openalex.org/W3195505129,DOI:10.1186/s13063-021-05489-x,SCHOLARLY_RECORD,P2E1B_OPENALEX_07,CAT_01|CAT_07,UNRESOLVED_FROM_DISCOVERY_METADATA,UNRESOLVED_FROM_DISCOVERY_METADATA,LIKELY_RELEVANT,DISCOVERY_KEYWORDS:artificial intelligence|machine learning;EVENTS:1,Trials,article,https://openalex.org/W3195505129,outputs/phase_two/p2_e1_pilot_v0.1/search/raw_retrieval/p2e1b_openalex_07_works.json,FALSE,TRUE,AI_ASSISTED_DISCOVERY
P2SRC_1D1A6D8642E950E519CC,The SEED and the Rapid Annotation of microbial genomes using Subsystems Technology (RAST),Ross Overbeek; Robert Olson; Gordon D. Pusch; G J Olsen; James J. Davis; Terry Disz; Robert A. Edwards; Svetlana Gerdes; Bruce Parrello; Maulik Shukla; Veronika Vonstein; Alice R. Wattam; Fangfang Xia; Rick Stevens,2013-11-29,10.1093/nar/gkt1226,24293654,,https://openalex.org/W2142428670,DOI:10.1093/nar/gkt1226,SCHOLARLY_RECORD,P2E1B_OPENALEX_04,CAT_04,UNRESOLVED_FROM_DISCOVERY_METADATA,UNRESOLVED_FROM_DISCOVERY_METADATA,LIKELY_OUT_OF_SCOPE,NO_TARGET_EVIDENCE_OR_REPRESENTATION_SIGNAL_IN_CAPTURED_METADATA,Nucleic Acids Research,article,https://openalex.org/W2142428670,outputs/phase_two/p2_e1_pilot_v0.1/search/raw_retrieval/p2e1b_openalex_04_works.json,FALSE,TRUE,AI_ASSISTED_DISCOVERY
P2SRC_50D4EBCEC25E0EC055D8,The Semantic Data Dictionary - An Approach for Describing and Annotating Data,Rashid SM; McCusker JP; Pinheiro P; Bax MP; Santos H; Stingone JA; Das AK; McGuinness DL,2020 Fall,10.1162/dint_a_00058,33103120,PMC7583433,,PMID:33103120,SCHOLARLY_RECORD,P2E1B_PUBMED_10,CAT_01|CAT_03|CAT_04,UNRESOLVED_FROM_DISCOVERY_METADATA,UNRESOLVED_FROM_DISCOVERY_METADATA,POSSIBLY_RELEVANT,LIMITED_DISCOVERY_SIGNAL:CATEGORY_CONTEXT;EVENTS:1,Data intelligence,Journal Article,PMID:33103120,outputs/phase_two/p2_e1_pilot_v0.1/search/raw_retrieval/p2e1b_pubmed_10_esummary.json,UNRESOLVED_FROM_DISCOVERY_METADATA,TRUE,AI_ASSISTED_DISCOVERY
P2SRC_F99578368C3CED4EEA03,The SILVA ribosomal RNA gene database project: improved data processing and web-based tools,Christian Quast; Elmar Pruesse; Pelin Yilmaz; Jan Gerken; Timmy Schweer; Pablo Yarza; Jörg Peplies; Frank Oliver Glöckner,2012-11-27,10.1093/nar/gks1219,23193283,,https://openalex.org/W2034285706,DOI:10.1093/nar/gks1219,SCHOLARLY_RECORD,P2E1B_OPENALEX_04,CAT_04,UNRESOLVED_FROM_DISCOVERY_METADATA,UNRESOLVED_FROM_DISCOVERY_METADATA,LIKELY_OUT_OF_SCOPE,NO_TARGET_EVIDENCE_OR_REPRESENTATION_SIGNAL_IN_CAPTURED_METADATA,Nucleic Acids Research,article,https://openalex.org/W2034285706,outputs/phase_two/p2_e1_pilot_v0.1/search/raw_retrieval/p2e1b_openalex_04_works.json,FALSE,TRUE,AI_ASSISTED_DISCOVERY
P2SRC_42E56315400BCEC742D5,The Smart Drug Delivery System and Its Clinical Potential,Dong Liu; Fang Yang; Fei Xiong; Ning Gu,2016-01-01,10.7150/thno.14858,27375781,,https://openalex.org/W2438292910,DOI:10.7150/thno.14858,SCHOLARLY_RECORD,P2E1B_OPENALEX_12,CAT_01|CAT_05|CAT_06,UNRESOLVED_FROM_DISCOVERY_METADATA,UNRESOLVED_FROM_DISCOVERY_METADATA,POSSIBLY_RELEVANT,LIMITED_DISCOVERY_SIGNAL:drug target;EVENTS:1,Theranostics,article,https://openalex.org/W2438292910,outputs/phase_two/p2_e1_pilot_v0.1/search/raw_retrieval/p2e1b_openalex_12_works.json,FALSE,TRUE,AI_ASSISTED_DISCOVERY
P2SRC_FB9AB5895AF8AA08DFB9,"The STRING database in 2017: quality-controlled protein–protein association networks, made broadly accessible",Damian Szklarczyk; John H. Morris; Helen Cook; Michael Kuhn; Stefan Wyder; Milan Simonovic; Alberto Santos; Nadezhda T. Doncheva; Alexander Röth; Peer Bork; Lars Juhl Jensen; Christian von Mering,2016-10-11,10.1093/nar/gkw937,27924014,,https://openalex.org/W2537623931,DOI:10.1093/nar/gkw937,SCHOLARLY_RECORD,P2E1B_OPENALEX_04,CAT_04,UNRESOLVED_FROM_DISCOVERY_METADATA,UNRESOLVED_FROM_DISCOVERY_METADATA,LIKELY_OUT_OF_SCOPE,NO_TARGET_EVIDENCE_OR_REPRESENTATION_SIGNAL_IN_CAPTURED_METADATA,Nucleic Acids Research,article,https://openalex.org/W2537623931,outputs/phase_two/p2_e1_pilot_v0.1/search/raw_retrieval/p2e1b_openalex_04_works.json,FALSE,TRUE,AI_ASSISTED_DISCOVERY
P2SRC_AA9192668A1F2B130C00,"The STRING database in 2021: customizable protein–protein networks, and functional characterization of user-uploaded gene/measurement sets",Damian Szklarczyk; Annika L Gable; Katerina Nastou; David Lyon; Rebecca Kirsch; Sampo Pyysalo; Nadezhda T. Doncheva; Marc Legeay; Tao Fang; Peer Bork; Lars Juhl Jensen; Christian von Mering,2020-11-23,10.1093/nar/gkaa1074,33237311,,https://openalex.org/W3107527779,DOI:10.1093/nar/gkaa1074,SCHOLARLY_RECORD,P2E1B_OPENALEX_04,CAT_04,UNRESOLVED_FROM_DISCOVERY_METADATA,UNRESOLVED_FROM_DISCOVERY_METADATA,POSSIBLY_RELEVANT,LIMITED_DISCOVERY_SIGNAL:CATEGORY_CONTEXT;EVENTS:1,Nucleic Acids Research,article,https://openalex.org/W3107527779,outputs/phase_two/p2_e1_pilot_v0.1/search/raw_retrieval/p2e1b_openalex_04_works.json,FALSE,TRUE,AI_ASSISTED_DISCOVERY
P2SRC_6BF981ACC2054737B241,The STRING database in 2023: protein–protein association networks and functional enrichment analyses for any sequenced genome of interest,Damian Szklarczyk; Rebecca Kirsch; Mikaela Koutrouli; Katerina Nastou; Farrokh Mehryary; Radja Hachilif; Annika L. Gable; Tao Fang; Nadezhda T. Doncheva; Sampo Pyysalo; Peer Bork; Lars Juhl Jensen; Christian von Mering,2022-10-19,10.1093/nar/gkac1000,36370105,,https://openalex.org/W4308834893,DOI:10.1093/nar/gkac1000,SCHOLARLY_RECORD,P2E1B_OPENALEX_04,CAT_04,UNRESOLVED_FROM_DISCOVERY_METADATA,UNRESOLVED_FROM_DISCOVERY_METADATA,LIKELY_OUT_OF_SCOPE,NO_TARGET_EVIDENCE_OR_REPRESENTATION_SIGNAL_IN_CAPTURED_METADATA,Nucleic Acids Research,article,https://openalex.org/W4308834893,outputs/phase_two/p2_e1_pilot_v0.1/search/raw_retrieval/p2e1b_openalex_04_works.json,FALSE,TRUE,AI_ASSISTED_DISCOVERY
P2SRC_127BEAB3CD30A3BBFE87,The student-teacher relationship and ADHD symptomatology: A meta-analysis,MacLean J; Krause A; Rogers MA,2023 Aug,10.1016/j.jsp.2023.04.007,37507182,,,PMID:37507182,SCHOLARLY_RECORD,P2E1B_PUBMED_06,CAT_05|CAT_06,UNRESOLVED_FROM_DISCOVERY_METADATA,UNRESOLVED_FROM_DISCOVERY_METADATA,POSSIBLY_RELEVANT,LIMITED_DISCOVERY_SIGNAL:CATEGORY_CONTEXT;EVENTS:1,Journal of school psychology,Meta-Analysis|Journal Article,PMID:37507182,outputs/phase_two/p2_e1_pilot_v0.1/search/raw_retrieval/p2e1b_pubmed_06_esummary.json,UNRESOLVED_FROM_DISCOVERY_METADATA,TRUE,AI_ASSISTED_DISCOVERY
P2SRC_DD4EB77C84ADF0ED210B,The technological landscape and applications of single-cell multi-omics,Alev Baysoy; Zhiliang Bai; Rahul Satija; Rong Fan,2023-06-06,10.1038/s41580-023-00615-w,37280296,PMC10242609,https://openalex.org/W4379521442,DOI:10.1038/s41580-023-00615-w,SCHOLARLY_RECORD,P2E1B_OPENALEX_01|P2E1B_PUBMED_04,CAT_01|CAT_04,UNRESOLVED_FROM_DISCOVERY_METADATA,UNRESOLVED_FROM_DISCOVERY_METADATA,POSSIBLY_RELEVANT,LIMITED_DISCOVERY_SIGNAL:CATEGORY_CONTEXT;EVENTS:2,Nature Reviews Molecular Cell Biology,article,PMID:37280296|https://openalex.org/W4379521442,outputs/phase_two/p2_e1_pilot_v0.1/search/raw_retrieval/p2e1b_openalex_01_works.json|outputs/phase_two/p2_e1_pilot_v0.1/search/raw_retrieval/p2e1b_pubmed_04_esummary.json,FALSE,TRUE,AI_ASSISTED_DISCOVERY
P2SRC_AEAF4FC9CE174A950211,The Third International Consensus Definitions for Sepsis and Septic Shock (Sepsis-3),Mervyn Singer; Clifford S. Deutschman; Christopher W. Seymour; Manu Shankar‐Hari; Djillali Annane; Michael Bauer; Rinaldo Bellomo; Gordon R. Bernard; Jean‐Daniel Chiche; Craig M. Coopersmith; Richard S. Hotchkiss; Mitchell M. Levy; John C. Marshall; Greg S. Martin; Steven M. Opal; Gordon D. Rubenfeld; Tom van der Poll; Jean‐Louis Vincent; Derek C. Angus,2016-02-22,10.1001/jama.2016.0287,26903338,,https://openalex.org/W2280404143,DOI:10.1001/jama.2016.0287,SCHOLARLY_RECORD,P2E1B_OPENALEX_09,CAT_05|CAT_06,UNRESOLVED_FROM_DISCOVERY_METADATA,UNRESOLVED_FROM_DISCOVERY_METADATA,POSSIBLY_RELEVANT,LIMITED_DISCOVERY_SIGNAL:evidence synthesis;EVENTS:1,JAMA,article,https://openalex.org/W2280404143,outputs/phase_two/p2_e1_pilot_v0.1/search/raw_retrieval/p2e1b_openalex_09_works.json,FALSE,TRUE,AI_ASSISTED_DISCOVERY
P2SRC_4D13327808D60336933D,The top 100 most-cited articles on large language models in medicine: A bibliometric analysis,Li ZQ; Xu R; Gong XR; Wang CL; Liu JP,2025 Jan-Dec,10.1177/20552076251365059,40949670,PMC12432328,,PMID:40949670,SCHOLARLY_RECORD,P2E1B_PUBMED_14,CAT_01|CAT_07,UNRESOLVED_FROM_DISCOVERY_METADATA,UNRESOLVED_FROM_DISCOVERY_METADATA,POSSIBLY_RELEVANT,LIMITED_DISCOVERY_SIGNAL:large language model;EVENTS:1,Digital health,Journal Article,PMID:40949670,outputs/phase_two/p2_e1_pilot_v0.1/search/raw_retrieval/p2e1b_pubmed_14_esummary.json,UNRESOLVED_FROM_DISCOVERY_METADATA,TRUE,AI_ASSISTED_DISCOVERY
P2SRC_C5D4D4C8E6281F5BD809,The tremendous biomedical potential of bacterial extracellular vesicles,Xie J; Li Q; Haesebrouck F; Van Hoecke L; Vandenbroucke RE,2022 Oct,10.1016/j.tibtech.2022.03.005,35581020,,,PMID:35581020,SCHOLARLY_RECORD,P2E1B_PUBMED_12,CAT_01|CAT_05|CAT_06,UNRESOLVED_FROM_DISCOVERY_METADATA,UNRESOLVED_FROM_DISCOVERY_METADATA,POSSIBLY_RELEVANT,LIMITED_DISCOVERY_SIGNAL:CATEGORY_CONTEXT;EVENTS:1,Trends in biotechnology,"Journal Article|Review|Research Support, Non-U.S. Gov't",PMID:35581020,outputs/phase_two/p2_e1_pilot_v0.1/search/raw_retrieval/p2e1b_pubmed_12_esummary.json,UNRESOLVED_FROM_DISCOVERY_METADATA,TRUE,AI_ASSISTED_DISCOVERY
P2SRC_34813A1A82A0030982A4,The Use of Cronbach’s Alpha When Developing and Reporting Research Instruments in Science Education,Keith S. Taber,2017-06-07,10.1007/s11165-016-9602-2,,,https://openalex.org/W2623703952,DOI:10.1007/s11165-016-9602-2,SCHOLARLY_RECORD,P2E1B_OPENALEX_11,CAT_04|CAT_05|CAT_06|CAT_07,UNRESOLVED_FROM_DISCOVERY_METADATA,UNRESOLVED_FROM_DISCOVERY_METADATA,POSSIBLY_RELEVANT,LIMITED_DISCOVERY_SIGNAL:CATEGORY_CONTEXT;EVENTS:1,Research in Science Education,article,https://openalex.org/W2623703952,outputs/phase_two/p2_e1_pilot_v0.1/search/raw_retrieval/p2e1b_openalex_11_works.json,FALSE,TRUE,AI_ASSISTED_DISCOVERY
P2SRC_8CEC07FEBAB742B6B3AD,"Theoretical, and epistemological challenges in scientific investigations of complex emotional states in animals",Lages YVM; Mograbi DC; Krahe TE; Landeira-Fernandez J,2020 Sep,10.1016/j.concog.2020.103003,32810835,,,PMID:32810835,SCHOLARLY_RECORD,P2E1B_PUBMED_11,CAT_04|CAT_05|CAT_06|CAT_07,UNRESOLVED_FROM_DISCOVERY_METADATA,UNRESOLVED_FROM_DISCOVERY_METADATA,POSSIBLY_RELEVANT,LIMITED_DISCOVERY_SIGNAL:CATEGORY_CONTEXT;EVENTS:1,Consciousness and cognition,"Journal Article|Research Support, Non-U.S. Gov't|Review",PMID:32810835,outputs/phase_two/p2_e1_pilot_v0.1/search/raw_retrieval/p2e1b_pubmed_11_esummary.json,UNRESOLVED_FROM_DISCOVERY_METADATA,TRUE,AI_ASSISTED_DISCOVERY
P2SRC_D2DFEFA7BB0B644D9A59,Third-Generation Autologous Chondrocyte Implantation (Cells Cultured Within Collagen Membrane) Is Superior to Microfracture for Focal Chondral Defects of the Knee Joint: Systematic Review and Meta-analysis,Dhillon J; Decilveo AP; Kraeutler MJ; Belk JW; McCulloch PC; Scillia AJ,2022 Aug,10.1016/j.arthro.2022.02.011,35283221,,,PMID:35283221,SCHOLARLY_RECORD,P2E1B_PUBMED_08,CAT_01|CAT_05|CAT_06,UNRESOLVED_FROM_DISCOVERY_METADATA,UNRESOLVED_FROM_DISCOVERY_METADATA,POSSIBLY_RELEVANT,LIMITED_DISCOVERY_SIGNAL:CATEGORY_CONTEXT;EVENTS:1,Arthroscopy : the journal of arthroscopic & related surgery : official publication of the Arthroscopy Association of North America and the International Arthroscopy Association,Journal Article|Meta-Analysis|Systematic Review,PMID:35283221,outputs/phase_two/p2_e1_pilot_v0.1/search/raw_retrieval/p2e1b_pubmed_08_esummary.json,UNRESOLVED_FROM_DISCOVERY_METADATA,TRUE,AI_ASSISTED_DISCOVERY
P2SRC_C077569F8AB854A8CAF9,Time lapse: A glimpse into prehistoric genomics,Griffin DK; Larkin DM; O'Connor RE,2020 Feb,10.1016/j.ejmg.2019.03.004,30922926,PMC7026692,,PMID:30922926,SCHOLARLY_RECORD,P2E1B_PUBMED_04,CAT_04,UNRESOLVED_FROM_DISCOVERY_METADATA,UNRESOLVED_FROM_DISCOVERY_METADATA,LIKELY_OUT_OF_SCOPE,NO_TARGET_EVIDENCE_OR_REPRESENTATION_SIGNAL_IN_CAPTURED_METADATA,European journal of medical genetics,Historical Article|Journal Article|Review,PMID:30922926,outputs/phase_two/p2_e1_pilot_v0.1/search/raw_retrieval/p2e1b_pubmed_04_esummary.json,UNRESOLVED_FROM_DISCOVERY_METADATA,TRUE,AI_ASSISTED_DISCOVERY
P2SRC_E23CD1DCEA5A935B1B17,Tissue-aware data integration approach for the inference of pathway interactions in metazoan organisms,Park CY; Krishnan A; Zhu Q; Wong AK; Lee YS; Troyanskaya OG,2015 Apr 1,10.1093/bioinformatics/btu786,25431329,PMC4804827,,PMID:25431329,SCHOLARLY_RECORD,P2E1B_PUBMED_10,CAT_01|CAT_03|CAT_04,UNRESOLVED_FROM_DISCOVERY_METADATA,UNRESOLVED_FROM_DISCOVERY_METADATA,POSSIBLY_RELEVANT,LIMITED_DISCOVERY_SIGNAL:CATEGORY_CONTEXT;EVENTS:1,"Bioinformatics (Oxford, England)","Journal Article|Research Support, N.I.H., Extramural|Research Support, Non-U.S. Gov't",PMID:25431329,outputs/phase_two/p2_e1_pilot_v0.1/search/raw_retrieval/p2e1b_pubmed_10_esummary.json,UNRESOLVED_FROM_DISCOVERY_METADATA,TRUE,AI_ASSISTED_DISCOVERY
P2SRC_9D830FC5E7E92BB75FB8,Toward a Value-Based Therapy Recommendation Model,Liu Z; Xiao L,2023 Aug 21,10.3390/healthcare11162362,37628559,PMC10454734,,PMID:37628559,SCHOLARLY_RECORD,P2E1B_PUBMED_11,CAT_04|CAT_05|CAT_06|CAT_07,UNRESOLVED_FROM_DISCOVERY_METADATA,UNRESOLVED_FROM_DISCOVERY_METADATA,POSSIBLY_RELEVANT,LIMITED_DISCOVERY_SIGNAL:CATEGORY_CONTEXT;EVENTS:1,"Healthcare (Basel, Switzerland)",Journal Article,PMID:37628559,outputs/phase_two/p2_e1_pilot_v0.1/search/raw_retrieval/p2e1b_pubmed_11_esummary.json,UNRESOLVED_FROM_DISCOVERY_METADATA,TRUE,AI_ASSISTED_DISCOVERY
P2SRC_E3D176A4861578ECED3E,Toward better drug discovery with knowledge graph,Xiangxiang Zeng; Xinqi Tu; Yuansheng Liu; Xiangzheng Fu; Yansen Su,2021-10-11,10.1016/j.sbi.2021.09.003,34649044,,https://openalex.org/W3207365242,DOI:10.1016/j.sbi.2021.09.003,SCHOLARLY_RECORD,P2E1B_OPENALEX_03|P2E1B_PUBMED_03,CAT_01|CAT_03,UNRESOLVED_FROM_DISCOVERY_METADATA,UNRESOLVED_FROM_DISCOVERY_METADATA,LIKELY_RELEVANT,DISCOVERY_KEYWORDS:knowledge graph;EVENTS:2,Current Opinion in Structural Biology,article,PMID:34649044|https://openalex.org/W3207365242,outputs/phase_two/p2_e1_pilot_v0.1/search/raw_retrieval/p2e1b_openalex_03_works.json|outputs/phase_two/p2_e1_pilot_v0.1/search/raw_retrieval/p2e1b_pubmed_03_esummary.json,FALSE,TRUE,AI_ASSISTED_DISCOVERY
P2SRC_E86DBFEBFF41917700B7,"Towards a systematic approach for argumentation, recommendation, and explanation in clinical decision support",Xiao L; Zhou H; Fox J,2022 Jul 25,10.3934/mbe.2022489,36032002,,,PMID:36032002,SCHOLARLY_RECORD,P2E1B_PUBMED_11,CAT_04|CAT_05|CAT_06|CAT_07,UNRESOLVED_FROM_DISCOVERY_METADATA,UNRESOLVED_FROM_DISCOVERY_METADATA,POSSIBLY_RELEVANT,LIMITED_DISCOVERY_SIGNAL:CATEGORY_CONTEXT;EVENTS:1,Mathematical biosciences and engineering : MBE,"Journal Article|Research Support, Non-U.S. Gov't",PMID:36032002,outputs/phase_two/p2_e1_pilot_v0.1/search/raw_retrieval/p2e1b_pubmed_11_esummary.json,UNRESOLVED_FROM_DISCOVERY_METADATA,TRUE,AI_ASSISTED_DISCOVERY
P2SRC_6BBA88FE029E9C349C7B,Towards Knowledge Maintenance in Scientific Digital Libraries with the Keystone Framework,Fu Y; Schneider J,2020 Aug,10.1145/3383583.3398514,34305485,PMC8300994,,PMID:34305485,SCHOLARLY_RECORD,P2E1B_PUBMED_11,CAT_04|CAT_05|CAT_06|CAT_07,UNRESOLVED_FROM_DISCOVERY_METADATA,UNRESOLVED_FROM_DISCOVERY_METADATA,POSSIBLY_RELEVANT,LIMITED_DISCOVERY_SIGNAL:CATEGORY_CONTEXT;EVENTS:1,Proceedings of the ... ACM/IEEE Joint Conference on Digital Libraries. ACM/IEEE Joint Conference on Digital Libraries,Journal Article,PMID:34305485,outputs/phase_two/p2_e1_pilot_v0.1/search/raw_retrieval/p2e1b_pubmed_11_esummary.json,UNRESOLVED_FROM_DISCOVERY_METADATA,TRUE,AI_ASSISTED_DISCOVERY
P2SRC_4A5D6C974D619F8DBFD1,Towards optimization of chemical testing under REACH: a Bayesian network approach to Integrated Testing Strategies,Jaworska J; Gabbert S; Aldenberg T,2010 Jul-Aug,10.1016/j.yrtph.2010.02.003,20156511,,,PMID:20156511,SCHOLARLY_RECORD,P2E1B_PUBMED_08,CAT_01|CAT_05|CAT_06,UNRESOLVED_FROM_DISCOVERY_METADATA,UNRESOLVED_FROM_DISCOVERY_METADATA,POSSIBLY_RELEVANT,LIMITED_DISCOVERY_SIGNAL:CATEGORY_CONTEXT;EVENTS:1,Regulatory toxicology and pharmacology : RTP,"Journal Article|Research Support, Non-U.S. Gov't",PMID:20156511,outputs/phase_two/p2_e1_pilot_v0.1/search/raw_retrieval/p2e1b_pubmed_08_esummary.json,UNRESOLVED_FROM_DISCOVERY_METADATA,TRUE,AI_ASSISTED_DISCOVERY
P2SRC_7993E7D6ACE23AF7C753,"Traceable Research Data Sharing in a German Medical Data Integration Center With FAIR (Findability, Accessibility, Interoperability, and Reusability)-Geared Provenance Implementation: Proof-of-Concept Study",Gierend K; Waltemath D; Ganslandt T; Siegel F,2023 Dec 7,10.2196/50027,38060305,PMC10739241,,PMID:38060305,SCHOLARLY_RECORD,P2E1B_PUBMED_10,CAT_01|CAT_03|CAT_04,UNRESOLVED_FROM_DISCOVERY_METADATA,UNRESOLVED_FROM_DISCOVERY_METADATA,POSSIBLY_RELEVANT,LIMITED_DISCOVERY_SIGNAL:provenance;EVENTS:1,JMIR formative research,Journal Article,PMID:38060305,outputs/phase_two/p2_e1_pilot_v0.1/search/raw_retrieval/p2e1b_pubmed_10_esummary.json,UNRESOLVED_FROM_DISCOVERY_METADATA,TRUE,AI_ASSISTED_DISCOVERY
P2SRC_209D2B066FA17D0EA0EE,Traditional Masculinity and Men's Psychological Help-Seeking: A Meta-Analysis,Üzümçeker E,2025 Apr,10.1002/ijop.70031,40038563,,,PMID:40038563,SCHOLARLY_RECORD,P2E1B_PUBMED_06,CAT_05|CAT_06,UNRESOLVED_FROM_DISCOVERY_METADATA,UNRESOLVED_FROM_DISCOVERY_METADATA,POSSIBLY_RELEVANT,LIMITED_DISCOVERY_SIGNAL:CATEGORY_CONTEXT;EVENTS:1,International journal of psychology : Journal international de psychologie,Journal Article|Meta-Analysis|Review,PMID:40038563,outputs/phase_two/p2_e1_pilot_v0.1/search/raw_retrieval/p2e1b_pubmed_06_esummary.json,UNRESOLVED_FROM_DISCOVERY_METADATA,TRUE,AI_ASSISTED_DISCOVERY
P2SRC_3424072BBB93DC326CF2,Treatment of Childhood Brucellosis: A Systematic Review,Lanza Galvão E; Miranda Souza K; Gonçalves de Freitas M; Souza MRF; Gonçalves MWA; Cota G; Silva SN,2024 Sep 1,10.1097/INF.0000000000004389,38754009,,,PMID:38754009,SCHOLARLY_RECORD,P2E1B_PUBMED_05,CAT_05,UNRESOLVED_FROM_DISCOVERY_METADATA,UNRESOLVED_FROM_DISCOVERY_METADATA,LIKELY_OUT_OF_SCOPE,NO_TARGET_EVIDENCE_OR_REPRESENTATION_SIGNAL_IN_CAPTURED_METADATA,The Pediatric infectious disease journal,"Systematic Review|Journal Article|Research Support, Non-U.S. Gov't",PMID:38754009,outputs/phase_two/p2_e1_pilot_v0.1/search/raw_retrieval/p2e1b_pubmed_05_esummary.json,UNRESOLVED_FROM_DISCOVERY_METADATA,TRUE,AI_ASSISTED_DISCOVERY
P2SRC_6A2F405350733E948157,Tumor-Targeting Theranostic Polymers,Wei Y; Wang M,2025 Apr 1,10.1021/acs.langmuir.4c04978,40118780,,,PMID:40118780,SCHOLARLY_RECORD,P2E1B_PUBMED_12,CAT_01|CAT_05|CAT_06,UNRESOLVED_FROM_DISCOVERY_METADATA,UNRESOLVED_FROM_DISCOVERY_METADATA,POSSIBLY_RELEVANT,LIMITED_DISCOVERY_SIGNAL:CATEGORY_CONTEXT;EVENTS:1,Langmuir : the ACS journal of surfaces and colloids,"Journal Article|Review|Research Support, Non-U.S. Gov't",PMID:40118780,outputs/phase_two/p2_e1_pilot_v0.1/search/raw_retrieval/p2e1b_pubmed_12_esummary.json,UNRESOLVED_FROM_DISCOVERY_METADATA,TRUE,AI_ASSISTED_DISCOVERY
P2SRC_1551A65FBE371E63FA8B,Two-dimensional graphene analogues for biomedical applications,Yu Chen; Chaoliang Tan; Hua Zhang; Lianzhou Wang,2014-12-19,10.1039/c4cs00300d,25519856,,https://openalex.org/W1969683211,DOI:10.1039/c4cs00300d,SCHOLARLY_RECORD,P2E1B_OPENALEX_12,CAT_01|CAT_05|CAT_06,UNRESOLVED_FROM_DISCOVERY_METADATA,UNRESOLVED_FROM_DISCOVERY_METADATA,POSSIBLY_RELEVANT,LIMITED_DISCOVERY_SIGNAL:CATEGORY_CONTEXT;EVENTS:1,Chemical Society Reviews,article,https://openalex.org/W1969683211,outputs/phase_two/p2_e1_pilot_v0.1/search/raw_retrieval/p2e1b_openalex_12_works.json,FALSE,TRUE,AI_ASSISTED_DISCOVERY
P2SRC_078FEC0AE347059F2655,UCHIME improves sensitivity and speed of chimera detection,R. C. Edgar; Brian J. Haas; José C. Clemente; Christopher Quince; Rob Knight,2011-06-23,10.1093/bioinformatics/btr381,21700674,,https://openalex.org/W2136879569,DOI:10.1093/bioinformatics/btr381,SCHOLARLY_RECORD,P2E1B_OPENALEX_04,CAT_04,UNRESOLVED_FROM_DISCOVERY_METADATA,UNRESOLVED_FROM_DISCOVERY_METADATA,LIKELY_OUT_OF_SCOPE,NO_TARGET_EVIDENCE_OR_REPRESENTATION_SIGNAL_IN_CAPTURED_METADATA,Bioinformatics,article,https://openalex.org/W2136879569,outputs/phase_two/p2_e1_pilot_v0.1/search/raw_retrieval/p2e1b_openalex_04_works.json,FALSE,TRUE,AI_ASSISTED_DISCOVERY
P2SRC_4FDE7E2A2DA5F3CA3E67,Ultrasound-Based Micro-/Nanosystems for Biomedical Applications,Huang H; Zheng Y; Chang M; Song J; Xia L; Wu C; Jia W; Ren H; Feng W; Chen Y,2024 Jul 10,10.1021/acs.chemrev.4c00009,38924776,,,PMID:38924776,SCHOLARLY_RECORD,P2E1B_PUBMED_12,CAT_01|CAT_05|CAT_06,UNRESOLVED_FROM_DISCOVERY_METADATA,UNRESOLVED_FROM_DISCOVERY_METADATA,POSSIBLY_RELEVANT,LIMITED_DISCOVERY_SIGNAL:CATEGORY_CONTEXT;EVENTS:1,Chemical reviews,"Journal Article|Review|Research Support, Non-U.S. Gov't",PMID:38924776,outputs/phase_two/p2_e1_pilot_v0.1/search/raw_retrieval/p2e1b_pubmed_12_esummary.json,UNRESOLVED_FROM_DISCOVERY_METADATA,TRUE,AI_ASSISTED_DISCOVERY
P2SRC_742A76DFB5C231A40E9A,Uncovering new disease indications for G-protein coupled receptors and their endogenous ligands,Johannes Freudenberg; Ian Dunham; Philippe Sanséau; Deepak K. Rajpal,2018-10-01,10.1186/s12859-018-2392-y,30285606,,https://openalex.org/W2895708131,DOI:10.1186/s12859-018-2392-y,SCHOLARLY_RECORD,P2E1B_OPENALEX_02,CAT_01|CAT_02,UNRESOLVED_FROM_DISCOVERY_METADATA,UNRESOLVED_FROM_DISCOVERY_METADATA,LIKELY_RELEVANT,DISCOVERY_KEYWORDS:drug target|open targets;EVENTS:1,BMC Bioinformatics,article,https://openalex.org/W2895708131,outputs/phase_two/p2_e1_pilot_v0.1/search/raw_retrieval/p2e1b_openalex_02_works.json,FALSE,TRUE,AI_ASSISTED_DISCOVERY
P2SRC_58B3F5C5CF32E7FE7031,Uncovering novel repositioning opportunities using the Open Targets platform,Mugdha Khaladkar; Gautier Koscielny; Samiul Hasan; Pankaj Agarwal; Ian Dunham; Deepak K. Rajpal; Philippe Sanséau,2017-09-14,10.1016/j.drudis.2017.09.007,28919242,,https://openalex.org/W2754855067,DOI:10.1016/j.drudis.2017.09.007,SCHOLARLY_RECORD,P2E1B_OPENALEX_02|P2E1B_PUBMED_02,CAT_01|CAT_02,UNRESOLVED_FROM_DISCOVERY_METADATA,UNRESOLVED_FROM_DISCOVERY_METADATA,LIKELY_RELEVANT,DISCOVERY_KEYWORDS:open targets;EVENTS:2,Drug Discovery Today,article,PMID:28919242|https://openalex.org/W2754855067,outputs/phase_two/p2_e1_pilot_v0.1/search/raw_retrieval/p2e1b_openalex_02_works.json|outputs/phase_two/p2_e1_pilot_v0.1/search/raw_retrieval/p2e1b_pubmed_02_esummary.json,FALSE,TRUE,AI_ASSISTED_DISCOVERY
P2SRC_FC85C5A09BA9D5E69582,UniProt: the universal protein knowledgebase in 2021,Alex Bateman; María Martin; Sandra Orchard; Michele Magrane; Rahat Agivetova; Shadab Ahmad; Emanuele Alpi; Emily Bowler-Barnett; Ramona Britto; Borisas Bursteinas; Hema Bye‐A‐Jee; Ray Coetzee; Austra Cukura; Alan Da Silva; Paul Denny; Tunca Doğan; ThankGod E. Ebenezer; Jun Fan; Leyla Jael Castro; Penelope Garmiri; George P. Georghiou; Leonardo Jose da Costa Gonzales; Emma Hatton-Ellis; Abdulrahman Hussein; Alexandr Ignatchenko; Giuseppe Insana; Rizwan Ishtiaq; Petteri Jokinen; Vishal Joshi; Dushyanth Jyothi; Antonia Lock; Rodrigo López; Aurélien Luciani; Jie Luo; Yvonne Lussi; Alistair MacDougall; Fábio Madeira; Mahdi Mahmoudy; M. Menchi; Alok Mishra; Katie Moulang; Andrew Nightingale; Carla Susana Oliveira; Sangya Pundir; Guoying Qi; Shriya Raj; Daniel L Rice; M. Rodríguez-López; Rabie Saidi; J. H. Sampson; Tony Sawford; Elena Speretta; E. B. Turner; Nidhi Tyagi; Preethi Vasudev; Vladimir Volynkin; Kate Warner; Xavier Watkins; Rossana Zaru; Hermann Zellner; Alan Bridge; Sylvain Poux; Nicole Redaschi; Lucila Aimo; Ghislaine Argoud‐Puy; Andrea H Auchincloss; Kristian B. Axelsen; Parit Bansal; Delphine Baratin; Marie-Claude Blatter; Jerven Bolleman; Emmanuel Boutet; Lionel Breuza; Cristina Casals‐Casas; Edouard de Castro; Kamal Chikh Echioukh; Elisabeth Coudert; Beatrice Cuche; Mikael Doche; Dolnide Dornevil; Anne Estreicher; Maria Livia Famiglietti; Marc Feuermann; Elisabeth Gasteiger; Sébastien Géhant; Vivienne Baillie Gerritsen; Arnaud Gos; Nadine Gruaz-Gumowski; Ursula Hinz; Chantal Hulo; Nevila Hyka‐Nouspikel; Florence Jungo; G. Keller; Arnaud Kerhornou; V. Lara; Philippe Le Mercier; Damien Lieberherr; Thierry Lombardot; Xavier Martín; Patrick Masson,2020-11-02,10.1093/nar/gkaa1100,33237286,,https://openalex.org/W3112376646,DOI:10.1093/nar/gkaa1100,SCHOLARLY_RECORD,P2E1B_OPENALEX_02,CAT_01|CAT_02,UNRESOLVED_FROM_DISCOVERY_METADATA,UNRESOLVED_FROM_DISCOVERY_METADATA,POSSIBLY_RELEVANT,LIMITED_DISCOVERY_SIGNAL:CATEGORY_CONTEXT;EVENTS:1,Nucleic Acids Research,article,https://openalex.org/W3112376646,outputs/phase_two/p2_e1_pilot_v0.1/search/raw_retrieval/p2e1b_openalex_02_works.json,FALSE,TRUE,AI_ASSISTED_DISCOVERY
P2SRC_2A8A473D405707D8CC4F,Unlocking the value of artificial intelligence in human resource management through AI capability framework,Soumyadeb Chowdhury; Prasanta Kumar Dey; Sian Joel-Edgar; Sudeshna Bhattacharya; Oscar Rodríguez-Espíndola; Amélie Abadie; Linh Truong,2022-03-23,10.1016/j.hrmr.2022.100899,,,https://openalex.org/W4293229829,DOI:10.1016/j.hrmr.2022.100899,SCHOLARLY_RECORD,P2E1B_OPENALEX_14,CAT_01|CAT_07,UNRESOLVED_FROM_DISCOVERY_METADATA,UNRESOLVED_FROM_DISCOVERY_METADATA,POSSIBLY_RELEVANT,LIMITED_DISCOVERY_SIGNAL:artificial intelligence;EVENTS:1,Human Resource Management Review,article,https://openalex.org/W4293229829,outputs/phase_two/p2_e1_pilot_v0.1/search/raw_retrieval/p2e1b_openalex_14_works.json,FALSE,TRUE,AI_ASSISTED_DISCOVERY
P2SRC_E2607B5144929FFB5D35,Unraveling the Role of Sex in Endothelial Cell Dysfunction: Evidence From Lineage Tracing Mice and Cultured Cells,Shin J; Hong J; Edwards-Glenn J; Krukovets I; Tkachenko S; Adelus ML; Romanoski CE; Rajagopalan S; Podrez E; Byzova TV; Stenina-Adongravi O; Cherepanova OA,2024 Jan,10.1161/ATVBAHA.123.319833,38031841,PMC10842863,,PMID:38031841,SCHOLARLY_RECORD,P2E1B_PUBMED_04,CAT_04,UNRESOLVED_FROM_DISCOVERY_METADATA,UNRESOLVED_FROM_DISCOVERY_METADATA,POSSIBLY_RELEVANT,LIMITED_DISCOVERY_SIGNAL:CATEGORY_CONTEXT;EVENTS:1,"Arteriosclerosis, thrombosis, and vascular biology","Journal Article|Research Support, Non-U.S. Gov't|Research Support, N.I.H., Extramural",PMID:38031841,outputs/phase_two/p2_e1_pilot_v0.1/search/raw_retrieval/p2e1b_pubmed_04_esummary.json,UNRESOLVED_FROM_DISCOVERY_METADATA,TRUE,AI_ASSISTED_DISCOVERY
P2SRC_37E5D2D8ED455C25FF9A,Updated guidance for trusted systematic reviews: a new edition of the Cochrane Handbook for Systematic Reviews of Interventions,Miranda Cumpston; Tianjing Li; Matthew J. Page; Jacqueline Chandler; Vivian Welch; Julian P. T. Higgins; James Thomas,2019-10-03,10.1002/14651858.ed000142,31643080,,https://openalex.org/W2978795816,DOI:10.1002/14651858.ed000142,SCHOLARLY_RECORD,P2E1B_OPENALEX_05,CAT_05,UNRESOLVED_FROM_DISCOVERY_METADATA,UNRESOLVED_FROM_DISCOVERY_METADATA,LIKELY_OUT_OF_SCOPE,NO_TARGET_EVIDENCE_OR_REPRESENTATION_SIGNAL_IN_CAPTURED_METADATA,Cochrane Database of Systematic Reviews,review,https://openalex.org/W2978795816,outputs/phase_two/p2_e1_pilot_v0.1/search/raw_retrieval/p2e1b_openalex_05_works.json,FALSE,TRUE,AI_ASSISTED_DISCOVERY
P2SRC_0DE20D808E4AA4868BAC,Using gene-environment interactions to explore pathways for colorectal cancer risk,Bouras E; Yu R; Kim AE; Markozannes G; Murphy N; Albanes D; Anderson LN; Barry EL; Berndt SI; Bishop DT; Brenner H; Burnett-Hartman A; Campbell PT; Carreras-Torres R; Chan AT; Cheng I; Devall MA; Diez-Obrero V; Dimou N; Drew DA; Gruber SB; Gsur A; Hoffmeister M; Hsu L; Huyghe JR; Kawaguchi E; Keku TO; Kundaje A; Küry S; Le Marchand L; Lewinger JP; Li L; Lynch BM; Moreno V; Morrison JL; Newton CC; Obón-Santacana M; Palmer JR; Papadimitriou N; Pellatt AJ; Peoples AR; Pharoah PDP; Platz EA; Qu C; Ruiz-Narvaez E; Mendez JS; Schoen RE; Stern MC; Thomas CE; Tian Y; Um CY; Visvanathan K; Vodicka P; Vymetalkova V; White E; Wolk A; Woods MO; Wu AH; Gunter MJ; Gauderman WJ; Peters U; Evangelou M; Tsilidis KK,2025 Nov,10.1016/j.ebiom.2025.105964,41076992,PMC12547926,,PMID:41076992,SCHOLARLY_RECORD,P2E1B_PUBMED_02,CAT_01|CAT_02,UNRESOLVED_FROM_DISCOVERY_METADATA,UNRESOLVED_FROM_DISCOVERY_METADATA,POSSIBLY_RELEVANT,LIMITED_DISCOVERY_SIGNAL:CATEGORY_CONTEXT;EVENTS:1,EBioMedicine,Journal Article,PMID:41076992,outputs/phase_two/p2_e1_pilot_v0.1/search/raw_retrieval/p2e1b_pubmed_02_esummary.json,UNRESOLVED_FROM_DISCOVERY_METADATA,TRUE,AI_ASSISTED_DISCOVERY
P2SRC_B90960BF15A24E3E5B33,"Using genetics, genomics, and transcriptomics to identify therapeutic targets in juvenile idiopathic arthritis",Tarbell E; Jarvis JN,2025 Apr 10,10.1016/j.xhgg.2025.100424,40083163,PMC11994403,,PMID:40083163,SCHOLARLY_RECORD,P2E1B_PUBMED_02,CAT_01|CAT_02,UNRESOLVED_FROM_DISCOVERY_METADATA,UNRESOLVED_FROM_DISCOVERY_METADATA,POSSIBLY_RELEVANT,LIMITED_DISCOVERY_SIGNAL:therapeutic target;EVENTS:1,HGG advances,Journal Article,PMID:40083163,outputs/phase_two/p2_e1_pilot_v0.1/search/raw_retrieval/p2e1b_pubmed_02_esummary.json,UNRESOLVED_FROM_DISCOVERY_METADATA,TRUE,AI_ASSISTED_DISCOVERY
P2SRC_FCE84BCAF593FAC30A7A,Using machine learning approaches for multi-omics data analysis: A review,Parminder Singh Reel; Smarti Reel; Ewan R. Pearson; Emanuele Trucco; Emily Jefferson,2021-03-29,10.1016/j.biotechadv.2021.107739,33794304,,https://openalex.org/W3139601120,DOI:10.1016/j.biotechadv.2021.107739,SCHOLARLY_RECORD,P2E1B_OPENALEX_01|P2E1B_OPENALEX_07,CAT_01|CAT_07,UNRESOLVED_FROM_DISCOVERY_METADATA,UNRESOLVED_FROM_DISCOVERY_METADATA,LIKELY_RELEVANT,DISCOVERY_KEYWORDS:machine learning;EVENTS:2,Biotechnology Advances,article,https://openalex.org/W3139601120,outputs/phase_two/p2_e1_pilot_v0.1/search/raw_retrieval/p2e1b_openalex_01_works.json|outputs/phase_two/p2_e1_pilot_v0.1/search/raw_retrieval/p2e1b_openalex_07_works.json,FALSE,TRUE,AI_ASSISTED_DISCOVERY
P2SRC_6551D4AC25802063CFA0,Utilizing graph machine learning within drug discovery and development,Thomas Gaudelet; Ben Day; Arian R. Jamasb; Jyothish Soman; Cristian Regep; Gertrude Liu; Jeremy B. R. Hayter; Richard Vickers; Charles S. Roberts; Jian Tang; David Roblin; Tom L. Blundell; Michael M. Bronstein; Jake P. Taylor‐King,2021-04-08,10.1093/bib/bbab159,34013350,,https://openalex.org/W3160021293,DOI:10.1093/bib/bbab159,SCHOLARLY_RECORD,P2E1B_OPENALEX_07,CAT_01|CAT_07,UNRESOLVED_FROM_DISCOVERY_METADATA,UNRESOLVED_FROM_DISCOVERY_METADATA,POSSIBLY_RELEVANT,LIMITED_DISCOVERY_SIGNAL:machine learning;EVENTS:1,Briefings in Bioinformatics,article,https://openalex.org/W3160021293,outputs/phase_two/p2_e1_pilot_v0.1/search/raw_retrieval/p2e1b_openalex_07_works.json,FALSE,TRUE,AI_ASSISTED_DISCOVERY
P2SRC_E5F18FC5B3F374A32ED7,Vitamin D deficiency and depression in adults: systematic review and meta-analysis,Rebecca Anglin; Zainab Samaan; Stephen D. Walter; Sarah D. McDonald,2013-02-01,10.1192/bjp.bp.111.106666,23377209,,https://openalex.org/W2149248302,DOI:10.1192/bjp.bp.111.106666,SCHOLARLY_RECORD,P2E1B_OPENALEX_13,CAT_03|CAT_05|CAT_06,UNRESOLVED_FROM_DISCOVERY_METADATA,UNRESOLVED_FROM_DISCOVERY_METADATA,POSSIBLY_RELEVANT,LIMITED_DISCOVERY_SIGNAL:CATEGORY_CONTEXT;EVENTS:1,The British Journal of Psychiatry,review,https://openalex.org/W2149248302,outputs/phase_two/p2_e1_pilot_v0.1/search/raw_retrieval/p2e1b_openalex_13_works.json,FALSE,TRUE,AI_ASSISTED_DISCOVERY
P2SRC_DF7682925DB5C6FAF11F,Vitamin D supplementation in pregnancy: a systematic review,Nicholas C. Harvey; Christopher Holroyd; Georgia Ntani; M K Javaid; Philip Cooper; Rebecca J Moon; Zoe Cole; Tannaze Tinati; Keith M. Godfrey; Elaine Dennison; Nicholas Bishop; Janis Baird; Cyrus Cooper,2014-07-01,10.3310/hta18450,25025896,,https://openalex.org/W1988182228,DOI:10.3310/hta18450,SCHOLARLY_RECORD,P2E1B_OPENALEX_13,CAT_03|CAT_05|CAT_06,UNRESOLVED_FROM_DISCOVERY_METADATA,UNRESOLVED_FROM_DISCOVERY_METADATA,POSSIBLY_RELEVANT,LIMITED_DISCOVERY_SIGNAL:CATEGORY_CONTEXT;EVENTS:1,Health Technology Assessment,review,https://openalex.org/W1988182228,outputs/phase_two/p2_e1_pilot_v0.1/search/raw_retrieval/p2e1b_openalex_13_works.json,FALSE,TRUE,AI_ASSISTED_DISCOVERY
P2SRC_AC07AD539F2FBE2CE9D2,What is polypharmacy? A systematic review of definitions,Nashwa Masnoon; Sepehr Shakib; Lisa M. Kalisch Ellett; Gillian E. Caughey,2017-10-10,10.1186/s12877-017-0621-2,29017448,,https://openalex.org/W2763920048,DOI:10.1186/s12877-017-0621-2,SCHOLARLY_RECORD,P2E1B_OPENALEX_05,CAT_05,UNRESOLVED_FROM_DISCOVERY_METADATA,UNRESOLVED_FROM_DISCOVERY_METADATA,POSSIBLY_RELEVANT,LIMITED_DISCOVERY_SIGNAL:CATEGORY_CONTEXT;EVENTS:1,BMC Geriatrics,review,https://openalex.org/W2763920048,outputs/phase_two/p2_e1_pilot_v0.1/search/raw_retrieval/p2e1b_openalex_05_works.json,FALSE,TRUE,AI_ASSISTED_DISCOVERY
P2SRC_475C0BE5900653D5CD61,What Is the Evidence for Physical Therapy Poststroke? A Systematic Review and Meta-Analysis,Janne M. Veerbeek; Erwin E. H. van Wegen; Roland van Peppen; Philip J. van der Wees; Erik Hendriks; Marc B. Rietberg; Gert Kwakkel,2014-02-04,10.1371/journal.pone.0087987,24505342,,https://openalex.org/W2075019019,DOI:10.1371/journal.pone.0087987,SCHOLARLY_RECORD,P2E1B_OPENALEX_13,CAT_03|CAT_05|CAT_06,UNRESOLVED_FROM_DISCOVERY_METADATA,UNRESOLVED_FROM_DISCOVERY_METADATA,POSSIBLY_RELEVANT,LIMITED_DISCOVERY_SIGNAL:evidence synthesis;EVENTS:1,PLoS ONE,review,https://openalex.org/W2075019019,outputs/phase_two/p2_e1_pilot_v0.1/search/raw_retrieval/p2e1b_openalex_13_works.json,FALSE,TRUE,AI_ASSISTED_DISCOVERY
P2SRC_577AC52748CB4ED40650,"Which academic search systems are suitable for systematic reviews or meta‐analyses? Evaluating retrieval qualities of Google Scholar, PubMed, and 26 other resources",Michael Gusenbauer; Neal Haddaway,2019-10-15,10.1002/jrsm.1378,31614060,,https://openalex.org/W2981077025,DOI:10.1002/jrsm.1378,SCHOLARLY_RECORD,P2E1B_OPENALEX_05,CAT_05,UNRESOLVED_FROM_DISCOVERY_METADATA,UNRESOLVED_FROM_DISCOVERY_METADATA,POSSIBLY_RELEVANT,LIMITED_DISCOVERY_SIGNAL:evidence synthesis;EVENTS:1,Research Synthesis Methods,review,https://openalex.org/W2981077025,outputs/phase_two/p2_e1_pilot_v0.1/search/raw_retrieval/p2e1b_openalex_05_works.json,FALSE,TRUE,AI_ASSISTED_DISCOVERY
P2SRC_9046420E8CC7550F371A,White matter microstructural alterations in episodic cluster headache outside attacks: a tract-based spatial statistics study,Caramia F; Di Renzo A; Giuliani G; Chiffi D; Di Lorenzo C; Colangelo A; De Maio A; Della Volpe L; Fiorelli M; Di Stefano G; Altieri M; Coppola G,2026 Jun 4,10.1186/s10194-026-02396-x,42243655,PMC13248305,,PMID:42243655,SCHOLARLY_RECORD,P2E1B_PUBMED_08,CAT_01|CAT_05|CAT_06,UNRESOLVED_FROM_DISCOVERY_METADATA,UNRESOLVED_FROM_DISCOVERY_METADATA,POSSIBLY_RELEVANT,LIMITED_DISCOVERY_SIGNAL:CATEGORY_CONTEXT;EVENTS:1,The journal of headache and pain,Journal Article,PMID:42243655,outputs/phase_two/p2_e1_pilot_v0.1/search/raw_retrieval/p2e1b_pubmed_08_esummary.json,UNRESOLVED_FROM_DISCOVERY_METADATA,TRUE,AI_ASSISTED_DISCOVERY
P2SRC_C0B4B57A10EEAF383EFB,Whose Line Is it Anyway? Defining Seropositivity Cutoffs for Infectious Disease Surveillance,White MT; Baudemont G; Donnadieu F; Diatta AS; Sarr I; Diagne A; Toure-Balde A; Sarr FD; Faye J; Sokhna C; Bassene H; Vigan-Womas I; Pelleau S; Niang M,2026 Apr 29,10.1093/infdis/jiaf537,41108092,PMC13127742,,PMID:41108092,SCHOLARLY_RECORD,P2E1B_PUBMED_08,CAT_01|CAT_05|CAT_06,UNRESOLVED_FROM_DISCOVERY_METADATA,UNRESOLVED_FROM_DISCOVERY_METADATA,POSSIBLY_RELEVANT,LIMITED_DISCOVERY_SIGNAL:CATEGORY_CONTEXT;EVENTS:1,The Journal of infectious diseases,Journal Article,PMID:41108092,outputs/phase_two/p2_e1_pilot_v0.1/search/raw_retrieval/p2e1b_pubmed_08_esummary.json,UNRESOLVED_FROM_DISCOVERY_METADATA,TRUE,AI_ASSISTED_DISCOVERY
P2SRC_9043EDC0D52A937FF0A8,Whose Science? Whose Knowledge?,Sandra Harding,2016-12-01,10.7591/9781501712951,,,https://openalex.org/W2078186038,DOI:10.7591/9781501712951,SCHOLARLY_RECORD,P2E1B_OPENALEX_11,CAT_04|CAT_05|CAT_06|CAT_07,UNRESOLVED_FROM_DISCOVERY_METADATA,UNRESOLVED_FROM_DISCOVERY_METADATA,POSSIBLY_RELEVANT,LIMITED_DISCOVERY_SIGNAL:CATEGORY_CONTEXT;EVENTS:1,Cornell University Press eBooks,book,https://openalex.org/W2078186038,outputs/phase_two/p2_e1_pilot_v0.1/search/raw_retrieval/p2e1b_openalex_11_works.json,FALSE,TRUE,AI_ASSISTED_DISCOVERY
P2SRC_0B681750DDB19666F967,Why Research Design and Methods Is So Crucial to Understanding Drug Use/Abuse: Introduction to the Special Issue,Scheier LM,2018 Jun,10.1177/0163278718756161,29409362,,,PMID:29409362,SCHOLARLY_RECORD,P2E1B_PUBMED_09,CAT_05|CAT_06,UNRESOLVED_FROM_DISCOVERY_METADATA,UNRESOLVED_FROM_DISCOVERY_METADATA,POSSIBLY_RELEVANT,LIMITED_DISCOVERY_SIGNAL:CATEGORY_CONTEXT;EVENTS:1,Evaluation & the health professions,Editorial|Introductory Journal Article,PMID:29409362,outputs/phase_two/p2_e1_pilot_v0.1/search/raw_retrieval/p2e1b_pubmed_09_esummary.json,UNRESOLVED_FROM_DISCOVERY_METADATA,TRUE,AI_ASSISTED_DISCOVERY
P2SRC_5AE069697A1BC0E0119D,Wikidata as a knowledge graph for the life sciences,Andra Waagmeester; Gregory S. Stupp; Sebastian Burgstaller-Muehlbacher; Benjamin M. Good; Malachi Griffith; Obi L. Griffith; Kristina Hanspers; Henning Hermjakob; Toby Hudson; Kevin Hybiske; Sarah Keating; Magnus Manske; Michael Mayers; Daniel Mietchen; Elvira Mitraka; Alexander R. Pico; Tim Putman; Anders Riutta; Núria Queralt-Rosiñach; Lynn M. Schriml; Thomas Shafee; Denise Slenter; Ralf Stephan; Katherine Thornton; Ginger Tsueng; Roger Tu; Sabah Ul-Hasan; Egon Willighagen; Chunlei Wu; Andrew I. Su,2020-03-16,10.7554/elife.52614,32180547,,https://openalex.org/W3011511325,DOI:10.7554/elife.52614,SCHOLARLY_RECORD,P2E1B_OPENALEX_03,CAT_01|CAT_03,UNRESOLVED_FROM_DISCOVERY_METADATA,UNRESOLVED_FROM_DISCOVERY_METADATA,POSSIBLY_RELEVANT,LIMITED_DISCOVERY_SIGNAL:knowledge graph;EVENTS:1,eLife,article,https://openalex.org/W3011511325,outputs/phase_two/p2_e1_pilot_v0.1/search/raw_retrieval/p2e1b_openalex_03_works.json,FALSE,TRUE,AI_ASSISTED_DISCOVERY
P2SRC_2AA0D8212A5441376E6B,Will Artificial Intelligence for Drug Discovery Impact Clinical Pharmacology?,Alex Zhavoronkov; Quentin Vanhaelen; Tudor I. Oprea,2020-01-20,10.1002/cpt.1795,31957003,,https://openalex.org/W3001449808,DOI:10.1002/cpt.1795,SCHOLARLY_RECORD,P2E1B_OPENALEX_07,CAT_01|CAT_07,UNRESOLVED_FROM_DISCOVERY_METADATA,UNRESOLVED_FROM_DISCOVERY_METADATA,LIKELY_RELEVANT,DISCOVERY_KEYWORDS:artificial intelligence|machine learning;EVENTS:1,Clinical Pharmacology & Therapeutics,article,https://openalex.org/W3001449808,outputs/phase_two/p2_e1_pilot_v0.1/search/raw_retrieval/p2e1b_openalex_07_works.json,FALSE,TRUE,AI_ASSISTED_DISCOVERY
P2SRC_1960FD9A27E426EEBC96,World Health Organization 2020 guidelines on physical activity and sedentary behaviour,Fiona Bull; Salih S Al-Ansari; Stuart Biddle; Katja Borodulin; Matthew P. Buman; Greet Cardon; Catherine Carty; Jean‐Philippe Chaput; Sébastien Chastin; Roger Chou; Paddy C. Dempsey; Loretta DiPietro; Ulf Ekelund; Joseph Firth; Christine M. Friedenreich; Leandro García; Muthoni Gichu; Russell Jago; Peter T. Katzmarzyk; Estelle V. Lambert; Michael F. Leitzmann; Karen Milton; Francisco B. Ortega; Chathuranga Ranasinghe; Emmanuel Stamatakis; Anne Tiedemann; Richard P. Troiano; Hidde P. van der Ploeg; Vicky Wari; Juana Willumsen,2020-11-25,10.1136/bjsports-2020-102955,33239350,,https://openalex.org/W3108106255,DOI:10.1136/bjsports-2020-102955,SCHOLARLY_RECORD,P2E1B_OPENALEX_09,CAT_05|CAT_06,UNRESOLVED_FROM_DISCOVERY_METADATA,UNRESOLVED_FROM_DISCOVERY_METADATA,POSSIBLY_RELEVANT,LIMITED_DISCOVERY_SIGNAL:CATEGORY_CONTEXT;EVENTS:1,British Journal of Sports Medicine,article,https://openalex.org/W3108106255,outputs/phase_two/p2_e1_pilot_v0.1/search/raw_retrieval/p2e1b_openalex_09_works.json,FALSE,TRUE,AI_ASSISTED_DISCOVERY
P2SRC_E13D17547CA8C06229C4,“Is voice a marker for Autism spectrum disorder? A systematic review and meta‐analysis”,Riccardo Fusaroli; Anna Lambrechts; Dan Bang; Dermot Bowler; Sebastian Gaigg,2016-08-08,10.1002/aur.1678,27501063,,https://openalex.org/W2952790857,DOI:10.1002/aur.1678,SCHOLARLY_RECORD,P2E1B_OPENALEX_08,CAT_01|CAT_05|CAT_06,UNRESOLVED_FROM_DISCOVERY_METADATA,UNRESOLVED_FROM_DISCOVERY_METADATA,POSSIBLY_RELEVANT,LIMITED_DISCOVERY_SIGNAL:machine learning;EVENTS:1,Autism Research,review,https://openalex.org/W2952790857,outputs/phase_two/p2_e1_pilot_v0.1/search/raw_retrieval/p2e1b_openalex_08_works.json,FALSE,TRUE,AI_ASSISTED_DISCOVERY
