release_candidate_id,partition_strategy_version,partition_id,artifact_role,relative_path,artifact_id,schema_version,profile_count,provenance_link_count,file_size_bytes,sha256,generator_version,storage_reference_status,storage_reference,validation_status
PRC_5A13C5055A54AF794EDD0898,ENSEMBL_SHA256_PREFIX_2_V0.1,p00,PROFILE_PAYLOAD,outputs/profile_release_candidate_v0.1/profiles/p00/profiles.jsonl,ART_075F6AB3B00B204E29803BD6,TARGET_EVIDENCE_PROFILE_FULL_SCHEMA_V0.1,114,0,2168840,72cf638b356bd92973559e743c0ba4d383e07045f9fb0e1b5ded33b716eb8ccb,FULL_PROFILE_MATERIALIZER_V0.1,PENDING_EXTERNALIZATION,LOCAL_RELEASE_CANDIDATE_ONLY::outputs/profile_release_candidate_v0.1/profiles/p00/profiles.jsonl,PASS
PRC_5A13C5055A54AF794EDD0898,ENSEMBL_SHA256_PREFIX_2_V0.1,p00,PROVENANCE_LINKS,outputs/profile_release_candidate_v0.1/provenance/p00/profile_provenance_links.csv,ART_7B35C0ADE3D52958DC93C708,PROFILE_PROVENANCE_LINK_SCHEMA_V0.1,114,3990,2448380,443cb0d6860edcf56dcbede04736a2b3866628b7df2ef3333087d60570ee1051,FULL_PROFILE_MATERIALIZER_V0.1,PENDING_EXTERNALIZATION,LOCAL_RELEASE_CANDIDATE_ONLY::outputs/profile_release_candidate_v0.1/provenance/p00/profile_provenance_links.csv,PASS
PRC_5A13C5055A54AF794EDD0898,ENSEMBL_SHA256_PREFIX_2_V0.1,p01,PROFILE_PAYLOAD,outputs/profile_release_candidate_v0.1/profiles/p01/profiles.jsonl,ART_5A18FA823F9E9E7A82BF660F,TARGET_EVIDENCE_PROFILE_FULL_SCHEMA_V0.1,115,0,2187931,af888671e352ff0027d115c426ecc9a1a4cdbc96681a6c25d976c22725537827,FULL_PROFILE_MATERIALIZER_V0.1,PENDING_EXTERNALIZATION,LOCAL_RELEASE_CANDIDATE_ONLY::outputs/profile_release_candidate_v0.1/profiles/p01/profiles.jsonl,PASS
PRC_5A13C5055A54AF794EDD0898,ENSEMBL_SHA256_PREFIX_2_V0.1,p01,PROVENANCE_LINKS,outputs/profile_release_candidate_v0.1/provenance/p01/profile_provenance_links.csv,ART_86CBE72EBE6BA976ED40A827,PROFILE_PROVENANCE_LINK_SCHEMA_V0.1,115,4025,2469767,51f664aca09da212d64b7667d4a240212cce79dca58cd923d69bbc833358d87e,FULL_PROFILE_MATERIALIZER_V0.1,PENDING_EXTERNALIZATION,LOCAL_RELEASE_CANDIDATE_ONLY::outputs/profile_release_candidate_v0.1/provenance/p01/profile_provenance_links.csv,PASS
PRC_5A13C5055A54AF794EDD0898,ENSEMBL_SHA256_PREFIX_2_V0.1,p02,PROFILE_PAYLOAD,outputs/profile_release_candidate_v0.1/profiles/p02/profiles.jsonl,ART_A3F855B1DC653938431AB35B,TARGET_EVIDENCE_PROFILE_FULL_SCHEMA_V0.1,97,0,1845370,6a3a8aba3bedc1cd94799707d363a7e2bccc07f38f6c0004c63320543ab78b1d,FULL_PROFILE_MATERIALIZER_V0.1,PENDING_EXTERNALIZATION,LOCAL_RELEASE_CANDIDATE_ONLY::outputs/profile_release_candidate_v0.1/profiles/p02/profiles.jsonl,PASS
PRC_5A13C5055A54AF794EDD0898,ENSEMBL_SHA256_PREFIX_2_V0.1,p02,PROVENANCE_LINKS,outputs/profile_release_candidate_v0.1/provenance/p02/profile_provenance_links.csv,ART_B0C849E1078A0D312A592D61,PROFILE_PROVENANCE_LINK_SCHEMA_V0.1,97,3395,2082386,3b75ae5c998004a88e39dc3fb374ed543781d387ed23f1061ad6fe71bc76c0d7,FULL_PROFILE_MATERIALIZER_V0.1,PENDING_EXTERNALIZATION,LOCAL_RELEASE_CANDIDATE_ONLY::outputs/profile_release_candidate_v0.1/provenance/p02/profile_provenance_links.csv,PASS
PRC_5A13C5055A54AF794EDD0898,ENSEMBL_SHA256_PREFIX_2_V0.1,p03,PROFILE_PAYLOAD,outputs/profile_release_candidate_v0.1/profiles/p03/profiles.jsonl,ART_731FF9064D08E30D851422AB,TARGET_EVIDENCE_PROFILE_FULL_SCHEMA_V0.1,103,0,1959651,c44eba1d42ece51548d0fc8ac098f29c8f8737cc926e492cc0cf424947b6d854,FULL_PROFILE_MATERIALIZER_V0.1,PENDING_EXTERNALIZATION,LOCAL_RELEASE_CANDIDATE_ONLY::outputs/profile_release_candidate_v0.1/profiles/p03/profiles.jsonl,PASS
PRC_5A13C5055A54AF794EDD0898,ENSEMBL_SHA256_PREFIX_2_V0.1,p03,PROVENANCE_LINKS,outputs/profile_release_candidate_v0.1/provenance/p03/profile_provenance_links.csv,ART_D7DB0C8AEB6CE397F959B7C3,PROFILE_PROVENANCE_LINK_SCHEMA_V0.1,103,3605,2212388,fa8ad3bc276e965e6240a581dec5eb8d81412cb5a942afb628fea51009bfbb79,FULL_PROFILE_MATERIALIZER_V0.1,PENDING_EXTERNALIZATION,LOCAL_RELEASE_CANDIDATE_ONLY::outputs/profile_release_candidate_v0.1/provenance/p03/profile_provenance_links.csv,PASS
PRC_5A13C5055A54AF794EDD0898,ENSEMBL_SHA256_PREFIX_2_V0.1,p04,PROFILE_PAYLOAD,outputs/profile_release_candidate_v0.1/profiles/p04/profiles.jsonl,ART_58BC89EFAAD7A54F81378BF9,TARGET_EVIDENCE_PROFILE_FULL_SCHEMA_V0.1,120,0,2283005,8acbd771373cd4a0ce77c79b1e37082af0c9f4e3494d956cda60a49eec2492f2,FULL_PROFILE_MATERIALIZER_V0.1,PENDING_EXTERNALIZATION,LOCAL_RELEASE_CANDIDATE_ONLY::outputs/profile_release_candidate_v0.1/profiles/p04/profiles.jsonl,PASS
PRC_5A13C5055A54AF794EDD0898,ENSEMBL_SHA256_PREFIX_2_V0.1,p04,PROVENANCE_LINKS,outputs/profile_release_candidate_v0.1/provenance/p04/profile_provenance_links.csv,ART_7E6CB032A442CD7AF0C11E33,PROFILE_PROVENANCE_LINK_SCHEMA_V0.1,120,4200,2576702,7831fd60971394495a83c44b0154974035fb0ca2baefa1a653a6e267031fcb4a,FULL_PROFILE_MATERIALIZER_V0.1,PENDING_EXTERNALIZATION,LOCAL_RELEASE_CANDIDATE_ONLY::outputs/profile_release_candidate_v0.1/provenance/p04/profile_provenance_links.csv,PASS
PRC_5A13C5055A54AF794EDD0898,ENSEMBL_SHA256_PREFIX_2_V0.1,p05,PROFILE_PAYLOAD,outputs/profile_release_candidate_v0.1/profiles/p05/profiles.jsonl,ART_8731EE84FF3C7579E25D6B67,TARGET_EVIDENCE_PROFILE_FULL_SCHEMA_V0.1,121,0,2302105,a61e857e2e9b5380769918b0c61d8e96fe7f2ebfcbaf2c8ab1f4cb5c0c53f28d,FULL_PROFILE_MATERIALIZER_V0.1,PENDING_EXTERNALIZATION,LOCAL_RELEASE_CANDIDATE_ONLY::outputs/profile_release_candidate_v0.1/profiles/p05/profiles.jsonl,PASS
PRC_5A13C5055A54AF794EDD0898,ENSEMBL_SHA256_PREFIX_2_V0.1,p05,PROVENANCE_LINKS,outputs/profile_release_candidate_v0.1/provenance/p05/profile_provenance_links.csv,ART_D83D1D726CAE52F9DF7C0E5F,PROFILE_PROVENANCE_LINK_SCHEMA_V0.1,121,4235,2599314,89b887170dd6eecce31e708a7f3202f66d8956d05c42f377bbe2606e9a126e83,FULL_PROFILE_MATERIALIZER_V0.1,PENDING_EXTERNALIZATION,LOCAL_RELEASE_CANDIDATE_ONLY::outputs/profile_release_candidate_v0.1/provenance/p05/profile_provenance_links.csv,PASS
PRC_5A13C5055A54AF794EDD0898,ENSEMBL_SHA256_PREFIX_2_V0.1,p06,PROFILE_PAYLOAD,outputs/profile_release_candidate_v0.1/profiles/p06/profiles.jsonl,ART_09CF8BBABAE5DD8BD7FC3196,TARGET_EVIDENCE_PROFILE_FULL_SCHEMA_V0.1,110,0,2092790,d4ab227e34257cf869b59998222cb6c9662af6c208b75e66e8133d074884df48,FULL_PROFILE_MATERIALIZER_V0.1,PENDING_EXTERNALIZATION,LOCAL_RELEASE_CANDIDATE_ONLY::outputs/profile_release_candidate_v0.1/profiles/p06/profiles.jsonl,PASS
PRC_5A13C5055A54AF794EDD0898,ENSEMBL_SHA256_PREFIX_2_V0.1,p06,PROVENANCE_LINKS,outputs/profile_release_candidate_v0.1/provenance/p06/profile_provenance_links.csv,ART_A7B6D33E9D6E2B8D5D8B34AD,PROFILE_PROVENANCE_LINK_SCHEMA_V0.1,110,3850,2361782,fec3b5b37322c76c8eb3a4d79aa895e5682e0633d2fae15e21a8271714099da8,FULL_PROFILE_MATERIALIZER_V0.1,PENDING_EXTERNALIZATION,LOCAL_RELEASE_CANDIDATE_ONLY::outputs/profile_release_candidate_v0.1/provenance/p06/profile_provenance_links.csv,PASS
PRC_5A13C5055A54AF794EDD0898,ENSEMBL_SHA256_PREFIX_2_V0.1,p07,PROFILE_PAYLOAD,outputs/profile_release_candidate_v0.1/profiles/p07/profiles.jsonl,ART_603B6C2ECA7E40F5A9E4C7B6,TARGET_EVIDENCE_PROFILE_FULL_SCHEMA_V0.1,108,0,2054694,160b23500b5b82a2bedf69b9725dcbdc83f37625854bbe75ae08e0d6e6aea6c2,FULL_PROFILE_MATERIALIZER_V0.1,PENDING_EXTERNALIZATION,LOCAL_RELEASE_CANDIDATE_ONLY::outputs/profile_release_candidate_v0.1/profiles/p07/profiles.jsonl,PASS
PRC_5A13C5055A54AF794EDD0898,ENSEMBL_SHA256_PREFIX_2_V0.1,p07,PROVENANCE_LINKS,outputs/profile_release_candidate_v0.1/provenance/p07/profile_provenance_links.csv,ART_FC61CFE7895B3AE3D799BE0A,PROFILE_PROVENANCE_LINK_SCHEMA_V0.1,108,3780,2318518,2cbc1fad69fe6c85f0168fc83024845c75cc51485295cc904c1edc65df974fed,FULL_PROFILE_MATERIALIZER_V0.1,PENDING_EXTERNALIZATION,LOCAL_RELEASE_CANDIDATE_ONLY::outputs/profile_release_candidate_v0.1/provenance/p07/profile_provenance_links.csv,PASS
PRC_5A13C5055A54AF794EDD0898,ENSEMBL_SHA256_PREFIX_2_V0.1,p08,PROFILE_PAYLOAD,outputs/profile_release_candidate_v0.1/profiles/p08/profiles.jsonl,ART_8E7DC0F439950B4CFCF30B41,TARGET_EVIDENCE_PROFILE_FULL_SCHEMA_V0.1,114,0,2168883,f5d8faf529323c210f7e0e3123ec1f17301e86daf3740b48150a7848a16084b0,FULL_PROFILE_MATERIALIZER_V0.1,PENDING_EXTERNALIZATION,LOCAL_RELEASE_CANDIDATE_ONLY::outputs/profile_release_candidate_v0.1/profiles/p08/profiles.jsonl,PASS
PRC_5A13C5055A54AF794EDD0898,ENSEMBL_SHA256_PREFIX_2_V0.1,p08,PROVENANCE_LINKS,outputs/profile_release_candidate_v0.1/provenance/p08/profile_provenance_links.csv,ART_7AB8B31D2523993A4715A8C5,PROFILE_PROVENANCE_LINK_SCHEMA_V0.1,114,3990,2447785,06e724c0bfce50d96c56c19e0b940ca425a1090d3e7a039abb86d80eba0e4fee,FULL_PROFILE_MATERIALIZER_V0.1,PENDING_EXTERNALIZATION,LOCAL_RELEASE_CANDIDATE_ONLY::outputs/profile_release_candidate_v0.1/provenance/p08/profile_provenance_links.csv,PASS
PRC_5A13C5055A54AF794EDD0898,ENSEMBL_SHA256_PREFIX_2_V0.1,p09,PROFILE_PAYLOAD,outputs/profile_release_candidate_v0.1/profiles/p09/profiles.jsonl,ART_9074463BAD431229DE13DA29,TARGET_EVIDENCE_PROFILE_FULL_SCHEMA_V0.1,96,0,1826457,84a69c877dabdabda10fe4cf9aee351c8b243ac1d01c6248aaa21d62e7b08390,FULL_PROFILE_MATERIALIZER_V0.1,PENDING_EXTERNALIZATION,LOCAL_RELEASE_CANDIDATE_ONLY::outputs/profile_release_candidate_v0.1/profiles/p09/profiles.jsonl,PASS
PRC_5A13C5055A54AF794EDD0898,ENSEMBL_SHA256_PREFIX_2_V0.1,p09,PROVENANCE_LINKS,outputs/profile_release_candidate_v0.1/provenance/p09/profile_provenance_links.csv,ART_445669D27D5F9531BEEA87D9,PROFILE_PROVENANCE_LINK_SCHEMA_V0.1,96,3360,2061664,bea69772923e2e038c50b6d05adb2c4b215555def3b9244f960d5f859d0d042e,FULL_PROFILE_MATERIALIZER_V0.1,PENDING_EXTERNALIZATION,LOCAL_RELEASE_CANDIDATE_ONLY::outputs/profile_release_candidate_v0.1/provenance/p09/profile_provenance_links.csv,PASS
PRC_5A13C5055A54AF794EDD0898,ENSEMBL_SHA256_PREFIX_2_V0.1,p0a,PROFILE_PAYLOAD,outputs/profile_release_candidate_v0.1/profiles/p0a/profiles.jsonl,ART_AC205A4D02EAE631733DD25F,TARGET_EVIDENCE_PROFILE_FULL_SCHEMA_V0.1,106,0,2016729,391511c408e922373133e7f3c0ef9c7ad987f2eaf6d06e266ee29063be4579be,FULL_PROFILE_MATERIALIZER_V0.1,PENDING_EXTERNALIZATION,LOCAL_RELEASE_CANDIDATE_ONLY::outputs/profile_release_candidate_v0.1/profiles/p0a/profiles.jsonl,PASS
PRC_5A13C5055A54AF794EDD0898,ENSEMBL_SHA256_PREFIX_2_V0.1,p0a,PROVENANCE_LINKS,outputs/profile_release_candidate_v0.1/provenance/p0a/profile_provenance_links.csv,ART_22287A9F0DBD39345B5A9713,PROFILE_PROVENANCE_LINK_SCHEMA_V0.1,106,3710,2276584,514fc46574149abb48d51ae222cff3366b0ca50901519ed31a19c052031a8371,FULL_PROFILE_MATERIALIZER_V0.1,PENDING_EXTERNALIZATION,LOCAL_RELEASE_CANDIDATE_ONLY::outputs/profile_release_candidate_v0.1/provenance/p0a/profile_provenance_links.csv,PASS
PRC_5A13C5055A54AF794EDD0898,ENSEMBL_SHA256_PREFIX_2_V0.1,p0b,PROFILE_PAYLOAD,outputs/profile_release_candidate_v0.1/profiles/p0b/profiles.jsonl,ART_E73EC57E863C4ED96A456CAE,TARGET_EVIDENCE_PROFILE_FULL_SCHEMA_V0.1,117,0,2225870,54fe9471997bbc4fbb80da6be27a36463fdd3563ed48a7a48daf60e3454e11f8,FULL_PROFILE_MATERIALIZER_V0.1,PENDING_EXTERNALIZATION,LOCAL_RELEASE_CANDIDATE_ONLY::outputs/profile_release_candidate_v0.1/profiles/p0b/profiles.jsonl,PASS
PRC_5A13C5055A54AF794EDD0898,ENSEMBL_SHA256_PREFIX_2_V0.1,p0b,PROVENANCE_LINKS,outputs/profile_release_candidate_v0.1/provenance/p0b/profile_provenance_links.csv,ART_2DA6E275F99FE7D5AA07795B,PROFILE_PROVENANCE_LINK_SCHEMA_V0.1,117,4095,2511316,43d008191983df6047188b5acd6740ac7ac9463da35c65711091ae74acd11b1a,FULL_PROFILE_MATERIALIZER_V0.1,PENDING_EXTERNALIZATION,LOCAL_RELEASE_CANDIDATE_ONLY::outputs/profile_release_candidate_v0.1/provenance/p0b/profile_provenance_links.csv,PASS
PRC_5A13C5055A54AF794EDD0898,ENSEMBL_SHA256_PREFIX_2_V0.1,p0c,PROFILE_PAYLOAD,outputs/profile_release_candidate_v0.1/profiles/p0c/profiles.jsonl,ART_A5F225C348D76CEFB2DCF3C9,TARGET_EVIDENCE_PROFILE_FULL_SCHEMA_V0.1,123,0,2340142,ca05ca27341aa1961a63c0e87711387cf5171bca8eef7ba80ec8f9450bf5a3dc,FULL_PROFILE_MATERIALIZER_V0.1,PENDING_EXTERNALIZATION,LOCAL_RELEASE_CANDIDATE_ONLY::outputs/profile_release_candidate_v0.1/profiles/p0c/profiles.jsonl,PASS
PRC_5A13C5055A54AF794EDD0898,ENSEMBL_SHA256_PREFIX_2_V0.1,p0c,PROVENANCE_LINKS,outputs/profile_release_candidate_v0.1/provenance/p0c/profile_provenance_links.csv,ART_5B2B02C27F0514F8E6FCC2AE,PROFILE_PROVENANCE_LINK_SCHEMA_V0.1,123,4305,2641528,19af882c4c9e5043ba3529418346261652442e9e659588f42b8b9fd2ab43f32b,FULL_PROFILE_MATERIALIZER_V0.1,PENDING_EXTERNALIZATION,LOCAL_RELEASE_CANDIDATE_ONLY::outputs/profile_release_candidate_v0.1/provenance/p0c/profile_provenance_links.csv,PASS
PRC_5A13C5055A54AF794EDD0898,ENSEMBL_SHA256_PREFIX_2_V0.1,p0d,PROFILE_PAYLOAD,outputs/profile_release_candidate_v0.1/profiles/p0d/profiles.jsonl,ART_650397DE4FF0550CDEECA526,TARGET_EVIDENCE_PROFILE_FULL_SCHEMA_V0.1,131,0,2492355,2efd5f2753364e93944dcacbfef00cb499c617a2d55e0e319adf3ce44b3eedc8,FULL_PROFILE_MATERIALIZER_V0.1,PENDING_EXTERNALIZATION,LOCAL_RELEASE_CANDIDATE_ONLY::outputs/profile_release_candidate_v0.1/profiles/p0d/profiles.jsonl,PASS
PRC_5A13C5055A54AF794EDD0898,ENSEMBL_SHA256_PREFIX_2_V0.1,p0d,PROVENANCE_LINKS,outputs/profile_release_candidate_v0.1/provenance/p0d/profile_provenance_links.csv,ART_074A98724ECB52A3F5A17363,PROFILE_PROVENANCE_LINK_SCHEMA_V0.1,131,4585,2813744,33647bb06c38037cc3630b8fa881e49c86cb3341d2ea15aba1f95b67970cfcbe,FULL_PROFILE_MATERIALIZER_V0.1,PENDING_EXTERNALIZATION,LOCAL_RELEASE_CANDIDATE_ONLY::outputs/profile_release_candidate_v0.1/provenance/p0d/profile_provenance_links.csv,PASS
PRC_5A13C5055A54AF794EDD0898,ENSEMBL_SHA256_PREFIX_2_V0.1,p0e,PROFILE_PAYLOAD,outputs/profile_release_candidate_v0.1/profiles/p0e/profiles.jsonl,ART_DA226CABFE6B9A55DD61071B,TARGET_EVIDENCE_PROFILE_FULL_SCHEMA_V0.1,120,0,2282997,5256dcbadfca4e4563a8e61b2d2115afeb0ceab41eb861ea533d9fc05ce9415e,FULL_PROFILE_MATERIALIZER_V0.1,PENDING_EXTERNALIZATION,LOCAL_RELEASE_CANDIDATE_ONLY::outputs/profile_release_candidate_v0.1/profiles/p0e/profiles.jsonl,PASS
PRC_5A13C5055A54AF794EDD0898,ENSEMBL_SHA256_PREFIX_2_V0.1,p0e,PROVENANCE_LINKS,outputs/profile_release_candidate_v0.1/provenance/p0e/profile_provenance_links.csv,ART_900A0710522442DDBDE45689,PROFILE_PROVENANCE_LINK_SCHEMA_V0.1,120,4200,2576387,7ac79bb5bdd14175612c5d0e02529498cb0687897eae0f76a0e9043345ca499f,FULL_PROFILE_MATERIALIZER_V0.1,PENDING_EXTERNALIZATION,LOCAL_RELEASE_CANDIDATE_ONLY::outputs/profile_release_candidate_v0.1/provenance/p0e/profile_provenance_links.csv,PASS
PRC_5A13C5055A54AF794EDD0898,ENSEMBL_SHA256_PREFIX_2_V0.1,p0f,PROFILE_PAYLOAD,outputs/profile_release_candidate_v0.1/profiles/p0f/profiles.jsonl,ART_9A2945564A2692B94856C9BD,TARGET_EVIDENCE_PROFILE_FULL_SCHEMA_V0.1,125,0,2378170,07147e7e594f56e9da64fcb212baf3ff42b9668f42fea3a3caf3dab3fd27c532,FULL_PROFILE_MATERIALIZER_V0.1,PENDING_EXTERNALIZATION,LOCAL_RELEASE_CANDIDATE_ONLY::outputs/profile_release_candidate_v0.1/profiles/p0f/profiles.jsonl,PASS
PRC_5A13C5055A54AF794EDD0898,ENSEMBL_SHA256_PREFIX_2_V0.1,p0f,PROVENANCE_LINKS,outputs/profile_release_candidate_v0.1/provenance/p0f/profile_provenance_links.csv,ART_DE173642C0A13D7A0AF4DA8E,PROFILE_PROVENANCE_LINK_SCHEMA_V0.1,125,4375,2683812,574122eb59cf74b543832c34f462f845b85c7fcbc5e8771172322b8700018381,FULL_PROFILE_MATERIALIZER_V0.1,PENDING_EXTERNALIZATION,LOCAL_RELEASE_CANDIDATE_ONLY::outputs/profile_release_candidate_v0.1/provenance/p0f/profile_provenance_links.csv,PASS
PRC_5A13C5055A54AF794EDD0898,ENSEMBL_SHA256_PREFIX_2_V0.1,p10,PROFILE_PAYLOAD,outputs/profile_release_candidate_v0.1/profiles/p10/profiles.jsonl,ART_9D4490A130220D9E89BDA101,TARGET_EVIDENCE_PROFILE_FULL_SCHEMA_V0.1,105,0,1997690,773263388d95c17d7d23ac2aceca85160294fb1c5da9485e18b60079658a4e03,FULL_PROFILE_MATERIALIZER_V0.1,PENDING_EXTERNALIZATION,LOCAL_RELEASE_CANDIDATE_ONLY::outputs/profile_release_candidate_v0.1/profiles/p10/profiles.jsonl,PASS
PRC_5A13C5055A54AF794EDD0898,ENSEMBL_SHA256_PREFIX_2_V0.1,p10,PROVENANCE_LINKS,outputs/profile_release_candidate_v0.1/provenance/p10/profile_provenance_links.csv,ART_F69B124E05DB852992ED39A5,PROFILE_PROVENANCE_LINK_SCHEMA_V0.1,105,3675,2255162,e9fe7f8fa5bdd8d87a67e9750246d1619f430e0245ffaf4118c7f8e284cf1426,FULL_PROFILE_MATERIALIZER_V0.1,PENDING_EXTERNALIZATION,LOCAL_RELEASE_CANDIDATE_ONLY::outputs/profile_release_candidate_v0.1/provenance/p10/profile_provenance_links.csv,PASS
PRC_5A13C5055A54AF794EDD0898,ENSEMBL_SHA256_PREFIX_2_V0.1,p11,PROFILE_PAYLOAD,outputs/profile_release_candidate_v0.1/profiles/p11/profiles.jsonl,ART_6D6C1E4FD58667EDA009CFBF,TARGET_EVIDENCE_PROFILE_FULL_SCHEMA_V0.1,109,0,2073759,7f97ea58bb2a937992760016002dd663ba1b4d0d85aaf75f2b22b05fbc055e42,FULL_PROFILE_MATERIALIZER_V0.1,PENDING_EXTERNALIZATION,LOCAL_RELEASE_CANDIDATE_ONLY::outputs/profile_release_candidate_v0.1/profiles/p11/profiles.jsonl,PASS
PRC_5A13C5055A54AF794EDD0898,ENSEMBL_SHA256_PREFIX_2_V0.1,p11,PROVENANCE_LINKS,outputs/profile_release_candidate_v0.1/provenance/p11/profile_provenance_links.csv,ART_353FE90B44C6A15E9141ED0A,PROFILE_PROVENANCE_LINK_SCHEMA_V0.1,109,3815,2340710,a7a775777f1c4b30d45f42d4f992b39c18b2b7cb5d0ceda80ccd5acc6290c57f,FULL_PROFILE_MATERIALIZER_V0.1,PENDING_EXTERNALIZATION,LOCAL_RELEASE_CANDIDATE_ONLY::outputs/profile_release_candidate_v0.1/provenance/p11/profile_provenance_links.csv,PASS
PRC_5A13C5055A54AF794EDD0898,ENSEMBL_SHA256_PREFIX_2_V0.1,p12,PROFILE_PAYLOAD,outputs/profile_release_candidate_v0.1/profiles/p12/profiles.jsonl,ART_657F97A7A4EFB972E79AA694,TARGET_EVIDENCE_PROFILE_FULL_SCHEMA_V0.1,99,0,1883477,832d26bd0aef0f7e1cf06deebce268b2b9efb1a8497b6622e3c9b2aa220723fb,FULL_PROFILE_MATERIALIZER_V0.1,PENDING_EXTERNALIZATION,LOCAL_RELEASE_CANDIDATE_ONLY::outputs/profile_release_candidate_v0.1/profiles/p12/profiles.jsonl,PASS
PRC_5A13C5055A54AF794EDD0898,ENSEMBL_SHA256_PREFIX_2_V0.1,p12,PROVENANCE_LINKS,outputs/profile_release_candidate_v0.1/provenance/p12/profile_provenance_links.csv,ART_A8773F0ABE7A043410366B65,PROFILE_PROVENANCE_LINK_SCHEMA_V0.1,99,3465,2126350,ba86a5cbca915ca170594ea6ecc01329dc05aca8f7afd5ab793184c2c311672d,FULL_PROFILE_MATERIALIZER_V0.1,PENDING_EXTERNALIZATION,LOCAL_RELEASE_CANDIDATE_ONLY::outputs/profile_release_candidate_v0.1/provenance/p12/profile_provenance_links.csv,PASS
PRC_5A13C5055A54AF794EDD0898,ENSEMBL_SHA256_PREFIX_2_V0.1,p13,PROFILE_PAYLOAD,outputs/profile_release_candidate_v0.1/profiles/p13/profiles.jsonl,ART_1CBCC74CD013DAF64DB9FE28,TARGET_EVIDENCE_PROFILE_FULL_SCHEMA_V0.1,102,0,1940635,8d3fc9907c2b4815b7f8948530751ffb4b306759dd8fe2fef50d18df0cb8def5,FULL_PROFILE_MATERIALIZER_V0.1,PENDING_EXTERNALIZATION,LOCAL_RELEASE_CANDIDATE_ONLY::outputs/profile_release_candidate_v0.1/profiles/p13/profiles.jsonl,PASS
PRC_5A13C5055A54AF794EDD0898,ENSEMBL_SHA256_PREFIX_2_V0.1,p13,PROVENANCE_LINKS,outputs/profile_release_candidate_v0.1/provenance/p13/profile_provenance_links.csv,ART_3C96FC0E2C68D945F84967D8,PROFILE_PROVENANCE_LINK_SCHEMA_V0.1,102,3570,2190441,02a9148589ad93d856f2bb4b1c5eefbf0c85368986a226c4b612d4638cd00970,FULL_PROFILE_MATERIALIZER_V0.1,PENDING_EXTERNALIZATION,LOCAL_RELEASE_CANDIDATE_ONLY::outputs/profile_release_candidate_v0.1/provenance/p13/profile_provenance_links.csv,PASS
PRC_5A13C5055A54AF794EDD0898,ENSEMBL_SHA256_PREFIX_2_V0.1,p14,PROFILE_PAYLOAD,outputs/profile_release_candidate_v0.1/profiles/p14/profiles.jsonl,ART_24419B9247CB3EA821FC9A71,TARGET_EVIDENCE_PROFILE_FULL_SCHEMA_V0.1,109,0,2073654,e06b08c4825fdca71f380f0cd23f7d5be2fba4cd4d927c0d44a221629f44c6fb,FULL_PROFILE_MATERIALIZER_V0.1,PENDING_EXTERNALIZATION,LOCAL_RELEASE_CANDIDATE_ONLY::outputs/profile_release_candidate_v0.1/profiles/p14/profiles.jsonl,PASS
PRC_5A13C5055A54AF794EDD0898,ENSEMBL_SHA256_PREFIX_2_V0.1,p14,PROVENANCE_LINKS,outputs/profile_release_candidate_v0.1/provenance/p14/profile_provenance_links.csv,ART_CE4AD0913144462E62A85B42,PROFILE_PROVENANCE_LINK_SCHEMA_V0.1,109,3815,2339870,acf9a07dcbc7de2783ec077617cef24d856bbf79fe6eae58d6ea6d766e5f258e,FULL_PROFILE_MATERIALIZER_V0.1,PENDING_EXTERNALIZATION,LOCAL_RELEASE_CANDIDATE_ONLY::outputs/profile_release_candidate_v0.1/provenance/p14/profile_provenance_links.csv,PASS
PRC_5A13C5055A54AF794EDD0898,ENSEMBL_SHA256_PREFIX_2_V0.1,p15,PROFILE_PAYLOAD,outputs/profile_release_candidate_v0.1/profiles/p15/profiles.jsonl,ART_41C3C90F71B3216E443185A3,TARGET_EVIDENCE_PROFILE_FULL_SCHEMA_V0.1,126,0,2397151,056036ab8361a2f70b4d37e4ee6b760befc7e4efde7621b8212c60124b95feef,FULL_PROFILE_MATERIALIZER_V0.1,PENDING_EXTERNALIZATION,LOCAL_RELEASE_CANDIDATE_ONLY::outputs/profile_release_candidate_v0.1/profiles/p15/profiles.jsonl,PASS
PRC_5A13C5055A54AF794EDD0898,ENSEMBL_SHA256_PREFIX_2_V0.1,p15,PROVENANCE_LINKS,outputs/profile_release_candidate_v0.1/provenance/p15/profile_provenance_links.csv,ART_58617CCBE3B2931A477F3E48,PROFILE_PROVENANCE_LINK_SCHEMA_V0.1,126,4410,2704569,d002e208af05a4d80c19d328ff2be32cced6ce3b6c751654bc4a191ff42705e8,FULL_PROFILE_MATERIALIZER_V0.1,PENDING_EXTERNALIZATION,LOCAL_RELEASE_CANDIDATE_ONLY::outputs/profile_release_candidate_v0.1/provenance/p15/profile_provenance_links.csv,PASS
PRC_5A13C5055A54AF794EDD0898,ENSEMBL_SHA256_PREFIX_2_V0.1,p16,PROFILE_PAYLOAD,outputs/profile_release_candidate_v0.1/profiles/p16/profiles.jsonl,ART_0CC1A8F542E2913CED62BBF1,TARGET_EVIDENCE_PROFILE_FULL_SCHEMA_V0.1,117,0,2225957,370b5daef243ead00c82e36958f725cdec0a76891bc14d21db88711980855a6a,FULL_PROFILE_MATERIALIZER_V0.1,PENDING_EXTERNALIZATION,LOCAL_RELEASE_CANDIDATE_ONLY::outputs/profile_release_candidate_v0.1/profiles/p16/profiles.jsonl,PASS
PRC_5A13C5055A54AF794EDD0898,ENSEMBL_SHA256_PREFIX_2_V0.1,p16,PROVENANCE_LINKS,outputs/profile_release_candidate_v0.1/provenance/p16/profile_provenance_links.csv,ART_3D3B1CF952B2EB214C467EA8,PROFILE_PROVENANCE_LINK_SCHEMA_V0.1,117,4095,2512401,6f258c13263b9f967d8d1e1ee9d4a6b88d7d20c6efbc060e70cf8174f5144f7d,FULL_PROFILE_MATERIALIZER_V0.1,PENDING_EXTERNALIZATION,LOCAL_RELEASE_CANDIDATE_ONLY::outputs/profile_release_candidate_v0.1/provenance/p16/profile_provenance_links.csv,PASS
PRC_5A13C5055A54AF794EDD0898,ENSEMBL_SHA256_PREFIX_2_V0.1,p17,PROFILE_PAYLOAD,outputs/profile_release_candidate_v0.1/profiles/p17/profiles.jsonl,ART_CA7795C55B5500DBFE178659,TARGET_EVIDENCE_PROFILE_FULL_SCHEMA_V0.1,134,0,2549371,01a27099eb74f1d2c8b920591f44c9c43802fde3e2a15d18c0fb4b56d1ca7d01,FULL_PROFILE_MATERIALIZER_V0.1,PENDING_EXTERNALIZATION,LOCAL_RELEASE_CANDIDATE_ONLY::outputs/profile_release_candidate_v0.1/profiles/p17/profiles.jsonl,PASS
PRC_5A13C5055A54AF794EDD0898,ENSEMBL_SHA256_PREFIX_2_V0.1,p17,PROVENANCE_LINKS,outputs/profile_release_candidate_v0.1/provenance/p17/profile_provenance_links.csv,ART_A0856434FC3522AA5F787FA5,PROFILE_PROVENANCE_LINK_SCHEMA_V0.1,134,4690,2877380,3a84d3505a6ef5f2a73c53e1dc161be572e772789f7c04a0e4d61d8b994ab366,FULL_PROFILE_MATERIALIZER_V0.1,PENDING_EXTERNALIZATION,LOCAL_RELEASE_CANDIDATE_ONLY::outputs/profile_release_candidate_v0.1/provenance/p17/profile_provenance_links.csv,PASS
PRC_5A13C5055A54AF794EDD0898,ENSEMBL_SHA256_PREFIX_2_V0.1,p18,PROFILE_PAYLOAD,outputs/profile_release_candidate_v0.1/profiles/p18/profiles.jsonl,ART_2DFDA051DC304F45B4619E6C,TARGET_EVIDENCE_PROFILE_FULL_SCHEMA_V0.1,111,0,2111829,5db1b867e2818e11cf4a87035acde1772f60c2b660a341dba44c1196a158958b,FULL_PROFILE_MATERIALIZER_V0.1,PENDING_EXTERNALIZATION,LOCAL_RELEASE_CANDIDATE_ONLY::outputs/profile_release_candidate_v0.1/profiles/p18/profiles.jsonl,PASS
PRC_5A13C5055A54AF794EDD0898,ENSEMBL_SHA256_PREFIX_2_V0.1,p18,PROVENANCE_LINKS,outputs/profile_release_candidate_v0.1/provenance/p18/profile_provenance_links.csv,ART_8811DF6E5C1C6BE00F17EC6F,PROFILE_PROVENANCE_LINK_SCHEMA_V0.1,111,3885,2384184,6f8762f9d68f6fc00a016a6a4a2956eb1e0e8cddef0b4c3965c7380d4c1b6d2d,FULL_PROFILE_MATERIALIZER_V0.1,PENDING_EXTERNALIZATION,LOCAL_RELEASE_CANDIDATE_ONLY::outputs/profile_release_candidate_v0.1/provenance/p18/profile_provenance_links.csv,PASS
PRC_5A13C5055A54AF794EDD0898,ENSEMBL_SHA256_PREFIX_2_V0.1,p19,PROFILE_PAYLOAD,outputs/profile_release_candidate_v0.1/profiles/p19/profiles.jsonl,ART_49FF7470CB19036457B1701C,TARGET_EVIDENCE_PROFILE_FULL_SCHEMA_V0.1,112,0,2130860,d788fb8a11de0d22d5b299e8611b064e021522a0d945c8722c421929699ca439,FULL_PROFILE_MATERIALIZER_V0.1,PENDING_EXTERNALIZATION,LOCAL_RELEASE_CANDIDATE_ONLY::outputs/profile_release_candidate_v0.1/profiles/p19/profiles.jsonl,PASS
PRC_5A13C5055A54AF794EDD0898,ENSEMBL_SHA256_PREFIX_2_V0.1,p19,PROVENANCE_LINKS,outputs/profile_release_candidate_v0.1/provenance/p19/profile_provenance_links.csv,ART_3895F441A4D9B74B2EDCCFA4,PROFILE_PROVENANCE_LINK_SCHEMA_V0.1,112,3920,2405291,87ae3a158e36ce106203711838ed54dbd09ae20cf74235be499ddcdaae707647,FULL_PROFILE_MATERIALIZER_V0.1,PENDING_EXTERNALIZATION,LOCAL_RELEASE_CANDIDATE_ONLY::outputs/profile_release_candidate_v0.1/provenance/p19/profile_provenance_links.csv,PASS
PRC_5A13C5055A54AF794EDD0898,ENSEMBL_SHA256_PREFIX_2_V0.1,p1a,PROFILE_PAYLOAD,outputs/profile_release_candidate_v0.1/profiles/p1a/profiles.jsonl,ART_EB802EF4183589A18E4FF2E1,TARGET_EVIDENCE_PROFILE_FULL_SCHEMA_V0.1,109,0,2073741,c7dace622ef7ec08ab20f383eb807574889432dfa00d64d18afbda7a24b893c2,FULL_PROFILE_MATERIALIZER_V0.1,PENDING_EXTERNALIZATION,LOCAL_RELEASE_CANDIDATE_ONLY::outputs/profile_release_candidate_v0.1/profiles/p1a/profiles.jsonl,PASS
PRC_5A13C5055A54AF794EDD0898,ENSEMBL_SHA256_PREFIX_2_V0.1,p1a,PROVENANCE_LINKS,outputs/profile_release_candidate_v0.1/provenance/p1a/profile_provenance_links.csv,ART_D1DE65C11448CA5A7E962F94,PROFILE_PROVENANCE_LINK_SCHEMA_V0.1,109,3815,2340500,80384dbd1ecf2b1eb0846510e791a22b3a97514e298aca006ab1a23dabd3b72a,FULL_PROFILE_MATERIALIZER_V0.1,PENDING_EXTERNALIZATION,LOCAL_RELEASE_CANDIDATE_ONLY::outputs/profile_release_candidate_v0.1/provenance/p1a/profile_provenance_links.csv,PASS
PRC_5A13C5055A54AF794EDD0898,ENSEMBL_SHA256_PREFIX_2_V0.1,p1b,PROFILE_PAYLOAD,outputs/profile_release_candidate_v0.1/profiles/p1b/profiles.jsonl,ART_5EFE1D261577F9E2C717DBC6,TARGET_EVIDENCE_PROFILE_FULL_SCHEMA_V0.1,124,0,2359111,765abd49ac09dfce79d84706df51e814ee1e908a3fe8c896af4041bf73aa447e,FULL_PROFILE_MATERIALIZER_V0.1,PENDING_EXTERNALIZATION,LOCAL_RELEASE_CANDIDATE_ONLY::outputs/profile_release_candidate_v0.1/profiles/p1b/profiles.jsonl,PASS
PRC_5A13C5055A54AF794EDD0898,ENSEMBL_SHA256_PREFIX_2_V0.1,p1b,PROVENANCE_LINKS,outputs/profile_release_candidate_v0.1/provenance/p1b/profile_provenance_links.csv,ART_F998755B6E53E58553452B4A,PROFILE_PROVENANCE_LINK_SCHEMA_V0.1,124,4340,2662250,745bee7d666c18d9f7cdd33161a33142f26a355e0919c2191729c26cf8cfa458,FULL_PROFILE_MATERIALIZER_V0.1,PENDING_EXTERNALIZATION,LOCAL_RELEASE_CANDIDATE_ONLY::outputs/profile_release_candidate_v0.1/provenance/p1b/profile_provenance_links.csv,PASS
PRC_5A13C5055A54AF794EDD0898,ENSEMBL_SHA256_PREFIX_2_V0.1,p1c,PROFILE_PAYLOAD,outputs/profile_release_candidate_v0.1/profiles/p1c/profiles.jsonl,ART_5D3A320BEED5A6BC30F417E6,TARGET_EVIDENCE_PROFILE_FULL_SCHEMA_V0.1,137,0,2606451,d6923d57084e1ffdf5b307dbe91f5781d338c256e16124673939013a81e0f78a,FULL_PROFILE_MATERIALIZER_V0.1,PENDING_EXTERNALIZATION,LOCAL_RELEASE_CANDIDATE_ONLY::outputs/profile_release_candidate_v0.1/profiles/p1c/profiles.jsonl,PASS
PRC_5A13C5055A54AF794EDD0898,ENSEMBL_SHA256_PREFIX_2_V0.1,p1c,PROVENANCE_LINKS,outputs/profile_release_candidate_v0.1/provenance/p1c/profile_provenance_links.csv,ART_19880CE32C95D0DD84A190D7,PROFILE_PROVENANCE_LINK_SCHEMA_V0.1,137,4795,2941856,edc0409dc7dc617db1e150ec538aa06d08c3438ed91137d8fc4400d2671bca9e,FULL_PROFILE_MATERIALIZER_V0.1,PENDING_EXTERNALIZATION,LOCAL_RELEASE_CANDIDATE_ONLY::outputs/profile_release_candidate_v0.1/provenance/p1c/profile_provenance_links.csv,PASS
PRC_5A13C5055A54AF794EDD0898,ENSEMBL_SHA256_PREFIX_2_V0.1,p1d,PROFILE_PAYLOAD,outputs/profile_release_candidate_v0.1/profiles/p1d/profiles.jsonl,ART_F036B22459A593824894D78A,TARGET_EVIDENCE_PROFILE_FULL_SCHEMA_V0.1,110,0,2092832,d1e6c286c47b2f52f25d122df3e318d5e279372e538e062a0a9bfb4e26294e82,FULL_PROFILE_MATERIALIZER_V0.1,PENDING_EXTERNALIZATION,LOCAL_RELEASE_CANDIDATE_ONLY::outputs/profile_release_candidate_v0.1/profiles/p1d/profiles.jsonl,PASS
PRC_5A13C5055A54AF794EDD0898,ENSEMBL_SHA256_PREFIX_2_V0.1,p1d,PROVENANCE_LINKS,outputs/profile_release_candidate_v0.1/provenance/p1d/profile_provenance_links.csv,ART_59FC6BAA4104BDB1C40BC666,PROFILE_PROVENANCE_LINK_SCHEMA_V0.1,110,3850,2362062,8e41378ee5ff2f3ea463ce454eefee0e029d15a86eeaf8ec5e021e20bd618499,FULL_PROFILE_MATERIALIZER_V0.1,PENDING_EXTERNALIZATION,LOCAL_RELEASE_CANDIDATE_ONLY::outputs/profile_release_candidate_v0.1/provenance/p1d/profile_provenance_links.csv,PASS
PRC_5A13C5055A54AF794EDD0898,ENSEMBL_SHA256_PREFIX_2_V0.1,p1e,PROFILE_PAYLOAD,outputs/profile_release_candidate_v0.1/profiles/p1e/profiles.jsonl,ART_0FD1FD6AB4905FDC40407F33,TARGET_EVIDENCE_PROFILE_FULL_SCHEMA_V0.1,101,0,1921594,6c50d7a939cbd7b4c7f95fab39558aee01449964b8fde9019e7e3d5b492e5da1,FULL_PROFILE_MATERIALIZER_V0.1,PENDING_EXTERNALIZATION,LOCAL_RELEASE_CANDIDATE_ONLY::outputs/profile_release_candidate_v0.1/profiles/p1e/profiles.jsonl,PASS
PRC_5A13C5055A54AF794EDD0898,ENSEMBL_SHA256_PREFIX_2_V0.1,p1e,PROVENANCE_LINKS,outputs/profile_release_candidate_v0.1/provenance/p1e/profile_provenance_links.csv,ART_3A32765136423649EA286A35,PROFILE_PROVENANCE_LINK_SCHEMA_V0.1,101,3535,2169299,58661271f93ff0978cf5cb6522077c3f291ecb1ea0285779d80bfe0a730b0864,FULL_PROFILE_MATERIALIZER_V0.1,PENDING_EXTERNALIZATION,LOCAL_RELEASE_CANDIDATE_ONLY::outputs/profile_release_candidate_v0.1/provenance/p1e/profile_provenance_links.csv,PASS
PRC_5A13C5055A54AF794EDD0898,ENSEMBL_SHA256_PREFIX_2_V0.1,p1f,PROFILE_PAYLOAD,outputs/profile_release_candidate_v0.1/profiles/p1f/profiles.jsonl,ART_D477039BF8C8012CAA44BBAF,TARGET_EVIDENCE_PROFILE_FULL_SCHEMA_V0.1,123,0,2340089,2c9cbdad67eb88c514202a1fd52ca8d1418b1696270a0b1287fabf02f056ff55,FULL_PROFILE_MATERIALIZER_V0.1,PENDING_EXTERNALIZATION,LOCAL_RELEASE_CANDIDATE_ONLY::outputs/profile_release_candidate_v0.1/profiles/p1f/profiles.jsonl,PASS
PRC_5A13C5055A54AF794EDD0898,ENSEMBL_SHA256_PREFIX_2_V0.1,p1f,PROVENANCE_LINKS,outputs/profile_release_candidate_v0.1/provenance/p1f/profile_provenance_links.csv,ART_8597216E7ED9CFA98763E5F1,PROFILE_PROVENANCE_LINK_SCHEMA_V0.1,123,4305,2640863,24922179ecd23d7c60637b287e7afffc9bc36e80d03ba7e27609c0e9673b04ca,FULL_PROFILE_MATERIALIZER_V0.1,PENDING_EXTERNALIZATION,LOCAL_RELEASE_CANDIDATE_ONLY::outputs/profile_release_candidate_v0.1/provenance/p1f/profile_provenance_links.csv,PASS
PRC_5A13C5055A54AF794EDD0898,ENSEMBL_SHA256_PREFIX_2_V0.1,p20,PROFILE_PAYLOAD,outputs/profile_release_candidate_v0.1/profiles/p20/profiles.jsonl,ART_CB0F61A34FB12590F98F213F,TARGET_EVIDENCE_PROFILE_FULL_SCHEMA_V0.1,106,0,2016612,864cfcbd813d4482674f7751d6e2a84924d02fdfba2835c87395b0cb7c3db450,FULL_PROFILE_MATERIALIZER_V0.1,PENDING_EXTERNALIZATION,LOCAL_RELEASE_CANDIDATE_ONLY::outputs/profile_release_candidate_v0.1/profiles/p20/profiles.jsonl,PASS
PRC_5A13C5055A54AF794EDD0898,ENSEMBL_SHA256_PREFIX_2_V0.1,p20,PROVENANCE_LINKS,outputs/profile_release_candidate_v0.1/provenance/p20/profile_provenance_links.csv,ART_A9F3D88D55A79E94BC243E8F,PROFILE_PROVENANCE_LINK_SCHEMA_V0.1,106,3710,2275744,9890f6a65ae3772eeff8318300c3be6d6044b2e0c3a7b04011a08fe6a829b7a0,FULL_PROFILE_MATERIALIZER_V0.1,PENDING_EXTERNALIZATION,LOCAL_RELEASE_CANDIDATE_ONLY::outputs/profile_release_candidate_v0.1/provenance/p20/profile_provenance_links.csv,PASS
PRC_5A13C5055A54AF794EDD0898,ENSEMBL_SHA256_PREFIX_2_V0.1,p21,PROFILE_PAYLOAD,outputs/profile_release_candidate_v0.1/profiles/p21/profiles.jsonl,ART_63B28F3A5FF67CDEDAB6D176,TARGET_EVIDENCE_PROFILE_FULL_SCHEMA_V0.1,108,0,2054750,b0489ef9ca4ffb4a74169d4510531f70cc0fa5ddf5217d875e35b9f6d702179c,FULL_PROFILE_MATERIALIZER_V0.1,PENDING_EXTERNALIZATION,LOCAL_RELEASE_CANDIDATE_ONLY::outputs/profile_release_candidate_v0.1/profiles/p21/profiles.jsonl,PASS
PRC_5A13C5055A54AF794EDD0898,ENSEMBL_SHA256_PREFIX_2_V0.1,p21,PROVENANCE_LINKS,outputs/profile_release_candidate_v0.1/provenance/p21/profile_provenance_links.csv,ART_DB63C202EBBC78E3E1C3703C,PROFILE_PROVENANCE_LINK_SCHEMA_V0.1,108,3780,2319323,47db7af1926fca206007bc4b8d17a9c705bac8a56fbdead3a805f46992a6bee0,FULL_PROFILE_MATERIALIZER_V0.1,PENDING_EXTERNALIZATION,LOCAL_RELEASE_CANDIDATE_ONLY::outputs/profile_release_candidate_v0.1/provenance/p21/profile_provenance_links.csv,PASS
PRC_5A13C5055A54AF794EDD0898,ENSEMBL_SHA256_PREFIX_2_V0.1,p22,PROFILE_PAYLOAD,outputs/profile_release_candidate_v0.1/profiles/p22/profiles.jsonl,ART_70B5CC3C8FF1CFB122DEC213,TARGET_EVIDENCE_PROFILE_FULL_SCHEMA_V0.1,113,0,2149845,7090bbc6e07e79dc1f816f9143a4cdff3767d289043ccc8015443cd93b1f2c7e,FULL_PROFILE_MATERIALIZER_V0.1,PENDING_EXTERNALIZATION,LOCAL_RELEASE_CANDIDATE_ONLY::outputs/profile_release_candidate_v0.1/profiles/p22/profiles.jsonl,PASS
PRC_5A13C5055A54AF794EDD0898,ENSEMBL_SHA256_PREFIX_2_V0.1,p22,PROVENANCE_LINKS,outputs/profile_release_candidate_v0.1/provenance/p22/profile_provenance_links.csv,ART_79ED3926DD6393094AF3BC45,PROFILE_PROVENANCE_LINK_SCHEMA_V0.1,113,3955,2426433,83bf4477e18cdc2478c7abdbef57d7a8b7d85c2d7803b2d358ed7905f31c09cd,FULL_PROFILE_MATERIALIZER_V0.1,PENDING_EXTERNALIZATION,LOCAL_RELEASE_CANDIDATE_ONLY::outputs/profile_release_candidate_v0.1/provenance/p22/profile_provenance_links.csv,PASS
PRC_5A13C5055A54AF794EDD0898,ENSEMBL_SHA256_PREFIX_2_V0.1,p23,PROFILE_PAYLOAD,outputs/profile_release_candidate_v0.1/profiles/p23/profiles.jsonl,ART_3F9DB6F56BE15B6AA77FCFBA,TARGET_EVIDENCE_PROFILE_FULL_SCHEMA_V0.1,112,0,2130914,25e6b800db55ea2856e99046b09bc79eaf2c9155a86549460ca955b3bc73072c,FULL_PROFILE_MATERIALIZER_V0.1,PENDING_EXTERNALIZATION,LOCAL_RELEASE_CANDIDATE_ONLY::outputs/profile_release_candidate_v0.1/profiles/p23/profiles.jsonl,PASS
PRC_5A13C5055A54AF794EDD0898,ENSEMBL_SHA256_PREFIX_2_V0.1,p23,PROVENANCE_LINKS,outputs/profile_release_candidate_v0.1/provenance/p23/profile_provenance_links.csv,ART_0C54582DA731870A101AA875,PROFILE_PROVENANCE_LINK_SCHEMA_V0.1,112,3920,2404906,9002463b41fe36ccb37a54d83f0a46c1476555b56e86a9566c263ca18ef5296c,FULL_PROFILE_MATERIALIZER_V0.1,PENDING_EXTERNALIZATION,LOCAL_RELEASE_CANDIDATE_ONLY::outputs/profile_release_candidate_v0.1/provenance/p23/profile_provenance_links.csv,PASS
PRC_5A13C5055A54AF794EDD0898,ENSEMBL_SHA256_PREFIX_2_V0.1,p24,PROFILE_PAYLOAD,outputs/profile_release_candidate_v0.1/profiles/p24/profiles.jsonl,ART_8A2C7C4D31388F17DC1038FC,TARGET_EVIDENCE_PROFILE_FULL_SCHEMA_V0.1,110,0,2092771,ee31c7bc6f40c92ee90529489a1b995abc9f647f190a42ecdacd78b4cc6468c7,FULL_PROFILE_MATERIALIZER_V0.1,PENDING_EXTERNALIZATION,LOCAL_RELEASE_CANDIDATE_ONLY::outputs/profile_release_candidate_v0.1/profiles/p24/profiles.jsonl,PASS
PRC_5A13C5055A54AF794EDD0898,ENSEMBL_SHA256_PREFIX_2_V0.1,p24,PROVENANCE_LINKS,outputs/profile_release_candidate_v0.1/provenance/p24/profile_provenance_links.csv,ART_DC872C7629153E3D0143B29A,PROFILE_PROVENANCE_LINK_SCHEMA_V0.1,110,3850,2362237,b89ee653d4b1b805dad1b68f15cbe00ceb114be9d7690cb712f7cd75abb524fe,FULL_PROFILE_MATERIALIZER_V0.1,PENDING_EXTERNALIZATION,LOCAL_RELEASE_CANDIDATE_ONLY::outputs/profile_release_candidate_v0.1/provenance/p24/profile_provenance_links.csv,PASS
PRC_5A13C5055A54AF794EDD0898,ENSEMBL_SHA256_PREFIX_2_V0.1,p25,PROFILE_PAYLOAD,outputs/profile_release_candidate_v0.1/profiles/p25/profiles.jsonl,ART_C09C46B24A390046246C7BDA,TARGET_EVIDENCE_PROFILE_FULL_SCHEMA_V0.1,104,0,1978586,c41b8641042c6fc28bcc3feb75af420c4cfd39293651d0f67f9baaeac3c7dd8c,FULL_PROFILE_MATERIALIZER_V0.1,PENDING_EXTERNALIZATION,LOCAL_RELEASE_CANDIDATE_ONLY::outputs/profile_release_candidate_v0.1/profiles/p25/profiles.jsonl,PASS
PRC_5A13C5055A54AF794EDD0898,ENSEMBL_SHA256_PREFIX_2_V0.1,p25,PROVENANCE_LINKS,outputs/profile_release_candidate_v0.1/provenance/p25/profile_provenance_links.csv,ART_83CB0BBA022DF974A0120145,PROFILE_PROVENANCE_LINK_SCHEMA_V0.1,104,3640,2233145,e9493aed4f777130a6fbaac72c501572b8553317b5ee36af908a70c01cd261e9,FULL_PROFILE_MATERIALIZER_V0.1,PENDING_EXTERNALIZATION,LOCAL_RELEASE_CANDIDATE_ONLY::outputs/profile_release_candidate_v0.1/provenance/p25/profile_provenance_links.csv,PASS
PRC_5A13C5055A54AF794EDD0898,ENSEMBL_SHA256_PREFIX_2_V0.1,p26,PROFILE_PAYLOAD,outputs/profile_release_candidate_v0.1/profiles/p26/profiles.jsonl,ART_C688A7225DA96A6C458008A6,TARGET_EVIDENCE_PROFILE_FULL_SCHEMA_V0.1,100,0,1902529,514d3febb227c55eeff93ae5a26f63f46bd10183d91c5c2ff758a89b4a78afd9,FULL_PROFILE_MATERIALIZER_V0.1,PENDING_EXTERNALIZATION,LOCAL_RELEASE_CANDIDATE_ONLY::outputs/profile_release_candidate_v0.1/profiles/p26/profiles.jsonl,PASS
PRC_5A13C5055A54AF794EDD0898,ENSEMBL_SHA256_PREFIX_2_V0.1,p26,PROVENANCE_LINKS,outputs/profile_release_candidate_v0.1/provenance/p26/profile_provenance_links.csv,ART_6C7E41FAC974CDD4C4403030,PROFILE_PROVENANCE_LINK_SCHEMA_V0.1,100,3500,2147562,f4e67772f9d425ab8185c6cd96e4722e209676974155e10a40e65e89282a2691,FULL_PROFILE_MATERIALIZER_V0.1,PENDING_EXTERNALIZATION,LOCAL_RELEASE_CANDIDATE_ONLY::outputs/profile_release_candidate_v0.1/provenance/p26/profile_provenance_links.csv,PASS
PRC_5A13C5055A54AF794EDD0898,ENSEMBL_SHA256_PREFIX_2_V0.1,p27,PROFILE_PAYLOAD,outputs/profile_release_candidate_v0.1/profiles/p27/profiles.jsonl,ART_85B0797FEB9E107A3877AB76,TARGET_EVIDENCE_PROFILE_FULL_SCHEMA_V0.1,127,0,2416260,9007ca0b68424cc7776845937d8f6b1cfa170a697ca5847aaedf6b875451a6fb,FULL_PROFILE_MATERIALIZER_V0.1,PENDING_EXTERNALIZATION,LOCAL_RELEASE_CANDIDATE_ONLY::outputs/profile_release_candidate_v0.1/profiles/p27/profiles.jsonl,PASS
PRC_5A13C5055A54AF794EDD0898,ENSEMBL_SHA256_PREFIX_2_V0.1,p27,PROVENANCE_LINKS,outputs/profile_release_candidate_v0.1/provenance/p27/profile_provenance_links.csv,ART_D7A83191FBFC4A050B9AB35E,PROFILE_PROVENANCE_LINK_SCHEMA_V0.1,127,4445,2726866,06f21b853d901d2077900450bff8e0e0a43dc6779d53600dc41ac729b242b122,FULL_PROFILE_MATERIALIZER_V0.1,PENDING_EXTERNALIZATION,LOCAL_RELEASE_CANDIDATE_ONLY::outputs/profile_release_candidate_v0.1/provenance/p27/profile_provenance_links.csv,PASS
PRC_5A13C5055A54AF794EDD0898,ENSEMBL_SHA256_PREFIX_2_V0.1,p28,PROFILE_PAYLOAD,outputs/profile_release_candidate_v0.1/profiles/p28/profiles.jsonl,ART_4A8D21C264DC4E5F210D7795,TARGET_EVIDENCE_PROFILE_FULL_SCHEMA_V0.1,108,0,2054747,fa48ec26550bed3c7e93ee450c4a4645c7d8cb926ba82de3c30bbbcc1a800af0,FULL_PROFILE_MATERIALIZER_V0.1,PENDING_EXTERNALIZATION,LOCAL_RELEASE_CANDIDATE_ONLY::outputs/profile_release_candidate_v0.1/profiles/p28/profiles.jsonl,PASS
PRC_5A13C5055A54AF794EDD0898,ENSEMBL_SHA256_PREFIX_2_V0.1,p28,PROVENANCE_LINKS,outputs/profile_release_candidate_v0.1/provenance/p28/profile_provenance_links.csv,ART_8030F618253D6D5FA362652D,PROFILE_PROVENANCE_LINK_SCHEMA_V0.1,108,3780,2319113,d2cb81d7185c69ae47132512c2e02f02b837acbdaa591563515e08172596c78d,FULL_PROFILE_MATERIALIZER_V0.1,PENDING_EXTERNALIZATION,LOCAL_RELEASE_CANDIDATE_ONLY::outputs/profile_release_candidate_v0.1/provenance/p28/profile_provenance_links.csv,PASS
PRC_5A13C5055A54AF794EDD0898,ENSEMBL_SHA256_PREFIX_2_V0.1,p29,PROFILE_PAYLOAD,outputs/profile_release_candidate_v0.1/profiles/p29/profiles.jsonl,ART_27CD7BF4532E105EE2B2C65C,TARGET_EVIDENCE_PROFILE_FULL_SCHEMA_V0.1,141,0,2682488,cc52a488e00f0b34efec5548b8ee4ad06ca26d63e2cef30a36627ecce0abbfde,FULL_PROFILE_MATERIALIZER_V0.1,PENDING_EXTERNALIZATION,LOCAL_RELEASE_CANDIDATE_ONLY::outputs/profile_release_candidate_v0.1/profiles/p29/profiles.jsonl,PASS
PRC_5A13C5055A54AF794EDD0898,ENSEMBL_SHA256_PREFIX_2_V0.1,p29,PROVENANCE_LINKS,outputs/profile_release_candidate_v0.1/provenance/p29/profile_provenance_links.csv,ART_58425D1C50E667329B5830E5,PROFILE_PROVENANCE_LINK_SCHEMA_V0.1,141,4935,3027579,4f35be90364ab2dbf461a6e82aaafd0a0cb8200abf54fd3c9c9de88fcedae6b7,FULL_PROFILE_MATERIALIZER_V0.1,PENDING_EXTERNALIZATION,LOCAL_RELEASE_CANDIDATE_ONLY::outputs/profile_release_candidate_v0.1/provenance/p29/profile_provenance_links.csv,PASS
PRC_5A13C5055A54AF794EDD0898,ENSEMBL_SHA256_PREFIX_2_V0.1,p2a,PROFILE_PAYLOAD,outputs/profile_release_candidate_v0.1/profiles/p2a/profiles.jsonl,ART_3008A19C4A0ECC7EC0B0247E,TARGET_EVIDENCE_PROFILE_FULL_SCHEMA_V0.1,123,0,2340122,d3c91b0efcf38fa28049756240ca310126bfa3683ec0cb713fcb6bda0ed66ba8,FULL_PROFILE_MATERIALIZER_V0.1,PENDING_EXTERNALIZATION,LOCAL_RELEASE_CANDIDATE_ONLY::outputs/profile_release_candidate_v0.1/profiles/p2a/profiles.jsonl,PASS
PRC_5A13C5055A54AF794EDD0898,ENSEMBL_SHA256_PREFIX_2_V0.1,p2a,PROVENANCE_LINKS,outputs/profile_release_candidate_v0.1/provenance/p2a/profile_provenance_links.csv,ART_63116565E5DB260D136CB1E6,PROFILE_PROVENANCE_LINK_SCHEMA_V0.1,123,4305,2641668,8313d6589c1527b668ffa5e99075a0ca3889db64b92da5767f699a747f833e5a,FULL_PROFILE_MATERIALIZER_V0.1,PENDING_EXTERNALIZATION,LOCAL_RELEASE_CANDIDATE_ONLY::outputs/profile_release_candidate_v0.1/provenance/p2a/profile_provenance_links.csv,PASS
PRC_5A13C5055A54AF794EDD0898,ENSEMBL_SHA256_PREFIX_2_V0.1,p2b,PROFILE_PAYLOAD,outputs/profile_release_candidate_v0.1/profiles/p2b/profiles.jsonl,ART_AFF2C8617F225F6D8BFAA2FA,TARGET_EVIDENCE_PROFILE_FULL_SCHEMA_V0.1,113,0,2149903,ae04cc75d00faca91ca0f7262a695c0dc65e25469a151b4996579c93706bc097,FULL_PROFILE_MATERIALIZER_V0.1,PENDING_EXTERNALIZATION,LOCAL_RELEASE_CANDIDATE_ONLY::outputs/profile_release_candidate_v0.1/profiles/p2b/profiles.jsonl,PASS
PRC_5A13C5055A54AF794EDD0898,ENSEMBL_SHA256_PREFIX_2_V0.1,p2b,PROVENANCE_LINKS,outputs/profile_release_candidate_v0.1/provenance/p2b/profile_provenance_links.csv,ART_DE9162DFE48A6FED3A6F976C,PROFILE_PROVENANCE_LINK_SCHEMA_V0.1,113,3955,2426888,5046f46b83be997880fd43a77edbac3f887eb09cac709f16650a1d658c7dd1b3,FULL_PROFILE_MATERIALIZER_V0.1,PENDING_EXTERNALIZATION,LOCAL_RELEASE_CANDIDATE_ONLY::outputs/profile_release_candidate_v0.1/provenance/p2b/profile_provenance_links.csv,PASS
PRC_5A13C5055A54AF794EDD0898,ENSEMBL_SHA256_PREFIX_2_V0.1,p2c,PROFILE_PAYLOAD,outputs/profile_release_candidate_v0.1/profiles/p2c/profiles.jsonl,ART_C375EA11861AC8B35111EE24,TARGET_EVIDENCE_PROFILE_FULL_SCHEMA_V0.1,131,0,2492354,685577da78cec73c3e3eccf9de5a6ab27bd7d38c7cca72583c69ac0b1bbe9e47,FULL_PROFILE_MATERIALIZER_V0.1,PENDING_EXTERNALIZATION,LOCAL_RELEASE_CANDIDATE_ONLY::outputs/profile_release_candidate_v0.1/profiles/p2c/profiles.jsonl,PASS
PRC_5A13C5055A54AF794EDD0898,ENSEMBL_SHA256_PREFIX_2_V0.1,p2c,PROVENANCE_LINKS,outputs/profile_release_candidate_v0.1/provenance/p2c/profile_provenance_links.csv,ART_55F66AB893B2D8DB7C9C1E5C,PROFILE_PROVENANCE_LINK_SCHEMA_V0.1,131,4585,2813534,0733137a3ac145f7a5baddcd01d00e1f538c45e346f7102cb68bd9a9012e708f,FULL_PROFILE_MATERIALIZER_V0.1,PENDING_EXTERNALIZATION,LOCAL_RELEASE_CANDIDATE_ONLY::outputs/profile_release_candidate_v0.1/provenance/p2c/profile_provenance_links.csv,PASS
PRC_5A13C5055A54AF794EDD0898,ENSEMBL_SHA256_PREFIX_2_V0.1,p2d,PROFILE_PAYLOAD,outputs/profile_release_candidate_v0.1/profiles/p2d/profiles.jsonl,ART_DABAA89B5C0DAE8B627AC40E,TARGET_EVIDENCE_PROFILE_FULL_SCHEMA_V0.1,117,0,2226000,37802fa8a10b285f5726d73e9238b799230c5d18f2a4d5e74ae77ca10fa724da,FULL_PROFILE_MATERIALIZER_V0.1,PENDING_EXTERNALIZATION,LOCAL_RELEASE_CANDIDATE_ONLY::outputs/profile_release_candidate_v0.1/profiles/p2d/profiles.jsonl,PASS
PRC_5A13C5055A54AF794EDD0898,ENSEMBL_SHA256_PREFIX_2_V0.1,p2d,PROVENANCE_LINKS,outputs/profile_release_candidate_v0.1/provenance/p2d/profile_provenance_links.csv,ART_671FADBC84CCF2A12C062682,PROFILE_PROVENANCE_LINK_SCHEMA_V0.1,117,4095,2512821,225d42c3de63a910b1605e85a3b63ab1003fec0b70855afa455cb18a4f9a4920,FULL_PROFILE_MATERIALIZER_V0.1,PENDING_EXTERNALIZATION,LOCAL_RELEASE_CANDIDATE_ONLY::outputs/profile_release_candidate_v0.1/provenance/p2d/profile_provenance_links.csv,PASS
PRC_5A13C5055A54AF794EDD0898,ENSEMBL_SHA256_PREFIX_2_V0.1,p2e,PROFILE_PAYLOAD,outputs/profile_release_candidate_v0.1/profiles/p2e/profiles.jsonl,ART_7DCFC3EDEA7076F015C31220,TARGET_EVIDENCE_PROFILE_FULL_SCHEMA_V0.1,119,0,2264005,611576d774d005d939e6c174139ec9d08741a716e3fc635eb0731e2b3ff18cbf,FULL_PROFILE_MATERIALIZER_V0.1,PENDING_EXTERNALIZATION,LOCAL_RELEASE_CANDIDATE_ONLY::outputs/profile_release_candidate_v0.1/profiles/p2e/profiles.jsonl,PASS
PRC_5A13C5055A54AF794EDD0898,ENSEMBL_SHA256_PREFIX_2_V0.1,p2e,PROVENANCE_LINKS,outputs/profile_release_candidate_v0.1/provenance/p2e/profile_provenance_links.csv,ART_66CA3CC71542C4F1C3E99F03,PROFILE_PROVENANCE_LINK_SCHEMA_V0.1,119,4165,2555770,bbd60e3b270796b46e658ec4e75162cd02f2d964264e882ff9d9f7834ac9c58a,FULL_PROFILE_MATERIALIZER_V0.1,PENDING_EXTERNALIZATION,LOCAL_RELEASE_CANDIDATE_ONLY::outputs/profile_release_candidate_v0.1/provenance/p2e/profile_provenance_links.csv,PASS
PRC_5A13C5055A54AF794EDD0898,ENSEMBL_SHA256_PREFIX_2_V0.1,p2f,PROFILE_PAYLOAD,outputs/profile_release_candidate_v0.1/profiles/p2f/profiles.jsonl,ART_425DB637C0B3CA9D3761A046,TARGET_EVIDENCE_PROFILE_FULL_SCHEMA_V0.1,99,0,1883401,99efc32e08e4b7270671dc42fc9b0277c0a5ce641e2adc4df7a024b35a375b5a,FULL_PROFILE_MATERIALIZER_V0.1,PENDING_EXTERNALIZATION,LOCAL_RELEASE_CANDIDATE_ONLY::outputs/profile_release_candidate_v0.1/profiles/p2f/profiles.jsonl,PASS
PRC_5A13C5055A54AF794EDD0898,ENSEMBL_SHA256_PREFIX_2_V0.1,p2f,PROVENANCE_LINKS,outputs/profile_release_candidate_v0.1/provenance/p2f/profile_provenance_links.csv,ART_BB76355BBF9207651AE7C731,PROFILE_PROVENANCE_LINK_SCHEMA_V0.1,99,3465,2125475,27137bcd8232fce153af5699eb2bd4e8e8ba3ea94aa8e324b1adc07b971ee906,FULL_PROFILE_MATERIALIZER_V0.1,PENDING_EXTERNALIZATION,LOCAL_RELEASE_CANDIDATE_ONLY::outputs/profile_release_candidate_v0.1/provenance/p2f/profile_provenance_links.csv,PASS
PRC_5A13C5055A54AF794EDD0898,ENSEMBL_SHA256_PREFIX_2_V0.1,p30,PROFILE_PAYLOAD,outputs/profile_release_candidate_v0.1/profiles/p30/profiles.jsonl,ART_BD6E058A97F9363FD2C540F9,TARGET_EVIDENCE_PROFILE_FULL_SCHEMA_V0.1,145,0,2758697,eef8652e9a7853a5c8a7940dea09ec7dac3ffae0f689e6de6c5605e9893c561c,FULL_PROFILE_MATERIALIZER_V0.1,PENDING_EXTERNALIZATION,LOCAL_RELEASE_CANDIDATE_ONLY::outputs/profile_release_candidate_v0.1/profiles/p30/profiles.jsonl,PASS
PRC_5A13C5055A54AF794EDD0898,ENSEMBL_SHA256_PREFIX_2_V0.1,p30,PROVENANCE_LINKS,outputs/profile_release_candidate_v0.1/provenance/p30/profile_provenance_links.csv,ART_F5735393CD046A405BB6547F,PROFILE_PROVENANCE_LINK_SCHEMA_V0.1,145,5075,3113477,2d88f99237e8c7a840112b198e0e07c752e70593248c41a451e0dc8b278d73ff,FULL_PROFILE_MATERIALIZER_V0.1,PENDING_EXTERNALIZATION,LOCAL_RELEASE_CANDIDATE_ONLY::outputs/profile_release_candidate_v0.1/provenance/p30/profile_provenance_links.csv,PASS
PRC_5A13C5055A54AF794EDD0898,ENSEMBL_SHA256_PREFIX_2_V0.1,p31,PROFILE_PAYLOAD,outputs/profile_release_candidate_v0.1/profiles/p31/profiles.jsonl,ART_9AACD694042CAEFA105FF78A,TARGET_EVIDENCE_PROFILE_FULL_SCHEMA_V0.1,116,0,2206941,b10ffa2a03b8c50ba3196c54b0894346a646d4906e1725e6788f6b042d202733,FULL_PROFILE_MATERIALIZER_V0.1,PENDING_EXTERNALIZATION,LOCAL_RELEASE_CANDIDATE_ONLY::outputs/profile_release_candidate_v0.1/profiles/p31/profiles.jsonl,PASS
PRC_5A13C5055A54AF794EDD0898,ENSEMBL_SHA256_PREFIX_2_V0.1,p31,PROVENANCE_LINKS,outputs/profile_release_candidate_v0.1/provenance/p31/profile_provenance_links.csv,ART_9FB90E6B05AF3CDE3277F15C,PROFILE_PROVENANCE_LINK_SCHEMA_V0.1,116,4060,2490594,a13c1a579e467363b4d034300d40546e9cfc49f02bbaad865ef312d78f7c3592,FULL_PROFILE_MATERIALIZER_V0.1,PENDING_EXTERNALIZATION,LOCAL_RELEASE_CANDIDATE_ONLY::outputs/profile_release_candidate_v0.1/provenance/p31/profile_provenance_links.csv,PASS
PRC_5A13C5055A54AF794EDD0898,ENSEMBL_SHA256_PREFIX_2_V0.1,p32,PROFILE_PAYLOAD,outputs/profile_release_candidate_v0.1/profiles/p32/profiles.jsonl,ART_6ABE5F32B9FE9DC73CA1467D,TARGET_EVIDENCE_PROFILE_FULL_SCHEMA_V0.1,114,0,2168921,004f39d00b111489b085d514eaf7d0882ba2ede33b73249a3e466cb6ba3ec8e1,FULL_PROFILE_MATERIALIZER_V0.1,PENDING_EXTERNALIZATION,LOCAL_RELEASE_CANDIDATE_ONLY::outputs/profile_release_candidate_v0.1/profiles/p32/profiles.jsonl,PASS
PRC_5A13C5055A54AF794EDD0898,ENSEMBL_SHA256_PREFIX_2_V0.1,p32,PROVENANCE_LINKS,outputs/profile_release_candidate_v0.1/provenance/p32/profile_provenance_links.csv,ART_F4807617C9416F611B3B024D,PROFILE_PROVENANCE_LINK_SCHEMA_V0.1,114,3990,2448905,bcf5176cedc40b68c15a688e783a87f30db26a7effa166a0548959af149361df,FULL_PROFILE_MATERIALIZER_V0.1,PENDING_EXTERNALIZATION,LOCAL_RELEASE_CANDIDATE_ONLY::outputs/profile_release_candidate_v0.1/provenance/p32/profile_provenance_links.csv,PASS
PRC_5A13C5055A54AF794EDD0898,ENSEMBL_SHA256_PREFIX_2_V0.1,p33,PROFILE_PAYLOAD,outputs/profile_release_candidate_v0.1/profiles/p33/profiles.jsonl,ART_561409EEA775559C0E8ED3FB,TARGET_EVIDENCE_PROFILE_FULL_SCHEMA_V0.1,119,0,2264019,377ec3899dd15fa80de8706b2a1aff91ce975da775e2d79b977ae39b130f28df,FULL_PROFILE_MATERIALIZER_V0.1,PENDING_EXTERNALIZATION,LOCAL_RELEASE_CANDIDATE_ONLY::outputs/profile_release_candidate_v0.1/profiles/p33/profiles.jsonl,PASS
PRC_5A13C5055A54AF794EDD0898,ENSEMBL_SHA256_PREFIX_2_V0.1,p33,PROVENANCE_LINKS,outputs/profile_release_candidate_v0.1/provenance/p33/profile_provenance_links.csv,ART_DA83713D5615776E666230C5,PROFILE_PROVENANCE_LINK_SCHEMA_V0.1,119,4165,2555665,648cd1aac0cb32be046d509d796c786b4e1b6999964fc8cb75aecdb34dbbefa5,FULL_PROFILE_MATERIALIZER_V0.1,PENDING_EXTERNALIZATION,LOCAL_RELEASE_CANDIDATE_ONLY::outputs/profile_release_candidate_v0.1/provenance/p33/profile_provenance_links.csv,PASS
PRC_5A13C5055A54AF794EDD0898,ENSEMBL_SHA256_PREFIX_2_V0.1,p34,PROFILE_PAYLOAD,outputs/profile_release_candidate_v0.1/profiles/p34/profiles.jsonl,ART_14308FD494E69822F4196356,TARGET_EVIDENCE_PROFILE_FULL_SCHEMA_V0.1,112,0,2130762,b78c9961f333d105f5dca6ffa2944d2b54d57e5205c25d00fce8b521eea3cbb5,FULL_PROFILE_MATERIALIZER_V0.1,PENDING_EXTERNALIZATION,LOCAL_RELEASE_CANDIDATE_ONLY::outputs/profile_release_candidate_v0.1/profiles/p34/profiles.jsonl,PASS
PRC_5A13C5055A54AF794EDD0898,ENSEMBL_SHA256_PREFIX_2_V0.1,p34,PROVENANCE_LINKS,outputs/profile_release_candidate_v0.1/provenance/p34/profile_provenance_links.csv,ART_46C3ED705E941B56DA5D4547,PROFILE_PROVENANCE_LINK_SCHEMA_V0.1,112,3920,2403541,e6655b9c0b6886e740ed5f5f146828e117b36cdc44fa1f2416c331e9f2f2c70e,FULL_PROFILE_MATERIALIZER_V0.1,PENDING_EXTERNALIZATION,LOCAL_RELEASE_CANDIDATE_ONLY::outputs/profile_release_candidate_v0.1/provenance/p34/profile_provenance_links.csv,PASS
PRC_5A13C5055A54AF794EDD0898,ENSEMBL_SHA256_PREFIX_2_V0.1,p35,PROFILE_PAYLOAD,outputs/profile_release_candidate_v0.1/profiles/p35/profiles.jsonl,ART_EBEE11B8B6FED6EACF680697,TARGET_EVIDENCE_PROFILE_FULL_SCHEMA_V0.1,130,0,2473185,ee74d03e33dc2d476d6b3566ac1665f50418a555fec792f49e01d85671f136c8,FULL_PROFILE_MATERIALIZER_V0.1,PENDING_EXTERNALIZATION,LOCAL_RELEASE_CANDIDATE_ONLY::outputs/profile_release_candidate_v0.1/profiles/p35/profiles.jsonl,PASS
PRC_5A13C5055A54AF794EDD0898,ENSEMBL_SHA256_PREFIX_2_V0.1,p35,PROVENANCE_LINKS,outputs/profile_release_candidate_v0.1/provenance/p35/profile_provenance_links.csv,ART_BFFCF970C63AC511550C5160,PROFILE_PROVENANCE_LINK_SCHEMA_V0.1,130,4550,2790852,c5f5fcb742fa2b3ce5d7a5fda3bf105c102600508ebe441c0c658c9ae66bda94,FULL_PROFILE_MATERIALIZER_V0.1,PENDING_EXTERNALIZATION,LOCAL_RELEASE_CANDIDATE_ONLY::outputs/profile_release_candidate_v0.1/provenance/p35/profile_provenance_links.csv,PASS
PRC_5A13C5055A54AF794EDD0898,ENSEMBL_SHA256_PREFIX_2_V0.1,p36,PROFILE_PAYLOAD,outputs/profile_release_candidate_v0.1/profiles/p36/profiles.jsonl,ART_2ED665CCAE055BAA11D56C32,TARGET_EVIDENCE_PROFILE_FULL_SCHEMA_V0.1,117,0,2225929,26ab5867d9d04f941cb178050c4f168fa9b38fe2f65ef5bfbe3c55875245b08d,FULL_PROFILE_MATERIALIZER_V0.1,PENDING_EXTERNALIZATION,LOCAL_RELEASE_CANDIDATE_ONLY::outputs/profile_release_candidate_v0.1/profiles/p36/profiles.jsonl,PASS
PRC_5A13C5055A54AF794EDD0898,ENSEMBL_SHA256_PREFIX_2_V0.1,p36,PROVENANCE_LINKS,outputs/profile_release_candidate_v0.1/provenance/p36/profile_provenance_links.csv,ART_403B5DFF65D6C5AD21495E17,PROFILE_PROVENANCE_LINK_SCHEMA_V0.1,117,4095,2512611,3c0225b8d25a26453e48b08c11a07c84933e3252ef01d44f091045d769dbceee,FULL_PROFILE_MATERIALIZER_V0.1,PENDING_EXTERNALIZATION,LOCAL_RELEASE_CANDIDATE_ONLY::outputs/profile_release_candidate_v0.1/provenance/p36/profile_provenance_links.csv,PASS
PRC_5A13C5055A54AF794EDD0898,ENSEMBL_SHA256_PREFIX_2_V0.1,p37,PROFILE_PAYLOAD,outputs/profile_release_candidate_v0.1/profiles/p37/profiles.jsonl,ART_D20BF7B93F019550F1C9CF5A,TARGET_EVIDENCE_PROFILE_FULL_SCHEMA_V0.1,132,0,2511279,8b9ef8e590302f9ac6bd32b26f28c719ef1f77fd606dd8d9b5834bd54e2c564d,FULL_PROFILE_MATERIALIZER_V0.1,PENDING_EXTERNALIZATION,LOCAL_RELEASE_CANDIDATE_ONLY::outputs/profile_release_candidate_v0.1/profiles/p37/profiles.jsonl,PASS
PRC_5A13C5055A54AF794EDD0898,ENSEMBL_SHA256_PREFIX_2_V0.1,p37,PROVENANCE_LINKS,outputs/profile_release_candidate_v0.1/provenance/p37/profile_provenance_links.csv,ART_CE164273059FA6FF38823DBE,PROFILE_PROVENANCE_LINK_SCHEMA_V0.1,132,4620,2833626,60d61d97999776a0cdfc93c831c908f7c1bc98bb50fec73d9b596a27e9b65405,FULL_PROFILE_MATERIALIZER_V0.1,PENDING_EXTERNALIZATION,LOCAL_RELEASE_CANDIDATE_ONLY::outputs/profile_release_candidate_v0.1/provenance/p37/profile_provenance_links.csv,PASS
PRC_5A13C5055A54AF794EDD0898,ENSEMBL_SHA256_PREFIX_2_V0.1,p38,PROFILE_PAYLOAD,outputs/profile_release_candidate_v0.1/profiles/p38/profiles.jsonl,ART_423C550EB8E7246EA3C70254,TARGET_EVIDENCE_PROFILE_FULL_SCHEMA_V0.1,117,0,2225929,7a7407fce89e7c173f3f188db51975b096d4537d5d489030bcfdd42c163991a3,FULL_PROFILE_MATERIALIZER_V0.1,PENDING_EXTERNALIZATION,LOCAL_RELEASE_CANDIDATE_ONLY::outputs/profile_release_candidate_v0.1/profiles/p38/profiles.jsonl,PASS
PRC_5A13C5055A54AF794EDD0898,ENSEMBL_SHA256_PREFIX_2_V0.1,p38,PROVENANCE_LINKS,outputs/profile_release_candidate_v0.1/provenance/p38/profile_provenance_links.csv,ART_B38042E644182690ED312AAC,PROFILE_PROVENANCE_LINK_SCHEMA_V0.1,117,4095,2512541,d1ed960054e1ad4cd7be40ed6fe876fbd594cbf146de0c78789736efe67ecc1e,FULL_PROFILE_MATERIALIZER_V0.1,PENDING_EXTERNALIZATION,LOCAL_RELEASE_CANDIDATE_ONLY::outputs/profile_release_candidate_v0.1/provenance/p38/profile_provenance_links.csv,PASS
PRC_5A13C5055A54AF794EDD0898,ENSEMBL_SHA256_PREFIX_2_V0.1,p39,PROFILE_PAYLOAD,outputs/profile_release_candidate_v0.1/profiles/p39/profiles.jsonl,ART_3A277EADCDDDF502E5365A35,TARGET_EVIDENCE_PROFILE_FULL_SCHEMA_V0.1,109,0,2073781,c41c3c48c9520bc6af9dc41e467c94e6a13ca2aa1e5cf657faafa7d84656cd58,FULL_PROFILE_MATERIALIZER_V0.1,PENDING_EXTERNALIZATION,LOCAL_RELEASE_CANDIDATE_ONLY::outputs/profile_release_candidate_v0.1/profiles/p39/profiles.jsonl,PASS
PRC_5A13C5055A54AF794EDD0898,ENSEMBL_SHA256_PREFIX_2_V0.1,p39,PROVENANCE_LINKS,outputs/profile_release_candidate_v0.1/provenance/p39/profile_provenance_links.csv,ART_00DB3A11BA57EF5C1CE3D9AD,PROFILE_PROVENANCE_LINK_SCHEMA_V0.1,109,3815,2340850,7f174e52fe27ced42ae4bf8a2b7db11b7d95bcad545bc655d3aa2b6f0a27a46c,FULL_PROFILE_MATERIALIZER_V0.1,PENDING_EXTERNALIZATION,LOCAL_RELEASE_CANDIDATE_ONLY::outputs/profile_release_candidate_v0.1/provenance/p39/profile_provenance_links.csv,PASS
PRC_5A13C5055A54AF794EDD0898,ENSEMBL_SHA256_PREFIX_2_V0.1,p3a,PROFILE_PAYLOAD,outputs/profile_release_candidate_v0.1/profiles/p3a/profiles.jsonl,ART_FE42660FFD13C7A815792D2B,TARGET_EVIDENCE_PROFILE_FULL_SCHEMA_V0.1,125,0,2378201,2d59b6aa05334817b514c9222e082a2d700bfe359fba5442fc77b43bbe0912c5,FULL_PROFILE_MATERIALIZER_V0.1,PENDING_EXTERNALIZATION,LOCAL_RELEASE_CANDIDATE_ONLY::outputs/profile_release_candidate_v0.1/profiles/p3a/profiles.jsonl,PASS
PRC_5A13C5055A54AF794EDD0898,ENSEMBL_SHA256_PREFIX_2_V0.1,p3a,PROVENANCE_LINKS,outputs/profile_release_candidate_v0.1/provenance/p3a/profile_provenance_links.csv,ART_9B5A2851AAA8624E32CD6219,PROFILE_PROVENANCE_LINK_SCHEMA_V0.1,125,4375,2685037,23777050bfc2767477fe53b76c9bf827217bde1bceee3270b38b9d08d5e7f273,FULL_PROFILE_MATERIALIZER_V0.1,PENDING_EXTERNALIZATION,LOCAL_RELEASE_CANDIDATE_ONLY::outputs/profile_release_candidate_v0.1/provenance/p3a/profile_provenance_links.csv,PASS
PRC_5A13C5055A54AF794EDD0898,ENSEMBL_SHA256_PREFIX_2_V0.1,p3b,PROFILE_PAYLOAD,outputs/profile_release_candidate_v0.1/profiles/p3b/profiles.jsonl,ART_D55585D8EED572DE79F289CA,TARGET_EVIDENCE_PROFILE_FULL_SCHEMA_V0.1,111,0,2111805,364f25d0ef869013522c132bd278f60d2f2561d526c269ed87800cd805213228,FULL_PROFILE_MATERIALIZER_V0.1,PENDING_EXTERNALIZATION,LOCAL_RELEASE_CANDIDATE_ONLY::outputs/profile_release_candidate_v0.1/profiles/p3b/profiles.jsonl,PASS
PRC_5A13C5055A54AF794EDD0898,ENSEMBL_SHA256_PREFIX_2_V0.1,p3b,PROVENANCE_LINKS,outputs/profile_release_candidate_v0.1/provenance/p3b/profile_provenance_links.csv,ART_85D529216A4A936BD26F3FBD,PROFILE_PROVENANCE_LINK_SCHEMA_V0.1,111,3885,2384079,22f96b82ab07d127fc9cf6401d4853a0f8fca6ce590f6e20936a58b5236f0567,FULL_PROFILE_MATERIALIZER_V0.1,PENDING_EXTERNALIZATION,LOCAL_RELEASE_CANDIDATE_ONLY::outputs/profile_release_candidate_v0.1/provenance/p3b/profile_provenance_links.csv,PASS
PRC_5A13C5055A54AF794EDD0898,ENSEMBL_SHA256_PREFIX_2_V0.1,p3c,PROFILE_PAYLOAD,outputs/profile_release_candidate_v0.1/profiles/p3c/profiles.jsonl,ART_1D6808D8638BC4FDEFE1F4C5,TARGET_EVIDENCE_PROFILE_FULL_SCHEMA_V0.1,97,0,1845374,311a730246c3df4160bb51a5607ca55d7f84882e1872dcf8cd5d6b808eada902,FULL_PROFILE_MATERIALIZER_V0.1,PENDING_EXTERNALIZATION,LOCAL_RELEASE_CANDIDATE_ONLY::outputs/profile_release_candidate_v0.1/profiles/p3c/profiles.jsonl,PASS
PRC_5A13C5055A54AF794EDD0898,ENSEMBL_SHA256_PREFIX_2_V0.1,p3c,PROVENANCE_LINKS,outputs/profile_release_candidate_v0.1/provenance/p3c/profile_provenance_links.csv,ART_890F49A2D341D381E0B73A0D,PROFILE_PROVENANCE_LINK_SCHEMA_V0.1,97,3395,2082141,c5f8e7b2fc0262b3c14e0ed615352659ad1519dbab62716a7137a463aa07152f,FULL_PROFILE_MATERIALIZER_V0.1,PENDING_EXTERNALIZATION,LOCAL_RELEASE_CANDIDATE_ONLY::outputs/profile_release_candidate_v0.1/provenance/p3c/profile_provenance_links.csv,PASS
PRC_5A13C5055A54AF794EDD0898,ENSEMBL_SHA256_PREFIX_2_V0.1,p3d,PROFILE_PAYLOAD,outputs/profile_release_candidate_v0.1/profiles/p3d/profiles.jsonl,ART_805035501BED1E387D1923F2,TARGET_EVIDENCE_PROFILE_FULL_SCHEMA_V0.1,133,0,2530387,8782d576dfd1d90808c57de2999f9ef9e3898cf21b9fd7eb815633b63f81091d,FULL_PROFILE_MATERIALIZER_V0.1,PENDING_EXTERNALIZATION,LOCAL_RELEASE_CANDIDATE_ONLY::outputs/profile_release_candidate_v0.1/profiles/p3d/profiles.jsonl,PASS
PRC_5A13C5055A54AF794EDD0898,ENSEMBL_SHA256_PREFIX_2_V0.1,p3d,PROVENANCE_LINKS,outputs/profile_release_candidate_v0.1/provenance/p3d/profile_provenance_links.csv,ART_5AEBDB38FE73DC36CCECFEED,PROFILE_PROVENANCE_LINK_SCHEMA_V0.1,133,4655,2855643,a82449b3660cc136caf6de9502620a6806c1edc71ccff081a0a3419fc3acfa60,FULL_PROFILE_MATERIALIZER_V0.1,PENDING_EXTERNALIZATION,LOCAL_RELEASE_CANDIDATE_ONLY::outputs/profile_release_candidate_v0.1/provenance/p3d/profile_provenance_links.csv,PASS
PRC_5A13C5055A54AF794EDD0898,ENSEMBL_SHA256_PREFIX_2_V0.1,p3e,PROFILE_PAYLOAD,outputs/profile_release_candidate_v0.1/profiles/p3e/profiles.jsonl,ART_15F85A284AADA350F011B180,TARGET_EVIDENCE_PROFILE_FULL_SCHEMA_V0.1,105,0,1997693,54228c0a7d21c0d3b2cea1e14b830ac561e0d4c2594e6f85b735408c0392f4f5,FULL_PROFILE_MATERIALIZER_V0.1,PENDING_EXTERNALIZATION,LOCAL_RELEASE_CANDIDATE_ONLY::outputs/profile_release_candidate_v0.1/profiles/p3e/profiles.jsonl,PASS
PRC_5A13C5055A54AF794EDD0898,ENSEMBL_SHA256_PREFIX_2_V0.1,p3e,PROVENANCE_LINKS,outputs/profile_release_candidate_v0.1/provenance/p3e/profile_provenance_links.csv,ART_47C99C08BE8B459CB7F15D02,PROFILE_PROVENANCE_LINK_SCHEMA_V0.1,105,3675,2253867,aeb91a39c4bbbb7e7f16cf6352aa14646eda67f5f29403b0c633c2409bc7878c,FULL_PROFILE_MATERIALIZER_V0.1,PENDING_EXTERNALIZATION,LOCAL_RELEASE_CANDIDATE_ONLY::outputs/profile_release_candidate_v0.1/provenance/p3e/profile_provenance_links.csv,PASS
PRC_5A13C5055A54AF794EDD0898,ENSEMBL_SHA256_PREFIX_2_V0.1,p3f,PROFILE_PAYLOAD,outputs/profile_release_candidate_v0.1/profiles/p3f/profiles.jsonl,ART_95380B8CC8487FA9A9B7E090,TARGET_EVIDENCE_PROFILE_FULL_SCHEMA_V0.1,118,0,2244969,4f0aebb67ebbd23d7bdf8eba76b5c5a3c463117faaae695d576194760df716c7,FULL_PROFILE_MATERIALIZER_V0.1,PENDING_EXTERNALIZATION,LOCAL_RELEASE_CANDIDATE_ONLY::outputs/profile_release_candidate_v0.1/profiles/p3f/profiles.jsonl,PASS
PRC_5A13C5055A54AF794EDD0898,ENSEMBL_SHA256_PREFIX_2_V0.1,p3f,PROVENANCE_LINKS,outputs/profile_release_candidate_v0.1/provenance/p3f/profile_provenance_links.csv,ART_C2FBC90EE1F07251A9F7245D,PROFILE_PROVENANCE_LINK_SCHEMA_V0.1,118,4130,2533508,3ec697ec73c3a3c8df7e4848733a734d0894f8ad018eec45d51ea4e08bea1dd2,FULL_PROFILE_MATERIALIZER_V0.1,PENDING_EXTERNALIZATION,LOCAL_RELEASE_CANDIDATE_ONLY::outputs/profile_release_candidate_v0.1/provenance/p3f/profile_provenance_links.csv,PASS
PRC_5A13C5055A54AF794EDD0898,ENSEMBL_SHA256_PREFIX_2_V0.1,p40,PROFILE_PAYLOAD,outputs/profile_release_candidate_v0.1/profiles/p40/profiles.jsonl,ART_253BF8B24BA4EE0D73A31445,TARGET_EVIDENCE_PROFILE_FULL_SCHEMA_V0.1,121,0,2302158,2731ba234bc227c77e833f0e72146ca7bf3c74650808456005382736a4621855,FULL_PROFILE_MATERIALIZER_V0.1,PENDING_EXTERNALIZATION,LOCAL_RELEASE_CANDIDATE_ONLY::outputs/profile_release_candidate_v0.1/profiles/p40/profiles.jsonl,PASS
PRC_5A13C5055A54AF794EDD0898,ENSEMBL_SHA256_PREFIX_2_V0.1,p40,PROVENANCE_LINKS,outputs/profile_release_candidate_v0.1/provenance/p40/profile_provenance_links.csv,ART_D490D6B0AC413BFCA03BA7FD,PROFILE_PROVENANCE_LINK_SCHEMA_V0.1,121,4235,2599244,1152f2464f12c1cc4ff4884267d949123052a96cd8a3209849bc1193cefc2827,FULL_PROFILE_MATERIALIZER_V0.1,PENDING_EXTERNALIZATION,LOCAL_RELEASE_CANDIDATE_ONLY::outputs/profile_release_candidate_v0.1/provenance/p40/profile_provenance_links.csv,PASS
PRC_5A13C5055A54AF794EDD0898,ENSEMBL_SHA256_PREFIX_2_V0.1,p41,PROFILE_PAYLOAD,outputs/profile_release_candidate_v0.1/profiles/p41/profiles.jsonl,ART_32994F994D8DA2AB0F2FDB85,TARGET_EVIDENCE_PROFILE_FULL_SCHEMA_V0.1,109,0,2073760,8a020eb5d1a0b0e693100aa59bd8cb476fe8f047b6f370b31811cc2bcd38b993,FULL_PROFILE_MATERIALIZER_V0.1,PENDING_EXTERNALIZATION,LOCAL_RELEASE_CANDIDATE_ONLY::outputs/profile_release_candidate_v0.1/profiles/p41/profiles.jsonl,PASS
PRC_5A13C5055A54AF794EDD0898,ENSEMBL_SHA256_PREFIX_2_V0.1,p41,PROVENANCE_LINKS,outputs/profile_release_candidate_v0.1/provenance/p41/profile_provenance_links.csv,ART_1CAE7B57E12E555A13AF6DDD,PROFILE_PROVENANCE_LINK_SCHEMA_V0.1,109,3815,2340220,1ee97856caefecff907d39794aa14fbc7a3dce64e7202f3957e849fb75128ac8,FULL_PROFILE_MATERIALIZER_V0.1,PENDING_EXTERNALIZATION,LOCAL_RELEASE_CANDIDATE_ONLY::outputs/profile_release_candidate_v0.1/provenance/p41/profile_provenance_links.csv,PASS
PRC_5A13C5055A54AF794EDD0898,ENSEMBL_SHA256_PREFIX_2_V0.1,p42,PROFILE_PAYLOAD,outputs/profile_release_candidate_v0.1/profiles/p42/profiles.jsonl,ART_FBCEB184C22CB4D81A6746A4,TARGET_EVIDENCE_PROFILE_FULL_SCHEMA_V0.1,99,0,1883444,eccc5602264f06a5c920601238f177ad2690f28a41f54220e94993c1462e5a6a,FULL_PROFILE_MATERIALIZER_V0.1,PENDING_EXTERNALIZATION,LOCAL_RELEASE_CANDIDATE_ONLY::outputs/profile_release_candidate_v0.1/profiles/p42/profiles.jsonl,PASS
PRC_5A13C5055A54AF794EDD0898,ENSEMBL_SHA256_PREFIX_2_V0.1,p42,PROVENANCE_LINKS,outputs/profile_release_candidate_v0.1/provenance/p42/profile_provenance_links.csv,ART_8A7E57F280EB06762E632283,PROFILE_PROVENANCE_LINK_SCHEMA_V0.1,99,3465,2125615,cbc1f7df47a4d449ef108dd6dfd8d1da3a65480e07a60efce5e5dad8a71ea9f6,FULL_PROFILE_MATERIALIZER_V0.1,PENDING_EXTERNALIZATION,LOCAL_RELEASE_CANDIDATE_ONLY::outputs/profile_release_candidate_v0.1/provenance/p42/profile_provenance_links.csv,PASS
PRC_5A13C5055A54AF794EDD0898,ENSEMBL_SHA256_PREFIX_2_V0.1,p43,PROFILE_PAYLOAD,outputs/profile_release_candidate_v0.1/profiles/p43/profiles.jsonl,ART_387043BBD1C4653FC598EA7B,TARGET_EVIDENCE_PROFILE_FULL_SCHEMA_V0.1,138,0,2625497,d9d1e06c707bb102e7b52decbbce35b79bdfbc22a53e23eb9ec19d52334e8263,FULL_PROFILE_MATERIALIZER_V0.1,PENDING_EXTERNALIZATION,LOCAL_RELEASE_CANDIDATE_ONLY::outputs/profile_release_candidate_v0.1/profiles/p43/profiles.jsonl,PASS
PRC_5A13C5055A54AF794EDD0898,ENSEMBL_SHA256_PREFIX_2_V0.1,p43,PROVENANCE_LINKS,outputs/profile_release_candidate_v0.1/provenance/p43/profile_provenance_links.csv,ART_3C3CF96415238A6BA93E5174,PROFILE_PROVENANCE_LINK_SCHEMA_V0.1,138,4830,2963348,4a9af064a1644100bdc559c550a36a7e35a8edf7f4476ab43019311242786d54,FULL_PROFILE_MATERIALIZER_V0.1,PENDING_EXTERNALIZATION,LOCAL_RELEASE_CANDIDATE_ONLY::outputs/profile_release_candidate_v0.1/provenance/p43/profile_provenance_links.csv,PASS
PRC_5A13C5055A54AF794EDD0898,ENSEMBL_SHA256_PREFIX_2_V0.1,p44,PROFILE_PAYLOAD,outputs/profile_release_candidate_v0.1/profiles/p44/profiles.jsonl,ART_88379626E6A810039EE4A349,TARGET_EVIDENCE_PROFILE_FULL_SCHEMA_V0.1,109,0,2073733,b6b30d9b4dbaabf08362678a6c48f685f9d3fc278b00dd4d060a566822c7b748,FULL_PROFILE_MATERIALIZER_V0.1,PENDING_EXTERNALIZATION,LOCAL_RELEASE_CANDIDATE_ONLY::outputs/profile_release_candidate_v0.1/profiles/p44/profiles.jsonl,PASS
PRC_5A13C5055A54AF794EDD0898,ENSEMBL_SHA256_PREFIX_2_V0.1,p44,PROVENANCE_LINKS,outputs/profile_release_candidate_v0.1/provenance/p44/profile_provenance_links.csv,ART_AA0FD47C03A376B4FD0A99D9,PROFILE_PROVENANCE_LINK_SCHEMA_V0.1,109,3815,2340815,db18a6ec9896f50cbbde50d35c02aaca43803d27bcd43ac27efc8a3cb7274c35,FULL_PROFILE_MATERIALIZER_V0.1,PENDING_EXTERNALIZATION,LOCAL_RELEASE_CANDIDATE_ONLY::outputs/profile_release_candidate_v0.1/provenance/p44/profile_provenance_links.csv,PASS
PRC_5A13C5055A54AF794EDD0898,ENSEMBL_SHA256_PREFIX_2_V0.1,p45,PROFILE_PAYLOAD,outputs/profile_release_candidate_v0.1/profiles/p45/profiles.jsonl,ART_C40F65B119B66E15364DD599,TARGET_EVIDENCE_PROFILE_FULL_SCHEMA_V0.1,102,0,1940550,c1da8c873cd63db71da3d35d4a61441cc88f1b98199634675bebba755168a390,FULL_PROFILE_MATERIALIZER_V0.1,PENDING_EXTERNALIZATION,LOCAL_RELEASE_CANDIDATE_ONLY::outputs/profile_release_candidate_v0.1/profiles/p45/profiles.jsonl,PASS
PRC_5A13C5055A54AF794EDD0898,ENSEMBL_SHA256_PREFIX_2_V0.1,p45,PROVENANCE_LINKS,outputs/profile_release_candidate_v0.1/provenance/p45/profile_provenance_links.csv,ART_0BBCF3F1795D40BC5645E7EC,PROFILE_PROVENANCE_LINK_SCHEMA_V0.1,102,3570,2189741,e84f8485cfe941a3edd9497332956ee7ddda1242b51228a9080d20e57eac6657,FULL_PROFILE_MATERIALIZER_V0.1,PENDING_EXTERNALIZATION,LOCAL_RELEASE_CANDIDATE_ONLY::outputs/profile_release_candidate_v0.1/provenance/p45/profile_provenance_links.csv,PASS
PRC_5A13C5055A54AF794EDD0898,ENSEMBL_SHA256_PREFIX_2_V0.1,p46,PROFILE_PAYLOAD,outputs/profile_release_candidate_v0.1/profiles/p46/profiles.jsonl,ART_063AD722880061B34B5EC176,TARGET_EVIDENCE_PROFILE_FULL_SCHEMA_V0.1,108,0,2054767,c5af83610e231a7595ba17b02f07709d3502b5a6676e77e9191f6c0323bcf8be,FULL_PROFILE_MATERIALIZER_V0.1,PENDING_EXTERNALIZATION,LOCAL_RELEASE_CANDIDATE_ONLY::outputs/profile_release_candidate_v0.1/profiles/p46/profiles.jsonl,PASS
PRC_5A13C5055A54AF794EDD0898,ENSEMBL_SHA256_PREFIX_2_V0.1,p46,PROVENANCE_LINKS,outputs/profile_release_candidate_v0.1/provenance/p46/profile_provenance_links.csv,ART_2D73B1D3545B70CACE00F87D,PROFILE_PROVENANCE_LINK_SCHEMA_V0.1,108,3780,2319323,98738b4af71cb43dc3083aec98d1f93dcffa373c67fa81b2b8e7e44c85d2b949,FULL_PROFILE_MATERIALIZER_V0.1,PENDING_EXTERNALIZATION,LOCAL_RELEASE_CANDIDATE_ONLY::outputs/profile_release_candidate_v0.1/provenance/p46/profile_provenance_links.csv,PASS
PRC_5A13C5055A54AF794EDD0898,ENSEMBL_SHA256_PREFIX_2_V0.1,p47,PROFILE_PAYLOAD,outputs/profile_release_candidate_v0.1/profiles/p47/profiles.jsonl,ART_3203CE05585AAAA94BD4DF93,TARGET_EVIDENCE_PROFILE_FULL_SCHEMA_V0.1,118,0,2244954,af0fcaafe491751b50692270b8752d3e1a4747640e18e3794fae2c77fbdf79c5,FULL_PROFILE_MATERIALIZER_V0.1,PENDING_EXTERNALIZATION,LOCAL_RELEASE_CANDIDATE_ONLY::outputs/profile_release_candidate_v0.1/profiles/p47/profiles.jsonl,PASS
PRC_5A13C5055A54AF794EDD0898,ENSEMBL_SHA256_PREFIX_2_V0.1,p47,PROVENANCE_LINKS,outputs/profile_release_candidate_v0.1/provenance/p47/profile_provenance_links.csv,ART_5760020FDE971ED241C09AC7,PROFILE_PROVENANCE_LINK_SCHEMA_V0.1,118,4130,2533613,cdc7300c214b8c7163ea3517d7391432adbd9d98f1ece7909a316d2157741e35,FULL_PROFILE_MATERIALIZER_V0.1,PENDING_EXTERNALIZATION,LOCAL_RELEASE_CANDIDATE_ONLY::outputs/profile_release_candidate_v0.1/provenance/p47/profile_provenance_links.csv,PASS
PRC_5A13C5055A54AF794EDD0898,ENSEMBL_SHA256_PREFIX_2_V0.1,p48,PROFILE_PAYLOAD,outputs/profile_release_candidate_v0.1/profiles/p48/profiles.jsonl,ART_3D56E8FB6F4C2479859C67A7,TARGET_EVIDENCE_PROFILE_FULL_SCHEMA_V0.1,104,0,1978612,e106edb846efea2388bdccb59c8b7169635419933f9c1de26555916fbfad4520,FULL_PROFILE_MATERIALIZER_V0.1,PENDING_EXTERNALIZATION,LOCAL_RELEASE_CANDIDATE_ONLY::outputs/profile_release_candidate_v0.1/profiles/p48/profiles.jsonl,PASS
PRC_5A13C5055A54AF794EDD0898,ENSEMBL_SHA256_PREFIX_2_V0.1,p48,PROVENANCE_LINKS,outputs/profile_release_candidate_v0.1/provenance/p48/profile_provenance_links.csv,ART_D631CEA1D3C9C38DCD45B8D1,PROFILE_PROVENANCE_LINK_SCHEMA_V0.1,104,3640,2233425,dbe52afb3ada80b2717d79746b653779ae57109c23d86907bf1a125cd2343c28,FULL_PROFILE_MATERIALIZER_V0.1,PENDING_EXTERNALIZATION,LOCAL_RELEASE_CANDIDATE_ONLY::outputs/profile_release_candidate_v0.1/provenance/p48/profile_provenance_links.csv,PASS
PRC_5A13C5055A54AF794EDD0898,ENSEMBL_SHA256_PREFIX_2_V0.1,p49,PROFILE_PAYLOAD,outputs/profile_release_candidate_v0.1/profiles/p49/profiles.jsonl,ART_9A128C3B1B5DF11FCFB93187,TARGET_EVIDENCE_PROFILE_FULL_SCHEMA_V0.1,116,0,2206913,08dbd9fe6d495d5705473af208fb82362be4cd412fc9d781304420a5f14ffd7c,FULL_PROFILE_MATERIALIZER_V0.1,PENDING_EXTERNALIZATION,LOCAL_RELEASE_CANDIDATE_ONLY::outputs/profile_release_candidate_v0.1/profiles/p49/profiles.jsonl,PASS
PRC_5A13C5055A54AF794EDD0898,ENSEMBL_SHA256_PREFIX_2_V0.1,p49,PROVENANCE_LINKS,outputs/profile_release_candidate_v0.1/provenance/p49/profile_provenance_links.csv,ART_588E3016910C760F65F2F90E,PROFILE_PROVENANCE_LINK_SCHEMA_V0.1,116,4060,2490804,e1b1e262cd17cf5c9218950377bbd2034016bd0115f4dbd9a2457545056ab2e0,FULL_PROFILE_MATERIALIZER_V0.1,PENDING_EXTERNALIZATION,LOCAL_RELEASE_CANDIDATE_ONLY::outputs/profile_release_candidate_v0.1/provenance/p49/profile_provenance_links.csv,PASS
PRC_5A13C5055A54AF794EDD0898,ENSEMBL_SHA256_PREFIX_2_V0.1,p4a,PROFILE_PAYLOAD,outputs/profile_release_candidate_v0.1/profiles/p4a/profiles.jsonl,ART_ED6DC91804D57D7D05883925,TARGET_EVIDENCE_PROFILE_FULL_SCHEMA_V0.1,116,0,2206863,549acad493638d901f3faa0bfbc9d285ba100621655eb9590b6b00febdc8e936,FULL_PROFILE_MATERIALIZER_V0.1,PENDING_EXTERNALIZATION,LOCAL_RELEASE_CANDIDATE_ONLY::outputs/profile_release_candidate_v0.1/profiles/p4a/profiles.jsonl,PASS
PRC_5A13C5055A54AF794EDD0898,ENSEMBL_SHA256_PREFIX_2_V0.1,p4a,PROVENANCE_LINKS,outputs/profile_release_candidate_v0.1/provenance/p4a/profile_provenance_links.csv,ART_80E0EC672F5CA9BAFDF59A19,PROFILE_PROVENANCE_LINK_SCHEMA_V0.1,116,4060,2490699,258edeb1e4bfa86127aac9224d79036c694f8b3f30cf22334cf0ce5ee8be5205,FULL_PROFILE_MATERIALIZER_V0.1,PENDING_EXTERNALIZATION,LOCAL_RELEASE_CANDIDATE_ONLY::outputs/profile_release_candidate_v0.1/provenance/p4a/profile_provenance_links.csv,PASS
PRC_5A13C5055A54AF794EDD0898,ENSEMBL_SHA256_PREFIX_2_V0.1,p4b,PROFILE_PAYLOAD,outputs/profile_release_candidate_v0.1/profiles/p4b/profiles.jsonl,ART_115E258FB6FF9FEE20A84EC6,TARGET_EVIDENCE_PROFILE_FULL_SCHEMA_V0.1,122,0,2321074,3066133f69067cd35b56f28a220b7112c2b3da8625e5ce160b993b529ec3aea4,FULL_PROFILE_MATERIALIZER_V0.1,PENDING_EXTERNALIZATION,LOCAL_RELEASE_CANDIDATE_ONLY::outputs/profile_release_candidate_v0.1/profiles/p4b/profiles.jsonl,PASS
PRC_5A13C5055A54AF794EDD0898,ENSEMBL_SHA256_PREFIX_2_V0.1,p4b,PROVENANCE_LINKS,outputs/profile_release_candidate_v0.1/provenance/p4b/profile_provenance_links.csv,ART_F8CD2A9A014D8D5A9809E3F3,PROFILE_PROVENANCE_LINK_SCHEMA_V0.1,122,4270,2619301,266bea242a8cc1ef07aae2cdc2736f9037b2709143f4a2d7f8dbf6c9e5a07f01,FULL_PROFILE_MATERIALIZER_V0.1,PENDING_EXTERNALIZATION,LOCAL_RELEASE_CANDIDATE_ONLY::outputs/profile_release_candidate_v0.1/provenance/p4b/profile_provenance_links.csv,PASS
PRC_5A13C5055A54AF794EDD0898,ENSEMBL_SHA256_PREFIX_2_V0.1,p4c,PROFILE_PAYLOAD,outputs/profile_release_candidate_v0.1/profiles/p4c/profiles.jsonl,ART_9EADC53672E1F0E015553400,TARGET_EVIDENCE_PROFILE_FULL_SCHEMA_V0.1,137,0,2606391,481b0a95b4e57a3d7a18255c016270d23b46b67424249ea4814e11f6c5243730,FULL_PROFILE_MATERIALIZER_V0.1,PENDING_EXTERNALIZATION,LOCAL_RELEASE_CANDIDATE_ONLY::outputs/profile_release_candidate_v0.1/profiles/p4c/profiles.jsonl,PASS
PRC_5A13C5055A54AF794EDD0898,ENSEMBL_SHA256_PREFIX_2_V0.1,p4c,PROVENANCE_LINKS,outputs/profile_release_candidate_v0.1/provenance/p4c/profile_provenance_links.csv,ART_273BAF64665A089221457016,PROFILE_PROVENANCE_LINK_SCHEMA_V0.1,137,4795,2941226,2835d8eaaec9c5e761ff743bb1efb47b8ccfcc90303a51c896f375d25949b50c,FULL_PROFILE_MATERIALIZER_V0.1,PENDING_EXTERNALIZATION,LOCAL_RELEASE_CANDIDATE_ONLY::outputs/profile_release_candidate_v0.1/provenance/p4c/profile_provenance_links.csv,PASS
PRC_5A13C5055A54AF794EDD0898,ENSEMBL_SHA256_PREFIX_2_V0.1,p4d,PROFILE_PAYLOAD,outputs/profile_release_candidate_v0.1/profiles/p4d/profiles.jsonl,ART_F24C0E614C915F9BD63F4EB8,TARGET_EVIDENCE_PROFILE_FULL_SCHEMA_V0.1,112,0,2130795,dc9d6c7c8a8c2f9574d8723e3d485ac85a2e08b71ee92d628f0e31b0a02ff099,FULL_PROFILE_MATERIALIZER_V0.1,PENDING_EXTERNALIZATION,LOCAL_RELEASE_CANDIDATE_ONLY::outputs/profile_release_candidate_v0.1/profiles/p4d/profiles.jsonl,PASS
PRC_5A13C5055A54AF794EDD0898,ENSEMBL_SHA256_PREFIX_2_V0.1,p4d,PROVENANCE_LINKS,outputs/profile_release_candidate_v0.1/provenance/p4d/profile_provenance_links.csv,ART_23C258B89235291D9AD9BAF3,PROFILE_PROVENANCE_LINK_SCHEMA_V0.1,112,3920,2404696,3f6aadece308bb308ea7415bd1f708622d6a2c49a49b1ec38df4f92630f72dc1,FULL_PROFILE_MATERIALIZER_V0.1,PENDING_EXTERNALIZATION,LOCAL_RELEASE_CANDIDATE_ONLY::outputs/profile_release_candidate_v0.1/provenance/p4d/profile_provenance_links.csv,PASS
PRC_5A13C5055A54AF794EDD0898,ENSEMBL_SHA256_PREFIX_2_V0.1,p4e,PROFILE_PAYLOAD,outputs/profile_release_candidate_v0.1/profiles/p4e/profiles.jsonl,ART_39BE97FEEAF94B3158102783,TARGET_EVIDENCE_PROFILE_FULL_SCHEMA_V0.1,105,0,1997608,832b69733cda79094c801e48b43ddf41ddfe99846a488f1a9105bb585bd4d32d,FULL_PROFILE_MATERIALIZER_V0.1,PENDING_EXTERNALIZATION,LOCAL_RELEASE_CANDIDATE_ONLY::outputs/profile_release_candidate_v0.1/profiles/p4e/profiles.jsonl,PASS
PRC_5A13C5055A54AF794EDD0898,ENSEMBL_SHA256_PREFIX_2_V0.1,p4e,PROVENANCE_LINKS,outputs/profile_release_candidate_v0.1/provenance/p4e/profile_provenance_links.csv,ART_91290BE5075468B960B601FB,PROFILE_PROVENANCE_LINK_SCHEMA_V0.1,105,3675,2254847,54978cde0919862b0ab4c0d792a5268540b4c02fbe6567cbc8babf881ba227c3,FULL_PROFILE_MATERIALIZER_V0.1,PENDING_EXTERNALIZATION,LOCAL_RELEASE_CANDIDATE_ONLY::outputs/profile_release_candidate_v0.1/provenance/p4e/profile_provenance_links.csv,PASS
PRC_5A13C5055A54AF794EDD0898,ENSEMBL_SHA256_PREFIX_2_V0.1,p4f,PROFILE_PAYLOAD,outputs/profile_release_candidate_v0.1/profiles/p4f/profiles.jsonl,ART_6C36E6531C6341C3796DD706,TARGET_EVIDENCE_PROFILE_FULL_SCHEMA_V0.1,105,0,1997560,a909ec7340d7396eaac37552ecc2f29d81c9d5825cb6effd44f4614ce25fe6be,FULL_PROFILE_MATERIALIZER_V0.1,PENDING_EXTERNALIZATION,LOCAL_RELEASE_CANDIDATE_ONLY::outputs/profile_release_candidate_v0.1/profiles/p4f/profiles.jsonl,PASS
PRC_5A13C5055A54AF794EDD0898,ENSEMBL_SHA256_PREFIX_2_V0.1,p4f,PROVENANCE_LINKS,outputs/profile_release_candidate_v0.1/provenance/p4f/profile_provenance_links.csv,ART_FC4F901534D41EBF3B0FA8BA,PROFILE_PROVENANCE_LINK_SCHEMA_V0.1,105,3675,2253972,2f42a8a7890abee77f275b3810021b5301bb1171c2a4a6c62d9ebcf2e7abbe80,FULL_PROFILE_MATERIALIZER_V0.1,PENDING_EXTERNALIZATION,LOCAL_RELEASE_CANDIDATE_ONLY::outputs/profile_release_candidate_v0.1/provenance/p4f/profile_provenance_links.csv,PASS
PRC_5A13C5055A54AF794EDD0898,ENSEMBL_SHA256_PREFIX_2_V0.1,p50,PROFILE_PAYLOAD,outputs/profile_release_candidate_v0.1/profiles/p50/profiles.jsonl,ART_5E392D1593B92B26FE130BDF,TARGET_EVIDENCE_PROFILE_FULL_SCHEMA_V0.1,106,0,2016713,0c4c58b72859e6a4f80b646bde1c321b3475bed3f4172e5ac10c1173bad7536e,FULL_PROFILE_MATERIALIZER_V0.1,PENDING_EXTERNALIZATION,LOCAL_RELEASE_CANDIDATE_ONLY::outputs/profile_release_candidate_v0.1/profiles/p50/profiles.jsonl,PASS
PRC_5A13C5055A54AF794EDD0898,ENSEMBL_SHA256_PREFIX_2_V0.1,p50,PROVENANCE_LINKS,outputs/profile_release_candidate_v0.1/provenance/p50/profile_provenance_links.csv,ART_5D9AA3295947A77EFFE1482C,PROFILE_PROVENANCE_LINK_SCHEMA_V0.1,106,3710,2276199,011f4c3275ce0b9668ee4b9f60d88e644211396eb2ae56d39d42579e8e114dc1,FULL_PROFILE_MATERIALIZER_V0.1,PENDING_EXTERNALIZATION,LOCAL_RELEASE_CANDIDATE_ONLY::outputs/profile_release_candidate_v0.1/provenance/p50/profile_provenance_links.csv,PASS
PRC_5A13C5055A54AF794EDD0898,ENSEMBL_SHA256_PREFIX_2_V0.1,p51,PROFILE_PAYLOAD,outputs/profile_release_candidate_v0.1/profiles/p51/profiles.jsonl,ART_A52C305128F2B5E02169B764,TARGET_EVIDENCE_PROFILE_FULL_SCHEMA_V0.1,115,0,2187875,ec2b915bec8aafc5329d33cecb5587d5f97821621a8969b68394bee795f78269,FULL_PROFILE_MATERIALIZER_V0.1,PENDING_EXTERNALIZATION,LOCAL_RELEASE_CANDIDATE_ONLY::outputs/profile_release_candidate_v0.1/profiles/p51/profiles.jsonl,PASS
PRC_5A13C5055A54AF794EDD0898,ENSEMBL_SHA256_PREFIX_2_V0.1,p51,PROVENANCE_LINKS,outputs/profile_release_candidate_v0.1/provenance/p51/profile_provenance_links.csv,ART_463F53424132C26B3641FDD7,PROFILE_PROVENANCE_LINK_SCHEMA_V0.1,115,4025,2468997,c311f83978cf81f417506fde27817af4e244448260f72f86bae9b02a0efa317d,FULL_PROFILE_MATERIALIZER_V0.1,PENDING_EXTERNALIZATION,LOCAL_RELEASE_CANDIDATE_ONLY::outputs/profile_release_candidate_v0.1/provenance/p51/profile_provenance_links.csv,PASS
PRC_5A13C5055A54AF794EDD0898,ENSEMBL_SHA256_PREFIX_2_V0.1,p52,PROFILE_PAYLOAD,outputs/profile_release_candidate_v0.1/profiles/p52/profiles.jsonl,ART_D3E81E8387CE11F5F45FC88E,TARGET_EVIDENCE_PROFILE_FULL_SCHEMA_V0.1,128,0,2435267,4c17451d86545045d11c961aa778265165d8bfd1b44741491021f0cd399625a0,FULL_PROFILE_MATERIALIZER_V0.1,PENDING_EXTERNALIZATION,LOCAL_RELEASE_CANDIDATE_ONLY::outputs/profile_release_candidate_v0.1/profiles/p52/profiles.jsonl,PASS
PRC_5A13C5055A54AF794EDD0898,ENSEMBL_SHA256_PREFIX_2_V0.1,p52,PROVENANCE_LINKS,outputs/profile_release_candidate_v0.1/provenance/p52/profile_provenance_links.csv,ART_A869F96B469EE928B0500A52,PROFILE_PROVENANCE_LINK_SCHEMA_V0.1,128,4480,2748043,37f1e6c49f2210e5e6c53ec132de0de5073e31e4b3612d706fcc520a150279aa,FULL_PROFILE_MATERIALIZER_V0.1,PENDING_EXTERNALIZATION,LOCAL_RELEASE_CANDIDATE_ONLY::outputs/profile_release_candidate_v0.1/provenance/p52/profile_provenance_links.csv,PASS
PRC_5A13C5055A54AF794EDD0898,ENSEMBL_SHA256_PREFIX_2_V0.1,p53,PROFILE_PAYLOAD,outputs/profile_release_candidate_v0.1/profiles/p53/profiles.jsonl,ART_8FBD88FA92738A77EEBA35AA,TARGET_EVIDENCE_PROFILE_FULL_SCHEMA_V0.1,108,0,2054716,695631cda85b75993cfa261aa38ec7f3f71ad0ef90a523374b33616dc78aebf8,FULL_PROFILE_MATERIALIZER_V0.1,PENDING_EXTERNALIZATION,LOCAL_RELEASE_CANDIDATE_ONLY::outputs/profile_release_candidate_v0.1/profiles/p53/profiles.jsonl,PASS
PRC_5A13C5055A54AF794EDD0898,ENSEMBL_SHA256_PREFIX_2_V0.1,p53,PROVENANCE_LINKS,outputs/profile_release_candidate_v0.1/provenance/p53/profile_provenance_links.csv,ART_7A880FFF55CC816DDF2C958B,PROFILE_PROVENANCE_LINK_SCHEMA_V0.1,108,3780,2318833,150ee456f4651503c8de8d04086ecb2f3aeeae1cb7a7c5e109051850fe26420b,FULL_PROFILE_MATERIALIZER_V0.1,PENDING_EXTERNALIZATION,LOCAL_RELEASE_CANDIDATE_ONLY::outputs/profile_release_candidate_v0.1/provenance/p53/profile_provenance_links.csv,PASS
PRC_5A13C5055A54AF794EDD0898,ENSEMBL_SHA256_PREFIX_2_V0.1,p54,PROFILE_PAYLOAD,outputs/profile_release_candidate_v0.1/profiles/p54/profiles.jsonl,ART_3BCFCCCD25D7920B64DD47EA,TARGET_EVIDENCE_PROFILE_FULL_SCHEMA_V0.1,137,0,2606472,898d78d927a8fb3e082b49f39e6ef329b4081870d4c97d31f561262aed11ceaa,FULL_PROFILE_MATERIALIZER_V0.1,PENDING_EXTERNALIZATION,LOCAL_RELEASE_CANDIDATE_ONLY::outputs/profile_release_candidate_v0.1/profiles/p54/profiles.jsonl,PASS
PRC_5A13C5055A54AF794EDD0898,ENSEMBL_SHA256_PREFIX_2_V0.1,p54,PROVENANCE_LINKS,outputs/profile_release_candidate_v0.1/provenance/p54/profile_provenance_links.csv,ART_FDF8092E83D6FF445C9CEBB7,PROFILE_PROVENANCE_LINK_SCHEMA_V0.1,137,4795,2942451,dfbd27686ae5de085074cfaac6c7b7bc9d7480b85602dbe64d6d5903535582a5,FULL_PROFILE_MATERIALIZER_V0.1,PENDING_EXTERNALIZATION,LOCAL_RELEASE_CANDIDATE_ONLY::outputs/profile_release_candidate_v0.1/provenance/p54/profile_provenance_links.csv,PASS
PRC_5A13C5055A54AF794EDD0898,ENSEMBL_SHA256_PREFIX_2_V0.1,p55,PROFILE_PAYLOAD,outputs/profile_release_candidate_v0.1/profiles/p55/profiles.jsonl,ART_E896F46FFD089EF90EA18278,TARGET_EVIDENCE_PROFILE_FULL_SCHEMA_V0.1,118,0,2244980,799733457cb6a8f20f8df52d40e34c6f659f3ca4f8cc16e477f2067cc63b73d8,FULL_PROFILE_MATERIALIZER_V0.1,PENDING_EXTERNALIZATION,LOCAL_RELEASE_CANDIDATE_ONLY::outputs/profile_release_candidate_v0.1/profiles/p55/profiles.jsonl,PASS
PRC_5A13C5055A54AF794EDD0898,ENSEMBL_SHA256_PREFIX_2_V0.1,p55,PROVENANCE_LINKS,outputs/profile_release_candidate_v0.1/provenance/p55/profile_provenance_links.csv,ART_E9C28A9270679F78F8B25EFC,PROFILE_PROVENANCE_LINK_SCHEMA_V0.1,118,4130,2533333,4788854e955b4b9d7dd9e1d4ad15580cb83d67dce8add041f73db489a52a91f0,FULL_PROFILE_MATERIALIZER_V0.1,PENDING_EXTERNALIZATION,LOCAL_RELEASE_CANDIDATE_ONLY::outputs/profile_release_candidate_v0.1/provenance/p55/profile_provenance_links.csv,PASS
PRC_5A13C5055A54AF794EDD0898,ENSEMBL_SHA256_PREFIX_2_V0.1,p56,PROFILE_PAYLOAD,outputs/profile_release_candidate_v0.1/profiles/p56/profiles.jsonl,ART_5BA789EABD04D0E43F3C1DB3,TARGET_EVIDENCE_PROFILE_FULL_SCHEMA_V0.1,117,0,2226015,5e7298545b1deee95efedb86367f7d6ebf452dc9d79294a8bd1b6940f3759aae,FULL_PROFILE_MATERIALIZER_V0.1,PENDING_EXTERNALIZATION,LOCAL_RELEASE_CANDIDATE_ONLY::outputs/profile_release_candidate_v0.1/profiles/p56/profiles.jsonl,PASS
PRC_5A13C5055A54AF794EDD0898,ENSEMBL_SHA256_PREFIX_2_V0.1,p56,PROVENANCE_LINKS,outputs/profile_release_candidate_v0.1/provenance/p56/profile_provenance_links.csv,ART_4A2A758305B7BBF4DA9FCBC2,PROFILE_PROVENANCE_LINK_SCHEMA_V0.1,117,4095,2513101,9594f4e465f1edd80be7f8f7cf48c496cf9d77739a7bc42eba7532e1141f97da,FULL_PROFILE_MATERIALIZER_V0.1,PENDING_EXTERNALIZATION,LOCAL_RELEASE_CANDIDATE_ONLY::outputs/profile_release_candidate_v0.1/provenance/p56/profile_provenance_links.csv,PASS
PRC_5A13C5055A54AF794EDD0898,ENSEMBL_SHA256_PREFIX_2_V0.1,p57,PROFILE_PAYLOAD,outputs/profile_release_candidate_v0.1/profiles/p57/profiles.jsonl,ART_9C8D8975AAFC9D2D7C0939DB,TARGET_EVIDENCE_PROFILE_FULL_SCHEMA_V0.1,111,0,2111790,912f9595d95883801dbfb5de5b83c775e9397edd0b1a70f6eed04ebb10ce2acd,FULL_PROFILE_MATERIALIZER_V0.1,PENDING_EXTERNALIZATION,LOCAL_RELEASE_CANDIDATE_ONLY::outputs/profile_release_candidate_v0.1/profiles/p57/profiles.jsonl,PASS
PRC_5A13C5055A54AF794EDD0898,ENSEMBL_SHA256_PREFIX_2_V0.1,p57,PROVENANCE_LINKS,outputs/profile_release_candidate_v0.1/provenance/p57/profile_provenance_links.csv,ART_E8AD66039EBD897C49402728,PROFILE_PROVENANCE_LINK_SCHEMA_V0.1,111,3885,2383309,6d7086a9c3763e13069f8f2c97284a13b73335e402e9db341e0280dc145e429e,FULL_PROFILE_MATERIALIZER_V0.1,PENDING_EXTERNALIZATION,LOCAL_RELEASE_CANDIDATE_ONLY::outputs/profile_release_candidate_v0.1/provenance/p57/profile_provenance_links.csv,PASS
PRC_5A13C5055A54AF794EDD0898,ENSEMBL_SHA256_PREFIX_2_V0.1,p58,PROFILE_PAYLOAD,outputs/profile_release_candidate_v0.1/profiles/p58/profiles.jsonl,ART_E6CCFB428F730A4C12B03DA6,TARGET_EVIDENCE_PROFILE_FULL_SCHEMA_V0.1,117,0,2225929,2aaad82911d160e325c428c1310914a53f4ca34a9e1e6040f96c35280e042b9e,FULL_PROFILE_MATERIALIZER_V0.1,PENDING_EXTERNALIZATION,LOCAL_RELEASE_CANDIDATE_ONLY::outputs/profile_release_candidate_v0.1/profiles/p58/profiles.jsonl,PASS
PRC_5A13C5055A54AF794EDD0898,ENSEMBL_SHA256_PREFIX_2_V0.1,p58,PROVENANCE_LINKS,outputs/profile_release_candidate_v0.1/provenance/p58/profile_provenance_links.csv,ART_00841D0AAA9C6E867C8D86A6,PROFILE_PROVENANCE_LINK_SCHEMA_V0.1,117,4095,2512681,63185d4bfc0e2c5be8c497823d34f12c5d0da93c7701010a19bfd0c4ca344a99,FULL_PROFILE_MATERIALIZER_V0.1,PENDING_EXTERNALIZATION,LOCAL_RELEASE_CANDIDATE_ONLY::outputs/profile_release_candidate_v0.1/provenance/p58/profile_provenance_links.csv,PASS
PRC_5A13C5055A54AF794EDD0898,ENSEMBL_SHA256_PREFIX_2_V0.1,p59,PROFILE_PAYLOAD,outputs/profile_release_candidate_v0.1/profiles/p59/profiles.jsonl,ART_FD9D97666177671BAF53E421,TARGET_EVIDENCE_PROFILE_FULL_SCHEMA_V0.1,119,0,2263914,73a76aa996c22f80f81f586a810c68c64d2f48852c687974040579f2a44b9dd8,FULL_PROFILE_MATERIALIZER_V0.1,PENDING_EXTERNALIZATION,LOCAL_RELEASE_CANDIDATE_ONLY::outputs/profile_release_candidate_v0.1/profiles/p59/profiles.jsonl,PASS
PRC_5A13C5055A54AF794EDD0898,ENSEMBL_SHA256_PREFIX_2_V0.1,p59,PROVENANCE_LINKS,outputs/profile_release_candidate_v0.1/provenance/p59/profile_provenance_links.csv,ART_A6C837F2804ADEDBAFAED234,PROFILE_PROVENANCE_LINK_SCHEMA_V0.1,119,4165,2555315,bef088982f4e62b24d135b4fade56c81a8a4f1a2b6b53a00cb1e3e4b43bcd8aa,FULL_PROFILE_MATERIALIZER_V0.1,PENDING_EXTERNALIZATION,LOCAL_RELEASE_CANDIDATE_ONLY::outputs/profile_release_candidate_v0.1/provenance/p59/profile_provenance_links.csv,PASS
PRC_5A13C5055A54AF794EDD0898,ENSEMBL_SHA256_PREFIX_2_V0.1,p5a,PROFILE_PAYLOAD,outputs/profile_release_candidate_v0.1/profiles/p5a/profiles.jsonl,ART_8E48284B89D817722B244603,TARGET_EVIDENCE_PROFILE_FULL_SCHEMA_V0.1,103,0,1959644,9cb7242f7ec4ab3843d6c79ec2c5453220d790739e6c0c8cf592c13f7cf8bebc,FULL_PROFILE_MATERIALIZER_V0.1,PENDING_EXTERNALIZATION,LOCAL_RELEASE_CANDIDATE_ONLY::outputs/profile_release_candidate_v0.1/profiles/p5a/profiles.jsonl,PASS
PRC_5A13C5055A54AF794EDD0898,ENSEMBL_SHA256_PREFIX_2_V0.1,p5a,PROVENANCE_LINKS,outputs/profile_release_candidate_v0.1/provenance/p5a/profile_provenance_links.csv,ART_0C9F014A1C45E24D6AB00549,PROFILE_PROVENANCE_LINK_SCHEMA_V0.1,103,3605,2211863,2836ff6241b1ad1158c03403c91919b7f469bb78dde7067e04a81e989b255557,FULL_PROFILE_MATERIALIZER_V0.1,PENDING_EXTERNALIZATION,LOCAL_RELEASE_CANDIDATE_ONLY::outputs/profile_release_candidate_v0.1/provenance/p5a/profile_provenance_links.csv,PASS
PRC_5A13C5055A54AF794EDD0898,ENSEMBL_SHA256_PREFIX_2_V0.1,p5b,PROFILE_PAYLOAD,outputs/profile_release_candidate_v0.1/profiles/p5b/profiles.jsonl,ART_7A7222B75B18AA657DD4D0BF,TARGET_EVIDENCE_PROFILE_FULL_SCHEMA_V0.1,130,0,2473242,62cbfc26a1307b25852bd17c3b772cac858926af13f2f951ece6c5e2993a4a66,FULL_PROFILE_MATERIALIZER_V0.1,PENDING_EXTERNALIZATION,LOCAL_RELEASE_CANDIDATE_ONLY::outputs/profile_release_candidate_v0.1/profiles/p5b/profiles.jsonl,PASS
PRC_5A13C5055A54AF794EDD0898,ENSEMBL_SHA256_PREFIX_2_V0.1,p5b,PROVENANCE_LINKS,outputs/profile_release_candidate_v0.1/provenance/p5b/profile_provenance_links.csv,ART_1B1C8A3F5DA71BDCC6F77453,PROFILE_PROVENANCE_LINK_SCHEMA_V0.1,130,4550,2791342,d872715f2904b506428f3bc83550ffc7a4f3310e006319b384d4bfa99e8d694e,FULL_PROFILE_MATERIALIZER_V0.1,PENDING_EXTERNALIZATION,LOCAL_RELEASE_CANDIDATE_ONLY::outputs/profile_release_candidate_v0.1/provenance/p5b/profile_provenance_links.csv,PASS
PRC_5A13C5055A54AF794EDD0898,ENSEMBL_SHA256_PREFIX_2_V0.1,p5c,PROFILE_PAYLOAD,outputs/profile_release_candidate_v0.1/profiles/p5c/profiles.jsonl,ART_60A8EA85F9FD54746A64972B,TARGET_EVIDENCE_PROFILE_FULL_SCHEMA_V0.1,120,0,2283017,5d20b6890a90c37f0f7666060e34a016ab759ff408b814185a9f079d4113c972,FULL_PROFILE_MATERIALIZER_V0.1,PENDING_EXTERNALIZATION,LOCAL_RELEASE_CANDIDATE_ONLY::outputs/profile_release_candidate_v0.1/profiles/p5c/profiles.jsonl,PASS
PRC_5A13C5055A54AF794EDD0898,ENSEMBL_SHA256_PREFIX_2_V0.1,p5c,PROVENANCE_LINKS,outputs/profile_release_candidate_v0.1/provenance/p5c/profile_provenance_links.csv,ART_6B793092EC66B29C7194AC78,PROFILE_PROVENANCE_LINK_SCHEMA_V0.1,120,4200,2576282,842c6da62bb506b65b4b2e6b140b3ec2730717459f4007412223dc879b3ea8d5,FULL_PROFILE_MATERIALIZER_V0.1,PENDING_EXTERNALIZATION,LOCAL_RELEASE_CANDIDATE_ONLY::outputs/profile_release_candidate_v0.1/provenance/p5c/profile_provenance_links.csv,PASS
PRC_5A13C5055A54AF794EDD0898,ENSEMBL_SHA256_PREFIX_2_V0.1,p5d,PROFILE_PAYLOAD,outputs/profile_release_candidate_v0.1/profiles/p5d/profiles.jsonl,ART_272FDED984EB28C81E660433,TARGET_EVIDENCE_PROFILE_FULL_SCHEMA_V0.1,105,0,1997614,5cff8c4a27f5add15d7dd5e0847177eccfc3898b35653ac749ae3db4f6b4c8e1,FULL_PROFILE_MATERIALIZER_V0.1,PENDING_EXTERNALIZATION,LOCAL_RELEASE_CANDIDATE_ONLY::outputs/profile_release_candidate_v0.1/profiles/p5d/profiles.jsonl,PASS
PRC_5A13C5055A54AF794EDD0898,ENSEMBL_SHA256_PREFIX_2_V0.1,p5d,PROVENANCE_LINKS,outputs/profile_release_candidate_v0.1/provenance/p5d/profile_provenance_links.csv,ART_177F4DAC54ED50A545FFFCCD,PROFILE_PROVENANCE_LINK_SCHEMA_V0.1,105,3675,2254882,53bec321593ffceb7871240bf8e20feef172880c95619d68e32facbee032195d,FULL_PROFILE_MATERIALIZER_V0.1,PENDING_EXTERNALIZATION,LOCAL_RELEASE_CANDIDATE_ONLY::outputs/profile_release_candidate_v0.1/provenance/p5d/profile_provenance_links.csv,PASS
PRC_5A13C5055A54AF794EDD0898,ENSEMBL_SHA256_PREFIX_2_V0.1,p5e,PROFILE_PAYLOAD,outputs/profile_release_candidate_v0.1/profiles/p5e/profiles.jsonl,ART_538EDB8292471DF26CF2F9F3,TARGET_EVIDENCE_PROFILE_FULL_SCHEMA_V0.1,113,0,2149844,ffeb8a6ab2ab29945fe8e9bcffb7f3f15333393676880fd422a8475ab75361a3,FULL_PROFILE_MATERIALIZER_V0.1,PENDING_EXTERNALIZATION,LOCAL_RELEASE_CANDIDATE_ONLY::outputs/profile_release_candidate_v0.1/profiles/p5e/profiles.jsonl,PASS
PRC_5A13C5055A54AF794EDD0898,ENSEMBL_SHA256_PREFIX_2_V0.1,p5e,PROVENANCE_LINKS,outputs/profile_release_candidate_v0.1/provenance/p5e/profile_provenance_links.csv,ART_40FEE5982B8B714A3402D917,PROFILE_PROVENANCE_LINK_SCHEMA_V0.1,113,3955,2427483,7d616816f0b3e5595f400d0aba1bd053d426d9118d326e69ef1ded6ff5232f79,FULL_PROFILE_MATERIALIZER_V0.1,PENDING_EXTERNALIZATION,LOCAL_RELEASE_CANDIDATE_ONLY::outputs/profile_release_candidate_v0.1/provenance/p5e/profile_provenance_links.csv,PASS
PRC_5A13C5055A54AF794EDD0898,ENSEMBL_SHA256_PREFIX_2_V0.1,p5f,PROFILE_PAYLOAD,outputs/profile_release_candidate_v0.1/profiles/p5f/profiles.jsonl,ART_5F6A37C4BFF7BA71458A7373,TARGET_EVIDENCE_PROFILE_FULL_SCHEMA_V0.1,104,0,1978632,c7d4bff481718e74bacd45d2a0728e5c51db8e7f260002bad00113371fbbadbd,FULL_PROFILE_MATERIALIZER_V0.1,PENDING_EXTERNALIZATION,LOCAL_RELEASE_CANDIDATE_ONLY::outputs/profile_release_candidate_v0.1/profiles/p5f/profiles.jsonl,PASS
PRC_5A13C5055A54AF794EDD0898,ENSEMBL_SHA256_PREFIX_2_V0.1,p5f,PROVENANCE_LINKS,outputs/profile_release_candidate_v0.1/provenance/p5f/profile_provenance_links.csv,ART_6BB4629BE870E2CD0199E923,PROFILE_PROVENANCE_LINK_SCHEMA_V0.1,104,3640,2233740,e33c0786069fc32971357d953f96a585791ce9a481234219eaf365bb025bde1a,FULL_PROFILE_MATERIALIZER_V0.1,PENDING_EXTERNALIZATION,LOCAL_RELEASE_CANDIDATE_ONLY::outputs/profile_release_candidate_v0.1/provenance/p5f/profile_provenance_links.csv,PASS
PRC_5A13C5055A54AF794EDD0898,ENSEMBL_SHA256_PREFIX_2_V0.1,p60,PROFILE_PAYLOAD,outputs/profile_release_candidate_v0.1/profiles/p60/profiles.jsonl,ART_43306ADD0C786ACC54009837,TARGET_EVIDENCE_PROFILE_FULL_SCHEMA_V0.1,124,0,2359180,d480021def0afaf7875a1f2a323d559921ae7faa0a7146a9ddfb4de83a4baffc,FULL_PROFILE_MATERIALIZER_V0.1,PENDING_EXTERNALIZATION,LOCAL_RELEASE_CANDIDATE_ONLY::outputs/profile_release_candidate_v0.1/profiles/p60/profiles.jsonl,PASS
PRC_5A13C5055A54AF794EDD0898,ENSEMBL_SHA256_PREFIX_2_V0.1,p60,PROVENANCE_LINKS,outputs/profile_release_candidate_v0.1/provenance/p60/profile_provenance_links.csv,ART_F2BB6CFD5E326F02A4A660B7,PROFILE_PROVENANCE_LINK_SCHEMA_V0.1,124,4340,2663195,02a79aeec7c77e1def9577655d853f44a216263611344f320c631c04d236da71,FULL_PROFILE_MATERIALIZER_V0.1,PENDING_EXTERNALIZATION,LOCAL_RELEASE_CANDIDATE_ONLY::outputs/profile_release_candidate_v0.1/provenance/p60/profile_provenance_links.csv,PASS
PRC_5A13C5055A54AF794EDD0898,ENSEMBL_SHA256_PREFIX_2_V0.1,p61,PROFILE_PAYLOAD,outputs/profile_release_candidate_v0.1/profiles/p61/profiles.jsonl,ART_B2BDD49A7B62F57E7E3FBA7F,TARGET_EVIDENCE_PROFILE_FULL_SCHEMA_V0.1,102,0,1940603,501ff46d6fe5306af5ec8971a0fd01b6aebd5acf9448e8545c569b7d5f58552f,FULL_PROFILE_MATERIALIZER_V0.1,PENDING_EXTERNALIZATION,LOCAL_RELEASE_CANDIDATE_ONLY::outputs/profile_release_candidate_v0.1/profiles/p61/profiles.jsonl,PASS
PRC_5A13C5055A54AF794EDD0898,ENSEMBL_SHA256_PREFIX_2_V0.1,p61,PROVENANCE_LINKS,outputs/profile_release_candidate_v0.1/provenance/p61/profile_provenance_links.csv,ART_A752D271204414F9F65EB0CF,PROFILE_PROVENANCE_LINK_SCHEMA_V0.1,102,3570,2190686,b2edd51a7b97fe091e18512c7541ab5719c8609d39a30496de94108626b6d497,FULL_PROFILE_MATERIALIZER_V0.1,PENDING_EXTERNALIZATION,LOCAL_RELEASE_CANDIDATE_ONLY::outputs/profile_release_candidate_v0.1/provenance/p61/profile_provenance_links.csv,PASS
PRC_5A13C5055A54AF794EDD0898,ENSEMBL_SHA256_PREFIX_2_V0.1,p62,PROFILE_PAYLOAD,outputs/profile_release_candidate_v0.1/profiles/p62/profiles.jsonl,ART_6F20EAA88C077B5DAA1620BD,TARGET_EVIDENCE_PROFILE_FULL_SCHEMA_V0.1,129,0,2454236,d93e8b03bd3a51cf44cb3b8c8b51a0f68d2f5cbb2fe279fadd39615e60474d34,FULL_PROFILE_MATERIALIZER_V0.1,PENDING_EXTERNALIZATION,LOCAL_RELEASE_CANDIDATE_ONLY::outputs/profile_release_candidate_v0.1/profiles/p62/profiles.jsonl,PASS
PRC_5A13C5055A54AF794EDD0898,ENSEMBL_SHA256_PREFIX_2_V0.1,p62,PROVENANCE_LINKS,outputs/profile_release_candidate_v0.1/provenance/p62/profile_provenance_links.csv,ART_CC52CC9947EFFDBC16EA2044,PROFILE_PROVENANCE_LINK_SCHEMA_V0.1,129,4515,2769885,b1dfb4fdda51c8a111eabe99a274db37d2f5ce3f32ace6a808e6979417ce894b,FULL_PROFILE_MATERIALIZER_V0.1,PENDING_EXTERNALIZATION,LOCAL_RELEASE_CANDIDATE_ONLY::outputs/profile_release_candidate_v0.1/provenance/p62/profile_provenance_links.csv,PASS
PRC_5A13C5055A54AF794EDD0898,ENSEMBL_SHA256_PREFIX_2_V0.1,p63,PROFILE_PAYLOAD,outputs/profile_release_candidate_v0.1/profiles/p63/profiles.jsonl,ART_F790628A79423D270C041230,TARGET_EVIDENCE_PROFILE_FULL_SCHEMA_V0.1,125,0,2378101,cfaa835b3a3d05df34f730cd6b8d11b2a11aa82728d0f7c76a22ff3292a12923,FULL_PROFILE_MATERIALIZER_V0.1,PENDING_EXTERNALIZATION,LOCAL_RELEASE_CANDIDATE_ONLY::outputs/profile_release_candidate_v0.1/profiles/p63/profiles.jsonl,PASS
PRC_5A13C5055A54AF794EDD0898,ENSEMBL_SHA256_PREFIX_2_V0.1,p63,PROVENANCE_LINKS,outputs/profile_release_candidate_v0.1/provenance/p63/profile_provenance_links.csv,ART_E93AB4C096948F33C08447B8,PROFILE_PROVENANCE_LINK_SCHEMA_V0.1,125,4375,2684162,d3c15405ccc1946740d7fdd03067893f5af6bbebafcedd67faba9ccb3db843b1,FULL_PROFILE_MATERIALIZER_V0.1,PENDING_EXTERNALIZATION,LOCAL_RELEASE_CANDIDATE_ONLY::outputs/profile_release_candidate_v0.1/provenance/p63/profile_provenance_links.csv,PASS
PRC_5A13C5055A54AF794EDD0898,ENSEMBL_SHA256_PREFIX_2_V0.1,p64,PROFILE_PAYLOAD,outputs/profile_release_candidate_v0.1/profiles/p64/profiles.jsonl,ART_A954A63FBA9021915A1BF44D,TARGET_EVIDENCE_PROFILE_FULL_SCHEMA_V0.1,101,0,1921535,fb531f61003955910208ea4c6d459828e6425d3c08970353716af18d7a9f18b6,FULL_PROFILE_MATERIALIZER_V0.1,PENDING_EXTERNALIZATION,LOCAL_RELEASE_CANDIDATE_ONLY::outputs/profile_release_candidate_v0.1/profiles/p64/profiles.jsonl,PASS
PRC_5A13C5055A54AF794EDD0898,ENSEMBL_SHA256_PREFIX_2_V0.1,p64,PROVENANCE_LINKS,outputs/profile_release_candidate_v0.1/provenance/p64/profile_provenance_links.csv,ART_3D7DBDFE411522CF879F6289,PROFILE_PROVENANCE_LINK_SCHEMA_V0.1,101,3535,2168599,8552e7183ed764b2edb07d187229532f21623540148f6eb85658e7789c29d646,FULL_PROFILE_MATERIALIZER_V0.1,PENDING_EXTERNALIZATION,LOCAL_RELEASE_CANDIDATE_ONLY::outputs/profile_release_candidate_v0.1/provenance/p64/profile_provenance_links.csv,PASS
PRC_5A13C5055A54AF794EDD0898,ENSEMBL_SHA256_PREFIX_2_V0.1,p65,PROFILE_PAYLOAD,outputs/profile_release_candidate_v0.1/profiles/p65/profiles.jsonl,ART_9E3F77D551849E64E2E2EE62,TARGET_EVIDENCE_PROFILE_FULL_SCHEMA_V0.1,113,0,2149910,cd654bed548141ee29287713ef7611fc3ce325118eb3ca130d08141f007c9504,FULL_PROFILE_MATERIALIZER_V0.1,PENDING_EXTERNALIZATION,LOCAL_RELEASE_CANDIDATE_ONLY::outputs/profile_release_candidate_v0.1/profiles/p65/profiles.jsonl,PASS
PRC_5A13C5055A54AF794EDD0898,ENSEMBL_SHA256_PREFIX_2_V0.1,p65,PROVENANCE_LINKS,outputs/profile_release_candidate_v0.1/provenance/p65/profile_provenance_links.csv,ART_2AFFC0327F121C8347C8C5ED,PROFILE_PROVENANCE_LINK_SCHEMA_V0.1,113,3955,2427063,0d01a1b01933e5a4ce53200b926d57462ead6c2e473c35d1c781b110b644586e,FULL_PROFILE_MATERIALIZER_V0.1,PENDING_EXTERNALIZATION,LOCAL_RELEASE_CANDIDATE_ONLY::outputs/profile_release_candidate_v0.1/provenance/p65/profile_provenance_links.csv,PASS
PRC_5A13C5055A54AF794EDD0898,ENSEMBL_SHA256_PREFIX_2_V0.1,p66,PROFILE_PAYLOAD,outputs/profile_release_candidate_v0.1/profiles/p66/profiles.jsonl,ART_EA5997BBBDA56A23BACC90E6,TARGET_EVIDENCE_PROFILE_FULL_SCHEMA_V0.1,137,0,2606437,7764e2c6344bbb48f425ba947b87ac8502cfd791d484c0c1ee6e9627dcaed487,FULL_PROFILE_MATERIALIZER_V0.1,PENDING_EXTERNALIZATION,LOCAL_RELEASE_CANDIDATE_ONLY::outputs/profile_release_candidate_v0.1/profiles/p66/profiles.jsonl,PASS
PRC_5A13C5055A54AF794EDD0898,ENSEMBL_SHA256_PREFIX_2_V0.1,p66,PROVENANCE_LINKS,outputs/profile_release_candidate_v0.1/provenance/p66/profile_provenance_links.csv,ART_485982728BA033C5167E18B1,PROFILE_PROVENANCE_LINK_SCHEMA_V0.1,137,4795,2941121,0d797f6dec4fcae3ccf5d1715f68e1701e21259a4669c6e63e8e4364a62d47f1,FULL_PROFILE_MATERIALIZER_V0.1,PENDING_EXTERNALIZATION,LOCAL_RELEASE_CANDIDATE_ONLY::outputs/profile_release_candidate_v0.1/provenance/p66/profile_provenance_links.csv,PASS
PRC_5A13C5055A54AF794EDD0898,ENSEMBL_SHA256_PREFIX_2_V0.1,p67,PROFILE_PAYLOAD,outputs/profile_release_candidate_v0.1/profiles/p67/profiles.jsonl,ART_669C4C0D4A87A793858E613F,TARGET_EVIDENCE_PROFILE_FULL_SCHEMA_V0.1,119,0,2264017,0e5a9c4c73bb2b6a8237d52784eb2df5da18b204d7c8d1a6b1ebc17e7351e484,FULL_PROFILE_MATERIALIZER_V0.1,PENDING_EXTERNALIZATION,LOCAL_RELEASE_CANDIDATE_ONLY::outputs/profile_release_candidate_v0.1/profiles/p67/profiles.jsonl,PASS
PRC_5A13C5055A54AF794EDD0898,ENSEMBL_SHA256_PREFIX_2_V0.1,p67,PROVENANCE_LINKS,outputs/profile_release_candidate_v0.1/provenance/p67/profile_provenance_links.csv,ART_6DC3B1C5FE169F2168386193,PROFILE_PROVENANCE_LINK_SCHEMA_V0.1,119,4165,2555840,411655b381ef9c3f9973ee23dc840653aec9a70858572df74b69b020991ab2ec,FULL_PROFILE_MATERIALIZER_V0.1,PENDING_EXTERNALIZATION,LOCAL_RELEASE_CANDIDATE_ONLY::outputs/profile_release_candidate_v0.1/provenance/p67/profile_provenance_links.csv,PASS
PRC_5A13C5055A54AF794EDD0898,ENSEMBL_SHA256_PREFIX_2_V0.1,p68,PROFILE_PAYLOAD,outputs/profile_release_candidate_v0.1/profiles/p68/profiles.jsonl,ART_021A5B96F9710A1EBE257D1C,TARGET_EVIDENCE_PROFILE_FULL_SCHEMA_V0.1,122,0,2321018,914103bb5bca5fcff81b9f5c434bc310b28bd3801d8ff36f4f30beb273a68292,FULL_PROFILE_MATERIALIZER_V0.1,PENDING_EXTERNALIZATION,LOCAL_RELEASE_CANDIDATE_ONLY::outputs/profile_release_candidate_v0.1/profiles/p68/profiles.jsonl,PASS
PRC_5A13C5055A54AF794EDD0898,ENSEMBL_SHA256_PREFIX_2_V0.1,p68,PROVENANCE_LINKS,outputs/profile_release_candidate_v0.1/provenance/p68/profile_provenance_links.csv,ART_8B2AC21A86684C577217A99D,PROFILE_PROVENANCE_LINK_SCHEMA_V0.1,122,4270,2620211,4eed0375f697364d6b42a06e1ca3f777da8409b4f5a45a158e9aa62899844132,FULL_PROFILE_MATERIALIZER_V0.1,PENDING_EXTERNALIZATION,LOCAL_RELEASE_CANDIDATE_ONLY::outputs/profile_release_candidate_v0.1/provenance/p68/profile_provenance_links.csv,PASS
PRC_5A13C5055A54AF794EDD0898,ENSEMBL_SHA256_PREFIX_2_V0.1,p69,PROFILE_PAYLOAD,outputs/profile_release_candidate_v0.1/profiles/p69/profiles.jsonl,ART_B1AC2B3E4CF8112CAFDE80D8,TARGET_EVIDENCE_PROFILE_FULL_SCHEMA_V0.1,102,0,1940558,e05056bafaa533c6b18d3b1d255f1b2843ac1155ecae7d50d1595ad86ebe799d,FULL_PROFILE_MATERIALIZER_V0.1,PENDING_EXTERNALIZATION,LOCAL_RELEASE_CANDIDATE_ONLY::outputs/profile_release_candidate_v0.1/profiles/p69/profiles.jsonl,PASS
PRC_5A13C5055A54AF794EDD0898,ENSEMBL_SHA256_PREFIX_2_V0.1,p69,PROVENANCE_LINKS,outputs/profile_release_candidate_v0.1/provenance/p69/profile_provenance_links.csv,ART_DC4FE92F6EED76EF4EF45A54,PROFILE_PROVENANCE_LINK_SCHEMA_V0.1,102,3570,2190966,5ceeed71969923eb20cbdff8910a6c45372cdaa26f0fc355301b631cdf318bad,FULL_PROFILE_MATERIALIZER_V0.1,PENDING_EXTERNALIZATION,LOCAL_RELEASE_CANDIDATE_ONLY::outputs/profile_release_candidate_v0.1/provenance/p69/profile_provenance_links.csv,PASS
PRC_5A13C5055A54AF794EDD0898,ENSEMBL_SHA256_PREFIX_2_V0.1,p6a,PROFILE_PAYLOAD,outputs/profile_release_candidate_v0.1/profiles/p6a/profiles.jsonl,ART_65AA1C98502502170F37747F,TARGET_EVIDENCE_PROFILE_FULL_SCHEMA_V0.1,125,0,2378211,90bea48a9f7b8686caef758581bf2a67bdf2c7675214a8a56faa69a1e52fdffe,FULL_PROFILE_MATERIALIZER_V0.1,PENDING_EXTERNALIZATION,LOCAL_RELEASE_CANDIDATE_ONLY::outputs/profile_release_candidate_v0.1/profiles/p6a/profiles.jsonl,PASS
PRC_5A13C5055A54AF794EDD0898,ENSEMBL_SHA256_PREFIX_2_V0.1,p6a,PROVENANCE_LINKS,outputs/profile_release_candidate_v0.1/provenance/p6a/profile_provenance_links.csv,ART_693CFBE6E52430E45972B3F0,PROFILE_PROVENANCE_LINK_SCHEMA_V0.1,125,4375,2684792,2d9666f798fba6c972c85a1306a4f0df967e1656b1c4b3d29e2277943de9b1ff,FULL_PROFILE_MATERIALIZER_V0.1,PENDING_EXTERNALIZATION,LOCAL_RELEASE_CANDIDATE_ONLY::outputs/profile_release_candidate_v0.1/provenance/p6a/profile_provenance_links.csv,PASS
PRC_5A13C5055A54AF794EDD0898,ENSEMBL_SHA256_PREFIX_2_V0.1,p6b,PROFILE_PAYLOAD,outputs/profile_release_candidate_v0.1/profiles/p6b/profiles.jsonl,ART_DAA5B59D1CFE8E2D4F42850F,TARGET_EVIDENCE_PROFILE_FULL_SCHEMA_V0.1,118,0,2244974,9ee6e6f724b7ba9458ae7a0ce4ba1af9de0452f66262a30fcbd90d54f726756b,FULL_PROFILE_MATERIALIZER_V0.1,PENDING_EXTERNALIZATION,LOCAL_RELEASE_CANDIDATE_ONLY::outputs/profile_release_candidate_v0.1/profiles/p6b/profiles.jsonl,PASS
PRC_5A13C5055A54AF794EDD0898,ENSEMBL_SHA256_PREFIX_2_V0.1,p6b,PROVENANCE_LINKS,outputs/profile_release_candidate_v0.1/provenance/p6b/profile_provenance_links.csv,ART_6F1A0F3EC11AF1A309865375,PROFILE_PROVENANCE_LINK_SCHEMA_V0.1,118,4130,2534348,a33b2d742d3d991f363c75a7ff2e37646b45a56e87c160a33b1ab956f27e3dc8,FULL_PROFILE_MATERIALIZER_V0.1,PENDING_EXTERNALIZATION,LOCAL_RELEASE_CANDIDATE_ONLY::outputs/profile_release_candidate_v0.1/provenance/p6b/profile_provenance_links.csv,PASS
PRC_5A13C5055A54AF794EDD0898,ENSEMBL_SHA256_PREFIX_2_V0.1,p6c,PROFILE_PAYLOAD,outputs/profile_release_candidate_v0.1/profiles/p6c/profiles.jsonl,ART_3A3B91B1573FD0A44D077C1B,TARGET_EVIDENCE_PROFILE_FULL_SCHEMA_V0.1,121,0,2302082,3a7d9286cbc55b038fed89d8897c411a23fc511371617b6e3e0fda0f1963d679,FULL_PROFILE_MATERIALIZER_V0.1,PENDING_EXTERNALIZATION,LOCAL_RELEASE_CANDIDATE_ONLY::outputs/profile_release_candidate_v0.1/profiles/p6c/profiles.jsonl,PASS
PRC_5A13C5055A54AF794EDD0898,ENSEMBL_SHA256_PREFIX_2_V0.1,p6c,PROVENANCE_LINKS,outputs/profile_release_candidate_v0.1/provenance/p6c/profile_provenance_links.csv,ART_C27D28D243B986936DBEC675,PROFILE_PROVENANCE_LINK_SCHEMA_V0.1,121,4235,2598684,828971af153747392266ee492ac4762dab0044ce25df6cddb745d1fcbb658063,FULL_PROFILE_MATERIALIZER_V0.1,PENDING_EXTERNALIZATION,LOCAL_RELEASE_CANDIDATE_ONLY::outputs/profile_release_candidate_v0.1/provenance/p6c/profile_provenance_links.csv,PASS
PRC_5A13C5055A54AF794EDD0898,ENSEMBL_SHA256_PREFIX_2_V0.1,p6d,PROFILE_PAYLOAD,outputs/profile_release_candidate_v0.1/profiles/p6d/profiles.jsonl,ART_1AD90142BB56E52430ED3726,TARGET_EVIDENCE_PROFILE_FULL_SCHEMA_V0.1,128,0,2435227,506ce94366e329cb1635b165003918d66fc34035b461d32e0ed69265089e4047,FULL_PROFILE_MATERIALIZER_V0.1,PENDING_EXTERNALIZATION,LOCAL_RELEASE_CANDIDATE_ONLY::outputs/profile_release_candidate_v0.1/profiles/p6d/profiles.jsonl,PASS
PRC_5A13C5055A54AF794EDD0898,ENSEMBL_SHA256_PREFIX_2_V0.1,p6d,PROVENANCE_LINKS,outputs/profile_release_candidate_v0.1/provenance/p6d/profile_provenance_links.csv,ART_EF9AE50EA7D5C80D1DF0AC99,PROFILE_PROVENANCE_LINK_SCHEMA_V0.1,128,4480,2748848,4ece609af6cedac8c94a39731f100d60d5e2b071d1213bd71c9762d4d7ebd963,FULL_PROFILE_MATERIALIZER_V0.1,PENDING_EXTERNALIZATION,LOCAL_RELEASE_CANDIDATE_ONLY::outputs/profile_release_candidate_v0.1/provenance/p6d/profile_provenance_links.csv,PASS
PRC_5A13C5055A54AF794EDD0898,ENSEMBL_SHA256_PREFIX_2_V0.1,p6e,PROFILE_PAYLOAD,outputs/profile_release_candidate_v0.1/profiles/p6e/profiles.jsonl,ART_BCE8C32F89B8C0AD348395F8,TARGET_EVIDENCE_PROFILE_FULL_SCHEMA_V0.1,123,0,2340128,7f296bc3b5cde7a30c7f14cb084ac6d0c80b31e16888ce0066955cc7c34ad696,FULL_PROFILE_MATERIALIZER_V0.1,PENDING_EXTERNALIZATION,LOCAL_RELEASE_CANDIDATE_ONLY::outputs/profile_release_candidate_v0.1/profiles/p6e/profiles.jsonl,PASS
PRC_5A13C5055A54AF794EDD0898,ENSEMBL_SHA256_PREFIX_2_V0.1,p6e,PROVENANCE_LINKS,outputs/profile_release_candidate_v0.1/provenance/p6e/profile_provenance_links.csv,ART_DCFA6125F6D5050A0528A6C2,PROFILE_PROVENANCE_LINK_SCHEMA_V0.1,123,4305,2641318,da8c55d611cef55da6ecb82087900c35a863c22940e9c722a4f2dc90d287f253,FULL_PROFILE_MATERIALIZER_V0.1,PENDING_EXTERNALIZATION,LOCAL_RELEASE_CANDIDATE_ONLY::outputs/profile_release_candidate_v0.1/provenance/p6e/profile_provenance_links.csv,PASS
PRC_5A13C5055A54AF794EDD0898,ENSEMBL_SHA256_PREFIX_2_V0.1,p6f,PROFILE_PAYLOAD,outputs/profile_release_candidate_v0.1/profiles/p6f/profiles.jsonl,ART_BC69899AB0382881861BA314,TARGET_EVIDENCE_PROFILE_FULL_SCHEMA_V0.1,112,0,2130769,abce4ca2703bb29d61c10d1cd452c0c14565296b93b9ba3b2792ac1e48d7d12d,FULL_PROFILE_MATERIALIZER_V0.1,PENDING_EXTERNALIZATION,LOCAL_RELEASE_CANDIDATE_ONLY::outputs/profile_release_candidate_v0.1/profiles/p6f/profiles.jsonl,PASS
PRC_5A13C5055A54AF794EDD0898,ENSEMBL_SHA256_PREFIX_2_V0.1,p6f,PROVENANCE_LINKS,outputs/profile_release_candidate_v0.1/provenance/p6f/profile_provenance_links.csv,ART_062A15EC44E6A77842AFA0B3,PROFILE_PROVENANCE_LINK_SCHEMA_V0.1,112,3920,2404766,52ddcc852cdc68423000ea04ae2172f6f71598d5bdb5e77ebe805f5150b2c6f1,FULL_PROFILE_MATERIALIZER_V0.1,PENDING_EXTERNALIZATION,LOCAL_RELEASE_CANDIDATE_ONLY::outputs/profile_release_candidate_v0.1/provenance/p6f/profile_provenance_links.csv,PASS
PRC_5A13C5055A54AF794EDD0898,ENSEMBL_SHA256_PREFIX_2_V0.1,p70,PROFILE_PAYLOAD,outputs/profile_release_candidate_v0.1/profiles/p70/profiles.jsonl,ART_702959993F4C89F073863DB6,TARGET_EVIDENCE_PROFILE_FULL_SCHEMA_V0.1,104,0,1978546,9ae90507c1b4bf5d0b941d50a3930d465a5c7f24e478f811da0cd02eecebb0b6,FULL_PROFILE_MATERIALIZER_V0.1,PENDING_EXTERNALIZATION,LOCAL_RELEASE_CANDIDATE_ONLY::outputs/profile_release_candidate_v0.1/profiles/p70/profiles.jsonl,PASS
PRC_5A13C5055A54AF794EDD0898,ENSEMBL_SHA256_PREFIX_2_V0.1,p70,PROVENANCE_LINKS,outputs/profile_release_candidate_v0.1/provenance/p70/profile_provenance_links.csv,ART_DEF26ED67EA542F736DDAA8E,PROFILE_PROVENANCE_LINK_SCHEMA_V0.1,104,3640,2232935,b3c2bff6eb44c2ee207875e72a31dd73d35012e70b080fc928a6999a0e8a15a7,FULL_PROFILE_MATERIALIZER_V0.1,PENDING_EXTERNALIZATION,LOCAL_RELEASE_CANDIDATE_ONLY::outputs/profile_release_candidate_v0.1/provenance/p70/profile_provenance_links.csv,PASS
PRC_5A13C5055A54AF794EDD0898,ENSEMBL_SHA256_PREFIX_2_V0.1,p71,PROFILE_PAYLOAD,outputs/profile_release_candidate_v0.1/profiles/p71/profiles.jsonl,ART_39C5295DC3A19E2659351EE9,TARGET_EVIDENCE_PROFILE_FULL_SCHEMA_V0.1,131,0,2492312,09b5ac16107fa51b4e70e5eb863bdf618a4bdf1d86407c0d7f416c2d1f45102c,FULL_PROFILE_MATERIALIZER_V0.1,PENDING_EXTERNALIZATION,LOCAL_RELEASE_CANDIDATE_ONLY::outputs/profile_release_candidate_v0.1/profiles/p71/profiles.jsonl,PASS
PRC_5A13C5055A54AF794EDD0898,ENSEMBL_SHA256_PREFIX_2_V0.1,p71,PROVENANCE_LINKS,outputs/profile_release_candidate_v0.1/provenance/p71/profile_provenance_links.csv,ART_4861B8E2E85B7935C8D66674,PROFILE_PROVENANCE_LINK_SCHEMA_V0.1,131,4585,2813254,99417393b9d07e5ff2321676fb4a52c58bf7ce85287db080f45ffcbe34ae7c6e,FULL_PROFILE_MATERIALIZER_V0.1,PENDING_EXTERNALIZATION,LOCAL_RELEASE_CANDIDATE_ONLY::outputs/profile_release_candidate_v0.1/provenance/p71/profile_provenance_links.csv,PASS
PRC_5A13C5055A54AF794EDD0898,ENSEMBL_SHA256_PREFIX_2_V0.1,p72,PROFILE_PAYLOAD,outputs/profile_release_candidate_v0.1/profiles/p72/profiles.jsonl,ART_DA0A4722F6831F26147D7DCD,TARGET_EVIDENCE_PROFILE_FULL_SCHEMA_V0.1,130,0,2473224,12d04c88dc17089667532b7352ea3d493597a898014d1282f77b2a24df0c9174,FULL_PROFILE_MATERIALIZER_V0.1,PENDING_EXTERNALIZATION,LOCAL_RELEASE_CANDIDATE_ONLY::outputs/profile_release_candidate_v0.1/profiles/p72/profiles.jsonl,PASS
PRC_5A13C5055A54AF794EDD0898,ENSEMBL_SHA256_PREFIX_2_V0.1,p72,PROVENANCE_LINKS,outputs/profile_release_candidate_v0.1/provenance/p72/profile_provenance_links.csv,ART_E6067BC46EC1959A1DC1DA6B,PROFILE_PROVENANCE_LINK_SCHEMA_V0.1,130,4550,2790572,fef64ba796977021d847e8588ff9ad5a22d45f2a3efa9d1f46b2c2c5301be9eb,FULL_PROFILE_MATERIALIZER_V0.1,PENDING_EXTERNALIZATION,LOCAL_RELEASE_CANDIDATE_ONLY::outputs/profile_release_candidate_v0.1/provenance/p72/profile_provenance_links.csv,PASS
PRC_5A13C5055A54AF794EDD0898,ENSEMBL_SHA256_PREFIX_2_V0.1,p73,PROFILE_PAYLOAD,outputs/profile_release_candidate_v0.1/profiles/p73/profiles.jsonl,ART_87C6E2D6AB8ABE804E682BBC,TARGET_EVIDENCE_PROFILE_FULL_SCHEMA_V0.1,121,0,2302087,d08d01cb9ee533c465dcc632c439c2054adccb761cb92f3ab368fd4127a4c21b,FULL_PROFILE_MATERIALIZER_V0.1,PENDING_EXTERNALIZATION,LOCAL_RELEASE_CANDIDATE_ONLY::outputs/profile_release_candidate_v0.1/profiles/p73/profiles.jsonl,PASS
PRC_5A13C5055A54AF794EDD0898,ENSEMBL_SHA256_PREFIX_2_V0.1,p73,PROVENANCE_LINKS,outputs/profile_release_candidate_v0.1/provenance/p73/profile_provenance_links.csv,ART_8165B6B38139EE4480B1B7DE,PROFILE_PROVENANCE_LINK_SCHEMA_V0.1,121,4235,2598404,f37a341de2d0d913d15e5ec13199662af4598341e4fd95654b1353ed8632f04f,FULL_PROFILE_MATERIALIZER_V0.1,PENDING_EXTERNALIZATION,LOCAL_RELEASE_CANDIDATE_ONLY::outputs/profile_release_candidate_v0.1/provenance/p73/profile_provenance_links.csv,PASS
PRC_5A13C5055A54AF794EDD0898,ENSEMBL_SHA256_PREFIX_2_V0.1,p74,PROFILE_PAYLOAD,outputs/profile_release_candidate_v0.1/profiles/p74/profiles.jsonl,ART_A5A38249B24CF2AE0CAC650C,TARGET_EVIDENCE_PROFILE_FULL_SCHEMA_V0.1,113,0,2149810,96d2ffa3d917e261fb7d922fd7e843fddb964cd57b161ad5b88b10bf41734df8,FULL_PROFILE_MATERIALIZER_V0.1,PENDING_EXTERNALIZATION,LOCAL_RELEASE_CANDIDATE_ONLY::outputs/profile_release_candidate_v0.1/profiles/p74/profiles.jsonl,PASS
PRC_5A13C5055A54AF794EDD0898,ENSEMBL_SHA256_PREFIX_2_V0.1,p74,PROVENANCE_LINKS,outputs/profile_release_candidate_v0.1/provenance/p74/profile_provenance_links.csv,ART_765E6AF03397515798BEA3D5,PROFILE_PROVENANCE_LINK_SCHEMA_V0.1,113,3955,2426188,510a1edeb6447bd7547c3f5c9add8c7189e829597f4d320cb8eda2295c1afe18,FULL_PROFILE_MATERIALIZER_V0.1,PENDING_EXTERNALIZATION,LOCAL_RELEASE_CANDIDATE_ONLY::outputs/profile_release_candidate_v0.1/provenance/p74/profile_provenance_links.csv,PASS
PRC_5A13C5055A54AF794EDD0898,ENSEMBL_SHA256_PREFIX_2_V0.1,p75,PROFILE_PAYLOAD,outputs/profile_release_candidate_v0.1/profiles/p75/profiles.jsonl,ART_E0027CA3B5EB8EFFEE2ADBFF,TARGET_EVIDENCE_PROFILE_FULL_SCHEMA_V0.1,111,0,2111785,28d7ef913c306df87698d74a4d9a0d68e1bb6ab09e537afb0f8df13e92235b7b,FULL_PROFILE_MATERIALIZER_V0.1,PENDING_EXTERNALIZATION,LOCAL_RELEASE_CANDIDATE_ONLY::outputs/profile_release_candidate_v0.1/profiles/p75/profiles.jsonl,PASS
PRC_5A13C5055A54AF794EDD0898,ENSEMBL_SHA256_PREFIX_2_V0.1,p75,PROVENANCE_LINKS,outputs/profile_release_candidate_v0.1/provenance/p75/profile_provenance_links.csv,ART_4D3C86297AF3B7D53CC52DAD,PROFILE_PROVENANCE_LINK_SCHEMA_V0.1,111,3885,2383134,59e029e0202bce7763bd05108fe0beb6386409aef74e6d321637d6535fcaf244,FULL_PROFILE_MATERIALIZER_V0.1,PENDING_EXTERNALIZATION,LOCAL_RELEASE_CANDIDATE_ONLY::outputs/profile_release_candidate_v0.1/provenance/p75/profile_provenance_links.csv,PASS
PRC_5A13C5055A54AF794EDD0898,ENSEMBL_SHA256_PREFIX_2_V0.1,p76,PROFILE_PAYLOAD,outputs/profile_release_candidate_v0.1/profiles/p76/profiles.jsonl,ART_4369F787CF97313A9957A628,TARGET_EVIDENCE_PROFILE_FULL_SCHEMA_V0.1,129,0,2454274,966b61dbc6b9d75920c3b2e7b3f9ddad76c6baf1c07f485dfd8c32268e495976,FULL_PROFILE_MATERIALIZER_V0.1,PENDING_EXTERNALIZATION,LOCAL_RELEASE_CANDIDATE_ONLY::outputs/profile_release_candidate_v0.1/profiles/p76/profiles.jsonl,PASS
PRC_5A13C5055A54AF794EDD0898,ENSEMBL_SHA256_PREFIX_2_V0.1,p76,PROVENANCE_LINKS,outputs/profile_release_candidate_v0.1/provenance/p76/profile_provenance_links.csv,ART_3C2755D9636216443E165A34,PROFILE_PROVENANCE_LINK_SCHEMA_V0.1,129,4515,2769955,2577e8ecf38c721af172a7c6503deb6f241306099d0c8ccbbb94ba216a2b0c98,FULL_PROFILE_MATERIALIZER_V0.1,PENDING_EXTERNALIZATION,LOCAL_RELEASE_CANDIDATE_ONLY::outputs/profile_release_candidate_v0.1/provenance/p76/profile_provenance_links.csv,PASS
PRC_5A13C5055A54AF794EDD0898,ENSEMBL_SHA256_PREFIX_2_V0.1,p77,PROFILE_PAYLOAD,outputs/profile_release_candidate_v0.1/profiles/p77/profiles.jsonl,ART_D79DC0E8E37588EB80E22F1E,TARGET_EVIDENCE_PROFILE_FULL_SCHEMA_V0.1,110,0,2092787,4c8814209e4e3b2151f3c56341250bec224c22df457995062cd527e8a0fdd719,FULL_PROFILE_MATERIALIZER_V0.1,PENDING_EXTERNALIZATION,LOCAL_RELEASE_CANDIDATE_ONLY::outputs/profile_release_candidate_v0.1/profiles/p77/profiles.jsonl,PASS
PRC_5A13C5055A54AF794EDD0898,ENSEMBL_SHA256_PREFIX_2_V0.1,p77,PROVENANCE_LINKS,outputs/profile_release_candidate_v0.1/provenance/p77/profile_provenance_links.csv,ART_4EE03F33CD1B728C3DF7C8FD,PROFILE_PROVENANCE_LINK_SCHEMA_V0.1,110,3850,2362342,7796083e79b0a7edf432032ac0115d5119d2354634353cc1f4fe865777209a23,FULL_PROFILE_MATERIALIZER_V0.1,PENDING_EXTERNALIZATION,LOCAL_RELEASE_CANDIDATE_ONLY::outputs/profile_release_candidate_v0.1/provenance/p77/profile_provenance_links.csv,PASS
PRC_5A13C5055A54AF794EDD0898,ENSEMBL_SHA256_PREFIX_2_V0.1,p78,PROFILE_PAYLOAD,outputs/profile_release_candidate_v0.1/profiles/p78/profiles.jsonl,ART_FAD54F32AD5C4CCF872086F7,TARGET_EVIDENCE_PROFILE_FULL_SCHEMA_V0.1,111,0,2111848,cd155e670ac5cd87ab3c6c4617bfeb5df3b6fe697e7b21bc3ecde939f2298533,FULL_PROFILE_MATERIALIZER_V0.1,PENDING_EXTERNALIZATION,LOCAL_RELEASE_CANDIDATE_ONLY::outputs/profile_release_candidate_v0.1/profiles/p78/profiles.jsonl,PASS
PRC_5A13C5055A54AF794EDD0898,ENSEMBL_SHA256_PREFIX_2_V0.1,p78,PROVENANCE_LINKS,outputs/profile_release_candidate_v0.1/provenance/p78/profile_provenance_links.csv,ART_536B1E0DA76D488CACA96B9F,PROFILE_PROVENANCE_LINK_SCHEMA_V0.1,111,3885,2383309,d07f8e9c13d8efbb35f0a7a94d0530544bc9eb429329aacc90b6e9b9860e6757,FULL_PROFILE_MATERIALIZER_V0.1,PENDING_EXTERNALIZATION,LOCAL_RELEASE_CANDIDATE_ONLY::outputs/profile_release_candidate_v0.1/provenance/p78/profile_provenance_links.csv,PASS
PRC_5A13C5055A54AF794EDD0898,ENSEMBL_SHA256_PREFIX_2_V0.1,p79,PROFILE_PAYLOAD,outputs/profile_release_candidate_v0.1/profiles/p79/profiles.jsonl,ART_F04A2D5A7A8006F4D125E08D,TARGET_EVIDENCE_PROFILE_FULL_SCHEMA_V0.1,121,0,2302040,fc07ca957c9402dc3b029a587b0d3dc1bcd763c3a0a43cecf775fc02ca7c9837,FULL_PROFILE_MATERIALIZER_V0.1,PENDING_EXTERNALIZATION,LOCAL_RELEASE_CANDIDATE_ONLY::outputs/profile_release_candidate_v0.1/profiles/p79/profiles.jsonl,PASS
PRC_5A13C5055A54AF794EDD0898,ENSEMBL_SHA256_PREFIX_2_V0.1,p79,PROVENANCE_LINKS,outputs/profile_release_candidate_v0.1/provenance/p79/profile_provenance_links.csv,ART_0C6DC1079FCF99FB956FD547,PROFILE_PROVENANCE_LINK_SCHEMA_V0.1,121,4235,2597949,d04ae907aec71c3a9897ba7242c47faab158df3ce1df958161e873f13ac9afc6,FULL_PROFILE_MATERIALIZER_V0.1,PENDING_EXTERNALIZATION,LOCAL_RELEASE_CANDIDATE_ONLY::outputs/profile_release_candidate_v0.1/provenance/p79/profile_provenance_links.csv,PASS
PRC_5A13C5055A54AF794EDD0898,ENSEMBL_SHA256_PREFIX_2_V0.1,p7a,PROFILE_PAYLOAD,outputs/profile_release_candidate_v0.1/profiles/p7a/profiles.jsonl,ART_54669B944FAC22BBEF07183E,TARGET_EVIDENCE_PROFILE_FULL_SCHEMA_V0.1,122,0,2321090,346af4496f5863a7988cf35a978b8caa51be0f7dad919b596317f25b7d1f96e7,FULL_PROFILE_MATERIALIZER_V0.1,PENDING_EXTERNALIZATION,LOCAL_RELEASE_CANDIDATE_ONLY::outputs/profile_release_candidate_v0.1/profiles/p7a/profiles.jsonl,PASS
PRC_5A13C5055A54AF794EDD0898,ENSEMBL_SHA256_PREFIX_2_V0.1,p7a,PROVENANCE_LINKS,outputs/profile_release_candidate_v0.1/provenance/p7a/profile_provenance_links.csv,ART_C8EF5AE41AF9F802FB1FE90B,PROFILE_PROVENANCE_LINK_SCHEMA_V0.1,122,4270,2619511,c1f18050a651b7124eff892523271c58e07848b8f99ae993294ca11f8884b54a,FULL_PROFILE_MATERIALIZER_V0.1,PENDING_EXTERNALIZATION,LOCAL_RELEASE_CANDIDATE_ONLY::outputs/profile_release_candidate_v0.1/provenance/p7a/profile_provenance_links.csv,PASS
PRC_5A13C5055A54AF794EDD0898,ENSEMBL_SHA256_PREFIX_2_V0.1,p7b,PROFILE_PAYLOAD,outputs/profile_release_candidate_v0.1/profiles/p7b/profiles.jsonl,ART_3412924A7DB7964BF5413AA6,TARGET_EVIDENCE_PROFILE_FULL_SCHEMA_V0.1,107,0,2035726,6850a50be0b927b8426be0a91d523b1f9abab051b98f9d7fb51eb45f9c72fe44,FULL_PROFILE_MATERIALIZER_V0.1,PENDING_EXTERNALIZATION,LOCAL_RELEASE_CANDIDATE_ONLY::outputs/profile_release_candidate_v0.1/profiles/p7b/profiles.jsonl,PASS
PRC_5A13C5055A54AF794EDD0898,ENSEMBL_SHA256_PREFIX_2_V0.1,p7b,PROVENANCE_LINKS,outputs/profile_release_candidate_v0.1/provenance/p7b/profile_provenance_links.csv,ART_45B8ABD2236508C96D61964F,PROFILE_PROVENANCE_LINK_SCHEMA_V0.1,107,3745,2297656,703079e92d5b7675338b039a0e44a08ff9e56cb05b315531892c15c98ef5fd05,FULL_PROFILE_MATERIALIZER_V0.1,PENDING_EXTERNALIZATION,LOCAL_RELEASE_CANDIDATE_ONLY::outputs/profile_release_candidate_v0.1/provenance/p7b/profile_provenance_links.csv,PASS
PRC_5A13C5055A54AF794EDD0898,ENSEMBL_SHA256_PREFIX_2_V0.1,p7c,PROFILE_PAYLOAD,outputs/profile_release_candidate_v0.1/profiles/p7c/profiles.jsonl,ART_434E1729C3550E188F76628A,TARGET_EVIDENCE_PROFILE_FULL_SCHEMA_V0.1,130,0,2473277,76065f0ca817c990467bbff3d1c24a359c76fc7ae45efca1aa6ba15fbdfd79f0,FULL_PROFILE_MATERIALIZER_V0.1,PENDING_EXTERNALIZATION,LOCAL_RELEASE_CANDIDATE_ONLY::outputs/profile_release_candidate_v0.1/profiles/p7c/profiles.jsonl,PASS
PRC_5A13C5055A54AF794EDD0898,ENSEMBL_SHA256_PREFIX_2_V0.1,p7c,PROVENANCE_LINKS,outputs/profile_release_candidate_v0.1/provenance/p7c/profile_provenance_links.csv,ART_1013FF0D491FA9EE9A6CA972,PROFILE_PROVENANCE_LINK_SCHEMA_V0.1,130,4550,2791902,c451768be94ccdc0dfb7eb12dc01812bf6d234691d1786d17ce0b2b83f541d87,FULL_PROFILE_MATERIALIZER_V0.1,PENDING_EXTERNALIZATION,LOCAL_RELEASE_CANDIDATE_ONLY::outputs/profile_release_candidate_v0.1/provenance/p7c/profile_provenance_links.csv,PASS
PRC_5A13C5055A54AF794EDD0898,ENSEMBL_SHA256_PREFIX_2_V0.1,p7d,PROFILE_PAYLOAD,outputs/profile_release_candidate_v0.1/profiles/p7d/profiles.jsonl,ART_CB8A7DBF1151489BC2591FC3,TARGET_EVIDENCE_PROFILE_FULL_SCHEMA_V0.1,106,0,2016696,ddb8a21a81fed6c9581b4dcb181c2923f1693a73f4addd68c7f168cc5d91ad23,FULL_PROFILE_MATERIALIZER_V0.1,PENDING_EXTERNALIZATION,LOCAL_RELEASE_CANDIDATE_ONLY::outputs/profile_release_candidate_v0.1/profiles/p7d/profiles.jsonl,PASS
PRC_5A13C5055A54AF794EDD0898,ENSEMBL_SHA256_PREFIX_2_V0.1,p7d,PROVENANCE_LINKS,outputs/profile_release_candidate_v0.1/provenance/p7d/profile_provenance_links.csv,ART_0F0FA24AF5F1CB086A22ADC6,PROFILE_PROVENANCE_LINK_SCHEMA_V0.1,106,3710,2276899,8ab24c18e317cda6bdf328bef1c035f6b779f9eca4d83e122f121d89926164ee,FULL_PROFILE_MATERIALIZER_V0.1,PENDING_EXTERNALIZATION,LOCAL_RELEASE_CANDIDATE_ONLY::outputs/profile_release_candidate_v0.1/provenance/p7d/profile_provenance_links.csv,PASS
PRC_5A13C5055A54AF794EDD0898,ENSEMBL_SHA256_PREFIX_2_V0.1,p7e,PROFILE_PAYLOAD,outputs/profile_release_candidate_v0.1/profiles/p7e/profiles.jsonl,ART_F8F481805F89AD1FA5B482DD,TARGET_EVIDENCE_PROFILE_FULL_SCHEMA_V0.1,112,0,2130860,69377ae3972fc30156ce24d0305607c61502d1ef9bdb59f7f75dcf42a489c89f,FULL_PROFILE_MATERIALIZER_V0.1,PENDING_EXTERNALIZATION,LOCAL_RELEASE_CANDIDATE_ONLY::outputs/profile_release_candidate_v0.1/profiles/p7e/profiles.jsonl,PASS
PRC_5A13C5055A54AF794EDD0898,ENSEMBL_SHA256_PREFIX_2_V0.1,p7e,PROVENANCE_LINKS,outputs/profile_release_candidate_v0.1/provenance/p7e/profile_provenance_links.csv,ART_6AA41B46C009004CF863352C,PROFILE_PROVENANCE_LINK_SCHEMA_V0.1,112,3920,2405466,7dfc0a14fa185a7dc91d91b6014157e3b92b16c15e79f3e33357f5944d895bf2,FULL_PROFILE_MATERIALIZER_V0.1,PENDING_EXTERNALIZATION,LOCAL_RELEASE_CANDIDATE_ONLY::outputs/profile_release_candidate_v0.1/provenance/p7e/profile_provenance_links.csv,PASS
PRC_5A13C5055A54AF794EDD0898,ENSEMBL_SHA256_PREFIX_2_V0.1,p7f,PROFILE_PAYLOAD,outputs/profile_release_candidate_v0.1/profiles/p7f/profiles.jsonl,ART_645E26AA2AE8E9467D854755,TARGET_EVIDENCE_PROFILE_FULL_SCHEMA_V0.1,99,0,1883495,aabc63e240ef9f56c9127398047a92509a78403b3ed65832578e128f161b0e42,FULL_PROFILE_MATERIALIZER_V0.1,PENDING_EXTERNALIZATION,LOCAL_RELEASE_CANDIDATE_ONLY::outputs/profile_release_candidate_v0.1/profiles/p7f/profiles.jsonl,PASS
PRC_5A13C5055A54AF794EDD0898,ENSEMBL_SHA256_PREFIX_2_V0.1,p7f,PROVENANCE_LINKS,outputs/profile_release_candidate_v0.1/provenance/p7f/profile_provenance_links.csv,ART_C62955B365CC4C4C95A3851C,PROFILE_PROVENANCE_LINK_SCHEMA_V0.1,99,3465,2126420,4f3ebc7ecbdbd75b9be927f1ab3c1051f1523e49888c8560ac82a7da731eb786,FULL_PROFILE_MATERIALIZER_V0.1,PENDING_EXTERNALIZATION,LOCAL_RELEASE_CANDIDATE_ONLY::outputs/profile_release_candidate_v0.1/provenance/p7f/profile_provenance_links.csv,PASS
PRC_5A13C5055A54AF794EDD0898,ENSEMBL_SHA256_PREFIX_2_V0.1,p80,PROFILE_PAYLOAD,outputs/profile_release_candidate_v0.1/profiles/p80/profiles.jsonl,ART_8CEAA4BA629B3BAC9B15F766,TARGET_EVIDENCE_PROFILE_FULL_SCHEMA_V0.1,102,0,1940553,819699c34bdd1f60e922d3450d170e04196ce978c323e2257dc3760bd1d03883,FULL_PROFILE_MATERIALIZER_V0.1,PENDING_EXTERNALIZATION,LOCAL_RELEASE_CANDIDATE_ONLY::outputs/profile_release_candidate_v0.1/profiles/p80/profiles.jsonl,PASS
PRC_5A13C5055A54AF794EDD0898,ENSEMBL_SHA256_PREFIX_2_V0.1,p80,PROVENANCE_LINKS,outputs/profile_release_candidate_v0.1/provenance/p80/profile_provenance_links.csv,ART_E8D24DABB499E710FC45BDC4,PROFILE_PROVENANCE_LINK_SCHEMA_V0.1,102,3570,2191036,0d72d820b1e52761c04845952dd1bc3ef13309c5b3605bc1afacdd043525c3f7,FULL_PROFILE_MATERIALIZER_V0.1,PENDING_EXTERNALIZATION,LOCAL_RELEASE_CANDIDATE_ONLY::outputs/profile_release_candidate_v0.1/provenance/p80/profile_provenance_links.csv,PASS
PRC_5A13C5055A54AF794EDD0898,ENSEMBL_SHA256_PREFIX_2_V0.1,p81,PROFILE_PAYLOAD,outputs/profile_release_candidate_v0.1/profiles/p81/profiles.jsonl,ART_772857C5CB3FD161BFE5A830,TARGET_EVIDENCE_PROFILE_FULL_SCHEMA_V0.1,117,0,2225944,2575869d11dd20ea621f2a135f83e561d36bfaddc83e7b204cf47d3d06598293,FULL_PROFILE_MATERIALIZER_V0.1,PENDING_EXTERNALIZATION,LOCAL_RELEASE_CANDIDATE_ONLY::outputs/profile_release_candidate_v0.1/profiles/p81/profiles.jsonl,PASS
PRC_5A13C5055A54AF794EDD0898,ENSEMBL_SHA256_PREFIX_2_V0.1,p81,PROVENANCE_LINKS,outputs/profile_release_candidate_v0.1/provenance/p81/profile_provenance_links.csv,ART_E97EF7559939350EECF4FBA8,PROFILE_PROVENANCE_LINK_SCHEMA_V0.1,117,4095,2512156,f33fab26e22dfd2859e6b66b4315abbeb35ff3e6bf09e040b7d6b3eba97a7bd7,FULL_PROFILE_MATERIALIZER_V0.1,PENDING_EXTERNALIZATION,LOCAL_RELEASE_CANDIDATE_ONLY::outputs/profile_release_candidate_v0.1/provenance/p81/profile_provenance_links.csv,PASS
PRC_5A13C5055A54AF794EDD0898,ENSEMBL_SHA256_PREFIX_2_V0.1,p82,PROFILE_PAYLOAD,outputs/profile_release_candidate_v0.1/profiles/p82/profiles.jsonl,ART_26A6E6237DFBDDF876541EAA,TARGET_EVIDENCE_PROFILE_FULL_SCHEMA_V0.1,112,0,2130842,5842828976049b9da69b476738e9ffb83d144920c9aa293388c9ebb4cf1264a4,FULL_PROFILE_MATERIALIZER_V0.1,PENDING_EXTERNALIZATION,LOCAL_RELEASE_CANDIDATE_ONLY::outputs/profile_release_candidate_v0.1/profiles/p82/profiles.jsonl,PASS
PRC_5A13C5055A54AF794EDD0898,ENSEMBL_SHA256_PREFIX_2_V0.1,p82,PROVENANCE_LINKS,outputs/profile_release_candidate_v0.1/provenance/p82/profile_provenance_links.csv,ART_AE918B4C7D68F6D956502293,PROFILE_PROVENANCE_LINK_SCHEMA_V0.1,112,3920,2404486,eb3e35ffe9d329381d3d410d646e006c5d010cea7d99e736b1da5ef42ec960ff,FULL_PROFILE_MATERIALIZER_V0.1,PENDING_EXTERNALIZATION,LOCAL_RELEASE_CANDIDATE_ONLY::outputs/profile_release_candidate_v0.1/provenance/p82/profile_provenance_links.csv,PASS
PRC_5A13C5055A54AF794EDD0898,ENSEMBL_SHA256_PREFIX_2_V0.1,p83,PROFILE_PAYLOAD,outputs/profile_release_candidate_v0.1/profiles/p83/profiles.jsonl,ART_7780C5A5C20F05F806C01C4D,TARGET_EVIDENCE_PROFILE_FULL_SCHEMA_V0.1,101,0,1921583,00b08eaab9c275381bd86e8bc99a4183e201a8b3d9a1a06f95ec08c97debb15b,FULL_PROFILE_MATERIALIZER_V0.1,PENDING_EXTERNALIZATION,LOCAL_RELEASE_CANDIDATE_ONLY::outputs/profile_release_candidate_v0.1/profiles/p83/profiles.jsonl,PASS
PRC_5A13C5055A54AF794EDD0898,ENSEMBL_SHA256_PREFIX_2_V0.1,p83,PROVENANCE_LINKS,outputs/profile_release_candidate_v0.1/provenance/p83/profile_provenance_links.csv,ART_56D5E08C61390A70A29BDDE9,PROFILE_PROVENANCE_LINK_SCHEMA_V0.1,101,3535,2168809,02854e95377dc0f305bb60d491257680fa9ac0b5875d2fa81ff53adc9ea0ce56,FULL_PROFILE_MATERIALIZER_V0.1,PENDING_EXTERNALIZATION,LOCAL_RELEASE_CANDIDATE_ONLY::outputs/profile_release_candidate_v0.1/provenance/p83/profile_provenance_links.csv,PASS
PRC_5A13C5055A54AF794EDD0898,ENSEMBL_SHA256_PREFIX_2_V0.1,p84,PROFILE_PAYLOAD,outputs/profile_release_candidate_v0.1/profiles/p84/profiles.jsonl,ART_DC5252B72B365FC016DF6D42,TARGET_EVIDENCE_PROFILE_FULL_SCHEMA_V0.1,114,0,2168819,af270429169873740bba160d3f2bc9a7a832205db3062d14355133cb1be26553,FULL_PROFILE_MATERIALIZER_V0.1,PENDING_EXTERNALIZATION,LOCAL_RELEASE_CANDIDATE_ONLY::outputs/profile_release_candidate_v0.1/profiles/p84/profiles.jsonl,PASS
PRC_5A13C5055A54AF794EDD0898,ENSEMBL_SHA256_PREFIX_2_V0.1,p84,PROVENANCE_LINKS,outputs/profile_release_candidate_v0.1/provenance/p84/profile_provenance_links.csv,ART_056EDA868831990910B51548,PROFILE_PROVENANCE_LINK_SCHEMA_V0.1,114,3990,2447610,da9fdfe551eeeb0a6e322bca21e327701e4d218fd8e3e0677790ac3895643344,FULL_PROFILE_MATERIALIZER_V0.1,PENDING_EXTERNALIZATION,LOCAL_RELEASE_CANDIDATE_ONLY::outputs/profile_release_candidate_v0.1/provenance/p84/profile_provenance_links.csv,PASS
PRC_5A13C5055A54AF794EDD0898,ENSEMBL_SHA256_PREFIX_2_V0.1,p85,PROFILE_PAYLOAD,outputs/profile_release_candidate_v0.1/profiles/p85/profiles.jsonl,ART_3EC6F5848A540B419EB6B016,TARGET_EVIDENCE_PROFILE_FULL_SCHEMA_V0.1,117,0,2225989,f7cab86e84facc11d871d66d235c68459933ea077a2f7f20b24217d17b2a3e41,FULL_PROFILE_MATERIALIZER_V0.1,PENDING_EXTERNALIZATION,LOCAL_RELEASE_CANDIDATE_ONLY::outputs/profile_release_candidate_v0.1/profiles/p85/profiles.jsonl,PASS
PRC_5A13C5055A54AF794EDD0898,ENSEMBL_SHA256_PREFIX_2_V0.1,p85,PROVENANCE_LINKS,outputs/profile_release_candidate_v0.1/provenance/p85/profile_provenance_links.csv,ART_73A6CD7A624D1C5B1C05F39E,PROFILE_PROVENANCE_LINK_SCHEMA_V0.1,117,4095,2512681,994ca37bcd2e3b34e07af930b05db766ce498a4d8a3819ea525ddb1a0c6cc802,FULL_PROFILE_MATERIALIZER_V0.1,PENDING_EXTERNALIZATION,LOCAL_RELEASE_CANDIDATE_ONLY::outputs/profile_release_candidate_v0.1/provenance/p85/profile_provenance_links.csv,PASS
PRC_5A13C5055A54AF794EDD0898,ENSEMBL_SHA256_PREFIX_2_V0.1,p86,PROFILE_PAYLOAD,outputs/profile_release_candidate_v0.1/profiles/p86/profiles.jsonl,ART_CFA9F51911A3F9CD94DF181A,TARGET_EVIDENCE_PROFILE_FULL_SCHEMA_V0.1,123,0,2340070,64043512d46400e892317ebf68368f7fda2936864ee1e0065e9137467f101c6f,FULL_PROFILE_MATERIALIZER_V0.1,PENDING_EXTERNALIZATION,LOCAL_RELEASE_CANDIDATE_ONLY::outputs/profile_release_candidate_v0.1/profiles/p86/profiles.jsonl,PASS
PRC_5A13C5055A54AF794EDD0898,ENSEMBL_SHA256_PREFIX_2_V0.1,p86,PROVENANCE_LINKS,outputs/profile_release_candidate_v0.1/provenance/p86/profile_provenance_links.csv,ART_3176CFEBCA3B07A10225A8AF,PROFILE_PROVENANCE_LINK_SCHEMA_V0.1,123,4305,2641073,63516eedea954177118a5387c29f250f8688057532ad476d8817fdd547d8db47,FULL_PROFILE_MATERIALIZER_V0.1,PENDING_EXTERNALIZATION,LOCAL_RELEASE_CANDIDATE_ONLY::outputs/profile_release_candidate_v0.1/provenance/p86/profile_provenance_links.csv,PASS
PRC_5A13C5055A54AF794EDD0898,ENSEMBL_SHA256_PREFIX_2_V0.1,p87,PROFILE_PAYLOAD,outputs/profile_release_candidate_v0.1/profiles/p87/profiles.jsonl,ART_467AA67AA400272FF35791F5,TARGET_EVIDENCE_PROFILE_FULL_SCHEMA_V0.1,101,0,1921560,85baa648b749d19e75910ccc211077afb053122e94b54e6ecf5ffdb83f6aa5ed,FULL_PROFILE_MATERIALIZER_V0.1,PENDING_EXTERNALIZATION,LOCAL_RELEASE_CANDIDATE_ONLY::outputs/profile_release_candidate_v0.1/profiles/p87/profiles.jsonl,PASS
PRC_5A13C5055A54AF794EDD0898,ENSEMBL_SHA256_PREFIX_2_V0.1,p87,PROVENANCE_LINKS,outputs/profile_release_candidate_v0.1/provenance/p87/profile_provenance_links.csv,ART_5B647C8D80132ECDA3C0F5ED,PROFILE_PROVENANCE_LINK_SCHEMA_V0.1,101,3535,2169124,3833c0f4608ec139f325ebd1dc044d634623ad2add4fae880c8961a79c5a73cb,FULL_PROFILE_MATERIALIZER_V0.1,PENDING_EXTERNALIZATION,LOCAL_RELEASE_CANDIDATE_ONLY::outputs/profile_release_candidate_v0.1/provenance/p87/profile_provenance_links.csv,PASS
PRC_5A13C5055A54AF794EDD0898,ENSEMBL_SHA256_PREFIX_2_V0.1,p88,PROFILE_PAYLOAD,outputs/profile_release_candidate_v0.1/profiles/p88/profiles.jsonl,ART_3A5758F2F1B71F43301CEAD3,TARGET_EVIDENCE_PROFILE_FULL_SCHEMA_V0.1,120,0,2283046,923717e9e710e0074fac1aef6e5d828cfcc2be4b65ef348fcb24c41c6f777e32,FULL_PROFILE_MATERIALIZER_V0.1,PENDING_EXTERNALIZATION,LOCAL_RELEASE_CANDIDATE_ONLY::outputs/profile_release_candidate_v0.1/profiles/p88/profiles.jsonl,PASS
PRC_5A13C5055A54AF794EDD0898,ENSEMBL_SHA256_PREFIX_2_V0.1,p88,PROVENANCE_LINKS,outputs/profile_release_candidate_v0.1/provenance/p88/profile_provenance_links.csv,ART_D9655C79891EA385DEDCF704,PROFILE_PROVENANCE_LINK_SCHEMA_V0.1,120,4200,2577192,a49e00e05e01319e22b2bc1e183174fda11befdd46467baf5a10900d073378f3,FULL_PROFILE_MATERIALIZER_V0.1,PENDING_EXTERNALIZATION,LOCAL_RELEASE_CANDIDATE_ONLY::outputs/profile_release_candidate_v0.1/provenance/p88/profile_provenance_links.csv,PASS
PRC_5A13C5055A54AF794EDD0898,ENSEMBL_SHA256_PREFIX_2_V0.1,p89,PROFILE_PAYLOAD,outputs/profile_release_candidate_v0.1/profiles/p89/profiles.jsonl,ART_68DC046BF70C68B84A5CA4AE,TARGET_EVIDENCE_PROFILE_FULL_SCHEMA_V0.1,128,0,2435234,9081e02138ceda85f6cfc8981257fb1e7fc20ef2130be0e015361eebc0554744,FULL_PROFILE_MATERIALIZER_V0.1,PENDING_EXTERNALIZATION,LOCAL_RELEASE_CANDIDATE_ONLY::outputs/profile_release_candidate_v0.1/profiles/p89/profiles.jsonl,PASS
PRC_5A13C5055A54AF794EDD0898,ENSEMBL_SHA256_PREFIX_2_V0.1,p89,PROVENANCE_LINKS,outputs/profile_release_candidate_v0.1/provenance/p89/profile_provenance_links.csv,ART_C90DC2BB14CA0DE3CE8D914A,PROFILE_PROVENANCE_LINK_SCHEMA_V0.1,128,4480,2749093,8ef1d5053c8354a10cb7f53cfc6757868e2b65b21a3919f9856f3b9bd68d1700,FULL_PROFILE_MATERIALIZER_V0.1,PENDING_EXTERNALIZATION,LOCAL_RELEASE_CANDIDATE_ONLY::outputs/profile_release_candidate_v0.1/provenance/p89/profile_provenance_links.csv,PASS
PRC_5A13C5055A54AF794EDD0898,ENSEMBL_SHA256_PREFIX_2_V0.1,p8a,PROFILE_PAYLOAD,outputs/profile_release_candidate_v0.1/profiles/p8a/profiles.jsonl,ART_720C689D1E0BC51721029D25,TARGET_EVIDENCE_PROFILE_FULL_SCHEMA_V0.1,125,0,2378162,0565d826e099ee7b219b74be5e5579afb72bf8932fd6d99f294ecacf2230c7f9,FULL_PROFILE_MATERIALIZER_V0.1,PENDING_EXTERNALIZATION,LOCAL_RELEASE_CANDIDATE_ONLY::outputs/profile_release_candidate_v0.1/profiles/p8a/profiles.jsonl,PASS
PRC_5A13C5055A54AF794EDD0898,ENSEMBL_SHA256_PREFIX_2_V0.1,p8a,PROVENANCE_LINKS,outputs/profile_release_candidate_v0.1/provenance/p8a/profile_provenance_links.csv,ART_B1FA581C23D10AD5DCC56855,PROFILE_PROVENANCE_LINK_SCHEMA_V0.1,125,4375,2683882,c001a83a4c2392980f9a690b7a8b74c35cabfd6f18598c2adb20cd4159145cdc,FULL_PROFILE_MATERIALIZER_V0.1,PENDING_EXTERNALIZATION,LOCAL_RELEASE_CANDIDATE_ONLY::outputs/profile_release_candidate_v0.1/provenance/p8a/profile_provenance_links.csv,PASS
PRC_5A13C5055A54AF794EDD0898,ENSEMBL_SHA256_PREFIX_2_V0.1,p8b,PROFILE_PAYLOAD,outputs/profile_release_candidate_v0.1/profiles/p8b/profiles.jsonl,ART_933FA7CBD58EE6799EA5796B,TARGET_EVIDENCE_PROFILE_FULL_SCHEMA_V0.1,120,0,2283109,5e70f1f6b3d44735d0b72b46d4457bf4590457c55c1c918637918303c7cad856,FULL_PROFILE_MATERIALIZER_V0.1,PENDING_EXTERNALIZATION,LOCAL_RELEASE_CANDIDATE_ONLY::outputs/profile_release_candidate_v0.1/profiles/p8b/profiles.jsonl,PASS
PRC_5A13C5055A54AF794EDD0898,ENSEMBL_SHA256_PREFIX_2_V0.1,p8b,PROVENANCE_LINKS,outputs/profile_release_candidate_v0.1/provenance/p8b/profile_provenance_links.csv,ART_818E9A5427CE43FE228B278C,PROFILE_PROVENANCE_LINK_SCHEMA_V0.1,120,4200,2577577,ad9053dd76790340a725a1e22d4d92578577984fa52d0d07c815df7108ccab96,FULL_PROFILE_MATERIALIZER_V0.1,PENDING_EXTERNALIZATION,LOCAL_RELEASE_CANDIDATE_ONLY::outputs/profile_release_candidate_v0.1/provenance/p8b/profile_provenance_links.csv,PASS
PRC_5A13C5055A54AF794EDD0898,ENSEMBL_SHA256_PREFIX_2_V0.1,p8c,PROFILE_PAYLOAD,outputs/profile_release_candidate_v0.1/profiles/p8c/profiles.jsonl,ART_9EB0F370F88FD356ED207B93,TARGET_EVIDENCE_PROFILE_FULL_SCHEMA_V0.1,141,0,2682626,261299b5067ff137bb0e21fdf684bbcfa6691de2d494b192331ca67ba427f830,FULL_PROFILE_MATERIALIZER_V0.1,PENDING_EXTERNALIZATION,LOCAL_RELEASE_CANDIDATE_ONLY::outputs/profile_release_candidate_v0.1/profiles/p8c/profiles.jsonl,PASS
PRC_5A13C5055A54AF794EDD0898,ENSEMBL_SHA256_PREFIX_2_V0.1,p8c,PROVENANCE_LINKS,outputs/profile_release_candidate_v0.1/provenance/p8c/profile_provenance_links.csv,ART_5DB76D771B006B6271A1DC1C,PROFILE_PROVENANCE_LINK_SCHEMA_V0.1,141,4935,3027859,a4b0711484330c32856b2f022a31b3b8f921363de3214e877bc0e6be0cd7d313,FULL_PROFILE_MATERIALIZER_V0.1,PENDING_EXTERNALIZATION,LOCAL_RELEASE_CANDIDATE_ONLY::outputs/profile_release_candidate_v0.1/provenance/p8c/profile_provenance_links.csv,PASS
PRC_5A13C5055A54AF794EDD0898,ENSEMBL_SHA256_PREFIX_2_V0.1,p8d,PROFILE_PAYLOAD,outputs/profile_release_candidate_v0.1/profiles/p8d/profiles.jsonl,ART_E88B594B4E9175A34585DDE0,TARGET_EVIDENCE_PROFILE_FULL_SCHEMA_V0.1,118,0,2244942,ed0e0b92a245e239a506ba7120721fb770561148b579c7ad99e4cfce3467bb27,FULL_PROFILE_MATERIALIZER_V0.1,PENDING_EXTERNALIZATION,LOCAL_RELEASE_CANDIDATE_ONLY::outputs/profile_release_candidate_v0.1/profiles/p8d/profiles.jsonl,PASS
PRC_5A13C5055A54AF794EDD0898,ENSEMBL_SHA256_PREFIX_2_V0.1,p8d,PROVENANCE_LINKS,outputs/profile_release_candidate_v0.1/provenance/p8d/profile_provenance_links.csv,ART_BE62F87CB0F30E932A033704,PROFILE_PROVENANCE_LINK_SCHEMA_V0.1,118,4130,2532913,a8b33dd4aa1df1c19bb61bd82ccbdb928f6f245f7fc50648df86a16ca11a113c,FULL_PROFILE_MATERIALIZER_V0.1,PENDING_EXTERNALIZATION,LOCAL_RELEASE_CANDIDATE_ONLY::outputs/profile_release_candidate_v0.1/provenance/p8d/profile_provenance_links.csv,PASS
PRC_5A13C5055A54AF794EDD0898,ENSEMBL_SHA256_PREFIX_2_V0.1,p8e,PROFILE_PAYLOAD,outputs/profile_release_candidate_v0.1/profiles/p8e/profiles.jsonl,ART_A3EE2A0B66771D02EF9D6825,TARGET_EVIDENCE_PROFILE_FULL_SCHEMA_V0.1,96,0,1826323,566033e23d981a1d60a01870177888512c48b84e97dc7ee074788a058a44d9b7,FULL_PROFILE_MATERIALIZER_V0.1,PENDING_EXTERNALIZATION,LOCAL_RELEASE_CANDIDATE_ONLY::outputs/profile_release_candidate_v0.1/profiles/p8e/profiles.jsonl,PASS
PRC_5A13C5055A54AF794EDD0898,ENSEMBL_SHA256_PREFIX_2_V0.1,p8e,PROVENANCE_LINKS,outputs/profile_release_candidate_v0.1/provenance/p8e/profile_provenance_links.csv,ART_A7F0B2F44F58DB00E7168FF0,PROFILE_PROVENANCE_LINK_SCHEMA_V0.1,96,3360,2060614,32a12f70070c2e4989398d50a52fe86b429a82a25ef3d23747b937d60ae3b343,FULL_PROFILE_MATERIALIZER_V0.1,PENDING_EXTERNALIZATION,LOCAL_RELEASE_CANDIDATE_ONLY::outputs/profile_release_candidate_v0.1/provenance/p8e/profile_provenance_links.csv,PASS
PRC_5A13C5055A54AF794EDD0898,ENSEMBL_SHA256_PREFIX_2_V0.1,p8f,PROFILE_PAYLOAD,outputs/profile_release_candidate_v0.1/profiles/p8f/profiles.jsonl,ART_1656C4226EC4B7510992B319,TARGET_EVIDENCE_PROFILE_FULL_SCHEMA_V0.1,123,0,2340117,312d9451fc91172116cdbc3e26b1dfb0cc085e4abb6b90d1ddcd694a79b4ab6c,FULL_PROFILE_MATERIALIZER_V0.1,PENDING_EXTERNALIZATION,LOCAL_RELEASE_CANDIDATE_ONLY::outputs/profile_release_candidate_v0.1/profiles/p8f/profiles.jsonl,PASS
PRC_5A13C5055A54AF794EDD0898,ENSEMBL_SHA256_PREFIX_2_V0.1,p8f,PROVENANCE_LINKS,outputs/profile_release_candidate_v0.1/provenance/p8f/profile_provenance_links.csv,ART_20694B11AF8BE5E8DAFAB22D,PROFILE_PROVENANCE_LINK_SCHEMA_V0.1,123,4305,2641598,afb47f4105e1067b7f4b32ab1fc6f5b94b8fc829da8a6ae4d5117a34c23d6b93,FULL_PROFILE_MATERIALIZER_V0.1,PENDING_EXTERNALIZATION,LOCAL_RELEASE_CANDIDATE_ONLY::outputs/profile_release_candidate_v0.1/provenance/p8f/profile_provenance_links.csv,PASS
PRC_5A13C5055A54AF794EDD0898,ENSEMBL_SHA256_PREFIX_2_V0.1,p90,PROFILE_PAYLOAD,outputs/profile_release_candidate_v0.1/profiles/p90/profiles.jsonl,ART_E0C1692A06A0CA7009618177,TARGET_EVIDENCE_PROFILE_FULL_SCHEMA_V0.1,116,0,2206936,4e17a49cfc8dd1c2db5a422e66101e856aa37958a221829d8973f544dbfcf0e2,FULL_PROFILE_MATERIALIZER_V0.1,PENDING_EXTERNALIZATION,LOCAL_RELEASE_CANDIDATE_ONLY::outputs/profile_release_candidate_v0.1/profiles/p90/profiles.jsonl,PASS
PRC_5A13C5055A54AF794EDD0898,ENSEMBL_SHA256_PREFIX_2_V0.1,p90,PROVENANCE_LINKS,outputs/profile_release_candidate_v0.1/provenance/p90/profile_provenance_links.csv,ART_F609B0BC30BE5953615499E9,PROFILE_PROVENANCE_LINK_SCHEMA_V0.1,116,4060,2491119,b2363e670a11813333a90196b17d0d70184957227a3e57a6169762a526d261e5,FULL_PROFILE_MATERIALIZER_V0.1,PENDING_EXTERNALIZATION,LOCAL_RELEASE_CANDIDATE_ONLY::outputs/profile_release_candidate_v0.1/provenance/p90/profile_provenance_links.csv,PASS
PRC_5A13C5055A54AF794EDD0898,ENSEMBL_SHA256_PREFIX_2_V0.1,p91,PROFILE_PAYLOAD,outputs/profile_release_candidate_v0.1/profiles/p91/profiles.jsonl,ART_CC1AB024F70115CA22BA6E4E,TARGET_EVIDENCE_PROFILE_FULL_SCHEMA_V0.1,120,0,2283003,9a4463ff4d8fb4c5732500a177f074532273edf46b19de4fde1072a68506efff,FULL_PROFILE_MATERIALIZER_V0.1,PENDING_EXTERNALIZATION,LOCAL_RELEASE_CANDIDATE_ONLY::outputs/profile_release_candidate_v0.1/profiles/p91/profiles.jsonl,PASS
PRC_5A13C5055A54AF794EDD0898,ENSEMBL_SHA256_PREFIX_2_V0.1,p91,PROVENANCE_LINKS,outputs/profile_release_candidate_v0.1/provenance/p91/profile_provenance_links.csv,ART_A884319EAE1A4DB53C1ED421,PROFILE_PROVENANCE_LINK_SCHEMA_V0.1,120,4200,2576562,c3efec7bf17efe928ebd28c246e3f7f779391f750e53ba8ecbe795ffe59f020e,FULL_PROFILE_MATERIALIZER_V0.1,PENDING_EXTERNALIZATION,LOCAL_RELEASE_CANDIDATE_ONLY::outputs/profile_release_candidate_v0.1/provenance/p91/profile_provenance_links.csv,PASS
PRC_5A13C5055A54AF794EDD0898,ENSEMBL_SHA256_PREFIX_2_V0.1,p92,PROFILE_PAYLOAD,outputs/profile_release_candidate_v0.1/profiles/p92/profiles.jsonl,ART_CC90309417E51EC280189833,TARGET_EVIDENCE_PROFILE_FULL_SCHEMA_V0.1,134,0,2549363,890dc82f800fb6e2e86da04aa203e857965d1fb1c62f9c0e75febc89f6ca6c66,FULL_PROFILE_MATERIALIZER_V0.1,PENDING_EXTERNALIZATION,LOCAL_RELEASE_CANDIDATE_ONLY::outputs/profile_release_candidate_v0.1/profiles/p92/profiles.jsonl,PASS
PRC_5A13C5055A54AF794EDD0898,ENSEMBL_SHA256_PREFIX_2_V0.1,p92,PROVENANCE_LINKS,outputs/profile_release_candidate_v0.1/provenance/p92/profile_provenance_links.csv,ART_5CCE2E00DEBEAEB0D0FC79A2,PROFILE_PROVENANCE_LINK_SCHEMA_V0.1,134,4690,2876400,48e949cef476b47a81e7225668e528e8a5c161042a638a3a2502de9ce07cbf81,FULL_PROFILE_MATERIALIZER_V0.1,PENDING_EXTERNALIZATION,LOCAL_RELEASE_CANDIDATE_ONLY::outputs/profile_release_candidate_v0.1/provenance/p92/profile_provenance_links.csv,PASS
PRC_5A13C5055A54AF794EDD0898,ENSEMBL_SHA256_PREFIX_2_V0.1,p93,PROFILE_PAYLOAD,outputs/profile_release_candidate_v0.1/profiles/p93/profiles.jsonl,ART_B29EC52D60AC2B7BD6927292,TARGET_EVIDENCE_PROFILE_FULL_SCHEMA_V0.1,125,0,2378174,a40c7c9913c825f7b1f7ff95152a133c4508a2cf2005713e81ac8727ab1a7f73,FULL_PROFILE_MATERIALIZER_V0.1,PENDING_EXTERNALIZATION,LOCAL_RELEASE_CANDIDATE_ONLY::outputs/profile_release_candidate_v0.1/profiles/p93/profiles.jsonl,PASS
PRC_5A13C5055A54AF794EDD0898,ENSEMBL_SHA256_PREFIX_2_V0.1,p93,PROVENANCE_LINKS,outputs/profile_release_candidate_v0.1/provenance/p93/profile_provenance_links.csv,ART_15EAF87CAAC98EFB69581EF5,PROFILE_PROVENANCE_LINK_SCHEMA_V0.1,125,4375,2685072,85e55be641d6fcb1d6efaef48859e4ae3d48e368196473bef9c3be76bcbce0eb,FULL_PROFILE_MATERIALIZER_V0.1,PENDING_EXTERNALIZATION,LOCAL_RELEASE_CANDIDATE_ONLY::outputs/profile_release_candidate_v0.1/provenance/p93/profile_provenance_links.csv,PASS
PRC_5A13C5055A54AF794EDD0898,ENSEMBL_SHA256_PREFIX_2_V0.1,p94,PROFILE_PAYLOAD,outputs/profile_release_candidate_v0.1/profiles/p94/profiles.jsonl,ART_CC5945364D707B50696C68A2,TARGET_EVIDENCE_PROFILE_FULL_SCHEMA_V0.1,126,0,2397228,48bc510e4d74c1a25458ca07f53915acf58e63f54ded4d6c64080e7d1e0acaf1,FULL_PROFILE_MATERIALIZER_V0.1,PENDING_EXTERNALIZATION,LOCAL_RELEASE_CANDIDATE_ONLY::outputs/profile_release_candidate_v0.1/profiles/p94/profiles.jsonl,PASS
PRC_5A13C5055A54AF794EDD0898,ENSEMBL_SHA256_PREFIX_2_V0.1,p94,PROVENANCE_LINKS,outputs/profile_release_candidate_v0.1/provenance/p94/profile_provenance_links.csv,ART_A47DFAC11615710179B01808,PROFILE_PROVENANCE_LINK_SCHEMA_V0.1,126,4410,2706004,c15e3acc04b6330e9daf15b25640cec356a4c8c850964e1f084b7f170a1e8efc,FULL_PROFILE_MATERIALIZER_V0.1,PENDING_EXTERNALIZATION,LOCAL_RELEASE_CANDIDATE_ONLY::outputs/profile_release_candidate_v0.1/provenance/p94/profile_provenance_links.csv,PASS
PRC_5A13C5055A54AF794EDD0898,ENSEMBL_SHA256_PREFIX_2_V0.1,p95,PROFILE_PAYLOAD,outputs/profile_release_candidate_v0.1/profiles/p95/profiles.jsonl,ART_4CE3B2DDE15E4FCA7A108A49,TARGET_EVIDENCE_PROFILE_FULL_SCHEMA_V0.1,109,0,2073795,2d5eedeaa099c1b49c518888b9264adbb3ed81cb64f7fd30b2dbdba4ab234a87,FULL_PROFILE_MATERIALIZER_V0.1,PENDING_EXTERNALIZATION,LOCAL_RELEASE_CANDIDATE_ONLY::outputs/profile_release_candidate_v0.1/profiles/p95/profiles.jsonl,PASS
PRC_5A13C5055A54AF794EDD0898,ENSEMBL_SHA256_PREFIX_2_V0.1,p95,PROVENANCE_LINKS,outputs/profile_release_candidate_v0.1/provenance/p95/profile_provenance_links.csv,ART_7E90BF870BA093EF7AAEF7A0,PROFILE_PROVENANCE_LINK_SCHEMA_V0.1,109,3815,2341200,9d4ef5eff5a92bbe238fef41fcb24f2d8a480075fe74be08e9909775475e3542,FULL_PROFILE_MATERIALIZER_V0.1,PENDING_EXTERNALIZATION,LOCAL_RELEASE_CANDIDATE_ONLY::outputs/profile_release_candidate_v0.1/provenance/p95/profile_provenance_links.csv,PASS
PRC_5A13C5055A54AF794EDD0898,ENSEMBL_SHA256_PREFIX_2_V0.1,p96,PROFILE_PAYLOAD,outputs/profile_release_candidate_v0.1/profiles/p96/profiles.jsonl,ART_68854E6D38C27E5C775FB37E,TARGET_EVIDENCE_PROFILE_FULL_SCHEMA_V0.1,106,0,2016636,970e1dec380e35543d21235171879e239e5806bc51e78c1ac0014fdaea0070e2,FULL_PROFILE_MATERIALIZER_V0.1,PENDING_EXTERNALIZATION,LOCAL_RELEASE_CANDIDATE_ONLY::outputs/profile_release_candidate_v0.1/profiles/p96/profiles.jsonl,PASS
PRC_5A13C5055A54AF794EDD0898,ENSEMBL_SHA256_PREFIX_2_V0.1,p96,PROVENANCE_LINKS,outputs/profile_release_candidate_v0.1/provenance/p96/profile_provenance_links.csv,ART_0E385BBFFCB6750273E10C20,PROFILE_PROVENANCE_LINK_SCHEMA_V0.1,106,3710,2275954,faa0093bc82c6fa0d6e9212958bc5104aec98f2a1a9bcdeefb2b468d28a4531f,FULL_PROFILE_MATERIALIZER_V0.1,PENDING_EXTERNALIZATION,LOCAL_RELEASE_CANDIDATE_ONLY::outputs/profile_release_candidate_v0.1/provenance/p96/profile_provenance_links.csv,PASS
PRC_5A13C5055A54AF794EDD0898,ENSEMBL_SHA256_PREFIX_2_V0.1,p97,PROFILE_PAYLOAD,outputs/profile_release_candidate_v0.1/profiles/p97/profiles.jsonl,ART_5FF5C80468F9497C07D7315A,TARGET_EVIDENCE_PROFILE_FULL_SCHEMA_V0.1,104,0,1978586,c3a0ee32e5a6dc29f638e848f1e69ce8be66d771e06bba5d647a413e63f8f630,FULL_PROFILE_MATERIALIZER_V0.1,PENDING_EXTERNALIZATION,LOCAL_RELEASE_CANDIDATE_ONLY::outputs/profile_release_candidate_v0.1/profiles/p97/profiles.jsonl,PASS
PRC_5A13C5055A54AF794EDD0898,ENSEMBL_SHA256_PREFIX_2_V0.1,p97,PROVENANCE_LINKS,outputs/profile_release_candidate_v0.1/provenance/p97/profile_provenance_links.csv,ART_2B865030D8767FB0561E6D08,PROFILE_PROVENANCE_LINK_SCHEMA_V0.1,104,3640,2233040,6e42dadf4890f1d657b79f57206efeac14c2229f913db29da181dcfb869c6e1d,FULL_PROFILE_MATERIALIZER_V0.1,PENDING_EXTERNALIZATION,LOCAL_RELEASE_CANDIDATE_ONLY::outputs/profile_release_candidate_v0.1/provenance/p97/profile_provenance_links.csv,PASS
PRC_5A13C5055A54AF794EDD0898,ENSEMBL_SHA256_PREFIX_2_V0.1,p98,PROFILE_PAYLOAD,outputs/profile_release_candidate_v0.1/profiles/p98/profiles.jsonl,ART_1B5FFE9EAA9EF7992152105E,TARGET_EVIDENCE_PROFILE_FULL_SCHEMA_V0.1,94,0,1788370,eb067bcab178c97f14572bc0795979c4faab7ba6412fa786194c41e34d0105b7,FULL_PROFILE_MATERIALIZER_V0.1,PENDING_EXTERNALIZATION,LOCAL_RELEASE_CANDIDATE_ONLY::outputs/profile_release_candidate_v0.1/profiles/p98/profiles.jsonl,PASS
PRC_5A13C5055A54AF794EDD0898,ENSEMBL_SHA256_PREFIX_2_V0.1,p98,PROVENANCE_LINKS,outputs/profile_release_candidate_v0.1/provenance/p98/profile_provenance_links.csv,ART_406D2FC2AAB15026F25B5B7F,PROFILE_PROVENANCE_LINK_SCHEMA_V0.1,94,3290,2018435,5b26470b065ab751eb7922864da2e1dc2ae3e38024abfc6ba98887f758e58b43,FULL_PROFILE_MATERIALIZER_V0.1,PENDING_EXTERNALIZATION,LOCAL_RELEASE_CANDIDATE_ONLY::outputs/profile_release_candidate_v0.1/provenance/p98/profile_provenance_links.csv,PASS
PRC_5A13C5055A54AF794EDD0898,ENSEMBL_SHA256_PREFIX_2_V0.1,p99,PROFILE_PAYLOAD,outputs/profile_release_candidate_v0.1/profiles/p99/profiles.jsonl,ART_1A32E17AA5ECCE3F1C632C46,TARGET_EVIDENCE_PROFILE_FULL_SCHEMA_V0.1,104,0,1978617,3fb03bc3d12c34271b2a4948a2a2bc92769f92bddb13bc250a68660a9a3d4283,FULL_PROFILE_MATERIALIZER_V0.1,PENDING_EXTERNALIZATION,LOCAL_RELEASE_CANDIDATE_ONLY::outputs/profile_release_candidate_v0.1/profiles/p99/profiles.jsonl,PASS
PRC_5A13C5055A54AF794EDD0898,ENSEMBL_SHA256_PREFIX_2_V0.1,p99,PROVENANCE_LINKS,outputs/profile_release_candidate_v0.1/provenance/p99/profile_provenance_links.csv,ART_7EFB418C0A74FB689C9A7171,PROFILE_PROVENANCE_LINK_SCHEMA_V0.1,104,3640,2233425,b7672befa89f6f42d66a4574229b60e254dedf32a80f39c27bd54c3efeaa0336,FULL_PROFILE_MATERIALIZER_V0.1,PENDING_EXTERNALIZATION,LOCAL_RELEASE_CANDIDATE_ONLY::outputs/profile_release_candidate_v0.1/provenance/p99/profile_provenance_links.csv,PASS
PRC_5A13C5055A54AF794EDD0898,ENSEMBL_SHA256_PREFIX_2_V0.1,p9a,PROFILE_PAYLOAD,outputs/profile_release_candidate_v0.1/profiles/p9a/profiles.jsonl,ART_C6EAB721990784C84E99A512,TARGET_EVIDENCE_PROFILE_FULL_SCHEMA_V0.1,115,0,2187905,4b549d398ec602831c4209d2ccd56215724bb74e30c0c8d03eca41d0d29cfe80,FULL_PROFILE_MATERIALIZER_V0.1,PENDING_EXTERNALIZATION,LOCAL_RELEASE_CANDIDATE_ONLY::outputs/profile_release_candidate_v0.1/profiles/p9a/profiles.jsonl,PASS
PRC_5A13C5055A54AF794EDD0898,ENSEMBL_SHA256_PREFIX_2_V0.1,p9a,PROVENANCE_LINKS,outputs/profile_release_candidate_v0.1/provenance/p9a/profile_provenance_links.csv,ART_243EDC9EF7769B2AB90EB1DF,PROFILE_PROVENANCE_LINK_SCHEMA_V0.1,115,4025,2469452,1e31739e594a27a8cc7b73b1211e21c92acd8b280068d59a2b6e79a67b3a5532,FULL_PROFILE_MATERIALIZER_V0.1,PENDING_EXTERNALIZATION,LOCAL_RELEASE_CANDIDATE_ONLY::outputs/profile_release_candidate_v0.1/provenance/p9a/profile_provenance_links.csv,PASS
PRC_5A13C5055A54AF794EDD0898,ENSEMBL_SHA256_PREFIX_2_V0.1,p9b,PROFILE_PAYLOAD,outputs/profile_release_candidate_v0.1/profiles/p9b/profiles.jsonl,ART_5CC163B31273392C26CAC36A,TARGET_EVIDENCE_PROFILE_FULL_SCHEMA_V0.1,118,0,2245063,b6cf485e5edba0803d68fcdf20bcb78d82cd53bcfe38ad55609b983126b1de5b,FULL_PROFILE_MATERIALIZER_V0.1,PENDING_EXTERNALIZATION,LOCAL_RELEASE_CANDIDATE_ONLY::outputs/profile_release_candidate_v0.1/profiles/p9b/profiles.jsonl,PASS
PRC_5A13C5055A54AF794EDD0898,ENSEMBL_SHA256_PREFIX_2_V0.1,p9b,PROVENANCE_LINKS,outputs/profile_release_candidate_v0.1/provenance/p9b/profile_provenance_links.csv,ART_F966127FE8566F304BE68E90,PROFILE_PROVENANCE_LINK_SCHEMA_V0.1,118,4130,2535048,c8b111eea2e2f14ccdab9142202afe03eac4450e5bc37c80fa6f2d0dda9828ed,FULL_PROFILE_MATERIALIZER_V0.1,PENDING_EXTERNALIZATION,LOCAL_RELEASE_CANDIDATE_ONLY::outputs/profile_release_candidate_v0.1/provenance/p9b/profile_provenance_links.csv,PASS
PRC_5A13C5055A54AF794EDD0898,ENSEMBL_SHA256_PREFIX_2_V0.1,p9c,PROFILE_PAYLOAD,outputs/profile_release_candidate_v0.1/profiles/p9c/profiles.jsonl,ART_1D1E61A6F909981C35F19140,TARGET_EVIDENCE_PROFILE_FULL_SCHEMA_V0.1,103,0,1959556,c9c7d097d3055d4024be2611629ba0d64ef5da1c75deec72d5b372d4217625c0,FULL_PROFILE_MATERIALIZER_V0.1,PENDING_EXTERNALIZATION,LOCAL_RELEASE_CANDIDATE_ONLY::outputs/profile_release_candidate_v0.1/profiles/p9c/profiles.jsonl,PASS
PRC_5A13C5055A54AF794EDD0898,ENSEMBL_SHA256_PREFIX_2_V0.1,p9c,PROVENANCE_LINKS,outputs/profile_release_candidate_v0.1/provenance/p9c/profile_provenance_links.csv,ART_77706D0090BB11DD067635EC,PROFILE_PROVENANCE_LINK_SCHEMA_V0.1,103,3605,2211233,3206c730669eb243a2c35bda8d602ee1bbbfac1bb26d516acc9955d5410f2b15,FULL_PROFILE_MATERIALIZER_V0.1,PENDING_EXTERNALIZATION,LOCAL_RELEASE_CANDIDATE_ONLY::outputs/profile_release_candidate_v0.1/provenance/p9c/profile_provenance_links.csv,PASS
PRC_5A13C5055A54AF794EDD0898,ENSEMBL_SHA256_PREFIX_2_V0.1,p9d,PROFILE_PAYLOAD,outputs/profile_release_candidate_v0.1/profiles/p9d/profiles.jsonl,ART_D4C561F21E1F00FE58E6A8CA,TARGET_EVIDENCE_PROFILE_FULL_SCHEMA_V0.1,99,0,1883472,805115b6ef28d592332555d9a6f9e3c756091f6cb58513c8697d1e7832f3cbe0,FULL_PROFILE_MATERIALIZER_V0.1,PENDING_EXTERNALIZATION,LOCAL_RELEASE_CANDIDATE_ONLY::outputs/profile_release_candidate_v0.1/profiles/p9d/profiles.jsonl,PASS
PRC_5A13C5055A54AF794EDD0898,ENSEMBL_SHA256_PREFIX_2_V0.1,p9d,PROVENANCE_LINKS,outputs/profile_release_candidate_v0.1/provenance/p9d/profile_provenance_links.csv,ART_E0BCFE1256E47A1D932897EE,PROFILE_PROVENANCE_LINK_SCHEMA_V0.1,99,3465,2125370,3ca575ec56dd6266f1d46f8f7f3380387c62374e39c763287ae792543e80b4cd,FULL_PROFILE_MATERIALIZER_V0.1,PENDING_EXTERNALIZATION,LOCAL_RELEASE_CANDIDATE_ONLY::outputs/profile_release_candidate_v0.1/provenance/p9d/profile_provenance_links.csv,PASS
PRC_5A13C5055A54AF794EDD0898,ENSEMBL_SHA256_PREFIX_2_V0.1,p9e,PROFILE_PAYLOAD,outputs/profile_release_candidate_v0.1/profiles/p9e/profiles.jsonl,ART_760C57ED368CE4F33EBE86AF,TARGET_EVIDENCE_PROFILE_FULL_SCHEMA_V0.1,122,0,2321032,a88366ab2d7781f8e58831942cfb50efc3cf71e3a62152633d11ecdb7b05dbf1,FULL_PROFILE_MATERIALIZER_V0.1,PENDING_EXTERNALIZATION,LOCAL_RELEASE_CANDIDATE_ONLY::outputs/profile_release_candidate_v0.1/profiles/p9e/profiles.jsonl,PASS
PRC_5A13C5055A54AF794EDD0898,ENSEMBL_SHA256_PREFIX_2_V0.1,p9e,PROVENANCE_LINKS,outputs/profile_release_candidate_v0.1/provenance/p9e/profile_provenance_links.csv,ART_C6DDB13702C69A929416F19D,PROFILE_PROVENANCE_LINK_SCHEMA_V0.1,122,4270,2619196,fd4ab281a29caff85ba89c9fa26f5bc3318b56887a8bcc89107d65ae1a2d6b78,FULL_PROFILE_MATERIALIZER_V0.1,PENDING_EXTERNALIZATION,LOCAL_RELEASE_CANDIDATE_ONLY::outputs/profile_release_candidate_v0.1/provenance/p9e/profile_provenance_links.csv,PASS
PRC_5A13C5055A54AF794EDD0898,ENSEMBL_SHA256_PREFIX_2_V0.1,p9f,PROFILE_PAYLOAD,outputs/profile_release_candidate_v0.1/profiles/p9f/profiles.jsonl,ART_0426A1B3BAC12146FD7614CC,TARGET_EVIDENCE_PROFILE_FULL_SCHEMA_V0.1,118,0,2245005,1f50a8a9409cf394bcef059d64a9f64410b2c179fe132b0b323f43d536351f46,FULL_PROFILE_MATERIALIZER_V0.1,PENDING_EXTERNALIZATION,LOCAL_RELEASE_CANDIDATE_ONLY::outputs/profile_release_candidate_v0.1/profiles/p9f/profiles.jsonl,PASS
PRC_5A13C5055A54AF794EDD0898,ENSEMBL_SHA256_PREFIX_2_V0.1,p9f,PROVENANCE_LINKS,outputs/profile_release_candidate_v0.1/provenance/p9f/profile_provenance_links.csv,ART_B17FF99644655370565E0C75,PROFILE_PROVENANCE_LINK_SCHEMA_V0.1,118,4130,2533683,6020c99342913245272fbbda47929401504dbbe9a2baa9fa065827de3be77b1b,FULL_PROFILE_MATERIALIZER_V0.1,PENDING_EXTERNALIZATION,LOCAL_RELEASE_CANDIDATE_ONLY::outputs/profile_release_candidate_v0.1/provenance/p9f/profile_provenance_links.csv,PASS
PRC_5A13C5055A54AF794EDD0898,ENSEMBL_SHA256_PREFIX_2_V0.1,pa0,PROFILE_PAYLOAD,outputs/profile_release_candidate_v0.1/profiles/pa0/profiles.jsonl,ART_A754B48DDF29A826FF90D290,TARGET_EVIDENCE_PROFILE_FULL_SCHEMA_V0.1,126,0,2397168,eb1a7ad77d64bfd21957c7cc3f30ffa58ec190fcc3ea2d9e5e0c1713dc504342,FULL_PROFILE_MATERIALIZER_V0.1,PENDING_EXTERNALIZATION,LOCAL_RELEASE_CANDIDATE_ONLY::outputs/profile_release_candidate_v0.1/profiles/pa0/profiles.jsonl,PASS
PRC_5A13C5055A54AF794EDD0898,ENSEMBL_SHA256_PREFIX_2_V0.1,pa0,PROVENANCE_LINKS,outputs/profile_release_candidate_v0.1/provenance/pa0/profile_provenance_links.csv,ART_7D47A5B37100CD4C5C59E3BA,PROFILE_PROVENANCE_LINK_SCHEMA_V0.1,126,4410,2705654,2df2fd451c3b8970df4914d1327ab4689fa7050d09801368af7d449a50067756,FULL_PROFILE_MATERIALIZER_V0.1,PENDING_EXTERNALIZATION,LOCAL_RELEASE_CANDIDATE_ONLY::outputs/profile_release_candidate_v0.1/provenance/pa0/profile_provenance_links.csv,PASS
PRC_5A13C5055A54AF794EDD0898,ENSEMBL_SHA256_PREFIX_2_V0.1,pa1,PROFILE_PAYLOAD,outputs/profile_release_candidate_v0.1/profiles/pa1/profiles.jsonl,ART_987F4945E9F47C92BFF9DA74,TARGET_EVIDENCE_PROFILE_FULL_SCHEMA_V0.1,108,0,2054736,14b2c213d998e57062c5b85b3eb3c686ac1687ffb34d63ec5d65c8806b247023,FULL_PROFILE_MATERIALIZER_V0.1,PENDING_EXTERNALIZATION,LOCAL_RELEASE_CANDIDATE_ONLY::outputs/profile_release_candidate_v0.1/profiles/pa1/profiles.jsonl,PASS
PRC_5A13C5055A54AF794EDD0898,ENSEMBL_SHA256_PREFIX_2_V0.1,pa1,PROVENANCE_LINKS,outputs/profile_release_candidate_v0.1/provenance/pa1/profile_provenance_links.csv,ART_A3337D9F396606B589FA418B,PROFILE_PROVENANCE_LINK_SCHEMA_V0.1,108,3780,2319323,330330caa6354e5b65d1721985d6070564694ac733ec08b74b28356de03cde60,FULL_PROFILE_MATERIALIZER_V0.1,PENDING_EXTERNALIZATION,LOCAL_RELEASE_CANDIDATE_ONLY::outputs/profile_release_candidate_v0.1/provenance/pa1/profile_provenance_links.csv,PASS
PRC_5A13C5055A54AF794EDD0898,ENSEMBL_SHA256_PREFIX_2_V0.1,pa2,PROFILE_PAYLOAD,outputs/profile_release_candidate_v0.1/profiles/pa2/profiles.jsonl,ART_29D9EC8D31EF9CFF97ED1303,TARGET_EVIDENCE_PROFILE_FULL_SCHEMA_V0.1,121,0,2302152,05c361bc811f42af977f04985937bb6bbb1de2d05341efb8603943c484a980e8,FULL_PROFILE_MATERIALIZER_V0.1,PENDING_EXTERNALIZATION,LOCAL_RELEASE_CANDIDATE_ONLY::outputs/profile_release_candidate_v0.1/profiles/pa2/profiles.jsonl,PASS
PRC_5A13C5055A54AF794EDD0898,ENSEMBL_SHA256_PREFIX_2_V0.1,pa2,PROVENANCE_LINKS,outputs/profile_release_candidate_v0.1/provenance/pa2/profile_provenance_links.csv,ART_48F48BF22A7D2CA57C53A610,PROFILE_PROVENANCE_LINK_SCHEMA_V0.1,121,4235,2598824,0e418f85f9810b364ffdd2397314be49cf94bbb288a8c86f95cebd4871595bba,FULL_PROFILE_MATERIALIZER_V0.1,PENDING_EXTERNALIZATION,LOCAL_RELEASE_CANDIDATE_ONLY::outputs/profile_release_candidate_v0.1/provenance/pa2/profile_provenance_links.csv,PASS
PRC_5A13C5055A54AF794EDD0898,ENSEMBL_SHA256_PREFIX_2_V0.1,pa3,PROFILE_PAYLOAD,outputs/profile_release_candidate_v0.1/profiles/pa3/profiles.jsonl,ART_A26564968D67F682625E5A62,TARGET_EVIDENCE_PROFILE_FULL_SCHEMA_V0.1,119,0,2263982,688524f310d7f2f9ee625e24c1718cc3a5f7cf7fdb0ac1e12c3225189b7f005a,FULL_PROFILE_MATERIALIZER_V0.1,PENDING_EXTERNALIZATION,LOCAL_RELEASE_CANDIDATE_ONLY::outputs/profile_release_candidate_v0.1/profiles/pa3/profiles.jsonl,PASS
PRC_5A13C5055A54AF794EDD0898,ENSEMBL_SHA256_PREFIX_2_V0.1,pa3,PROVENANCE_LINKS,outputs/profile_release_candidate_v0.1/provenance/pa3/profile_provenance_links.csv,ART_2A291348337C2EBD613691A9,PROFILE_PROVENANCE_LINK_SCHEMA_V0.1,119,4165,2555560,7b2168569b156c3e5d08b67def7ba213810da97963f9d7382b51608f0d352267,FULL_PROFILE_MATERIALIZER_V0.1,PENDING_EXTERNALIZATION,LOCAL_RELEASE_CANDIDATE_ONLY::outputs/profile_release_candidate_v0.1/provenance/pa3/profile_provenance_links.csv,PASS
PRC_5A13C5055A54AF794EDD0898,ENSEMBL_SHA256_PREFIX_2_V0.1,pa4,PROFILE_PAYLOAD,outputs/profile_release_candidate_v0.1/profiles/pa4/profiles.jsonl,ART_6CE14FE5C1E6E8ABC8BB93F8,TARGET_EVIDENCE_PROFILE_FULL_SCHEMA_V0.1,109,0,2073754,6140813da51b6a919ff7129be4ef8e964cd160e3c7d5bebcf76928fe499b5202,FULL_PROFILE_MATERIALIZER_V0.1,PENDING_EXTERNALIZATION,LOCAL_RELEASE_CANDIDATE_ONLY::outputs/profile_release_candidate_v0.1/profiles/pa4/profiles.jsonl,PASS
PRC_5A13C5055A54AF794EDD0898,ENSEMBL_SHA256_PREFIX_2_V0.1,pa4,PROVENANCE_LINKS,outputs/profile_release_candidate_v0.1/provenance/pa4/profile_provenance_links.csv,ART_479B7DDE3F4C16EEDE1D0A19,PROFILE_PROVENANCE_LINK_SCHEMA_V0.1,109,3815,2340150,35f861b6c927eeff7991e79a31cf89c85486dad36767224063fb4df586cbd25a,FULL_PROFILE_MATERIALIZER_V0.1,PENDING_EXTERNALIZATION,LOCAL_RELEASE_CANDIDATE_ONLY::outputs/profile_release_candidate_v0.1/provenance/pa4/profile_provenance_links.csv,PASS
PRC_5A13C5055A54AF794EDD0898,ENSEMBL_SHA256_PREFIX_2_V0.1,pa5,PROFILE_PAYLOAD,outputs/profile_release_candidate_v0.1/profiles/pa5/profiles.jsonl,ART_11AB8307B1217AD8317F1836,TARGET_EVIDENCE_PROFILE_FULL_SCHEMA_V0.1,117,0,2225936,63ebd5c0586ae576852858378879b98c5f426d868b18ee45e37fcc11ebfa23e7,FULL_PROFILE_MATERIALIZER_V0.1,PENDING_EXTERNALIZATION,LOCAL_RELEASE_CANDIDATE_ONLY::outputs/profile_release_candidate_v0.1/profiles/pa5/profiles.jsonl,PASS
PRC_5A13C5055A54AF794EDD0898,ENSEMBL_SHA256_PREFIX_2_V0.1,pa5,PROVENANCE_LINKS,outputs/profile_release_candidate_v0.1/provenance/pa5/profile_provenance_links.csv,ART_0D67738DA4EFED3FCD3F7F06,PROFILE_PROVENANCE_LINK_SCHEMA_V0.1,117,4095,2512156,3d895c37475ea2ee0499e1f0f35315e419fa564d61f32802cb3856d58d4fdb03,FULL_PROFILE_MATERIALIZER_V0.1,PENDING_EXTERNALIZATION,LOCAL_RELEASE_CANDIDATE_ONLY::outputs/profile_release_candidate_v0.1/provenance/pa5/profile_provenance_links.csv,PASS
PRC_5A13C5055A54AF794EDD0898,ENSEMBL_SHA256_PREFIX_2_V0.1,pa6,PROFILE_PAYLOAD,outputs/profile_release_candidate_v0.1/profiles/pa6/profiles.jsonl,ART_E96B0CAA752459BDFD463A98,TARGET_EVIDENCE_PROFILE_FULL_SCHEMA_V0.1,104,0,1978605,bcbdf57f5ee0ad17773250d89b4741caedc75ca1560332f3cedb946c44cc2704,FULL_PROFILE_MATERIALIZER_V0.1,PENDING_EXTERNALIZATION,LOCAL_RELEASE_CANDIDATE_ONLY::outputs/profile_release_candidate_v0.1/profiles/pa6/profiles.jsonl,PASS
PRC_5A13C5055A54AF794EDD0898,ENSEMBL_SHA256_PREFIX_2_V0.1,pa6,PROVENANCE_LINKS,outputs/profile_release_candidate_v0.1/provenance/pa6/profile_provenance_links.csv,ART_19B555BA3742040147B5971B,PROFILE_PROVENANCE_LINK_SCHEMA_V0.1,104,3640,2233180,8d137de170fe6b01c4555934476a5482021e3f86b64b5da3c731130edc679d23,FULL_PROFILE_MATERIALIZER_V0.1,PENDING_EXTERNALIZATION,LOCAL_RELEASE_CANDIDATE_ONLY::outputs/profile_release_candidate_v0.1/provenance/pa6/profile_provenance_links.csv,PASS
PRC_5A13C5055A54AF794EDD0898,ENSEMBL_SHA256_PREFIX_2_V0.1,pa7,PROFILE_PAYLOAD,outputs/profile_release_candidate_v0.1/profiles/pa7/profiles.jsonl,ART_CBEA2B3CBB4121D7C1CFA04B,TARGET_EVIDENCE_PROFILE_FULL_SCHEMA_V0.1,107,0,2035722,c2632649ffddc0d93f6b74ccba1355491f1cc7692af1ad4d151c64b7857a449f,FULL_PROFILE_MATERIALIZER_V0.1,PENDING_EXTERNALIZATION,LOCAL_RELEASE_CANDIDATE_ONLY::outputs/profile_release_candidate_v0.1/profiles/pa7/profiles.jsonl,PASS
PRC_5A13C5055A54AF794EDD0898,ENSEMBL_SHA256_PREFIX_2_V0.1,pa7,PROVENANCE_LINKS,outputs/profile_release_candidate_v0.1/provenance/pa7/profile_provenance_links.csv,ART_0FE11E8D0EF2316291293C31,PROFILE_PROVENANCE_LINK_SCHEMA_V0.1,107,3745,2298181,c3e8c2ffe495e953e83c9f5a6a21f4de01cfbb6a9f92b528c1507151ecfcbd0a,FULL_PROFILE_MATERIALIZER_V0.1,PENDING_EXTERNALIZATION,LOCAL_RELEASE_CANDIDATE_ONLY::outputs/profile_release_candidate_v0.1/provenance/pa7/profile_provenance_links.csv,PASS
PRC_5A13C5055A54AF794EDD0898,ENSEMBL_SHA256_PREFIX_2_V0.1,pa8,PROFILE_PAYLOAD,outputs/profile_release_candidate_v0.1/profiles/pa8/profiles.jsonl,ART_07C44DE1F99CDBA507020CCB,TARGET_EVIDENCE_PROFILE_FULL_SCHEMA_V0.1,133,0,2530378,20166092bbac276ae786830235c4e71ca0a53f3b8920f2ddee6828b547dff491,FULL_PROFILE_MATERIALIZER_V0.1,PENDING_EXTERNALIZATION,LOCAL_RELEASE_CANDIDATE_ONLY::outputs/profile_release_candidate_v0.1/profiles/pa8/profiles.jsonl,PASS
PRC_5A13C5055A54AF794EDD0898,ENSEMBL_SHA256_PREFIX_2_V0.1,pa8,PROVENANCE_LINKS,outputs/profile_release_candidate_v0.1/provenance/pa8/profile_provenance_links.csv,ART_9A4B0CD42E5583A71F65D233,PROFILE_PROVENANCE_LINK_SCHEMA_V0.1,133,4655,2856203,503cfc593e28bbb2f9ee7a8e9a7f3adf323b3ef2ddc84f1d481eadb5b11f2e39,FULL_PROFILE_MATERIALIZER_V0.1,PENDING_EXTERNALIZATION,LOCAL_RELEASE_CANDIDATE_ONLY::outputs/profile_release_candidate_v0.1/provenance/pa8/profile_provenance_links.csv,PASS
PRC_5A13C5055A54AF794EDD0898,ENSEMBL_SHA256_PREFIX_2_V0.1,pa9,PROFILE_PAYLOAD,outputs/profile_release_candidate_v0.1/profiles/pa9/profiles.jsonl,ART_754E517DC2574B0236C2ED1B,TARGET_EVIDENCE_PROFILE_FULL_SCHEMA_V0.1,113,0,2149881,21b1fbf28f6bae31ac405ac7c8473bd6c0ebfb0c5ebcc5771f546d423acae396,FULL_PROFILE_MATERIALIZER_V0.1,PENDING_EXTERNALIZATION,LOCAL_RELEASE_CANDIDATE_ONLY::outputs/profile_release_candidate_v0.1/profiles/pa9/profiles.jsonl,PASS
PRC_5A13C5055A54AF794EDD0898,ENSEMBL_SHA256_PREFIX_2_V0.1,pa9,PROVENANCE_LINKS,outputs/profile_release_candidate_v0.1/provenance/pa9/profile_provenance_links.csv,ART_BD561C4146B875DF31A64744,PROFILE_PROVENANCE_LINK_SCHEMA_V0.1,113,3955,2426573,a44bc545125a13561c4b2b490126afdc71a39d868d2f8a2c0c2fa9c59fbfcb98,FULL_PROFILE_MATERIALIZER_V0.1,PENDING_EXTERNALIZATION,LOCAL_RELEASE_CANDIDATE_ONLY::outputs/profile_release_candidate_v0.1/provenance/pa9/profile_provenance_links.csv,PASS
PRC_5A13C5055A54AF794EDD0898,ENSEMBL_SHA256_PREFIX_2_V0.1,paa,PROFILE_PAYLOAD,outputs/profile_release_candidate_v0.1/profiles/paa/profiles.jsonl,ART_68F162B3B772ABCC7728DBFA,TARGET_EVIDENCE_PROFILE_FULL_SCHEMA_V0.1,100,0,1902518,e3f9f160c5c151f6b341987a40a370f80541faf53556a936bf1e1493e489ca19,FULL_PROFILE_MATERIALIZER_V0.1,PENDING_EXTERNALIZATION,LOCAL_RELEASE_CANDIDATE_ONLY::outputs/profile_release_candidate_v0.1/profiles/paa/profiles.jsonl,PASS
PRC_5A13C5055A54AF794EDD0898,ENSEMBL_SHA256_PREFIX_2_V0.1,paa,PROVENANCE_LINKS,outputs/profile_release_candidate_v0.1/provenance/paa/profile_provenance_links.csv,ART_F0A911DA31FB96DDAAE20C81,PROFILE_PROVENANCE_LINK_SCHEMA_V0.1,100,3500,2147177,dc76f12dee8d98b6c3838f92969cb467b09758f672492c135870b1a537519fa6,FULL_PROFILE_MATERIALIZER_V0.1,PENDING_EXTERNALIZATION,LOCAL_RELEASE_CANDIDATE_ONLY::outputs/profile_release_candidate_v0.1/provenance/paa/profile_provenance_links.csv,PASS
PRC_5A13C5055A54AF794EDD0898,ENSEMBL_SHA256_PREFIX_2_V0.1,pab,PROFILE_PAYLOAD,outputs/profile_release_candidate_v0.1/profiles/pab/profiles.jsonl,ART_E61805798584C8C5CB0BB489,TARGET_EVIDENCE_PROFILE_FULL_SCHEMA_V0.1,132,0,2511330,2922743f19e3b1255e9e10462eed5e8decbac60a27010960131c602a70365a5c,FULL_PROFILE_MATERIALIZER_V0.1,PENDING_EXTERNALIZATION,LOCAL_RELEASE_CANDIDATE_ONLY::outputs/profile_release_candidate_v0.1/profiles/pab/profiles.jsonl,PASS
PRC_5A13C5055A54AF794EDD0898,ENSEMBL_SHA256_PREFIX_2_V0.1,pab,PROVENANCE_LINKS,outputs/profile_release_candidate_v0.1/provenance/pab/profile_provenance_links.csv,ART_6C85E646C633EF285E8E6FAD,PROFILE_PROVENANCE_LINK_SCHEMA_V0.1,132,4620,2834921,b7528b56918fbfbe0e85dbe0c8cfc7a7d0a0c28f1a28eb1e93e4dd1925d9ac1e,FULL_PROFILE_MATERIALIZER_V0.1,PENDING_EXTERNALIZATION,LOCAL_RELEASE_CANDIDATE_ONLY::outputs/profile_release_candidate_v0.1/provenance/pab/profile_provenance_links.csv,PASS
PRC_5A13C5055A54AF794EDD0898,ENSEMBL_SHA256_PREFIX_2_V0.1,pac,PROFILE_PAYLOAD,outputs/profile_release_candidate_v0.1/profiles/pac/profiles.jsonl,ART_40541AFC3459AA114746E4DD,TARGET_EVIDENCE_PROFILE_FULL_SCHEMA_V0.1,124,0,2359093,6e3089d0ed153ff5f72d88135217ff694ad439c1bf3e25af1fd258460b9d85a0,FULL_PROFILE_MATERIALIZER_V0.1,PENDING_EXTERNALIZATION,LOCAL_RELEASE_CANDIDATE_ONLY::outputs/profile_release_candidate_v0.1/profiles/pac/profiles.jsonl,PASS
PRC_5A13C5055A54AF794EDD0898,ENSEMBL_SHA256_PREFIX_2_V0.1,pac,PROVENANCE_LINKS,outputs/profile_release_candidate_v0.1/provenance/pac/profile_provenance_links.csv,ART_0C531117E5B3AAB235D41545,PROFILE_PROVENANCE_LINK_SCHEMA_V0.1,124,4340,2662460,b4b8c94f90da58d3faa03f348294893c8d12ec2f7c03a626ae4e12538c139b99,FULL_PROFILE_MATERIALIZER_V0.1,PENDING_EXTERNALIZATION,LOCAL_RELEASE_CANDIDATE_ONLY::outputs/profile_release_candidate_v0.1/provenance/pac/profile_provenance_links.csv,PASS
PRC_5A13C5055A54AF794EDD0898,ENSEMBL_SHA256_PREFIX_2_V0.1,pad,PROFILE_PAYLOAD,outputs/profile_release_candidate_v0.1/profiles/pad/profiles.jsonl,ART_66DAFAC832E7C9BF6B470264,TARGET_EVIDENCE_PROFILE_FULL_SCHEMA_V0.1,102,0,1940501,8bb3ac6dedca3e4959395d1db7d2f330445e407c87187d15eb2e16df69b03d97,FULL_PROFILE_MATERIALIZER_V0.1,PENDING_EXTERNALIZATION,LOCAL_RELEASE_CANDIDATE_ONLY::outputs/profile_release_candidate_v0.1/profiles/pad/profiles.jsonl,PASS
PRC_5A13C5055A54AF794EDD0898,ENSEMBL_SHA256_PREFIX_2_V0.1,pad,PROVENANCE_LINKS,outputs/profile_release_candidate_v0.1/provenance/pad/profile_provenance_links.csv,ART_7F03B440D1314B3EE50BA3C0,PROFILE_PROVENANCE_LINK_SCHEMA_V0.1,102,3570,2190091,be02c4772debfd9e20c37f4a3e5f3d5623664d8c62c368b4146a65e169082f75,FULL_PROFILE_MATERIALIZER_V0.1,PENDING_EXTERNALIZATION,LOCAL_RELEASE_CANDIDATE_ONLY::outputs/profile_release_candidate_v0.1/provenance/pad/profile_provenance_links.csv,PASS
PRC_5A13C5055A54AF794EDD0898,ENSEMBL_SHA256_PREFIX_2_V0.1,pae,PROFILE_PAYLOAD,outputs/profile_release_candidate_v0.1/profiles/pae/profiles.jsonl,ART_F6A95856BFEC19815EF78FD6,TARGET_EVIDENCE_PROFILE_FULL_SCHEMA_V0.1,128,0,2435181,8771066984d846e260cf206c37a572f1c627a9e953e7e73fc6a4a9c2508c691d,FULL_PROFILE_MATERIALIZER_V0.1,PENDING_EXTERNALIZATION,LOCAL_RELEASE_CANDIDATE_ONLY::outputs/profile_release_candidate_v0.1/profiles/pae/profiles.jsonl,PASS
PRC_5A13C5055A54AF794EDD0898,ENSEMBL_SHA256_PREFIX_2_V0.1,pae,PROVENANCE_LINKS,outputs/profile_release_candidate_v0.1/provenance/pae/profile_provenance_links.csv,ART_D3F5A6F937EA958B39AA680F,PROFILE_PROVENANCE_LINK_SCHEMA_V0.1,128,4480,2748638,b780590e0f33a27be3f1ea7524fa83be477b17945aeeaa4a7aa0d483ddf5c4be,FULL_PROFILE_MATERIALIZER_V0.1,PENDING_EXTERNALIZATION,LOCAL_RELEASE_CANDIDATE_ONLY::outputs/profile_release_candidate_v0.1/provenance/pae/profile_provenance_links.csv,PASS
PRC_5A13C5055A54AF794EDD0898,ENSEMBL_SHA256_PREFIX_2_V0.1,paf,PROFILE_PAYLOAD,outputs/profile_release_candidate_v0.1/profiles/paf/profiles.jsonl,ART_2D1F1F81334E234E35F4BF14,TARGET_EVIDENCE_PROFILE_FULL_SCHEMA_V0.1,111,0,2111731,4703d0db785de46c689838aace4fb450be90a686905b02032a3ffc2d844468b3,FULL_PROFILE_MATERIALIZER_V0.1,PENDING_EXTERNALIZATION,LOCAL_RELEASE_CANDIDATE_ONLY::outputs/profile_release_candidate_v0.1/profiles/paf/profiles.jsonl,PASS
PRC_5A13C5055A54AF794EDD0898,ENSEMBL_SHA256_PREFIX_2_V0.1,paf,PROVENANCE_LINKS,outputs/profile_release_candidate_v0.1/provenance/paf/profile_provenance_links.csv,ART_D9DE205504E566846C20620C,PROFILE_PROVENANCE_LINK_SCHEMA_V0.1,111,3885,2382609,b509f6dc510a93a7d3eb9b426b58ee76e90349d5352affecd3f7884537737532,FULL_PROFILE_MATERIALIZER_V0.1,PENDING_EXTERNALIZATION,LOCAL_RELEASE_CANDIDATE_ONLY::outputs/profile_release_candidate_v0.1/provenance/paf/profile_provenance_links.csv,PASS
PRC_5A13C5055A54AF794EDD0898,ENSEMBL_SHA256_PREFIX_2_V0.1,pb0,PROFILE_PAYLOAD,outputs/profile_release_candidate_v0.1/profiles/pb0/profiles.jsonl,ART_AFF37F364D93478A135976AF,TARGET_EVIDENCE_PROFILE_FULL_SCHEMA_V0.1,134,0,2549385,159bc877269ef65ee7f50e01e0b299b325a15b34c7095e47c513b1005328e72b,FULL_PROFILE_MATERIALIZER_V0.1,PENDING_EXTERNALIZATION,LOCAL_RELEASE_CANDIDATE_ONLY::outputs/profile_release_candidate_v0.1/profiles/pb0/profiles.jsonl,PASS
PRC_5A13C5055A54AF794EDD0898,ENSEMBL_SHA256_PREFIX_2_V0.1,pb0,PROVENANCE_LINKS,outputs/profile_release_candidate_v0.1/provenance/pb0/profile_provenance_links.csv,ART_42A4CD025E997E0920251602,PROFILE_PROVENANCE_LINK_SCHEMA_V0.1,134,4690,2877170,162c08e3baa0b7765350b6a3e76cfe2cacca00aad62ccee93f481ae854dc90f3,FULL_PROFILE_MATERIALIZER_V0.1,PENDING_EXTERNALIZATION,LOCAL_RELEASE_CANDIDATE_ONLY::outputs/profile_release_candidate_v0.1/provenance/pb0/profile_provenance_links.csv,PASS
PRC_5A13C5055A54AF794EDD0898,ENSEMBL_SHA256_PREFIX_2_V0.1,pb1,PROFILE_PAYLOAD,outputs/profile_release_candidate_v0.1/profiles/pb1/profiles.jsonl,ART_917E6C98344E6C30673F21C8,TARGET_EVIDENCE_PROFILE_FULL_SCHEMA_V0.1,125,0,2378189,52a4a095c9734433eea193c2495b7dc0effdbbcf315447cf18790ebb135adb05,FULL_PROFILE_MATERIALIZER_V0.1,PENDING_EXTERNALIZATION,LOCAL_RELEASE_CANDIDATE_ONLY::outputs/profile_release_candidate_v0.1/profiles/pb1/profiles.jsonl,PASS
PRC_5A13C5055A54AF794EDD0898,ENSEMBL_SHA256_PREFIX_2_V0.1,pb1,PROVENANCE_LINKS,outputs/profile_release_candidate_v0.1/provenance/pb1/profile_provenance_links.csv,ART_E7A47A981FEF19F55EB922A7,PROFILE_PROVENANCE_LINK_SCHEMA_V0.1,125,4375,2684477,98a6b4fd103e3d4706d9f1db55f02fb3e5076359a4cc80df854deeb2a1d05abe,FULL_PROFILE_MATERIALIZER_V0.1,PENDING_EXTERNALIZATION,LOCAL_RELEASE_CANDIDATE_ONLY::outputs/profile_release_candidate_v0.1/provenance/pb1/profile_provenance_links.csv,PASS
PRC_5A13C5055A54AF794EDD0898,ENSEMBL_SHA256_PREFIX_2_V0.1,pb2,PROFILE_PAYLOAD,outputs/profile_release_candidate_v0.1/profiles/pb2/profiles.jsonl,ART_D6C89152B979A6B785446B1E,TARGET_EVIDENCE_PROFILE_FULL_SCHEMA_V0.1,140,0,2663534,06f32e57ad9adb905e7f63c30a3b6fe95147d8589a6dd5192ff8ed018c27624c,FULL_PROFILE_MATERIALIZER_V0.1,PENDING_EXTERNALIZATION,LOCAL_RELEASE_CANDIDATE_ONLY::outputs/profile_release_candidate_v0.1/profiles/pb2/profiles.jsonl,PASS
PRC_5A13C5055A54AF794EDD0898,ENSEMBL_SHA256_PREFIX_2_V0.1,pb2,PROVENANCE_LINKS,outputs/profile_release_candidate_v0.1/provenance/pb2/profile_provenance_links.csv,ART_281A60EED02C3418E780B274,PROFILE_PROVENANCE_LINK_SCHEMA_V0.1,140,4900,3006227,7e10b1b88844d8466e24f4e5e16d6573b18ee246af015f70b2ad2867f39f3225,FULL_PROFILE_MATERIALIZER_V0.1,PENDING_EXTERNALIZATION,LOCAL_RELEASE_CANDIDATE_ONLY::outputs/profile_release_candidate_v0.1/provenance/pb2/profile_provenance_links.csv,PASS
PRC_5A13C5055A54AF794EDD0898,ENSEMBL_SHA256_PREFIX_2_V0.1,pb3,PROFILE_PAYLOAD,outputs/profile_release_candidate_v0.1/profiles/pb3/profiles.jsonl,ART_E1B7A13F3C951852E55DFC9D,TARGET_EVIDENCE_PROFILE_FULL_SCHEMA_V0.1,119,0,2264100,faaa2aca2740e29b49e1d6f109f483e15526b2660ee922b48fc64cff7c78ce12,FULL_PROFILE_MATERIALIZER_V0.1,PENDING_EXTERNALIZATION,LOCAL_RELEASE_CANDIDATE_ONLY::outputs/profile_release_candidate_v0.1/profiles/pb3/profiles.jsonl,PASS
PRC_5A13C5055A54AF794EDD0898,ENSEMBL_SHA256_PREFIX_2_V0.1,pb3,PROVENANCE_LINKS,outputs/profile_release_candidate_v0.1/provenance/pb3/profile_provenance_links.csv,ART_2D3F1F28B62C2D8E63604192,PROFILE_PROVENANCE_LINK_SCHEMA_V0.1,119,4165,2555350,ccf66e0a73140d8a71b696108cd618ebfec816bb43ac3355a6c7ad96ead168d4,FULL_PROFILE_MATERIALIZER_V0.1,PENDING_EXTERNALIZATION,LOCAL_RELEASE_CANDIDATE_ONLY::outputs/profile_release_candidate_v0.1/provenance/pb3/profile_provenance_links.csv,PASS
PRC_5A13C5055A54AF794EDD0898,ENSEMBL_SHA256_PREFIX_2_V0.1,pb4,PROFILE_PAYLOAD,outputs/profile_release_candidate_v0.1/profiles/pb4/profiles.jsonl,ART_DDE11C7A3ACDE8D5BD65AAD7,TARGET_EVIDENCE_PROFILE_FULL_SCHEMA_V0.1,104,0,1978580,5c84f4f65841df1f2cde37d135ed127a8972f2698fa7b4aaa7844b590e9dcc2e,FULL_PROFILE_MATERIALIZER_V0.1,PENDING_EXTERNALIZATION,LOCAL_RELEASE_CANDIDATE_ONLY::outputs/profile_release_candidate_v0.1/profiles/pb4/profiles.jsonl,PASS
PRC_5A13C5055A54AF794EDD0898,ENSEMBL_SHA256_PREFIX_2_V0.1,pb4,PROVENANCE_LINKS,outputs/profile_release_candidate_v0.1/provenance/pb4/profile_provenance_links.csv,ART_08C372D21ED582462B58F403,PROFILE_PROVENANCE_LINK_SCHEMA_V0.1,104,3640,2232795,30b14d1728995edfee49c92cbb5595bc59158bf944e4c92a353dcbb862f6e591,FULL_PROFILE_MATERIALIZER_V0.1,PENDING_EXTERNALIZATION,LOCAL_RELEASE_CANDIDATE_ONLY::outputs/profile_release_candidate_v0.1/provenance/pb4/profile_provenance_links.csv,PASS
PRC_5A13C5055A54AF794EDD0898,ENSEMBL_SHA256_PREFIX_2_V0.1,pb5,PROFILE_PAYLOAD,outputs/profile_release_candidate_v0.1/profiles/pb5/profiles.jsonl,ART_B1CE4224828E6F218C36169D,TARGET_EVIDENCE_PROFILE_FULL_SCHEMA_V0.1,103,0,1959572,3bc3df074b17e62d00799c5deea9f09eb3252192c0408c6804ea10a9df968106,FULL_PROFILE_MATERIALIZER_V0.1,PENDING_EXTERNALIZATION,LOCAL_RELEASE_CANDIDATE_ONLY::outputs/profile_release_candidate_v0.1/profiles/pb5/profiles.jsonl,PASS
PRC_5A13C5055A54AF794EDD0898,ENSEMBL_SHA256_PREFIX_2_V0.1,pb5,PROVENANCE_LINKS,outputs/profile_release_candidate_v0.1/provenance/pb5/profile_provenance_links.csv,ART_22D2AB4CD5A58AA5E9F44E71,PROFILE_PROVENANCE_LINK_SCHEMA_V0.1,103,3605,2211688,2af9b0c6e2cae03e69871efc0027553b3b74a7d5cac811d347c04efc7c0480a5,FULL_PROFILE_MATERIALIZER_V0.1,PENDING_EXTERNALIZATION,LOCAL_RELEASE_CANDIDATE_ONLY::outputs/profile_release_candidate_v0.1/provenance/pb5/profile_provenance_links.csv,PASS
PRC_5A13C5055A54AF794EDD0898,ENSEMBL_SHA256_PREFIX_2_V0.1,pb6,PROFILE_PAYLOAD,outputs/profile_release_candidate_v0.1/profiles/pb6/profiles.jsonl,ART_E3727C455E70A65342D640E3,TARGET_EVIDENCE_PROFILE_FULL_SCHEMA_V0.1,129,0,2454200,cefe38f4c59d00db4842ad4b474409d28ac137b19c8ba65536ffa9ae8119e638,FULL_PROFILE_MATERIALIZER_V0.1,PENDING_EXTERNALIZATION,LOCAL_RELEASE_CANDIDATE_ONLY::outputs/profile_release_candidate_v0.1/profiles/pb6/profiles.jsonl,PASS
PRC_5A13C5055A54AF794EDD0898,ENSEMBL_SHA256_PREFIX_2_V0.1,pb6,PROVENANCE_LINKS,outputs/profile_release_candidate_v0.1/provenance/pb6/profile_provenance_links.csv,ART_3697A737AE94079863E3EB50,PROFILE_PROVENANCE_LINK_SCHEMA_V0.1,129,4515,2770025,fbd594eeb229d29acef77cf1ba5f67284e9f785c68bb9f45c85750c9443d8d77,FULL_PROFILE_MATERIALIZER_V0.1,PENDING_EXTERNALIZATION,LOCAL_RELEASE_CANDIDATE_ONLY::outputs/profile_release_candidate_v0.1/provenance/pb6/profile_provenance_links.csv,PASS
PRC_5A13C5055A54AF794EDD0898,ENSEMBL_SHA256_PREFIX_2_V0.1,pb7,PROFILE_PAYLOAD,outputs/profile_release_candidate_v0.1/profiles/pb7/profiles.jsonl,ART_3C3812D59DD43762B8A4FC13,TARGET_EVIDENCE_PROFILE_FULL_SCHEMA_V0.1,122,0,2321102,c39a7b73edfca72f425bf40bb9da659f4910af0616ad5d6eeb9da160b6fe580e,FULL_PROFILE_MATERIALIZER_V0.1,PENDING_EXTERNALIZATION,LOCAL_RELEASE_CANDIDATE_ONLY::outputs/profile_release_candidate_v0.1/profiles/pb7/profiles.jsonl,PASS
PRC_5A13C5055A54AF794EDD0898,ENSEMBL_SHA256_PREFIX_2_V0.1,pb7,PROVENANCE_LINKS,outputs/profile_release_candidate_v0.1/provenance/pb7/profile_provenance_links.csv,ART_FEC60CE79F989DFFCC9A32BB,PROFILE_PROVENANCE_LINK_SCHEMA_V0.1,122,4270,2620071,93463a4ee8ec2ff1f3e281b9a0da12c655851337a46e02d986b3c3faade3198e,FULL_PROFILE_MATERIALIZER_V0.1,PENDING_EXTERNALIZATION,LOCAL_RELEASE_CANDIDATE_ONLY::outputs/profile_release_candidate_v0.1/provenance/pb7/profile_provenance_links.csv,PASS
PRC_5A13C5055A54AF794EDD0898,ENSEMBL_SHA256_PREFIX_2_V0.1,pb8,PROFILE_PAYLOAD,outputs/profile_release_candidate_v0.1/profiles/pb8/profiles.jsonl,ART_65545AB92ED5196697174AC0,TARGET_EVIDENCE_PROFILE_FULL_SCHEMA_V0.1,128,0,2435199,2567fe750b703084dc99cf1bdb7792528f57a731cbde4efd69989c3ea9dbfdb7,FULL_PROFILE_MATERIALIZER_V0.1,PENDING_EXTERNALIZATION,LOCAL_RELEASE_CANDIDATE_ONLY::outputs/profile_release_candidate_v0.1/profiles/pb8/profiles.jsonl,PASS
PRC_5A13C5055A54AF794EDD0898,ENSEMBL_SHA256_PREFIX_2_V0.1,pb8,PROVENANCE_LINKS,outputs/profile_release_candidate_v0.1/provenance/pb8/profile_provenance_links.csv,ART_C67F387FEECEF3F92D58F330,PROFILE_PROVENANCE_LINK_SCHEMA_V0.1,128,4480,2749233,f7e1f26d69e8655c877e927f9ce85020729799476331724e0e55f3dc05d5bffa,FULL_PROFILE_MATERIALIZER_V0.1,PENDING_EXTERNALIZATION,LOCAL_RELEASE_CANDIDATE_ONLY::outputs/profile_release_candidate_v0.1/provenance/pb8/profile_provenance_links.csv,PASS
PRC_5A13C5055A54AF794EDD0898,ENSEMBL_SHA256_PREFIX_2_V0.1,pb9,PROFILE_PAYLOAD,outputs/profile_release_candidate_v0.1/profiles/pb9/profiles.jsonl,ART_0FD3892C3676220453685991,TARGET_EVIDENCE_PROFILE_FULL_SCHEMA_V0.1,113,0,2149901,1568f178f82f3b797a2236448848532d2525a2f56303060de94a08761d15698d,FULL_PROFILE_MATERIALIZER_V0.1,PENDING_EXTERNALIZATION,LOCAL_RELEASE_CANDIDATE_ONLY::outputs/profile_release_candidate_v0.1/profiles/pb9/profiles.jsonl,PASS
PRC_5A13C5055A54AF794EDD0898,ENSEMBL_SHA256_PREFIX_2_V0.1,pb9,PROVENANCE_LINKS,outputs/profile_release_candidate_v0.1/provenance/pb9/profile_provenance_links.csv,ART_48420FE5DC866FDC6B7D896D,PROFILE_PROVENANCE_LINK_SCHEMA_V0.1,113,3955,2426398,c6ba53d31d6dc90b837f01d2cc8d2c86cece215280ba1df119cb095f48ec2186,FULL_PROFILE_MATERIALIZER_V0.1,PENDING_EXTERNALIZATION,LOCAL_RELEASE_CANDIDATE_ONLY::outputs/profile_release_candidate_v0.1/provenance/pb9/profile_provenance_links.csv,PASS
PRC_5A13C5055A54AF794EDD0898,ENSEMBL_SHA256_PREFIX_2_V0.1,pba,PROFILE_PAYLOAD,outputs/profile_release_candidate_v0.1/profiles/pba/profiles.jsonl,ART_8E64348A8A5E46989FDC9A0F,TARGET_EVIDENCE_PROFILE_FULL_SCHEMA_V0.1,133,0,2530378,4e8abce2a3e161e5075e5a9bfe1f22f09adbc593dcdaf0fa144471f1eab0b2c4,FULL_PROFILE_MATERIALIZER_V0.1,PENDING_EXTERNALIZATION,LOCAL_RELEASE_CANDIDATE_ONLY::outputs/profile_release_candidate_v0.1/profiles/pba/profiles.jsonl,PASS
PRC_5A13C5055A54AF794EDD0898,ENSEMBL_SHA256_PREFIX_2_V0.1,pba,PROVENANCE_LINKS,outputs/profile_release_candidate_v0.1/provenance/pba/profile_provenance_links.csv,ART_9144916AC2CCF5C2C910F4B6,PROFILE_PROVENANCE_LINK_SCHEMA_V0.1,133,4655,2856833,166ad5733b6874a85ec174086bf5877c3fcc32946c7e205693468d7f058553f6,FULL_PROFILE_MATERIALIZER_V0.1,PENDING_EXTERNALIZATION,LOCAL_RELEASE_CANDIDATE_ONLY::outputs/profile_release_candidate_v0.1/provenance/pba/profile_provenance_links.csv,PASS
PRC_5A13C5055A54AF794EDD0898,ENSEMBL_SHA256_PREFIX_2_V0.1,pbb,PROFILE_PAYLOAD,outputs/profile_release_candidate_v0.1/profiles/pbb/profiles.jsonl,ART_41EB11CF7D55ED6BDF204F12,TARGET_EVIDENCE_PROFILE_FULL_SCHEMA_V0.1,110,0,2092775,d644038c1f9216447aaec8b667147bb430aa08e2cde9631408b7d0932b5930ff,FULL_PROFILE_MATERIALIZER_V0.1,PENDING_EXTERNALIZATION,LOCAL_RELEASE_CANDIDATE_ONLY::outputs/profile_release_candidate_v0.1/profiles/pbb/profiles.jsonl,PASS
PRC_5A13C5055A54AF794EDD0898,ENSEMBL_SHA256_PREFIX_2_V0.1,pbb,PROVENANCE_LINKS,outputs/profile_release_candidate_v0.1/provenance/pbb/profile_provenance_links.csv,ART_136BD9B961247C4409C4757D,PROFILE_PROVENANCE_LINK_SCHEMA_V0.1,110,3850,2361957,4ec9a61e89083ce06d913e80fec8421d7fdb3937c15b5e89c6fed42b6a9818c6,FULL_PROFILE_MATERIALIZER_V0.1,PENDING_EXTERNALIZATION,LOCAL_RELEASE_CANDIDATE_ONLY::outputs/profile_release_candidate_v0.1/provenance/pbb/profile_provenance_links.csv,PASS
PRC_5A13C5055A54AF794EDD0898,ENSEMBL_SHA256_PREFIX_2_V0.1,pbc,PROFILE_PAYLOAD,outputs/profile_release_candidate_v0.1/profiles/pbc/profiles.jsonl,ART_35F4EFA48EB4E2A24A6F16CF,TARGET_EVIDENCE_PROFILE_FULL_SCHEMA_V0.1,122,0,2321063,7e24cb252d1ca8b114eef0e26ab8acebc68942b9b19a03085f5ab03d57a17c84,FULL_PROFILE_MATERIALIZER_V0.1,PENDING_EXTERNALIZATION,LOCAL_RELEASE_CANDIDATE_ONLY::outputs/profile_release_candidate_v0.1/profiles/pbc/profiles.jsonl,PASS
PRC_5A13C5055A54AF794EDD0898,ENSEMBL_SHA256_PREFIX_2_V0.1,pbc,PROVENANCE_LINKS,outputs/profile_release_candidate_v0.1/provenance/pbc/profile_provenance_links.csv,ART_40A4FAB55CF3FA06CA124E66,PROFILE_PROVENANCE_LINK_SCHEMA_V0.1,122,4270,2619441,05d00d3c575d1e0edfa76f02759e5c588ae3d1b0de54ac66129fcbbd555455f9,FULL_PROFILE_MATERIALIZER_V0.1,PENDING_EXTERNALIZATION,LOCAL_RELEASE_CANDIDATE_ONLY::outputs/profile_release_candidate_v0.1/provenance/pbc/profile_provenance_links.csv,PASS
PRC_5A13C5055A54AF794EDD0898,ENSEMBL_SHA256_PREFIX_2_V0.1,pbd,PROFILE_PAYLOAD,outputs/profile_release_candidate_v0.1/profiles/pbd/profiles.jsonl,ART_A7DEDBDED687F662FF8A0600,TARGET_EVIDENCE_PROFILE_FULL_SCHEMA_V0.1,114,0,2168850,7fd6a3eeea639e3ff59d6bc0c8b8feb93c8a2b028dac17c73e6034a95749a1e6,FULL_PROFILE_MATERIALIZER_V0.1,PENDING_EXTERNALIZATION,LOCAL_RELEASE_CANDIDATE_ONLY::outputs/profile_release_candidate_v0.1/profiles/pbd/profiles.jsonl,PASS
PRC_5A13C5055A54AF794EDD0898,ENSEMBL_SHA256_PREFIX_2_V0.1,pbd,PROVENANCE_LINKS,outputs/profile_release_candidate_v0.1/provenance/pbd/profile_provenance_links.csv,ART_BFB6206F7D4C90F7A7C45323,PROFILE_PROVENANCE_LINK_SCHEMA_V0.1,114,3990,2447680,f7c6de03a95febf6dda08d8c21224e0c600d4c823ccbaead710ef2bad4e54e8c,FULL_PROFILE_MATERIALIZER_V0.1,PENDING_EXTERNALIZATION,LOCAL_RELEASE_CANDIDATE_ONLY::outputs/profile_release_candidate_v0.1/provenance/pbd/profile_provenance_links.csv,PASS
PRC_5A13C5055A54AF794EDD0898,ENSEMBL_SHA256_PREFIX_2_V0.1,pbe,PROFILE_PAYLOAD,outputs/profile_release_candidate_v0.1/profiles/pbe/profiles.jsonl,ART_7B76CAD71E5E79EA8263966D,TARGET_EVIDENCE_PROFILE_FULL_SCHEMA_V0.1,113,0,2149901,f67c950727eccd73d198552632fb0ef7014d5bb3e94b53b1821ef3f1de09e895,FULL_PROFILE_MATERIALIZER_V0.1,PENDING_EXTERNALIZATION,LOCAL_RELEASE_CANDIDATE_ONLY::outputs/profile_release_candidate_v0.1/profiles/pbe/profiles.jsonl,PASS
PRC_5A13C5055A54AF794EDD0898,ENSEMBL_SHA256_PREFIX_2_V0.1,pbe,PROVENANCE_LINKS,outputs/profile_release_candidate_v0.1/provenance/pbe/profile_provenance_links.csv,ART_0ABA521BFA895B7B7D08C0D8,PROFILE_PROVENANCE_LINK_SCHEMA_V0.1,113,3955,2427378,700e7774ecf641b8ad5fd58bb0b62d576b08cdab9395ee903c6b7abfc728cefe,FULL_PROFILE_MATERIALIZER_V0.1,PENDING_EXTERNALIZATION,LOCAL_RELEASE_CANDIDATE_ONLY::outputs/profile_release_candidate_v0.1/provenance/pbe/profile_provenance_links.csv,PASS
PRC_5A13C5055A54AF794EDD0898,ENSEMBL_SHA256_PREFIX_2_V0.1,pbf,PROFILE_PAYLOAD,outputs/profile_release_candidate_v0.1/profiles/pbf/profiles.jsonl,ART_EBCB7112392778111A2DF4CD,TARGET_EVIDENCE_PROFILE_FULL_SCHEMA_V0.1,126,0,2397140,51bd4e5cd8ac6a1b0b8376f2e4066dd7ac7d9c58f0ec8d9782e203be7656b5d7,FULL_PROFILE_MATERIALIZER_V0.1,PENDING_EXTERNALIZATION,LOCAL_RELEASE_CANDIDATE_ONLY::outputs/profile_release_candidate_v0.1/profiles/pbf/profiles.jsonl,PASS
PRC_5A13C5055A54AF794EDD0898,ENSEMBL_SHA256_PREFIX_2_V0.1,pbf,PROVENANCE_LINKS,outputs/profile_release_candidate_v0.1/provenance/pbf/profile_provenance_links.csv,ART_2487922C0E60C89E98C13D24,PROFILE_PROVENANCE_LINK_SCHEMA_V0.1,126,4410,2705234,84b563cf72d85ada392612840fc42bc0afde1738c51391b3b2319191253793a7,FULL_PROFILE_MATERIALIZER_V0.1,PENDING_EXTERNALIZATION,LOCAL_RELEASE_CANDIDATE_ONLY::outputs/profile_release_candidate_v0.1/provenance/pbf/profile_provenance_links.csv,PASS
PRC_5A13C5055A54AF794EDD0898,ENSEMBL_SHA256_PREFIX_2_V0.1,pc0,PROFILE_PAYLOAD,outputs/profile_release_candidate_v0.1/profiles/pc0/profiles.jsonl,ART_960C9F563D3E20C9F8DB2C6E,TARGET_EVIDENCE_PROFILE_FULL_SCHEMA_V0.1,110,0,2092759,d0e08bd946db321698f3633186feb663df6cede12bb455684e2262dbbe883259,FULL_PROFILE_MATERIALIZER_V0.1,PENDING_EXTERNALIZATION,LOCAL_RELEASE_CANDIDATE_ONLY::outputs/profile_release_candidate_v0.1/profiles/pc0/profiles.jsonl,PASS
PRC_5A13C5055A54AF794EDD0898,ENSEMBL_SHA256_PREFIX_2_V0.1,pc0,PROVENANCE_LINKS,outputs/profile_release_candidate_v0.1/provenance/pc0/profile_provenance_links.csv,ART_90D1C8F18C70660C3A5F2B43,PROFILE_PROVENANCE_LINK_SCHEMA_V0.1,110,3850,2362062,dd7a99c89857210545d8b90138ee0e6f9d2c82f1f04aaa8c2d6697baa7188efc,FULL_PROFILE_MATERIALIZER_V0.1,PENDING_EXTERNALIZATION,LOCAL_RELEASE_CANDIDATE_ONLY::outputs/profile_release_candidate_v0.1/provenance/pc0/profile_provenance_links.csv,PASS
PRC_5A13C5055A54AF794EDD0898,ENSEMBL_SHA256_PREFIX_2_V0.1,pc1,PROFILE_PAYLOAD,outputs/profile_release_candidate_v0.1/profiles/pc1/profiles.jsonl,ART_AAB038F44BCA98136DF7C1E6,TARGET_EVIDENCE_PROFILE_FULL_SCHEMA_V0.1,106,0,2016671,d1c11830eeecd790ee433815d7ae4420f0fa0ba4445543987cb3b7113e11a920,FULL_PROFILE_MATERIALIZER_V0.1,PENDING_EXTERNALIZATION,LOCAL_RELEASE_CANDIDATE_ONLY::outputs/profile_release_candidate_v0.1/profiles/pc1/profiles.jsonl,PASS
PRC_5A13C5055A54AF794EDD0898,ENSEMBL_SHA256_PREFIX_2_V0.1,pc1,PROVENANCE_LINKS,outputs/profile_release_candidate_v0.1/provenance/pc1/profile_provenance_links.csv,ART_83B5212A113F5971475F4497,PROFILE_PROVENANCE_LINK_SCHEMA_V0.1,106,3710,2276059,053c03a32d9a96a6c895b836f305c1888d288d2e9f0ff6f996e77e89af88cb4b,FULL_PROFILE_MATERIALIZER_V0.1,PENDING_EXTERNALIZATION,LOCAL_RELEASE_CANDIDATE_ONLY::outputs/profile_release_candidate_v0.1/provenance/pc1/profile_provenance_links.csv,PASS
PRC_5A13C5055A54AF794EDD0898,ENSEMBL_SHA256_PREFIX_2_V0.1,pc2,PROFILE_PAYLOAD,outputs/profile_release_candidate_v0.1/profiles/pc2/profiles.jsonl,ART_D0B4285B2D16232C0CFBC4B2,TARGET_EVIDENCE_PROFILE_FULL_SCHEMA_V0.1,120,0,2283083,f93125a044a2da040b92b4aad5d1d420e0ca547246e7cda1c786d83bc99a9079,FULL_PROFILE_MATERIALIZER_V0.1,PENDING_EXTERNALIZATION,LOCAL_RELEASE_CANDIDATE_ONLY::outputs/profile_release_candidate_v0.1/profiles/pc2/profiles.jsonl,PASS
PRC_5A13C5055A54AF794EDD0898,ENSEMBL_SHA256_PREFIX_2_V0.1,pc2,PROVENANCE_LINKS,outputs/profile_release_candidate_v0.1/provenance/pc2/profile_provenance_links.csv,ART_FB907E57286FC09B9662DC87,PROFILE_PROVENANCE_LINK_SCHEMA_V0.1,120,4200,2578032,c9c6fe3ffd5bb15856496faaa84220d3e9cf9017d8e52ccd03002cb3426adba6,FULL_PROFILE_MATERIALIZER_V0.1,PENDING_EXTERNALIZATION,LOCAL_RELEASE_CANDIDATE_ONLY::outputs/profile_release_candidate_v0.1/provenance/pc2/profile_provenance_links.csv,PASS
PRC_5A13C5055A54AF794EDD0898,ENSEMBL_SHA256_PREFIX_2_V0.1,pc3,PROFILE_PAYLOAD,outputs/profile_release_candidate_v0.1/profiles/pc3/profiles.jsonl,ART_FFAA53A0333C19A670E72FEF,TARGET_EVIDENCE_PROFILE_FULL_SCHEMA_V0.1,110,0,2092786,17ffdafa6b393ad0405eca769ce27c7802b91178582101aad1bf0e2dc3385ead,FULL_PROFILE_MATERIALIZER_V0.1,PENDING_EXTERNALIZATION,LOCAL_RELEASE_CANDIDATE_ONLY::outputs/profile_release_candidate_v0.1/profiles/pc3/profiles.jsonl,PASS
PRC_5A13C5055A54AF794EDD0898,ENSEMBL_SHA256_PREFIX_2_V0.1,pc3,PROVENANCE_LINKS,outputs/profile_release_candidate_v0.1/provenance/pc3/profile_provenance_links.csv,ART_A7023788E60727BC1CC8017A,PROFILE_PROVENANCE_LINK_SCHEMA_V0.1,110,3850,2362692,46bb1a8a80b48d2b577873517fc0cdfb5c7d336874ff31db397d2c13829fe345,FULL_PROFILE_MATERIALIZER_V0.1,PENDING_EXTERNALIZATION,LOCAL_RELEASE_CANDIDATE_ONLY::outputs/profile_release_candidate_v0.1/provenance/pc3/profile_provenance_links.csv,PASS
PRC_5A13C5055A54AF794EDD0898,ENSEMBL_SHA256_PREFIX_2_V0.1,pc4,PROFILE_PAYLOAD,outputs/profile_release_candidate_v0.1/profiles/pc4/profiles.jsonl,ART_7344322B65F9DBD83979A358,TARGET_EVIDENCE_PROFILE_FULL_SCHEMA_V0.1,97,0,1845467,b3944ac1f42b2f15a4e894d14b2213b6d71a078c4d45e48b5584a616f6ef192b,FULL_PROFILE_MATERIALIZER_V0.1,PENDING_EXTERNALIZATION,LOCAL_RELEASE_CANDIDATE_ONLY::outputs/profile_release_candidate_v0.1/profiles/pc4/profiles.jsonl,PASS
PRC_5A13C5055A54AF794EDD0898,ENSEMBL_SHA256_PREFIX_2_V0.1,pc4,PROVENANCE_LINKS,outputs/profile_release_candidate_v0.1/provenance/pc4/profile_provenance_links.csv,ART_1A18FB7C430111225CB7C40A,PROFILE_PROVENANCE_LINK_SCHEMA_V0.1,97,3395,2084066,fd656d357dd5faae824fcba2d5e3861c91c49fb9c01dbfc0d4a6745bc8660a4e,FULL_PROFILE_MATERIALIZER_V0.1,PENDING_EXTERNALIZATION,LOCAL_RELEASE_CANDIDATE_ONLY::outputs/profile_release_candidate_v0.1/provenance/pc4/profile_provenance_links.csv,PASS
PRC_5A13C5055A54AF794EDD0898,ENSEMBL_SHA256_PREFIX_2_V0.1,pc5,PROFILE_PAYLOAD,outputs/profile_release_candidate_v0.1/profiles/pc5/profiles.jsonl,ART_0B01E3F570F8F89C5C762D63,TARGET_EVIDENCE_PROFILE_FULL_SCHEMA_V0.1,114,0,2168846,d5b36fd9f8f09a2a17575f4b593308fdbec70dd9638eaf4ad62a7c3894720967,FULL_PROFILE_MATERIALIZER_V0.1,PENDING_EXTERNALIZATION,LOCAL_RELEASE_CANDIDATE_ONLY::outputs/profile_release_candidate_v0.1/profiles/pc5/profiles.jsonl,PASS
PRC_5A13C5055A54AF794EDD0898,ENSEMBL_SHA256_PREFIX_2_V0.1,pc5,PROVENANCE_LINKS,outputs/profile_release_candidate_v0.1/provenance/pc5/profile_provenance_links.csv,ART_5DA1591CDDEBDF8DFB7C964A,PROFILE_PROVENANCE_LINK_SCHEMA_V0.1,114,3990,2447785,859b4c44361772303ede972ee088735259c508643b5817cb1c357440d342338d,FULL_PROFILE_MATERIALIZER_V0.1,PENDING_EXTERNALIZATION,LOCAL_RELEASE_CANDIDATE_ONLY::outputs/profile_release_candidate_v0.1/provenance/pc5/profile_provenance_links.csv,PASS
PRC_5A13C5055A54AF794EDD0898,ENSEMBL_SHA256_PREFIX_2_V0.1,pc6,PROFILE_PAYLOAD,outputs/profile_release_candidate_v0.1/profiles/pc6/profiles.jsonl,ART_A7FF11CCB7DF3474A1CB1B00,TARGET_EVIDENCE_PROFILE_FULL_SCHEMA_V0.1,128,0,2435293,c0fcb32febd2e8dc21af034ec37fcb0ac217bdfc5f9f82e5f550d1390ef4e107,FULL_PROFILE_MATERIALIZER_V0.1,PENDING_EXTERNALIZATION,LOCAL_RELEASE_CANDIDATE_ONLY::outputs/profile_release_candidate_v0.1/profiles/pc6/profiles.jsonl,PASS
PRC_5A13C5055A54AF794EDD0898,ENSEMBL_SHA256_PREFIX_2_V0.1,pc6,PROVENANCE_LINKS,outputs/profile_release_candidate_v0.1/provenance/pc6/profile_provenance_links.csv,ART_3AEC86F33A4F668FA6F117F8,PROFILE_PROVENANCE_LINK_SCHEMA_V0.1,128,4480,2749163,6bd1cb2cf76f3308e07e4ab0dd05dec2fe2ba40ee94147b45cfb442c5e49d49a,FULL_PROFILE_MATERIALIZER_V0.1,PENDING_EXTERNALIZATION,LOCAL_RELEASE_CANDIDATE_ONLY::outputs/profile_release_candidate_v0.1/provenance/pc6/profile_provenance_links.csv,PASS
PRC_5A13C5055A54AF794EDD0898,ENSEMBL_SHA256_PREFIX_2_V0.1,pc7,PROFILE_PAYLOAD,outputs/profile_release_candidate_v0.1/profiles/pc7/profiles.jsonl,ART_566E2C287B5B5E3370F0CE59,TARGET_EVIDENCE_PROFILE_FULL_SCHEMA_V0.1,124,0,2359094,1003825a82ca135545715f9f89e20ad612ead2ca4dde0acac4e85761cace8dd4,FULL_PROFILE_MATERIALIZER_V0.1,PENDING_EXTERNALIZATION,LOCAL_RELEASE_CANDIDATE_ONLY::outputs/profile_release_candidate_v0.1/profiles/pc7/profiles.jsonl,PASS
PRC_5A13C5055A54AF794EDD0898,ENSEMBL_SHA256_PREFIX_2_V0.1,pc7,PROVENANCE_LINKS,outputs/profile_release_candidate_v0.1/provenance/pc7/profile_provenance_links.csv,ART_3AFF92E48BDAA15BD64FC084,PROFILE_PROVENANCE_LINK_SCHEMA_V0.1,124,4340,2661970,ff4b51ab3a80b799bb8af1444ff877eb0db7859768f2ef4479b5e04bf4279cb6,FULL_PROFILE_MATERIALIZER_V0.1,PENDING_EXTERNALIZATION,LOCAL_RELEASE_CANDIDATE_ONLY::outputs/profile_release_candidate_v0.1/provenance/pc7/profile_provenance_links.csv,PASS
PRC_5A13C5055A54AF794EDD0898,ENSEMBL_SHA256_PREFIX_2_V0.1,pc8,PROFILE_PAYLOAD,outputs/profile_release_candidate_v0.1/profiles/pc8/profiles.jsonl,ART_68A74CB52471CFC4D2B2BE75,TARGET_EVIDENCE_PROFILE_FULL_SCHEMA_V0.1,121,0,2302007,a41d64ebc7038524df038c58458d92cbb2e7a6704007f4a83027d4e19d8d0339,FULL_PROFILE_MATERIALIZER_V0.1,PENDING_EXTERNALIZATION,LOCAL_RELEASE_CANDIDATE_ONLY::outputs/profile_release_candidate_v0.1/profiles/pc8/profiles.jsonl,PASS
PRC_5A13C5055A54AF794EDD0898,ENSEMBL_SHA256_PREFIX_2_V0.1,pc8,PROVENANCE_LINKS,outputs/profile_release_candidate_v0.1/provenance/pc8/profile_provenance_links.csv,ART_9753ACBEB2E3FB538388540D,PROFILE_PROVENANCE_LINK_SCHEMA_V0.1,121,4235,2597284,880f5d9818a663c787fcba1e94444b15756f9bd24fbb69b62d35ceb963ebd052,FULL_PROFILE_MATERIALIZER_V0.1,PENDING_EXTERNALIZATION,LOCAL_RELEASE_CANDIDATE_ONLY::outputs/profile_release_candidate_v0.1/provenance/pc8/profile_provenance_links.csv,PASS
PRC_5A13C5055A54AF794EDD0898,ENSEMBL_SHA256_PREFIX_2_V0.1,pc9,PROFILE_PAYLOAD,outputs/profile_release_candidate_v0.1/profiles/pc9/profiles.jsonl,ART_2F29685EB8D6C79DE260B04C,TARGET_EVIDENCE_PROFILE_FULL_SCHEMA_V0.1,102,0,1940567,1a9840747229e83c51ed26636429b6d578dd5fdd4a175a134e759c5e6c941ec0,FULL_PROFILE_MATERIALIZER_V0.1,PENDING_EXTERNALIZATION,LOCAL_RELEASE_CANDIDATE_ONLY::outputs/profile_release_candidate_v0.1/profiles/pc9/profiles.jsonl,PASS
PRC_5A13C5055A54AF794EDD0898,ENSEMBL_SHA256_PREFIX_2_V0.1,pc9,PROVENANCE_LINKS,outputs/profile_release_candidate_v0.1/provenance/pc9/profile_provenance_links.csv,ART_DB6F33C21A0FBD816710B100,PROFILE_PROVENANCE_LINK_SCHEMA_V0.1,102,3570,2189986,ad00a2f2bb36b20161f3ec5110b873e501e5c1b057c16e8fcba8d694f98b4663,FULL_PROFILE_MATERIALIZER_V0.1,PENDING_EXTERNALIZATION,LOCAL_RELEASE_CANDIDATE_ONLY::outputs/profile_release_candidate_v0.1/provenance/pc9/profile_provenance_links.csv,PASS
PRC_5A13C5055A54AF794EDD0898,ENSEMBL_SHA256_PREFIX_2_V0.1,pca,PROFILE_PAYLOAD,outputs/profile_release_candidate_v0.1/profiles/pca/profiles.jsonl,ART_CA9F5899182820D67A1CF954,TARGET_EVIDENCE_PROFILE_FULL_SCHEMA_V0.1,98,0,1864550,9c03752c1120598dd81f1989ce3b9e8df3cc3a348d658e51d7383c1819fe7955,FULL_PROFILE_MATERIALIZER_V0.1,PENDING_EXTERNALIZATION,LOCAL_RELEASE_CANDIDATE_ONLY::outputs/profile_release_candidate_v0.1/profiles/pca/profiles.jsonl,PASS
PRC_5A13C5055A54AF794EDD0898,ENSEMBL_SHA256_PREFIX_2_V0.1,pca,PROVENANCE_LINKS,outputs/profile_release_candidate_v0.1/provenance/pca/profile_provenance_links.csv,ART_4EA0D6B8B244871963B9F822,PROFILE_PROVENANCE_LINK_SCHEMA_V0.1,98,3430,2104858,bd6940d4342e7cd218ee465b9e71438a6437e20796ab659512ccb7ee7dd8a3ce,FULL_PROFILE_MATERIALIZER_V0.1,PENDING_EXTERNALIZATION,LOCAL_RELEASE_CANDIDATE_ONLY::outputs/profile_release_candidate_v0.1/provenance/pca/profile_provenance_links.csv,PASS
PRC_5A13C5055A54AF794EDD0898,ENSEMBL_SHA256_PREFIX_2_V0.1,pcb,PROFILE_PAYLOAD,outputs/profile_release_candidate_v0.1/profiles/pcb/profiles.jsonl,ART_F47175025F89A660B4C723A4,TARGET_EVIDENCE_PROFILE_FULL_SCHEMA_V0.1,124,0,2359085,d89a37a3c9b821b58b836d32d08a1e4b95b551a36981fde42cd5c36e4ee3e037,FULL_PROFILE_MATERIALIZER_V0.1,PENDING_EXTERNALIZATION,LOCAL_RELEASE_CANDIDATE_ONLY::outputs/profile_release_candidate_v0.1/profiles/pcb/profiles.jsonl,PASS
PRC_5A13C5055A54AF794EDD0898,ENSEMBL_SHA256_PREFIX_2_V0.1,pcb,PROVENANCE_LINKS,outputs/profile_release_candidate_v0.1/provenance/pcb/profile_provenance_links.csv,ART_0AA8F469D5F3F49A7661EC7F,PROFILE_PROVENANCE_LINK_SCHEMA_V0.1,124,4340,2662530,481cd90b529d654a8d61076c81742b5b65de1b8502aa0e92979d4a1fa4fe4d40,FULL_PROFILE_MATERIALIZER_V0.1,PENDING_EXTERNALIZATION,LOCAL_RELEASE_CANDIDATE_ONLY::outputs/profile_release_candidate_v0.1/provenance/pcb/profile_provenance_links.csv,PASS
PRC_5A13C5055A54AF794EDD0898,ENSEMBL_SHA256_PREFIX_2_V0.1,pcc,PROFILE_PAYLOAD,outputs/profile_release_candidate_v0.1/profiles/pcc/profiles.jsonl,ART_645AF924907E9BFDC6D2F58A,TARGET_EVIDENCE_PROFILE_FULL_SCHEMA_V0.1,110,0,2092728,482189c7d73dbe31eaa153d48fa30a66ece71a9de25a273e51780ccd532c5444,FULL_PROFILE_MATERIALIZER_V0.1,PENDING_EXTERNALIZATION,LOCAL_RELEASE_CANDIDATE_ONLY::outputs/profile_release_candidate_v0.1/profiles/pcc/profiles.jsonl,PASS
PRC_5A13C5055A54AF794EDD0898,ENSEMBL_SHA256_PREFIX_2_V0.1,pcc,PROVENANCE_LINKS,outputs/profile_release_candidate_v0.1/provenance/pcc/profile_provenance_links.csv,ART_E6071C7C1794AAC1F4C17736,PROFILE_PROVENANCE_LINK_SCHEMA_V0.1,110,3850,2362097,9ab19b892b1b51724743b702d88987b643cbe813de480323ddde6ddc759e44e4,FULL_PROFILE_MATERIALIZER_V0.1,PENDING_EXTERNALIZATION,LOCAL_RELEASE_CANDIDATE_ONLY::outputs/profile_release_candidate_v0.1/provenance/pcc/profile_provenance_links.csv,PASS
PRC_5A13C5055A54AF794EDD0898,ENSEMBL_SHA256_PREFIX_2_V0.1,pcd,PROFILE_PAYLOAD,outputs/profile_release_candidate_v0.1/profiles/pcd/profiles.jsonl,ART_C530C592F7103106ECA6168F,TARGET_EVIDENCE_PROFILE_FULL_SCHEMA_V0.1,118,0,2244999,d8f8918edc7ddf4caa0d14799b907afcc4533bd01efef5118b87f7802b28d73c,FULL_PROFILE_MATERIALIZER_V0.1,PENDING_EXTERNALIZATION,LOCAL_RELEASE_CANDIDATE_ONLY::outputs/profile_release_candidate_v0.1/profiles/pcd/profiles.jsonl,PASS
PRC_5A13C5055A54AF794EDD0898,ENSEMBL_SHA256_PREFIX_2_V0.1,pcd,PROVENANCE_LINKS,outputs/profile_release_candidate_v0.1/provenance/pcd/profile_provenance_links.csv,ART_DEBF74D4B03C0E4CFBA92A93,PROFILE_PROVENANCE_LINK_SCHEMA_V0.1,118,4130,2534383,88b0b96476abfe6594980f03122801b16500c4fb30cf6baea810ca70aad7656a,FULL_PROFILE_MATERIALIZER_V0.1,PENDING_EXTERNALIZATION,LOCAL_RELEASE_CANDIDATE_ONLY::outputs/profile_release_candidate_v0.1/provenance/pcd/profile_provenance_links.csv,PASS
PRC_5A13C5055A54AF794EDD0898,ENSEMBL_SHA256_PREFIX_2_V0.1,pce,PROFILE_PAYLOAD,outputs/profile_release_candidate_v0.1/profiles/pce/profiles.jsonl,ART_EE9979666C174E2AE2E95ED5,TARGET_EVIDENCE_PROFILE_FULL_SCHEMA_V0.1,120,0,2283060,b6ae32418686bccc8160f3a99f4797e9b84a24c81b3ad4415cf85e6ba7147d00,FULL_PROFILE_MATERIALIZER_V0.1,PENDING_EXTERNALIZATION,LOCAL_RELEASE_CANDIDATE_ONLY::outputs/profile_release_candidate_v0.1/profiles/pce/profiles.jsonl,PASS
PRC_5A13C5055A54AF794EDD0898,ENSEMBL_SHA256_PREFIX_2_V0.1,pce,PROVENANCE_LINKS,outputs/profile_release_candidate_v0.1/provenance/pce/profile_provenance_links.csv,ART_0BC5D88429B36348D79A458F,PROFILE_PROVENANCE_LINK_SCHEMA_V0.1,120,4200,2576667,9d8350360a7d6eee08819c980eb9d60beb2baf483e4ee51a77e14344d085c836,FULL_PROFILE_MATERIALIZER_V0.1,PENDING_EXTERNALIZATION,LOCAL_RELEASE_CANDIDATE_ONLY::outputs/profile_release_candidate_v0.1/provenance/pce/profile_provenance_links.csv,PASS
PRC_5A13C5055A54AF794EDD0898,ENSEMBL_SHA256_PREFIX_2_V0.1,pcf,PROFILE_PAYLOAD,outputs/profile_release_candidate_v0.1/profiles/pcf/profiles.jsonl,ART_FB17EE04917FDC4A5D150ECE,TARGET_EVIDENCE_PROFILE_FULL_SCHEMA_V0.1,109,0,2073739,49362a1fc5753c018b0fcc38c9db4d9a2dfc18283e3c010ea142e5ea70bee81e,FULL_PROFILE_MATERIALIZER_V0.1,PENDING_EXTERNALIZATION,LOCAL_RELEASE_CANDIDATE_ONLY::outputs/profile_release_candidate_v0.1/profiles/pcf/profiles.jsonl,PASS
PRC_5A13C5055A54AF794EDD0898,ENSEMBL_SHA256_PREFIX_2_V0.1,pcf,PROVENANCE_LINKS,outputs/profile_release_candidate_v0.1/provenance/pcf/profile_provenance_links.csv,ART_3F5D6FBA37ABAA280AC8AA40,PROFILE_PROVENANCE_LINK_SCHEMA_V0.1,109,3815,2340290,f9db993c11f2e5a9c1199e2ef0e3f9bf891a6531ef43fe95239190b5fe54b066,FULL_PROFILE_MATERIALIZER_V0.1,PENDING_EXTERNALIZATION,LOCAL_RELEASE_CANDIDATE_ONLY::outputs/profile_release_candidate_v0.1/provenance/pcf/profile_provenance_links.csv,PASS
PRC_5A13C5055A54AF794EDD0898,ENSEMBL_SHA256_PREFIX_2_V0.1,pd0,PROFILE_PAYLOAD,outputs/profile_release_candidate_v0.1/profiles/pd0/profiles.jsonl,ART_2DA0BDB4AE5FA3AC1526DC2D,TARGET_EVIDENCE_PROFILE_FULL_SCHEMA_V0.1,125,0,2378172,d39d0523719e506e79fd3bdf6c0d06ef3b510c94ac3a20182ba617e310fa172f,FULL_PROFILE_MATERIALIZER_V0.1,PENDING_EXTERNALIZATION,LOCAL_RELEASE_CANDIDATE_ONLY::outputs/profile_release_candidate_v0.1/profiles/pd0/profiles.jsonl,PASS
PRC_5A13C5055A54AF794EDD0898,ENSEMBL_SHA256_PREFIX_2_V0.1,pd0,PROVENANCE_LINKS,outputs/profile_release_candidate_v0.1/provenance/pd0/profile_provenance_links.csv,ART_47073015C601048717519166,PROFILE_PROVENANCE_LINK_SCHEMA_V0.1,125,4375,2683882,97a303bef0017abfaf88815765a3399ed00e6635b392b6e144a7c097a10f9fa5,FULL_PROFILE_MATERIALIZER_V0.1,PENDING_EXTERNALIZATION,LOCAL_RELEASE_CANDIDATE_ONLY::outputs/profile_release_candidate_v0.1/provenance/pd0/profile_provenance_links.csv,PASS
PRC_5A13C5055A54AF794EDD0898,ENSEMBL_SHA256_PREFIX_2_V0.1,pd1,PROFILE_PAYLOAD,outputs/profile_release_candidate_v0.1/profiles/pd1/profiles.jsonl,ART_014B2C2555D9F3B63486F33A,TARGET_EVIDENCE_PROFILE_FULL_SCHEMA_V0.1,111,0,2111825,2052b469c17d4acb7bc01bd4de707de056c5968902be847a6dbbe809c5721aae,FULL_PROFILE_MATERIALIZER_V0.1,PENDING_EXTERNALIZATION,LOCAL_RELEASE_CANDIDATE_ONLY::outputs/profile_release_candidate_v0.1/profiles/pd1/profiles.jsonl,PASS
PRC_5A13C5055A54AF794EDD0898,ENSEMBL_SHA256_PREFIX_2_V0.1,pd1,PROVENANCE_LINKS,outputs/profile_release_candidate_v0.1/provenance/pd1/profile_provenance_links.csv,ART_8A030F60EB008C2C0C0819F7,PROFILE_PROVENANCE_LINK_SCHEMA_V0.1,111,3885,2383974,1b83442ad23739aca483c0c28ced47672ef2bfb8f38e26231555e8cbbe3bc739,FULL_PROFILE_MATERIALIZER_V0.1,PENDING_EXTERNALIZATION,LOCAL_RELEASE_CANDIDATE_ONLY::outputs/profile_release_candidate_v0.1/provenance/pd1/profile_provenance_links.csv,PASS
PRC_5A13C5055A54AF794EDD0898,ENSEMBL_SHA256_PREFIX_2_V0.1,pd2,PROFILE_PAYLOAD,outputs/profile_release_candidate_v0.1/profiles/pd2/profiles.jsonl,ART_04D8416788A41CB0E44F0D84,TARGET_EVIDENCE_PROFILE_FULL_SCHEMA_V0.1,121,0,2302081,f805c33e20f5b9fca48fb635218348f7a19bbeee2eea2c6b408d4620fc25af91,FULL_PROFILE_MATERIALIZER_V0.1,PENDING_EXTERNALIZATION,LOCAL_RELEASE_CANDIDATE_ONLY::outputs/profile_release_candidate_v0.1/profiles/pd2/profiles.jsonl,PASS
PRC_5A13C5055A54AF794EDD0898,ENSEMBL_SHA256_PREFIX_2_V0.1,pd2,PROVENANCE_LINKS,outputs/profile_release_candidate_v0.1/provenance/pd2/profile_provenance_links.csv,ART_AC6CF15FD1B669A9765E4376,PROFILE_PROVENANCE_LINK_SCHEMA_V0.1,121,4235,2597984,d373285409d84d4e413c9cb0115388b54b74f346882111fb9c63440ea0ddafc0,FULL_PROFILE_MATERIALIZER_V0.1,PENDING_EXTERNALIZATION,LOCAL_RELEASE_CANDIDATE_ONLY::outputs/profile_release_candidate_v0.1/provenance/pd2/profile_provenance_links.csv,PASS
PRC_5A13C5055A54AF794EDD0898,ENSEMBL_SHA256_PREFIX_2_V0.1,pd3,PROFILE_PAYLOAD,outputs/profile_release_candidate_v0.1/profiles/pd3/profiles.jsonl,ART_B1863858D04A85E6B6106C3C,TARGET_EVIDENCE_PROFILE_FULL_SCHEMA_V0.1,120,0,2282966,5e8cbd6562dbcc11f4624bc39f56d3a8b6c21de50181bd34708c1d24349972a9,FULL_PROFILE_MATERIALIZER_V0.1,PENDING_EXTERNALIZATION,LOCAL_RELEASE_CANDIDATE_ONLY::outputs/profile_release_candidate_v0.1/profiles/pd3/profiles.jsonl,PASS
PRC_5A13C5055A54AF794EDD0898,ENSEMBL_SHA256_PREFIX_2_V0.1,pd3,PROVENANCE_LINKS,outputs/profile_release_candidate_v0.1/provenance/pd3/profile_provenance_links.csv,ART_B2EEA4981E71A27BEA2D3EC7,PROFILE_PROVENANCE_LINK_SCHEMA_V0.1,120,4200,2576247,1ec2d4dc52199ff9220814a10c95d0533e8d5693e4fce170c26a5231386a44c3,FULL_PROFILE_MATERIALIZER_V0.1,PENDING_EXTERNALIZATION,LOCAL_RELEASE_CANDIDATE_ONLY::outputs/profile_release_candidate_v0.1/provenance/pd3/profile_provenance_links.csv,PASS
PRC_5A13C5055A54AF794EDD0898,ENSEMBL_SHA256_PREFIX_2_V0.1,pd4,PROFILE_PAYLOAD,outputs/profile_release_candidate_v0.1/profiles/pd4/profiles.jsonl,ART_3CA2DFD37529B97C5EFDAD04,TARGET_EVIDENCE_PROFILE_FULL_SCHEMA_V0.1,108,0,2054720,0d72fafef713f1d103a8461bac38e63075fceaf071b47e57a832d33570d1de6f,FULL_PROFILE_MATERIALIZER_V0.1,PENDING_EXTERNALIZATION,LOCAL_RELEASE_CANDIDATE_ONLY::outputs/profile_release_candidate_v0.1/profiles/pd4/profiles.jsonl,PASS
PRC_5A13C5055A54AF794EDD0898,ENSEMBL_SHA256_PREFIX_2_V0.1,pd4,PROVENANCE_LINKS,outputs/profile_release_candidate_v0.1/provenance/pd4/profile_provenance_links.csv,ART_4C80B2C6A54C6A25350C70D1,PROFILE_PROVENANCE_LINK_SCHEMA_V0.1,108,3780,2318728,802e28af7c5a752753696dfcde469c1473eb4e55560089986d54c4be709704d8,FULL_PROFILE_MATERIALIZER_V0.1,PENDING_EXTERNALIZATION,LOCAL_RELEASE_CANDIDATE_ONLY::outputs/profile_release_candidate_v0.1/provenance/pd4/profile_provenance_links.csv,PASS
PRC_5A13C5055A54AF794EDD0898,ENSEMBL_SHA256_PREFIX_2_V0.1,pd5,PROFILE_PAYLOAD,outputs/profile_release_candidate_v0.1/profiles/pd5/profiles.jsonl,ART_ED7F1A452FF2FC2859A4C480,TARGET_EVIDENCE_PROFILE_FULL_SCHEMA_V0.1,100,0,1902508,f00d188fe0f5746ed98b874fca6047c057c3d47a4618e31cd248af761f956bd0,FULL_PROFILE_MATERIALIZER_V0.1,PENDING_EXTERNALIZATION,LOCAL_RELEASE_CANDIDATE_ONLY::outputs/profile_release_candidate_v0.1/profiles/pd5/profiles.jsonl,PASS
PRC_5A13C5055A54AF794EDD0898,ENSEMBL_SHA256_PREFIX_2_V0.1,pd5,PROVENANCE_LINKS,outputs/profile_release_candidate_v0.1/provenance/pd5/profile_provenance_links.csv,ART_E61BA335A330D50A0674CC32,PROFILE_PROVENANCE_LINK_SCHEMA_V0.1,100,3500,2146617,03e9fa133a7cd2359c5b55d1271485634c37b2f5df974585325d8c9fd04aa7ed,FULL_PROFILE_MATERIALIZER_V0.1,PENDING_EXTERNALIZATION,LOCAL_RELEASE_CANDIDATE_ONLY::outputs/profile_release_candidate_v0.1/provenance/pd5/profile_provenance_links.csv,PASS
PRC_5A13C5055A54AF794EDD0898,ENSEMBL_SHA256_PREFIX_2_V0.1,pd6,PROFILE_PAYLOAD,outputs/profile_release_candidate_v0.1/profiles/pd6/profiles.jsonl,ART_93CA44DE1CA26353824089CB,TARGET_EVIDENCE_PROFILE_FULL_SCHEMA_V0.1,124,0,2359128,a0493bface8d2c37e61522164aa45e3a96eea939df7bb8f4fc29b75a184df9ce,FULL_PROFILE_MATERIALIZER_V0.1,PENDING_EXTERNALIZATION,LOCAL_RELEASE_CANDIDATE_ONLY::outputs/profile_release_candidate_v0.1/profiles/pd6/profiles.jsonl,PASS
PRC_5A13C5055A54AF794EDD0898,ENSEMBL_SHA256_PREFIX_2_V0.1,pd6,PROVENANCE_LINKS,outputs/profile_release_candidate_v0.1/provenance/pd6/profile_provenance_links.csv,ART_0A60812796A2B86CB9CCED23,PROFILE_PROVENANCE_LINK_SCHEMA_V0.1,124,4340,2662460,4ff8438f03028aa9549d11457d99bed390c7038da0dd64ebcb0b10b7f2baa334,FULL_PROFILE_MATERIALIZER_V0.1,PENDING_EXTERNALIZATION,LOCAL_RELEASE_CANDIDATE_ONLY::outputs/profile_release_candidate_v0.1/provenance/pd6/profile_provenance_links.csv,PASS
PRC_5A13C5055A54AF794EDD0898,ENSEMBL_SHA256_PREFIX_2_V0.1,pd7,PROFILE_PAYLOAD,outputs/profile_release_candidate_v0.1/profiles/pd7/profiles.jsonl,ART_8F2D686F23DE99C0495555A2,TARGET_EVIDENCE_PROFILE_FULL_SCHEMA_V0.1,121,0,2302071,151720b817b46827a431d90cbc9636257245e7a5ee176386b93d958d57481753,FULL_PROFILE_MATERIALIZER_V0.1,PENDING_EXTERNALIZATION,LOCAL_RELEASE_CANDIDATE_ONLY::outputs/profile_release_candidate_v0.1/profiles/pd7/profiles.jsonl,PASS
PRC_5A13C5055A54AF794EDD0898,ENSEMBL_SHA256_PREFIX_2_V0.1,pd7,PROVENANCE_LINKS,outputs/profile_release_candidate_v0.1/provenance/pd7/profile_provenance_links.csv,ART_60FB7B112B1024485EA0916D,PROFILE_PROVENANCE_LINK_SCHEMA_V0.1,121,4235,2598124,26f093469f3c997dbbf28ee778fd4cf6693128652b0f9a5a9557e1ee70a42ac2,FULL_PROFILE_MATERIALIZER_V0.1,PENDING_EXTERNALIZATION,LOCAL_RELEASE_CANDIDATE_ONLY::outputs/profile_release_candidate_v0.1/provenance/pd7/profile_provenance_links.csv,PASS
PRC_5A13C5055A54AF794EDD0898,ENSEMBL_SHA256_PREFIX_2_V0.1,pd8,PROFILE_PAYLOAD,outputs/profile_release_candidate_v0.1/profiles/pd8/profiles.jsonl,ART_519A48B2E8D451DCC434C366,TARGET_EVIDENCE_PROFILE_FULL_SCHEMA_V0.1,118,0,2244979,ad4b55337b50cf20a65d208f624d71de969185fc2c60d2df4a4d60102f331338,FULL_PROFILE_MATERIALIZER_V0.1,PENDING_EXTERNALIZATION,LOCAL_RELEASE_CANDIDATE_ONLY::outputs/profile_release_candidate_v0.1/profiles/pd8/profiles.jsonl,PASS
PRC_5A13C5055A54AF794EDD0898,ENSEMBL_SHA256_PREFIX_2_V0.1,pd8,PROVENANCE_LINKS,outputs/profile_release_candidate_v0.1/provenance/pd8/profile_provenance_links.csv,ART_3FC5228C7658760B103E7CE8,PROFILE_PROVENANCE_LINK_SCHEMA_V0.1,118,4130,2533228,43a5eb58b6866d402be6ca4c5899c9978f51cf5537dc1dbfbb239b8f71f01da0,FULL_PROFILE_MATERIALIZER_V0.1,PENDING_EXTERNALIZATION,LOCAL_RELEASE_CANDIDATE_ONLY::outputs/profile_release_candidate_v0.1/provenance/pd8/profile_provenance_links.csv,PASS
PRC_5A13C5055A54AF794EDD0898,ENSEMBL_SHA256_PREFIX_2_V0.1,pd9,PROFILE_PAYLOAD,outputs/profile_release_candidate_v0.1/profiles/pd9/profiles.jsonl,ART_C0A1B295AADD835B6C1CD0EE,TARGET_EVIDENCE_PROFILE_FULL_SCHEMA_V0.1,118,0,2244994,556502728542b59eb70aa4d2d8411b79cfe948a66fb48ae8ab4349852364916f,FULL_PROFILE_MATERIALIZER_V0.1,PENDING_EXTERNALIZATION,LOCAL_RELEASE_CANDIDATE_ONLY::outputs/profile_release_candidate_v0.1/profiles/pd9/profiles.jsonl,PASS
PRC_5A13C5055A54AF794EDD0898,ENSEMBL_SHA256_PREFIX_2_V0.1,pd9,PROVENANCE_LINKS,outputs/profile_release_candidate_v0.1/provenance/pd9/profile_provenance_links.csv,ART_30E96C47FF2F5176678DAB79,PROFILE_PROVENANCE_LINK_SCHEMA_V0.1,118,4130,2533823,829a2449f20f740239456e53bd27bb2f23e96a961b27b1f3e71238f3800745c7,FULL_PROFILE_MATERIALIZER_V0.1,PENDING_EXTERNALIZATION,LOCAL_RELEASE_CANDIDATE_ONLY::outputs/profile_release_candidate_v0.1/provenance/pd9/profile_provenance_links.csv,PASS
PRC_5A13C5055A54AF794EDD0898,ENSEMBL_SHA256_PREFIX_2_V0.1,pda,PROFILE_PAYLOAD,outputs/profile_release_candidate_v0.1/profiles/pda/profiles.jsonl,ART_45849BBBD2A81DAB0291FC2E,TARGET_EVIDENCE_PROFILE_FULL_SCHEMA_V0.1,109,0,2073694,5df7c265e70af1ae8499fa12ade4f90ed555ed32a5110ced39529e3e5ecaec67,FULL_PROFILE_MATERIALIZER_V0.1,PENDING_EXTERNALIZATION,LOCAL_RELEASE_CANDIDATE_ONLY::outputs/profile_release_candidate_v0.1/profiles/pda/profiles.jsonl,PASS
PRC_5A13C5055A54AF794EDD0898,ENSEMBL_SHA256_PREFIX_2_V0.1,pda,PROVENANCE_LINKS,outputs/profile_release_candidate_v0.1/provenance/pda/profile_provenance_links.csv,ART_44CD78843425C241D29F4A0A,PROFILE_PROVENANCE_LINK_SCHEMA_V0.1,109,3815,2340395,2a15b0430047689ea95614a5b8f5705224b7b16cfd226d1a19f1fd0ba0caac7e,FULL_PROFILE_MATERIALIZER_V0.1,PENDING_EXTERNALIZATION,LOCAL_RELEASE_CANDIDATE_ONLY::outputs/profile_release_candidate_v0.1/provenance/pda/profile_provenance_links.csv,PASS
PRC_5A13C5055A54AF794EDD0898,ENSEMBL_SHA256_PREFIX_2_V0.1,pdb,PROFILE_PAYLOAD,outputs/profile_release_candidate_v0.1/profiles/pdb/profiles.jsonl,ART_E7D8686D7C8803D903A302CE,TARGET_EVIDENCE_PROFILE_FULL_SCHEMA_V0.1,130,0,2473316,d20822f79123bf3c236cabe49b10b48fb8862864f9d3f1668e10958c56cd9c1e,FULL_PROFILE_MATERIALIZER_V0.1,PENDING_EXTERNALIZATION,LOCAL_RELEASE_CANDIDATE_ONLY::outputs/profile_release_candidate_v0.1/profiles/pdb/profiles.jsonl,PASS
PRC_5A13C5055A54AF794EDD0898,ENSEMBL_SHA256_PREFIX_2_V0.1,pdb,PROVENANCE_LINKS,outputs/profile_release_candidate_v0.1/provenance/pdb/profile_provenance_links.csv,ART_79AC5DEC9298F8C3DE77DF80,PROFILE_PROVENANCE_LINK_SCHEMA_V0.1,130,4550,2791727,84c799d011e3c4294e290c41dded9e794e03cfd9401c9f982ef393dc5b24b828,FULL_PROFILE_MATERIALIZER_V0.1,PENDING_EXTERNALIZATION,LOCAL_RELEASE_CANDIDATE_ONLY::outputs/profile_release_candidate_v0.1/provenance/pdb/profile_provenance_links.csv,PASS
PRC_5A13C5055A54AF794EDD0898,ENSEMBL_SHA256_PREFIX_2_V0.1,pdc,PROFILE_PAYLOAD,outputs/profile_release_candidate_v0.1/profiles/pdc/profiles.jsonl,ART_7D894DF64B532F7AC768FF92,TARGET_EVIDENCE_PROFILE_FULL_SCHEMA_V0.1,111,0,2111805,2b4765fb09c3fdd8da7982ba3cbfda8e1394ef4635edf0443e56ecb9e2f92a1c,FULL_PROFILE_MATERIALIZER_V0.1,PENDING_EXTERNALIZATION,LOCAL_RELEASE_CANDIDATE_ONLY::outputs/profile_release_candidate_v0.1/profiles/pdc/profiles.jsonl,PASS
PRC_5A13C5055A54AF794EDD0898,ENSEMBL_SHA256_PREFIX_2_V0.1,pdc,PROVENANCE_LINKS,outputs/profile_release_candidate_v0.1/provenance/pdc/profile_provenance_links.csv,ART_6F027BEB912D7CBE6C6107A2,PROFILE_PROVENANCE_LINK_SCHEMA_V0.1,111,3885,2382924,432ac93a3905d647e5dcc39217b02734ac8ac173a3e1b0c462365c185873a872,FULL_PROFILE_MATERIALIZER_V0.1,PENDING_EXTERNALIZATION,LOCAL_RELEASE_CANDIDATE_ONLY::outputs/profile_release_candidate_v0.1/provenance/pdc/profile_provenance_links.csv,PASS
PRC_5A13C5055A54AF794EDD0898,ENSEMBL_SHA256_PREFIX_2_V0.1,pdd,PROFILE_PAYLOAD,outputs/profile_release_candidate_v0.1/profiles/pdd/profiles.jsonl,ART_E977F92DC4583398E6A5BCDE,TARGET_EVIDENCE_PROFILE_FULL_SCHEMA_V0.1,112,0,2130852,f9982c3c8e047739352028c52a17da599fa05a6f7e6a1e591f49a9c9b2f03967,FULL_PROFILE_MATERIALIZER_V0.1,PENDING_EXTERNALIZATION,LOCAL_RELEASE_CANDIDATE_ONLY::outputs/profile_release_candidate_v0.1/profiles/pdd/profiles.jsonl,PASS
PRC_5A13C5055A54AF794EDD0898,ENSEMBL_SHA256_PREFIX_2_V0.1,pdd,PROVENANCE_LINKS,outputs/profile_release_candidate_v0.1/provenance/pdd/profile_provenance_links.csv,ART_EB1D16D9B30C50A4DD5E4E00,PROFILE_PROVENANCE_LINK_SCHEMA_V0.1,112,3920,2405221,9f7a81406402fd088a86e246e8b194664f002fa69b5ba13d2233b02d1d9bbef1,FULL_PROFILE_MATERIALIZER_V0.1,PENDING_EXTERNALIZATION,LOCAL_RELEASE_CANDIDATE_ONLY::outputs/profile_release_candidate_v0.1/provenance/pdd/profile_provenance_links.csv,PASS
PRC_5A13C5055A54AF794EDD0898,ENSEMBL_SHA256_PREFIX_2_V0.1,pde,PROFILE_PAYLOAD,outputs/profile_release_candidate_v0.1/profiles/pde/profiles.jsonl,ART_BD411656BAC987B01D173452,TARGET_EVIDENCE_PROFILE_FULL_SCHEMA_V0.1,113,0,2149797,b48bea0b7f0564f3c1944a0892677b71a97eda50b30ea0d1c65da6c9b85ce293,FULL_PROFILE_MATERIALIZER_V0.1,PENDING_EXTERNALIZATION,LOCAL_RELEASE_CANDIDATE_ONLY::outputs/profile_release_candidate_v0.1/profiles/pde/profiles.jsonl,PASS
PRC_5A13C5055A54AF794EDD0898,ENSEMBL_SHA256_PREFIX_2_V0.1,pde,PROVENANCE_LINKS,outputs/profile_release_candidate_v0.1/provenance/pde/profile_provenance_links.csv,ART_9298642738F73E4C6F709251,PROFILE_PROVENANCE_LINK_SCHEMA_V0.1,113,3955,2425978,c3e14cd4c3d9e9975713c420641afd22b541487da2d9765172334c95dd22bc31,FULL_PROFILE_MATERIALIZER_V0.1,PENDING_EXTERNALIZATION,LOCAL_RELEASE_CANDIDATE_ONLY::outputs/profile_release_candidate_v0.1/provenance/pde/profile_provenance_links.csv,PASS
PRC_5A13C5055A54AF794EDD0898,ENSEMBL_SHA256_PREFIX_2_V0.1,pdf,PROFILE_PAYLOAD,outputs/profile_release_candidate_v0.1/profiles/pdf/profiles.jsonl,ART_F1824CD7B255DADA5B56DC00,TARGET_EVIDENCE_PROFILE_FULL_SCHEMA_V0.1,121,0,2302020,4b370fb11002c073c9f28ebc7f2a25b9645f04b3db6fefbf6f02e2cced8ac85b,FULL_PROFILE_MATERIALIZER_V0.1,PENDING_EXTERNALIZATION,LOCAL_RELEASE_CANDIDATE_ONLY::outputs/profile_release_candidate_v0.1/profiles/pdf/profiles.jsonl,PASS
PRC_5A13C5055A54AF794EDD0898,ENSEMBL_SHA256_PREFIX_2_V0.1,pdf,PROVENANCE_LINKS,outputs/profile_release_candidate_v0.1/provenance/pdf/profile_provenance_links.csv,ART_4C10B04A4CF86CAF0A5BEB7A,PROFILE_PROVENANCE_LINK_SCHEMA_V0.1,121,4235,2597249,d9d68a3a5d885a2ac26cc8b273d144dece4d1e5a1c37590b50e41f3a8e32de7d,FULL_PROFILE_MATERIALIZER_V0.1,PENDING_EXTERNALIZATION,LOCAL_RELEASE_CANDIDATE_ONLY::outputs/profile_release_candidate_v0.1/provenance/pdf/profile_provenance_links.csv,PASS
PRC_5A13C5055A54AF794EDD0898,ENSEMBL_SHA256_PREFIX_2_V0.1,pe0,PROFILE_PAYLOAD,outputs/profile_release_candidate_v0.1/profiles/pe0/profiles.jsonl,ART_3AE734DAD9B777471DDE0DE4,TARGET_EVIDENCE_PROFILE_FULL_SCHEMA_V0.1,106,0,2016719,e88c2b0098874ddb99db141cde2afce28fc329d81957ba9c647c008f02431420,FULL_PROFILE_MATERIALIZER_V0.1,PENDING_EXTERNALIZATION,LOCAL_RELEASE_CANDIDATE_ONLY::outputs/profile_release_candidate_v0.1/profiles/pe0/profiles.jsonl,PASS
PRC_5A13C5055A54AF794EDD0898,ENSEMBL_SHA256_PREFIX_2_V0.1,pe0,PROVENANCE_LINKS,outputs/profile_release_candidate_v0.1/provenance/pe0/profile_provenance_links.csv,ART_886E5C1194B4D930ECFA736E,PROFILE_PROVENANCE_LINK_SCHEMA_V0.1,106,3710,2276129,1fc91c9bf25d687d53d5422b8c6e236c82a83f91f49eea7d833b2d28854efe8b,FULL_PROFILE_MATERIALIZER_V0.1,PENDING_EXTERNALIZATION,LOCAL_RELEASE_CANDIDATE_ONLY::outputs/profile_release_candidate_v0.1/provenance/pe0/profile_provenance_links.csv,PASS
PRC_5A13C5055A54AF794EDD0898,ENSEMBL_SHA256_PREFIX_2_V0.1,pe1,PROFILE_PAYLOAD,outputs/profile_release_candidate_v0.1/profiles/pe1/profiles.jsonl,ART_725154768EF209D2802B1DD2,TARGET_EVIDENCE_PROFILE_FULL_SCHEMA_V0.1,101,0,1921566,7a42c5b33ed6836c4599363b93a95e16a3f8e8d7506ea9f8752c0a223b7f4fba,FULL_PROFILE_MATERIALIZER_V0.1,PENDING_EXTERNALIZATION,LOCAL_RELEASE_CANDIDATE_ONLY::outputs/profile_release_candidate_v0.1/profiles/pe1/profiles.jsonl,PASS
PRC_5A13C5055A54AF794EDD0898,ENSEMBL_SHA256_PREFIX_2_V0.1,pe1,PROVENANCE_LINKS,outputs/profile_release_candidate_v0.1/provenance/pe1/profile_provenance_links.csv,ART_1E07A07F5694E7DC54323FDD,PROFILE_PROVENANCE_LINK_SCHEMA_V0.1,101,3535,2169299,2b701a28f41474157b89c921d734c9be838e4153f19f1fa613dd43993fddcc8e,FULL_PROFILE_MATERIALIZER_V0.1,PENDING_EXTERNALIZATION,LOCAL_RELEASE_CANDIDATE_ONLY::outputs/profile_release_candidate_v0.1/provenance/pe1/profile_provenance_links.csv,PASS
PRC_5A13C5055A54AF794EDD0898,ENSEMBL_SHA256_PREFIX_2_V0.1,pe2,PROFILE_PAYLOAD,outputs/profile_release_candidate_v0.1/profiles/pe2/profiles.jsonl,ART_0CC443F6FF951C130B13CAF4,TARGET_EVIDENCE_PROFILE_FULL_SCHEMA_V0.1,119,0,2263988,9efa04d6bbfbb2bf400545cbf9c3d5319d93d9775320f2ed5fb5877514ff4df6,FULL_PROFILE_MATERIALIZER_V0.1,PENDING_EXTERNALIZATION,LOCAL_RELEASE_CANDIDATE_ONLY::outputs/profile_release_candidate_v0.1/profiles/pe2/profiles.jsonl,PASS
PRC_5A13C5055A54AF794EDD0898,ENSEMBL_SHA256_PREFIX_2_V0.1,pe2,PROVENANCE_LINKS,outputs/profile_release_candidate_v0.1/provenance/pe2/profile_provenance_links.csv,ART_4157121FDD8795F3C502C87B,PROFILE_PROVENANCE_LINK_SCHEMA_V0.1,119,4165,2554825,5605f8f1a6be80ccec39ed347b37e2955303fac0ca4c121540b6cef009912e21,FULL_PROFILE_MATERIALIZER_V0.1,PENDING_EXTERNALIZATION,LOCAL_RELEASE_CANDIDATE_ONLY::outputs/profile_release_candidate_v0.1/provenance/pe2/profile_provenance_links.csv,PASS
PRC_5A13C5055A54AF794EDD0898,ENSEMBL_SHA256_PREFIX_2_V0.1,pe3,PROFILE_PAYLOAD,outputs/profile_release_candidate_v0.1/profiles/pe3/profiles.jsonl,ART_732B8CF113F60D0DCA585BAA,TARGET_EVIDENCE_PROFILE_FULL_SCHEMA_V0.1,114,0,2168906,04e971814af93d344da6bdbe1d35e3fba7c2ba3132a1f8d67bc324cf547f1551,FULL_PROFILE_MATERIALIZER_V0.1,PENDING_EXTERNALIZATION,LOCAL_RELEASE_CANDIDATE_ONLY::outputs/profile_release_candidate_v0.1/profiles/pe3/profiles.jsonl,PASS
PRC_5A13C5055A54AF794EDD0898,ENSEMBL_SHA256_PREFIX_2_V0.1,pe3,PROVENANCE_LINKS,outputs/profile_release_candidate_v0.1/provenance/pe3/profile_provenance_links.csv,ART_01C7FAFA70FF0F92B0682C50,PROFILE_PROVENANCE_LINK_SCHEMA_V0.1,114,3990,2447435,69b0f149ced987600c3eda8a2b4b07acc1d9a692bb93df16125f032d1285577b,FULL_PROFILE_MATERIALIZER_V0.1,PENDING_EXTERNALIZATION,LOCAL_RELEASE_CANDIDATE_ONLY::outputs/profile_release_candidate_v0.1/provenance/pe3/profile_provenance_links.csv,PASS
PRC_5A13C5055A54AF794EDD0898,ENSEMBL_SHA256_PREFIX_2_V0.1,pe4,PROFILE_PAYLOAD,outputs/profile_release_candidate_v0.1/profiles/pe4/profiles.jsonl,ART_0353BFA69E0F028E775CC199,TARGET_EVIDENCE_PROFILE_FULL_SCHEMA_V0.1,115,0,2187946,8d8f6145238329c36bec6267e6c531a40a4fa642b0c3ab328622ce72f5a73480,FULL_PROFILE_MATERIALIZER_V0.1,PENDING_EXTERNALIZATION,LOCAL_RELEASE_CANDIDATE_ONLY::outputs/profile_release_candidate_v0.1/profiles/pe4/profiles.jsonl,PASS
PRC_5A13C5055A54AF794EDD0898,ENSEMBL_SHA256_PREFIX_2_V0.1,pe4,PROVENANCE_LINKS,outputs/profile_release_candidate_v0.1/provenance/pe4/profile_provenance_links.csv,ART_82E2552E0A9D13A65E4778FE,PROFILE_PROVENANCE_LINK_SCHEMA_V0.1,115,4025,2469347,001fa8d0bfc9262bff852280fcbdd1fd4fd06b5124fb8caba76144a26ab2010e,FULL_PROFILE_MATERIALIZER_V0.1,PENDING_EXTERNALIZATION,LOCAL_RELEASE_CANDIDATE_ONLY::outputs/profile_release_candidate_v0.1/provenance/pe4/profile_provenance_links.csv,PASS
PRC_5A13C5055A54AF794EDD0898,ENSEMBL_SHA256_PREFIX_2_V0.1,pe5,PROFILE_PAYLOAD,outputs/profile_release_candidate_v0.1/profiles/pe5/profiles.jsonl,ART_59C5782649CF75FBBB6F63C3,TARGET_EVIDENCE_PROFILE_FULL_SCHEMA_V0.1,114,0,2168816,665cadbc5ecb04b7174c2adfb76c422a4c31516ffbd97e7738d5bf5b9f97e048,FULL_PROFILE_MATERIALIZER_V0.1,PENDING_EXTERNALIZATION,LOCAL_RELEASE_CANDIDATE_ONLY::outputs/profile_release_candidate_v0.1/profiles/pe5/profiles.jsonl,PASS
PRC_5A13C5055A54AF794EDD0898,ENSEMBL_SHA256_PREFIX_2_V0.1,pe5,PROVENANCE_LINKS,outputs/profile_release_candidate_v0.1/provenance/pe5/profile_provenance_links.csv,ART_CCDF7F16E7605F48117858FA,PROFILE_PROVENANCE_LINK_SCHEMA_V0.1,114,3990,2447365,157357782049882ed2356aab479095075dc3105c4d59b1b5172af20fd0093f6e,FULL_PROFILE_MATERIALIZER_V0.1,PENDING_EXTERNALIZATION,LOCAL_RELEASE_CANDIDATE_ONLY::outputs/profile_release_candidate_v0.1/provenance/pe5/profile_provenance_links.csv,PASS
PRC_5A13C5055A54AF794EDD0898,ENSEMBL_SHA256_PREFIX_2_V0.1,pe6,PROFILE_PAYLOAD,outputs/profile_release_candidate_v0.1/profiles/pe6/profiles.jsonl,ART_301B4AE08481BD2452A8EC79,TARGET_EVIDENCE_PROFILE_FULL_SCHEMA_V0.1,122,0,2321022,60d257a79ce0188ddb4b36f8e235799fc2532b4372af081e0e5a0b7cfdb7785b,FULL_PROFILE_MATERIALIZER_V0.1,PENDING_EXTERNALIZATION,LOCAL_RELEASE_CANDIDATE_ONLY::outputs/profile_release_candidate_v0.1/profiles/pe6/profiles.jsonl,PASS
PRC_5A13C5055A54AF794EDD0898,ENSEMBL_SHA256_PREFIX_2_V0.1,pe6,PROVENANCE_LINKS,outputs/profile_release_candidate_v0.1/provenance/pe6/profile_provenance_links.csv,ART_6EDE79E1A80172DF8BAC4329,PROFILE_PROVENANCE_LINK_SCHEMA_V0.1,122,4270,2619476,67beddde78dd0217ed2b49c49ae0da4b742b156e811f151612bfcc4eb82f7df9,FULL_PROFILE_MATERIALIZER_V0.1,PENDING_EXTERNALIZATION,LOCAL_RELEASE_CANDIDATE_ONLY::outputs/profile_release_candidate_v0.1/provenance/pe6/profile_provenance_links.csv,PASS
PRC_5A13C5055A54AF794EDD0898,ENSEMBL_SHA256_PREFIX_2_V0.1,pe7,PROFILE_PAYLOAD,outputs/profile_release_candidate_v0.1/profiles/pe7/profiles.jsonl,ART_63B136A1F3A5183FA9DDE9CC,TARGET_EVIDENCE_PROFILE_FULL_SCHEMA_V0.1,116,0,2206897,83fcdf08e8349074abab39c02660d56aea751510632402635d2c6c4dba5aedcd,FULL_PROFILE_MATERIALIZER_V0.1,PENDING_EXTERNALIZATION,LOCAL_RELEASE_CANDIDATE_ONLY::outputs/profile_release_candidate_v0.1/profiles/pe7/profiles.jsonl,PASS
PRC_5A13C5055A54AF794EDD0898,ENSEMBL_SHA256_PREFIX_2_V0.1,pe7,PROVENANCE_LINKS,outputs/profile_release_candidate_v0.1/provenance/pe7/profile_provenance_links.csv,ART_2321E86303630DC1BF19DCDA,PROFILE_PROVENANCE_LINK_SCHEMA_V0.1,116,4060,2490979,63410e2c5d2b8b88c260cd55948dd2186056367be12f3cdb6dd90c8fad953d61,FULL_PROFILE_MATERIALIZER_V0.1,PENDING_EXTERNALIZATION,LOCAL_RELEASE_CANDIDATE_ONLY::outputs/profile_release_candidate_v0.1/provenance/pe7/profile_provenance_links.csv,PASS
PRC_5A13C5055A54AF794EDD0898,ENSEMBL_SHA256_PREFIX_2_V0.1,pe8,PROFILE_PAYLOAD,outputs/profile_release_candidate_v0.1/profiles/pe8/profiles.jsonl,ART_D7AE3551FE14AC56AD107FE7,TARGET_EVIDENCE_PROFILE_FULL_SCHEMA_V0.1,112,0,2130837,f117f5003ef6f1636f071f9efdfb4a61dc02a8f696b55f3760075c686076f2ba,FULL_PROFILE_MATERIALIZER_V0.1,PENDING_EXTERNALIZATION,LOCAL_RELEASE_CANDIDATE_ONLY::outputs/profile_release_candidate_v0.1/profiles/pe8/profiles.jsonl,PASS
PRC_5A13C5055A54AF794EDD0898,ENSEMBL_SHA256_PREFIX_2_V0.1,pe8,PROVENANCE_LINKS,outputs/profile_release_candidate_v0.1/provenance/pe8/profile_provenance_links.csv,ART_5306DDFC77918535958AD034,PROFILE_PROVENANCE_LINK_SCHEMA_V0.1,112,3920,2404241,56b3727d6e384a0a6058304d8c969ddd6665a3592797169bf462bb8cf21be789,FULL_PROFILE_MATERIALIZER_V0.1,PENDING_EXTERNALIZATION,LOCAL_RELEASE_CANDIDATE_ONLY::outputs/profile_release_candidate_v0.1/provenance/pe8/profile_provenance_links.csv,PASS
PRC_5A13C5055A54AF794EDD0898,ENSEMBL_SHA256_PREFIX_2_V0.1,pe9,PROFILE_PAYLOAD,outputs/profile_release_candidate_v0.1/profiles/pe9/profiles.jsonl,ART_E0BFA65B90A5ABA03FC2BA30,TARGET_EVIDENCE_PROFILE_FULL_SCHEMA_V0.1,106,0,2016650,302ba79f9fce2aa88fac313e63fc67156c7867333a5bb4cb1d6294dfb9ed0ade,FULL_PROFILE_MATERIALIZER_V0.1,PENDING_EXTERNALIZATION,LOCAL_RELEASE_CANDIDATE_ONLY::outputs/profile_release_candidate_v0.1/profiles/pe9/profiles.jsonl,PASS
PRC_5A13C5055A54AF794EDD0898,ENSEMBL_SHA256_PREFIX_2_V0.1,pe9,PROVENANCE_LINKS,outputs/profile_release_candidate_v0.1/provenance/pe9/profile_provenance_links.csv,ART_DDC71C6E468172734B78FC20,PROFILE_PROVENANCE_LINK_SCHEMA_V0.1,106,3710,2276409,13bc0d6dfeeebacf2d5187dc5f69a5257646abba9f8e9059f288245a8733b91a,FULL_PROFILE_MATERIALIZER_V0.1,PENDING_EXTERNALIZATION,LOCAL_RELEASE_CANDIDATE_ONLY::outputs/profile_release_candidate_v0.1/provenance/pe9/profile_provenance_links.csv,PASS
PRC_5A13C5055A54AF794EDD0898,ENSEMBL_SHA256_PREFIX_2_V0.1,pea,PROFILE_PAYLOAD,outputs/profile_release_candidate_v0.1/profiles/pea/profiles.jsonl,ART_AE25A6FE8C602E6D3DB91AF5,TARGET_EVIDENCE_PROFILE_FULL_SCHEMA_V0.1,106,0,2016671,40c0003f4d2fbb7780174aa04d514483079cbb3cdf9294b62129321e63d50428,FULL_PROFILE_MATERIALIZER_V0.1,PENDING_EXTERNALIZATION,LOCAL_RELEASE_CANDIDATE_ONLY::outputs/profile_release_candidate_v0.1/profiles/pea/profiles.jsonl,PASS
PRC_5A13C5055A54AF794EDD0898,ENSEMBL_SHA256_PREFIX_2_V0.1,pea,PROVENANCE_LINKS,outputs/profile_release_candidate_v0.1/provenance/pea/profile_provenance_links.csv,ART_5C451856B33BFA4736F73D9B,PROFILE_PROVENANCE_LINK_SCHEMA_V0.1,106,3710,2276409,341ba103680cbf3cbd02382b216781feaff89158732c6a0ce48d5f7546cf93f5,FULL_PROFILE_MATERIALIZER_V0.1,PENDING_EXTERNALIZATION,LOCAL_RELEASE_CANDIDATE_ONLY::outputs/profile_release_candidate_v0.1/provenance/pea/profile_provenance_links.csv,PASS
PRC_5A13C5055A54AF794EDD0898,ENSEMBL_SHA256_PREFIX_2_V0.1,peb,PROFILE_PAYLOAD,outputs/profile_release_candidate_v0.1/profiles/peb/profiles.jsonl,ART_CB78505CBD80CCA9B6AEE80D,TARGET_EVIDENCE_PROFILE_FULL_SCHEMA_V0.1,120,0,2283053,07ddf011c8ea1de865d77cd4ee53c5b44026aac76bbb7bfa7e95c5b6a2513fc3,FULL_PROFILE_MATERIALIZER_V0.1,PENDING_EXTERNALIZATION,LOCAL_RELEASE_CANDIDATE_ONLY::outputs/profile_release_candidate_v0.1/profiles/peb/profiles.jsonl,PASS
PRC_5A13C5055A54AF794EDD0898,ENSEMBL_SHA256_PREFIX_2_V0.1,peb,PROVENANCE_LINKS,outputs/profile_release_candidate_v0.1/provenance/peb/profile_provenance_links.csv,ART_AE4ADE405E62631884F720A9,PROFILE_PROVENANCE_LINK_SCHEMA_V0.1,120,4200,2576912,b8ca9bc37b2993c5975524a8461df74c73eaaa1dcda8d84292f9161072c7f88b,FULL_PROFILE_MATERIALIZER_V0.1,PENDING_EXTERNALIZATION,LOCAL_RELEASE_CANDIDATE_ONLY::outputs/profile_release_candidate_v0.1/provenance/peb/profile_provenance_links.csv,PASS
PRC_5A13C5055A54AF794EDD0898,ENSEMBL_SHA256_PREFIX_2_V0.1,pec,PROFILE_PAYLOAD,outputs/profile_release_candidate_v0.1/profiles/pec/profiles.jsonl,ART_2B71FC71CEF698165AE5F240,TARGET_EVIDENCE_PROFILE_FULL_SCHEMA_V0.1,127,0,2416213,3435d8011164d7ad78a9b95ab22dbf21c946da7ce8fdb77169a50eccfe96aee8,FULL_PROFILE_MATERIALIZER_V0.1,PENDING_EXTERNALIZATION,LOCAL_RELEASE_CANDIDATE_ONLY::outputs/profile_release_candidate_v0.1/profiles/pec/profiles.jsonl,PASS
PRC_5A13C5055A54AF794EDD0898,ENSEMBL_SHA256_PREFIX_2_V0.1,pec,PROVENANCE_LINKS,outputs/profile_release_candidate_v0.1/provenance/pec/profile_provenance_links.csv,ART_C0F5DFA884DC751BEA0AFB10,PROFILE_PROVENANCE_LINK_SCHEMA_V0.1,127,4445,2727286,3f8199b9437ccbcffb3455aabbe139afa1dfbb4f45a8b0bc2b63d2fc151de45a,FULL_PROFILE_MATERIALIZER_V0.1,PENDING_EXTERNALIZATION,LOCAL_RELEASE_CANDIDATE_ONLY::outputs/profile_release_candidate_v0.1/provenance/pec/profile_provenance_links.csv,PASS
PRC_5A13C5055A54AF794EDD0898,ENSEMBL_SHA256_PREFIX_2_V0.1,ped,PROFILE_PAYLOAD,outputs/profile_release_candidate_v0.1/profiles/ped/profiles.jsonl,ART_56931C60D352777946CF706E,TARGET_EVIDENCE_PROFILE_FULL_SCHEMA_V0.1,119,0,2263919,7007696f6635d8fbbc7e28013934f852e49883c27b89f202990aa9625301ed12,FULL_PROFILE_MATERIALIZER_V0.1,PENDING_EXTERNALIZATION,LOCAL_RELEASE_CANDIDATE_ONLY::outputs/profile_release_candidate_v0.1/profiles/ped/profiles.jsonl,PASS
PRC_5A13C5055A54AF794EDD0898,ENSEMBL_SHA256_PREFIX_2_V0.1,ped,PROVENANCE_LINKS,outputs/profile_release_candidate_v0.1/provenance/ped/profile_provenance_links.csv,ART_02897DD228D8C245545F6556,PROFILE_PROVENANCE_LINK_SCHEMA_V0.1,119,4165,2554160,2c932d7f886c08d7356e5115f0c8434867b6318c76c72cd84fbf11294b3c240b,FULL_PROFILE_MATERIALIZER_V0.1,PENDING_EXTERNALIZATION,LOCAL_RELEASE_CANDIDATE_ONLY::outputs/profile_release_candidate_v0.1/provenance/ped/profile_provenance_links.csv,PASS
PRC_5A13C5055A54AF794EDD0898,ENSEMBL_SHA256_PREFIX_2_V0.1,pee,PROFILE_PAYLOAD,outputs/profile_release_candidate_v0.1/profiles/pee/profiles.jsonl,ART_3F2C2885AC14267E3E88F899,TARGET_EVIDENCE_PROFILE_FULL_SCHEMA_V0.1,114,0,2168878,f38c54a3cab846227b3058a95f45ccbe49ee005ff763d72940b4f74f402957b6,FULL_PROFILE_MATERIALIZER_V0.1,PENDING_EXTERNALIZATION,LOCAL_RELEASE_CANDIDATE_ONLY::outputs/profile_release_candidate_v0.1/profiles/pee/profiles.jsonl,PASS
PRC_5A13C5055A54AF794EDD0898,ENSEMBL_SHA256_PREFIX_2_V0.1,pee,PROVENANCE_LINKS,outputs/profile_release_candidate_v0.1/provenance/pee/profile_provenance_links.csv,ART_D15212FD5EDF8917173DEB30,PROFILE_PROVENANCE_LINK_SCHEMA_V0.1,114,3990,2448065,3dd2f7c9ef72f44dd29ba0f3e612c487a8ee698a66856c5d21aa8ae71b1a221c,FULL_PROFILE_MATERIALIZER_V0.1,PENDING_EXTERNALIZATION,LOCAL_RELEASE_CANDIDATE_ONLY::outputs/profile_release_candidate_v0.1/provenance/pee/profile_provenance_links.csv,PASS
PRC_5A13C5055A54AF794EDD0898,ENSEMBL_SHA256_PREFIX_2_V0.1,pef,PROFILE_PAYLOAD,outputs/profile_release_candidate_v0.1/profiles/pef/profiles.jsonl,ART_70F40A9F6AD42914B2E95F9F,TARGET_EVIDENCE_PROFILE_FULL_SCHEMA_V0.1,105,0,1997667,159c5f9789feda01aa5716905a763e2a3a96b16b6558f90fba584cc2dc383548,FULL_PROFILE_MATERIALIZER_V0.1,PENDING_EXTERNALIZATION,LOCAL_RELEASE_CANDIDATE_ONLY::outputs/profile_release_candidate_v0.1/profiles/pef/profiles.jsonl,PASS
PRC_5A13C5055A54AF794EDD0898,ENSEMBL_SHA256_PREFIX_2_V0.1,pef,PROVENANCE_LINKS,outputs/profile_release_candidate_v0.1/provenance/pef/profile_provenance_links.csv,ART_AD255A87DC6870C83CD7303F,PROFILE_PROVENANCE_LINK_SCHEMA_V0.1,105,3675,2254322,2952e5b20ab1512dbb0f74b826c77589b1ac6a0214517839de7176498eac74a4,FULL_PROFILE_MATERIALIZER_V0.1,PENDING_EXTERNALIZATION,LOCAL_RELEASE_CANDIDATE_ONLY::outputs/profile_release_candidate_v0.1/provenance/pef/profile_provenance_links.csv,PASS
PRC_5A13C5055A54AF794EDD0898,ENSEMBL_SHA256_PREFIX_2_V0.1,pf0,PROFILE_PAYLOAD,outputs/profile_release_candidate_v0.1/profiles/pf0/profiles.jsonl,ART_104684A2863DF6472DD155B2,TARGET_EVIDENCE_PROFILE_FULL_SCHEMA_V0.1,108,0,2054661,89c31dffcb3642b135a8063d2db6cb571deb2c3353408b2298a9309ea8e1e8f8,FULL_PROFILE_MATERIALIZER_V0.1,PENDING_EXTERNALIZATION,LOCAL_RELEASE_CANDIDATE_ONLY::outputs/profile_release_candidate_v0.1/profiles/pf0/profiles.jsonl,PASS
PRC_5A13C5055A54AF794EDD0898,ENSEMBL_SHA256_PREFIX_2_V0.1,pf0,PROVENANCE_LINKS,outputs/profile_release_candidate_v0.1/provenance/pf0/profile_provenance_links.csv,ART_82B1CD5EB12FF1EDC1569E84,PROFILE_PROVENANCE_LINK_SCHEMA_V0.1,108,3780,2318343,d8c929566eed8d1fe0ac32e5fa3d030eb15a53bbfc6ae80b53345895e48ce9cd,FULL_PROFILE_MATERIALIZER_V0.1,PENDING_EXTERNALIZATION,LOCAL_RELEASE_CANDIDATE_ONLY::outputs/profile_release_candidate_v0.1/provenance/pf0/profile_provenance_links.csv,PASS
PRC_5A13C5055A54AF794EDD0898,ENSEMBL_SHA256_PREFIX_2_V0.1,pf1,PROFILE_PAYLOAD,outputs/profile_release_candidate_v0.1/profiles/pf1/profiles.jsonl,ART_4AEFF545C3C4E6060C444943,TARGET_EVIDENCE_PROFILE_FULL_SCHEMA_V0.1,112,0,2130840,61a1913a73cb84bdac6ed134104a2fb9f35c3d1c5a26980c0e60698bcbb8c4f2,FULL_PROFILE_MATERIALIZER_V0.1,PENDING_EXTERNALIZATION,LOCAL_RELEASE_CANDIDATE_ONLY::outputs/profile_release_candidate_v0.1/profiles/pf1/profiles.jsonl,PASS
PRC_5A13C5055A54AF794EDD0898,ENSEMBL_SHA256_PREFIX_2_V0.1,pf1,PROVENANCE_LINKS,outputs/profile_release_candidate_v0.1/provenance/pf1/profile_provenance_links.csv,ART_D6321CB0749573D0B72B393A,PROFILE_PROVENANCE_LINK_SCHEMA_V0.1,112,3920,2405151,0e49874859f780e468b479d35e81bc08f69f3b1a745c3be00b4234317043360d,FULL_PROFILE_MATERIALIZER_V0.1,PENDING_EXTERNALIZATION,LOCAL_RELEASE_CANDIDATE_ONLY::outputs/profile_release_candidate_v0.1/provenance/pf1/profile_provenance_links.csv,PASS
PRC_5A13C5055A54AF794EDD0898,ENSEMBL_SHA256_PREFIX_2_V0.1,pf2,PROFILE_PAYLOAD,outputs/profile_release_candidate_v0.1/profiles/pf2/profiles.jsonl,ART_6CF5FEDA67A25CB4EF4E9426,TARGET_EVIDENCE_PROFILE_FULL_SCHEMA_V0.1,116,0,2206900,744c7d1544884b726a10405b9e1348e4dde2e55e43c11388baaddb1caaf667bf,FULL_PROFILE_MATERIALIZER_V0.1,PENDING_EXTERNALIZATION,LOCAL_RELEASE_CANDIDATE_ONLY::outputs/profile_release_candidate_v0.1/profiles/pf2/profiles.jsonl,PASS
PRC_5A13C5055A54AF794EDD0898,ENSEMBL_SHA256_PREFIX_2_V0.1,pf2,PROVENANCE_LINKS,outputs/profile_release_candidate_v0.1/provenance/pf2/profile_provenance_links.csv,ART_F28B66D7F1630529130A4E53,PROFILE_PROVENANCE_LINK_SCHEMA_V0.1,116,4060,2490419,b7355d3695457decdc4d3b8fe0c21880aaeb5aad1bc73a7e0684bc1e7307e646,FULL_PROFILE_MATERIALIZER_V0.1,PENDING_EXTERNALIZATION,LOCAL_RELEASE_CANDIDATE_ONLY::outputs/profile_release_candidate_v0.1/provenance/pf2/profile_provenance_links.csv,PASS
PRC_5A13C5055A54AF794EDD0898,ENSEMBL_SHA256_PREFIX_2_V0.1,pf3,PROFILE_PAYLOAD,outputs/profile_release_candidate_v0.1/profiles/pf3/profiles.jsonl,ART_C926D7495AFF7330FB8D08BB,TARGET_EVIDENCE_PROFILE_FULL_SCHEMA_V0.1,111,0,2111801,67521d066075a8130f6fc68a5acba818a5d0a9c2a7e5cc3404f202c6a8d1d79d,FULL_PROFILE_MATERIALIZER_V0.1,PENDING_EXTERNALIZATION,LOCAL_RELEASE_CANDIDATE_ONLY::outputs/profile_release_candidate_v0.1/profiles/pf3/profiles.jsonl,PASS
PRC_5A13C5055A54AF794EDD0898,ENSEMBL_SHA256_PREFIX_2_V0.1,pf3,PROVENANCE_LINKS,outputs/profile_release_candidate_v0.1/provenance/pf3/profile_provenance_links.csv,ART_C7E50359E964713F187EB235,PROFILE_PROVENANCE_LINK_SCHEMA_V0.1,111,3885,2383379,1e039070896c7df04b8e2962d6bb47356d7f076ae0403d487904619a0c987e09,FULL_PROFILE_MATERIALIZER_V0.1,PENDING_EXTERNALIZATION,LOCAL_RELEASE_CANDIDATE_ONLY::outputs/profile_release_candidate_v0.1/provenance/pf3/profile_provenance_links.csv,PASS
PRC_5A13C5055A54AF794EDD0898,ENSEMBL_SHA256_PREFIX_2_V0.1,pf4,PROFILE_PAYLOAD,outputs/profile_release_candidate_v0.1/profiles/pf4/profiles.jsonl,ART_2BE3E1DE8B6AAC2CB535C1B9,TARGET_EVIDENCE_PROFILE_FULL_SCHEMA_V0.1,132,0,2511301,a4e83c1399401ce18d8b862c3e49ee3bc005af6851a9ea01d97435a9ac3dbcd1,FULL_PROFILE_MATERIALIZER_V0.1,PENDING_EXTERNALIZATION,LOCAL_RELEASE_CANDIDATE_ONLY::outputs/profile_release_candidate_v0.1/profiles/pf4/profiles.jsonl,PASS
PRC_5A13C5055A54AF794EDD0898,ENSEMBL_SHA256_PREFIX_2_V0.1,pf4,PROVENANCE_LINKS,outputs/profile_release_candidate_v0.1/provenance/pf4/profile_provenance_links.csv,ART_1B3789A4DBE60E8496346206,PROFILE_PROVENANCE_LINK_SCHEMA_V0.1,132,4620,2834186,6affeb370ba6483f869c78623e6ad86e30d1ff8eb5a2bb2574d3bc07c2c4d9e6,FULL_PROFILE_MATERIALIZER_V0.1,PENDING_EXTERNALIZATION,LOCAL_RELEASE_CANDIDATE_ONLY::outputs/profile_release_candidate_v0.1/provenance/pf4/profile_provenance_links.csv,PASS
PRC_5A13C5055A54AF794EDD0898,ENSEMBL_SHA256_PREFIX_2_V0.1,pf5,PROFILE_PAYLOAD,outputs/profile_release_candidate_v0.1/profiles/pf5/profiles.jsonl,ART_A5251A696232A38577C31B8B,TARGET_EVIDENCE_PROFILE_FULL_SCHEMA_V0.1,108,0,2054678,953b095e6ce63af9969dbcefc570c18b9710ec3653c13dec0028bf2d86c23209,FULL_PROFILE_MATERIALIZER_V0.1,PENDING_EXTERNALIZATION,LOCAL_RELEASE_CANDIDATE_ONLY::outputs/profile_release_candidate_v0.1/profiles/pf5/profiles.jsonl,PASS
PRC_5A13C5055A54AF794EDD0898,ENSEMBL_SHA256_PREFIX_2_V0.1,pf5,PROVENANCE_LINKS,outputs/profile_release_candidate_v0.1/provenance/pf5/profile_provenance_links.csv,ART_8DE0C13BFBDD4170EF683C28,PROFILE_PROVENANCE_LINK_SCHEMA_V0.1,108,3780,2318798,0aa4e55c5d77340aae9677890baba77873b97c16e061fde3e2bac7586987b915,FULL_PROFILE_MATERIALIZER_V0.1,PENDING_EXTERNALIZATION,LOCAL_RELEASE_CANDIDATE_ONLY::outputs/profile_release_candidate_v0.1/provenance/pf5/profile_provenance_links.csv,PASS
PRC_5A13C5055A54AF794EDD0898,ENSEMBL_SHA256_PREFIX_2_V0.1,pf6,PROFILE_PAYLOAD,outputs/profile_release_candidate_v0.1/profiles/pf6/profiles.jsonl,ART_F97D622496FFF1E35ECBC67D,TARGET_EVIDENCE_PROFILE_FULL_SCHEMA_V0.1,123,0,2340046,b94dc144a7cd219f5648286ed5bac0cb4e687c78e6adfaa7ff47bc33f9376a9d,FULL_PROFILE_MATERIALIZER_V0.1,PENDING_EXTERNALIZATION,LOCAL_RELEASE_CANDIDATE_ONLY::outputs/profile_release_candidate_v0.1/profiles/pf6/profiles.jsonl,PASS
PRC_5A13C5055A54AF794EDD0898,ENSEMBL_SHA256_PREFIX_2_V0.1,pf6,PROVENANCE_LINKS,outputs/profile_release_candidate_v0.1/provenance/pf6/profile_provenance_links.csv,ART_A0065527BE73D3943526BD18,PROFILE_PROVENANCE_LINK_SCHEMA_V0.1,123,4305,2641458,75db905cdca16b9facc680eb8f973b53abb1f5abed8e9bfae63868a89bd606b2,FULL_PROFILE_MATERIALIZER_V0.1,PENDING_EXTERNALIZATION,LOCAL_RELEASE_CANDIDATE_ONLY::outputs/profile_release_candidate_v0.1/provenance/pf6/profile_provenance_links.csv,PASS
PRC_5A13C5055A54AF794EDD0898,ENSEMBL_SHA256_PREFIX_2_V0.1,pf7,PROFILE_PAYLOAD,outputs/profile_release_candidate_v0.1/profiles/pf7/profiles.jsonl,ART_2184BCCE32FAE0D7F013A33D,TARGET_EVIDENCE_PROFILE_FULL_SCHEMA_V0.1,105,0,1997591,508f424e4af53835c1eff61bf19ab9676bd8e90a2ab745eafdc30623eddd552d,FULL_PROFILE_MATERIALIZER_V0.1,PENDING_EXTERNALIZATION,LOCAL_RELEASE_CANDIDATE_ONLY::outputs/profile_release_candidate_v0.1/profiles/pf7/profiles.jsonl,PASS
PRC_5A13C5055A54AF794EDD0898,ENSEMBL_SHA256_PREFIX_2_V0.1,pf7,PROVENANCE_LINKS,outputs/profile_release_candidate_v0.1/provenance/pf7/profile_provenance_links.csv,ART_4410EAB0B19232C0982BA4A4,PROFILE_PROVENANCE_LINK_SCHEMA_V0.1,105,3675,2254322,abe4d6c71be4c17f3a7fae50536377336f97636afe5e26d83e93df3676139491,FULL_PROFILE_MATERIALIZER_V0.1,PENDING_EXTERNALIZATION,LOCAL_RELEASE_CANDIDATE_ONLY::outputs/profile_release_candidate_v0.1/provenance/pf7/profile_provenance_links.csv,PASS
PRC_5A13C5055A54AF794EDD0898,ENSEMBL_SHA256_PREFIX_2_V0.1,pf8,PROFILE_PAYLOAD,outputs/profile_release_candidate_v0.1/profiles/pf8/profiles.jsonl,ART_14E73D7861B81E38CFAA24DA,TARGET_EVIDENCE_PROFILE_FULL_SCHEMA_V0.1,108,0,2054760,59345bc4ce2bd91fc23c2487df0bcb4de5a335350b07887093083c7373090164,FULL_PROFILE_MATERIALIZER_V0.1,PENDING_EXTERNALIZATION,LOCAL_RELEASE_CANDIDATE_ONLY::outputs/profile_release_candidate_v0.1/profiles/pf8/profiles.jsonl,PASS
PRC_5A13C5055A54AF794EDD0898,ENSEMBL_SHA256_PREFIX_2_V0.1,pf8,PROVENANCE_LINKS,outputs/profile_release_candidate_v0.1/provenance/pf8/profile_provenance_links.csv,ART_44878EFE7C6E01B5ABAC4876,PROFILE_PROVENANCE_LINK_SCHEMA_V0.1,108,3780,2320058,5c1b6e58ca01153d4aeb9996279c4551e6361d9b7dd53463469de8db13353946,FULL_PROFILE_MATERIALIZER_V0.1,PENDING_EXTERNALIZATION,LOCAL_RELEASE_CANDIDATE_ONLY::outputs/profile_release_candidate_v0.1/provenance/pf8/profile_provenance_links.csv,PASS
PRC_5A13C5055A54AF794EDD0898,ENSEMBL_SHA256_PREFIX_2_V0.1,pf9,PROFILE_PAYLOAD,outputs/profile_release_candidate_v0.1/profiles/pf9/profiles.jsonl,ART_A7517B4D78E5741BF93149FF,TARGET_EVIDENCE_PROFILE_FULL_SCHEMA_V0.1,111,0,2111888,6d38241abbd8fd31e1d3b5b36b3f83244f14ec3b61d997fad4e3b2ac3f22a903,FULL_PROFILE_MATERIALIZER_V0.1,PENDING_EXTERNALIZATION,LOCAL_RELEASE_CANDIDATE_ONLY::outputs/profile_release_candidate_v0.1/profiles/pf9/profiles.jsonl,PASS
PRC_5A13C5055A54AF794EDD0898,ENSEMBL_SHA256_PREFIX_2_V0.1,pf9,PROVENANCE_LINKS,outputs/profile_release_candidate_v0.1/provenance/pf9/profile_provenance_links.csv,ART_4A9902E2C7D1804BDA61ED90,PROFILE_PROVENANCE_LINK_SCHEMA_V0.1,111,3885,2384359,07ba5d76ce5d41b407ddefa311d38a962a53a85a63a965e75f13f87f2f5b7383,FULL_PROFILE_MATERIALIZER_V0.1,PENDING_EXTERNALIZATION,LOCAL_RELEASE_CANDIDATE_ONLY::outputs/profile_release_candidate_v0.1/provenance/pf9/profile_provenance_links.csv,PASS
PRC_5A13C5055A54AF794EDD0898,ENSEMBL_SHA256_PREFIX_2_V0.1,pfa,PROFILE_PAYLOAD,outputs/profile_release_candidate_v0.1/profiles/pfa/profiles.jsonl,ART_7882876C94675E5EAA4A866A,TARGET_EVIDENCE_PROFILE_FULL_SCHEMA_V0.1,113,0,2149805,65308cca3c075a8a43ef0ad5eaaf74055e8901f47e56b11a31ebe6796c008ed9,FULL_PROFILE_MATERIALIZER_V0.1,PENDING_EXTERNALIZATION,LOCAL_RELEASE_CANDIDATE_ONLY::outputs/profile_release_candidate_v0.1/profiles/pfa/profiles.jsonl,PASS
PRC_5A13C5055A54AF794EDD0898,ENSEMBL_SHA256_PREFIX_2_V0.1,pfa,PROVENANCE_LINKS,outputs/profile_release_candidate_v0.1/provenance/pfa/profile_provenance_links.csv,ART_CEC22A86E4E7EC285BA0077C,PROFILE_PROVENANCE_LINK_SCHEMA_V0.1,113,3955,2427273,313151a51dba2dab98b4a753936c364609e039be73114e89b4b63a27519f819d,FULL_PROFILE_MATERIALIZER_V0.1,PENDING_EXTERNALIZATION,LOCAL_RELEASE_CANDIDATE_ONLY::outputs/profile_release_candidate_v0.1/provenance/pfa/profile_provenance_links.csv,PASS
PRC_5A13C5055A54AF794EDD0898,ENSEMBL_SHA256_PREFIX_2_V0.1,pfb,PROFILE_PAYLOAD,outputs/profile_release_candidate_v0.1/profiles/pfb/profiles.jsonl,ART_5DE0DA94A4D4C078D9AE6B18,TARGET_EVIDENCE_PROFILE_FULL_SCHEMA_V0.1,129,0,2454202,ba6e9b62ad651ee8d416b14910d6eae046ad06a8d4ace60500676aafb094321d,FULL_PROFILE_MATERIALIZER_V0.1,PENDING_EXTERNALIZATION,LOCAL_RELEASE_CANDIDATE_ONLY::outputs/profile_release_candidate_v0.1/profiles/pfb/profiles.jsonl,PASS
PRC_5A13C5055A54AF794EDD0898,ENSEMBL_SHA256_PREFIX_2_V0.1,pfb,PROVENANCE_LINKS,outputs/profile_release_candidate_v0.1/provenance/pfb/profile_provenance_links.csv,ART_4072FCB8A84AACA4A4C2927E,PROFILE_PROVENANCE_LINK_SCHEMA_V0.1,129,4515,2769920,1e75d997524e1226787f005d7dc8ebc6ac9040dacae091dac92adb7fb44ba8bc,FULL_PROFILE_MATERIALIZER_V0.1,PENDING_EXTERNALIZATION,LOCAL_RELEASE_CANDIDATE_ONLY::outputs/profile_release_candidate_v0.1/provenance/pfb/profile_provenance_links.csv,PASS
PRC_5A13C5055A54AF794EDD0898,ENSEMBL_SHA256_PREFIX_2_V0.1,pfc,PROFILE_PAYLOAD,outputs/profile_release_candidate_v0.1/profiles/pfc/profiles.jsonl,ART_884D4390BCF662EBEED14931,TARGET_EVIDENCE_PROFILE_FULL_SCHEMA_V0.1,111,0,2111806,eaf304fa012a2866f0516fbd36df4b5ac6ddecc9402a82ea4d90c8d18e4fb6e8,FULL_PROFILE_MATERIALIZER_V0.1,PENDING_EXTERNALIZATION,LOCAL_RELEASE_CANDIDATE_ONLY::outputs/profile_release_candidate_v0.1/profiles/pfc/profiles.jsonl,PASS
PRC_5A13C5055A54AF794EDD0898,ENSEMBL_SHA256_PREFIX_2_V0.1,pfc,PROVENANCE_LINKS,outputs/profile_release_candidate_v0.1/provenance/pfc/profile_provenance_links.csv,ART_83A7D735249B86FAFCE03133,PROFILE_PROVENANCE_LINK_SCHEMA_V0.1,111,3885,2383869,de2f38d77558417d9e0494d7f4cfdb9b25966594ac422a6f485e7503e4184bc7,FULL_PROFILE_MATERIALIZER_V0.1,PENDING_EXTERNALIZATION,LOCAL_RELEASE_CANDIDATE_ONLY::outputs/profile_release_candidate_v0.1/provenance/pfc/profile_provenance_links.csv,PASS
PRC_5A13C5055A54AF794EDD0898,ENSEMBL_SHA256_PREFIX_2_V0.1,pfd,PROFILE_PAYLOAD,outputs/profile_release_candidate_v0.1/profiles/pfd/profiles.jsonl,ART_DC3F02BF868267DB0BBF3FA5,TARGET_EVIDENCE_PROFILE_FULL_SCHEMA_V0.1,122,0,2321040,3dd201d817c44f64fe566d4c2bbecb9ca081dff465049f04177b0f2cb27ccd4a,FULL_PROFILE_MATERIALIZER_V0.1,PENDING_EXTERNALIZATION,LOCAL_RELEASE_CANDIDATE_ONLY::outputs/profile_release_candidate_v0.1/profiles/pfd/profiles.jsonl,PASS
PRC_5A13C5055A54AF794EDD0898,ENSEMBL_SHA256_PREFIX_2_V0.1,pfd,PROVENANCE_LINKS,outputs/profile_release_candidate_v0.1/provenance/pfd/profile_provenance_links.csv,ART_D25717AB211323C4064823DC,PROFILE_PROVENANCE_LINK_SCHEMA_V0.1,122,4270,2619826,5f7a2db95c786806eac7d358a010a3d67ad6e04ad5ae50f5fe3e6382add6a18f,FULL_PROFILE_MATERIALIZER_V0.1,PENDING_EXTERNALIZATION,LOCAL_RELEASE_CANDIDATE_ONLY::outputs/profile_release_candidate_v0.1/provenance/pfd/profile_provenance_links.csv,PASS
PRC_5A13C5055A54AF794EDD0898,ENSEMBL_SHA256_PREFIX_2_V0.1,pfe,PROFILE_PAYLOAD,outputs/profile_release_candidate_v0.1/profiles/pfe/profiles.jsonl,ART_E64CD58E3CE3A1AB944A5AB6,TARGET_EVIDENCE_PROFILE_FULL_SCHEMA_V0.1,122,0,2321122,17dfa80dd0267a289d790efdafc63fa8c45f1456e3b32ecc64c7e9fa9473c938,FULL_PROFILE_MATERIALIZER_V0.1,PENDING_EXTERNALIZATION,LOCAL_RELEASE_CANDIDATE_ONLY::outputs/profile_release_candidate_v0.1/profiles/pfe/profiles.jsonl,PASS
PRC_5A13C5055A54AF794EDD0898,ENSEMBL_SHA256_PREFIX_2_V0.1,pfe,PROVENANCE_LINKS,outputs/profile_release_candidate_v0.1/provenance/pfe/profile_provenance_links.csv,ART_69B2F2E71E11334F6A7503A9,PROFILE_PROVENANCE_LINK_SCHEMA_V0.1,122,4270,2620211,c844ffb0225764e7b0a46f128c99560a99766fe302b23a00241c2cc854786a9c,FULL_PROFILE_MATERIALIZER_V0.1,PENDING_EXTERNALIZATION,LOCAL_RELEASE_CANDIDATE_ONLY::outputs/profile_release_candidate_v0.1/provenance/pfe/profile_provenance_links.csv,PASS
PRC_5A13C5055A54AF794EDD0898,ENSEMBL_SHA256_PREFIX_2_V0.1,pff,PROFILE_PAYLOAD,outputs/profile_release_candidate_v0.1/profiles/pff/profiles.jsonl,ART_E119B39FE8CBE49B0A093690,TARGET_EVIDENCE_PROFILE_FULL_SCHEMA_V0.1,117,0,2225963,c54fe9ad311aac81e0f12385c65e70b2450fa0247c7a34903ea95e3b4079271f,FULL_PROFILE_MATERIALIZER_V0.1,PENDING_EXTERNALIZATION,LOCAL_RELEASE_CANDIDATE_ONLY::outputs/profile_release_candidate_v0.1/profiles/pff/profiles.jsonl,PASS
PRC_5A13C5055A54AF794EDD0898,ENSEMBL_SHA256_PREFIX_2_V0.1,pff,PROVENANCE_LINKS,outputs/profile_release_candidate_v0.1/provenance/pff/profile_provenance_links.csv,ART_D47EE2EBEDEC2CC0DEE0ACD6,PROFILE_PROVENANCE_LINK_SCHEMA_V0.1,117,4095,2512681,7e813323be1c5b83b8c1615db1913dc75bbcc05ae6f244bcd3999aa88e772dc0,FULL_PROFILE_MATERIALIZER_V0.1,PENDING_EXTERNALIZATION,LOCAL_RELEASE_CANDIDATE_ONLY::outputs/profile_release_candidate_v0.1/provenance/pff/profile_provenance_links.csv,PASS
