partition_id,partition_strategy_version,partition_set_artifact_id,artifact_id,artifact_class,artifact_role,artifact_size,sha256,generator_version,storage_reference_placeholder,storage_status,summary_count,first_universe_ordinal,last_universe_ordinal,evidence_summary_schema_version,evidence_summary_version,validation_status
p00,ENSEMBL_SHA256_PREFIX_2_V0.1,ART_SUMV01_SET_9C7750D42301093888A120CE,ART_SUMV01_9ABB16BC88199BCF50787358,CLASS_D_LARGE_DATA_OBJECT,EVIDENCE_SUMMARY_JSONL_PAYLOAD,6483371,9abb16bc88199bcf507873588cec86525b3f886289f0659669cb41e6b740dc01,EVIDENCE_SUMMARY_MATERIALIZER_V0.1,external+sha256://PENDING/luad-target-dossier/evidence-summary-v0.1/ART_SUMV01_SET_9C7750D42301093888A120CE/partitions/p00/summary_records.jsonl,LOCAL_CONTENT_ADDRESSED_STAGING_PENDING_DURABLE_REGISTRATION,114,82,29445,EVIDENCE_SUMMARY_SCHEMA_V0.1,EVIDENCE_AGGREGATION_REPRESENTATION_V0.1,PASS
p01,ENSEMBL_SHA256_PREFIX_2_V0.1,ART_SUMV01_SET_9C7750D42301093888A120CE,ART_SUMV01_032358CC0BDC04698CD4A490,CLASS_D_LARGE_DATA_OBJECT,EVIDENCE_SUMMARY_JSONL_PAYLOAD,6145219,032358cc0bdc04698cd4a4903e46887ca59a2a528f844a5953213120fa91e917,EVIDENCE_SUMMARY_MATERIALIZER_V0.1,external+sha256://PENDING/luad-target-dossier/evidence-summary-v0.1/ART_SUMV01_SET_9C7750D42301093888A120CE/partitions/p01/summary_records.jsonl,LOCAL_CONTENT_ADDRESSED_STAGING_PENDING_DURABLE_REGISTRATION,115,41,29502,EVIDENCE_SUMMARY_SCHEMA_V0.1,EVIDENCE_AGGREGATION_REPRESENTATION_V0.1,PASS
p02,ENSEMBL_SHA256_PREFIX_2_V0.1,ART_SUMV01_SET_9C7750D42301093888A120CE,ART_SUMV01_68CA4A6F5D66F0C50A4EFD15,CLASS_D_LARGE_DATA_OBJECT,EVIDENCE_SUMMARY_JSONL_PAYLOAD,4932746,68ca4a6f5d66f0c50a4efd15b3061741ff397ca620b636e71d1eaee5c06c5e80,EVIDENCE_SUMMARY_MATERIALIZER_V0.1,external+sha256://PENDING/luad-target-dossier/evidence-summary-v0.1/ART_SUMV01_SET_9C7750D42301093888A120CE/partitions/p02/summary_records.jsonl,LOCAL_CONTENT_ADDRESSED_STAGING_PENDING_DURABLE_REGISTRATION,97,66,29426,EVIDENCE_SUMMARY_SCHEMA_V0.1,EVIDENCE_AGGREGATION_REPRESENTATION_V0.1,PASS
p03,ENSEMBL_SHA256_PREFIX_2_V0.1,ART_SUMV01_SET_9C7750D42301093888A120CE,ART_SUMV01_A8CDDA2F41C07F8E2001C847,CLASS_D_LARGE_DATA_OBJECT,EVIDENCE_SUMMARY_JSONL_PAYLOAD,4800272,a8cdda2f41c07f8e2001c8472dffd43c8b210ceb4f7d09f42d3b6cea968796c8,EVIDENCE_SUMMARY_MATERIALIZER_V0.1,external+sha256://PENDING/luad-target-dossier/evidence-summary-v0.1/ART_SUMV01_SET_9C7750D42301093888A120CE/partitions/p03/summary_records.jsonl,LOCAL_CONTENT_ADDRESSED_STAGING_PENDING_DURABLE_REGISTRATION,103,721,29440,EVIDENCE_SUMMARY_SCHEMA_V0.1,EVIDENCE_AGGREGATION_REPRESENTATION_V0.1,PASS
p04,ENSEMBL_SHA256_PREFIX_2_V0.1,ART_SUMV01_SET_9C7750D42301093888A120CE,ART_SUMV01_AF228550861E9A5C93E88F28,CLASS_D_LARGE_DATA_OBJECT,EVIDENCE_SUMMARY_JSONL_PAYLOAD,6537822,af228550861e9a5c93e88f288b4b74db4f3a15a92f742698e9a23dbb6c47cccd,EVIDENCE_SUMMARY_MATERIALIZER_V0.1,external+sha256://PENDING/luad-target-dossier/evidence-summary-v0.1/ART_SUMV01_SET_9C7750D42301093888A120CE/partitions/p04/summary_records.jsonl,LOCAL_CONTENT_ADDRESSED_STAGING_PENDING_DURABLE_REGISTRATION,120,223,29385,EVIDENCE_SUMMARY_SCHEMA_V0.1,EVIDENCE_AGGREGATION_REPRESENTATION_V0.1,PASS
p05,ENSEMBL_SHA256_PREFIX_2_V0.1,ART_SUMV01_SET_9C7750D42301093888A120CE,ART_SUMV01_3FEA470A1A7A9658012B5C68,CLASS_D_LARGE_DATA_OBJECT,EVIDENCE_SUMMARY_JSONL_PAYLOAD,6608769,3fea470a1a7a9658012b5c68dc076496cfe92854f1c0ec4c51a6fe20fc9cd938,EVIDENCE_SUMMARY_MATERIALIZER_V0.1,external+sha256://PENDING/luad-target-dossier/evidence-summary-v0.1/ART_SUMV01_SET_9C7750D42301093888A120CE/partitions/p05/summary_records.jsonl,LOCAL_CONTENT_ADDRESSED_STAGING_PENDING_DURABLE_REGISTRATION,121,628,29498,EVIDENCE_SUMMARY_SCHEMA_V0.1,EVIDENCE_AGGREGATION_REPRESENTATION_V0.1,PASS
p06,ENSEMBL_SHA256_PREFIX_2_V0.1,ART_SUMV01_SET_9C7750D42301093888A120CE,ART_SUMV01_133A374EA36EA9CC75521B4D,CLASS_D_LARGE_DATA_OBJECT,EVIDENCE_SUMMARY_JSONL_PAYLOAD,5575505,133a374ea36ea9cc75521b4d5dcf7da8f36e8248d5197f1f54d5051af2d4c655,EVIDENCE_SUMMARY_MATERIALIZER_V0.1,external+sha256://PENDING/luad-target-dossier/evidence-summary-v0.1/ART_SUMV01_SET_9C7750D42301093888A120CE/partitions/p06/summary_records.jsonl,LOCAL_CONTENT_ADDRESSED_STAGING_PENDING_DURABLE_REGISTRATION,110,47,29322,EVIDENCE_SUMMARY_SCHEMA_V0.1,EVIDENCE_AGGREGATION_REPRESENTATION_V0.1,PASS
p07,ENSEMBL_SHA256_PREFIX_2_V0.1,ART_SUMV01_SET_9C7750D42301093888A120CE,ART_SUMV01_94E28B7CF75FDB677734CA2D,CLASS_D_LARGE_DATA_OBJECT,EVIDENCE_SUMMARY_JSONL_PAYLOAD,6188304,94e28b7cf75fdb677734ca2dc87a52080e9d347504c9cbfd29bd128f077034b2,EVIDENCE_SUMMARY_MATERIALIZER_V0.1,external+sha256://PENDING/luad-target-dossier/evidence-summary-v0.1/ART_SUMV01_SET_9C7750D42301093888A120CE/partitions/p07/summary_records.jsonl,LOCAL_CONTENT_ADDRESSED_STAGING_PENDING_DURABLE_REGISTRATION,108,157,29386,EVIDENCE_SUMMARY_SCHEMA_V0.1,EVIDENCE_AGGREGATION_REPRESENTATION_V0.1,PASS
p08,ENSEMBL_SHA256_PREFIX_2_V0.1,ART_SUMV01_SET_9C7750D42301093888A120CE,ART_SUMV01_104B54F6C336E1AEC3E63198,CLASS_D_LARGE_DATA_OBJECT,EVIDENCE_SUMMARY_JSONL_PAYLOAD,5510331,104b54f6c336e1aec3e631984d9332bf972069c1fa38456b2457424a7c9019bc,EVIDENCE_SUMMARY_MATERIALIZER_V0.1,external+sha256://PENDING/luad-target-dossier/evidence-summary-v0.1/ART_SUMV01_SET_9C7750D42301093888A120CE/partitions/p08/summary_records.jsonl,LOCAL_CONTENT_ADDRESSED_STAGING_PENDING_DURABLE_REGISTRATION,114,21,29562,EVIDENCE_SUMMARY_SCHEMA_V0.1,EVIDENCE_AGGREGATION_REPRESENTATION_V0.1,PASS
p09,ENSEMBL_SHA256_PREFIX_2_V0.1,ART_SUMV01_SET_9C7750D42301093888A120CE,ART_SUMV01_6E3C3C8F07F7171069CA83A5,CLASS_D_LARGE_DATA_OBJECT,EVIDENCE_SUMMARY_JSONL_PAYLOAD,5013733,6e3c3c8f07f7171069ca83a560e52893423184c9b0f415a4e7aff7952303f4b7,EVIDENCE_SUMMARY_MATERIALIZER_V0.1,external+sha256://PENDING/luad-target-dossier/evidence-summary-v0.1/ART_SUMV01_SET_9C7750D42301093888A120CE/partitions/p09/summary_records.jsonl,LOCAL_CONTENT_ADDRESSED_STAGING_PENDING_DURABLE_REGISTRATION,96,240,29394,EVIDENCE_SUMMARY_SCHEMA_V0.1,EVIDENCE_AGGREGATION_REPRESENTATION_V0.1,PASS
p0a,ENSEMBL_SHA256_PREFIX_2_V0.1,ART_SUMV01_SET_9C7750D42301093888A120CE,ART_SUMV01_0CF6107A8DC85A71592BD03C,CLASS_D_LARGE_DATA_OBJECT,EVIDENCE_SUMMARY_JSONL_PAYLOAD,5050923,0cf6107a8dc85a71592bd03cd05c3e6dbf22c6b8f458d47bcb69e830dca76f1c,EVIDENCE_SUMMARY_MATERIALIZER_V0.1,external+sha256://PENDING/luad-target-dossier/evidence-summary-v0.1/ART_SUMV01_SET_9C7750D42301093888A120CE/partitions/p0a/summary_records.jsonl,LOCAL_CONTENT_ADDRESSED_STAGING_PENDING_DURABLE_REGISTRATION,106,663,29588,EVIDENCE_SUMMARY_SCHEMA_V0.1,EVIDENCE_AGGREGATION_REPRESENTATION_V0.1,PASS
p0b,ENSEMBL_SHA256_PREFIX_2_V0.1,ART_SUMV01_SET_9C7750D42301093888A120CE,ART_SUMV01_B4AB39F674B2465A1D1DCAC4,CLASS_D_LARGE_DATA_OBJECT,EVIDENCE_SUMMARY_JSONL_PAYLOAD,6786460,b4ab39f674b2465a1d1dcac4ef79d4f70dbf68c39cabcc8b49e9ade979083ef5,EVIDENCE_SUMMARY_MATERIALIZER_V0.1,external+sha256://PENDING/luad-target-dossier/evidence-summary-v0.1/ART_SUMV01_SET_9C7750D42301093888A120CE/partitions/p0b/summary_records.jsonl,LOCAL_CONTENT_ADDRESSED_STAGING_PENDING_DURABLE_REGISTRATION,117,83,29326,EVIDENCE_SUMMARY_SCHEMA_V0.1,EVIDENCE_AGGREGATION_REPRESENTATION_V0.1,PASS
p0c,ENSEMBL_SHA256_PREFIX_2_V0.1,ART_SUMV01_SET_9C7750D42301093888A120CE,ART_SUMV01_C700B13642672867A3E70496,CLASS_D_LARGE_DATA_OBJECT,EVIDENCE_SUMMARY_JSONL_PAYLOAD,21349741,c700b13642672867a3e70496563468c431d4898b32375174919b7b0dd2146425,EVIDENCE_SUMMARY_MATERIALIZER_V0.1,external+sha256://PENDING/luad-target-dossier/evidence-summary-v0.1/ART_SUMV01_SET_9C7750D42301093888A120CE/partitions/p0c/summary_records.jsonl,LOCAL_CONTENT_ADDRESSED_STAGING_PENDING_DURABLE_REGISTRATION,123,173,29462,EVIDENCE_SUMMARY_SCHEMA_V0.1,EVIDENCE_AGGREGATION_REPRESENTATION_V0.1,PASS
p0d,ENSEMBL_SHA256_PREFIX_2_V0.1,ART_SUMV01_SET_9C7750D42301093888A120CE,ART_SUMV01_30C7422ACDF62E285FB1763C,CLASS_D_LARGE_DATA_OBJECT,EVIDENCE_SUMMARY_JSONL_PAYLOAD,7181198,30c7422acdf62e285fb1763c0a991c742175d86077b895c108080666f133d83d,EVIDENCE_SUMMARY_MATERIALIZER_V0.1,external+sha256://PENDING/luad-target-dossier/evidence-summary-v0.1/ART_SUMV01_SET_9C7750D42301093888A120CE/partitions/p0d/summary_records.jsonl,LOCAL_CONTENT_ADDRESSED_STAGING_PENDING_DURABLE_REGISTRATION,131,202,29437,EVIDENCE_SUMMARY_SCHEMA_V0.1,EVIDENCE_AGGREGATION_REPRESENTATION_V0.1,PASS
p0e,ENSEMBL_SHA256_PREFIX_2_V0.1,ART_SUMV01_SET_9C7750D42301093888A120CE,ART_SUMV01_E37B870138603A67DF21956E,CLASS_D_LARGE_DATA_OBJECT,EVIDENCE_SUMMARY_JSONL_PAYLOAD,6070380,e37b870138603a67df21956e9a7b238875a85ec7c18735d8f7a2f3e77727d018,EVIDENCE_SUMMARY_MATERIALIZER_V0.1,external+sha256://PENDING/luad-target-dossier/evidence-summary-v0.1/ART_SUMV01_SET_9C7750D42301093888A120CE/partitions/p0e/summary_records.jsonl,LOCAL_CONTENT_ADDRESSED_STAGING_PENDING_DURABLE_REGISTRATION,120,104,29484,EVIDENCE_SUMMARY_SCHEMA_V0.1,EVIDENCE_AGGREGATION_REPRESENTATION_V0.1,PASS
p0f,ENSEMBL_SHA256_PREFIX_2_V0.1,ART_SUMV01_SET_9C7750D42301093888A120CE,ART_SUMV01_48C863348D34C0A5FABC5F07,CLASS_D_LARGE_DATA_OBJECT,EVIDENCE_SUMMARY_JSONL_PAYLOAD,6766276,48c863348d34c0a5fabc5f07bcff931b14e1f089ac4b2a30fa20039a626bd24b,EVIDENCE_SUMMARY_MATERIALIZER_V0.1,external+sha256://PENDING/luad-target-dossier/evidence-summary-v0.1/ART_SUMV01_SET_9C7750D42301093888A120CE/partitions/p0f/summary_records.jsonl,LOCAL_CONTENT_ADDRESSED_STAGING_PENDING_DURABLE_REGISTRATION,125,572,29392,EVIDENCE_SUMMARY_SCHEMA_V0.1,EVIDENCE_AGGREGATION_REPRESENTATION_V0.1,PASS
p10,ENSEMBL_SHA256_PREFIX_2_V0.1,ART_SUMV01_SET_9C7750D42301093888A120CE,ART_SUMV01_DF13BCD0BCD70C2851252C5A,CLASS_D_LARGE_DATA_OBJECT,EVIDENCE_SUMMARY_JSONL_PAYLOAD,6419540,df13bcd0bcd70c2851252c5a4db903e2fbb192a2387bf74d2b7dfe6628f36bed,EVIDENCE_SUMMARY_MATERIALIZER_V0.1,external+sha256://PENDING/luad-target-dossier/evidence-summary-v0.1/ART_SUMV01_SET_9C7750D42301093888A120CE/partitions/p10/summary_records.jsonl,LOCAL_CONTENT_ADDRESSED_STAGING_PENDING_DURABLE_REGISTRATION,105,250,29417,EVIDENCE_SUMMARY_SCHEMA_V0.1,EVIDENCE_AGGREGATION_REPRESENTATION_V0.1,PASS
p11,ENSEMBL_SHA256_PREFIX_2_V0.1,ART_SUMV01_SET_9C7750D42301093888A120CE,ART_SUMV01_DAD59BAC27F33976B1F3C628,CLASS_D_LARGE_DATA_OBJECT,EVIDENCE_SUMMARY_JSONL_PAYLOAD,5773165,dad59bac27f33976b1f3c62814e5ae7fdcb15dea99c80f21720dfef792537274,EVIDENCE_SUMMARY_MATERIALIZER_V0.1,external+sha256://PENDING/luad-target-dossier/evidence-summary-v0.1/ART_SUMV01_SET_9C7750D42301093888A120CE/partitions/p11/summary_records.jsonl,LOCAL_CONTENT_ADDRESSED_STAGING_PENDING_DURABLE_REGISTRATION,109,190,29506,EVIDENCE_SUMMARY_SCHEMA_V0.1,EVIDENCE_AGGREGATION_REPRESENTATION_V0.1,PASS
p12,ENSEMBL_SHA256_PREFIX_2_V0.1,ART_SUMV01_SET_9C7750D42301093888A120CE,ART_SUMV01_4B5BFF9833A43526EBBD1EDE,CLASS_D_LARGE_DATA_OBJECT,EVIDENCE_SUMMARY_JSONL_PAYLOAD,5862672,4b5bff9833a43526ebbd1ede8c7fd3d9f545e62b374d5296b7a3950c904fe272,EVIDENCE_SUMMARY_MATERIALIZER_V0.1,external+sha256://PENDING/luad-target-dossier/evidence-summary-v0.1/ART_SUMV01_SET_9C7750D42301093888A120CE/partitions/p12/summary_records.jsonl,LOCAL_CONTENT_ADDRESSED_STAGING_PENDING_DURABLE_REGISTRATION,99,160,29549,EVIDENCE_SUMMARY_SCHEMA_V0.1,EVIDENCE_AGGREGATION_REPRESENTATION_V0.1,PASS
p13,ENSEMBL_SHA256_PREFIX_2_V0.1,ART_SUMV01_SET_9C7750D42301093888A120CE,ART_SUMV01_46361DA6D82A585F2CFFC850,CLASS_D_LARGE_DATA_OBJECT,EVIDENCE_SUMMARY_JSONL_PAYLOAD,4784140,46361da6d82a585f2cffc8505496d19a85aabfa4003d6d185acac5d40f59b608,EVIDENCE_SUMMARY_MATERIALIZER_V0.1,external+sha256://PENDING/luad-target-dossier/evidence-summary-v0.1/ART_SUMV01_SET_9C7750D42301093888A120CE/partitions/p13/summary_records.jsonl,LOCAL_CONTENT_ADDRESSED_STAGING_PENDING_DURABLE_REGISTRATION,102,129,29390,EVIDENCE_SUMMARY_SCHEMA_V0.1,EVIDENCE_AGGREGATION_REPRESENTATION_V0.1,PASS
p14,ENSEMBL_SHA256_PREFIX_2_V0.1,ART_SUMV01_SET_9C7750D42301093888A120CE,ART_SUMV01_676B591A35F0F26EB068330E,CLASS_D_LARGE_DATA_OBJECT,EVIDENCE_SUMMARY_JSONL_PAYLOAD,6200736,676b591a35f0f26eb068330ec5997eff65a7bb1c5f2615a44dd089e99e3e4c5c,EVIDENCE_SUMMARY_MATERIALIZER_V0.1,external+sha256://PENDING/luad-target-dossier/evidence-summary-v0.1/ART_SUMV01_SET_9C7750D42301093888A120CE/partitions/p14/summary_records.jsonl,LOCAL_CONTENT_ADDRESSED_STAGING_PENDING_DURABLE_REGISTRATION,109,43,29582,EVIDENCE_SUMMARY_SCHEMA_V0.1,EVIDENCE_AGGREGATION_REPRESENTATION_V0.1,PASS
p15,ENSEMBL_SHA256_PREFIX_2_V0.1,ART_SUMV01_SET_9C7750D42301093888A120CE,ART_SUMV01_ED49F7FFDA7FE3BEE7B6227D,CLASS_D_LARGE_DATA_OBJECT,EVIDENCE_SUMMARY_JSONL_PAYLOAD,8124087,ed49f7ffda7fe3bee7b6227d1ef8335d833138f386a1dd85d6b65d457298001a,EVIDENCE_SUMMARY_MATERIALIZER_V0.1,external+sha256://PENDING/luad-target-dossier/evidence-summary-v0.1/ART_SUMV01_SET_9C7750D42301093888A120CE/partitions/p15/summary_records.jsonl,LOCAL_CONTENT_ADDRESSED_STAGING_PENDING_DURABLE_REGISTRATION,126,587,29432,EVIDENCE_SUMMARY_SCHEMA_V0.1,EVIDENCE_AGGREGATION_REPRESENTATION_V0.1,PASS
p16,ENSEMBL_SHA256_PREFIX_2_V0.1,ART_SUMV01_SET_9C7750D42301093888A120CE,ART_SUMV01_A17736557454CD9DFD34831F,CLASS_D_LARGE_DATA_OBJECT,EVIDENCE_SUMMARY_JSONL_PAYLOAD,7140496,a17736557454cd9dfd34831f8b7268190f2d165d252cb1984ba6763ff7d5565d,EVIDENCE_SUMMARY_MATERIALIZER_V0.1,external+sha256://PENDING/luad-target-dossier/evidence-summary-v0.1/ART_SUMV01_SET_9C7750D42301093888A120CE/partitions/p16/summary_records.jsonl,LOCAL_CONTENT_ADDRESSED_STAGING_PENDING_DURABLE_REGISTRATION,117,438,29098,EVIDENCE_SUMMARY_SCHEMA_V0.1,EVIDENCE_AGGREGATION_REPRESENTATION_V0.1,PASS
p17,ENSEMBL_SHA256_PREFIX_2_V0.1,ART_SUMV01_SET_9C7750D42301093888A120CE,ART_SUMV01_0127544AE2A9EBAF2355667E,CLASS_D_LARGE_DATA_OBJECT,EVIDENCE_SUMMARY_JSONL_PAYLOAD,7114775,0127544ae2a9ebaf2355667e77c2d621db86fda0716607892654dabaa05ef1e2,EVIDENCE_SUMMARY_MATERIALIZER_V0.1,external+sha256://PENDING/luad-target-dossier/evidence-summary-v0.1/ART_SUMV01_SET_9C7750D42301093888A120CE/partitions/p17/summary_records.jsonl,LOCAL_CONTENT_ADDRESSED_STAGING_PENDING_DURABLE_REGISTRATION,134,48,29532,EVIDENCE_SUMMARY_SCHEMA_V0.1,EVIDENCE_AGGREGATION_REPRESENTATION_V0.1,PASS
p18,ENSEMBL_SHA256_PREFIX_2_V0.1,ART_SUMV01_SET_9C7750D42301093888A120CE,ART_SUMV01_94890CD88063E6E60B4723C9,CLASS_D_LARGE_DATA_OBJECT,EVIDENCE_SUMMARY_JSONL_PAYLOAD,6244296,94890cd88063e6e60b4723c93578bbf17244b77842b7dfd6c04301f37a55e266,EVIDENCE_SUMMARY_MATERIALIZER_V0.1,external+sha256://PENDING/luad-target-dossier/evidence-summary-v0.1/ART_SUMV01_SET_9C7750D42301093888A120CE/partitions/p18/summary_records.jsonl,LOCAL_CONTENT_ADDRESSED_STAGING_PENDING_DURABLE_REGISTRATION,111,273,29296,EVIDENCE_SUMMARY_SCHEMA_V0.1,EVIDENCE_AGGREGATION_REPRESENTATION_V0.1,PASS
p19,ENSEMBL_SHA256_PREFIX_2_V0.1,ART_SUMV01_SET_9C7750D42301093888A120CE,ART_SUMV01_DF8A717D4F72B7B74510C601,CLASS_D_LARGE_DATA_OBJECT,EVIDENCE_SUMMARY_JSONL_PAYLOAD,5942838,df8a717d4f72b7b74510c601e18b5f60f00e113962e47697d19d19e10f05f099,EVIDENCE_SUMMARY_MATERIALIZER_V0.1,external+sha256://PENDING/luad-target-dossier/evidence-summary-v0.1/ART_SUMV01_SET_9C7750D42301093888A120CE/partitions/p19/summary_records.jsonl,LOCAL_CONTENT_ADDRESSED_STAGING_PENDING_DURABLE_REGISTRATION,112,610,29399,EVIDENCE_SUMMARY_SCHEMA_V0.1,EVIDENCE_AGGREGATION_REPRESENTATION_V0.1,PASS
p1a,ENSEMBL_SHA256_PREFIX_2_V0.1,ART_SUMV01_SET_9C7750D42301093888A120CE,ART_SUMV01_192C149111F6E93DDB945D10,CLASS_D_LARGE_DATA_OBJECT,EVIDENCE_SUMMARY_JSONL_PAYLOAD,5327483,192c149111f6e93ddb945d108aaa8afacaa6bdf50cb844ea39a0e13543f6fa20,EVIDENCE_SUMMARY_MATERIALIZER_V0.1,external+sha256://PENDING/luad-target-dossier/evidence-summary-v0.1/ART_SUMV01_SET_9C7750D42301093888A120CE/partitions/p1a/summary_records.jsonl,LOCAL_CONTENT_ADDRESSED_STAGING_PENDING_DURABLE_REGISTRATION,109,144,28746,EVIDENCE_SUMMARY_SCHEMA_V0.1,EVIDENCE_AGGREGATION_REPRESENTATION_V0.1,PASS
p1b,ENSEMBL_SHA256_PREFIX_2_V0.1,ART_SUMV01_SET_9C7750D42301093888A120CE,ART_SUMV01_8EC99FBA9764428C81DC528E,CLASS_D_LARGE_DATA_OBJECT,EVIDENCE_SUMMARY_JSONL_PAYLOAD,74149286,8ec99fba9764428c81dc528ee66e3493acec44709de9a382d204d14e5bd48662,EVIDENCE_SUMMARY_MATERIALIZER_V0.1,external+sha256://PENDING/luad-target-dossier/evidence-summary-v0.1/ART_SUMV01_SET_9C7750D42301093888A120CE/partitions/p1b/summary_records.jsonl,LOCAL_CONTENT_ADDRESSED_STAGING_PENDING_DURABLE_REGISTRATION,124,453,29537,EVIDENCE_SUMMARY_SCHEMA_V0.1,EVIDENCE_AGGREGATION_REPRESENTATION_V0.1,PASS
p1c,ENSEMBL_SHA256_PREFIX_2_V0.1,ART_SUMV01_SET_9C7750D42301093888A120CE,ART_SUMV01_80FCAB696C3BBAD8D9AD12DD,CLASS_D_LARGE_DATA_OBJECT,EVIDENCE_SUMMARY_JSONL_PAYLOAD,7225046,80fcab696c3bbad8d9ad12dd43bd8f06384569acbad6c1222547a4a2f135823d,EVIDENCE_SUMMARY_MATERIALIZER_V0.1,external+sha256://PENDING/luad-target-dossier/evidence-summary-v0.1/ART_SUMV01_SET_9C7750D42301093888A120CE/partitions/p1c/summary_records.jsonl,LOCAL_CONTENT_ADDRESSED_STAGING_PENDING_DURABLE_REGISTRATION,137,130,29466,EVIDENCE_SUMMARY_SCHEMA_V0.1,EVIDENCE_AGGREGATION_REPRESENTATION_V0.1,PASS
p1d,ENSEMBL_SHA256_PREFIX_2_V0.1,ART_SUMV01_SET_9C7750D42301093888A120CE,ART_SUMV01_78B3BF765095A9679BD6DD59,CLASS_D_LARGE_DATA_OBJECT,EVIDENCE_SUMMARY_JSONL_PAYLOAD,7700096,78b3bf765095a9679bd6dd5994e5ce36f60d19c8b6533409135bbc2a20750bf7,EVIDENCE_SUMMARY_MATERIALIZER_V0.1,external+sha256://PENDING/luad-target-dossier/evidence-summary-v0.1/ART_SUMV01_SET_9C7750D42301093888A120CE/partitions/p1d/summary_records.jsonl,LOCAL_CONTENT_ADDRESSED_STAGING_PENDING_DURABLE_REGISTRATION,110,81,29120,EVIDENCE_SUMMARY_SCHEMA_V0.1,EVIDENCE_AGGREGATION_REPRESENTATION_V0.1,PASS
p1e,ENSEMBL_SHA256_PREFIX_2_V0.1,ART_SUMV01_SET_9C7750D42301093888A120CE,ART_SUMV01_C8A2E03BFCC8EB793E6A0378,CLASS_D_LARGE_DATA_OBJECT,EVIDENCE_SUMMARY_JSONL_PAYLOAD,5097695,c8a2e03bfcc8eb793e6a0378a9f2df0ec84c92f24d0c9cfb5af57d70afadeeb5,EVIDENCE_SUMMARY_MATERIALIZER_V0.1,external+sha256://PENDING/luad-target-dossier/evidence-summary-v0.1/ART_SUMV01_SET_9C7750D42301093888A120CE/partitions/p1e/summary_records.jsonl,LOCAL_CONTENT_ADDRESSED_STAGING_PENDING_DURABLE_REGISTRATION,101,67,29531,EVIDENCE_SUMMARY_SCHEMA_V0.1,EVIDENCE_AGGREGATION_REPRESENTATION_V0.1,PASS
p1f,ENSEMBL_SHA256_PREFIX_2_V0.1,ART_SUMV01_SET_9C7750D42301093888A120CE,ART_SUMV01_A2511BB63F84E013855611F4,CLASS_D_LARGE_DATA_OBJECT,EVIDENCE_SUMMARY_JSONL_PAYLOAD,6641337,a2511bb63f84e013855611f414fe7f245afe311f4a87eba12514e7651620fd4b,EVIDENCE_SUMMARY_MATERIALIZER_V0.1,external+sha256://PENDING/luad-target-dossier/evidence-summary-v0.1/ART_SUMV01_SET_9C7750D42301093888A120CE/partitions/p1f/summary_records.jsonl,LOCAL_CONTENT_ADDRESSED_STAGING_PENDING_DURABLE_REGISTRATION,123,298,29509,EVIDENCE_SUMMARY_SCHEMA_V0.1,EVIDENCE_AGGREGATION_REPRESENTATION_V0.1,PASS
p20,ENSEMBL_SHA256_PREFIX_2_V0.1,ART_SUMV01_SET_9C7750D42301093888A120CE,ART_SUMV01_DF199A97FCA08191581313CD,CLASS_D_LARGE_DATA_OBJECT,EVIDENCE_SUMMARY_JSONL_PAYLOAD,5461860,df199a97fca08191581313cded8c1ad0386b8b2ae9c2b7992e6d178f5f383a71,EVIDENCE_SUMMARY_MATERIALIZER_V0.1,external+sha256://PENDING/luad-target-dossier/evidence-summary-v0.1/ART_SUMV01_SET_9C7750D42301093888A120CE/partitions/p20/summary_records.jsonl,LOCAL_CONTENT_ADDRESSED_STAGING_PENDING_DURABLE_REGISTRATION,106,285,29574,EVIDENCE_SUMMARY_SCHEMA_V0.1,EVIDENCE_AGGREGATION_REPRESENTATION_V0.1,PASS
p21,ENSEMBL_SHA256_PREFIX_2_V0.1,ART_SUMV01_SET_9C7750D42301093888A120CE,ART_SUMV01_C3B6B767A079E6B7EC2D45A6,CLASS_D_LARGE_DATA_OBJECT,EVIDENCE_SUMMARY_JSONL_PAYLOAD,6028749,c3b6b767a079e6b7ec2d45a601597e2dba838db442e6410b584a559df8585ca1,EVIDENCE_SUMMARY_MATERIALIZER_V0.1,external+sha256://PENDING/luad-target-dossier/evidence-summary-v0.1/ART_SUMV01_SET_9C7750D42301093888A120CE/partitions/p21/summary_records.jsonl,LOCAL_CONTENT_ADDRESSED_STAGING_PENDING_DURABLE_REGISTRATION,108,292,29492,EVIDENCE_SUMMARY_SCHEMA_V0.1,EVIDENCE_AGGREGATION_REPRESENTATION_V0.1,PASS
p22,ENSEMBL_SHA256_PREFIX_2_V0.1,ART_SUMV01_SET_9C7750D42301093888A120CE,ART_SUMV01_4B7BCB0E84188EFDBE780876,CLASS_D_LARGE_DATA_OBJECT,EVIDENCE_SUMMARY_JSONL_PAYLOAD,5966689,4b7bcb0e84188efdbe780876a28ff3ea059fe26c01af200231ca8cdd731ffbe4,EVIDENCE_SUMMARY_MATERIALIZER_V0.1,external+sha256://PENDING/luad-target-dossier/evidence-summary-v0.1/ART_SUMV01_SET_9C7750D42301093888A120CE/partitions/p22/summary_records.jsonl,LOCAL_CONTENT_ADDRESSED_STAGING_PENDING_DURABLE_REGISTRATION,113,15,29568,EVIDENCE_SUMMARY_SCHEMA_V0.1,EVIDENCE_AGGREGATION_REPRESENTATION_V0.1,PASS
p23,ENSEMBL_SHA256_PREFIX_2_V0.1,ART_SUMV01_SET_9C7750D42301093888A120CE,ART_SUMV01_9BD730F623A5E5F155CA8A0E,CLASS_D_LARGE_DATA_OBJECT,EVIDENCE_SUMMARY_JSONL_PAYLOAD,5479558,9bd730f623a5e5f155ca8a0e5067950b715c00767786d36f20ca299af8e1cd8d,EVIDENCE_SUMMARY_MATERIALIZER_V0.1,external+sha256://PENDING/luad-target-dossier/evidence-summary-v0.1/ART_SUMV01_SET_9C7750D42301093888A120CE/partitions/p23/summary_records.jsonl,LOCAL_CONTENT_ADDRESSED_STAGING_PENDING_DURABLE_REGISTRATION,112,266,29597,EVIDENCE_SUMMARY_SCHEMA_V0.1,EVIDENCE_AGGREGATION_REPRESENTATION_V0.1,PASS
p24,ENSEMBL_SHA256_PREFIX_2_V0.1,ART_SUMV01_SET_9C7750D42301093888A120CE,ART_SUMV01_1FD09604F39F88410ED2B3BA,CLASS_D_LARGE_DATA_OBJECT,EVIDENCE_SUMMARY_JSONL_PAYLOAD,5029994,1fd09604f39f88410ed2b3ba6abf758ccaaec0e080038bfe6806c33c12311d6e,EVIDENCE_SUMMARY_MATERIALIZER_V0.1,external+sha256://PENDING/luad-target-dossier/evidence-summary-v0.1/ART_SUMV01_SET_9C7750D42301093888A120CE/partitions/p24/summary_records.jsonl,LOCAL_CONTENT_ADDRESSED_STAGING_PENDING_DURABLE_REGISTRATION,110,424,29429,EVIDENCE_SUMMARY_SCHEMA_V0.1,EVIDENCE_AGGREGATION_REPRESENTATION_V0.1,PASS
p25,ENSEMBL_SHA256_PREFIX_2_V0.1,ART_SUMV01_SET_9C7750D42301093888A120CE,ART_SUMV01_A96A02BB0996FA7F6D8E2103,CLASS_D_LARGE_DATA_OBJECT,EVIDENCE_SUMMARY_JSONL_PAYLOAD,6865711,a96a02bb0996fa7f6d8e21030ed5994c3798a653c9957eedff67b678f25fd590,EVIDENCE_SUMMARY_MATERIALIZER_V0.1,external+sha256://PENDING/luad-target-dossier/evidence-summary-v0.1/ART_SUMV01_SET_9C7750D42301093888A120CE/partitions/p25/summary_records.jsonl,LOCAL_CONTENT_ADDRESSED_STAGING_PENDING_DURABLE_REGISTRATION,104,23,29489,EVIDENCE_SUMMARY_SCHEMA_V0.1,EVIDENCE_AGGREGATION_REPRESENTATION_V0.1,PASS
p26,ENSEMBL_SHA256_PREFIX_2_V0.1,ART_SUMV01_SET_9C7750D42301093888A120CE,ART_SUMV01_4446F8670C7030A70594C9F9,CLASS_D_LARGE_DATA_OBJECT,EVIDENCE_SUMMARY_JSONL_PAYLOAD,5107632,4446f8670c7030a70594c9f92c291d30dec8e818115eaaf68f694e618cbd7703,EVIDENCE_SUMMARY_MATERIALIZER_V0.1,external+sha256://PENDING/luad-target-dossier/evidence-summary-v0.1/ART_SUMV01_SET_9C7750D42301093888A120CE/partitions/p26/summary_records.jsonl,LOCAL_CONTENT_ADDRESSED_STAGING_PENDING_DURABLE_REGISTRATION,100,181,29413,EVIDENCE_SUMMARY_SCHEMA_V0.1,EVIDENCE_AGGREGATION_REPRESENTATION_V0.1,PASS
p27,ENSEMBL_SHA256_PREFIX_2_V0.1,ART_SUMV01_SET_9C7750D42301093888A120CE,ART_SUMV01_F0530FD0155931822317C0C8,CLASS_D_LARGE_DATA_OBJECT,EVIDENCE_SUMMARY_JSONL_PAYLOAD,6859717,f0530fd0155931822317c0c88d5793c72049322247224acfa771892edd29a55e,EVIDENCE_SUMMARY_MATERIALIZER_V0.1,external+sha256://PENDING/luad-target-dossier/evidence-summary-v0.1/ART_SUMV01_SET_9C7750D42301093888A120CE/partitions/p27/summary_records.jsonl,LOCAL_CONTENT_ADDRESSED_STAGING_PENDING_DURABLE_REGISTRATION,127,126,29487,EVIDENCE_SUMMARY_SCHEMA_V0.1,EVIDENCE_AGGREGATION_REPRESENTATION_V0.1,PASS
p28,ENSEMBL_SHA256_PREFIX_2_V0.1,ART_SUMV01_SET_9C7750D42301093888A120CE,ART_SUMV01_2286F40C3029DFA94A3BE45F,CLASS_D_LARGE_DATA_OBJECT,EVIDENCE_SUMMARY_JSONL_PAYLOAD,9703519,2286f40c3029dfa94a3be45fe942b33ff3a199af0fdd8ab29f4d00f3d9fbc16c,EVIDENCE_SUMMARY_MATERIALIZER_V0.1,external+sha256://PENDING/luad-target-dossier/evidence-summary-v0.1/ART_SUMV01_SET_9C7750D42301093888A120CE/partitions/p28/summary_records.jsonl,LOCAL_CONTENT_ADDRESSED_STAGING_PENDING_DURABLE_REGISTRATION,108,218,29476,EVIDENCE_SUMMARY_SCHEMA_V0.1,EVIDENCE_AGGREGATION_REPRESENTATION_V0.1,PASS
p29,ENSEMBL_SHA256_PREFIX_2_V0.1,ART_SUMV01_SET_9C7750D42301093888A120CE,ART_SUMV01_AB13490B58EF422E5350FCF2,CLASS_D_LARGE_DATA_OBJECT,EVIDENCE_SUMMARY_JSONL_PAYLOAD,7467390,ab13490b58ef422e5350fcf263d3576211e37a97841d8273c789e8cf68296ac3,EVIDENCE_SUMMARY_MATERIALIZER_V0.1,external+sha256://PENDING/luad-target-dossier/evidence-summary-v0.1/ART_SUMV01_SET_9C7750D42301093888A120CE/partitions/p29/summary_records.jsonl,LOCAL_CONTENT_ADDRESSED_STAGING_PENDING_DURABLE_REGISTRATION,141,267,29368,EVIDENCE_SUMMARY_SCHEMA_V0.1,EVIDENCE_AGGREGATION_REPRESENTATION_V0.1,PASS
p2a,ENSEMBL_SHA256_PREFIX_2_V0.1,ART_SUMV01_SET_9C7750D42301093888A120CE,ART_SUMV01_2F66E32204FEF1AA61F6DDDF,CLASS_D_LARGE_DATA_OBJECT,EVIDENCE_SUMMARY_JSONL_PAYLOAD,5952691,2f66e32204fef1aa61f6dddf400a537d61695fb5b7cb0dc9087587209c1afb4e,EVIDENCE_SUMMARY_MATERIALIZER_V0.1,external+sha256://PENDING/luad-target-dossier/evidence-summary-v0.1/ART_SUMV01_SET_9C7750D42301093888A120CE/partitions/p2a/summary_records.jsonl,LOCAL_CONTENT_ADDRESSED_STAGING_PENDING_DURABLE_REGISTRATION,123,98,29246,EVIDENCE_SUMMARY_SCHEMA_V0.1,EVIDENCE_AGGREGATION_REPRESENTATION_V0.1,PASS
p2b,ENSEMBL_SHA256_PREFIX_2_V0.1,ART_SUMV01_SET_9C7750D42301093888A120CE,ART_SUMV01_D02071A8C821B6D6AF9B16D7,CLASS_D_LARGE_DATA_OBJECT,EVIDENCE_SUMMARY_JSONL_PAYLOAD,5553952,d02071a8c821b6d6af9b16d73ec74d2cd2bab8a040d053f98ccb58af5fe627ed,EVIDENCE_SUMMARY_MATERIALIZER_V0.1,external+sha256://PENDING/luad-target-dossier/evidence-summary-v0.1/ART_SUMV01_SET_9C7750D42301093888A120CE/partitions/p2b/summary_records.jsonl,LOCAL_CONTENT_ADDRESSED_STAGING_PENDING_DURABLE_REGISTRATION,113,287,29301,EVIDENCE_SUMMARY_SCHEMA_V0.1,EVIDENCE_AGGREGATION_REPRESENTATION_V0.1,PASS
p2c,ENSEMBL_SHA256_PREFIX_2_V0.1,ART_SUMV01_SET_9C7750D42301093888A120CE,ART_SUMV01_D894D530C5498D01BB490981,CLASS_D_LARGE_DATA_OBJECT,EVIDENCE_SUMMARY_JSONL_PAYLOAD,6971621,d894d530c5498d01bb49098160e22ac1a053319ff8715015681a61fd434ac123,EVIDENCE_SUMMARY_MATERIALIZER_V0.1,external+sha256://PENDING/luad-target-dossier/evidence-summary-v0.1/ART_SUMV01_SET_9C7750D42301093888A120CE/partitions/p2c/summary_records.jsonl,LOCAL_CONTENT_ADDRESSED_STAGING_PENDING_DURABLE_REGISTRATION,131,34,29316,EVIDENCE_SUMMARY_SCHEMA_V0.1,EVIDENCE_AGGREGATION_REPRESENTATION_V0.1,PASS
p2d,ENSEMBL_SHA256_PREFIX_2_V0.1,ART_SUMV01_SET_9C7750D42301093888A120CE,ART_SUMV01_EE442038EB6C1128C635126B,CLASS_D_LARGE_DATA_OBJECT,EVIDENCE_SUMMARY_JSONL_PAYLOAD,6379940,ee442038eb6c1128c635126b038f2a2aa33427a3895e64d5f2e9557d43013d7d,EVIDENCE_SUMMARY_MATERIALIZER_V0.1,external+sha256://PENDING/luad-target-dossier/evidence-summary-v0.1/ART_SUMV01_SET_9C7750D42301093888A120CE/partitions/p2d/summary_records.jsonl,LOCAL_CONTENT_ADDRESSED_STAGING_PENDING_DURABLE_REGISTRATION,117,154,29347,EVIDENCE_SUMMARY_SCHEMA_V0.1,EVIDENCE_AGGREGATION_REPRESENTATION_V0.1,PASS
p2e,ENSEMBL_SHA256_PREFIX_2_V0.1,ART_SUMV01_SET_9C7750D42301093888A120CE,ART_SUMV01_E93967BEA52DE038208028F8,CLASS_D_LARGE_DATA_OBJECT,EVIDENCE_SUMMARY_JSONL_PAYLOAD,5991079,e93967bea52de038208028f8007ab3f79e05f6072f782ec40fe5cb8a45e53519,EVIDENCE_SUMMARY_MATERIALIZER_V0.1,external+sha256://PENDING/luad-target-dossier/evidence-summary-v0.1/ART_SUMV01_SET_9C7750D42301093888A120CE/partitions/p2e/summary_records.jsonl,LOCAL_CONTENT_ADDRESSED_STAGING_PENDING_DURABLE_REGISTRATION,119,382,29555,EVIDENCE_SUMMARY_SCHEMA_V0.1,EVIDENCE_AGGREGATION_REPRESENTATION_V0.1,PASS
p2f,ENSEMBL_SHA256_PREFIX_2_V0.1,ART_SUMV01_SET_9C7750D42301093888A120CE,ART_SUMV01_CF7563C0E04D6E4AC1FB7B13,CLASS_D_LARGE_DATA_OBJECT,EVIDENCE_SUMMARY_JSONL_PAYLOAD,6736420,cf7563c0e04d6e4ac1fb7b13aaf93a8de0270e3c38ce09ee63fa34f21fb4e42d,EVIDENCE_SUMMARY_MATERIALIZER_V0.1,external+sha256://PENDING/luad-target-dossier/evidence-summary-v0.1/ART_SUMV01_SET_9C7750D42301093888A120CE/partitions/p2f/summary_records.jsonl,LOCAL_CONTENT_ADDRESSED_STAGING_PENDING_DURABLE_REGISTRATION,99,228,28660,EVIDENCE_SUMMARY_SCHEMA_V0.1,EVIDENCE_AGGREGATION_REPRESENTATION_V0.1,PASS
p30,ENSEMBL_SHA256_PREFIX_2_V0.1,ART_SUMV01_SET_9C7750D42301093888A120CE,ART_SUMV01_D3D130A84BAB75FE3F7DD1FF,CLASS_D_LARGE_DATA_OBJECT,EVIDENCE_SUMMARY_JSONL_PAYLOAD,9763462,d3d130a84bab75fe3f7dd1ff56951a3c4791dafb07ee82ac1f2a4a5a80cef64a,EVIDENCE_SUMMARY_MATERIALIZER_V0.1,external+sha256://PENDING/luad-target-dossier/evidence-summary-v0.1/ART_SUMV01_SET_9C7750D42301093888A120CE/partitions/p30/summary_records.jsonl,LOCAL_CONTENT_ADDRESSED_STAGING_PENDING_DURABLE_REGISTRATION,145,63,29469,EVIDENCE_SUMMARY_SCHEMA_V0.1,EVIDENCE_AGGREGATION_REPRESENTATION_V0.1,PASS
p31,ENSEMBL_SHA256_PREFIX_2_V0.1,ART_SUMV01_SET_9C7750D42301093888A120CE,ART_SUMV01_03D43C267B86694EEC7959E5,CLASS_D_LARGE_DATA_OBJECT,EVIDENCE_SUMMARY_JSONL_PAYLOAD,5825645,03d43c267b86694eec7959e5410d4f7efa93b0dd67098558ae53299c547b25f8,EVIDENCE_SUMMARY_MATERIALIZER_V0.1,external+sha256://PENDING/luad-target-dossier/evidence-summary-v0.1/ART_SUMV01_SET_9C7750D42301093888A120CE/partitions/p31/summary_records.jsonl,LOCAL_CONTENT_ADDRESSED_STAGING_PENDING_DURABLE_REGISTRATION,116,520,29438,EVIDENCE_SUMMARY_SCHEMA_V0.1,EVIDENCE_AGGREGATION_REPRESENTATION_V0.1,PASS
p32,ENSEMBL_SHA256_PREFIX_2_V0.1,ART_SUMV01_SET_9C7750D42301093888A120CE,ART_SUMV01_4C48A8B9944D7042E0172745,CLASS_D_LARGE_DATA_OBJECT,EVIDENCE_SUMMARY_JSONL_PAYLOAD,6100600,4c48a8b9944d7042e0172745d271d22ecab97d940669b462423b3e97e29adcea,EVIDENCE_SUMMARY_MATERIALIZER_V0.1,external+sha256://PENDING/luad-target-dossier/evidence-summary-v0.1/ART_SUMV01_SET_9C7750D42301093888A120CE/partitions/p32/summary_records.jsonl,LOCAL_CONTENT_ADDRESSED_STAGING_PENDING_DURABLE_REGISTRATION,114,210,29465,EVIDENCE_SUMMARY_SCHEMA_V0.1,EVIDENCE_AGGREGATION_REPRESENTATION_V0.1,PASS
p33,ENSEMBL_SHA256_PREFIX_2_V0.1,ART_SUMV01_SET_9C7750D42301093888A120CE,ART_SUMV01_F0BFB44A7EF31760F062BCF9,CLASS_D_LARGE_DATA_OBJECT,EVIDENCE_SUMMARY_JSONL_PAYLOAD,7514532,f0bfb44a7ef31760f062bcf9b4e8ea482e57d42a671ba628231d16692393420b,EVIDENCE_SUMMARY_MATERIALIZER_V0.1,external+sha256://PENDING/luad-target-dossier/evidence-summary-v0.1/ART_SUMV01_SET_9C7750D42301093888A120CE/partitions/p33/summary_records.jsonl,LOCAL_CONTENT_ADDRESSED_STAGING_PENDING_DURABLE_REGISTRATION,119,241,29365,EVIDENCE_SUMMARY_SCHEMA_V0.1,EVIDENCE_AGGREGATION_REPRESENTATION_V0.1,PASS
p34,ENSEMBL_SHA256_PREFIX_2_V0.1,ART_SUMV01_SET_9C7750D42301093888A120CE,ART_SUMV01_6CF9D7E22A35AAC86A51BA91,CLASS_D_LARGE_DATA_OBJECT,EVIDENCE_SUMMARY_JSONL_PAYLOAD,10415526,6cf9d7e22a35aac86a51ba917c0931201e92fab4444d0a9d10a04934519bb980,EVIDENCE_SUMMARY_MATERIALIZER_V0.1,external+sha256://PENDING/luad-target-dossier/evidence-summary-v0.1/ART_SUMV01_SET_9C7750D42301093888A120CE/partitions/p34/summary_records.jsonl,LOCAL_CONTENT_ADDRESSED_STAGING_PENDING_DURABLE_REGISTRATION,112,195,28999,EVIDENCE_SUMMARY_SCHEMA_V0.1,EVIDENCE_AGGREGATION_REPRESENTATION_V0.1,PASS
p35,ENSEMBL_SHA256_PREFIX_2_V0.1,ART_SUMV01_SET_9C7750D42301093888A120CE,ART_SUMV01_6018B13C25207D2D5E89BC7D,CLASS_D_LARGE_DATA_OBJECT,EVIDENCE_SUMMARY_JSONL_PAYLOAD,6464017,6018b13c25207d2d5e89bc7dfddc37461f1c2f6521b7b88ae5e0cf22f2bc245e,EVIDENCE_SUMMARY_MATERIALIZER_V0.1,external+sha256://PENDING/luad-target-dossier/evidence-summary-v0.1/ART_SUMV01_SET_9C7750D42301093888A120CE/partitions/p35/summary_records.jsonl,LOCAL_CONTENT_ADDRESSED_STAGING_PENDING_DURABLE_REGISTRATION,130,145,28703,EVIDENCE_SUMMARY_SCHEMA_V0.1,EVIDENCE_AGGREGATION_REPRESENTATION_V0.1,PASS
p36,ENSEMBL_SHA256_PREFIX_2_V0.1,ART_SUMV01_SET_9C7750D42301093888A120CE,ART_SUMV01_672C2A81DE8A9AB1B2840421,CLASS_D_LARGE_DATA_OBJECT,EVIDENCE_SUMMARY_JSONL_PAYLOAD,10300417,672c2a81de8a9ab1b2840421645b5da0a9ed4f694c9b4ba5398bd4847ebf74b9,EVIDENCE_SUMMARY_MATERIALIZER_V0.1,external+sha256://PENDING/luad-target-dossier/evidence-summary-v0.1/ART_SUMV01_SET_9C7750D42301093888A120CE/partitions/p36/summary_records.jsonl,LOCAL_CONTENT_ADDRESSED_STAGING_PENDING_DURABLE_REGISTRATION,117,68,28993,EVIDENCE_SUMMARY_SCHEMA_V0.1,EVIDENCE_AGGREGATION_REPRESENTATION_V0.1,PASS
p37,ENSEMBL_SHA256_PREFIX_2_V0.1,ART_SUMV01_SET_9C7750D42301093888A120CE,ART_SUMV01_0D77A362BB13004659124095,CLASS_D_LARGE_DATA_OBJECT,EVIDENCE_SUMMARY_JSONL_PAYLOAD,8021903,0d77a362bb130046591240952301b556772f61361f616256cd33b468279cbae3,EVIDENCE_SUMMARY_MATERIALIZER_V0.1,external+sha256://PENDING/luad-target-dossier/evidence-summary-v0.1/ART_SUMV01_SET_9C7750D42301093888A120CE/partitions/p37/summary_records.jsonl,LOCAL_CONTENT_ADDRESSED_STAGING_PENDING_DURABLE_REGISTRATION,132,69,29348,EVIDENCE_SUMMARY_SCHEMA_V0.1,EVIDENCE_AGGREGATION_REPRESENTATION_V0.1,PASS
p38,ENSEMBL_SHA256_PREFIX_2_V0.1,ART_SUMV01_SET_9C7750D42301093888A120CE,ART_SUMV01_362BF78CF315B3D669EF899C,CLASS_D_LARGE_DATA_OBJECT,EVIDENCE_SUMMARY_JSONL_PAYLOAD,6779491,362bf78cf315b3d669ef899c67f467af6dd851a54e50793bf2e3685e901cae50,EVIDENCE_SUMMARY_MATERIALIZER_V0.1,external+sha256://PENDING/luad-target-dossier/evidence-summary-v0.1/ART_SUMV01_SET_9C7750D42301093888A120CE/partitions/p38/summary_records.jsonl,LOCAL_CONTENT_ADDRESSED_STAGING_PENDING_DURABLE_REGISTRATION,117,113,29577,EVIDENCE_SUMMARY_SCHEMA_V0.1,EVIDENCE_AGGREGATION_REPRESENTATION_V0.1,PASS
p39,ENSEMBL_SHA256_PREFIX_2_V0.1,ART_SUMV01_SET_9C7750D42301093888A120CE,ART_SUMV01_670D8764AD5E263DE8887C3B,CLASS_D_LARGE_DATA_OBJECT,EVIDENCE_SUMMARY_JSONL_PAYLOAD,5854192,670d8764ad5e263de8887c3bf456394ae2cec9de0b55f4a21b31fca238ed8f66,EVIDENCE_SUMMARY_MATERIALIZER_V0.1,external+sha256://PENDING/luad-target-dossier/evidence-summary-v0.1/ART_SUMV01_SET_9C7750D42301093888A120CE/partitions/p39/summary_records.jsonl,LOCAL_CONTENT_ADDRESSED_STAGING_PENDING_DURABLE_REGISTRATION,109,74,29602,EVIDENCE_SUMMARY_SCHEMA_V0.1,EVIDENCE_AGGREGATION_REPRESENTATION_V0.1,PASS
p3a,ENSEMBL_SHA256_PREFIX_2_V0.1,ART_SUMV01_SET_9C7750D42301093888A120CE,ART_SUMV01_4478F7C523AF2D200BC3174C,CLASS_D_LARGE_DATA_OBJECT,EVIDENCE_SUMMARY_JSONL_PAYLOAD,24420388,4478f7c523af2d200bc3174c7c7ee2395d629fde86737e380c7ef684fec1d712,EVIDENCE_SUMMARY_MATERIALIZER_V0.1,external+sha256://PENDING/luad-target-dossier/evidence-summary-v0.1/ART_SUMV01_SET_9C7750D42301093888A120CE/partitions/p3a/summary_records.jsonl,LOCAL_CONTENT_ADDRESSED_STAGING_PENDING_DURABLE_REGISTRATION,125,425,29467,EVIDENCE_SUMMARY_SCHEMA_V0.1,EVIDENCE_AGGREGATION_REPRESENTATION_V0.1,PASS
p3b,ENSEMBL_SHA256_PREFIX_2_V0.1,ART_SUMV01_SET_9C7750D42301093888A120CE,ART_SUMV01_0006F05C39D4B1991342B599,CLASS_D_LARGE_DATA_OBJECT,EVIDENCE_SUMMARY_JSONL_PAYLOAD,6710890,0006f05c39d4b1991342b5992623582e290aeb51a5ca019eb22d69faac9201a6,EVIDENCE_SUMMARY_MATERIALIZER_V0.1,external+sha256://PENDING/luad-target-dossier/evidence-summary-v0.1/ART_SUMV01_SET_9C7750D42301093888A120CE/partitions/p3b/summary_records.jsonl,LOCAL_CONTENT_ADDRESSED_STAGING_PENDING_DURABLE_REGISTRATION,111,538,29087,EVIDENCE_SUMMARY_SCHEMA_V0.1,EVIDENCE_AGGREGATION_REPRESENTATION_V0.1,PASS
p3c,ENSEMBL_SHA256_PREFIX_2_V0.1,ART_SUMV01_SET_9C7750D42301093888A120CE,ART_SUMV01_2212C8C02CB494D1F5F311FE,CLASS_D_LARGE_DATA_OBJECT,EVIDENCE_SUMMARY_JSONL_PAYLOAD,4709971,2212c8c02cb494d1f5f311fee12b0c165009b2a53fd2a3233e788af0f88ad70a,EVIDENCE_SUMMARY_MATERIALIZER_V0.1,external+sha256://PENDING/luad-target-dossier/evidence-summary-v0.1/ART_SUMV01_SET_9C7750D42301093888A120CE/partitions/p3c/summary_records.jsonl,LOCAL_CONTENT_ADDRESSED_STAGING_PENDING_DURABLE_REGISTRATION,97,177,28587,EVIDENCE_SUMMARY_SCHEMA_V0.1,EVIDENCE_AGGREGATION_REPRESENTATION_V0.1,PASS
p3d,ENSEMBL_SHA256_PREFIX_2_V0.1,ART_SUMV01_SET_9C7750D42301093888A120CE,ART_SUMV01_F6CB9D533FA092C5B7FA87C3,CLASS_D_LARGE_DATA_OBJECT,EVIDENCE_SUMMARY_JSONL_PAYLOAD,7098076,f6cb9d533fa092c5b7fa87c3f2a680d910ee96eaf82f424476e0de93b7de6782,EVIDENCE_SUMMARY_MATERIALIZER_V0.1,external+sha256://PENDING/luad-target-dossier/evidence-summary-v0.1/ART_SUMV01_SET_9C7750D42301093888A120CE/partitions/p3d/summary_records.jsonl,LOCAL_CONTENT_ADDRESSED_STAGING_PENDING_DURABLE_REGISTRATION,133,35,29294,EVIDENCE_SUMMARY_SCHEMA_V0.1,EVIDENCE_AGGREGATION_REPRESENTATION_V0.1,PASS
p3e,ENSEMBL_SHA256_PREFIX_2_V0.1,ART_SUMV01_SET_9C7750D42301093888A120CE,ART_SUMV01_91F4E23211DEE131E2AC6488,CLASS_D_LARGE_DATA_OBJECT,EVIDENCE_SUMMARY_JSONL_PAYLOAD,6229893,91f4e23211dee131e2ac648877b047d4a44d2b377cc69427e57c27c9808a0984,EVIDENCE_SUMMARY_MATERIALIZER_V0.1,external+sha256://PENDING/luad-target-dossier/evidence-summary-v0.1/ART_SUMV01_SET_9C7750D42301093888A120CE/partitions/p3e/summary_records.jsonl,LOCAL_CONTENT_ADDRESSED_STAGING_PENDING_DURABLE_REGISTRATION,105,124,29085,EVIDENCE_SUMMARY_SCHEMA_V0.1,EVIDENCE_AGGREGATION_REPRESENTATION_V0.1,PASS
p3f,ENSEMBL_SHA256_PREFIX_2_V0.1,ART_SUMV01_SET_9C7750D42301093888A120CE,ART_SUMV01_2790694BB14546D44AF07E5C,CLASS_D_LARGE_DATA_OBJECT,EVIDENCE_SUMMARY_JSONL_PAYLOAD,7510137,2790694bb14546d44af07e5c776907f7d9ec53c353bf33e1ee2d40f9c59f860e,EVIDENCE_SUMMARY_MATERIALIZER_V0.1,external+sha256://PENDING/luad-target-dossier/evidence-summary-v0.1/ART_SUMV01_SET_9C7750D42301093888A120CE/partitions/p3f/summary_records.jsonl,LOCAL_CONTENT_ADDRESSED_STAGING_PENDING_DURABLE_REGISTRATION,118,128,28370,EVIDENCE_SUMMARY_SCHEMA_V0.1,EVIDENCE_AGGREGATION_REPRESENTATION_V0.1,PASS
p40,ENSEMBL_SHA256_PREFIX_2_V0.1,ART_SUMV01_SET_9C7750D42301093888A120CE,ART_SUMV01_F5BA5749DAA307D2CB07174B,CLASS_D_LARGE_DATA_OBJECT,EVIDENCE_SUMMARY_JSONL_PAYLOAD,6601175,f5ba5749daa307d2cb07174bff2d0e6933397ec9b8df2f301af9aa04404b2648,EVIDENCE_SUMMARY_MATERIALIZER_V0.1,external+sha256://PENDING/luad-target-dossier/evidence-summary-v0.1/ART_SUMV01_SET_9C7750D42301093888A120CE/partitions/p40/summary_records.jsonl,LOCAL_CONTENT_ADDRESSED_STAGING_PENDING_DURABLE_REGISTRATION,121,252,29604,EVIDENCE_SUMMARY_SCHEMA_V0.1,EVIDENCE_AGGREGATION_REPRESENTATION_V0.1,PASS
p41,ENSEMBL_SHA256_PREFIX_2_V0.1,ART_SUMV01_SET_9C7750D42301093888A120CE,ART_SUMV01_B8DAA7C4AF7300AD1A76FD71,CLASS_D_LARGE_DATA_OBJECT,EVIDENCE_SUMMARY_JSONL_PAYLOAD,6362283,b8daa7c4af7300ad1a76fd71565f1a737ce1c1408644f2729a84dafa524c2665,EVIDENCE_SUMMARY_MATERIALIZER_V0.1,external+sha256://PENDING/luad-target-dossier/evidence-summary-v0.1/ART_SUMV01_SET_9C7750D42301093888A120CE/partitions/p41/summary_records.jsonl,LOCAL_CONTENT_ADDRESSED_STAGING_PENDING_DURABLE_REGISTRATION,109,176,29414,EVIDENCE_SUMMARY_SCHEMA_V0.1,EVIDENCE_AGGREGATION_REPRESENTATION_V0.1,PASS
p42,ENSEMBL_SHA256_PREFIX_2_V0.1,ART_SUMV01_SET_9C7750D42301093888A120CE,ART_SUMV01_16DB5DAEBA231786DDEE5CC1,CLASS_D_LARGE_DATA_OBJECT,EVIDENCE_SUMMARY_JSONL_PAYLOAD,5121087,16db5daeba231786ddee5cc1bb3924d876bb45ed27b8cf48a44053751a0de50d,EVIDENCE_SUMMARY_MATERIALIZER_V0.1,external+sha256://PENDING/luad-target-dossier/evidence-summary-v0.1/ART_SUMV01_SET_9C7750D42301093888A120CE/partitions/p42/summary_records.jsonl,LOCAL_CONTENT_ADDRESSED_STAGING_PENDING_DURABLE_REGISTRATION,99,434,28947,EVIDENCE_SUMMARY_SCHEMA_V0.1,EVIDENCE_AGGREGATION_REPRESENTATION_V0.1,PASS
p43,ENSEMBL_SHA256_PREFIX_2_V0.1,ART_SUMV01_SET_9C7750D42301093888A120CE,ART_SUMV01_9A8980BEC63C573942ACE67F,CLASS_D_LARGE_DATA_OBJECT,EVIDENCE_SUMMARY_JSONL_PAYLOAD,7351552,9a8980bec63c573942ace67f1dbb005d37fc4967413f9d219140897037a5e468,EVIDENCE_SUMMARY_MATERIALIZER_V0.1,external+sha256://PENDING/luad-target-dossier/evidence-summary-v0.1/ART_SUMV01_SET_9C7750D42301093888A120CE/partitions/p43/summary_records.jsonl,LOCAL_CONTENT_ADDRESSED_STAGING_PENDING_DURABLE_REGISTRATION,138,340,29373,EVIDENCE_SUMMARY_SCHEMA_V0.1,EVIDENCE_AGGREGATION_REPRESENTATION_V0.1,PASS
p44,ENSEMBL_SHA256_PREFIX_2_V0.1,ART_SUMV01_SET_9C7750D42301093888A120CE,ART_SUMV01_104C4E73088F100EE429463E,CLASS_D_LARGE_DATA_OBJECT,EVIDENCE_SUMMARY_JSONL_PAYLOAD,6151050,104c4e73088f100ee429463e4949dd01a63e208d4faa03c680a79b943b158e4d,EVIDENCE_SUMMARY_MATERIALIZER_V0.1,external+sha256://PENDING/luad-target-dossier/evidence-summary-v0.1/ART_SUMV01_SET_9C7750D42301093888A120CE/partitions/p44/summary_records.jsonl,LOCAL_CONTENT_ADDRESSED_STAGING_PENDING_DURABLE_REGISTRATION,109,56,29559,EVIDENCE_SUMMARY_SCHEMA_V0.1,EVIDENCE_AGGREGATION_REPRESENTATION_V0.1,PASS
p45,ENSEMBL_SHA256_PREFIX_2_V0.1,ART_SUMV01_SET_9C7750D42301093888A120CE,ART_SUMV01_A0467E0C03080E6C2851E4DC,CLASS_D_LARGE_DATA_OBJECT,EVIDENCE_SUMMARY_JSONL_PAYLOAD,6193340,a0467e0c03080e6c2851e4dc2737dc8956cc3da974526eae2a6e2a180bbc5807,EVIDENCE_SUMMARY_MATERIALIZER_V0.1,external+sha256://PENDING/luad-target-dossier/evidence-summary-v0.1/ART_SUMV01_SET_9C7750D42301093888A120CE/partitions/p45/summary_records.jsonl,LOCAL_CONTENT_ADDRESSED_STAGING_PENDING_DURABLE_REGISTRATION,102,322,29554,EVIDENCE_SUMMARY_SCHEMA_V0.1,EVIDENCE_AGGREGATION_REPRESENTATION_V0.1,PASS
p46,ENSEMBL_SHA256_PREFIX_2_V0.1,ART_SUMV01_SET_9C7750D42301093888A120CE,ART_SUMV01_7F2D121B3259AE90E51172AC,CLASS_D_LARGE_DATA_OBJECT,EVIDENCE_SUMMARY_JSONL_PAYLOAD,6452229,7f2d121b3259ae90e51172ac79210025c87c74b19b12b570e265ec9f66ee5866,EVIDENCE_SUMMARY_MATERIALIZER_V0.1,external+sha256://PENDING/luad-target-dossier/evidence-summary-v0.1/ART_SUMV01_SET_9C7750D42301093888A120CE/partitions/p46/summary_records.jsonl,LOCAL_CONTENT_ADDRESSED_STAGING_PENDING_DURABLE_REGISTRATION,108,28,29132,EVIDENCE_SUMMARY_SCHEMA_V0.1,EVIDENCE_AGGREGATION_REPRESENTATION_V0.1,PASS
p47,ENSEMBL_SHA256_PREFIX_2_V0.1,ART_SUMV01_SET_9C7750D42301093888A120CE,ART_SUMV01_F2982B825B30083969DD6185,CLASS_D_LARGE_DATA_OBJECT,EVIDENCE_SUMMARY_JSONL_PAYLOAD,6310827,f2982b825b30083969dd618595f529ddbe0ab44cb6446cc275f217436b65358d,EVIDENCE_SUMMARY_MATERIALIZER_V0.1,external+sha256://PENDING/luad-target-dossier/evidence-summary-v0.1/ART_SUMV01_SET_9C7750D42301093888A120CE/partitions/p47/summary_records.jsonl,LOCAL_CONTENT_ADDRESSED_STAGING_PENDING_DURABLE_REGISTRATION,118,54,28889,EVIDENCE_SUMMARY_SCHEMA_V0.1,EVIDENCE_AGGREGATION_REPRESENTATION_V0.1,PASS
p48,ENSEMBL_SHA256_PREFIX_2_V0.1,ART_SUMV01_SET_9C7750D42301093888A120CE,ART_SUMV01_0D6E99E93C4A02C4CAEC9E56,CLASS_D_LARGE_DATA_OBJECT,EVIDENCE_SUMMARY_JSONL_PAYLOAD,7076598,0d6e99e93c4a02c4caec9e56db63a8f245f6f54fed2cead5f7e5389ad683c5e3,EVIDENCE_SUMMARY_MATERIALIZER_V0.1,external+sha256://PENDING/luad-target-dossier/evidence-summary-v0.1/ART_SUMV01_SET_9C7750D42301093888A120CE/partitions/p48/summary_records.jsonl,LOCAL_CONTENT_ADDRESSED_STAGING_PENDING_DURABLE_REGISTRATION,104,226,29591,EVIDENCE_SUMMARY_SCHEMA_V0.1,EVIDENCE_AGGREGATION_REPRESENTATION_V0.1,PASS
p49,ENSEMBL_SHA256_PREFIX_2_V0.1,ART_SUMV01_SET_9C7750D42301093888A120CE,ART_SUMV01_17902AB7931B562B0D93EEDD,CLASS_D_LARGE_DATA_OBJECT,EVIDENCE_SUMMARY_JSONL_PAYLOAD,8667311,17902ab7931b562b0d93eedda9e8967487a4512a569a15a6f0d28f264c92edf4,EVIDENCE_SUMMARY_MATERIALIZER_V0.1,external+sha256://PENDING/luad-target-dossier/evidence-summary-v0.1/ART_SUMV01_SET_9C7750D42301093888A120CE/partitions/p49/summary_records.jsonl,LOCAL_CONTENT_ADDRESSED_STAGING_PENDING_DURABLE_REGISTRATION,116,134,29543,EVIDENCE_SUMMARY_SCHEMA_V0.1,EVIDENCE_AGGREGATION_REPRESENTATION_V0.1,PASS
p4a,ENSEMBL_SHA256_PREFIX_2_V0.1,ART_SUMV01_SET_9C7750D42301093888A120CE,ART_SUMV01_5A43FBA8ED90C3C223CF9DFC,CLASS_D_LARGE_DATA_OBJECT,EVIDENCE_SUMMARY_JSONL_PAYLOAD,5735131,5a43fba8ed90c3c223cf9dfc739202219ef365475c0f6cf4bcfb12517fa3fe20,EVIDENCE_SUMMARY_MATERIALIZER_V0.1,external+sha256://PENDING/luad-target-dossier/evidence-summary-v0.1/ART_SUMV01_SET_9C7750D42301093888A120CE/partitions/p4a/summary_records.jsonl,LOCAL_CONTENT_ADDRESSED_STAGING_PENDING_DURABLE_REGISTRATION,116,239,29513,EVIDENCE_SUMMARY_SCHEMA_V0.1,EVIDENCE_AGGREGATION_REPRESENTATION_V0.1,PASS
p4b,ENSEMBL_SHA256_PREFIX_2_V0.1,ART_SUMV01_SET_9C7750D42301093888A120CE,ART_SUMV01_FBA47BD10ED5571D6B280AFC,CLASS_D_LARGE_DATA_OBJECT,EVIDENCE_SUMMARY_JSONL_PAYLOAD,7132532,fba47bd10ed5571d6b280afc92634c891007ca130441e78b76a715549623ec00,EVIDENCE_SUMMARY_MATERIALIZER_V0.1,external+sha256://PENDING/luad-target-dossier/evidence-summary-v0.1/ART_SUMV01_SET_9C7750D42301093888A120CE/partitions/p4b/summary_records.jsonl,LOCAL_CONTENT_ADDRESSED_STAGING_PENDING_DURABLE_REGISTRATION,122,46,29005,EVIDENCE_SUMMARY_SCHEMA_V0.1,EVIDENCE_AGGREGATION_REPRESENTATION_V0.1,PASS
p4c,ENSEMBL_SHA256_PREFIX_2_V0.1,ART_SUMV01_SET_9C7750D42301093888A120CE,ART_SUMV01_85CDB01214682D6C1DB64215,CLASS_D_LARGE_DATA_OBJECT,EVIDENCE_SUMMARY_JSONL_PAYLOAD,7266698,85cdb01214682d6c1db642150172e980b73ce2dafbe9660c5bf67ad761b0c84f,EVIDENCE_SUMMARY_MATERIALIZER_V0.1,external+sha256://PENDING/luad-target-dossier/evidence-summary-v0.1/ART_SUMV01_SET_9C7750D42301093888A120CE/partitions/p4c/summary_records.jsonl,LOCAL_CONTENT_ADDRESSED_STAGING_PENDING_DURABLE_REGISTRATION,137,221,29020,EVIDENCE_SUMMARY_SCHEMA_V0.1,EVIDENCE_AGGREGATION_REPRESENTATION_V0.1,PASS
p4d,ENSEMBL_SHA256_PREFIX_2_V0.1,ART_SUMV01_SET_9C7750D42301093888A120CE,ART_SUMV01_2DAA8267D6236EC72806D3BE,CLASS_D_LARGE_DATA_OBJECT,EVIDENCE_SUMMARY_JSONL_PAYLOAD,5451075,2daa8267d6236ec72806d3bed4f764fc67b1e719ff7091a78adc898d5808695e,EVIDENCE_SUMMARY_MATERIALIZER_V0.1,external+sha256://PENDING/luad-target-dossier/evidence-summary-v0.1/ART_SUMV01_SET_9C7750D42301093888A120CE/partitions/p4d/summary_records.jsonl,LOCAL_CONTENT_ADDRESSED_STAGING_PENDING_DURABLE_REGISTRATION,112,117,29330,EVIDENCE_SUMMARY_SCHEMA_V0.1,EVIDENCE_AGGREGATION_REPRESENTATION_V0.1,PASS
p4e,ENSEMBL_SHA256_PREFIX_2_V0.1,ART_SUMV01_SET_9C7750D42301093888A120CE,ART_SUMV01_EA9A0A179439E5EE668F3A42,CLASS_D_LARGE_DATA_OBJECT,EVIDENCE_SUMMARY_JSONL_PAYLOAD,6340646,ea9a0a179439e5ee668f3a4292c8d35bb2f078bc695247f7fc1eab8906bdeace,EVIDENCE_SUMMARY_MATERIALIZER_V0.1,external+sha256://PENDING/luad-target-dossier/evidence-summary-v0.1/ART_SUMV01_SET_9C7750D42301093888A120CE/partitions/p4e/summary_records.jsonl,LOCAL_CONTENT_ADDRESSED_STAGING_PENDING_DURABLE_REGISTRATION,105,42,29519,EVIDENCE_SUMMARY_SCHEMA_V0.1,EVIDENCE_AGGREGATION_REPRESENTATION_V0.1,PASS
p4f,ENSEMBL_SHA256_PREFIX_2_V0.1,ART_SUMV01_SET_9C7750D42301093888A120CE,ART_SUMV01_8697B567EB5EFFD535A822B3,CLASS_D_LARGE_DATA_OBJECT,EVIDENCE_SUMMARY_JSONL_PAYLOAD,5918174,8697b567eb5effd535a822b3ec4f7c8ef4cfde691e1cf28f7a8c5b6e793bb7fb,EVIDENCE_SUMMARY_MATERIALIZER_V0.1,external+sha256://PENDING/luad-target-dossier/evidence-summary-v0.1/ART_SUMV01_SET_9C7750D42301093888A120CE/partitions/p4f/summary_records.jsonl,LOCAL_CONTENT_ADDRESSED_STAGING_PENDING_DURABLE_REGISTRATION,105,192,29415,EVIDENCE_SUMMARY_SCHEMA_V0.1,EVIDENCE_AGGREGATION_REPRESENTATION_V0.1,PASS
p50,ENSEMBL_SHA256_PREFIX_2_V0.1,ART_SUMV01_SET_9C7750D42301093888A120CE,ART_SUMV01_40264D7303B419BC505B93EB,CLASS_D_LARGE_DATA_OBJECT,EVIDENCE_SUMMARY_JSONL_PAYLOAD,12087986,40264d7303b419bc505b93eb69ab904198868dc7aae6a1297599baa59088c8c3,EVIDENCE_SUMMARY_MATERIALIZER_V0.1,external+sha256://PENDING/luad-target-dossier/evidence-summary-v0.1/ART_SUMV01_SET_9C7750D42301093888A120CE/partitions/p50/summary_records.jsonl,LOCAL_CONTENT_ADDRESSED_STAGING_PENDING_DURABLE_REGISTRATION,106,231,29446,EVIDENCE_SUMMARY_SCHEMA_V0.1,EVIDENCE_AGGREGATION_REPRESENTATION_V0.1,PASS
p51,ENSEMBL_SHA256_PREFIX_2_V0.1,ART_SUMV01_SET_9C7750D42301093888A120CE,ART_SUMV01_C0D5A1BC2CABC95762386CF8,CLASS_D_LARGE_DATA_OBJECT,EVIDENCE_SUMMARY_JSONL_PAYLOAD,10261483,c0d5a1bc2cabc95762386cf86305a8fdc539d8c3576957ad033d7194fb793af5,EVIDENCE_SUMMARY_MATERIALIZER_V0.1,external+sha256://PENDING/luad-target-dossier/evidence-summary-v0.1/ART_SUMV01_SET_9C7750D42301093888A120CE/partitions/p51/summary_records.jsonl,LOCAL_CONTENT_ADDRESSED_STAGING_PENDING_DURABLE_REGISTRATION,115,25,29356,EVIDENCE_SUMMARY_SCHEMA_V0.1,EVIDENCE_AGGREGATION_REPRESENTATION_V0.1,PASS
p52,ENSEMBL_SHA256_PREFIX_2_V0.1,ART_SUMV01_SET_9C7750D42301093888A120CE,ART_SUMV01_1AC8D6586F5F81883984A1C8,CLASS_D_LARGE_DATA_OBJECT,EVIDENCE_SUMMARY_JSONL_PAYLOAD,7965977,1ac8d6586f5f81883984a1c8e84263784265781c90c65f2fc29a3acaab9376ac,EVIDENCE_SUMMARY_MATERIALIZER_V0.1,external+sha256://PENDING/luad-target-dossier/evidence-summary-v0.1/ART_SUMV01_SET_9C7750D42301093888A120CE/partitions/p52/summary_records.jsonl,LOCAL_CONTENT_ADDRESSED_STAGING_PENDING_DURABLE_REGISTRATION,128,20,29084,EVIDENCE_SUMMARY_SCHEMA_V0.1,EVIDENCE_AGGREGATION_REPRESENTATION_V0.1,PASS
p53,ENSEMBL_SHA256_PREFIX_2_V0.1,ART_SUMV01_SET_9C7750D42301093888A120CE,ART_SUMV01_8C2FA894E3C43EA08DAD0898,CLASS_D_LARGE_DATA_OBJECT,EVIDENCE_SUMMARY_JSONL_PAYLOAD,6073271,8c2fa894e3c43ea08dad0898806a16d2c371ebfd46cebe4c548f54e8d52fe07d,EVIDENCE_SUMMARY_MATERIALIZER_V0.1,external+sha256://PENDING/luad-target-dossier/evidence-summary-v0.1/ART_SUMV01_SET_9C7750D42301093888A120CE/partitions/p53/summary_records.jsonl,LOCAL_CONTENT_ADDRESSED_STAGING_PENDING_DURABLE_REGISTRATION,108,167,29261,EVIDENCE_SUMMARY_SCHEMA_V0.1,EVIDENCE_AGGREGATION_REPRESENTATION_V0.1,PASS
p54,ENSEMBL_SHA256_PREFIX_2_V0.1,ART_SUMV01_SET_9C7750D42301093888A120CE,ART_SUMV01_E6C174495B49F3188DE6DC09,CLASS_D_LARGE_DATA_OBJECT,EVIDENCE_SUMMARY_JSONL_PAYLOAD,7152748,e6c174495b49f3188de6dc091ecf62cf7b4084fd29a3640ac674e2bbf5efe444,EVIDENCE_SUMMARY_MATERIALIZER_V0.1,external+sha256://PENDING/luad-target-dossier/evidence-summary-v0.1/ART_SUMV01_SET_9C7750D42301093888A120CE/partitions/p54/summary_records.jsonl,LOCAL_CONTENT_ADDRESSED_STAGING_PENDING_DURABLE_REGISTRATION,137,76,29491,EVIDENCE_SUMMARY_SCHEMA_V0.1,EVIDENCE_AGGREGATION_REPRESENTATION_V0.1,PASS
p55,ENSEMBL_SHA256_PREFIX_2_V0.1,ART_SUMV01_SET_9C7750D42301093888A120CE,ART_SUMV01_B46B386B2B442276F2A72B63,CLASS_D_LARGE_DATA_OBJECT,EVIDENCE_SUMMARY_JSONL_PAYLOAD,6693688,b46b386b2b442276f2a72b63e767e3c94243108226c00ae153f69eccbdb5cca3,EVIDENCE_SUMMARY_MATERIALIZER_V0.1,external+sha256://PENDING/luad-target-dossier/evidence-summary-v0.1/ART_SUMV01_SET_9C7750D42301093888A120CE/partitions/p55/summary_records.jsonl,LOCAL_CONTENT_ADDRESSED_STAGING_PENDING_DURABLE_REGISTRATION,118,146,29216,EVIDENCE_SUMMARY_SCHEMA_V0.1,EVIDENCE_AGGREGATION_REPRESENTATION_V0.1,PASS
p56,ENSEMBL_SHA256_PREFIX_2_V0.1,ART_SUMV01_SET_9C7750D42301093888A120CE,ART_SUMV01_E549672AC6C3A6AC689A622C,CLASS_D_LARGE_DATA_OBJECT,EVIDENCE_SUMMARY_JSONL_PAYLOAD,5483814,e549672ac6c3a6ac689a622cca30cf10c7b3824e88a431255a5ff5c8b80bc84b,EVIDENCE_SUMMARY_MATERIALIZER_V0.1,external+sha256://PENDING/luad-target-dossier/evidence-summary-v0.1/ART_SUMV01_SET_9C7750D42301093888A120CE/partitions/p56/summary_records.jsonl,LOCAL_CONTENT_ADDRESSED_STAGING_PENDING_DURABLE_REGISTRATION,117,102,29589,EVIDENCE_SUMMARY_SCHEMA_V0.1,EVIDENCE_AGGREGATION_REPRESENTATION_V0.1,PASS
p57,ENSEMBL_SHA256_PREFIX_2_V0.1,ART_SUMV01_SET_9C7750D42301093888A120CE,ART_SUMV01_7E6817B4121101F20AB254AD,CLASS_D_LARGE_DATA_OBJECT,EVIDENCE_SUMMARY_JSONL_PAYLOAD,5811004,7e6817b4121101f20ab254adaa52b228820ac1ecbeb1071cbaeb6ee6eba9ba29,EVIDENCE_SUMMARY_MATERIALIZER_V0.1,external+sha256://PENDING/luad-target-dossier/evidence-summary-v0.1/ART_SUMV01_SET_9C7750D42301093888A120CE/partitions/p57/summary_records.jsonl,LOCAL_CONTENT_ADDRESSED_STAGING_PENDING_DURABLE_REGISTRATION,111,415,29594,EVIDENCE_SUMMARY_SCHEMA_V0.1,EVIDENCE_AGGREGATION_REPRESENTATION_V0.1,PASS
p58,ENSEMBL_SHA256_PREFIX_2_V0.1,ART_SUMV01_SET_9C7750D42301093888A120CE,ART_SUMV01_7CAFF1278CF98625F1B4B136,CLASS_D_LARGE_DATA_OBJECT,EVIDENCE_SUMMARY_JSONL_PAYLOAD,8376390,7caff1278cf98625f1b4b136acbf8208de278ed71a2ddfb1ac963de39f8f0430,EVIDENCE_SUMMARY_MATERIALIZER_V0.1,external+sha256://PENDING/luad-target-dossier/evidence-summary-v0.1/ART_SUMV01_SET_9C7750D42301093888A120CE/partitions/p58/summary_records.jsonl,LOCAL_CONTENT_ADDRESSED_STAGING_PENDING_DURABLE_REGISTRATION,117,158,29507,EVIDENCE_SUMMARY_SCHEMA_V0.1,EVIDENCE_AGGREGATION_REPRESENTATION_V0.1,PASS
p59,ENSEMBL_SHA256_PREFIX_2_V0.1,ART_SUMV01_SET_9C7750D42301093888A120CE,ART_SUMV01_8FD0F31A676D92C1DE805961,CLASS_D_LARGE_DATA_OBJECT,EVIDENCE_SUMMARY_JSONL_PAYLOAD,7967208,8fd0f31a676d92c1de8059616e3fe38ce4448815987767f529f8004e2db44f35,EVIDENCE_SUMMARY_MATERIALIZER_V0.1,external+sha256://PENDING/luad-target-dossier/evidence-summary-v0.1/ART_SUMV01_SET_9C7750D42301093888A120CE/partitions/p59/summary_records.jsonl,LOCAL_CONTENT_ADDRESSED_STAGING_PENDING_DURABLE_REGISTRATION,119,189,29565,EVIDENCE_SUMMARY_SCHEMA_V0.1,EVIDENCE_AGGREGATION_REPRESENTATION_V0.1,PASS
p5a,ENSEMBL_SHA256_PREFIX_2_V0.1,ART_SUMV01_SET_9C7750D42301093888A120CE,ART_SUMV01_EF33E51A6ED5B36C3F9BB550,CLASS_D_LARGE_DATA_OBJECT,EVIDENCE_SUMMARY_JSONL_PAYLOAD,5893308,ef33e51a6ed5b36c3f9bb550308e11abce4f0bb106d05208cdc53970b22ffc6e,EVIDENCE_SUMMARY_MATERIALIZER_V0.1,external+sha256://PENDING/luad-target-dossier/evidence-summary-v0.1/ART_SUMV01_SET_9C7750D42301093888A120CE/partitions/p5a/summary_records.jsonl,LOCAL_CONTENT_ADDRESSED_STAGING_PENDING_DURABLE_REGISTRATION,103,179,29566,EVIDENCE_SUMMARY_SCHEMA_V0.1,EVIDENCE_AGGREGATION_REPRESENTATION_V0.1,PASS
p5b,ENSEMBL_SHA256_PREFIX_2_V0.1,ART_SUMV01_SET_9C7750D42301093888A120CE,ART_SUMV01_5017AFF5F5791B41EC27D141,CLASS_D_LARGE_DATA_OBJECT,EVIDENCE_SUMMARY_JSONL_PAYLOAD,7700143,5017aff5f5791b41ec27d141e51e06e26846f4ab1636d7029157179b73d028fb,EVIDENCE_SUMMARY_MATERIALIZER_V0.1,external+sha256://PENDING/luad-target-dossier/evidence-summary-v0.1/ART_SUMV01_SET_9C7750D42301093888A120CE/partitions/p5b/summary_records.jsonl,LOCAL_CONTENT_ADDRESSED_STAGING_PENDING_DURABLE_REGISTRATION,130,141,28803,EVIDENCE_SUMMARY_SCHEMA_V0.1,EVIDENCE_AGGREGATION_REPRESENTATION_V0.1,PASS
p5c,ENSEMBL_SHA256_PREFIX_2_V0.1,ART_SUMV01_SET_9C7750D42301093888A120CE,ART_SUMV01_513432EBFBC726E198121EBB,CLASS_D_LARGE_DATA_OBJECT,EVIDENCE_SUMMARY_JSONL_PAYLOAD,31963676,513432ebfbc726e198121ebb46ab26a1e049d73b1b1fe3853fb553768108d85e,EVIDENCE_SUMMARY_MATERIALIZER_V0.1,external+sha256://PENDING/luad-target-dossier/evidence-summary-v0.1/ART_SUMV01_SET_9C7750D42301093888A120CE/partitions/p5c/summary_records.jsonl,LOCAL_CONTENT_ADDRESSED_STAGING_PENDING_DURABLE_REGISTRATION,120,255,29548,EVIDENCE_SUMMARY_SCHEMA_V0.1,EVIDENCE_AGGREGATION_REPRESENTATION_V0.1,PASS
p5d,ENSEMBL_SHA256_PREFIX_2_V0.1,ART_SUMV01_SET_9C7750D42301093888A120CE,ART_SUMV01_78FAB3572477DC2A2723C1FE,CLASS_D_LARGE_DATA_OBJECT,EVIDENCE_SUMMARY_JSONL_PAYLOAD,5693179,78fab3572477dc2a2723c1fe015aca35c373c8e341c993a84ab4b4583fd6e804,EVIDENCE_SUMMARY_MATERIALIZER_V0.1,external+sha256://PENDING/luad-target-dossier/evidence-summary-v0.1/ART_SUMV01_SET_9C7750D42301093888A120CE/partitions/p5d/summary_records.jsonl,LOCAL_CONTENT_ADDRESSED_STAGING_PENDING_DURABLE_REGISTRATION,105,143,29295,EVIDENCE_SUMMARY_SCHEMA_V0.1,EVIDENCE_AGGREGATION_REPRESENTATION_V0.1,PASS
p5e,ENSEMBL_SHA256_PREFIX_2_V0.1,ART_SUMV01_SET_9C7750D42301093888A120CE,ART_SUMV01_B096084E7437E588C03CD878,CLASS_D_LARGE_DATA_OBJECT,EVIDENCE_SUMMARY_JSONL_PAYLOAD,5891993,b096084e7437e588c03cd8787fff27ebc0141a069615942e0cb2bf060c523a34,EVIDENCE_SUMMARY_MATERIALIZER_V0.1,external+sha256://PENDING/luad-target-dossier/evidence-summary-v0.1/ART_SUMV01_SET_9C7750D42301093888A120CE/partitions/p5e/summary_records.jsonl,LOCAL_CONTENT_ADDRESSED_STAGING_PENDING_DURABLE_REGISTRATION,113,257,29339,EVIDENCE_SUMMARY_SCHEMA_V0.1,EVIDENCE_AGGREGATION_REPRESENTATION_V0.1,PASS
p5f,ENSEMBL_SHA256_PREFIX_2_V0.1,ART_SUMV01_SET_9C7750D42301093888A120CE,ART_SUMV01_FA90659DCCF92C4CD3FCC668,CLASS_D_LARGE_DATA_OBJECT,EVIDENCE_SUMMARY_JSONL_PAYLOAD,6220635,fa90659dccf92c4cd3fcc66820254a0c03515e1c8e74ab5a18c5d1809e37bd2a,EVIDENCE_SUMMARY_MATERIALIZER_V0.1,external+sha256://PENDING/luad-target-dossier/evidence-summary-v0.1/ART_SUMV01_SET_9C7750D42301093888A120CE/partitions/p5f/summary_records.jsonl,LOCAL_CONTENT_ADDRESSED_STAGING_PENDING_DURABLE_REGISTRATION,104,203,29606,EVIDENCE_SUMMARY_SCHEMA_V0.1,EVIDENCE_AGGREGATION_REPRESENTATION_V0.1,PASS
p60,ENSEMBL_SHA256_PREFIX_2_V0.1,ART_SUMV01_SET_9C7750D42301093888A120CE,ART_SUMV01_723E3B885445C5951D522B7E,CLASS_D_LARGE_DATA_OBJECT,EVIDENCE_SUMMARY_JSONL_PAYLOAD,7365183,723e3b885445c5951d522b7e17c8544d027b0f6fba90af681a966b12b8912854,EVIDENCE_SUMMARY_MATERIALIZER_V0.1,external+sha256://PENDING/luad-target-dossier/evidence-summary-v0.1/ART_SUMV01_SET_9C7750D42301093888A120CE/partitions/p60/summary_records.jsonl,LOCAL_CONTENT_ADDRESSED_STAGING_PENDING_DURABLE_REGISTRATION,124,16,29590,EVIDENCE_SUMMARY_SCHEMA_V0.1,EVIDENCE_AGGREGATION_REPRESENTATION_V0.1,PASS
p61,ENSEMBL_SHA256_PREFIX_2_V0.1,ART_SUMV01_SET_9C7750D42301093888A120CE,ART_SUMV01_570B30E2663C91486075A748,CLASS_D_LARGE_DATA_OBJECT,EVIDENCE_SUMMARY_JSONL_PAYLOAD,7027826,570b30e2663c91486075a748d1ce6792687a33ef83c986e0a86dd6a6e018834a,EVIDENCE_SUMMARY_MATERIALIZER_V0.1,external+sha256://PENDING/luad-target-dossier/evidence-summary-v0.1/ART_SUMV01_SET_9C7750D42301093888A120CE/partitions/p61/summary_records.jsonl,LOCAL_CONTENT_ADDRESSED_STAGING_PENDING_DURABLE_REGISTRATION,102,191,28922,EVIDENCE_SUMMARY_SCHEMA_V0.1,EVIDENCE_AGGREGATION_REPRESENTATION_V0.1,PASS
p62,ENSEMBL_SHA256_PREFIX_2_V0.1,ART_SUMV01_SET_9C7750D42301093888A120CE,ART_SUMV01_D823419FA9FE4FEE4FFF6D46,CLASS_D_LARGE_DATA_OBJECT,EVIDENCE_SUMMARY_JSONL_PAYLOAD,7489342,d823419fa9fe4fee4fff6d46328fd6c2a49e24c90781be2ba824fa6e405bd76c,EVIDENCE_SUMMARY_MATERIALIZER_V0.1,external+sha256://PENDING/luad-target-dossier/evidence-summary-v0.1/ART_SUMV01_SET_9C7750D42301093888A120CE/partitions/p62/summary_records.jsonl,LOCAL_CONTENT_ADDRESSED_STAGING_PENDING_DURABLE_REGISTRATION,129,53,29524,EVIDENCE_SUMMARY_SCHEMA_V0.1,EVIDENCE_AGGREGATION_REPRESENTATION_V0.1,PASS
p63,ENSEMBL_SHA256_PREFIX_2_V0.1,ART_SUMV01_SET_9C7750D42301093888A120CE,ART_SUMV01_95A1097DFF9DA4F49A6DD552,CLASS_D_LARGE_DATA_OBJECT,EVIDENCE_SUMMARY_JSONL_PAYLOAD,6264851,95a1097dff9da4f49a6dd552e14d425f2319b9e01493c2080c713e0cfe4f1870,EVIDENCE_SUMMARY_MATERIALIZER_V0.1,external+sha256://PENDING/luad-target-dossier/evidence-summary-v0.1/ART_SUMV01_SET_9C7750D42301093888A120CE/partitions/p63/summary_records.jsonl,LOCAL_CONTENT_ADDRESSED_STAGING_PENDING_DURABLE_REGISTRATION,125,115,29412,EVIDENCE_SUMMARY_SCHEMA_V0.1,EVIDENCE_AGGREGATION_REPRESENTATION_V0.1,PASS
p64,ENSEMBL_SHA256_PREFIX_2_V0.1,ART_SUMV01_SET_9C7750D42301093888A120CE,ART_SUMV01_50A4DBAB19B18466A388FA90,CLASS_D_LARGE_DATA_OBJECT,EVIDENCE_SUMMARY_JSONL_PAYLOAD,5486241,50a4dbab19b18466a388fa90f85739984e2e7188de53c0d3b2411051b2786c2c,EVIDENCE_SUMMARY_MATERIALIZER_V0.1,external+sha256://PENDING/luad-target-dossier/evidence-summary-v0.1/ART_SUMV01_SET_9C7750D42301093888A120CE/partitions/p64/summary_records.jsonl,LOCAL_CONTENT_ADDRESSED_STAGING_PENDING_DURABLE_REGISTRATION,101,80,29576,EVIDENCE_SUMMARY_SCHEMA_V0.1,EVIDENCE_AGGREGATION_REPRESENTATION_V0.1,PASS
p65,ENSEMBL_SHA256_PREFIX_2_V0.1,ART_SUMV01_SET_9C7750D42301093888A120CE,ART_SUMV01_77837D0BD42004CB7CDE4E98,CLASS_D_LARGE_DATA_OBJECT,EVIDENCE_SUMMARY_JSONL_PAYLOAD,5727366,77837d0bd42004cb7cde4e98f7e6c46eff0ceac4cdafcfd2295a94d2e2b416cd,EVIDENCE_SUMMARY_MATERIALIZER_V0.1,external+sha256://PENDING/luad-target-dossier/evidence-summary-v0.1/ART_SUMV01_SET_9C7750D42301093888A120CE/partitions/p65/summary_records.jsonl,LOCAL_CONTENT_ADDRESSED_STAGING_PENDING_DURABLE_REGISTRATION,113,164,29207,EVIDENCE_SUMMARY_SCHEMA_V0.1,EVIDENCE_AGGREGATION_REPRESENTATION_V0.1,PASS
p66,ENSEMBL_SHA256_PREFIX_2_V0.1,ART_SUMV01_SET_9C7750D42301093888A120CE,ART_SUMV01_44ECDF370D82E902054DBB2B,CLASS_D_LARGE_DATA_OBJECT,EVIDENCE_SUMMARY_JSONL_PAYLOAD,6505578,44ecdf370d82e902054dbb2b70934909379af6353debd9885d7a1005e3c984ab,EVIDENCE_SUMMARY_MATERIALIZER_V0.1,external+sha256://PENDING/luad-target-dossier/evidence-summary-v0.1/ART_SUMV01_SET_9C7750D42301093888A120CE/partitions/p66/summary_records.jsonl,LOCAL_CONTENT_ADDRESSED_STAGING_PENDING_DURABLE_REGISTRATION,137,296,29232,EVIDENCE_SUMMARY_SCHEMA_V0.1,EVIDENCE_AGGREGATION_REPRESENTATION_V0.1,PASS
p67,ENSEMBL_SHA256_PREFIX_2_V0.1,ART_SUMV01_SET_9C7750D42301093888A120CE,ART_SUMV01_36D5385E0F601905ACAC270B,CLASS_D_LARGE_DATA_OBJECT,EVIDENCE_SUMMARY_JSONL_PAYLOAD,9314030,36d5385e0f601905acac270bd10be80978068e1210f3307604b002148e9cfba5,EVIDENCE_SUMMARY_MATERIALIZER_V0.1,external+sha256://PENDING/luad-target-dossier/evidence-summary-v0.1/ART_SUMV01_SET_9C7750D42301093888A120CE/partitions/p67/summary_records.jsonl,LOCAL_CONTENT_ADDRESSED_STAGING_PENDING_DURABLE_REGISTRATION,119,165,29063,EVIDENCE_SUMMARY_SCHEMA_V0.1,EVIDENCE_AGGREGATION_REPRESENTATION_V0.1,PASS
p68,ENSEMBL_SHA256_PREFIX_2_V0.1,ART_SUMV01_SET_9C7750D42301093888A120CE,ART_SUMV01_037475C5B35E4002B59B3D83,CLASS_D_LARGE_DATA_OBJECT,EVIDENCE_SUMMARY_JSONL_PAYLOAD,6368235,037475c5b35e4002b59b3d8357031a87ec755c578ae7f753bc407496299afe3b,EVIDENCE_SUMMARY_MATERIALIZER_V0.1,external+sha256://PENDING/luad-target-dossier/evidence-summary-v0.1/ART_SUMV01_SET_9C7750D42301093888A120CE/partitions/p68/summary_records.jsonl,LOCAL_CONTENT_ADDRESSED_STAGING_PENDING_DURABLE_REGISTRATION,122,7,29302,EVIDENCE_SUMMARY_SCHEMA_V0.1,EVIDENCE_AGGREGATION_REPRESENTATION_V0.1,PASS
p69,ENSEMBL_SHA256_PREFIX_2_V0.1,ART_SUMV01_SET_9C7750D42301093888A120CE,ART_SUMV01_162F83F62A98AC4DF405218D,CLASS_D_LARGE_DATA_OBJECT,EVIDENCE_SUMMARY_JSONL_PAYLOAD,5687140,162f83f62a98ac4df405218d9399a0fd0b7aa02dea95616035c06db022941f1f,EVIDENCE_SUMMARY_MATERIALIZER_V0.1,external+sha256://PENDING/luad-target-dossier/evidence-summary-v0.1/ART_SUMV01_SET_9C7750D42301093888A120CE/partitions/p69/summary_records.jsonl,LOCAL_CONTENT_ADDRESSED_STAGING_PENDING_DURABLE_REGISTRATION,102,1204,29592,EVIDENCE_SUMMARY_SCHEMA_V0.1,EVIDENCE_AGGREGATION_REPRESENTATION_V0.1,PASS
p6a,ENSEMBL_SHA256_PREFIX_2_V0.1,ART_SUMV01_SET_9C7750D42301093888A120CE,ART_SUMV01_A6BBA4B62239C86771D8B2CE,CLASS_D_LARGE_DATA_OBJECT,EVIDENCE_SUMMARY_JSONL_PAYLOAD,11796575,a6bba4b62239c86771d8b2ce7264e70b7b01a2c0c50b94c8c78d0a245cf4c63d,EVIDENCE_SUMMARY_MATERIALIZER_V0.1,external+sha256://PENDING/luad-target-dossier/evidence-summary-v0.1/ART_SUMV01_SET_9C7750D42301093888A120CE/partitions/p6a/summary_records.jsonl,LOCAL_CONTENT_ADDRESSED_STAGING_PENDING_DURABLE_REGISTRATION,125,93,29106,EVIDENCE_SUMMARY_SCHEMA_V0.1,EVIDENCE_AGGREGATION_REPRESENTATION_V0.1,PASS
p6b,ENSEMBL_SHA256_PREFIX_2_V0.1,ART_SUMV01_SET_9C7750D42301093888A120CE,ART_SUMV01_3142ED1D50785B0877775152,CLASS_D_LARGE_DATA_OBJECT,EVIDENCE_SUMMARY_JSONL_PAYLOAD,5846143,3142ed1d50785b0877775152bce2f108ac65da9a38c2c77d239d47635f35ea6f,EVIDENCE_SUMMARY_MATERIALIZER_V0.1,external+sha256://PENDING/luad-target-dossier/evidence-summary-v0.1/ART_SUMV01_SET_9C7750D42301093888A120CE/partitions/p6b/summary_records.jsonl,LOCAL_CONTENT_ADDRESSED_STAGING_PENDING_DURABLE_REGISTRATION,118,33,29603,EVIDENCE_SUMMARY_SCHEMA_V0.1,EVIDENCE_AGGREGATION_REPRESENTATION_V0.1,PASS
p6c,ENSEMBL_SHA256_PREFIX_2_V0.1,ART_SUMV01_SET_9C7750D42301093888A120CE,ART_SUMV01_1FCE3781DC386F58B895D754,CLASS_D_LARGE_DATA_OBJECT,EVIDENCE_SUMMARY_JSONL_PAYLOAD,6573504,1fce3781dc386f58b895d754f89650bcf5a52e4c525921dcaf6119152e7ec84a,EVIDENCE_SUMMARY_MATERIALIZER_V0.1,external+sha256://PENDING/luad-target-dossier/evidence-summary-v0.1/ART_SUMV01_SET_9C7750D42301093888A120CE/partitions/p6c/summary_records.jsonl,LOCAL_CONTENT_ADDRESSED_STAGING_PENDING_DURABLE_REGISTRATION,121,136,28954,EVIDENCE_SUMMARY_SCHEMA_V0.1,EVIDENCE_AGGREGATION_REPRESENTATION_V0.1,PASS
p6d,ENSEMBL_SHA256_PREFIX_2_V0.1,ART_SUMV01_SET_9C7750D42301093888A120CE,ART_SUMV01_2E86FC1191DCDC05CEED877F,CLASS_D_LARGE_DATA_OBJECT,EVIDENCE_SUMMARY_JSONL_PAYLOAD,8465493,2e86fc1191dcdc05ceed877f77921242c4b908ddebed5f11378156099a91ce45,EVIDENCE_SUMMARY_MATERIALIZER_V0.1,external+sha256://PENDING/luad-target-dossier/evidence-summary-v0.1/ART_SUMV01_SET_9C7750D42301093888A120CE/partitions/p6d/summary_records.jsonl,LOCAL_CONTENT_ADDRESSED_STAGING_PENDING_DURABLE_REGISTRATION,128,220,29527,EVIDENCE_SUMMARY_SCHEMA_V0.1,EVIDENCE_AGGREGATION_REPRESENTATION_V0.1,PASS
p6e,ENSEMBL_SHA256_PREFIX_2_V0.1,ART_SUMV01_SET_9C7750D42301093888A120CE,ART_SUMV01_6C08EFBAC4BD72EC8DB1E5ED,CLASS_D_LARGE_DATA_OBJECT,EVIDENCE_SUMMARY_JSONL_PAYLOAD,6238933,6c08efbac4bd72ec8db1e5ed67ce7ad9a0f70c90d52f627327cce423dc8f615d,EVIDENCE_SUMMARY_MATERIALIZER_V0.1,external+sha256://PENDING/luad-target-dossier/evidence-summary-v0.1/ART_SUMV01_SET_9C7750D42301093888A120CE/partitions/p6e/summary_records.jsonl,LOCAL_CONTENT_ADDRESSED_STAGING_PENDING_DURABLE_REGISTRATION,123,339,29545,EVIDENCE_SUMMARY_SCHEMA_V0.1,EVIDENCE_AGGREGATION_REPRESENTATION_V0.1,PASS
p6f,ENSEMBL_SHA256_PREFIX_2_V0.1,ART_SUMV01_SET_9C7750D42301093888A120CE,ART_SUMV01_61CB9AAB027E094687531143,CLASS_D_LARGE_DATA_OBJECT,EVIDENCE_SUMMARY_JSONL_PAYLOAD,6939755,61cb9aab027e0946875311430c56bd8362de2bed248ba0f2cfab2f3f3aa8ddf1,EVIDENCE_SUMMARY_MATERIALIZER_V0.1,external+sha256://PENDING/luad-target-dossier/evidence-summary-v0.1/ART_SUMV01_SET_9C7750D42301093888A120CE/partitions/p6f/summary_records.jsonl,LOCAL_CONTENT_ADDRESSED_STAGING_PENDING_DURABLE_REGISTRATION,112,245,29458,EVIDENCE_SUMMARY_SCHEMA_V0.1,EVIDENCE_AGGREGATION_REPRESENTATION_V0.1,PASS
p70,ENSEMBL_SHA256_PREFIX_2_V0.1,ART_SUMV01_SET_9C7750D42301093888A120CE,ART_SUMV01_95BCFCA58B8594BBC8088AD2,CLASS_D_LARGE_DATA_OBJECT,EVIDENCE_SUMMARY_JSONL_PAYLOAD,6154301,95bcfca58b8594bbc8088ad22fe5ea2fcc8cba3d16c0cab97b100801085831f1,EVIDENCE_SUMMARY_MATERIALIZER_V0.1,external+sha256://PENDING/luad-target-dossier/evidence-summary-v0.1/ART_SUMV01_SET_9C7750D42301093888A120CE/partitions/p70/summary_records.jsonl,LOCAL_CONTENT_ADDRESSED_STAGING_PENDING_DURABLE_REGISTRATION,104,149,29601,EVIDENCE_SUMMARY_SCHEMA_V0.1,EVIDENCE_AGGREGATION_REPRESENTATION_V0.1,PASS
p71,ENSEMBL_SHA256_PREFIX_2_V0.1,ART_SUMV01_SET_9C7750D42301093888A120CE,ART_SUMV01_1D4931B12A12A62A4A7EC2DB,CLASS_D_LARGE_DATA_OBJECT,EVIDENCE_SUMMARY_JSONL_PAYLOAD,9167453,1d4931b12a12a62a4a7ec2db5070336251bc898167fb70f0e90b8b74ff6cfd3f,EVIDENCE_SUMMARY_MATERIALIZER_V0.1,external+sha256://PENDING/luad-target-dossier/evidence-summary-v0.1/ART_SUMV01_SET_9C7750D42301093888A120CE/partitions/p71/summary_records.jsonl,LOCAL_CONTENT_ADDRESSED_STAGING_PENDING_DURABLE_REGISTRATION,131,254,29579,EVIDENCE_SUMMARY_SCHEMA_V0.1,EVIDENCE_AGGREGATION_REPRESENTATION_V0.1,PASS
p72,ENSEMBL_SHA256_PREFIX_2_V0.1,ART_SUMV01_SET_9C7750D42301093888A120CE,ART_SUMV01_F2CB5F83C7C71192C4CB0D7D,CLASS_D_LARGE_DATA_OBJECT,EVIDENCE_SUMMARY_JSONL_PAYLOAD,6713035,f2cb5f83c7c71192c4cb0d7d53801452b25004039bcca6ce3b0fd16b68affb83,EVIDENCE_SUMMARY_MATERIALIZER_V0.1,external+sha256://PENDING/luad-target-dossier/evidence-summary-v0.1/ART_SUMV01_SET_9C7750D42301093888A120CE/partitions/p72/summary_records.jsonl,LOCAL_CONTENT_ADDRESSED_STAGING_PENDING_DURABLE_REGISTRATION,130,89,29564,EVIDENCE_SUMMARY_SCHEMA_V0.1,EVIDENCE_AGGREGATION_REPRESENTATION_V0.1,PASS
p73,ENSEMBL_SHA256_PREFIX_2_V0.1,ART_SUMV01_SET_9C7750D42301093888A120CE,ART_SUMV01_7E8F11650119140BF9D483B0,CLASS_D_LARGE_DATA_OBJECT,EVIDENCE_SUMMARY_JSONL_PAYLOAD,6054656,7e8f11650119140bf9d483b05827584ef52c5366929cf2d1ca2eb8629b54de4e,EVIDENCE_SUMMARY_MATERIALIZER_V0.1,external+sha256://PENDING/luad-target-dossier/evidence-summary-v0.1/ART_SUMV01_SET_9C7750D42301093888A120CE/partitions/p73/summary_records.jsonl,LOCAL_CONTENT_ADDRESSED_STAGING_PENDING_DURABLE_REGISTRATION,121,993,29215,EVIDENCE_SUMMARY_SCHEMA_V0.1,EVIDENCE_AGGREGATION_REPRESENTATION_V0.1,PASS
p74,ENSEMBL_SHA256_PREFIX_2_V0.1,ART_SUMV01_SET_9C7750D42301093888A120CE,ART_SUMV01_6F9C70A782E6D64AE28C92E6,CLASS_D_LARGE_DATA_OBJECT,EVIDENCE_SUMMARY_JSONL_PAYLOAD,6823868,6f9c70a782e6d64ae28c92e65e5862f251093ae105822de0ea52b7f1f89d15a3,EVIDENCE_SUMMARY_MATERIALIZER_V0.1,external+sha256://PENDING/luad-target-dossier/evidence-summary-v0.1/ART_SUMV01_SET_9C7750D42301093888A120CE/partitions/p74/summary_records.jsonl,LOCAL_CONTENT_ADDRESSED_STAGING_PENDING_DURABLE_REGISTRATION,113,96,29486,EVIDENCE_SUMMARY_SCHEMA_V0.1,EVIDENCE_AGGREGATION_REPRESENTATION_V0.1,PASS
p75,ENSEMBL_SHA256_PREFIX_2_V0.1,ART_SUMV01_SET_9C7750D42301093888A120CE,ART_SUMV01_0EDBD1FCB54B24D5EC36A1C8,CLASS_D_LARGE_DATA_OBJECT,EVIDENCE_SUMMARY_JSONL_PAYLOAD,5273052,0edbd1fcb54b24d5ec36a1c8b23d18a965c7e69aa592f136924a9a64a1a4dce7,EVIDENCE_SUMMARY_MATERIALIZER_V0.1,external+sha256://PENDING/luad-target-dossier/evidence-summary-v0.1/ART_SUMV01_SET_9C7750D42301093888A120CE/partitions/p75/summary_records.jsonl,LOCAL_CONTENT_ADDRESSED_STAGING_PENDING_DURABLE_REGISTRATION,111,504,29103,EVIDENCE_SUMMARY_SCHEMA_V0.1,EVIDENCE_AGGREGATION_REPRESENTATION_V0.1,PASS
p76,ENSEMBL_SHA256_PREFIX_2_V0.1,ART_SUMV01_SET_9C7750D42301093888A120CE,ART_SUMV01_081924BC1F9A10EADECA0082,CLASS_D_LARGE_DATA_OBJECT,EVIDENCE_SUMMARY_JSONL_PAYLOAD,6723298,081924bc1f9a10eadeca008281b5209fd1054157c7b565fa51742fcf13d5f715,EVIDENCE_SUMMARY_MATERIALIZER_V0.1,external+sha256://PENDING/luad-target-dossier/evidence-summary-v0.1/ART_SUMV01_SET_9C7750D42301093888A120CE/partitions/p76/summary_records.jsonl,LOCAL_CONTENT_ADDRESSED_STAGING_PENDING_DURABLE_REGISTRATION,129,156,29450,EVIDENCE_SUMMARY_SCHEMA_V0.1,EVIDENCE_AGGREGATION_REPRESENTATION_V0.1,PASS
p77,ENSEMBL_SHA256_PREFIX_2_V0.1,ART_SUMV01_SET_9C7750D42301093888A120CE,ART_SUMV01_D764150048F1B1197B71BF86,CLASS_D_LARGE_DATA_OBJECT,EVIDENCE_SUMMARY_JSONL_PAYLOAD,5419253,d764150048f1b1197b71bf868756a98d46296a46a0b615463bf0b3e3b84128a6,EVIDENCE_SUMMARY_MATERIALIZER_V0.1,external+sha256://PENDING/luad-target-dossier/evidence-summary-v0.1/ART_SUMV01_SET_9C7750D42301093888A120CE/partitions/p77/summary_records.jsonl,LOCAL_CONTENT_ADDRESSED_STAGING_PENDING_DURABLE_REGISTRATION,110,289,29250,EVIDENCE_SUMMARY_SCHEMA_V0.1,EVIDENCE_AGGREGATION_REPRESENTATION_V0.1,PASS
p78,ENSEMBL_SHA256_PREFIX_2_V0.1,ART_SUMV01_SET_9C7750D42301093888A120CE,ART_SUMV01_5042192E7F16D05FC725BFB0,CLASS_D_LARGE_DATA_OBJECT,EVIDENCE_SUMMARY_JSONL_PAYLOAD,5873510,5042192e7f16d05fc725bfb0a3a56fea4715c94551552990a437bb1b66f27e4e,EVIDENCE_SUMMARY_MATERIALIZER_V0.1,external+sha256://PENDING/luad-target-dossier/evidence-summary-v0.1/ART_SUMV01_SET_9C7750D42301093888A120CE/partitions/p78/summary_records.jsonl,LOCAL_CONTENT_ADDRESSED_STAGING_PENDING_DURABLE_REGISTRATION,111,282,29366,EVIDENCE_SUMMARY_SCHEMA_V0.1,EVIDENCE_AGGREGATION_REPRESENTATION_V0.1,PASS
p79,ENSEMBL_SHA256_PREFIX_2_V0.1,ART_SUMV01_SET_9C7750D42301093888A120CE,ART_SUMV01_0486D2A47875242BCF837D13,CLASS_D_LARGE_DATA_OBJECT,EVIDENCE_SUMMARY_JSONL_PAYLOAD,7961233,0486d2a47875242bcf837d13f4b10ee39f759d8fc5b3ec8640b111f0e5d9d3c6,EVIDENCE_SUMMARY_MATERIALIZER_V0.1,external+sha256://PENDING/luad-target-dossier/evidence-summary-v0.1/ART_SUMV01_SET_9C7750D42301093888A120CE/partitions/p79/summary_records.jsonl,LOCAL_CONTENT_ADDRESSED_STAGING_PENDING_DURABLE_REGISTRATION,121,219,29496,EVIDENCE_SUMMARY_SCHEMA_V0.1,EVIDENCE_AGGREGATION_REPRESENTATION_V0.1,PASS
p7a,ENSEMBL_SHA256_PREFIX_2_V0.1,ART_SUMV01_SET_9C7750D42301093888A120CE,ART_SUMV01_F84BF86CEEE478B452B51F56,CLASS_D_LARGE_DATA_OBJECT,EVIDENCE_SUMMARY_JSONL_PAYLOAD,6932719,f84bf86ceee478b452b51f56f9088236de165cd84ff13147cfa4d04b95118558,EVIDENCE_SUMMARY_MATERIALIZER_V0.1,external+sha256://PENDING/luad-target-dossier/evidence-summary-v0.1/ART_SUMV01_SET_9C7750D42301093888A120CE/partitions/p7a/summary_records.jsonl,LOCAL_CONTENT_ADDRESSED_STAGING_PENDING_DURABLE_REGISTRATION,122,92,29528,EVIDENCE_SUMMARY_SCHEMA_V0.1,EVIDENCE_AGGREGATION_REPRESENTATION_V0.1,PASS
p7b,ENSEMBL_SHA256_PREFIX_2_V0.1,ART_SUMV01_SET_9C7750D42301093888A120CE,ART_SUMV01_175C70686B2DAD128F7FA13E,CLASS_D_LARGE_DATA_OBJECT,EVIDENCE_SUMMARY_JSONL_PAYLOAD,5531684,175c70686b2dad128f7fa13eee9926e31d072eea2921138731aa5d6c0f82576f,EVIDENCE_SUMMARY_MATERIALIZER_V0.1,external+sha256://PENDING/luad-target-dossier/evidence-summary-v0.1/ART_SUMV01_SET_9C7750D42301093888A120CE/partitions/p7b/summary_records.jsonl,LOCAL_CONTENT_ADDRESSED_STAGING_PENDING_DURABLE_REGISTRATION,107,253,29342,EVIDENCE_SUMMARY_SCHEMA_V0.1,EVIDENCE_AGGREGATION_REPRESENTATION_V0.1,PASS
p7c,ENSEMBL_SHA256_PREFIX_2_V0.1,ART_SUMV01_SET_9C7750D42301093888A120CE,ART_SUMV01_030CD5564ED0C743AF496B45,CLASS_D_LARGE_DATA_OBJECT,EVIDENCE_SUMMARY_JSONL_PAYLOAD,6769432,030cd5564ed0c743af496b45f428b140c284561e08911a407a3d650a70c841fb,EVIDENCE_SUMMARY_MATERIALIZER_V0.1,external+sha256://PENDING/luad-target-dossier/evidence-summary-v0.1/ART_SUMV01_SET_9C7750D42301093888A120CE/partitions/p7c/summary_records.jsonl,LOCAL_CONTENT_ADDRESSED_STAGING_PENDING_DURABLE_REGISTRATION,130,400,29473,EVIDENCE_SUMMARY_SCHEMA_V0.1,EVIDENCE_AGGREGATION_REPRESENTATION_V0.1,PASS
p7d,ENSEMBL_SHA256_PREFIX_2_V0.1,ART_SUMV01_SET_9C7750D42301093888A120CE,ART_SUMV01_98820F35A805965E541B455C,CLASS_D_LARGE_DATA_OBJECT,EVIDENCE_SUMMARY_JSONL_PAYLOAD,6016278,98820f35a805965e541b455cd096e2036efdb1b7a996bfb2f9d8084f9ab59fa6,EVIDENCE_SUMMARY_MATERIALIZER_V0.1,external+sha256://PENDING/luad-target-dossier/evidence-summary-v0.1/ART_SUMV01_SET_9C7750D42301093888A120CE/partitions/p7d/summary_records.jsonl,LOCAL_CONTENT_ADDRESSED_STAGING_PENDING_DURABLE_REGISTRATION,106,135,29561,EVIDENCE_SUMMARY_SCHEMA_V0.1,EVIDENCE_AGGREGATION_REPRESENTATION_V0.1,PASS
p7e,ENSEMBL_SHA256_PREFIX_2_V0.1,ART_SUMV01_SET_9C7750D42301093888A120CE,ART_SUMV01_53865D63B002388DFD54C70F,CLASS_D_LARGE_DATA_OBJECT,EVIDENCE_SUMMARY_JSONL_PAYLOAD,5925633,53865d63b002388dfd54c70fb981ebd8fab2d17458b741a5c9f5f533628c1c65,EVIDENCE_SUMMARY_MATERIALIZER_V0.1,external+sha256://PENDING/luad-target-dossier/evidence-summary-v0.1/ART_SUMV01_SET_9C7750D42301093888A120CE/partitions/p7e/summary_records.jsonl,LOCAL_CONTENT_ADDRESSED_STAGING_PENDING_DURABLE_REGISTRATION,112,552,29533,EVIDENCE_SUMMARY_SCHEMA_V0.1,EVIDENCE_AGGREGATION_REPRESENTATION_V0.1,PASS
p7f,ENSEMBL_SHA256_PREFIX_2_V0.1,ART_SUMV01_SET_9C7750D42301093888A120CE,ART_SUMV01_7AAA1DD5E0455E4E5F98B5E0,CLASS_D_LARGE_DATA_OBJECT,EVIDENCE_SUMMARY_JSONL_PAYLOAD,6232611,7aaa1dd5e0455e4e5f98b5e00c727770c18e09a15428f2c851cdf77baf55725c,EVIDENCE_SUMMARY_MATERIALIZER_V0.1,external+sha256://PENDING/luad-target-dossier/evidence-summary-v0.1/ART_SUMV01_SET_9C7750D42301093888A120CE/partitions/p7f/summary_records.jsonl,LOCAL_CONTENT_ADDRESSED_STAGING_PENDING_DURABLE_REGISTRATION,99,1,29536,EVIDENCE_SUMMARY_SCHEMA_V0.1,EVIDENCE_AGGREGATION_REPRESENTATION_V0.1,PASS
p80,ENSEMBL_SHA256_PREFIX_2_V0.1,ART_SUMV01_SET_9C7750D42301093888A120CE,ART_SUMV01_EE19785368693BD2D5EA1CB3,CLASS_D_LARGE_DATA_OBJECT,EVIDENCE_SUMMARY_JSONL_PAYLOAD,5186586,ee19785368693bd2d5ea1cb31884efdc033690a877b085ecc7cac1ec6636a507,EVIDENCE_SUMMARY_MATERIALIZER_V0.1,external+sha256://PENDING/luad-target-dossier/evidence-summary-v0.1/ART_SUMV01_SET_9C7750D42301093888A120CE/partitions/p80/summary_records.jsonl,LOCAL_CONTENT_ADDRESSED_STAGING_PENDING_DURABLE_REGISTRATION,102,58,29542,EVIDENCE_SUMMARY_SCHEMA_V0.1,EVIDENCE_AGGREGATION_REPRESENTATION_V0.1,PASS
p81,ENSEMBL_SHA256_PREFIX_2_V0.1,ART_SUMV01_SET_9C7750D42301093888A120CE,ART_SUMV01_9D777EE5B853DB5EE589654C,CLASS_D_LARGE_DATA_OBJECT,EVIDENCE_SUMMARY_JSONL_PAYLOAD,5829993,9d777ee5b853db5ee589654c16832f84a442f4eb0277ba11145535bf745269cc,EVIDENCE_SUMMARY_MATERIALIZER_V0.1,external+sha256://PENDING/luad-target-dossier/evidence-summary-v0.1/ART_SUMV01_SET_9C7750D42301093888A120CE/partitions/p81/summary_records.jsonl,LOCAL_CONTENT_ADDRESSED_STAGING_PENDING_DURABLE_REGISTRATION,117,108,29397,EVIDENCE_SUMMARY_SCHEMA_V0.1,EVIDENCE_AGGREGATION_REPRESENTATION_V0.1,PASS
p82,ENSEMBL_SHA256_PREFIX_2_V0.1,ART_SUMV01_SET_9C7750D42301093888A120CE,ART_SUMV01_D46B4E016A03220566D08F2C,CLASS_D_LARGE_DATA_OBJECT,EVIDENCE_SUMMARY_JSONL_PAYLOAD,7690138,d46b4e016a03220566d08f2c3d12340649c4c1a9ed326ac0c65921063eb4bd31,EVIDENCE_SUMMARY_MATERIALIZER_V0.1,external+sha256://PENDING/luad-target-dossier/evidence-summary-v0.1/ART_SUMV01_SET_9C7750D42301093888A120CE/partitions/p82/summary_records.jsonl,LOCAL_CONTENT_ADDRESSED_STAGING_PENDING_DURABLE_REGISTRATION,112,242,28659,EVIDENCE_SUMMARY_SCHEMA_V0.1,EVIDENCE_AGGREGATION_REPRESENTATION_V0.1,PASS
p83,ENSEMBL_SHA256_PREFIX_2_V0.1,ART_SUMV01_SET_9C7750D42301093888A120CE,ART_SUMV01_68E1E0737045DB1A7C4CB5D1,CLASS_D_LARGE_DATA_OBJECT,EVIDENCE_SUMMARY_JSONL_PAYLOAD,7998391,68e1e0737045db1a7c4cb5d1aca506f31aacc948abad58917129d6c9a1cdfd2c,EVIDENCE_SUMMARY_MATERIALIZER_V0.1,external+sha256://PENDING/luad-target-dossier/evidence-summary-v0.1/ART_SUMV01_SET_9C7750D42301093888A120CE/partitions/p83/summary_records.jsonl,LOCAL_CONTENT_ADDRESSED_STAGING_PENDING_DURABLE_REGISTRATION,101,155,28743,EVIDENCE_SUMMARY_SCHEMA_V0.1,EVIDENCE_AGGREGATION_REPRESENTATION_V0.1,PASS
p84,ENSEMBL_SHA256_PREFIX_2_V0.1,ART_SUMV01_SET_9C7750D42301093888A120CE,ART_SUMV01_F5D29D7CFE74E1E8C6783BC3,CLASS_D_LARGE_DATA_OBJECT,EVIDENCE_SUMMARY_JSONL_PAYLOAD,6193182,f5d29d7cfe74e1e8c6783bc385aa017d08ec45c7f7b45cc628831ef673fac65c,EVIDENCE_SUMMARY_MATERIALIZER_V0.1,external+sha256://PENDING/luad-target-dossier/evidence-summary-v0.1/ART_SUMV01_SET_9C7750D42301093888A120CE/partitions/p84/summary_records.jsonl,LOCAL_CONTENT_ADDRESSED_STAGING_PENDING_DURABLE_REGISTRATION,114,90,29517,EVIDENCE_SUMMARY_SCHEMA_V0.1,EVIDENCE_AGGREGATION_REPRESENTATION_V0.1,PASS
p85,ENSEMBL_SHA256_PREFIX_2_V0.1,ART_SUMV01_SET_9C7750D42301093888A120CE,ART_SUMV01_536DB56FE9E99BB3B10F6DA4,CLASS_D_LARGE_DATA_OBJECT,EVIDENCE_SUMMARY_JSONL_PAYLOAD,6122103,536db56fe9e99bb3b10f6da4ecede5884414e56253cb66c892d7d69535daefe2,EVIDENCE_SUMMARY_MATERIALIZER_V0.1,external+sha256://PENDING/luad-target-dossier/evidence-summary-v0.1/ART_SUMV01_SET_9C7750D42301093888A120CE/partitions/p85/summary_records.jsonl,LOCAL_CONTENT_ADDRESSED_STAGING_PENDING_DURABLE_REGISTRATION,117,873,29117,EVIDENCE_SUMMARY_SCHEMA_V0.1,EVIDENCE_AGGREGATION_REPRESENTATION_V0.1,PASS
p86,ENSEMBL_SHA256_PREFIX_2_V0.1,ART_SUMV01_SET_9C7750D42301093888A120CE,ART_SUMV01_1F217E375DE26B112AE25668,CLASS_D_LARGE_DATA_OBJECT,EVIDENCE_SUMMARY_JSONL_PAYLOAD,6569882,1f217e375de26b112ae25668c9603c7af8020fa5dd2ad51fdede83717b47c3f2,EVIDENCE_SUMMARY_MATERIALIZER_V0.1,external+sha256://PENDING/luad-target-dossier/evidence-summary-v0.1/ART_SUMV01_SET_9C7750D42301093888A120CE/partitions/p86/summary_records.jsonl,LOCAL_CONTENT_ADDRESSED_STAGING_PENDING_DURABLE_REGISTRATION,123,62,29259,EVIDENCE_SUMMARY_SCHEMA_V0.1,EVIDENCE_AGGREGATION_REPRESENTATION_V0.1,PASS
p87,ENSEMBL_SHA256_PREFIX_2_V0.1,ART_SUMV01_SET_9C7750D42301093888A120CE,ART_SUMV01_1AC8B537DC9700187C670167,CLASS_D_LARGE_DATA_OBJECT,EVIDENCE_SUMMARY_JSONL_PAYLOAD,5018817,1ac8b537dc9700187c6701679ee5b552383009510f334b9c41602dd269249404,EVIDENCE_SUMMARY_MATERIALIZER_V0.1,external+sha256://PENDING/luad-target-dossier/evidence-summary-v0.1/ART_SUMV01_SET_9C7750D42301093888A120CE/partitions/p87/summary_records.jsonl,LOCAL_CONTENT_ADDRESSED_STAGING_PENDING_DURABLE_REGISTRATION,101,357,29583,EVIDENCE_SUMMARY_SCHEMA_V0.1,EVIDENCE_AGGREGATION_REPRESENTATION_V0.1,PASS
p88,ENSEMBL_SHA256_PREFIX_2_V0.1,ART_SUMV01_SET_9C7750D42301093888A120CE,ART_SUMV01_FE31A094A4D9E5D23F7D43AE,CLASS_D_LARGE_DATA_OBJECT,EVIDENCE_SUMMARY_JSONL_PAYLOAD,6803381,fe31a094a4d9e5d23f7d43aeaeacb2028b8ef7e2ec06390eb7f0b112a4e0c599,EVIDENCE_SUMMARY_MATERIALIZER_V0.1,external+sha256://PENDING/luad-target-dossier/evidence-summary-v0.1/ART_SUMV01_SET_9C7750D42301093888A120CE/partitions/p88/summary_records.jsonl,LOCAL_CONTENT_ADDRESSED_STAGING_PENDING_DURABLE_REGISTRATION,120,209,29155,EVIDENCE_SUMMARY_SCHEMA_V0.1,EVIDENCE_AGGREGATION_REPRESENTATION_V0.1,PASS
p89,ENSEMBL_SHA256_PREFIX_2_V0.1,ART_SUMV01_SET_9C7750D42301093888A120CE,ART_SUMV01_3F3CAEDB0520A17525B2BCCE,CLASS_D_LARGE_DATA_OBJECT,EVIDENCE_SUMMARY_JSONL_PAYLOAD,8184164,3f3caedb0520a17525b2bcce484f5e061c9b27278bae60158a03a9bf9ace9ee6,EVIDENCE_SUMMARY_MATERIALIZER_V0.1,external+sha256://PENDING/luad-target-dossier/evidence-summary-v0.1/ART_SUMV01_SET_9C7750D42301093888A120CE/partitions/p89/summary_records.jsonl,LOCAL_CONTENT_ADDRESSED_STAGING_PENDING_DURABLE_REGISTRATION,128,685,29160,EVIDENCE_SUMMARY_SCHEMA_V0.1,EVIDENCE_AGGREGATION_REPRESENTATION_V0.1,PASS
p8a,ENSEMBL_SHA256_PREFIX_2_V0.1,ART_SUMV01_SET_9C7750D42301093888A120CE,ART_SUMV01_319302C39CAB070388AEB6DC,CLASS_D_LARGE_DATA_OBJECT,EVIDENCE_SUMMARY_JSONL_PAYLOAD,6110530,319302c39cab070388aeb6dc430bd1f69cb6f48af0d034cd3b0038bbbb7d60a3,EVIDENCE_SUMMARY_MATERIALIZER_V0.1,external+sha256://PENDING/luad-target-dossier/evidence-summary-v0.1/ART_SUMV01_SET_9C7750D42301093888A120CE/partitions/p8a/summary_records.jsonl,LOCAL_CONTENT_ADDRESSED_STAGING_PENDING_DURABLE_REGISTRATION,125,533,29516,EVIDENCE_SUMMARY_SCHEMA_V0.1,EVIDENCE_AGGREGATION_REPRESENTATION_V0.1,PASS
p8b,ENSEMBL_SHA256_PREFIX_2_V0.1,ART_SUMV01_SET_9C7750D42301093888A120CE,ART_SUMV01_30DC6D3B70AA7ABBA9A26D46,CLASS_D_LARGE_DATA_OBJECT,EVIDENCE_SUMMARY_JSONL_PAYLOAD,8280867,30dc6d3b70aa7abba9a26d4674527c2f7771c528553fd70b6aae058f148c0ce4,EVIDENCE_SUMMARY_MATERIALIZER_V0.1,external+sha256://PENDING/luad-target-dossier/evidence-summary-v0.1/ART_SUMV01_SET_9C7750D42301093888A120CE/partitions/p8b/summary_records.jsonl,LOCAL_CONTENT_ADDRESSED_STAGING_PENDING_DURABLE_REGISTRATION,120,103,29572,EVIDENCE_SUMMARY_SCHEMA_V0.1,EVIDENCE_AGGREGATION_REPRESENTATION_V0.1,PASS
p8c,ENSEMBL_SHA256_PREFIX_2_V0.1,ART_SUMV01_SET_9C7750D42301093888A120CE,ART_SUMV01_6DEE1F34E3C22ED1234F3DFB,CLASS_D_LARGE_DATA_OBJECT,EVIDENCE_SUMMARY_JSONL_PAYLOAD,8027023,6dee1f34e3c22ed1234f3dfb34cab1980d66bc5a760c0b2e493c59cee6d5ec62,EVIDENCE_SUMMARY_MATERIALIZER_V0.1,external+sha256://PENDING/luad-target-dossier/evidence-summary-v0.1/ART_SUMV01_SET_9C7750D42301093888A120CE/partitions/p8c/summary_records.jsonl,LOCAL_CONTENT_ADDRESSED_STAGING_PENDING_DURABLE_REGISTRATION,141,168,29403,EVIDENCE_SUMMARY_SCHEMA_V0.1,EVIDENCE_AGGREGATION_REPRESENTATION_V0.1,PASS
p8d,ENSEMBL_SHA256_PREFIX_2_V0.1,ART_SUMV01_SET_9C7750D42301093888A120CE,ART_SUMV01_9D45AA8960A48E3A7D46F502,CLASS_D_LARGE_DATA_OBJECT,EVIDENCE_SUMMARY_JSONL_PAYLOAD,6132440,9d45aa8960a48e3a7d46f502626f92f612a16b64436479d183d9f46cdbdd7233,EVIDENCE_SUMMARY_MATERIALIZER_V0.1,external+sha256://PENDING/luad-target-dossier/evidence-summary-v0.1/ART_SUMV01_SET_9C7750D42301093888A120CE/partitions/p8d/summary_records.jsonl,LOCAL_CONTENT_ADDRESSED_STAGING_PENDING_DURABLE_REGISTRATION,118,174,28218,EVIDENCE_SUMMARY_SCHEMA_V0.1,EVIDENCE_AGGREGATION_REPRESENTATION_V0.1,PASS
p8e,ENSEMBL_SHA256_PREFIX_2_V0.1,ART_SUMV01_SET_9C7750D42301093888A120CE,ART_SUMV01_2E6B22A4EBE00C7749EB9CA9,CLASS_D_LARGE_DATA_OBJECT,EVIDENCE_SUMMARY_JSONL_PAYLOAD,6384641,2e6b22a4ebe00c7749eb9ca914e2fa4eafae063f7318718bca7105e1bd52b404,EVIDENCE_SUMMARY_MATERIALIZER_V0.1,external+sha256://PENDING/luad-target-dossier/evidence-summary-v0.1/ART_SUMV01_SET_9C7750D42301093888A120CE/partitions/p8e/summary_records.jsonl,LOCAL_CONTENT_ADDRESSED_STAGING_PENDING_DURABLE_REGISTRATION,96,100,28843,EVIDENCE_SUMMARY_SCHEMA_V0.1,EVIDENCE_AGGREGATION_REPRESENTATION_V0.1,PASS
p8f,ENSEMBL_SHA256_PREFIX_2_V0.1,ART_SUMV01_SET_9C7750D42301093888A120CE,ART_SUMV01_54BDCE009B1C85235E25E447,CLASS_D_LARGE_DATA_OBJECT,EVIDENCE_SUMMARY_JSONL_PAYLOAD,5905454,54bdce009b1c85235e25e44762e42827000f84b58a3e4f249ad7f1dae7deb4e2,EVIDENCE_SUMMARY_MATERIALIZER_V0.1,external+sha256://PENDING/luad-target-dossier/evidence-summary-v0.1/ART_SUMV01_SET_9C7750D42301093888A120CE/partitions/p8f/summary_records.jsonl,LOCAL_CONTENT_ADDRESSED_STAGING_PENDING_DURABLE_REGISTRATION,123,198,29598,EVIDENCE_SUMMARY_SCHEMA_V0.1,EVIDENCE_AGGREGATION_REPRESENTATION_V0.1,PASS
p90,ENSEMBL_SHA256_PREFIX_2_V0.1,ART_SUMV01_SET_9C7750D42301093888A120CE,ART_SUMV01_B3820E4876CB59CC062C3DE9,CLASS_D_LARGE_DATA_OBJECT,EVIDENCE_SUMMARY_JSONL_PAYLOAD,7234704,b3820e4876cb59cc062c3de952221fa096dbd722ec3c82908191cc11238b1292,EVIDENCE_SUMMARY_MATERIALIZER_V0.1,external+sha256://PENDING/luad-target-dossier/evidence-summary-v0.1/ART_SUMV01_SET_9C7750D42301093888A120CE/partitions/p90/summary_records.jsonl,LOCAL_CONTENT_ADDRESSED_STAGING_PENDING_DURABLE_REGISTRATION,116,383,29567,EVIDENCE_SUMMARY_SCHEMA_V0.1,EVIDENCE_AGGREGATION_REPRESENTATION_V0.1,PASS
p91,ENSEMBL_SHA256_PREFIX_2_V0.1,ART_SUMV01_SET_9C7750D42301093888A120CE,ART_SUMV01_D358D1C3474834AE7F4E611D,CLASS_D_LARGE_DATA_OBJECT,EVIDENCE_SUMMARY_JSONL_PAYLOAD,6336290,d358d1c3474834ae7f4e611d8b09a91e32b7ba0285cda2c72ae8eb9c9e192905,EVIDENCE_SUMMARY_MATERIALIZER_V0.1,external+sha256://PENDING/luad-target-dossier/evidence-summary-v0.1/ART_SUMV01_SET_9C7750D42301093888A120CE/partitions/p91/summary_records.jsonl,LOCAL_CONTENT_ADDRESSED_STAGING_PENDING_DURABLE_REGISTRATION,120,116,29231,EVIDENCE_SUMMARY_SCHEMA_V0.1,EVIDENCE_AGGREGATION_REPRESENTATION_V0.1,PASS
p92,ENSEMBL_SHA256_PREFIX_2_V0.1,ART_SUMV01_SET_9C7750D42301093888A120CE,ART_SUMV01_05D54BDBF771D5870FBC1ACE,CLASS_D_LARGE_DATA_OBJECT,EVIDENCE_SUMMARY_JSONL_PAYLOAD,8258209,05d54bdbf771d5870fbc1ace79f303bf7279f8c753ab459431ba00603296a6de,EVIDENCE_SUMMARY_MATERIALIZER_V0.1,external+sha256://PENDING/luad-target-dossier/evidence-summary-v0.1/ART_SUMV01_SET_9C7750D42301093888A120CE/partitions/p92/summary_records.jsonl,LOCAL_CONTENT_ADDRESSED_STAGING_PENDING_DURABLE_REGISTRATION,134,14,27742,EVIDENCE_SUMMARY_SCHEMA_V0.1,EVIDENCE_AGGREGATION_REPRESENTATION_V0.1,PASS
p93,ENSEMBL_SHA256_PREFIX_2_V0.1,ART_SUMV01_SET_9C7750D42301093888A120CE,ART_SUMV01_FFAF206774974B3DFADC61C0,CLASS_D_LARGE_DATA_OBJECT,EVIDENCE_SUMMARY_JSONL_PAYLOAD,7439459,ffaf206774974b3dfadc61c0a09a18519ac3ba57132d393e421cd62818a9d22c,EVIDENCE_SUMMARY_MATERIALIZER_V0.1,external+sha256://PENDING/luad-target-dossier/evidence-summary-v0.1/ART_SUMV01_SET_9C7750D42301093888A120CE/partitions/p93/summary_records.jsonl,LOCAL_CONTENT_ADDRESSED_STAGING_PENDING_DURABLE_REGISTRATION,125,701,29031,EVIDENCE_SUMMARY_SCHEMA_V0.1,EVIDENCE_AGGREGATION_REPRESENTATION_V0.1,PASS
p94,ENSEMBL_SHA256_PREFIX_2_V0.1,ART_SUMV01_SET_9C7750D42301093888A120CE,ART_SUMV01_3B32602DE60B94FF36ECA8BB,CLASS_D_LARGE_DATA_OBJECT,EVIDENCE_SUMMARY_JSONL_PAYLOAD,6720945,3b32602de60b94ff36eca8bb2b5fd2a31928b634b0cff34157c4913a88c062e2,EVIDENCE_SUMMARY_MATERIALIZER_V0.1,external+sha256://PENDING/luad-target-dossier/evidence-summary-v0.1/ART_SUMV01_SET_9C7750D42301093888A120CE/partitions/p94/summary_records.jsonl,LOCAL_CONTENT_ADDRESSED_STAGING_PENDING_DURABLE_REGISTRATION,126,109,29552,EVIDENCE_SUMMARY_SCHEMA_V0.1,EVIDENCE_AGGREGATION_REPRESENTATION_V0.1,PASS
p95,ENSEMBL_SHA256_PREFIX_2_V0.1,ART_SUMV01_SET_9C7750D42301093888A120CE,ART_SUMV01_38724694D0FE35DBD2277C7B,CLASS_D_LARGE_DATA_OBJECT,EVIDENCE_SUMMARY_JSONL_PAYLOAD,5726855,38724694d0fe35dbd2277c7b9521eb0b2d38a3bc0b49a65598581fda410ddaf8,EVIDENCE_SUMMARY_MATERIALIZER_V0.1,external+sha256://PENDING/luad-target-dossier/evidence-summary-v0.1/ART_SUMV01_SET_9C7750D42301093888A120CE/partitions/p95/summary_records.jsonl,LOCAL_CONTENT_ADDRESSED_STAGING_PENDING_DURABLE_REGISTRATION,109,274,29504,EVIDENCE_SUMMARY_SCHEMA_V0.1,EVIDENCE_AGGREGATION_REPRESENTATION_V0.1,PASS
p96,ENSEMBL_SHA256_PREFIX_2_V0.1,ART_SUMV01_SET_9C7750D42301093888A120CE,ART_SUMV01_115C2457DD5EE433B5DBE247,CLASS_D_LARGE_DATA_OBJECT,EVIDENCE_SUMMARY_JSONL_PAYLOAD,5060444,115c2457dd5ee433b5dbe24712be98a7a5bf1fcec066021fda54a549a220ccff,EVIDENCE_SUMMARY_MATERIALIZER_V0.1,external+sha256://PENDING/luad-target-dossier/evidence-summary-v0.1/ART_SUMV01_SET_9C7750D42301093888A120CE/partitions/p96/summary_records.jsonl,LOCAL_CONTENT_ADDRESSED_STAGING_PENDING_DURABLE_REGISTRATION,106,566,29313,EVIDENCE_SUMMARY_SCHEMA_V0.1,EVIDENCE_AGGREGATION_REPRESENTATION_V0.1,PASS
p97,ENSEMBL_SHA256_PREFIX_2_V0.1,ART_SUMV01_SET_9C7750D42301093888A120CE,ART_SUMV01_11238184A0DA9E9943D880D0,CLASS_D_LARGE_DATA_OBJECT,EVIDENCE_SUMMARY_JSONL_PAYLOAD,6112419,11238184a0da9e9943d880d0295b5235d6d404f0a7ae9e6e1825ed4cacc7ea1e,EVIDENCE_SUMMARY_MATERIALIZER_V0.1,external+sha256://PENDING/luad-target-dossier/evidence-summary-v0.1/ART_SUMV01_SET_9C7750D42301093888A120CE/partitions/p97/summary_records.jsonl,LOCAL_CONTENT_ADDRESSED_STAGING_PENDING_DURABLE_REGISTRATION,104,19,29550,EVIDENCE_SUMMARY_SCHEMA_V0.1,EVIDENCE_AGGREGATION_REPRESENTATION_V0.1,PASS
p98,ENSEMBL_SHA256_PREFIX_2_V0.1,ART_SUMV01_SET_9C7750D42301093888A120CE,ART_SUMV01_6A4B3CDF60EA38A42C429B3E,CLASS_D_LARGE_DATA_OBJECT,EVIDENCE_SUMMARY_JSONL_PAYLOAD,10206119,6a4b3cdf60ea38a42c429b3e697c9d6a9d991b0d2b22ca61fad6234621fc5832,EVIDENCE_SUMMARY_MATERIALIZER_V0.1,external+sha256://PENDING/luad-target-dossier/evidence-summary-v0.1/ART_SUMV01_SET_9C7750D42301093888A120CE/partitions/p98/summary_records.jsonl,LOCAL_CONTENT_ADDRESSED_STAGING_PENDING_DURABLE_REGISTRATION,94,17,29105,EVIDENCE_SUMMARY_SCHEMA_V0.1,EVIDENCE_AGGREGATION_REPRESENTATION_V0.1,PASS
p99,ENSEMBL_SHA256_PREFIX_2_V0.1,ART_SUMV01_SET_9C7750D42301093888A120CE,ART_SUMV01_6640FA9978A55F0411DFCBCC,CLASS_D_LARGE_DATA_OBJECT,EVIDENCE_SUMMARY_JSONL_PAYLOAD,7017602,6640fa9978a55f0411dfcbccdd38d0dad65c566099272bafbc041ea010813210,EVIDENCE_SUMMARY_MATERIALIZER_V0.1,external+sha256://PENDING/luad-target-dossier/evidence-summary-v0.1/ART_SUMV01_SET_9C7750D42301093888A120CE/partitions/p99/summary_records.jsonl,LOCAL_CONTENT_ADDRESSED_STAGING_PENDING_DURABLE_REGISTRATION,104,485,29184,EVIDENCE_SUMMARY_SCHEMA_V0.1,EVIDENCE_AGGREGATION_REPRESENTATION_V0.1,PASS
p9a,ENSEMBL_SHA256_PREFIX_2_V0.1,ART_SUMV01_SET_9C7750D42301093888A120CE,ART_SUMV01_62D153123C23358E70C5B600,CLASS_D_LARGE_DATA_OBJECT,EVIDENCE_SUMMARY_JSONL_PAYLOAD,7204072,62d153123c23358e70c5b600ac5828d73367414bbdfb4f394a4e4621c12b5e19,EVIDENCE_SUMMARY_MATERIALIZER_V0.1,external+sha256://PENDING/luad-target-dossier/evidence-summary-v0.1/ART_SUMV01_SET_9C7750D42301093888A120CE/partitions/p9a/summary_records.jsonl,LOCAL_CONTENT_ADDRESSED_STAGING_PENDING_DURABLE_REGISTRATION,115,110,29382,EVIDENCE_SUMMARY_SCHEMA_V0.1,EVIDENCE_AGGREGATION_REPRESENTATION_V0.1,PASS
p9b,ENSEMBL_SHA256_PREFIX_2_V0.1,ART_SUMV01_SET_9C7750D42301093888A120CE,ART_SUMV01_3046797606CD886B6A1724C6,CLASS_D_LARGE_DATA_OBJECT,EVIDENCE_SUMMARY_JSONL_PAYLOAD,6660737,3046797606cd886b6a1724c6933bc8c82e1829008bcd4b6be78d473c488448cf,EVIDENCE_SUMMARY_MATERIALIZER_V0.1,external+sha256://PENDING/luad-target-dossier/evidence-summary-v0.1/ART_SUMV01_SET_9C7750D42301093888A120CE/partitions/p9b/summary_records.jsonl,LOCAL_CONTENT_ADDRESSED_STAGING_PENDING_DURABLE_REGISTRATION,118,194,29405,EVIDENCE_SUMMARY_SCHEMA_V0.1,EVIDENCE_AGGREGATION_REPRESENTATION_V0.1,PASS
p9c,ENSEMBL_SHA256_PREFIX_2_V0.1,ART_SUMV01_SET_9C7750D42301093888A120CE,ART_SUMV01_171CBE8DF3EB0A08D804CCA4,CLASS_D_LARGE_DATA_OBJECT,EVIDENCE_SUMMARY_JSONL_PAYLOAD,5303506,171cbe8df3eb0a08d804cca4cefb8f6a433a35e34dcd4bce1d45ca8099e16348,EVIDENCE_SUMMARY_MATERIALIZER_V0.1,external+sha256://PENDING/luad-target-dossier/evidence-summary-v0.1/ART_SUMV01_SET_9C7750D42301093888A120CE/partitions/p9c/summary_records.jsonl,LOCAL_CONTENT_ADDRESSED_STAGING_PENDING_DURABLE_REGISTRATION,103,439,28951,EVIDENCE_SUMMARY_SCHEMA_V0.1,EVIDENCE_AGGREGATION_REPRESENTATION_V0.1,PASS
p9d,ENSEMBL_SHA256_PREFIX_2_V0.1,ART_SUMV01_SET_9C7750D42301093888A120CE,ART_SUMV01_69A417199D0F1C2737C8B377,CLASS_D_LARGE_DATA_OBJECT,EVIDENCE_SUMMARY_JSONL_PAYLOAD,6097112,69a417199d0f1c2737c8b37748870caf2b7524932e22fdea9d9bcf7a5783f2f0,EVIDENCE_SUMMARY_MATERIALIZER_V0.1,external+sha256://PENDING/luad-target-dossier/evidence-summary-v0.1/ART_SUMV01_SET_9C7750D42301093888A120CE/partitions/p9d/summary_records.jsonl,LOCAL_CONTENT_ADDRESSED_STAGING_PENDING_DURABLE_REGISTRATION,99,483,28515,EVIDENCE_SUMMARY_SCHEMA_V0.1,EVIDENCE_AGGREGATION_REPRESENTATION_V0.1,PASS
p9e,ENSEMBL_SHA256_PREFIX_2_V0.1,ART_SUMV01_SET_9C7750D42301093888A120CE,ART_SUMV01_AFE99A4E498351D1B3E15BE2,CLASS_D_LARGE_DATA_OBJECT,EVIDENCE_SUMMARY_JSONL_PAYLOAD,8828003,afe99a4e498351d1b3e15be22e28b66f24a67f47f429237d0d3a46b521518886,EVIDENCE_SUMMARY_MATERIALIZER_V0.1,external+sha256://PENDING/luad-target-dossier/evidence-summary-v0.1/ART_SUMV01_SET_9C7750D42301093888A120CE/partitions/p9e/summary_records.jsonl,LOCAL_CONTENT_ADDRESSED_STAGING_PENDING_DURABLE_REGISTRATION,122,86,28962,EVIDENCE_SUMMARY_SCHEMA_V0.1,EVIDENCE_AGGREGATION_REPRESENTATION_V0.1,PASS
p9f,ENSEMBL_SHA256_PREFIX_2_V0.1,ART_SUMV01_SET_9C7750D42301093888A120CE,ART_SUMV01_EFAE26860DCAA3FBC337535F,CLASS_D_LARGE_DATA_OBJECT,EVIDENCE_SUMMARY_JSONL_PAYLOAD,5831529,efae26860dcaa3fbc337535fae73f2307afccc7b1b3493280f1877cf2bb8c9f5,EVIDENCE_SUMMARY_MATERIALIZER_V0.1,external+sha256://PENDING/luad-target-dossier/evidence-summary-v0.1/ART_SUMV01_SET_9C7750D42301093888A120CE/partitions/p9f/summary_records.jsonl,LOCAL_CONTENT_ADDRESSED_STAGING_PENDING_DURABLE_REGISTRATION,118,99,29174,EVIDENCE_SUMMARY_SCHEMA_V0.1,EVIDENCE_AGGREGATION_REPRESENTATION_V0.1,PASS
pa0,ENSEMBL_SHA256_PREFIX_2_V0.1,ART_SUMV01_SET_9C7750D42301093888A120CE,ART_SUMV01_E70F0D502F608029B0214109,CLASS_D_LARGE_DATA_OBJECT,EVIDENCE_SUMMARY_JSONL_PAYLOAD,17669159,e70f0d502f608029b0214109f3670df6814fed6e2960c071949e81edd347dbe0,EVIDENCE_SUMMARY_MATERIALIZER_V0.1,external+sha256://PENDING/luad-target-dossier/evidence-summary-v0.1/ART_SUMV01_SET_9C7750D42301093888A120CE/partitions/pa0/summary_records.jsonl,LOCAL_CONTENT_ADDRESSED_STAGING_PENDING_DURABLE_REGISTRATION,126,199,29448,EVIDENCE_SUMMARY_SCHEMA_V0.1,EVIDENCE_AGGREGATION_REPRESENTATION_V0.1,PASS
pa1,ENSEMBL_SHA256_PREFIX_2_V0.1,ART_SUMV01_SET_9C7750D42301093888A120CE,ART_SUMV01_03593526660C376A649165F1,CLASS_D_LARGE_DATA_OBJECT,EVIDENCE_SUMMARY_JSONL_PAYLOAD,6064272,03593526660c376a649165f10fc303046b8fc9c8e3ce6f8f1cf66c7fe360d7dd,EVIDENCE_SUMMARY_MATERIALIZER_V0.1,external+sha256://PENDING/luad-target-dossier/evidence-summary-v0.1/ART_SUMV01_SET_9C7750D42301093888A120CE/partitions/pa1/summary_records.jsonl,LOCAL_CONTENT_ADDRESSED_STAGING_PENDING_DURABLE_REGISTRATION,108,5,29244,EVIDENCE_SUMMARY_SCHEMA_V0.1,EVIDENCE_AGGREGATION_REPRESENTATION_V0.1,PASS
pa2,ENSEMBL_SHA256_PREFIX_2_V0.1,ART_SUMV01_SET_9C7750D42301093888A120CE,ART_SUMV01_5A930076FAEE0F85FE6A35ED,CLASS_D_LARGE_DATA_OBJECT,EVIDENCE_SUMMARY_JSONL_PAYLOAD,9057615,5a930076faee0f85fe6a35ed0ace9d1234300f10600a3d7dd033dfa68f25f7bc,EVIDENCE_SUMMARY_MATERIALIZER_V0.1,external+sha256://PENDING/luad-target-dossier/evidence-summary-v0.1/ART_SUMV01_SET_9C7750D42301093888A120CE/partitions/pa2/summary_records.jsonl,LOCAL_CONTENT_ADDRESSED_STAGING_PENDING_DURABLE_REGISTRATION,121,227,29428,EVIDENCE_SUMMARY_SCHEMA_V0.1,EVIDENCE_AGGREGATION_REPRESENTATION_V0.1,PASS
pa3,ENSEMBL_SHA256_PREFIX_2_V0.1,ART_SUMV01_SET_9C7750D42301093888A120CE,ART_SUMV01_1CC938AE66F37F5A5D470A29,CLASS_D_LARGE_DATA_OBJECT,EVIDENCE_SUMMARY_JSONL_PAYLOAD,7534204,1cc938ae66f37f5a5d470a299cd7f4f799a6eb038252ed9d962dbae122fe271c,EVIDENCE_SUMMARY_MATERIALIZER_V0.1,external+sha256://PENDING/luad-target-dossier/evidence-summary-v0.1/ART_SUMV01_SET_9C7750D42301093888A120CE/partitions/pa3/summary_records.jsonl,LOCAL_CONTENT_ADDRESSED_STAGING_PENDING_DURABLE_REGISTRATION,119,29,29217,EVIDENCE_SUMMARY_SCHEMA_V0.1,EVIDENCE_AGGREGATION_REPRESENTATION_V0.1,PASS
pa4,ENSEMBL_SHA256_PREFIX_2_V0.1,ART_SUMV01_SET_9C7750D42301093888A120CE,ART_SUMV01_34A58F99FAA4712F27247C1A,CLASS_D_LARGE_DATA_OBJECT,EVIDENCE_SUMMARY_JSONL_PAYLOAD,6233702,34a58f99faa4712f27247c1ab364fbf81e60dcdaa8c4188233deb6990ea7d488,EVIDENCE_SUMMARY_MATERIALIZER_V0.1,external+sha256://PENDING/luad-target-dossier/evidence-summary-v0.1/ART_SUMV01_SET_9C7750D42301093888A120CE/partitions/pa4/summary_records.jsonl,LOCAL_CONTENT_ADDRESSED_STAGING_PENDING_DURABLE_REGISTRATION,109,51,29228,EVIDENCE_SUMMARY_SCHEMA_V0.1,EVIDENCE_AGGREGATION_REPRESENTATION_V0.1,PASS
pa5,ENSEMBL_SHA256_PREFIX_2_V0.1,ART_SUMV01_SET_9C7750D42301093888A120CE,ART_SUMV01_01035A77B24DE8A9F0E27CF4,CLASS_D_LARGE_DATA_OBJECT,EVIDENCE_SUMMARY_JSONL_PAYLOAD,6249013,01035a77b24de8a9f0e27cf45110c238870a077f8c0e37afc665386c3bfc67f7,EVIDENCE_SUMMARY_MATERIALIZER_V0.1,external+sha256://PENDING/luad-target-dossier/evidence-summary-v0.1/ART_SUMV01_SET_9C7750D42301093888A120CE/partitions/pa5/summary_records.jsonl,LOCAL_CONTENT_ADDRESSED_STAGING_PENDING_DURABLE_REGISTRATION,117,642,29281,EVIDENCE_SUMMARY_SCHEMA_V0.1,EVIDENCE_AGGREGATION_REPRESENTATION_V0.1,PASS
pa6,ENSEMBL_SHA256_PREFIX_2_V0.1,ART_SUMV01_SET_9C7750D42301093888A120CE,ART_SUMV01_AC5BE40AB181DE6EECCCACD6,CLASS_D_LARGE_DATA_OBJECT,EVIDENCE_SUMMARY_JSONL_PAYLOAD,5340863,ac5be40ab181de6eecccacd6a0733d7e063caf2ba356f895dad82df9d49d5163,EVIDENCE_SUMMARY_MATERIALIZER_V0.1,external+sha256://PENDING/luad-target-dossier/evidence-summary-v0.1/ART_SUMV01_SET_9C7750D42301093888A120CE/partitions/pa6/summary_records.jsonl,LOCAL_CONTENT_ADDRESSED_STAGING_PENDING_DURABLE_REGISTRATION,104,32,29477,EVIDENCE_SUMMARY_SCHEMA_V0.1,EVIDENCE_AGGREGATION_REPRESENTATION_V0.1,PASS
pa7,ENSEMBL_SHA256_PREFIX_2_V0.1,ART_SUMV01_SET_9C7750D42301093888A120CE,ART_SUMV01_25C1D8FA89DF740693BECD22,CLASS_D_LARGE_DATA_OBJECT,EVIDENCE_SUMMARY_JSONL_PAYLOAD,4830666,25c1d8fa89df740693becd220a2527b5668f7e22bef4ac1fb03f9b3f74b67be4,EVIDENCE_SUMMARY_MATERIALIZER_V0.1,external+sha256://PENDING/luad-target-dossier/evidence-summary-v0.1/ART_SUMV01_SET_9C7750D42301093888A120CE/partitions/pa7/summary_records.jsonl,LOCAL_CONTENT_ADDRESSED_STAGING_PENDING_DURABLE_REGISTRATION,107,535,29363,EVIDENCE_SUMMARY_SCHEMA_V0.1,EVIDENCE_AGGREGATION_REPRESENTATION_V0.1,PASS
pa8,ENSEMBL_SHA256_PREFIX_2_V0.1,ART_SUMV01_SET_9C7750D42301093888A120CE,ART_SUMV01_D32067D994FA8B3CD1A9A328,CLASS_D_LARGE_DATA_OBJECT,EVIDENCE_SUMMARY_JSONL_PAYLOAD,9201265,d32067d994fa8b3cd1a9a328cde38be9cc601bdf49308258561ad78ea33e05f7,EVIDENCE_SUMMARY_MATERIALIZER_V0.1,external+sha256://PENDING/luad-target-dossier/evidence-summary-v0.1/ART_SUMV01_SET_9C7750D42301093888A120CE/partitions/pa8/summary_records.jsonl,LOCAL_CONTENT_ADDRESSED_STAGING_PENDING_DURABLE_REGISTRATION,133,280,29569,EVIDENCE_SUMMARY_SCHEMA_V0.1,EVIDENCE_AGGREGATION_REPRESENTATION_V0.1,PASS
pa9,ENSEMBL_SHA256_PREFIX_2_V0.1,ART_SUMV01_SET_9C7750D42301093888A120CE,ART_SUMV01_433EE906F6139AF187156D88,CLASS_D_LARGE_DATA_OBJECT,EVIDENCE_SUMMARY_JSONL_PAYLOAD,6052698,433ee906f6139af187156d88181446b370369f21e7cac0d675b1218ed8a0c3bc,EVIDENCE_SUMMARY_MATERIALIZER_V0.1,external+sha256://PENDING/luad-target-dossier/evidence-summary-v0.1/ART_SUMV01_SET_9C7750D42301093888A120CE/partitions/pa9/summary_records.jsonl,LOCAL_CONTENT_ADDRESSED_STAGING_PENDING_DURABLE_REGISTRATION,113,182,29515,EVIDENCE_SUMMARY_SCHEMA_V0.1,EVIDENCE_AGGREGATION_REPRESENTATION_V0.1,PASS
paa,ENSEMBL_SHA256_PREFIX_2_V0.1,ART_SUMV01_SET_9C7750D42301093888A120CE,ART_SUMV01_013F7642BCFCDE3C83F925BA,CLASS_D_LARGE_DATA_OBJECT,EVIDENCE_SUMMARY_JSONL_PAYLOAD,4441376,013f7642bcfcde3c83f925badf8c4bbaadc367eb09850e321165b4485d97678c,EVIDENCE_SUMMARY_MATERIALIZER_V0.1,external+sha256://PENDING/luad-target-dossier/evidence-summary-v0.1/ART_SUMV01_SET_9C7750D42301093888A120CE/partitions/paa/summary_records.jsonl,LOCAL_CONTENT_ADDRESSED_STAGING_PENDING_DURABLE_REGISTRATION,100,12,28781,EVIDENCE_SUMMARY_SCHEMA_V0.1,EVIDENCE_AGGREGATION_REPRESENTATION_V0.1,PASS
pab,ENSEMBL_SHA256_PREFIX_2_V0.1,ART_SUMV01_SET_9C7750D42301093888A120CE,ART_SUMV01_C42E4F962743E0018E748D2E,CLASS_D_LARGE_DATA_OBJECT,EVIDENCE_SUMMARY_JSONL_PAYLOAD,7679563,c42e4f962743e0018e748d2efe058aeca8782f81f524dcdea3cb1f0fc1f99baf,EVIDENCE_SUMMARY_MATERIALIZER_V0.1,external+sha256://PENDING/luad-target-dossier/evidence-summary-v0.1/ART_SUMV01_SET_9C7750D42301093888A120CE/partitions/pab/summary_records.jsonl,LOCAL_CONTENT_ADDRESSED_STAGING_PENDING_DURABLE_REGISTRATION,132,945,29444,EVIDENCE_SUMMARY_SCHEMA_V0.1,EVIDENCE_AGGREGATION_REPRESENTATION_V0.1,PASS
pac,ENSEMBL_SHA256_PREFIX_2_V0.1,ART_SUMV01_SET_9C7750D42301093888A120CE,ART_SUMV01_BDAE7FB47C64D48D8B31A427,CLASS_D_LARGE_DATA_OBJECT,EVIDENCE_SUMMARY_JSONL_PAYLOAD,6547748,bdae7fb47c64d48d8b31a4278f47db8e7fc857e31ea387e9052c984e5f4f1bce,EVIDENCE_SUMMARY_MATERIALIZER_V0.1,external+sha256://PENDING/luad-target-dossier/evidence-summary-v0.1/ART_SUMV01_SET_9C7750D42301093888A120CE/partitions/pac/summary_records.jsonl,LOCAL_CONTENT_ADDRESSED_STAGING_PENDING_DURABLE_REGISTRATION,124,73,29490,EVIDENCE_SUMMARY_SCHEMA_V0.1,EVIDENCE_AGGREGATION_REPRESENTATION_V0.1,PASS
pad,ENSEMBL_SHA256_PREFIX_2_V0.1,ART_SUMV01_SET_9C7750D42301093888A120CE,ART_SUMV01_721D16F70EE2FEE3527CDCC0,CLASS_D_LARGE_DATA_OBJECT,EVIDENCE_SUMMARY_JSONL_PAYLOAD,5465984,721d16f70ee2fee3527cdcc00bfe5709d18f997264b4d8149e3c2ad1f26b6e5a,EVIDENCE_SUMMARY_MATERIALIZER_V0.1,external+sha256://PENDING/luad-target-dossier/evidence-summary-v0.1/ART_SUMV01_SET_9C7750D42301093888A120CE/partitions/pad/summary_records.jsonl,LOCAL_CONTENT_ADDRESSED_STAGING_PENDING_DURABLE_REGISTRATION,102,212,29436,EVIDENCE_SUMMARY_SCHEMA_V0.1,EVIDENCE_AGGREGATION_REPRESENTATION_V0.1,PASS
pae,ENSEMBL_SHA256_PREFIX_2_V0.1,ART_SUMV01_SET_9C7750D42301093888A120CE,ART_SUMV01_46AC80D202EB29A5F0821FC0,CLASS_D_LARGE_DATA_OBJECT,EVIDENCE_SUMMARY_JSONL_PAYLOAD,7013851,46ac80d202eb29a5f0821fc01d909a852bae51bb25f17da61b525525550c1570,EVIDENCE_SUMMARY_MATERIALIZER_V0.1,external+sha256://PENDING/luad-target-dossier/evidence-summary-v0.1/ART_SUMV01_SET_9C7750D42301093888A120CE/partitions/pae/summary_records.jsonl,LOCAL_CONTENT_ADDRESSED_STAGING_PENDING_DURABLE_REGISTRATION,128,561,29443,EVIDENCE_SUMMARY_SCHEMA_V0.1,EVIDENCE_AGGREGATION_REPRESENTATION_V0.1,PASS
paf,ENSEMBL_SHA256_PREFIX_2_V0.1,ART_SUMV01_SET_9C7750D42301093888A120CE,ART_SUMV01_B28E7C00FB9775599278972B,CLASS_D_LARGE_DATA_OBJECT,EVIDENCE_SUMMARY_JSONL_PAYLOAD,8102721,b28e7c00fb9775599278972bdf78d6b9e2ef437ac2f65293045b5b00aba9e12a,EVIDENCE_SUMMARY_MATERIALIZER_V0.1,external+sha256://PENDING/luad-target-dossier/evidence-summary-v0.1/ART_SUMV01_SET_9C7750D42301093888A120CE/partitions/paf/summary_records.jsonl,LOCAL_CONTENT_ADDRESSED_STAGING_PENDING_DURABLE_REGISTRATION,111,55,29338,EVIDENCE_SUMMARY_SCHEMA_V0.1,EVIDENCE_AGGREGATION_REPRESENTATION_V0.1,PASS
pb0,ENSEMBL_SHA256_PREFIX_2_V0.1,ART_SUMV01_SET_9C7750D42301093888A120CE,ART_SUMV01_1EF61A4485A2017553B5A710,CLASS_D_LARGE_DATA_OBJECT,EVIDENCE_SUMMARY_JSONL_PAYLOAD,6999501,1ef61a4485a2017553b5a71088cc3b1defdfbef1a96cc89b5a52328d20d3b51e,EVIDENCE_SUMMARY_MATERIALIZER_V0.1,external+sha256://PENDING/luad-target-dossier/evidence-summary-v0.1/ART_SUMV01_SET_9C7750D42301093888A120CE/partitions/pb0/summary_records.jsonl,LOCAL_CONTENT_ADDRESSED_STAGING_PENDING_DURABLE_REGISTRATION,134,393,29353,EVIDENCE_SUMMARY_SCHEMA_V0.1,EVIDENCE_AGGREGATION_REPRESENTATION_V0.1,PASS
pb1,ENSEMBL_SHA256_PREFIX_2_V0.1,ART_SUMV01_SET_9C7750D42301093888A120CE,ART_SUMV01_5B651F1F65BFACA3D44AEE55,CLASS_D_LARGE_DATA_OBJECT,EVIDENCE_SUMMARY_JSONL_PAYLOAD,13920812,5b651f1f65bfaca3d44aee55aeb89fdd2c5d9027b90084f5ec0051962e4aa36a,EVIDENCE_SUMMARY_MATERIALIZER_V0.1,external+sha256://PENDING/luad-target-dossier/evidence-summary-v0.1/ART_SUMV01_SET_9C7750D42301093888A120CE/partitions/pb1/summary_records.jsonl,LOCAL_CONTENT_ADDRESSED_STAGING_PENDING_DURABLE_REGISTRATION,125,77,29595,EVIDENCE_SUMMARY_SCHEMA_V0.1,EVIDENCE_AGGREGATION_REPRESENTATION_V0.1,PASS
pb2,ENSEMBL_SHA256_PREFIX_2_V0.1,ART_SUMV01_SET_9C7750D42301093888A120CE,ART_SUMV01_4A2B6797DAC1FB44D1BAE1D4,CLASS_D_LARGE_DATA_OBJECT,EVIDENCE_SUMMARY_JSONL_PAYLOAD,7093717,4a2b6797dac1fb44d1bae1d40892ed31d5163bf2b5cd5a04ab45ff1c3b8b33f8,EVIDENCE_SUMMARY_MATERIALIZER_V0.1,external+sha256://PENDING/luad-target-dossier/evidence-summary-v0.1/ART_SUMV01_SET_9C7750D42301093888A120CE/partitions/pb2/summary_records.jsonl,LOCAL_CONTENT_ADDRESSED_STAGING_PENDING_DURABLE_REGISTRATION,140,13,29512,EVIDENCE_SUMMARY_SCHEMA_V0.1,EVIDENCE_AGGREGATION_REPRESENTATION_V0.1,PASS
pb3,ENSEMBL_SHA256_PREFIX_2_V0.1,ART_SUMV01_SET_9C7750D42301093888A120CE,ART_SUMV01_443FA694719E27407B2A6D1F,CLASS_D_LARGE_DATA_OBJECT,EVIDENCE_SUMMARY_JSONL_PAYLOAD,6227921,443fa694719e27407b2a6d1f32f7e15ca469d619b39deb58b104c19baac43569,EVIDENCE_SUMMARY_MATERIALIZER_V0.1,external+sha256://PENDING/luad-target-dossier/evidence-summary-v0.1/ART_SUMV01_SET_9C7750D42301093888A120CE/partitions/pb3/summary_records.jsonl,LOCAL_CONTENT_ADDRESSED_STAGING_PENDING_DURABLE_REGISTRATION,119,127,29378,EVIDENCE_SUMMARY_SCHEMA_V0.1,EVIDENCE_AGGREGATION_REPRESENTATION_V0.1,PASS
pb4,ENSEMBL_SHA256_PREFIX_2_V0.1,ART_SUMV01_SET_9C7750D42301093888A120CE,ART_SUMV01_36C987E014472463E7672867,CLASS_D_LARGE_DATA_OBJECT,EVIDENCE_SUMMARY_JSONL_PAYLOAD,6680054,36c987e014472463e7672867d66ccb470764fe6a1f82ae61509afd0133016287,EVIDENCE_SUMMARY_MATERIALIZER_V0.1,external+sha256://PENDING/luad-target-dossier/evidence-summary-v0.1/ART_SUMV01_SET_9C7750D42301093888A120CE/partitions/pb4/summary_records.jsonl,LOCAL_CONTENT_ADDRESSED_STAGING_PENDING_DURABLE_REGISTRATION,104,137,29371,EVIDENCE_SUMMARY_SCHEMA_V0.1,EVIDENCE_AGGREGATION_REPRESENTATION_V0.1,PASS
pb5,ENSEMBL_SHA256_PREFIX_2_V0.1,ART_SUMV01_SET_9C7750D42301093888A120CE,ART_SUMV01_C459CB12DD188FC6720B675F,CLASS_D_LARGE_DATA_OBJECT,EVIDENCE_SUMMARY_JSONL_PAYLOAD,5706826,c459cb12dd188fc6720b675fc86a8241118d68092834a2fb3d014286f2ada674,EVIDENCE_SUMMARY_MATERIALIZER_V0.1,external+sha256://PENDING/luad-target-dossier/evidence-summary-v0.1/ART_SUMV01_SET_9C7750D42301093888A120CE/partitions/pb5/summary_records.jsonl,LOCAL_CONTENT_ADDRESSED_STAGING_PENDING_DURABLE_REGISTRATION,103,61,29581,EVIDENCE_SUMMARY_SCHEMA_V0.1,EVIDENCE_AGGREGATION_REPRESENTATION_V0.1,PASS
pb6,ENSEMBL_SHA256_PREFIX_2_V0.1,ART_SUMV01_SET_9C7750D42301093888A120CE,ART_SUMV01_6A60E281943E96461456E573,CLASS_D_LARGE_DATA_OBJECT,EVIDENCE_SUMMARY_JSONL_PAYLOAD,7383536,6a60e281943e96461456e5738259e297c34ee9cfe23bf0e520b88e8722bb11aa,EVIDENCE_SUMMARY_MATERIALIZER_V0.1,external+sha256://PENDING/luad-target-dossier/evidence-summary-v0.1/ART_SUMV01_SET_9C7750D42301093888A120CE/partitions/pb6/summary_records.jsonl,LOCAL_CONTENT_ADDRESSED_STAGING_PENDING_DURABLE_REGISTRATION,129,332,29586,EVIDENCE_SUMMARY_SCHEMA_V0.1,EVIDENCE_AGGREGATION_REPRESENTATION_V0.1,PASS
pb7,ENSEMBL_SHA256_PREFIX_2_V0.1,ART_SUMV01_SET_9C7750D42301093888A120CE,ART_SUMV01_B93357A4BD318C0EF801817B,CLASS_D_LARGE_DATA_OBJECT,EVIDENCE_SUMMARY_JSONL_PAYLOAD,7606394,b93357a4bd318c0ef801817b8582b689eba781c79b684bcf96bdd3ac32a0b5d6,EVIDENCE_SUMMARY_MATERIALIZER_V0.1,external+sha256://PENDING/luad-target-dossier/evidence-summary-v0.1/ART_SUMV01_SET_9C7750D42301093888A120CE/partitions/pb7/summary_records.jsonl,LOCAL_CONTENT_ADDRESSED_STAGING_PENDING_DURABLE_REGISTRATION,122,720,29468,EVIDENCE_SUMMARY_SCHEMA_V0.1,EVIDENCE_AGGREGATION_REPRESENTATION_V0.1,PASS
pb8,ENSEMBL_SHA256_PREFIX_2_V0.1,ART_SUMV01_SET_9C7750D42301093888A120CE,ART_SUMV01_7349CD1B5844C286DB0FD614,CLASS_D_LARGE_DATA_OBJECT,EVIDENCE_SUMMARY_JSONL_PAYLOAD,6868702,7349cd1b5844c286db0fd614d9358d92f04a7f4297daeb362950ad7f725cb79f,EVIDENCE_SUMMARY_MATERIALIZER_V0.1,external+sha256://PENDING/luad-target-dossier/evidence-summary-v0.1/ART_SUMV01_SET_9C7750D42301093888A120CE/partitions/pb8/summary_records.jsonl,LOCAL_CONTENT_ADDRESSED_STAGING_PENDING_DURABLE_REGISTRATION,128,105,29345,EVIDENCE_SUMMARY_SCHEMA_V0.1,EVIDENCE_AGGREGATION_REPRESENTATION_V0.1,PASS
pb9,ENSEMBL_SHA256_PREFIX_2_V0.1,ART_SUMV01_SET_9C7750D42301093888A120CE,ART_SUMV01_8A9B549687E1DA585AE853F4,CLASS_D_LARGE_DATA_OBJECT,EVIDENCE_SUMMARY_JSONL_PAYLOAD,7828511,8a9b549687e1da585ae853f428b66ff1bca727c152091a9907b2210393e957b2,EVIDENCE_SUMMARY_MATERIALIZER_V0.1,external+sha256://PENDING/luad-target-dossier/evidence-summary-v0.1/ART_SUMV01_SET_9C7750D42301093888A120CE/partitions/pb9/summary_records.jsonl,LOCAL_CONTENT_ADDRESSED_STAGING_PENDING_DURABLE_REGISTRATION,113,318,29525,EVIDENCE_SUMMARY_SCHEMA_V0.1,EVIDENCE_AGGREGATION_REPRESENTATION_V0.1,PASS
pba,ENSEMBL_SHA256_PREFIX_2_V0.1,ART_SUMV01_SET_9C7750D42301093888A120CE,ART_SUMV01_7B9C105812A9A4CFC0F65C14,CLASS_D_LARGE_DATA_OBJECT,EVIDENCE_SUMMARY_JSONL_PAYLOAD,7357040,7b9c105812a9a4cfc0f65c144027542b4deea4b43f981ba70487486e0e331652,EVIDENCE_SUMMARY_MATERIALIZER_V0.1,external+sha256://PENDING/luad-target-dossier/evidence-summary-v0.1/ART_SUMV01_SET_9C7750D42301093888A120CE/partitions/pba/summary_records.jsonl,LOCAL_CONTENT_ADDRESSED_STAGING_PENDING_DURABLE_REGISTRATION,133,188,29278,EVIDENCE_SUMMARY_SCHEMA_V0.1,EVIDENCE_AGGREGATION_REPRESENTATION_V0.1,PASS
pbb,ENSEMBL_SHA256_PREFIX_2_V0.1,ART_SUMV01_SET_9C7750D42301093888A120CE,ART_SUMV01_88DBE74543C4059D15A01994,CLASS_D_LARGE_DATA_OBJECT,EVIDENCE_SUMMARY_JSONL_PAYLOAD,6315932,88dbe74543c4059d15a01994b29d54107ff23b0df4dd0092be5d0b0bc4ed01e3,EVIDENCE_SUMMARY_MATERIALIZER_V0.1,external+sha256://PENDING/luad-target-dossier/evidence-summary-v0.1/ART_SUMV01_SET_9C7750D42301093888A120CE/partitions/pbb/summary_records.jsonl,LOCAL_CONTENT_ADDRESSED_STAGING_PENDING_DURABLE_REGISTRATION,110,350,29558,EVIDENCE_SUMMARY_SCHEMA_V0.1,EVIDENCE_AGGREGATION_REPRESENTATION_V0.1,PASS
pbc,ENSEMBL_SHA256_PREFIX_2_V0.1,ART_SUMV01_SET_9C7750D42301093888A120CE,ART_SUMV01_316AEBC3C8A0ED422498BE6D,CLASS_D_LARGE_DATA_OBJECT,EVIDENCE_SUMMARY_JSONL_PAYLOAD,8198855,316aebc3c8a0ed422498be6d3a6fe1f25c8f4b7f7a97e716566a0eead3b42905,EVIDENCE_SUMMARY_MATERIALIZER_V0.1,external+sha256://PENDING/luad-target-dossier/evidence-summary-v0.1/ART_SUMV01_SET_9C7750D42301093888A120CE/partitions/pbc/summary_records.jsonl,LOCAL_CONTENT_ADDRESSED_STAGING_PENDING_DURABLE_REGISTRATION,122,303,28991,EVIDENCE_SUMMARY_SCHEMA_V0.1,EVIDENCE_AGGREGATION_REPRESENTATION_V0.1,PASS
pbd,ENSEMBL_SHA256_PREFIX_2_V0.1,ART_SUMV01_SET_9C7750D42301093888A120CE,ART_SUMV01_3E45A05F6871BCC8DB9B87A0,CLASS_D_LARGE_DATA_OBJECT,EVIDENCE_SUMMARY_JSONL_PAYLOAD,5580066,3e45a05f6871bcc8db9b87a096a164b2b02e7f7074c9076adad8e438bbbbe3ae,EVIDENCE_SUMMARY_MATERIALIZER_V0.1,external+sha256://PENDING/luad-target-dossier/evidence-summary-v0.1/ART_SUMV01_SET_9C7750D42301093888A120CE/partitions/pbd/summary_records.jsonl,LOCAL_CONTENT_ADDRESSED_STAGING_PENDING_DURABLE_REGISTRATION,114,50,29205,EVIDENCE_SUMMARY_SCHEMA_V0.1,EVIDENCE_AGGREGATION_REPRESENTATION_V0.1,PASS
pbe,ENSEMBL_SHA256_PREFIX_2_V0.1,ART_SUMV01_SET_9C7750D42301093888A120CE,ART_SUMV01_90B917827169575C19F3E6CA,CLASS_D_LARGE_DATA_OBJECT,EVIDENCE_SUMMARY_JSONL_PAYLOAD,9389520,90b917827169575c19f3e6ca0f37f0f9386add62f1de3e102341c082b83b7c13,EVIDENCE_SUMMARY_MATERIALIZER_V0.1,external+sha256://PENDING/luad-target-dossier/evidence-summary-v0.1/ART_SUMV01_SET_9C7750D42301093888A120CE/partitions/pbe/summary_records.jsonl,LOCAL_CONTENT_ADDRESSED_STAGING_PENDING_DURABLE_REGISTRATION,113,645,29522,EVIDENCE_SUMMARY_SCHEMA_V0.1,EVIDENCE_AGGREGATION_REPRESENTATION_V0.1,PASS
pbf,ENSEMBL_SHA256_PREFIX_2_V0.1,ART_SUMV01_SET_9C7750D42301093888A120CE,ART_SUMV01_80D4C6A0018A1B317A7FDF27,CLASS_D_LARGE_DATA_OBJECT,EVIDENCE_SUMMARY_JSONL_PAYLOAD,9105250,80d4c6a0018a1b317a7fdf27f28a2a63a3277fc5fd26ff512de41ebde2f4955a,EVIDENCE_SUMMARY_MATERIALIZER_V0.1,external+sha256://PENDING/luad-target-dossier/evidence-summary-v0.1/ART_SUMV01_SET_9C7750D42301093888A120CE/partitions/pbf/summary_records.jsonl,LOCAL_CONTENT_ADDRESSED_STAGING_PENDING_DURABLE_REGISTRATION,126,9,28692,EVIDENCE_SUMMARY_SCHEMA_V0.1,EVIDENCE_AGGREGATION_REPRESENTATION_V0.1,PASS
pc0,ENSEMBL_SHA256_PREFIX_2_V0.1,ART_SUMV01_SET_9C7750D42301093888A120CE,ART_SUMV01_7DDBB7A6F33FD33ECE156DF5,CLASS_D_LARGE_DATA_OBJECT,EVIDENCE_SUMMARY_JSONL_PAYLOAD,6273366,7ddbb7a6f33fd33ece156df54a26e8e6cc967d65dd5e5cc1100754add86e2187,EVIDENCE_SUMMARY_MATERIALIZER_V0.1,external+sha256://PENDING/luad-target-dossier/evidence-summary-v0.1/ART_SUMV01_SET_9C7750D42301093888A120CE/partitions/pc0/summary_records.jsonl,LOCAL_CONTENT_ADDRESSED_STAGING_PENDING_DURABLE_REGISTRATION,110,577,29379,EVIDENCE_SUMMARY_SCHEMA_V0.1,EVIDENCE_AGGREGATION_REPRESENTATION_V0.1,PASS
pc1,ENSEMBL_SHA256_PREFIX_2_V0.1,ART_SUMV01_SET_9C7750D42301093888A120CE,ART_SUMV01_874538E9D78AB83A6D9C58EB,CLASS_D_LARGE_DATA_OBJECT,EVIDENCE_SUMMARY_JSONL_PAYLOAD,6702566,874538e9d78ab83a6d9c58ebb1f071abbc1a1a56e8a09c3d1dcb30d7f8d9282e,EVIDENCE_SUMMARY_MATERIALIZER_V0.1,external+sha256://PENDING/luad-target-dossier/evidence-summary-v0.1/ART_SUMV01_SET_9C7750D42301093888A120CE/partitions/pc1/summary_records.jsonl,LOCAL_CONTENT_ADDRESSED_STAGING_PENDING_DURABLE_REGISTRATION,106,148,29585,EVIDENCE_SUMMARY_SCHEMA_V0.1,EVIDENCE_AGGREGATION_REPRESENTATION_V0.1,PASS
pc2,ENSEMBL_SHA256_PREFIX_2_V0.1,ART_SUMV01_SET_9C7750D42301093888A120CE,ART_SUMV01_FB1963C925A01CEE967E317F,CLASS_D_LARGE_DATA_OBJECT,EVIDENCE_SUMMARY_JSONL_PAYLOAD,7634902,fb1963c925a01cee967e317f6ffa732189330aa8b34335bd5fa9637fe31a582d,EVIDENCE_SUMMARY_MATERIALIZER_V0.1,external+sha256://PENDING/luad-target-dossier/evidence-summary-v0.1/ART_SUMV01_SET_9C7750D42301093888A120CE/partitions/pc2/summary_records.jsonl,LOCAL_CONTENT_ADDRESSED_STAGING_PENDING_DURABLE_REGISTRATION,120,125,29573,EVIDENCE_SUMMARY_SCHEMA_V0.1,EVIDENCE_AGGREGATION_REPRESENTATION_V0.1,PASS
pc3,ENSEMBL_SHA256_PREFIX_2_V0.1,ART_SUMV01_SET_9C7750D42301093888A120CE,ART_SUMV01_A8189ED086BB3C606D47C7B3,CLASS_D_LARGE_DATA_OBJECT,EVIDENCE_SUMMARY_JSONL_PAYLOAD,5032920,a8189ed086bb3c606d47c7b359c3e779fa6b5eac50a43a1e3fc365efceb9bb3e,EVIDENCE_SUMMARY_MATERIALIZER_V0.1,external+sha256://PENDING/luad-target-dossier/evidence-summary-v0.1/ART_SUMV01_SET_9C7750D42301093888A120CE/partitions/pc3/summary_records.jsonl,LOCAL_CONTENT_ADDRESSED_STAGING_PENDING_DURABLE_REGISTRATION,110,132,29600,EVIDENCE_SUMMARY_SCHEMA_V0.1,EVIDENCE_AGGREGATION_REPRESENTATION_V0.1,PASS
pc4,ENSEMBL_SHA256_PREFIX_2_V0.1,ART_SUMV01_SET_9C7750D42301093888A120CE,ART_SUMV01_D590004677AE1CFD458D9C2B,CLASS_D_LARGE_DATA_OBJECT,EVIDENCE_SUMMARY_JSONL_PAYLOAD,9776154,d590004677ae1cfd458d9c2bf412f509c35881e4902adf10e3d20617fb0d75ad,EVIDENCE_SUMMARY_MATERIALIZER_V0.1,external+sha256://PENDING/luad-target-dossier/evidence-summary-v0.1/ART_SUMV01_SET_9C7750D42301093888A120CE/partitions/pc4/summary_records.jsonl,LOCAL_CONTENT_ADDRESSED_STAGING_PENDING_DURABLE_REGISTRATION,97,704,29547,EVIDENCE_SUMMARY_SCHEMA_V0.1,EVIDENCE_AGGREGATION_REPRESENTATION_V0.1,PASS
pc5,ENSEMBL_SHA256_PREFIX_2_V0.1,ART_SUMV01_SET_9C7750D42301093888A120CE,ART_SUMV01_A9DB27EB981DE17959D27862,CLASS_D_LARGE_DATA_OBJECT,EVIDENCE_SUMMARY_JSONL_PAYLOAD,5890972,a9db27eb981de17959d2786239287a7f9f5163b356a80d69009c955937160796,EVIDENCE_SUMMARY_MATERIALIZER_V0.1,external+sha256://PENDING/luad-target-dossier/evidence-summary-v0.1/ART_SUMV01_SET_9C7750D42301093888A120CE/partitions/pc5/summary_records.jsonl,LOCAL_CONTENT_ADDRESSED_STAGING_PENDING_DURABLE_REGISTRATION,114,213,29605,EVIDENCE_SUMMARY_SCHEMA_V0.1,EVIDENCE_AGGREGATION_REPRESENTATION_V0.1,PASS
pc6,ENSEMBL_SHA256_PREFIX_2_V0.1,ART_SUMV01_SET_9C7750D42301093888A120CE,ART_SUMV01_B3425ABFB7BC832494D8B0B1,CLASS_D_LARGE_DATA_OBJECT,EVIDENCE_SUMMARY_JSONL_PAYLOAD,6215669,b3425abfb7bc832494d8b0b135705ded671511319c871df7274584d1f0f6631d,EVIDENCE_SUMMARY_MATERIALIZER_V0.1,external+sha256://PENDING/luad-target-dossier/evidence-summary-v0.1/ART_SUMV01_SET_9C7750D42301093888A120CE/partitions/pc6/summary_records.jsonl,LOCAL_CONTENT_ADDRESSED_STAGING_PENDING_DURABLE_REGISTRATION,128,207,29518,EVIDENCE_SUMMARY_SCHEMA_V0.1,EVIDENCE_AGGREGATION_REPRESENTATION_V0.1,PASS
pc7,ENSEMBL_SHA256_PREFIX_2_V0.1,ART_SUMV01_SET_9C7750D42301093888A120CE,ART_SUMV01_615AC23D3C1D94D56CDF63EE,CLASS_D_LARGE_DATA_OBJECT,EVIDENCE_SUMMARY_JSONL_PAYLOAD,5861031,615ac23d3c1d94d56cdf63eeb515f7f3d021045c7a78ea66e5030210d0c8e3e5,EVIDENCE_SUMMARY_MATERIALIZER_V0.1,external+sha256://PENDING/luad-target-dossier/evidence-summary-v0.1/ART_SUMV01_SET_9C7750D42301093888A120CE/partitions/pc7/summary_records.jsonl,LOCAL_CONTENT_ADDRESSED_STAGING_PENDING_DURABLE_REGISTRATION,124,782,29336,EVIDENCE_SUMMARY_SCHEMA_V0.1,EVIDENCE_AGGREGATION_REPRESENTATION_V0.1,PASS
pc8,ENSEMBL_SHA256_PREFIX_2_V0.1,ART_SUMV01_SET_9C7750D42301093888A120CE,ART_SUMV01_C561EFD74CAC05337B75348A,CLASS_D_LARGE_DATA_OBJECT,EVIDENCE_SUMMARY_JSONL_PAYLOAD,9313760,c561efd74cac05337b75348a06923411f304013812dce363f70a751bf9a8383b,EVIDENCE_SUMMARY_MATERIALIZER_V0.1,external+sha256://PENDING/luad-target-dossier/evidence-summary-v0.1/ART_SUMV01_SET_9C7750D42301093888A120CE/partitions/pc8/summary_records.jsonl,LOCAL_CONTENT_ADDRESSED_STAGING_PENDING_DURABLE_REGISTRATION,121,6,29529,EVIDENCE_SUMMARY_SCHEMA_V0.1,EVIDENCE_AGGREGATION_REPRESENTATION_V0.1,PASS
pc9,ENSEMBL_SHA256_PREFIX_2_V0.1,ART_SUMV01_SET_9C7750D42301093888A120CE,ART_SUMV01_99B644D944788F07F8D5C0E3,CLASS_D_LARGE_DATA_OBJECT,EVIDENCE_SUMMARY_JSONL_PAYLOAD,5618798,99b644d944788f07f8d5c0e3babd1dcb1e9d78971dbdb24c7085137562b3e257,EVIDENCE_SUMMARY_MATERIALIZER_V0.1,external+sha256://PENDING/luad-target-dossier/evidence-summary-v0.1/ART_SUMV01_SET_9C7750D42301093888A120CE/partitions/pc9/summary_records.jsonl,LOCAL_CONTENT_ADDRESSED_STAGING_PENDING_DURABLE_REGISTRATION,102,317,29472,EVIDENCE_SUMMARY_SCHEMA_V0.1,EVIDENCE_AGGREGATION_REPRESENTATION_V0.1,PASS
pca,ENSEMBL_SHA256_PREFIX_2_V0.1,ART_SUMV01_SET_9C7750D42301093888A120CE,ART_SUMV01_9FDAE95C26A502169A986C28,CLASS_D_LARGE_DATA_OBJECT,EVIDENCE_SUMMARY_JSONL_PAYLOAD,5824192,9fdae95c26a502169a986c2805191f797404abb2871d23426d836a80257a908c,EVIDENCE_SUMMARY_MATERIALIZER_V0.1,external+sha256://PENDING/luad-target-dossier/evidence-summary-v0.1/ART_SUMV01_SET_9C7750D42301093888A120CE/partitions/pca/summary_records.jsonl,LOCAL_CONTENT_ADDRESSED_STAGING_PENDING_DURABLE_REGISTRATION,98,360,29277,EVIDENCE_SUMMARY_SCHEMA_V0.1,EVIDENCE_AGGREGATION_REPRESENTATION_V0.1,PASS
pcb,ENSEMBL_SHA256_PREFIX_2_V0.1,ART_SUMV01_SET_9C7750D42301093888A120CE,ART_SUMV01_6F55F7D1C7F5A07A7934D1F4,CLASS_D_LARGE_DATA_OBJECT,EVIDENCE_SUMMARY_JSONL_PAYLOAD,8143746,6f55f7d1c7f5a07a7934d1f4af1f05483e478d190dc89974dc7c288513f22cb4,EVIDENCE_SUMMARY_MATERIALIZER_V0.1,external+sha256://PENDING/luad-target-dossier/evidence-summary-v0.1/ART_SUMV01_SET_9C7750D42301093888A120CE/partitions/pcb/summary_records.jsonl,LOCAL_CONTENT_ADDRESSED_STAGING_PENDING_DURABLE_REGISTRATION,124,215,29146,EVIDENCE_SUMMARY_SCHEMA_V0.1,EVIDENCE_AGGREGATION_REPRESENTATION_V0.1,PASS
pcc,ENSEMBL_SHA256_PREFIX_2_V0.1,ART_SUMV01_SET_9C7750D42301093888A120CE,ART_SUMV01_F342162F2F4DF6F207F98F35,CLASS_D_LARGE_DATA_OBJECT,EVIDENCE_SUMMARY_JSONL_PAYLOAD,8565502,f342162f2f4df6f207f98f35a2878ea13de83557dfe0c86eb75b19509fad9c54,EVIDENCE_SUMMARY_MATERIALIZER_V0.1,external+sha256://PENDING/luad-target-dossier/evidence-summary-v0.1/ART_SUMV01_SET_9C7750D42301093888A120CE/partitions/pcc/summary_records.jsonl,LOCAL_CONTENT_ADDRESSED_STAGING_PENDING_DURABLE_REGISTRATION,110,783,29270,EVIDENCE_SUMMARY_SCHEMA_V0.1,EVIDENCE_AGGREGATION_REPRESENTATION_V0.1,PASS
pcd,ENSEMBL_SHA256_PREFIX_2_V0.1,ART_SUMV01_SET_9C7750D42301093888A120CE,ART_SUMV01_8890CAB4E2C7800CC3AF8269,CLASS_D_LARGE_DATA_OBJECT,EVIDENCE_SUMMARY_JSONL_PAYLOAD,6320447,8890cab4e2c7800cc3af8269a6719f7553286274ca39e704a8fab0d25a6b70be,EVIDENCE_SUMMARY_MATERIALIZER_V0.1,external+sha256://PENDING/luad-target-dossier/evidence-summary-v0.1/ART_SUMV01_SET_9C7750D42301093888A120CE/partitions/pcd/summary_records.jsonl,LOCAL_CONTENT_ADDRESSED_STAGING_PENDING_DURABLE_REGISTRATION,118,422,29501,EVIDENCE_SUMMARY_SCHEMA_V0.1,EVIDENCE_AGGREGATION_REPRESENTATION_V0.1,PASS
pce,ENSEMBL_SHA256_PREFIX_2_V0.1,ART_SUMV01_SET_9C7750D42301093888A120CE,ART_SUMV01_E0DB2767B61796F122ACEE2C,CLASS_D_LARGE_DATA_OBJECT,EVIDENCE_SUMMARY_JSONL_PAYLOAD,6327788,e0db2767b61796f122acee2cd84e21958089e42a6cbceae680ab26ac99b123df,EVIDENCE_SUMMARY_MATERIALIZER_V0.1,external+sha256://PENDING/luad-target-dossier/evidence-summary-v0.1/ART_SUMV01_SET_9C7750D42301093888A120CE/partitions/pce/summary_records.jsonl,LOCAL_CONTENT_ADDRESSED_STAGING_PENDING_DURABLE_REGISTRATION,120,52,29464,EVIDENCE_SUMMARY_SCHEMA_V0.1,EVIDENCE_AGGREGATION_REPRESENTATION_V0.1,PASS
pcf,ENSEMBL_SHA256_PREFIX_2_V0.1,ART_SUMV01_SET_9C7750D42301093888A120CE,ART_SUMV01_C4339743BA631D01202AFE1E,CLASS_D_LARGE_DATA_OBJECT,EVIDENCE_SUMMARY_JSONL_PAYLOAD,5555955,c4339743ba631d01202afe1e75a5740b25fa9aa576e3fbd6730385eb27279646,EVIDENCE_SUMMARY_MATERIALIZER_V0.1,external+sha256://PENDING/luad-target-dossier/evidence-summary-v0.1/ART_SUMV01_SET_9C7750D42301093888A120CE/partitions/pcf/summary_records.jsonl,LOCAL_CONTENT_ADDRESSED_STAGING_PENDING_DURABLE_REGISTRATION,109,216,29453,EVIDENCE_SUMMARY_SCHEMA_V0.1,EVIDENCE_AGGREGATION_REPRESENTATION_V0.1,PASS
pd0,ENSEMBL_SHA256_PREFIX_2_V0.1,ART_SUMV01_SET_9C7750D42301093888A120CE,ART_SUMV01_CA7BFB36F7279300757E7354,CLASS_D_LARGE_DATA_OBJECT,EVIDENCE_SUMMARY_JSONL_PAYLOAD,7013925,ca7bfb36f7279300757e73544d2931d6fdb018245e5ffd21573dc486776cb7ab,EVIDENCE_SUMMARY_MATERIALIZER_V0.1,external+sha256://PENDING/luad-target-dossier/evidence-summary-v0.1/ART_SUMV01_SET_9C7750D42301093888A120CE/partitions/pd0/summary_records.jsonl,LOCAL_CONTENT_ADDRESSED_STAGING_PENDING_DURABLE_REGISTRATION,125,745,29376,EVIDENCE_SUMMARY_SCHEMA_V0.1,EVIDENCE_AGGREGATION_REPRESENTATION_V0.1,PASS
pd1,ENSEMBL_SHA256_PREFIX_2_V0.1,ART_SUMV01_SET_9C7750D42301093888A120CE,ART_SUMV01_31B83EF1D2B3E8DC2CEC6554,CLASS_D_LARGE_DATA_OBJECT,EVIDENCE_SUMMARY_JSONL_PAYLOAD,8520225,31b83ef1d2b3e8dc2cec655431a622fb1d804a9b34421e99351f8937504085a8,EVIDENCE_SUMMARY_MATERIALIZER_V0.1,external+sha256://PENDING/luad-target-dossier/evidence-summary-v0.1/ART_SUMV01_SET_9C7750D42301093888A120CE/partitions/pd1/summary_records.jsonl,LOCAL_CONTENT_ADDRESSED_STAGING_PENDING_DURABLE_REGISTRATION,111,316,29312,EVIDENCE_SUMMARY_SCHEMA_V0.1,EVIDENCE_AGGREGATION_REPRESENTATION_V0.1,PASS
pd2,ENSEMBL_SHA256_PREFIX_2_V0.1,ART_SUMV01_SET_9C7750D42301093888A120CE,ART_SUMV01_FEC19E2BD8DDFEDABE945392,CLASS_D_LARGE_DATA_OBJECT,EVIDENCE_SUMMARY_JSONL_PAYLOAD,5990659,fec19e2bd8ddfedabe9453920543b6739450a18d3ef2b53317c870be78d7ec90,EVIDENCE_SUMMARY_MATERIALIZER_V0.1,external+sha256://PENDING/luad-target-dossier/evidence-summary-v0.1/ART_SUMV01_SET_9C7750D42301093888A120CE/partitions/pd2/summary_records.jsonl,LOCAL_CONTENT_ADDRESSED_STAGING_PENDING_DURABLE_REGISTRATION,121,291,29304,EVIDENCE_SUMMARY_SCHEMA_V0.1,EVIDENCE_AGGREGATION_REPRESENTATION_V0.1,PASS
pd3,ENSEMBL_SHA256_PREFIX_2_V0.1,ART_SUMV01_SET_9C7750D42301093888A120CE,ART_SUMV01_8BD6E31B54F252A642AD24FC,CLASS_D_LARGE_DATA_OBJECT,EVIDENCE_SUMMARY_JSONL_PAYLOAD,5977807,8bd6e31b54f252a642ad24fc847b00067f76a583df06ee20670a9fa8aedddcb5,EVIDENCE_SUMMARY_MATERIALIZER_V0.1,external+sha256://PENDING/luad-target-dossier/evidence-summary-v0.1/ART_SUMV01_SET_9C7750D42301093888A120CE/partitions/pd3/summary_records.jsonl,LOCAL_CONTENT_ADDRESSED_STAGING_PENDING_DURABLE_REGISTRATION,120,11,29488,EVIDENCE_SUMMARY_SCHEMA_V0.1,EVIDENCE_AGGREGATION_REPRESENTATION_V0.1,PASS
pd4,ENSEMBL_SHA256_PREFIX_2_V0.1,ART_SUMV01_SET_9C7750D42301093888A120CE,ART_SUMV01_2AE71522E991AFE5467F56E6,CLASS_D_LARGE_DATA_OBJECT,EVIDENCE_SUMMARY_JSONL_PAYLOAD,6477707,2ae71522e991afe5467f56e6ec1983f67cc8fabbce46d8e2b5d8418982f5a3d0,EVIDENCE_SUMMARY_MATERIALIZER_V0.1,external+sha256://PENDING/luad-target-dossier/evidence-summary-v0.1/ART_SUMV01_SET_9C7750D42301093888A120CE/partitions/pd4/summary_records.jsonl,LOCAL_CONTENT_ADDRESSED_STAGING_PENDING_DURABLE_REGISTRATION,108,205,29556,EVIDENCE_SUMMARY_SCHEMA_V0.1,EVIDENCE_AGGREGATION_REPRESENTATION_V0.1,PASS
pd5,ENSEMBL_SHA256_PREFIX_2_V0.1,ART_SUMV01_SET_9C7750D42301093888A120CE,ART_SUMV01_CFCD0BA9053ED7F324E8EA46,CLASS_D_LARGE_DATA_OBJECT,EVIDENCE_SUMMARY_JSONL_PAYLOAD,7085215,cfcd0ba9053ed7f324e8ea46d060b251b81b65ba0f648e69082cb0c034d7b211,EVIDENCE_SUMMARY_MATERIALIZER_V0.1,external+sha256://PENDING/luad-target-dossier/evidence-summary-v0.1/ART_SUMV01_SET_9C7750D42301093888A120CE/partitions/pd5/summary_records.jsonl,LOCAL_CONTENT_ADDRESSED_STAGING_PENDING_DURABLE_REGISTRATION,100,8,29052,EVIDENCE_SUMMARY_SCHEMA_V0.1,EVIDENCE_AGGREGATION_REPRESENTATION_V0.1,PASS
pd6,ENSEMBL_SHA256_PREFIX_2_V0.1,ART_SUMV01_SET_9C7750D42301093888A120CE,ART_SUMV01_D0C648B27E9EE2F1967B7848,CLASS_D_LARGE_DATA_OBJECT,EVIDENCE_SUMMARY_JSONL_PAYLOAD,6108832,d0c648b27e9ee2f1967b784809b052146096846891871cd5c89388f4ee3ff524,EVIDENCE_SUMMARY_MATERIALIZER_V0.1,external+sha256://PENDING/luad-target-dossier/evidence-summary-v0.1/ART_SUMV01_SET_9C7750D42301093888A120CE/partitions/pd6/summary_records.jsonl,LOCAL_CONTENT_ADDRESSED_STAGING_PENDING_DURABLE_REGISTRATION,124,312,29551,EVIDENCE_SUMMARY_SCHEMA_V0.1,EVIDENCE_AGGREGATION_REPRESENTATION_V0.1,PASS
pd7,ENSEMBL_SHA256_PREFIX_2_V0.1,ART_SUMV01_SET_9C7750D42301093888A120CE,ART_SUMV01_7987B1E6D223D2B250EEF042,CLASS_D_LARGE_DATA_OBJECT,EVIDENCE_SUMMARY_JSONL_PAYLOAD,6281171,7987b1e6d223d2b250eef0422cdf99d80bb5987bd6f950284ce84dbb15a4013b,EVIDENCE_SUMMARY_MATERIALIZER_V0.1,external+sha256://PENDING/luad-target-dossier/evidence-summary-v0.1/ART_SUMV01_SET_9C7750D42301093888A120CE/partitions/pd7/summary_records.jsonl,LOCAL_CONTENT_ADDRESSED_STAGING_PENDING_DURABLE_REGISTRATION,121,3,28624,EVIDENCE_SUMMARY_SCHEMA_V0.1,EVIDENCE_AGGREGATION_REPRESENTATION_V0.1,PASS
pd8,ENSEMBL_SHA256_PREFIX_2_V0.1,ART_SUMV01_SET_9C7750D42301093888A120CE,ART_SUMV01_6B7F7C2541C7EE60EEB93038,CLASS_D_LARGE_DATA_OBJECT,EVIDENCE_SUMMARY_JSONL_PAYLOAD,6300746,6b7f7c2541c7ee60eeb930388b6aae352601058fdcbb28ac51e7e896def10457,EVIDENCE_SUMMARY_MATERIALIZER_V0.1,external+sha256://PENDING/luad-target-dossier/evidence-summary-v0.1/ART_SUMV01_SET_9C7750D42301093888A120CE/partitions/pd8/summary_records.jsonl,LOCAL_CONTENT_ADDRESSED_STAGING_PENDING_DURABLE_REGISTRATION,118,138,29062,EVIDENCE_SUMMARY_SCHEMA_V0.1,EVIDENCE_AGGREGATION_REPRESENTATION_V0.1,PASS
pd9,ENSEMBL_SHA256_PREFIX_2_V0.1,ART_SUMV01_SET_9C7750D42301093888A120CE,ART_SUMV01_C47240DD4E62DED4D197DBF0,CLASS_D_LARGE_DATA_OBJECT,EVIDENCE_SUMMARY_JSONL_PAYLOAD,6060341,c47240dd4e62ded4d197dbf0d9abdd1403bf740aec4c64e0d1a20f423d1706d7,EVIDENCE_SUMMARY_MATERIALIZER_V0.1,external+sha256://PENDING/luad-target-dossier/evidence-summary-v0.1/ART_SUMV01_SET_9C7750D42301093888A120CE/partitions/pd9/summary_records.jsonl,LOCAL_CONTENT_ADDRESSED_STAGING_PENDING_DURABLE_REGISTRATION,118,75,29460,EVIDENCE_SUMMARY_SCHEMA_V0.1,EVIDENCE_AGGREGATION_REPRESENTATION_V0.1,PASS
pda,ENSEMBL_SHA256_PREFIX_2_V0.1,ART_SUMV01_SET_9C7750D42301093888A120CE,ART_SUMV01_7E285D35106DF1277912DF7C,CLASS_D_LARGE_DATA_OBJECT,EVIDENCE_SUMMARY_JSONL_PAYLOAD,5831029,7e285d35106df1277912df7c9c49e281475d0dfddefd77bbd57c84936fa3c8bb,EVIDENCE_SUMMARY_MATERIALIZER_V0.1,external+sha256://PENDING/luad-target-dossier/evidence-summary-v0.1/ART_SUMV01_SET_9C7750D42301093888A120CE/partitions/pda/summary_records.jsonl,LOCAL_CONTENT_ADDRESSED_STAGING_PENDING_DURABLE_REGISTRATION,109,2,28936,EVIDENCE_SUMMARY_SCHEMA_V0.1,EVIDENCE_AGGREGATION_REPRESENTATION_V0.1,PASS
pdb,ENSEMBL_SHA256_PREFIX_2_V0.1,ART_SUMV01_SET_9C7750D42301093888A120CE,ART_SUMV01_7B09503056D861F054B64BC8,CLASS_D_LARGE_DATA_OBJECT,EVIDENCE_SUMMARY_JSONL_PAYLOAD,6707939,7b09503056d861f054b64bc8aeae575677dcd7e5801f3be6577aa7a08fe15306,EVIDENCE_SUMMARY_MATERIALIZER_V0.1,external+sha256://PENDING/luad-target-dossier/evidence-summary-v0.1/ART_SUMV01_SET_9C7750D42301093888A120CE/partitions/pdb/summary_records.jsonl,LOCAL_CONTENT_ADDRESSED_STAGING_PENDING_DURABLE_REGISTRATION,130,186,29354,EVIDENCE_SUMMARY_SCHEMA_V0.1,EVIDENCE_AGGREGATION_REPRESENTATION_V0.1,PASS
pdc,ENSEMBL_SHA256_PREFIX_2_V0.1,ART_SUMV01_SET_9C7750D42301093888A120CE,ART_SUMV01_4861C5A4242AF5A4FC5BA355,CLASS_D_LARGE_DATA_OBJECT,EVIDENCE_SUMMARY_JSONL_PAYLOAD,5223791,4861c5a4242af5a4fc5ba3554f4c04b34629a527f24dbc631b4265f1fbe3840e,EVIDENCE_SUMMARY_MATERIALIZER_V0.1,external+sha256://PENDING/luad-target-dossier/evidence-summary-v0.1/ART_SUMV01_SET_9C7750D42301093888A120CE/partitions/pdc/summary_records.jsonl,LOCAL_CONTENT_ADDRESSED_STAGING_PENDING_DURABLE_REGISTRATION,111,4,29463,EVIDENCE_SUMMARY_SCHEMA_V0.1,EVIDENCE_AGGREGATION_REPRESENTATION_V0.1,PASS
pdd,ENSEMBL_SHA256_PREFIX_2_V0.1,ART_SUMV01_SET_9C7750D42301093888A120CE,ART_SUMV01_B3861847152F38658C1963FB,CLASS_D_LARGE_DATA_OBJECT,EVIDENCE_SUMMARY_JSONL_PAYLOAD,7057841,b3861847152f38658c1963fb5be5c123c34e7f4bbe742e5435d0bd0a20b63ce7,EVIDENCE_SUMMARY_MATERIALIZER_V0.1,external+sha256://PENDING/luad-target-dossier/evidence-summary-v0.1/ART_SUMV01_SET_9C7750D42301093888A120CE/partitions/pdd/summary_records.jsonl,LOCAL_CONTENT_ADDRESSED_STAGING_PENDING_DURABLE_REGISTRATION,112,24,29218,EVIDENCE_SUMMARY_SCHEMA_V0.1,EVIDENCE_AGGREGATION_REPRESENTATION_V0.1,PASS
pde,ENSEMBL_SHA256_PREFIX_2_V0.1,ART_SUMV01_SET_9C7750D42301093888A120CE,ART_SUMV01_D4C38A5F5533DAD28A3A7D4A,CLASS_D_LARGE_DATA_OBJECT,EVIDENCE_SUMMARY_JSONL_PAYLOAD,8814473,d4c38a5f5533dad28a3a7d4afb2b3e0c9fa20c166e2ca177a6696bdb488ebc45,EVIDENCE_SUMMARY_MATERIALIZER_V0.1,external+sha256://PENDING/luad-target-dossier/evidence-summary-v0.1/ART_SUMV01_SET_9C7750D42301093888A120CE/partitions/pde/summary_records.jsonl,LOCAL_CONTENT_ADDRESSED_STAGING_PENDING_DURABLE_REGISTRATION,113,247,29526,EVIDENCE_SUMMARY_SCHEMA_V0.1,EVIDENCE_AGGREGATION_REPRESENTATION_V0.1,PASS
pdf,ENSEMBL_SHA256_PREFIX_2_V0.1,ART_SUMV01_SET_9C7750D42301093888A120CE,ART_SUMV01_0E0729113F9EB22CD48A1B25,CLASS_D_LARGE_DATA_OBJECT,EVIDENCE_SUMMARY_JSONL_PAYLOAD,7251006,0e0729113f9eb22cd48a1b254b49c2c9579a6b56e98e32150d75ebe535c95780,EVIDENCE_SUMMARY_MATERIALIZER_V0.1,external+sha256://PENDING/luad-target-dossier/evidence-summary-v0.1/ART_SUMV01_SET_9C7750D42301093888A120CE/partitions/pdf/summary_records.jsonl,LOCAL_CONTENT_ADDRESSED_STAGING_PENDING_DURABLE_REGISTRATION,121,575,29580,EVIDENCE_SUMMARY_SCHEMA_V0.1,EVIDENCE_AGGREGATION_REPRESENTATION_V0.1,PASS
pe0,ENSEMBL_SHA256_PREFIX_2_V0.1,ART_SUMV01_SET_9C7750D42301093888A120CE,ART_SUMV01_663F2AC8C0B3622DC4A054A9,CLASS_D_LARGE_DATA_OBJECT,EVIDENCE_SUMMARY_JSONL_PAYLOAD,6102975,663f2ac8c0b3622dc4a054a969d434a3a77fb67c95f62a0e8061a5506aa296c1,EVIDENCE_SUMMARY_MATERIALIZER_V0.1,external+sha256://PENDING/luad-target-dossier/evidence-summary-v0.1/ART_SUMV01_SET_9C7750D42301093888A120CE/partitions/pe0/summary_records.jsonl,LOCAL_CONTENT_ADDRESSED_STAGING_PENDING_DURABLE_REGISTRATION,106,22,29557,EVIDENCE_SUMMARY_SCHEMA_V0.1,EVIDENCE_AGGREGATION_REPRESENTATION_V0.1,PASS
pe1,ENSEMBL_SHA256_PREFIX_2_V0.1,ART_SUMV01_SET_9C7750D42301093888A120CE,ART_SUMV01_83605D4140640CAF4745228F,CLASS_D_LARGE_DATA_OBJECT,EVIDENCE_SUMMARY_JSONL_PAYLOAD,6122976,83605d4140640caf4745228f649b464e9665cb971f2a74a71efece1d53dc57b0,EVIDENCE_SUMMARY_MATERIALIZER_V0.1,external+sha256://PENDING/luad-target-dossier/evidence-summary-v0.1/ART_SUMV01_SET_9C7750D42301093888A120CE/partitions/pe1/summary_records.jsonl,LOCAL_CONTENT_ADDRESSED_STAGING_PENDING_DURABLE_REGISTRATION,101,36,29520,EVIDENCE_SUMMARY_SCHEMA_V0.1,EVIDENCE_AGGREGATION_REPRESENTATION_V0.1,PASS
pe2,ENSEMBL_SHA256_PREFIX_2_V0.1,ART_SUMV01_SET_9C7750D42301093888A120CE,ART_SUMV01_8FEB477DBC66879C62885902,CLASS_D_LARGE_DATA_OBJECT,EVIDENCE_SUMMARY_JSONL_PAYLOAD,6676355,8feb477dbc66879c62885902fcafa54ffe7f75d8f25aab8c8f4f1f4aa3dc6c5d,EVIDENCE_SUMMARY_MATERIALIZER_V0.1,external+sha256://PENDING/luad-target-dossier/evidence-summary-v0.1/ART_SUMV01_SET_9C7750D42301093888A120CE/partitions/pe2/summary_records.jsonl,LOCAL_CONTENT_ADDRESSED_STAGING_PENDING_DURABLE_REGISTRATION,119,10,29575,EVIDENCE_SUMMARY_SCHEMA_V0.1,EVIDENCE_AGGREGATION_REPRESENTATION_V0.1,PASS
pe3,ENSEMBL_SHA256_PREFIX_2_V0.1,ART_SUMV01_SET_9C7750D42301093888A120CE,ART_SUMV01_9F712632CE2B827B7640ED51,CLASS_D_LARGE_DATA_OBJECT,EVIDENCE_SUMMARY_JSONL_PAYLOAD,5292720,9f712632ce2b827b7640ed516b61dc70b184328814fe5afcd5858864472e9747,EVIDENCE_SUMMARY_MATERIALIZER_V0.1,external+sha256://PENDING/luad-target-dossier/evidence-summary-v0.1/ART_SUMV01_SET_9C7750D42301093888A120CE/partitions/pe3/summary_records.jsonl,LOCAL_CONTENT_ADDRESSED_STAGING_PENDING_DURABLE_REGISTRATION,114,26,29449,EVIDENCE_SUMMARY_SCHEMA_V0.1,EVIDENCE_AGGREGATION_REPRESENTATION_V0.1,PASS
pe4,ENSEMBL_SHA256_PREFIX_2_V0.1,ART_SUMV01_SET_9C7750D42301093888A120CE,ART_SUMV01_4D01206B765D56408A674220,CLASS_D_LARGE_DATA_OBJECT,EVIDENCE_SUMMARY_JSONL_PAYLOAD,6177968,4d01206b765d56408a674220009103d366d86db502954ae71175f6cbe9c96895,EVIDENCE_SUMMARY_MATERIALIZER_V0.1,external+sha256://PENDING/luad-target-dossier/evidence-summary-v0.1/ART_SUMV01_SET_9C7750D42301093888A120CE/partitions/pe4/summary_records.jsonl,LOCAL_CONTENT_ADDRESSED_STAGING_PENDING_DURABLE_REGISTRATION,115,151,29423,EVIDENCE_SUMMARY_SCHEMA_V0.1,EVIDENCE_AGGREGATION_REPRESENTATION_V0.1,PASS
pe5,ENSEMBL_SHA256_PREFIX_2_V0.1,ART_SUMV01_SET_9C7750D42301093888A120CE,ART_SUMV01_D932391824714F916382FAB0,CLASS_D_LARGE_DATA_OBJECT,EVIDENCE_SUMMARY_JSONL_PAYLOAD,5479407,d932391824714f916382fab05673b7fe293c4a9b2f16e81ab2aacccc19b3b7bf,EVIDENCE_SUMMARY_MATERIALIZER_V0.1,external+sha256://PENDING/luad-target-dossier/evidence-summary-v0.1/ART_SUMV01_SET_9C7750D42301093888A120CE/partitions/pe5/summary_records.jsonl,LOCAL_CONTENT_ADDRESSED_STAGING_PENDING_DURABLE_REGISTRATION,114,305,29060,EVIDENCE_SUMMARY_SCHEMA_V0.1,EVIDENCE_AGGREGATION_REPRESENTATION_V0.1,PASS
pe6,ENSEMBL_SHA256_PREFIX_2_V0.1,ART_SUMV01_SET_9C7750D42301093888A120CE,ART_SUMV01_4BA78D0EBD6674AC84B0F339,CLASS_D_LARGE_DATA_OBJECT,EVIDENCE_SUMMARY_JSONL_PAYLOAD,15218992,4ba78d0ebd6674ac84b0f3393db276648060a580f9e7a1ff61cba6fefab535b6,EVIDENCE_SUMMARY_MATERIALIZER_V0.1,external+sha256://PENDING/luad-target-dossier/evidence-summary-v0.1/ART_SUMV01_SET_9C7750D42301093888A120CE/partitions/pe6/summary_records.jsonl,LOCAL_CONTENT_ADDRESSED_STAGING_PENDING_DURABLE_REGISTRATION,122,64,29593,EVIDENCE_SUMMARY_SCHEMA_V0.1,EVIDENCE_AGGREGATION_REPRESENTATION_V0.1,PASS
pe7,ENSEMBL_SHA256_PREFIX_2_V0.1,ART_SUMV01_SET_9C7750D42301093888A120CE,ART_SUMV01_34B4CCE9CB71CDC65ABB203A,CLASS_D_LARGE_DATA_OBJECT,EVIDENCE_SUMMARY_JSONL_PAYLOAD,11572704,34b4cce9cb71cdc65abb203a6122420a4155058d4e48888bd72406fbf43aa0f9,EVIDENCE_SUMMARY_MATERIALIZER_V0.1,external+sha256://PENDING/luad-target-dossier/evidence-summary-v0.1/ART_SUMV01_SET_9C7750D42301093888A120CE/partitions/pe7/summary_records.jsonl,LOCAL_CONTENT_ADDRESSED_STAGING_PENDING_DURABLE_REGISTRATION,116,506,29064,EVIDENCE_SUMMARY_SCHEMA_V0.1,EVIDENCE_AGGREGATION_REPRESENTATION_V0.1,PASS
pe8,ENSEMBL_SHA256_PREFIX_2_V0.1,ART_SUMV01_SET_9C7750D42301093888A120CE,ART_SUMV01_7FF13730BEDB2227225B40C1,CLASS_D_LARGE_DATA_OBJECT,EVIDENCE_SUMMARY_JSONL_PAYLOAD,7117431,7ff13730bedb2227225b40c1c50fe3bbc954c208aa227f1b2ef9f784bba79687,EVIDENCE_SUMMARY_MATERIALIZER_V0.1,external+sha256://PENDING/luad-target-dossier/evidence-summary-v0.1/ART_SUMV01_SET_9C7750D42301093888A120CE/partitions/pe8/summary_records.jsonl,LOCAL_CONTENT_ADDRESSED_STAGING_PENDING_DURABLE_REGISTRATION,112,402,28732,EVIDENCE_SUMMARY_SCHEMA_V0.1,EVIDENCE_AGGREGATION_REPRESENTATION_V0.1,PASS
pe9,ENSEMBL_SHA256_PREFIX_2_V0.1,ART_SUMV01_SET_9C7750D42301093888A120CE,ART_SUMV01_C406E8E52F791BFCB2084E1B,CLASS_D_LARGE_DATA_OBJECT,EVIDENCE_SUMMARY_JSONL_PAYLOAD,5495909,c406e8e52f791bfcb2084e1b7c13fd0c39ce96ea4d0426cec11adce5202238ea,EVIDENCE_SUMMARY_MATERIALIZER_V0.1,external+sha256://PENDING/luad-target-dossier/evidence-summary-v0.1/ART_SUMV01_SET_9C7750D42301093888A120CE/partitions/pe9/summary_records.jsonl,LOCAL_CONTENT_ADDRESSED_STAGING_PENDING_DURABLE_REGISTRATION,106,436,29538,EVIDENCE_SUMMARY_SCHEMA_V0.1,EVIDENCE_AGGREGATION_REPRESENTATION_V0.1,PASS
pea,ENSEMBL_SHA256_PREFIX_2_V0.1,ART_SUMV01_SET_9C7750D42301093888A120CE,ART_SUMV01_4781A02A336A0A7E6527F749,CLASS_D_LARGE_DATA_OBJECT,EVIDENCE_SUMMARY_JSONL_PAYLOAD,6220651,4781a02a336a0a7e6527f749365e6eb3ce4f9d27b2d7370fc94c56e095e1c2f9,EVIDENCE_SUMMARY_MATERIALIZER_V0.1,external+sha256://PENDING/luad-target-dossier/evidence-summary-v0.1/ART_SUMV01_SET_9C7750D42301093888A120CE/partitions/pea/summary_records.jsonl,LOCAL_CONTENT_ADDRESSED_STAGING_PENDING_DURABLE_REGISTRATION,106,30,28865,EVIDENCE_SUMMARY_SCHEMA_V0.1,EVIDENCE_AGGREGATION_REPRESENTATION_V0.1,PASS
peb,ENSEMBL_SHA256_PREFIX_2_V0.1,ART_SUMV01_SET_9C7750D42301093888A120CE,ART_SUMV01_B9E99539B999E1C74B00BEC0,CLASS_D_LARGE_DATA_OBJECT,EVIDENCE_SUMMARY_JSONL_PAYLOAD,6046311,b9e99539b999e1c74b00bec09bdca332a237578e897a303d0a6bddcb4a283bf4,EVIDENCE_SUMMARY_MATERIALIZER_V0.1,external+sha256://PENDING/luad-target-dossier/evidence-summary-v0.1/ART_SUMV01_SET_9C7750D42301093888A120CE/partitions/peb/summary_records.jsonl,LOCAL_CONTENT_ADDRESSED_STAGING_PENDING_DURABLE_REGISTRATION,120,366,29596,EVIDENCE_SUMMARY_SCHEMA_V0.1,EVIDENCE_AGGREGATION_REPRESENTATION_V0.1,PASS
pec,ENSEMBL_SHA256_PREFIX_2_V0.1,ART_SUMV01_SET_9C7750D42301093888A120CE,ART_SUMV01_3BD20A785687602919E2FE5E,CLASS_D_LARGE_DATA_OBJECT,EVIDENCE_SUMMARY_JSONL_PAYLOAD,6808640,3bd20a785687602919e2fe5ee76e9820d7f5133fc6e3a85c7e181aca2728ce00,EVIDENCE_SUMMARY_MATERIALIZER_V0.1,external+sha256://PENDING/luad-target-dossier/evidence-summary-v0.1/ART_SUMV01_SET_9C7750D42301093888A120CE/partitions/pec/summary_records.jsonl,LOCAL_CONTENT_ADDRESSED_STAGING_PENDING_DURABLE_REGISTRATION,127,442,29510,EVIDENCE_SUMMARY_SCHEMA_V0.1,EVIDENCE_AGGREGATION_REPRESENTATION_V0.1,PASS
ped,ENSEMBL_SHA256_PREFIX_2_V0.1,ART_SUMV01_SET_9C7750D42301093888A120CE,ART_SUMV01_4CDAE06036FE36F7029D5DC6,CLASS_D_LARGE_DATA_OBJECT,EVIDENCE_SUMMARY_JSONL_PAYLOAD,6797558,4cdae06036fe36f7029d5dc63ef9307ce61b01ce8745ce3d16c0755e28f7adb1,EVIDENCE_SUMMARY_MATERIALIZER_V0.1,external+sha256://PENDING/luad-target-dossier/evidence-summary-v0.1/ART_SUMV01_SET_9C7750D42301093888A120CE/partitions/ped/summary_records.jsonl,LOCAL_CONTENT_ADDRESSED_STAGING_PENDING_DURABLE_REGISTRATION,119,85,29511,EVIDENCE_SUMMARY_SCHEMA_V0.1,EVIDENCE_AGGREGATION_REPRESENTATION_V0.1,PASS
pee,ENSEMBL_SHA256_PREFIX_2_V0.1,ART_SUMV01_SET_9C7750D42301093888A120CE,ART_SUMV01_982334A8506C9CBBE020B5F4,CLASS_D_LARGE_DATA_OBJECT,EVIDENCE_SUMMARY_JSONL_PAYLOAD,11310302,982334a8506c9cbbe020b5f4d8b65e09f9044a8dcac9fe5ba91e87106819fc29,EVIDENCE_SUMMARY_MATERIALIZER_V0.1,external+sha256://PENDING/luad-target-dossier/evidence-summary-v0.1/ART_SUMV01_SET_9C7750D42301093888A120CE/partitions/pee/summary_records.jsonl,LOCAL_CONTENT_ADDRESSED_STAGING_PENDING_DURABLE_REGISTRATION,114,72,29131,EVIDENCE_SUMMARY_SCHEMA_V0.1,EVIDENCE_AGGREGATION_REPRESENTATION_V0.1,PASS
pef,ENSEMBL_SHA256_PREFIX_2_V0.1,ART_SUMV01_SET_9C7750D42301093888A120CE,ART_SUMV01_C3B93A26885AEE83D1AEE423,CLASS_D_LARGE_DATA_OBJECT,EVIDENCE_SUMMARY_JSONL_PAYLOAD,5959403,c3b93a26885aee83d1aee423355bc4e106e9a06c0cdbcdce08506ece68d11110,EVIDENCE_SUMMARY_MATERIALIZER_V0.1,external+sha256://PENDING/luad-target-dossier/evidence-summary-v0.1/ART_SUMV01_SET_9C7750D42301093888A120CE/partitions/pef/summary_records.jsonl,LOCAL_CONTENT_ADDRESSED_STAGING_PENDING_DURABLE_REGISTRATION,105,114,29541,EVIDENCE_SUMMARY_SCHEMA_V0.1,EVIDENCE_AGGREGATION_REPRESENTATION_V0.1,PASS
pf0,ENSEMBL_SHA256_PREFIX_2_V0.1,ART_SUMV01_SET_9C7750D42301093888A120CE,ART_SUMV01_5C709EB247B0CB98189E75FD,CLASS_D_LARGE_DATA_OBJECT,EVIDENCE_SUMMARY_JSONL_PAYLOAD,5988565,5c709eb247b0cb98189e75fda1821fc6c9f115c9fcd898f6626e01bf75f3ac32,EVIDENCE_SUMMARY_MATERIALIZER_V0.1,external+sha256://PENDING/luad-target-dossier/evidence-summary-v0.1/ART_SUMV01_SET_9C7750D42301093888A120CE/partitions/pf0/summary_records.jsonl,LOCAL_CONTENT_ADDRESSED_STAGING_PENDING_DURABLE_REGISTRATION,108,443,29539,EVIDENCE_SUMMARY_SCHEMA_V0.1,EVIDENCE_AGGREGATION_REPRESENTATION_V0.1,PASS
pf1,ENSEMBL_SHA256_PREFIX_2_V0.1,ART_SUMV01_SET_9C7750D42301093888A120CE,ART_SUMV01_E840461F67F1345C6A332515,CLASS_D_LARGE_DATA_OBJECT,EVIDENCE_SUMMARY_JSONL_PAYLOAD,5769553,e840461f67f1345c6a3325155cb004508b910196ee3ce64dc8cf402aa316031f,EVIDENCE_SUMMARY_MATERIALIZER_V0.1,external+sha256://PENDING/luad-target-dossier/evidence-summary-v0.1/ART_SUMV01_SET_9C7750D42301093888A120CE/partitions/pf1/summary_records.jsonl,LOCAL_CONTENT_ADDRESSED_STAGING_PENDING_DURABLE_REGISTRATION,112,344,28940,EVIDENCE_SUMMARY_SCHEMA_V0.1,EVIDENCE_AGGREGATION_REPRESENTATION_V0.1,PASS
pf2,ENSEMBL_SHA256_PREFIX_2_V0.1,ART_SUMV01_SET_9C7750D42301093888A120CE,ART_SUMV01_69A86E772DE82C6E5FE6C64B,CLASS_D_LARGE_DATA_OBJECT,EVIDENCE_SUMMARY_JSONL_PAYLOAD,7184928,69a86e772de82c6e5fe6c64b9b6984e57799509a70356f1e3123630280120fbe,EVIDENCE_SUMMARY_MATERIALIZER_V0.1,external+sha256://PENDING/luad-target-dossier/evidence-summary-v0.1/ART_SUMV01_SET_9C7750D42301093888A120CE/partitions/pf2/summary_records.jsonl,LOCAL_CONTENT_ADDRESSED_STAGING_PENDING_DURABLE_REGISTRATION,116,470,29419,EVIDENCE_SUMMARY_SCHEMA_V0.1,EVIDENCE_AGGREGATION_REPRESENTATION_V0.1,PASS
pf3,ENSEMBL_SHA256_PREFIX_2_V0.1,ART_SUMV01_SET_9C7750D42301093888A120CE,ART_SUMV01_3C2945D7B7B526E7D5DE1408,CLASS_D_LARGE_DATA_OBJECT,EVIDENCE_SUMMARY_JSONL_PAYLOAD,5065967,3c2945d7b7b526e7d5de1408e3e471837e5f8f1fde55368814548179b08590f4,EVIDENCE_SUMMARY_MATERIALIZER_V0.1,external+sha256://PENDING/luad-target-dossier/evidence-summary-v0.1/ART_SUMV01_SET_9C7750D42301093888A120CE/partitions/pf3/summary_records.jsonl,LOCAL_CONTENT_ADDRESSED_STAGING_PENDING_DURABLE_REGISTRATION,111,171,29587,EVIDENCE_SUMMARY_SCHEMA_V0.1,EVIDENCE_AGGREGATION_REPRESENTATION_V0.1,PASS
pf4,ENSEMBL_SHA256_PREFIX_2_V0.1,ART_SUMV01_SET_9C7750D42301093888A120CE,ART_SUMV01_D7015A5D1AED1D9CA4E131CC,CLASS_D_LARGE_DATA_OBJECT,EVIDENCE_SUMMARY_JSONL_PAYLOAD,10444471,d7015a5d1aed1d9ca4e131ccf2dce9a05eb198b79e6e1874e943c50afdba9b2b,EVIDENCE_SUMMARY_MATERIALIZER_V0.1,external+sha256://PENDING/luad-target-dossier/evidence-summary-v0.1/ART_SUMV01_SET_9C7750D42301093888A120CE/partitions/pf4/summary_records.jsonl,LOCAL_CONTENT_ADDRESSED_STAGING_PENDING_DURABLE_REGISTRATION,132,60,29599,EVIDENCE_SUMMARY_SCHEMA_V0.1,EVIDENCE_AGGREGATION_REPRESENTATION_V0.1,PASS
pf5,ENSEMBL_SHA256_PREFIX_2_V0.1,ART_SUMV01_SET_9C7750D42301093888A120CE,ART_SUMV01_8598BC5B935CEA860D5D0E88,CLASS_D_LARGE_DATA_OBJECT,EVIDENCE_SUMMARY_JSONL_PAYLOAD,7781194,8598bc5b935cea860d5d0e88ad5afecc9ad29e4cba7ac87cafdb777228b391af,EVIDENCE_SUMMARY_MATERIALIZER_V0.1,external+sha256://PENDING/luad-target-dossier/evidence-summary-v0.1/ART_SUMV01_SET_9C7750D42301093888A120CE/partitions/pf5/summary_records.jsonl,LOCAL_CONTENT_ADDRESSED_STAGING_PENDING_DURABLE_REGISTRATION,108,57,29544,EVIDENCE_SUMMARY_SCHEMA_V0.1,EVIDENCE_AGGREGATION_REPRESENTATION_V0.1,PASS
pf6,ENSEMBL_SHA256_PREFIX_2_V0.1,ART_SUMV01_SET_9C7750D42301093888A120CE,ART_SUMV01_A14115B86C7A7507210D1747,CLASS_D_LARGE_DATA_OBJECT,EVIDENCE_SUMMARY_JSONL_PAYLOAD,8479269,a14115b86c7a7507210d1747cefbcc68a0cf9522cbeffbb67d071127a1a33f89,EVIDENCE_SUMMARY_MATERIALIZER_V0.1,external+sha256://PENDING/luad-target-dossier/evidence-summary-v0.1/ART_SUMV01_SET_9C7750D42301093888A120CE/partitions/pf6/summary_records.jsonl,LOCAL_CONTENT_ADDRESSED_STAGING_PENDING_DURABLE_REGISTRATION,123,232,29010,EVIDENCE_SUMMARY_SCHEMA_V0.1,EVIDENCE_AGGREGATION_REPRESENTATION_V0.1,PASS
pf7,ENSEMBL_SHA256_PREFIX_2_V0.1,ART_SUMV01_SET_9C7750D42301093888A120CE,ART_SUMV01_FE13BDDE476472A2794A9EC7,CLASS_D_LARGE_DATA_OBJECT,EVIDENCE_SUMMARY_JSONL_PAYLOAD,5245197,fe13bdde476472a2794a9ec7ecad30865f250a2c0d59adb757529cf754d4400b,EVIDENCE_SUMMARY_MATERIALIZER_V0.1,external+sha256://PENDING/luad-target-dossier/evidence-summary-v0.1/ART_SUMV01_SET_9C7750D42301093888A120CE/partitions/pf7/summary_records.jsonl,LOCAL_CONTENT_ADDRESSED_STAGING_PENDING_DURABLE_REGISTRATION,105,40,29175,EVIDENCE_SUMMARY_SCHEMA_V0.1,EVIDENCE_AGGREGATION_REPRESENTATION_V0.1,PASS
pf8,ENSEMBL_SHA256_PREFIX_2_V0.1,ART_SUMV01_SET_9C7750D42301093888A120CE,ART_SUMV01_F26A3550C3CF0EBA1C9FDF8D,CLASS_D_LARGE_DATA_OBJECT,EVIDENCE_SUMMARY_JSONL_PAYLOAD,6176422,f26a3550c3cf0eba1c9fdf8dad92fc89beca1e95ed15a9b8eab8b9337baa8d68,EVIDENCE_SUMMARY_MATERIALIZER_V0.1,external+sha256://PENDING/luad-target-dossier/evidence-summary-v0.1/ART_SUMV01_SET_9C7750D42301093888A120CE/partitions/pf8/summary_records.jsonl,LOCAL_CONTENT_ADDRESSED_STAGING_PENDING_DURABLE_REGISTRATION,108,79,29483,EVIDENCE_SUMMARY_SCHEMA_V0.1,EVIDENCE_AGGREGATION_REPRESENTATION_V0.1,PASS
pf9,ENSEMBL_SHA256_PREFIX_2_V0.1,ART_SUMV01_SET_9C7750D42301093888A120CE,ART_SUMV01_0E18D34B0EAFEC288B3CC90E,CLASS_D_LARGE_DATA_OBJECT,EVIDENCE_SUMMARY_JSONL_PAYLOAD,6601602,0e18d34b0eafec288b3cc90e55e4ed8e104144fb32187e6e43d93f8c45b2f37b,EVIDENCE_SUMMARY_MATERIALIZER_V0.1,external+sha256://PENDING/luad-target-dossier/evidence-summary-v0.1/ART_SUMV01_SET_9C7750D42301093888A120CE/partitions/pf9/summary_records.jsonl,LOCAL_CONTENT_ADDRESSED_STAGING_PENDING_DURABLE_REGISTRATION,111,1122,29308,EVIDENCE_SUMMARY_SCHEMA_V0.1,EVIDENCE_AGGREGATION_REPRESENTATION_V0.1,PASS
pfa,ENSEMBL_SHA256_PREFIX_2_V0.1,ART_SUMV01_SET_9C7750D42301093888A120CE,ART_SUMV01_714AF425790A52ABCA2826FD,CLASS_D_LARGE_DATA_OBJECT,EVIDENCE_SUMMARY_JSONL_PAYLOAD,6305439,714af425790a52abca2826fddb5338b5adcf01c56fdc1aea3be7227238150be3,EVIDENCE_SUMMARY_MATERIALIZER_V0.1,external+sha256://PENDING/luad-target-dossier/evidence-summary-v0.1/ART_SUMV01_SET_9C7750D42301093888A120CE/partitions/pfa/summary_records.jsonl,LOCAL_CONTENT_ADDRESSED_STAGING_PENDING_DURABLE_REGISTRATION,113,887,29451,EVIDENCE_SUMMARY_SCHEMA_V0.1,EVIDENCE_AGGREGATION_REPRESENTATION_V0.1,PASS
pfb,ENSEMBL_SHA256_PREFIX_2_V0.1,ART_SUMV01_SET_9C7750D42301093888A120CE,ART_SUMV01_8F9927FEF103C323A1F8F061,CLASS_D_LARGE_DATA_OBJECT,EVIDENCE_SUMMARY_JSONL_PAYLOAD,7709331,8f9927fef103c323a1f8f06170ac820eb09467e1426b25100e67dbdd1692eb61,EVIDENCE_SUMMARY_MATERIALIZER_V0.1,external+sha256://PENDING/luad-target-dossier/evidence-summary-v0.1/ART_SUMV01_SET_9C7750D42301093888A120CE/partitions/pfb/summary_records.jsonl,LOCAL_CONTENT_ADDRESSED_STAGING_PENDING_DURABLE_REGISTRATION,129,384,29578,EVIDENCE_SUMMARY_SCHEMA_V0.1,EVIDENCE_AGGREGATION_REPRESENTATION_V0.1,PASS
pfc,ENSEMBL_SHA256_PREFIX_2_V0.1,ART_SUMV01_SET_9C7750D42301093888A120CE,ART_SUMV01_C18CA591442D937FE9EF9416,CLASS_D_LARGE_DATA_OBJECT,EVIDENCE_SUMMARY_JSONL_PAYLOAD,6243169,c18ca591442d937fe9ef941699ff9a73de37218d117ed178321ebab0829a96fc,EVIDENCE_SUMMARY_MATERIALIZER_V0.1,external+sha256://PENDING/luad-target-dossier/evidence-summary-v0.1/ART_SUMV01_SET_9C7750D42301093888A120CE/partitions/pfc/summary_records.jsonl,LOCAL_CONTENT_ADDRESSED_STAGING_PENDING_DURABLE_REGISTRATION,111,259,29521,EVIDENCE_SUMMARY_SCHEMA_V0.1,EVIDENCE_AGGREGATION_REPRESENTATION_V0.1,PASS
pfd,ENSEMBL_SHA256_PREFIX_2_V0.1,ART_SUMV01_SET_9C7750D42301093888A120CE,ART_SUMV01_BE0E5CE9313BEB042B06B459,CLASS_D_LARGE_DATA_OBJECT,EVIDENCE_SUMMARY_JSONL_PAYLOAD,5927065,be0e5ce9313beb042b06b4594070685d3762663e1f836d32caa01156a8da9f2d,EVIDENCE_SUMMARY_MATERIALIZER_V0.1,external+sha256://PENDING/luad-target-dossier/evidence-summary-v0.1/ART_SUMV01_SET_9C7750D42301093888A120CE/partitions/pfd/summary_records.jsonl,LOCAL_CONTENT_ADDRESSED_STAGING_PENDING_DURABLE_REGISTRATION,122,88,29499,EVIDENCE_SUMMARY_SCHEMA_V0.1,EVIDENCE_AGGREGATION_REPRESENTATION_V0.1,PASS
pfe,ENSEMBL_SHA256_PREFIX_2_V0.1,ART_SUMV01_SET_9C7750D42301093888A120CE,ART_SUMV01_D515D30F5FBC0D5245BCF9FF,CLASS_D_LARGE_DATA_OBJECT,EVIDENCE_SUMMARY_JSONL_PAYLOAD,6223272,d515d30f5fbc0d5245bcf9ffec37e7f5039f0255c152ae411f04aaaef3897a26,EVIDENCE_SUMMARY_MATERIALIZER_V0.1,external+sha256://PENDING/luad-target-dossier/evidence-summary-v0.1/ART_SUMV01_SET_9C7750D42301093888A120CE/partitions/pfe/summary_records.jsonl,LOCAL_CONTENT_ADDRESSED_STAGING_PENDING_DURABLE_REGISTRATION,122,236,29335,EVIDENCE_SUMMARY_SCHEMA_V0.1,EVIDENCE_AGGREGATION_REPRESENTATION_V0.1,PASS
pff,ENSEMBL_SHA256_PREFIX_2_V0.1,ART_SUMV01_SET_9C7750D42301093888A120CE,ART_SUMV01_D375BBACBB44CFB614EF2D80,CLASS_D_LARGE_DATA_OBJECT,EVIDENCE_SUMMARY_JSONL_PAYLOAD,6550455,d375bbacbb44cfb614ef2d80058f97ca65436d097179aea116cf6665c17ae203,EVIDENCE_SUMMARY_MATERIALIZER_V0.1,external+sha256://PENDING/luad-target-dossier/evidence-summary-v0.1/ART_SUMV01_SET_9C7750D42301093888A120CE/partitions/pff/summary_records.jsonl,LOCAL_CONTENT_ADDRESSED_STAGING_PENDING_DURABLE_REGISTRATION,117,49,29493,EVIDENCE_SUMMARY_SCHEMA_V0.1,EVIDENCE_AGGREGATION_REPRESENTATION_V0.1,PASS
