partition_id,partition_strategy_version,partition_set_artifact_id,payload_artifact_id,artifact_class,artifact_role,immutable_identifier,external_storage_reference,storage_status,landscape_count,first_universe_ordinal,last_universe_ordinal,file_size_bytes,sha256,landscape_schema_version,landscape_version,generator_version,validation_status
p00,ENSEMBL_SHA256_PREFIX_2_V0.1,ART_LNDV02_SET_756809652ACB00343DA20824,ART_LNDV02_7ECB574D91D9BC93EC0DA693,CLASS_D_LARGE_DATA_OBJECT,LANDSCAPE_JSONL_PAYLOAD,urn:sha256:7ecb574d91d9bc93ec0da693ffcbdb9de0b32a29ac940e03166ad838cdd3fb5c,external+sha256://luad-target-dossier/evidence-landscape-v0.2/ART_LNDV02_SET_756809652ACB00343DA20824/partitions/p00/landscape_records.jsonl,LOCAL_CONTENT_ADDRESSED_EXTERNAL_STAGING,114,82,29445,11763304,7ecb574d91d9bc93ec0da693ffcbdb9de0b32a29ac940e03166ad838cdd3fb5c,EVIDENCE_LANDSCAPE_SCHEMA_V0.2.1,MULTI_COMPONENT_EVIDENCE_LANDSCAPE_V0.2,MULTI_COMPONENT_EVIDENCE_LANDSCAPE_GENERATOR_V0.1,PASS
p01,ENSEMBL_SHA256_PREFIX_2_V0.1,ART_LNDV02_SET_756809652ACB00343DA20824,ART_LNDV02_D1B44EBAC78F03BA06E46A7F,CLASS_D_LARGE_DATA_OBJECT,LANDSCAPE_JSONL_PAYLOAD,urn:sha256:d1b44ebac78f03ba06e46a7f137a7a456b5d6c05b41517577e33f864774a6322,external+sha256://luad-target-dossier/evidence-landscape-v0.2/ART_LNDV02_SET_756809652ACB00343DA20824/partitions/p01/landscape_records.jsonl,LOCAL_CONTENT_ADDRESSED_EXTERNAL_STAGING,115,41,29502,11184304,d1b44ebac78f03ba06e46a7f137a7a456b5d6c05b41517577e33f864774a6322,EVIDENCE_LANDSCAPE_SCHEMA_V0.2.1,MULTI_COMPONENT_EVIDENCE_LANDSCAPE_V0.2,MULTI_COMPONENT_EVIDENCE_LANDSCAPE_GENERATOR_V0.1,PASS
p02,ENSEMBL_SHA256_PREFIX_2_V0.1,ART_LNDV02_SET_756809652ACB00343DA20824,ART_LNDV02_7E478C21364A6E6483C24F88,CLASS_D_LARGE_DATA_OBJECT,LANDSCAPE_JSONL_PAYLOAD,urn:sha256:7e478c21364a6e6483c24f88af1827c1096dc270e333d5e121ba538bdb690a67,external+sha256://luad-target-dossier/evidence-landscape-v0.2/ART_LNDV02_SET_756809652ACB00343DA20824/partitions/p02/landscape_records.jsonl,LOCAL_CONTENT_ADDRESSED_EXTERNAL_STAGING,97,66,29426,9005971,7e478c21364a6e6483c24f88af1827c1096dc270e333d5e121ba538bdb690a67,EVIDENCE_LANDSCAPE_SCHEMA_V0.2.1,MULTI_COMPONENT_EVIDENCE_LANDSCAPE_V0.2,MULTI_COMPONENT_EVIDENCE_LANDSCAPE_GENERATOR_V0.1,PASS
p03,ENSEMBL_SHA256_PREFIX_2_V0.1,ART_LNDV02_SET_756809652ACB00343DA20824,ART_LNDV02_26DCB34B3A36A29E064F73E5,CLASS_D_LARGE_DATA_OBJECT,LANDSCAPE_JSONL_PAYLOAD,urn:sha256:26dcb34b3a36a29e064f73e5946ed414b1f565999376b86e6a1c3fd1a0a25266,external+sha256://luad-target-dossier/evidence-landscape-v0.2/ART_LNDV02_SET_756809652ACB00343DA20824/partitions/p03/landscape_records.jsonl,LOCAL_CONTENT_ADDRESSED_EXTERNAL_STAGING,103,721,29440,8801257,26dcb34b3a36a29e064f73e5946ed414b1f565999376b86e6a1c3fd1a0a25266,EVIDENCE_LANDSCAPE_SCHEMA_V0.2.1,MULTI_COMPONENT_EVIDENCE_LANDSCAPE_V0.2,MULTI_COMPONENT_EVIDENCE_LANDSCAPE_GENERATOR_V0.1,PASS
p04,ENSEMBL_SHA256_PREFIX_2_V0.1,ART_LNDV02_SET_756809652ACB00343DA20824,ART_LNDV02_7EAD6B5D906D57EC2022C662,CLASS_D_LARGE_DATA_OBJECT,LANDSCAPE_JSONL_PAYLOAD,urn:sha256:7ead6b5d906d57ec2022c662e2cc726d60b5743a02cd0b07c69b824c40c901b2,external+sha256://luad-target-dossier/evidence-landscape-v0.2/ART_LNDV02_SET_756809652ACB00343DA20824/partitions/p04/landscape_records.jsonl,LOCAL_CONTENT_ADDRESSED_EXTERNAL_STAGING,120,223,29385,11885595,7ead6b5d906d57ec2022c662e2cc726d60b5743a02cd0b07c69b824c40c901b2,EVIDENCE_LANDSCAPE_SCHEMA_V0.2.1,MULTI_COMPONENT_EVIDENCE_LANDSCAPE_V0.2,MULTI_COMPONENT_EVIDENCE_LANDSCAPE_GENERATOR_V0.1,PASS
p05,ENSEMBL_SHA256_PREFIX_2_V0.1,ART_LNDV02_SET_756809652ACB00343DA20824,ART_LNDV02_52C71795B3B12C4DCC67B9AD,CLASS_D_LARGE_DATA_OBJECT,LANDSCAPE_JSONL_PAYLOAD,urn:sha256:52c71795b3b12c4dcc67b9ad5393aa6cd3cda60283ba16339d9f4fa3723f3f9a,external+sha256://luad-target-dossier/evidence-landscape-v0.2/ART_LNDV02_SET_756809652ACB00343DA20824/partitions/p05/landscape_records.jsonl,LOCAL_CONTENT_ADDRESSED_EXTERNAL_STAGING,121,628,29498,12013736,52c71795b3b12c4dcc67b9ad5393aa6cd3cda60283ba16339d9f4fa3723f3f9a,EVIDENCE_LANDSCAPE_SCHEMA_V0.2.1,MULTI_COMPONENT_EVIDENCE_LANDSCAPE_V0.2,MULTI_COMPONENT_EVIDENCE_LANDSCAPE_GENERATOR_V0.1,PASS
p06,ENSEMBL_SHA256_PREFIX_2_V0.1,ART_LNDV02_SET_756809652ACB00343DA20824,ART_LNDV02_34A96AAB112FC55537613921,CLASS_D_LARGE_DATA_OBJECT,LANDSCAPE_JSONL_PAYLOAD,urn:sha256:34a96aab112fc555376139219849eafc75f4aef9824d24c4ccdf425a334070d2,external+sha256://luad-target-dossier/evidence-landscape-v0.2/ART_LNDV02_SET_756809652ACB00343DA20824/partitions/p06/landscape_records.jsonl,LOCAL_CONTENT_ADDRESSED_EXTERNAL_STAGING,110,47,29322,10177394,34a96aab112fc555376139219849eafc75f4aef9824d24c4ccdf425a334070d2,EVIDENCE_LANDSCAPE_SCHEMA_V0.2.1,MULTI_COMPONENT_EVIDENCE_LANDSCAPE_V0.2,MULTI_COMPONENT_EVIDENCE_LANDSCAPE_GENERATOR_V0.1,PASS
p07,ENSEMBL_SHA256_PREFIX_2_V0.1,ART_LNDV02_SET_756809652ACB00343DA20824,ART_LNDV02_9AC1118DAE30C816D6D8594F,CLASS_D_LARGE_DATA_OBJECT,LANDSCAPE_JSONL_PAYLOAD,urn:sha256:9ac1118dae30c816d6d8594f5783e6cc5efcba53e1529c78a059f6616be935bc,external+sha256://luad-target-dossier/evidence-landscape-v0.2/ART_LNDV02_SET_756809652ACB00343DA20824/partitions/p07/landscape_records.jsonl,LOCAL_CONTENT_ADDRESSED_EXTERNAL_STAGING,108,157,29386,11221244,9ac1118dae30c816d6d8594f5783e6cc5efcba53e1529c78a059f6616be935bc,EVIDENCE_LANDSCAPE_SCHEMA_V0.2.1,MULTI_COMPONENT_EVIDENCE_LANDSCAPE_V0.2,MULTI_COMPONENT_EVIDENCE_LANDSCAPE_GENERATOR_V0.1,PASS
p08,ENSEMBL_SHA256_PREFIX_2_V0.1,ART_LNDV02_SET_756809652ACB00343DA20824,ART_LNDV02_5F6C019539F65F742D35A045,CLASS_D_LARGE_DATA_OBJECT,LANDSCAPE_JSONL_PAYLOAD,urn:sha256:5f6c019539f65f742d35a04568220de410a0835c16fa1238d1329d7f59500e53,external+sha256://luad-target-dossier/evidence-landscape-v0.2/ART_LNDV02_SET_756809652ACB00343DA20824/partitions/p08/landscape_records.jsonl,LOCAL_CONTENT_ADDRESSED_EXTERNAL_STAGING,114,21,29562,10084332,5f6c019539f65f742d35a04568220de410a0835c16fa1238d1329d7f59500e53,EVIDENCE_LANDSCAPE_SCHEMA_V0.2.1,MULTI_COMPONENT_EVIDENCE_LANDSCAPE_V0.2,MULTI_COMPONENT_EVIDENCE_LANDSCAPE_GENERATOR_V0.1,PASS
p09,ENSEMBL_SHA256_PREFIX_2_V0.1,ART_LNDV02_SET_756809652ACB00343DA20824,ART_LNDV02_A5BB0BAB343F1F05B4E8775D,CLASS_D_LARGE_DATA_OBJECT,LANDSCAPE_JSONL_PAYLOAD,urn:sha256:a5bb0bab343f1f05b4e8775da5a10fc0cfddabde7f26bb85e7e6a1ccd748f25e,external+sha256://luad-target-dossier/evidence-landscape-v0.2/ART_LNDV02_SET_756809652ACB00343DA20824/partitions/p09/landscape_records.jsonl,LOCAL_CONTENT_ADDRESSED_EXTERNAL_STAGING,96,240,29394,9133204,a5bb0bab343f1f05b4e8775da5a10fc0cfddabde7f26bb85e7e6a1ccd748f25e,EVIDENCE_LANDSCAPE_SCHEMA_V0.2.1,MULTI_COMPONENT_EVIDENCE_LANDSCAPE_V0.2,MULTI_COMPONENT_EVIDENCE_LANDSCAPE_GENERATOR_V0.1,PASS
p0a,ENSEMBL_SHA256_PREFIX_2_V0.1,ART_LNDV02_SET_756809652ACB00343DA20824,ART_LNDV02_5F5DB4C0D38219E353802EB3,CLASS_D_LARGE_DATA_OBJECT,LANDSCAPE_JSONL_PAYLOAD,urn:sha256:5f5db4c0d38219e353802eb3727722f23220a49b935cc4786e5eeefe3033893d,external+sha256://luad-target-dossier/evidence-landscape-v0.2/ART_LNDV02_SET_756809652ACB00343DA20824/partitions/p0a/landscape_records.jsonl,LOCAL_CONTENT_ADDRESSED_EXTERNAL_STAGING,106,663,29588,9247358,5f5db4c0d38219e353802eb3727722f23220a49b935cc4786e5eeefe3033893d,EVIDENCE_LANDSCAPE_SCHEMA_V0.2.1,MULTI_COMPONENT_EVIDENCE_LANDSCAPE_V0.2,MULTI_COMPONENT_EVIDENCE_LANDSCAPE_GENERATOR_V0.1,PASS
p0b,ENSEMBL_SHA256_PREFIX_2_V0.1,ART_LNDV02_SET_756809652ACB00343DA20824,ART_LNDV02_3E0856F7986E4B15CA1FE1E2,CLASS_D_LARGE_DATA_OBJECT,LANDSCAPE_JSONL_PAYLOAD,urn:sha256:3e0856f7986e4b15ca1fe1e298ba4ca75216fee3437bf70ab4c4f0c6d31db6f2,external+sha256://luad-target-dossier/evidence-landscape-v0.2/ART_LNDV02_SET_756809652ACB00343DA20824/partitions/p0b/landscape_records.jsonl,LOCAL_CONTENT_ADDRESSED_EXTERNAL_STAGING,117,83,29326,12298312,3e0856f7986e4b15ca1fe1e298ba4ca75216fee3437bf70ab4c4f0c6d31db6f2,EVIDENCE_LANDSCAPE_SCHEMA_V0.2.1,MULTI_COMPONENT_EVIDENCE_LANDSCAPE_V0.2,MULTI_COMPONENT_EVIDENCE_LANDSCAPE_GENERATOR_V0.1,PASS
p0c,ENSEMBL_SHA256_PREFIX_2_V0.1,ART_LNDV02_SET_756809652ACB00343DA20824,ART_LNDV02_8E4616065125E7A2DD583233,CLASS_D_LARGE_DATA_OBJECT,LANDSCAPE_JSONL_PAYLOAD,urn:sha256:8e4616065125e7a2dd583233a4f8d5b42abef904ca131574f965212ab82e75de,external+sha256://luad-target-dossier/evidence-landscape-v0.2/ART_LNDV02_SET_756809652ACB00343DA20824/partitions/p0c/landscape_records.jsonl,LOCAL_CONTENT_ADDRESSED_EXTERNAL_STAGING,123,173,29462,37479045,8e4616065125e7a2dd583233a4f8d5b42abef904ca131574f965212ab82e75de,EVIDENCE_LANDSCAPE_SCHEMA_V0.2.1,MULTI_COMPONENT_EVIDENCE_LANDSCAPE_V0.2,MULTI_COMPONENT_EVIDENCE_LANDSCAPE_GENERATOR_V0.1,PASS
p0d,ENSEMBL_SHA256_PREFIX_2_V0.1,ART_LNDV02_SET_756809652ACB00343DA20824,ART_LNDV02_5D5C828BFB8FEB0418DA795C,CLASS_D_LARGE_DATA_OBJECT,LANDSCAPE_JSONL_PAYLOAD,urn:sha256:5d5c828bfb8feb0418da795c679d144a79374061bfe9b7148c6e71f3e26383fe,external+sha256://luad-target-dossier/evidence-landscape-v0.2/ART_LNDV02_SET_756809652ACB00343DA20824/partitions/p0d/landscape_records.jsonl,LOCAL_CONTENT_ADDRESSED_EXTERNAL_STAGING,131,202,29437,13052001,5d5c828bfb8feb0418da795c679d144a79374061bfe9b7148c6e71f3e26383fe,EVIDENCE_LANDSCAPE_SCHEMA_V0.2.1,MULTI_COMPONENT_EVIDENCE_LANDSCAPE_V0.2,MULTI_COMPONENT_EVIDENCE_LANDSCAPE_GENERATOR_V0.1,PASS
p0e,ENSEMBL_SHA256_PREFIX_2_V0.1,ART_LNDV02_SET_756809652ACB00343DA20824,ART_LNDV02_49B4361EABFA81BAE319B60B,CLASS_D_LARGE_DATA_OBJECT,LANDSCAPE_JSONL_PAYLOAD,urn:sha256:49b4361eabfa81bae319b60b897dbdda81b1c2cfa80b4793f9aa525e6893e881,external+sha256://luad-target-dossier/evidence-landscape-v0.2/ART_LNDV02_SET_756809652ACB00343DA20824/partitions/p0e/landscape_records.jsonl,LOCAL_CONTENT_ADDRESSED_EXTERNAL_STAGING,120,104,29484,11081386,49b4361eabfa81bae319b60b897dbdda81b1c2cfa80b4793f9aa525e6893e881,EVIDENCE_LANDSCAPE_SCHEMA_V0.2.1,MULTI_COMPONENT_EVIDENCE_LANDSCAPE_V0.2,MULTI_COMPONENT_EVIDENCE_LANDSCAPE_GENERATOR_V0.1,PASS
p0f,ENSEMBL_SHA256_PREFIX_2_V0.1,ART_LNDV02_SET_756809652ACB00343DA20824,ART_LNDV02_1C2D557586FAE4F8C9FA0018,CLASS_D_LARGE_DATA_OBJECT,LANDSCAPE_JSONL_PAYLOAD,urn:sha256:1c2d557586fae4f8c9fa001894dffd4f8a23d303bbd590b4571d3f0ff34429ba,external+sha256://luad-target-dossier/evidence-landscape-v0.2/ART_LNDV02_SET_756809652ACB00343DA20824/partitions/p0f/landscape_records.jsonl,LOCAL_CONTENT_ADDRESSED_EXTERNAL_STAGING,125,572,29392,12306546,1c2d557586fae4f8c9fa001894dffd4f8a23d303bbd590b4571d3f0ff34429ba,EVIDENCE_LANDSCAPE_SCHEMA_V0.2.1,MULTI_COMPONENT_EVIDENCE_LANDSCAPE_V0.2,MULTI_COMPONENT_EVIDENCE_LANDSCAPE_GENERATOR_V0.1,PASS
p10,ENSEMBL_SHA256_PREFIX_2_V0.1,ART_LNDV02_SET_756809652ACB00343DA20824,ART_LNDV02_FEBF61D8DB7134EAEE7536A4,CLASS_D_LARGE_DATA_OBJECT,LANDSCAPE_JSONL_PAYLOAD,urn:sha256:febf61d8db7134eaee7536a4c030341afd12ebd2c53d2e4075fd1fc1bd1e65ad,external+sha256://luad-target-dossier/evidence-landscape-v0.2/ART_LNDV02_SET_756809652ACB00343DA20824/partitions/p10/landscape_records.jsonl,LOCAL_CONTENT_ADDRESSED_EXTERNAL_STAGING,105,250,29417,11606938,febf61d8db7134eaee7536a4c030341afd12ebd2c53d2e4075fd1fc1bd1e65ad,EVIDENCE_LANDSCAPE_SCHEMA_V0.2.1,MULTI_COMPONENT_EVIDENCE_LANDSCAPE_V0.2,MULTI_COMPONENT_EVIDENCE_LANDSCAPE_GENERATOR_V0.1,PASS
p11,ENSEMBL_SHA256_PREFIX_2_V0.1,ART_LNDV02_SET_756809652ACB00343DA20824,ART_LNDV02_2373AE682FCB6D723B5A0C23,CLASS_D_LARGE_DATA_OBJECT,LANDSCAPE_JSONL_PAYLOAD,urn:sha256:2373ae682fcb6d723b5a0c2303bd61e439a1307145f7c713d88a6b61d24d883c,external+sha256://luad-target-dossier/evidence-landscape-v0.2/ART_LNDV02_SET_756809652ACB00343DA20824/partitions/p11/landscape_records.jsonl,LOCAL_CONTENT_ADDRESSED_EXTERNAL_STAGING,109,190,29506,10509237,2373ae682fcb6d723b5a0c2303bd61e439a1307145f7c713d88a6b61d24d883c,EVIDENCE_LANDSCAPE_SCHEMA_V0.2.1,MULTI_COMPONENT_EVIDENCE_LANDSCAPE_V0.2,MULTI_COMPONENT_EVIDENCE_LANDSCAPE_GENERATOR_V0.1,PASS
p12,ENSEMBL_SHA256_PREFIX_2_V0.1,ART_LNDV02_SET_756809652ACB00343DA20824,ART_LNDV02_F8EA478718A86FFC55A0C863,CLASS_D_LARGE_DATA_OBJECT,LANDSCAPE_JSONL_PAYLOAD,urn:sha256:f8ea478718a86ffc55a0c863da894417f88a9333606fe4293c8354ea938c51f6,external+sha256://luad-target-dossier/evidence-landscape-v0.2/ART_LNDV02_SET_756809652ACB00343DA20824/partitions/p12/landscape_records.jsonl,LOCAL_CONTENT_ADDRESSED_EXTERNAL_STAGING,99,160,29549,10618785,f8ea478718a86ffc55a0c863da894417f88a9333606fe4293c8354ea938c51f6,EVIDENCE_LANDSCAPE_SCHEMA_V0.2.1,MULTI_COMPONENT_EVIDENCE_LANDSCAPE_V0.2,MULTI_COMPONENT_EVIDENCE_LANDSCAPE_GENERATOR_V0.1,PASS
p13,ENSEMBL_SHA256_PREFIX_2_V0.1,ART_LNDV02_SET_756809652ACB00343DA20824,ART_LNDV02_EC760AC7D33C8E21D37310F1,CLASS_D_LARGE_DATA_OBJECT,LANDSCAPE_JSONL_PAYLOAD,urn:sha256:ec760ac7d33c8e21d37310f1df8e622db375e9950677986fc2f0ebfb0599498d,external+sha256://luad-target-dossier/evidence-landscape-v0.2/ART_LNDV02_SET_756809652ACB00343DA20824/partitions/p13/landscape_records.jsonl,LOCAL_CONTENT_ADDRESSED_EXTERNAL_STAGING,102,129,29390,8770530,ec760ac7d33c8e21d37310f1df8e622db375e9950677986fc2f0ebfb0599498d,EVIDENCE_LANDSCAPE_SCHEMA_V0.2.1,MULTI_COMPONENT_EVIDENCE_LANDSCAPE_V0.2,MULTI_COMPONENT_EVIDENCE_LANDSCAPE_GENERATOR_V0.1,PASS
p14,ENSEMBL_SHA256_PREFIX_2_V0.1,ART_LNDV02_SET_756809652ACB00343DA20824,ART_LNDV02_FB3004EFD6E72689EAF215EB,CLASS_D_LARGE_DATA_OBJECT,LANDSCAPE_JSONL_PAYLOAD,urn:sha256:fb3004efd6e72689eaf215eb48cbb380d52afc7d76fb69a581a8527744674a03,external+sha256://luad-target-dossier/evidence-landscape-v0.2/ART_LNDV02_SET_756809652ACB00343DA20824/partitions/p14/landscape_records.jsonl,LOCAL_CONTENT_ADDRESSED_EXTERNAL_STAGING,109,43,29582,11251156,fb3004efd6e72689eaf215eb48cbb380d52afc7d76fb69a581a8527744674a03,EVIDENCE_LANDSCAPE_SCHEMA_V0.2.1,MULTI_COMPONENT_EVIDENCE_LANDSCAPE_V0.2,MULTI_COMPONENT_EVIDENCE_LANDSCAPE_GENERATOR_V0.1,PASS
p15,ENSEMBL_SHA256_PREFIX_2_V0.1,ART_LNDV02_SET_756809652ACB00343DA20824,ART_LNDV02_975673637BDAA76AE8498968,CLASS_D_LARGE_DATA_OBJECT,LANDSCAPE_JSONL_PAYLOAD,urn:sha256:975673637bdaa76ae849896816ecca0bcf2d3cdc7948bfcb90bc7140b20a25f2,external+sha256://luad-target-dossier/evidence-landscape-v0.2/ART_LNDV02_SET_756809652ACB00343DA20824/partitions/p15/landscape_records.jsonl,LOCAL_CONTENT_ADDRESSED_EXTERNAL_STAGING,126,587,29432,14653813,975673637bdaa76ae849896816ecca0bcf2d3cdc7948bfcb90bc7140b20a25f2,EVIDENCE_LANDSCAPE_SCHEMA_V0.2.1,MULTI_COMPONENT_EVIDENCE_LANDSCAPE_V0.2,MULTI_COMPONENT_EVIDENCE_LANDSCAPE_GENERATOR_V0.1,PASS
p16,ENSEMBL_SHA256_PREFIX_2_V0.1,ART_LNDV02_SET_756809652ACB00343DA20824,ART_LNDV02_8B4C0DFCC00ECBEA2A208ED2,CLASS_D_LARGE_DATA_OBJECT,LANDSCAPE_JSONL_PAYLOAD,urn:sha256:8b4c0dfcc00ecbea2a208ed229c16043ccd123b2452afc490448788fa22c43b0,external+sha256://luad-target-dossier/evidence-landscape-v0.2/ART_LNDV02_SET_756809652ACB00343DA20824/partitions/p16/landscape_records.jsonl,LOCAL_CONTENT_ADDRESSED_EXTERNAL_STAGING,117,438,29098,12913791,8b4c0dfcc00ecbea2a208ed229c16043ccd123b2452afc490448788fa22c43b0,EVIDENCE_LANDSCAPE_SCHEMA_V0.2.1,MULTI_COMPONENT_EVIDENCE_LANDSCAPE_V0.2,MULTI_COMPONENT_EVIDENCE_LANDSCAPE_GENERATOR_V0.1,PASS
p17,ENSEMBL_SHA256_PREFIX_2_V0.1,ART_LNDV02_SET_756809652ACB00343DA20824,ART_LNDV02_66F756865A7A1FB93A3DF03B,CLASS_D_LARGE_DATA_OBJECT,LANDSCAPE_JSONL_PAYLOAD,urn:sha256:66f756865a7a1fb93a3df03bc5d410f71038fa35f1e330727b8b325240184039,external+sha256://luad-target-dossier/evidence-landscape-v0.2/ART_LNDV02_SET_756809652ACB00343DA20824/partitions/p17/landscape_records.jsonl,LOCAL_CONTENT_ADDRESSED_EXTERNAL_STAGING,134,48,29532,12949353,66f756865a7a1fb93a3df03bc5d410f71038fa35f1e330727b8b325240184039,EVIDENCE_LANDSCAPE_SCHEMA_V0.2.1,MULTI_COMPONENT_EVIDENCE_LANDSCAPE_V0.2,MULTI_COMPONENT_EVIDENCE_LANDSCAPE_GENERATOR_V0.1,PASS
p18,ENSEMBL_SHA256_PREFIX_2_V0.1,ART_LNDV02_SET_756809652ACB00343DA20824,ART_LNDV02_17F8ED51104FA1F5693FAE1E,CLASS_D_LARGE_DATA_OBJECT,LANDSCAPE_JSONL_PAYLOAD,urn:sha256:17f8ed51104fa1f5693fae1e40a2831a9a072e236ab0d598e9afcf0c148b4358,external+sha256://luad-target-dossier/evidence-landscape-v0.2/ART_LNDV02_SET_756809652ACB00343DA20824/partitions/p18/landscape_records.jsonl,LOCAL_CONTENT_ADDRESSED_EXTERNAL_STAGING,111,273,29296,11331300,17f8ed51104fa1f5693fae1e40a2831a9a072e236ab0d598e9afcf0c148b4358,EVIDENCE_LANDSCAPE_SCHEMA_V0.2.1,MULTI_COMPONENT_EVIDENCE_LANDSCAPE_V0.2,MULTI_COMPONENT_EVIDENCE_LANDSCAPE_GENERATOR_V0.1,PASS
p19,ENSEMBL_SHA256_PREFIX_2_V0.1,ART_LNDV02_SET_756809652ACB00343DA20824,ART_LNDV02_70027B33656E6BD0822F5EB0,CLASS_D_LARGE_DATA_OBJECT,LANDSCAPE_JSONL_PAYLOAD,urn:sha256:70027b33656e6bd0822f5eb06e3f8c949850cba1b1333994902d0c9a2adff5e6,external+sha256://luad-target-dossier/evidence-landscape-v0.2/ART_LNDV02_SET_756809652ACB00343DA20824/partitions/p19/landscape_records.jsonl,LOCAL_CONTENT_ADDRESSED_EXTERNAL_STAGING,112,610,29399,10816395,70027b33656e6bd0822f5eb06e3f8c949850cba1b1333994902d0c9a2adff5e6,EVIDENCE_LANDSCAPE_SCHEMA_V0.2.1,MULTI_COMPONENT_EVIDENCE_LANDSCAPE_V0.2,MULTI_COMPONENT_EVIDENCE_LANDSCAPE_GENERATOR_V0.1,PASS
p1a,ENSEMBL_SHA256_PREFIX_2_V0.1,ART_LNDV02_SET_756809652ACB00343DA20824,ART_LNDV02_1348EA6CE97F41D5592E882A,CLASS_D_LARGE_DATA_OBJECT,LANDSCAPE_JSONL_PAYLOAD,urn:sha256:1348ea6ce97f41d5592e882aeb455ee9ad9feac6b84c9f06a830933c949ba34c,external+sha256://luad-target-dossier/evidence-landscape-v0.2/ART_LNDV02_SET_756809652ACB00343DA20824/partitions/p1a/landscape_records.jsonl,LOCAL_CONTENT_ADDRESSED_EXTERNAL_STAGING,109,144,28746,9740618,1348ea6ce97f41d5592e882aeb455ee9ad9feac6b84c9f06a830933c949ba34c,EVIDENCE_LANDSCAPE_SCHEMA_V0.2.1,MULTI_COMPONENT_EVIDENCE_LANDSCAPE_V0.2,MULTI_COMPONENT_EVIDENCE_LANDSCAPE_GENERATOR_V0.1,PASS
p1b,ENSEMBL_SHA256_PREFIX_2_V0.1,ART_LNDV02_SET_756809652ACB00343DA20824,ART_LNDV02_6CA2790D9E4864923127CBE0,CLASS_D_LARGE_DATA_OBJECT,LANDSCAPE_JSONL_PAYLOAD,urn:sha256:6ca2790d9e4864923127cbe000acb0bfb8c9ecf57bf3308fb89200c700e126f2,external+sha256://luad-target-dossier/evidence-landscape-v0.2/ART_LNDV02_SET_756809652ACB00343DA20824/partitions/p1b/landscape_records.jsonl,LOCAL_CONTENT_ADDRESSED_EXTERNAL_STAGING,124,453,29537,128670371,6ca2790d9e4864923127cbe000acb0bfb8c9ecf57bf3308fb89200c700e126f2,EVIDENCE_LANDSCAPE_SCHEMA_V0.2.1,MULTI_COMPONENT_EVIDENCE_LANDSCAPE_V0.2,MULTI_COMPONENT_EVIDENCE_LANDSCAPE_GENERATOR_V0.1,PASS
p1c,ENSEMBL_SHA256_PREFIX_2_V0.1,ART_LNDV02_SET_756809652ACB00343DA20824,ART_LNDV02_57B9D035A2AA82A9F72AAAC8,CLASS_D_LARGE_DATA_OBJECT,LANDSCAPE_JSONL_PAYLOAD,urn:sha256:57b9d035a2aa82a9f72aaac8d2d70f78733d68c6450f7159323ec353d22cc14c,external+sha256://luad-target-dossier/evidence-landscape-v0.2/ART_LNDV02_SET_756809652ACB00343DA20824/partitions/p1c/landscape_records.jsonl,LOCAL_CONTENT_ADDRESSED_EXTERNAL_STAGING,137,130,29466,13157455,57b9d035a2aa82a9f72aaac8d2d70f78733d68c6450f7159323ec353d22cc14c,EVIDENCE_LANDSCAPE_SCHEMA_V0.2.1,MULTI_COMPONENT_EVIDENCE_LANDSCAPE_V0.2,MULTI_COMPONENT_EVIDENCE_LANDSCAPE_GENERATOR_V0.1,PASS
p1d,ENSEMBL_SHA256_PREFIX_2_V0.1,ART_LNDV02_SET_756809652ACB00343DA20824,ART_LNDV02_F6430CE79DAEFB2C58968030,CLASS_D_LARGE_DATA_OBJECT,LANDSCAPE_JSONL_PAYLOAD,urn:sha256:f6430ce79daefb2c589680301762a1ef3410a47f8e4f5694d2f49352fb50e9fb,external+sha256://luad-target-dossier/evidence-landscape-v0.2/ART_LNDV02_SET_756809652ACB00343DA20824/partitions/p1d/landscape_records.jsonl,LOCAL_CONTENT_ADDRESSED_EXTERNAL_STAGING,110,81,29120,13842441,f6430ce79daefb2c589680301762a1ef3410a47f8e4f5694d2f49352fb50e9fb,EVIDENCE_LANDSCAPE_SCHEMA_V0.2.1,MULTI_COMPONENT_EVIDENCE_LANDSCAPE_V0.2,MULTI_COMPONENT_EVIDENCE_LANDSCAPE_GENERATOR_V0.1,PASS
p1e,ENSEMBL_SHA256_PREFIX_2_V0.1,ART_LNDV02_SET_756809652ACB00343DA20824,ART_LNDV02_21BE681F9CA4C200A32892D8,CLASS_D_LARGE_DATA_OBJECT,LANDSCAPE_JSONL_PAYLOAD,urn:sha256:21be681f9ca4c200a32892d877a0fcfaec330d878fc9be9100e2555a7d7c2b8c,external+sha256://luad-target-dossier/evidence-landscape-v0.2/ART_LNDV02_SET_756809652ACB00343DA20824/partitions/p1e/landscape_records.jsonl,LOCAL_CONTENT_ADDRESSED_EXTERNAL_STAGING,101,67,29531,9304618,21be681f9ca4c200a32892d877a0fcfaec330d878fc9be9100e2555a7d7c2b8c,EVIDENCE_LANDSCAPE_SCHEMA_V0.2.1,MULTI_COMPONENT_EVIDENCE_LANDSCAPE_V0.2,MULTI_COMPONENT_EVIDENCE_LANDSCAPE_GENERATOR_V0.1,PASS
p1f,ENSEMBL_SHA256_PREFIX_2_V0.1,ART_LNDV02_SET_756809652ACB00343DA20824,ART_LNDV02_C85E8227E23FF7B2B18AC588,CLASS_D_LARGE_DATA_OBJECT,LANDSCAPE_JSONL_PAYLOAD,urn:sha256:c85e8227e23ff7b2b18ac5883eddd351f94596475574f203f81f197d3c5bb03d,external+sha256://luad-target-dossier/evidence-landscape-v0.2/ART_LNDV02_SET_756809652ACB00343DA20824/partitions/p1f/landscape_records.jsonl,LOCAL_CONTENT_ADDRESSED_EXTERNAL_STAGING,123,298,29509,12080858,c85e8227e23ff7b2b18ac5883eddd351f94596475574f203f81f197d3c5bb03d,EVIDENCE_LANDSCAPE_SCHEMA_V0.2.1,MULTI_COMPONENT_EVIDENCE_LANDSCAPE_V0.2,MULTI_COMPONENT_EVIDENCE_LANDSCAPE_GENERATOR_V0.1,PASS
p20,ENSEMBL_SHA256_PREFIX_2_V0.1,ART_LNDV02_SET_756809652ACB00343DA20824,ART_LNDV02_1F6B341ADC05343AA9A19C98,CLASS_D_LARGE_DATA_OBJECT,LANDSCAPE_JSONL_PAYLOAD,urn:sha256:1f6b341adc05343aa9a19c98860a047486466548623cf972c8844a3ead1db718,external+sha256://luad-target-dossier/evidence-landscape-v0.2/ART_LNDV02_SET_756809652ACB00343DA20824/partitions/p20/landscape_records.jsonl,LOCAL_CONTENT_ADDRESSED_EXTERNAL_STAGING,106,285,29574,9961536,1f6b341adc05343aa9a19c98860a047486466548623cf972c8844a3ead1db718,EVIDENCE_LANDSCAPE_SCHEMA_V0.2.1,MULTI_COMPONENT_EVIDENCE_LANDSCAPE_V0.2,MULTI_COMPONENT_EVIDENCE_LANDSCAPE_GENERATOR_V0.1,PASS
p21,ENSEMBL_SHA256_PREFIX_2_V0.1,ART_LNDV02_SET_756809652ACB00343DA20824,ART_LNDV02_1DCA0B470B1CE4B45F896DFA,CLASS_D_LARGE_DATA_OBJECT,LANDSCAPE_JSONL_PAYLOAD,urn:sha256:1dca0b470b1ce4b45f896dfa6804f552097a4e0c44a822a912c1bf9b27cb3871,external+sha256://luad-target-dossier/evidence-landscape-v0.2/ART_LNDV02_SET_756809652ACB00343DA20824/partitions/p21/landscape_records.jsonl,LOCAL_CONTENT_ADDRESSED_EXTERNAL_STAGING,108,292,29492,10946112,1dca0b470b1ce4b45f896dfa6804f552097a4e0c44a822a912c1bf9b27cb3871,EVIDENCE_LANDSCAPE_SCHEMA_V0.2.1,MULTI_COMPONENT_EVIDENCE_LANDSCAPE_V0.2,MULTI_COMPONENT_EVIDENCE_LANDSCAPE_GENERATOR_V0.1,PASS
p22,ENSEMBL_SHA256_PREFIX_2_V0.1,ART_LNDV02_SET_756809652ACB00343DA20824,ART_LNDV02_A8315A719E9C6A1DA45CCE82,CLASS_D_LARGE_DATA_OBJECT,LANDSCAPE_JSONL_PAYLOAD,urn:sha256:a8315a719e9c6a1da45cce828faab2e6e64a62dfae04ba6467e3e894ca6d9b3d,external+sha256://luad-target-dossier/evidence-landscape-v0.2/ART_LNDV02_SET_756809652ACB00343DA20824/partitions/p22/landscape_records.jsonl,LOCAL_CONTENT_ADDRESSED_EXTERNAL_STAGING,113,15,29568,10865763,a8315a719e9c6a1da45cce828faab2e6e64a62dfae04ba6467e3e894ca6d9b3d,EVIDENCE_LANDSCAPE_SCHEMA_V0.2.1,MULTI_COMPONENT_EVIDENCE_LANDSCAPE_V0.2,MULTI_COMPONENT_EVIDENCE_LANDSCAPE_GENERATOR_V0.1,PASS
p23,ENSEMBL_SHA256_PREFIX_2_V0.1,ART_LNDV02_SET_756809652ACB00343DA20824,ART_LNDV02_08CDBF9B5C1A27927EF0DAE0,CLASS_D_LARGE_DATA_OBJECT,LANDSCAPE_JSONL_PAYLOAD,urn:sha256:08cdbf9b5c1a27927ef0dae05330603d56b80f8801a66a868033b12230a76c3b,external+sha256://luad-target-dossier/evidence-landscape-v0.2/ART_LNDV02_SET_756809652ACB00343DA20824/partitions/p23/landscape_records.jsonl,LOCAL_CONTENT_ADDRESSED_EXTERNAL_STAGING,112,266,29597,10019470,08cdbf9b5c1a27927ef0dae05330603d56b80f8801a66a868033b12230a76c3b,EVIDENCE_LANDSCAPE_SCHEMA_V0.2.1,MULTI_COMPONENT_EVIDENCE_LANDSCAPE_V0.2,MULTI_COMPONENT_EVIDENCE_LANDSCAPE_GENERATOR_V0.1,PASS
p24,ENSEMBL_SHA256_PREFIX_2_V0.1,ART_LNDV02_SET_756809652ACB00343DA20824,ART_LNDV02_465CF34D00EED03848EBBB45,CLASS_D_LARGE_DATA_OBJECT,LANDSCAPE_JSONL_PAYLOAD,urn:sha256:465cf34d00eed03848ebbb454b55df115bfa7f0a6e9c6314926557de06e4b58c,external+sha256://luad-target-dossier/evidence-landscape-v0.2/ART_LNDV02_SET_756809652ACB00343DA20824/partitions/p24/landscape_records.jsonl,LOCAL_CONTENT_ADDRESSED_EXTERNAL_STAGING,110,424,29429,9233919,465cf34d00eed03848ebbb454b55df115bfa7f0a6e9c6314926557de06e4b58c,EVIDENCE_LANDSCAPE_SCHEMA_V0.2.1,MULTI_COMPONENT_EVIDENCE_LANDSCAPE_V0.2,MULTI_COMPONENT_EVIDENCE_LANDSCAPE_GENERATOR_V0.1,PASS
p25,ENSEMBL_SHA256_PREFIX_2_V0.1,ART_LNDV02_SET_756809652ACB00343DA20824,ART_LNDV02_28F09185B65674D0DB458F15,CLASS_D_LARGE_DATA_OBJECT,LANDSCAPE_JSONL_PAYLOAD,urn:sha256:28f09185b65674d0db458f150bf919f3146c12cb76eca7413ebb08c1e00908da,external+sha256://luad-target-dossier/evidence-landscape-v0.2/ART_LNDV02_SET_756809652ACB00343DA20824/partitions/p25/landscape_records.jsonl,LOCAL_CONTENT_ADDRESSED_EXTERNAL_STAGING,104,23,29489,12373461,28f09185b65674d0db458f150bf919f3146c12cb76eca7413ebb08c1e00908da,EVIDENCE_LANDSCAPE_SCHEMA_V0.2.1,MULTI_COMPONENT_EVIDENCE_LANDSCAPE_V0.2,MULTI_COMPONENT_EVIDENCE_LANDSCAPE_GENERATOR_V0.1,PASS
p26,ENSEMBL_SHA256_PREFIX_2_V0.1,ART_LNDV02_SET_756809652ACB00343DA20824,ART_LNDV02_16B5322C6955222C80C9A111,CLASS_D_LARGE_DATA_OBJECT,LANDSCAPE_JSONL_PAYLOAD,urn:sha256:16b5322c6955222c80c9a1117ef57cfc2e1c330e3a807a595acad9d70ccb7b47,external+sha256://luad-target-dossier/evidence-landscape-v0.2/ART_LNDV02_SET_756809652ACB00343DA20824/partitions/p26/landscape_records.jsonl,LOCAL_CONTENT_ADDRESSED_EXTERNAL_STAGING,100,181,29413,9314833,16b5322c6955222c80c9a1117ef57cfc2e1c330e3a807a595acad9d70ccb7b47,EVIDENCE_LANDSCAPE_SCHEMA_V0.2.1,MULTI_COMPONENT_EVIDENCE_LANDSCAPE_V0.2,MULTI_COMPONENT_EVIDENCE_LANDSCAPE_GENERATOR_V0.1,PASS
p27,ENSEMBL_SHA256_PREFIX_2_V0.1,ART_LNDV02_SET_756809652ACB00343DA20824,ART_LNDV02_0EF2F38C3A5DE63C9A2A589C,CLASS_D_LARGE_DATA_OBJECT,LANDSCAPE_JSONL_PAYLOAD,urn:sha256:0ef2f38c3a5de63c9a2a589cbb72a55d8b7adc6985a212ec6e4b242cb5a3d2bb,external+sha256://luad-target-dossier/evidence-landscape-v0.2/ART_LNDV02_SET_756809652ACB00343DA20824/partitions/p27/landscape_records.jsonl,LOCAL_CONTENT_ADDRESSED_EXTERNAL_STAGING,127,126,29487,12475380,0ef2f38c3a5de63c9a2a589cbb72a55d8b7adc6985a212ec6e4b242cb5a3d2bb,EVIDENCE_LANDSCAPE_SCHEMA_V0.2.1,MULTI_COMPONENT_EVIDENCE_LANDSCAPE_V0.2,MULTI_COMPONENT_EVIDENCE_LANDSCAPE_GENERATOR_V0.1,PASS
p28,ENSEMBL_SHA256_PREFIX_2_V0.1,ART_LNDV02_SET_756809652ACB00343DA20824,ART_LNDV02_71FE6415D48AB0ACC8FA9266,CLASS_D_LARGE_DATA_OBJECT,LANDSCAPE_JSONL_PAYLOAD,urn:sha256:71fe6415d48ab0acc8fa92664f452001736f53062b2d4e658c4e3b6f771742ae,external+sha256://luad-target-dossier/evidence-landscape-v0.2/ART_LNDV02_SET_756809652ACB00343DA20824/partitions/p28/landscape_records.jsonl,LOCAL_CONTENT_ADDRESSED_EXTERNAL_STAGING,108,218,29476,17295192,71fe6415d48ab0acc8fa92664f452001736f53062b2d4e658c4e3b6f771742ae,EVIDENCE_LANDSCAPE_SCHEMA_V0.2.1,MULTI_COMPONENT_EVIDENCE_LANDSCAPE_V0.2,MULTI_COMPONENT_EVIDENCE_LANDSCAPE_GENERATOR_V0.1,PASS
p29,ENSEMBL_SHA256_PREFIX_2_V0.1,ART_LNDV02_SET_756809652ACB00343DA20824,ART_LNDV02_0138AEE4A1CFA5BC6CAD4189,CLASS_D_LARGE_DATA_OBJECT,LANDSCAPE_JSONL_PAYLOAD,urn:sha256:0138aee4a1cfa5bc6cad418912a789f332e1e187686551c9e4cfc737eb7a504c,external+sha256://luad-target-dossier/evidence-landscape-v0.2/ART_LNDV02_SET_756809652ACB00343DA20824/partitions/p29/landscape_records.jsonl,LOCAL_CONTENT_ADDRESSED_EXTERNAL_STAGING,141,267,29368,13597195,0138aee4a1cfa5bc6cad418912a789f332e1e187686551c9e4cfc737eb7a504c,EVIDENCE_LANDSCAPE_SCHEMA_V0.2.1,MULTI_COMPONENT_EVIDENCE_LANDSCAPE_V0.2,MULTI_COMPONENT_EVIDENCE_LANDSCAPE_GENERATOR_V0.1,PASS
p2a,ENSEMBL_SHA256_PREFIX_2_V0.1,ART_LNDV02_SET_756809652ACB00343DA20824,ART_LNDV02_04B0EA4AA0B173AAAD9FCA64,CLASS_D_LARGE_DATA_OBJECT,LANDSCAPE_JSONL_PAYLOAD,urn:sha256:04b0ea4aa0b173aaad9fca64607a69bd8061ba86f06960994b4d982f73ca3505,external+sha256://luad-target-dossier/evidence-landscape-v0.2/ART_LNDV02_SET_756809652ACB00343DA20824/partitions/p2a/landscape_records.jsonl,LOCAL_CONTENT_ADDRESSED_EXTERNAL_STAGING,123,98,29246,10887939,04b0ea4aa0b173aaad9fca64607a69bd8061ba86f06960994b4d982f73ca3505,EVIDENCE_LANDSCAPE_SCHEMA_V0.2.1,MULTI_COMPONENT_EVIDENCE_LANDSCAPE_V0.2,MULTI_COMPONENT_EVIDENCE_LANDSCAPE_GENERATOR_V0.1,PASS
p2b,ENSEMBL_SHA256_PREFIX_2_V0.1,ART_LNDV02_SET_756809652ACB00343DA20824,ART_LNDV02_F8EB3A4C9B5B90B272AB6A54,CLASS_D_LARGE_DATA_OBJECT,LANDSCAPE_JSONL_PAYLOAD,urn:sha256:f8eb3a4c9b5b90b272ab6a54fbd6233ac569d6a95dcb1164e8d7448715c18c1c,external+sha256://luad-target-dossier/evidence-landscape-v0.2/ART_LNDV02_SET_756809652ACB00343DA20824/partitions/p2b/landscape_records.jsonl,LOCAL_CONTENT_ADDRESSED_EXTERNAL_STAGING,113,287,29301,10149818,f8eb3a4c9b5b90b272ab6a54fbd6233ac569d6a95dcb1164e8d7448715c18c1c,EVIDENCE_LANDSCAPE_SCHEMA_V0.2.1,MULTI_COMPONENT_EVIDENCE_LANDSCAPE_V0.2,MULTI_COMPONENT_EVIDENCE_LANDSCAPE_GENERATOR_V0.1,PASS
p2c,ENSEMBL_SHA256_PREFIX_2_V0.1,ART_LNDV02_SET_756809652ACB00343DA20824,ART_LNDV02_CBC08BCE4307F6E00DAB0E7D,CLASS_D_LARGE_DATA_OBJECT,LANDSCAPE_JSONL_PAYLOAD,urn:sha256:cbc08bce4307f6e00dab0e7d3f9ff7f7c5318e2e4ef2106a18aedb02f7a2d9bf,external+sha256://luad-target-dossier/evidence-landscape-v0.2/ART_LNDV02_SET_756809652ACB00343DA20824/partitions/p2c/landscape_records.jsonl,LOCAL_CONTENT_ADDRESSED_EXTERNAL_STAGING,131,34,29316,12692303,cbc08bce4307f6e00dab0e7d3f9ff7f7c5318e2e4ef2106a18aedb02f7a2d9bf,EVIDENCE_LANDSCAPE_SCHEMA_V0.2.1,MULTI_COMPONENT_EVIDENCE_LANDSCAPE_V0.2,MULTI_COMPONENT_EVIDENCE_LANDSCAPE_GENERATOR_V0.1,PASS
p2d,ENSEMBL_SHA256_PREFIX_2_V0.1,ART_LNDV02_SET_756809652ACB00343DA20824,ART_LNDV02_2E98CDE973E71EDCB3D83B98,CLASS_D_LARGE_DATA_OBJECT,LANDSCAPE_JSONL_PAYLOAD,urn:sha256:2e98cde973e71edcb3d83b984cf9b8734264b053cdcf3c1cf92cb59b9ecbfcab,external+sha256://luad-target-dossier/evidence-landscape-v0.2/ART_LNDV02_SET_756809652ACB00343DA20824/partitions/p2d/landscape_records.jsonl,LOCAL_CONTENT_ADDRESSED_EXTERNAL_STAGING,117,154,29347,11598565,2e98cde973e71edcb3d83b984cf9b8734264b053cdcf3c1cf92cb59b9ecbfcab,EVIDENCE_LANDSCAPE_SCHEMA_V0.2.1,MULTI_COMPONENT_EVIDENCE_LANDSCAPE_V0.2,MULTI_COMPONENT_EVIDENCE_LANDSCAPE_GENERATOR_V0.1,PASS
p2e,ENSEMBL_SHA256_PREFIX_2_V0.1,ART_LNDV02_SET_756809652ACB00343DA20824,ART_LNDV02_A5C0757EF880539962644C1B,CLASS_D_LARGE_DATA_OBJECT,LANDSCAPE_JSONL_PAYLOAD,urn:sha256:a5c0757ef880539962644c1b44b7acc99d48b68b03b2a8585b8a1761c6331e17,external+sha256://luad-target-dossier/evidence-landscape-v0.2/ART_LNDV02_SET_756809652ACB00343DA20824/partitions/p2e/landscape_records.jsonl,LOCAL_CONTENT_ADDRESSED_EXTERNAL_STAGING,119,382,29555,10937112,a5c0757ef880539962644c1b44b7acc99d48b68b03b2a8585b8a1761c6331e17,EVIDENCE_LANDSCAPE_SCHEMA_V0.2.1,MULTI_COMPONENT_EVIDENCE_LANDSCAPE_V0.2,MULTI_COMPONENT_EVIDENCE_LANDSCAPE_GENERATOR_V0.1,PASS
p2f,ENSEMBL_SHA256_PREFIX_2_V0.1,ART_LNDV02_SET_756809652ACB00343DA20824,ART_LNDV02_C58ED1FB2335743B651ADF0D,CLASS_D_LARGE_DATA_OBJECT,LANDSCAPE_JSONL_PAYLOAD,urn:sha256:c58ed1fb2335743b651adf0d95a339c0b0f3b8ecfe2cfed67485dce226684778,external+sha256://luad-target-dossier/evidence-landscape-v0.2/ART_LNDV02_SET_756809652ACB00343DA20824/partitions/p2f/landscape_records.jsonl,LOCAL_CONTENT_ADDRESSED_EXTERNAL_STAGING,99,228,28660,12123675,c58ed1fb2335743b651adf0d95a339c0b0f3b8ecfe2cfed67485dce226684778,EVIDENCE_LANDSCAPE_SCHEMA_V0.2.1,MULTI_COMPONENT_EVIDENCE_LANDSCAPE_V0.2,MULTI_COMPONENT_EVIDENCE_LANDSCAPE_GENERATOR_V0.1,PASS
p30,ENSEMBL_SHA256_PREFIX_2_V0.1,ART_LNDV02_SET_756809652ACB00343DA20824,ART_LNDV02_ADBE33106B6138509623312C,CLASS_D_LARGE_DATA_OBJECT,LANDSCAPE_JSONL_PAYLOAD,urn:sha256:adbe33106b6138509623312c3be68986b54b4636d4511b83085a19fd161c811b,external+sha256://luad-target-dossier/evidence-landscape-v0.2/ART_LNDV02_SET_756809652ACB00343DA20824/partitions/p30/landscape_records.jsonl,LOCAL_CONTENT_ADDRESSED_EXTERNAL_STAGING,145,63,29469,17578181,adbe33106b6138509623312c3be68986b54b4636d4511b83085a19fd161c811b,EVIDENCE_LANDSCAPE_SCHEMA_V0.2.1,MULTI_COMPONENT_EVIDENCE_LANDSCAPE_V0.2,MULTI_COMPONENT_EVIDENCE_LANDSCAPE_GENERATOR_V0.1,PASS
p31,ENSEMBL_SHA256_PREFIX_2_V0.1,ART_LNDV02_SET_756809652ACB00343DA20824,ART_LNDV02_343BB728C8851D5C0B6D4C3E,CLASS_D_LARGE_DATA_OBJECT,LANDSCAPE_JSONL_PAYLOAD,urn:sha256:343bb728c8851d5c0b6d4c3e55c084aca125580fd5eceb4d7f69ccd2b3c8bca8,external+sha256://luad-target-dossier/evidence-landscape-v0.2/ART_LNDV02_SET_756809652ACB00343DA20824/partitions/p31/landscape_records.jsonl,LOCAL_CONTENT_ADDRESSED_EXTERNAL_STAGING,116,520,29438,10640115,343bb728c8851d5c0b6d4c3e55c084aca125580fd5eceb4d7f69ccd2b3c8bca8,EVIDENCE_LANDSCAPE_SCHEMA_V0.2.1,MULTI_COMPONENT_EVIDENCE_LANDSCAPE_V0.2,MULTI_COMPONENT_EVIDENCE_LANDSCAPE_GENERATOR_V0.1,PASS
p32,ENSEMBL_SHA256_PREFIX_2_V0.1,ART_LNDV02_SET_756809652ACB00343DA20824,ART_LNDV02_62DA47F0D05F4C88E61B9C34,CLASS_D_LARGE_DATA_OBJECT,LANDSCAPE_JSONL_PAYLOAD,urn:sha256:62da47f0d05f4c88e61b9c34225a55df8cff092080b4d76c974ac99d144e7579,external+sha256://luad-target-dossier/evidence-landscape-v0.2/ART_LNDV02_SET_756809652ACB00343DA20824/partitions/p32/landscape_records.jsonl,LOCAL_CONTENT_ADDRESSED_EXTERNAL_STAGING,114,210,29465,11101317,62da47f0d05f4c88e61b9c34225a55df8cff092080b4d76c974ac99d144e7579,EVIDENCE_LANDSCAPE_SCHEMA_V0.2.1,MULTI_COMPONENT_EVIDENCE_LANDSCAPE_V0.2,MULTI_COMPONENT_EVIDENCE_LANDSCAPE_GENERATOR_V0.1,PASS
p33,ENSEMBL_SHA256_PREFIX_2_V0.1,ART_LNDV02_SET_756809652ACB00343DA20824,ART_LNDV02_25A7BD546059DF03F8313DCE,CLASS_D_LARGE_DATA_OBJECT,LANDSCAPE_JSONL_PAYLOAD,urn:sha256:25a7bd546059df03f8313dce3a10f0d3549541bc4ef46d85339f00752f0f04fd,external+sha256://luad-target-dossier/evidence-landscape-v0.2/ART_LNDV02_SET_756809652ACB00343DA20824/partitions/p33/landscape_records.jsonl,LOCAL_CONTENT_ADDRESSED_EXTERNAL_STAGING,119,241,29365,13564847,25a7bd546059df03f8313dce3a10f0d3549541bc4ef46d85339f00752f0f04fd,EVIDENCE_LANDSCAPE_SCHEMA_V0.2.1,MULTI_COMPONENT_EVIDENCE_LANDSCAPE_V0.2,MULTI_COMPONENT_EVIDENCE_LANDSCAPE_GENERATOR_V0.1,PASS
p34,ENSEMBL_SHA256_PREFIX_2_V0.1,ART_LNDV02_SET_756809652ACB00343DA20824,ART_LNDV02_76A9E0CBDA93DC625830B266,CLASS_D_LARGE_DATA_OBJECT,LANDSCAPE_JSONL_PAYLOAD,urn:sha256:76a9e0cbda93dc625830b266d7526655c177ac9f84b92ffa3151cfd2ec412d36,external+sha256://luad-target-dossier/evidence-landscape-v0.2/ART_LNDV02_SET_756809652ACB00343DA20824/partitions/p34/landscape_records.jsonl,LOCAL_CONTENT_ADDRESSED_EXTERNAL_STAGING,112,195,28999,18547100,76a9e0cbda93dc625830b266d7526655c177ac9f84b92ffa3151cfd2ec412d36,EVIDENCE_LANDSCAPE_SCHEMA_V0.2.1,MULTI_COMPONENT_EVIDENCE_LANDSCAPE_V0.2,MULTI_COMPONENT_EVIDENCE_LANDSCAPE_GENERATOR_V0.1,PASS
p35,ENSEMBL_SHA256_PREFIX_2_V0.1,ART_LNDV02_SET_756809652ACB00343DA20824,ART_LNDV02_CDBBD514E8CB9D93A8F2B63B,CLASS_D_LARGE_DATA_OBJECT,LANDSCAPE_JSONL_PAYLOAD,urn:sha256:cdbbd514e8cb9d93a8f2b63bb389e6c773fb13df13541773a132c7f6dde9020f,external+sha256://luad-target-dossier/evidence-landscape-v0.2/ART_LNDV02_SET_756809652ACB00343DA20824/partitions/p35/landscape_records.jsonl,LOCAL_CONTENT_ADDRESSED_EXTERNAL_STAGING,130,145,28703,11808323,cdbbd514e8cb9d93a8f2b63bb389e6c773fb13df13541773a132c7f6dde9020f,EVIDENCE_LANDSCAPE_SCHEMA_V0.2.1,MULTI_COMPONENT_EVIDENCE_LANDSCAPE_V0.2,MULTI_COMPONENT_EVIDENCE_LANDSCAPE_GENERATOR_V0.1,PASS
p36,ENSEMBL_SHA256_PREFIX_2_V0.1,ART_LNDV02_SET_756809652ACB00343DA20824,ART_LNDV02_7676C4FF1508B849894B327A,CLASS_D_LARGE_DATA_OBJECT,LANDSCAPE_JSONL_PAYLOAD,urn:sha256:7676c4ff1508b849894b327a6537ce7ab670e93f66744d0540840ae4b45b7441,external+sha256://luad-target-dossier/evidence-landscape-v0.2/ART_LNDV02_SET_756809652ACB00343DA20824/partitions/p36/landscape_records.jsonl,LOCAL_CONTENT_ADDRESSED_EXTERNAL_STAGING,117,68,28993,18367569,7676c4ff1508b849894b327a6537ce7ab670e93f66744d0540840ae4b45b7441,EVIDENCE_LANDSCAPE_SCHEMA_V0.2.1,MULTI_COMPONENT_EVIDENCE_LANDSCAPE_V0.2,MULTI_COMPONENT_EVIDENCE_LANDSCAPE_GENERATOR_V0.1,PASS
p37,ENSEMBL_SHA256_PREFIX_2_V0.1,ART_LNDV02_SET_756809652ACB00343DA20824,ART_LNDV02_1DF63111BAB75B22EBE8A9BC,CLASS_D_LARGE_DATA_OBJECT,LANDSCAPE_JSONL_PAYLOAD,urn:sha256:1df63111bab75b22ebe8a9bcb65db0526f8950c6c50b0391bf39680d30f7534d,external+sha256://luad-target-dossier/evidence-landscape-v0.2/ART_LNDV02_SET_756809652ACB00343DA20824/partitions/p37/landscape_records.jsonl,LOCAL_CONTENT_ADDRESSED_EXTERNAL_STAGING,132,69,29348,14509162,1df63111bab75b22ebe8a9bcb65db0526f8950c6c50b0391bf39680d30f7534d,EVIDENCE_LANDSCAPE_SCHEMA_V0.2.1,MULTI_COMPONENT_EVIDENCE_LANDSCAPE_V0.2,MULTI_COMPONENT_EVIDENCE_LANDSCAPE_GENERATOR_V0.1,PASS
p38,ENSEMBL_SHA256_PREFIX_2_V0.1,ART_LNDV02_SET_756809652ACB00343DA20824,ART_LNDV02_67E016098C95C4E0BF17C37A,CLASS_D_LARGE_DATA_OBJECT,LANDSCAPE_JSONL_PAYLOAD,urn:sha256:67e016098c95c4e0bf17c37a7ce5332c615bf0891af5775a4f8ebee484c57f6b,external+sha256://luad-target-dossier/evidence-landscape-v0.2/ART_LNDV02_SET_756809652ACB00343DA20824/partitions/p38/landscape_records.jsonl,LOCAL_CONTENT_ADDRESSED_EXTERNAL_STAGING,117,113,29577,12285865,67e016098c95c4e0bf17c37a7ce5332c615bf0891af5775a4f8ebee484c57f6b,EVIDENCE_LANDSCAPE_SCHEMA_V0.2.1,MULTI_COMPONENT_EVIDENCE_LANDSCAPE_V0.2,MULTI_COMPONENT_EVIDENCE_LANDSCAPE_GENERATOR_V0.1,PASS
p39,ENSEMBL_SHA256_PREFIX_2_V0.1,ART_LNDV02_SET_756809652ACB00343DA20824,ART_LNDV02_E76ABBA12A3E1CA656FA6509,CLASS_D_LARGE_DATA_OBJECT,LANDSCAPE_JSONL_PAYLOAD,urn:sha256:e76abba12a3e1ca656fa6509c4bd8fd54926e6c140982953925680fd40a89a66,external+sha256://luad-target-dossier/evidence-landscape-v0.2/ART_LNDV02_SET_756809652ACB00343DA20824/partitions/p39/landscape_records.jsonl,LOCAL_CONTENT_ADDRESSED_EXTERNAL_STAGING,109,74,29602,10648817,e76abba12a3e1ca656fa6509c4bd8fd54926e6c140982953925680fd40a89a66,EVIDENCE_LANDSCAPE_SCHEMA_V0.2.1,MULTI_COMPONENT_EVIDENCE_LANDSCAPE_V0.2,MULTI_COMPONENT_EVIDENCE_LANDSCAPE_GENERATOR_V0.1,PASS
p3a,ENSEMBL_SHA256_PREFIX_2_V0.1,ART_LNDV02_SET_756809652ACB00343DA20824,ART_LNDV02_DBD43B47F79A14B12021AB94,CLASS_D_LARGE_DATA_OBJECT,LANDSCAPE_JSONL_PAYLOAD,urn:sha256:dbd43b47f79a14b12021ab94dc213763b3a9623610c8590f32af380bee143874,external+sha256://luad-target-dossier/evidence-landscape-v0.2/ART_LNDV02_SET_756809652ACB00343DA20824/partitions/p3a/landscape_records.jsonl,LOCAL_CONTENT_ADDRESSED_EXTERNAL_STAGING,125,425,29467,42793216,dbd43b47f79a14b12021ab94dc213763b3a9623610c8590f32af380bee143874,EVIDENCE_LANDSCAPE_SCHEMA_V0.2.1,MULTI_COMPONENT_EVIDENCE_LANDSCAPE_V0.2,MULTI_COMPONENT_EVIDENCE_LANDSCAPE_GENERATOR_V0.1,PASS
p3b,ENSEMBL_SHA256_PREFIX_2_V0.1,ART_LNDV02_SET_756809652ACB00343DA20824,ART_LNDV02_55D13CEAFC2F2DF78F72A1EB,CLASS_D_LARGE_DATA_OBJECT,LANDSCAPE_JSONL_PAYLOAD,urn:sha256:55d13ceafc2f2df78f72a1eb4b0d5f0392dc1da993f3d2e7c0469943f0ab81de,external+sha256://luad-target-dossier/evidence-landscape-v0.2/ART_LNDV02_SET_756809652ACB00343DA20824/partitions/p3b/landscape_records.jsonl,LOCAL_CONTENT_ADDRESSED_EXTERNAL_STAGING,111,538,29087,12144028,55d13ceafc2f2df78f72a1eb4b0d5f0392dc1da993f3d2e7c0469943f0ab81de,EVIDENCE_LANDSCAPE_SCHEMA_V0.2.1,MULTI_COMPONENT_EVIDENCE_LANDSCAPE_V0.2,MULTI_COMPONENT_EVIDENCE_LANDSCAPE_GENERATOR_V0.1,PASS
p3c,ENSEMBL_SHA256_PREFIX_2_V0.1,ART_LNDV02_SET_756809652ACB00343DA20824,ART_LNDV02_25236F99863333B00F9B056C,CLASS_D_LARGE_DATA_OBJECT,LANDSCAPE_JSONL_PAYLOAD,urn:sha256:25236f99863333b00f9b056c48eb449a7263126a2019cc78298d8dc9df47a23f,external+sha256://luad-target-dossier/evidence-landscape-v0.2/ART_LNDV02_SET_756809652ACB00343DA20824/partitions/p3c/landscape_records.jsonl,LOCAL_CONTENT_ADDRESSED_EXTERNAL_STAGING,97,177,28587,8621235,25236f99863333b00f9b056c48eb449a7263126a2019cc78298d8dc9df47a23f,EVIDENCE_LANDSCAPE_SCHEMA_V0.2.1,MULTI_COMPONENT_EVIDENCE_LANDSCAPE_V0.2,MULTI_COMPONENT_EVIDENCE_LANDSCAPE_GENERATOR_V0.1,PASS
p3d,ENSEMBL_SHA256_PREFIX_2_V0.1,ART_LNDV02_SET_756809652ACB00343DA20824,ART_LNDV02_212C43FE7E9086C41EE83D9E,CLASS_D_LARGE_DATA_OBJECT,LANDSCAPE_JSONL_PAYLOAD,urn:sha256:212c43fe7e9086c41ee83d9e06b3f25113f8179c28fa309dda9fbb2eead4033d,external+sha256://luad-target-dossier/evidence-landscape-v0.2/ART_LNDV02_SET_756809652ACB00343DA20824/partitions/p3d/landscape_records.jsonl,LOCAL_CONTENT_ADDRESSED_EXTERNAL_STAGING,133,35,29294,12915339,212c43fe7e9086c41ee83d9e06b3f25113f8179c28fa309dda9fbb2eead4033d,EVIDENCE_LANDSCAPE_SCHEMA_V0.2.1,MULTI_COMPONENT_EVIDENCE_LANDSCAPE_V0.2,MULTI_COMPONENT_EVIDENCE_LANDSCAPE_GENERATOR_V0.1,PASS
p3e,ENSEMBL_SHA256_PREFIX_2_V0.1,ART_LNDV02_SET_756809652ACB00343DA20824,ART_LNDV02_0565A69CC36605B9CDF172FB,CLASS_D_LARGE_DATA_OBJECT,LANDSCAPE_JSONL_PAYLOAD,urn:sha256:0565a69cc36605b9cdf172fb2213b1d167506a65b0dfc86cda2128c5fd02450f,external+sha256://luad-target-dossier/evidence-landscape-v0.2/ART_LNDV02_SET_756809652ACB00343DA20824/partitions/p3e/landscape_records.jsonl,LOCAL_CONTENT_ADDRESSED_EXTERNAL_STAGING,105,124,29085,11283009,0565a69cc36605b9cdf172fb2213b1d167506a65b0dfc86cda2128c5fd02450f,EVIDENCE_LANDSCAPE_SCHEMA_V0.2.1,MULTI_COMPONENT_EVIDENCE_LANDSCAPE_V0.2,MULTI_COMPONENT_EVIDENCE_LANDSCAPE_GENERATOR_V0.1,PASS
p3f,ENSEMBL_SHA256_PREFIX_2_V0.1,ART_LNDV02_SET_756809652ACB00343DA20824,ART_LNDV02_6A64ED11773A9E49D181AD3C,CLASS_D_LARGE_DATA_OBJECT,LANDSCAPE_JSONL_PAYLOAD,urn:sha256:6a64ed11773a9e49d181ad3c515a9a334f1e8a17cf187c9a7ed1d35bb9cf414d,external+sha256://luad-target-dossier/evidence-landscape-v0.2/ART_LNDV02_SET_756809652ACB00343DA20824/partitions/p3f/landscape_records.jsonl,LOCAL_CONTENT_ADDRESSED_EXTERNAL_STAGING,118,128,28370,13556098,6a64ed11773a9e49d181ad3c515a9a334f1e8a17cf187c9a7ed1d35bb9cf414d,EVIDENCE_LANDSCAPE_SCHEMA_V0.2.1,MULTI_COMPONENT_EVIDENCE_LANDSCAPE_V0.2,MULTI_COMPONENT_EVIDENCE_LANDSCAPE_GENERATOR_V0.1,PASS
p40,ENSEMBL_SHA256_PREFIX_2_V0.1,ART_LNDV02_SET_756809652ACB00343DA20824,ART_LNDV02_FCDADA76B5392C8369303DF4,CLASS_D_LARGE_DATA_OBJECT,LANDSCAPE_JSONL_PAYLOAD,urn:sha256:fcdada76b5392c8369303df47d87d84cd2b42053d96c740902fba3c852884676,external+sha256://luad-target-dossier/evidence-landscape-v0.2/ART_LNDV02_SET_756809652ACB00343DA20824/partitions/p40/landscape_records.jsonl,LOCAL_CONTENT_ADDRESSED_EXTERNAL_STAGING,121,252,29604,12000304,fcdada76b5392c8369303df47d87d84cd2b42053d96c740902fba3c852884676,EVIDENCE_LANDSCAPE_SCHEMA_V0.2.1,MULTI_COMPONENT_EVIDENCE_LANDSCAPE_V0.2,MULTI_COMPONENT_EVIDENCE_LANDSCAPE_GENERATOR_V0.1,PASS
p41,ENSEMBL_SHA256_PREFIX_2_V0.1,ART_LNDV02_SET_756809652ACB00343DA20824,ART_LNDV02_9547A242F4A13DE6CD8A9677,CLASS_D_LARGE_DATA_OBJECT,LANDSCAPE_JSONL_PAYLOAD,urn:sha256:9547a242f4a13de6cd8a9677e0a326aac065b6527df1db87173d8436e21eedb1,external+sha256://luad-target-dossier/evidence-landscape-v0.2/ART_LNDV02_SET_756809652ACB00343DA20824/partitions/p41/landscape_records.jsonl,LOCAL_CONTENT_ADDRESSED_EXTERNAL_STAGING,109,176,29414,11531811,9547a242f4a13de6cd8a9677e0a326aac065b6527df1db87173d8436e21eedb1,EVIDENCE_LANDSCAPE_SCHEMA_V0.2.1,MULTI_COMPONENT_EVIDENCE_LANDSCAPE_V0.2,MULTI_COMPONENT_EVIDENCE_LANDSCAPE_GENERATOR_V0.1,PASS
p42,ENSEMBL_SHA256_PREFIX_2_V0.1,ART_LNDV02_SET_756809652ACB00343DA20824,ART_LNDV02_3AB8B5650DCE653CC1B95409,CLASS_D_LARGE_DATA_OBJECT,LANDSCAPE_JSONL_PAYLOAD,urn:sha256:3ab8b5650dce653cc1b954092ad470d86e356269ecc7dc92fc57f610aba9b8a2,external+sha256://luad-target-dossier/evidence-landscape-v0.2/ART_LNDV02_SET_756809652ACB00343DA20824/partitions/p42/landscape_records.jsonl,LOCAL_CONTENT_ADDRESSED_EXTERNAL_STAGING,99,434,28947,9337698,3ab8b5650dce653cc1b954092ad470d86e356269ecc7dc92fc57f610aba9b8a2,EVIDENCE_LANDSCAPE_SCHEMA_V0.2.1,MULTI_COMPONENT_EVIDENCE_LANDSCAPE_V0.2,MULTI_COMPONENT_EVIDENCE_LANDSCAPE_GENERATOR_V0.1,PASS
p43,ENSEMBL_SHA256_PREFIX_2_V0.1,ART_LNDV02_SET_756809652ACB00343DA20824,ART_LNDV02_292B16B0A5655352C03B6440,CLASS_D_LARGE_DATA_OBJECT,LANDSCAPE_JSONL_PAYLOAD,urn:sha256:292b16b0a5655352c03b6440549e253f08952b20b0819a72e27fb9c1de5f6198,external+sha256://luad-target-dossier/evidence-landscape-v0.2/ART_LNDV02_SET_756809652ACB00343DA20824/partitions/p43/landscape_records.jsonl,LOCAL_CONTENT_ADDRESSED_EXTERNAL_STAGING,138,340,29373,13383674,292b16b0a5655352c03b6440549e253f08952b20b0819a72e27fb9c1de5f6198,EVIDENCE_LANDSCAPE_SCHEMA_V0.2.1,MULTI_COMPONENT_EVIDENCE_LANDSCAPE_V0.2,MULTI_COMPONENT_EVIDENCE_LANDSCAPE_GENERATOR_V0.1,PASS
p44,ENSEMBL_SHA256_PREFIX_2_V0.1,ART_LNDV02_SET_756809652ACB00343DA20824,ART_LNDV02_8F1D10BD63767CD303592DD1,CLASS_D_LARGE_DATA_OBJECT,LANDSCAPE_JSONL_PAYLOAD,urn:sha256:8f1d10bd63767cd303592dd1c5082795dc9abefbfff415b8d48daf4f527c3e4b,external+sha256://luad-target-dossier/evidence-landscape-v0.2/ART_LNDV02_SET_756809652ACB00343DA20824/partitions/p44/landscape_records.jsonl,LOCAL_CONTENT_ADDRESSED_EXTERNAL_STAGING,109,56,29559,11165016,8f1d10bd63767cd303592dd1c5082795dc9abefbfff415b8d48daf4f527c3e4b,EVIDENCE_LANDSCAPE_SCHEMA_V0.2.1,MULTI_COMPONENT_EVIDENCE_LANDSCAPE_V0.2,MULTI_COMPONENT_EVIDENCE_LANDSCAPE_GENERATOR_V0.1,PASS
p45,ENSEMBL_SHA256_PREFIX_2_V0.1,ART_LNDV02_SET_756809652ACB00343DA20824,ART_LNDV02_4AFCED4AB86C43874D80D876,CLASS_D_LARGE_DATA_OBJECT,LANDSCAPE_JSONL_PAYLOAD,urn:sha256:4afced4ab86c43874d80d876912f4421a83aab41cf0b00ba67208261c9c44cbe,external+sha256://luad-target-dossier/evidence-landscape-v0.2/ART_LNDV02_SET_756809652ACB00343DA20824/partitions/p45/landscape_records.jsonl,LOCAL_CONTENT_ADDRESSED_EXTERNAL_STAGING,102,322,29554,11203565,4afced4ab86c43874d80d876912f4421a83aab41cf0b00ba67208261c9c44cbe,EVIDENCE_LANDSCAPE_SCHEMA_V0.2.1,MULTI_COMPONENT_EVIDENCE_LANDSCAPE_V0.2,MULTI_COMPONENT_EVIDENCE_LANDSCAPE_GENERATOR_V0.1,PASS
p46,ENSEMBL_SHA256_PREFIX_2_V0.1,ART_LNDV02_SET_756809652ACB00343DA20824,ART_LNDV02_203842FC7A3D86D0B5C3104C,CLASS_D_LARGE_DATA_OBJECT,LANDSCAPE_JSONL_PAYLOAD,urn:sha256:203842fc7a3d86d0b5c3104cce4142e3d058dc27db6d335a64e578c097cf24e2,external+sha256://luad-target-dossier/evidence-landscape-v0.2/ART_LNDV02_SET_756809652ACB00343DA20824/partitions/p46/landscape_records.jsonl,LOCAL_CONTENT_ADDRESSED_EXTERNAL_STAGING,108,28,29132,11678655,203842fc7a3d86d0b5c3104cce4142e3d058dc27db6d335a64e578c097cf24e2,EVIDENCE_LANDSCAPE_SCHEMA_V0.2.1,MULTI_COMPONENT_EVIDENCE_LANDSCAPE_V0.2,MULTI_COMPONENT_EVIDENCE_LANDSCAPE_GENERATOR_V0.1,PASS
p47,ENSEMBL_SHA256_PREFIX_2_V0.1,ART_LNDV02_SET_756809652ACB00343DA20824,ART_LNDV02_A9A191644001FFDA972DF442,CLASS_D_LARGE_DATA_OBJECT,LANDSCAPE_JSONL_PAYLOAD,urn:sha256:a9a191644001ffda972df4421ff594e96f1b36a8a394553a27ae076bcba7ce9f,external+sha256://luad-target-dossier/evidence-landscape-v0.2/ART_LNDV02_SET_756809652ACB00343DA20824/partitions/p47/landscape_records.jsonl,LOCAL_CONTENT_ADDRESSED_EXTERNAL_STAGING,118,54,28889,11484831,a9a191644001ffda972df4421ff594e96f1b36a8a394553a27ae076bcba7ce9f,EVIDENCE_LANDSCAPE_SCHEMA_V0.2.1,MULTI_COMPONENT_EVIDENCE_LANDSCAPE_V0.2,MULTI_COMPONENT_EVIDENCE_LANDSCAPE_GENERATOR_V0.1,PASS
p48,ENSEMBL_SHA256_PREFIX_2_V0.1,ART_LNDV02_SET_756809652ACB00343DA20824,ART_LNDV02_2F0006837CE2D0D1B3FCFE44,CLASS_D_LARGE_DATA_OBJECT,LANDSCAPE_JSONL_PAYLOAD,urn:sha256:2f0006837ce2d0d1b3fcfe44a17ab4cc3be3e8e40900d5f525f519e7146b0ff9,external+sha256://luad-target-dossier/evidence-landscape-v0.2/ART_LNDV02_SET_756809652ACB00343DA20824/partitions/p48/landscape_records.jsonl,LOCAL_CONTENT_ADDRESSED_EXTERNAL_STAGING,104,226,29591,12734537,2f0006837ce2d0d1b3fcfe44a17ab4cc3be3e8e40900d5f525f519e7146b0ff9,EVIDENCE_LANDSCAPE_SCHEMA_V0.2.1,MULTI_COMPONENT_EVIDENCE_LANDSCAPE_V0.2,MULTI_COMPONENT_EVIDENCE_LANDSCAPE_GENERATOR_V0.1,PASS
p49,ENSEMBL_SHA256_PREFIX_2_V0.1,ART_LNDV02_SET_756809652ACB00343DA20824,ART_LNDV02_A942BC6FF96293DA4A52A09F,CLASS_D_LARGE_DATA_OBJECT,LANDSCAPE_JSONL_PAYLOAD,urn:sha256:a942bc6ff96293da4a52a09f477b494c40c5ae574e14a10f54079271bba018b3,external+sha256://luad-target-dossier/evidence-landscape-v0.2/ART_LNDV02_SET_756809652ACB00343DA20824/partitions/p49/landscape_records.jsonl,LOCAL_CONTENT_ADDRESSED_EXTERNAL_STAGING,116,134,29543,15541804,a942bc6ff96293da4a52a09f477b494c40c5ae574e14a10f54079271bba018b3,EVIDENCE_LANDSCAPE_SCHEMA_V0.2.1,MULTI_COMPONENT_EVIDENCE_LANDSCAPE_V0.2,MULTI_COMPONENT_EVIDENCE_LANDSCAPE_GENERATOR_V0.1,PASS
p4a,ENSEMBL_SHA256_PREFIX_2_V0.1,ART_LNDV02_SET_756809652ACB00343DA20824,ART_LNDV02_BF0933D06F5406943BB22ED0,CLASS_D_LARGE_DATA_OBJECT,LANDSCAPE_JSONL_PAYLOAD,urn:sha256:bf0933d06f5406943bb22ed078abd96baa0993d9fa377ff964b815c2ee37e7b3,external+sha256://luad-target-dossier/evidence-landscape-v0.2/ART_LNDV02_SET_756809652ACB00343DA20824/partitions/p4a/landscape_records.jsonl,LOCAL_CONTENT_ADDRESSED_EXTERNAL_STAGING,116,239,29513,10480917,bf0933d06f5406943bb22ed078abd96baa0993d9fa377ff964b815c2ee37e7b3,EVIDENCE_LANDSCAPE_SCHEMA_V0.2.1,MULTI_COMPONENT_EVIDENCE_LANDSCAPE_V0.2,MULTI_COMPONENT_EVIDENCE_LANDSCAPE_GENERATOR_V0.1,PASS
p4b,ENSEMBL_SHA256_PREFIX_2_V0.1,ART_LNDV02_SET_756809652ACB00343DA20824,ART_LNDV02_12FC4E5B88035AFD59723043,CLASS_D_LARGE_DATA_OBJECT,LANDSCAPE_JSONL_PAYLOAD,urn:sha256:12fc4e5b88035afd597230438320c1e1177ea9d3817939c6edab94985029ce4a,external+sha256://luad-target-dossier/evidence-landscape-v0.2/ART_LNDV02_SET_756809652ACB00343DA20824/partitions/p4b/landscape_records.jsonl,LOCAL_CONTENT_ADDRESSED_EXTERNAL_STAGING,122,46,29005,12918755,12fc4e5b88035afd597230438320c1e1177ea9d3817939c6edab94985029ce4a,EVIDENCE_LANDSCAPE_SCHEMA_V0.2.1,MULTI_COMPONENT_EVIDENCE_LANDSCAPE_V0.2,MULTI_COMPONENT_EVIDENCE_LANDSCAPE_GENERATOR_V0.1,PASS
p4c,ENSEMBL_SHA256_PREFIX_2_V0.1,ART_LNDV02_SET_756809652ACB00343DA20824,ART_LNDV02_F0110E17D05797A17D53B5A2,CLASS_D_LARGE_DATA_OBJECT,LANDSCAPE_JSONL_PAYLOAD,urn:sha256:f0110e17d05797a17d53b5a29b9242dab93f54a7fd616a5ee642d64a2276bcd0,external+sha256://luad-target-dossier/evidence-landscape-v0.2/ART_LNDV02_SET_756809652ACB00343DA20824/partitions/p4c/landscape_records.jsonl,LOCAL_CONTENT_ADDRESSED_EXTERNAL_STAGING,137,221,29020,13226471,f0110e17d05797a17d53b5a29b9242dab93f54a7fd616a5ee642d64a2276bcd0,EVIDENCE_LANDSCAPE_SCHEMA_V0.2.1,MULTI_COMPONENT_EVIDENCE_LANDSCAPE_V0.2,MULTI_COMPONENT_EVIDENCE_LANDSCAPE_GENERATOR_V0.1,PASS
p4d,ENSEMBL_SHA256_PREFIX_2_V0.1,ART_LNDV02_SET_756809652ACB00343DA20824,ART_LNDV02_07F3DD2397EFA122D7555B3F,CLASS_D_LARGE_DATA_OBJECT,LANDSCAPE_JSONL_PAYLOAD,urn:sha256:07f3dd2397efa122d7555b3fbe7ab833943f34548bc8459d67735f2b18994920,external+sha256://luad-target-dossier/evidence-landscape-v0.2/ART_LNDV02_SET_756809652ACB00343DA20824/partitions/p4d/landscape_records.jsonl,LOCAL_CONTENT_ADDRESSED_EXTERNAL_STAGING,112,117,29330,9973295,07f3dd2397efa122d7555b3fbe7ab833943f34548bc8459d67735f2b18994920,EVIDENCE_LANDSCAPE_SCHEMA_V0.2.1,MULTI_COMPONENT_EVIDENCE_LANDSCAPE_V0.2,MULTI_COMPONENT_EVIDENCE_LANDSCAPE_GENERATOR_V0.1,PASS
p4e,ENSEMBL_SHA256_PREFIX_2_V0.1,ART_LNDV02_SET_756809652ACB00343DA20824,ART_LNDV02_7B18557139ABABC107D83034,CLASS_D_LARGE_DATA_OBJECT,LANDSCAPE_JSONL_PAYLOAD,urn:sha256:7b18557139ababc107d830341b6fa628c1ec63727ef3b692be76d7a8c3428c75,external+sha256://luad-target-dossier/evidence-landscape-v0.2/ART_LNDV02_SET_756809652ACB00343DA20824/partitions/p4e/landscape_records.jsonl,LOCAL_CONTENT_ADDRESSED_EXTERNAL_STAGING,105,42,29519,11471701,7b18557139ababc107d830341b6fa628c1ec63727ef3b692be76d7a8c3428c75,EVIDENCE_LANDSCAPE_SCHEMA_V0.2.1,MULTI_COMPONENT_EVIDENCE_LANDSCAPE_V0.2,MULTI_COMPONENT_EVIDENCE_LANDSCAPE_GENERATOR_V0.1,PASS
p4f,ENSEMBL_SHA256_PREFIX_2_V0.1,ART_LNDV02_SET_756809652ACB00343DA20824,ART_LNDV02_1E44663CDC14C17262315AAC,CLASS_D_LARGE_DATA_OBJECT,LANDSCAPE_JSONL_PAYLOAD,urn:sha256:1e44663cdc14c17262315aac31c4231ca4f7598d809db270e7575b02865df7ca,external+sha256://luad-target-dossier/evidence-landscape-v0.2/ART_LNDV02_SET_756809652ACB00343DA20824/partitions/p4f/landscape_records.jsonl,LOCAL_CONTENT_ADDRESSED_EXTERNAL_STAGING,105,192,29415,10741241,1e44663cdc14c17262315aac31c4231ca4f7598d809db270e7575b02865df7ca,EVIDENCE_LANDSCAPE_SCHEMA_V0.2.1,MULTI_COMPONENT_EVIDENCE_LANDSCAPE_V0.2,MULTI_COMPONENT_EVIDENCE_LANDSCAPE_GENERATOR_V0.1,PASS
p50,ENSEMBL_SHA256_PREFIX_2_V0.1,ART_LNDV02_SET_756809652ACB00343DA20824,ART_LNDV02_F813228AA357A919D67582CD,CLASS_D_LARGE_DATA_OBJECT,LANDSCAPE_JSONL_PAYLOAD,urn:sha256:f813228aa357a919d67582cdc345f216710e6a4bcd207f667660318e968c1efe,external+sha256://luad-target-dossier/evidence-landscape-v0.2/ART_LNDV02_SET_756809652ACB00343DA20824/partitions/p50/landscape_records.jsonl,LOCAL_CONTENT_ADDRESSED_EXTERNAL_STAGING,106,231,29446,21399422,f813228aa357a919d67582cdc345f216710e6a4bcd207f667660318e968c1efe,EVIDENCE_LANDSCAPE_SCHEMA_V0.2.1,MULTI_COMPONENT_EVIDENCE_LANDSCAPE_V0.2,MULTI_COMPONENT_EVIDENCE_LANDSCAPE_GENERATOR_V0.1,PASS
p51,ENSEMBL_SHA256_PREFIX_2_V0.1,ART_LNDV02_SET_756809652ACB00343DA20824,ART_LNDV02_A27AC262AFA87F94AD5BB2BB,CLASS_D_LARGE_DATA_OBJECT,LANDSCAPE_JSONL_PAYLOAD,urn:sha256:a27ac262afa87f94ad5bb2bbc7a5fdb73662a367840c2606983578f694b36e2a,external+sha256://luad-target-dossier/evidence-landscape-v0.2/ART_LNDV02_SET_756809652ACB00343DA20824/partitions/p51/landscape_records.jsonl,LOCAL_CONTENT_ADDRESSED_EXTERNAL_STAGING,115,25,29356,18289652,a27ac262afa87f94ad5bb2bbc7a5fdb73662a367840c2606983578f694b36e2a,EVIDENCE_LANDSCAPE_SCHEMA_V0.2.1,MULTI_COMPONENT_EVIDENCE_LANDSCAPE_V0.2,MULTI_COMPONENT_EVIDENCE_LANDSCAPE_GENERATOR_V0.1,PASS
p52,ENSEMBL_SHA256_PREFIX_2_V0.1,ART_LNDV02_SET_756809652ACB00343DA20824,ART_LNDV02_28ACA5F14225A166C6AF81E2,CLASS_D_LARGE_DATA_OBJECT,LANDSCAPE_JSONL_PAYLOAD,urn:sha256:28aca5f14225a166c6af81e2dd744dad0b57027beea60f5750f0c701945afd56,external+sha256://luad-target-dossier/evidence-landscape-v0.2/ART_LNDV02_SET_756809652ACB00343DA20824/partitions/p52/landscape_records.jsonl,LOCAL_CONTENT_ADDRESSED_EXTERNAL_STAGING,128,20,29084,14389242,28aca5f14225a166c6af81e2dd744dad0b57027beea60f5750f0c701945afd56,EVIDENCE_LANDSCAPE_SCHEMA_V0.2.1,MULTI_COMPONENT_EVIDENCE_LANDSCAPE_V0.2,MULTI_COMPONENT_EVIDENCE_LANDSCAPE_GENERATOR_V0.1,PASS
p53,ENSEMBL_SHA256_PREFIX_2_V0.1,ART_LNDV02_SET_756809652ACB00343DA20824,ART_LNDV02_886FF8369B6C2F4A0CDECBF1,CLASS_D_LARGE_DATA_OBJECT,LANDSCAPE_JSONL_PAYLOAD,urn:sha256:886ff8369b6c2f4a0cdecbf1c2d51d0c8230729808e9dc487088ba44acd2e81d,external+sha256://luad-target-dossier/evidence-landscape-v0.2/ART_LNDV02_SET_756809652ACB00343DA20824/partitions/p53/landscape_records.jsonl,LOCAL_CONTENT_ADDRESSED_EXTERNAL_STAGING,108,167,29261,11025676,886ff8369b6c2f4a0cdecbf1c2d51d0c8230729808e9dc487088ba44acd2e81d,EVIDENCE_LANDSCAPE_SCHEMA_V0.2.1,MULTI_COMPONENT_EVIDENCE_LANDSCAPE_V0.2,MULTI_COMPONENT_EVIDENCE_LANDSCAPE_GENERATOR_V0.1,PASS
p54,ENSEMBL_SHA256_PREFIX_2_V0.1,ART_LNDV02_SET_756809652ACB00343DA20824,ART_LNDV02_5160E3B1B8878D5EAC23CACE,CLASS_D_LARGE_DATA_OBJECT,LANDSCAPE_JSONL_PAYLOAD,urn:sha256:5160e3b1b8878d5eac23cace7614d917c018fa19e48123ecb6c455054315e2a1,external+sha256://luad-target-dossier/evidence-landscape-v0.2/ART_LNDV02_SET_756809652ACB00343DA20824/partitions/p54/landscape_records.jsonl,LOCAL_CONTENT_ADDRESSED_EXTERNAL_STAGING,137,76,29491,13035133,5160e3b1b8878d5eac23cace7614d917c018fa19e48123ecb6c455054315e2a1,EVIDENCE_LANDSCAPE_SCHEMA_V0.2.1,MULTI_COMPONENT_EVIDENCE_LANDSCAPE_V0.2,MULTI_COMPONENT_EVIDENCE_LANDSCAPE_GENERATOR_V0.1,PASS
p55,ENSEMBL_SHA256_PREFIX_2_V0.1,ART_LNDV02_SET_756809652ACB00343DA20824,ART_LNDV02_5D0900AE52ED32510E0684CA,CLASS_D_LARGE_DATA_OBJECT,LANDSCAPE_JSONL_PAYLOAD,urn:sha256:5d0900ae52ed32510e0684ca3b9a8925aca52d39634ba8f3741d5c7ced49af8e,external+sha256://luad-target-dossier/evidence-landscape-v0.2/ART_LNDV02_SET_756809652ACB00343DA20824/partitions/p55/landscape_records.jsonl,LOCAL_CONTENT_ADDRESSED_EXTERNAL_STAGING,118,146,29216,12146721,5d0900ae52ed32510e0684ca3b9a8925aca52d39634ba8f3741d5c7ced49af8e,EVIDENCE_LANDSCAPE_SCHEMA_V0.2.1,MULTI_COMPONENT_EVIDENCE_LANDSCAPE_V0.2,MULTI_COMPONENT_EVIDENCE_LANDSCAPE_GENERATOR_V0.1,PASS
p56,ENSEMBL_SHA256_PREFIX_2_V0.1,ART_LNDV02_SET_756809652ACB00343DA20824,ART_LNDV02_AB8D31200A70A4D2E634A74E,CLASS_D_LARGE_DATA_OBJECT,LANDSCAPE_JSONL_PAYLOAD,urn:sha256:ab8d31200a70a4d2e634a74eb3045564fc860c316ad4e11ba5967ea7dd4234cb,external+sha256://luad-target-dossier/evidence-landscape-v0.2/ART_LNDV02_SET_756809652ACB00343DA20824/partitions/p56/landscape_records.jsonl,LOCAL_CONTENT_ADDRESSED_EXTERNAL_STAGING,117,102,29589,10048612,ab8d31200a70a4d2e634a74eb3045564fc860c316ad4e11ba5967ea7dd4234cb,EVIDENCE_LANDSCAPE_SCHEMA_V0.2.1,MULTI_COMPONENT_EVIDENCE_LANDSCAPE_V0.2,MULTI_COMPONENT_EVIDENCE_LANDSCAPE_GENERATOR_V0.1,PASS
p57,ENSEMBL_SHA256_PREFIX_2_V0.1,ART_LNDV02_SET_756809652ACB00343DA20824,ART_LNDV02_AA0E5430D54E15FE5C419DEF,CLASS_D_LARGE_DATA_OBJECT,LANDSCAPE_JSONL_PAYLOAD,urn:sha256:aa0e5430d54e15fe5c419defcd4c7c5a0fda439da6119b8395fc5014089055d0,external+sha256://luad-target-dossier/evidence-landscape-v0.2/ART_LNDV02_SET_756809652ACB00343DA20824/partitions/p57/landscape_records.jsonl,LOCAL_CONTENT_ADDRESSED_EXTERNAL_STAGING,111,415,29594,10586373,aa0e5430d54e15fe5c419defcd4c7c5a0fda439da6119b8395fc5014089055d0,EVIDENCE_LANDSCAPE_SCHEMA_V0.2.1,MULTI_COMPONENT_EVIDENCE_LANDSCAPE_V0.2,MULTI_COMPONENT_EVIDENCE_LANDSCAPE_GENERATOR_V0.1,PASS
p58,ENSEMBL_SHA256_PREFIX_2_V0.1,ART_LNDV02_SET_756809652ACB00343DA20824,ART_LNDV02_D4964D564C6A0449A7EC90A3,CLASS_D_LARGE_DATA_OBJECT,LANDSCAPE_JSONL_PAYLOAD,urn:sha256:d4964d564c6a0449a7ec90a38299674c470c0d6c94f8094357d6f1f28f80e4c5,external+sha256://luad-target-dossier/evidence-landscape-v0.2/ART_LNDV02_SET_756809652ACB00343DA20824/partitions/p58/landscape_records.jsonl,LOCAL_CONTENT_ADDRESSED_EXTERNAL_STAGING,117,158,29507,15045500,d4964d564c6a0449a7ec90a38299674c470c0d6c94f8094357d6f1f28f80e4c5,EVIDENCE_LANDSCAPE_SCHEMA_V0.2.1,MULTI_COMPONENT_EVIDENCE_LANDSCAPE_V0.2,MULTI_COMPONENT_EVIDENCE_LANDSCAPE_GENERATOR_V0.1,PASS
p59,ENSEMBL_SHA256_PREFIX_2_V0.1,ART_LNDV02_SET_756809652ACB00343DA20824,ART_LNDV02_22B216E7770E4DEA0F834541,CLASS_D_LARGE_DATA_OBJECT,LANDSCAPE_JSONL_PAYLOAD,urn:sha256:22b216e7770e4dea0f8345414f5e3d76f19af3af4fb06ff962f1d0eaecc505a9,external+sha256://luad-target-dossier/evidence-landscape-v0.2/ART_LNDV02_SET_756809652ACB00343DA20824/partitions/p59/landscape_records.jsonl,LOCAL_CONTENT_ADDRESSED_EXTERNAL_STAGING,119,189,29565,14348451,22b216e7770e4dea0f8345414f5e3d76f19af3af4fb06ff962f1d0eaecc505a9,EVIDENCE_LANDSCAPE_SCHEMA_V0.2.1,MULTI_COMPONENT_EVIDENCE_LANDSCAPE_V0.2,MULTI_COMPONENT_EVIDENCE_LANDSCAPE_GENERATOR_V0.1,PASS
p5a,ENSEMBL_SHA256_PREFIX_2_V0.1,ART_LNDV02_SET_756809652ACB00343DA20824,ART_LNDV02_CE5EC9D9670CD2D214BEE6CB,CLASS_D_LARGE_DATA_OBJECT,LANDSCAPE_JSONL_PAYLOAD,urn:sha256:ce5ec9d9670cd2d214bee6cbc68bb03229ddfb796d1eba66c77d99cc3f80d045,external+sha256://luad-target-dossier/evidence-landscape-v0.2/ART_LNDV02_SET_756809652ACB00343DA20824/partitions/p5a/landscape_records.jsonl,LOCAL_CONTENT_ADDRESSED_EXTERNAL_STAGING,103,179,29566,10692477,ce5ec9d9670cd2d214bee6cbc68bb03229ddfb796d1eba66c77d99cc3f80d045,EVIDENCE_LANDSCAPE_SCHEMA_V0.2.1,MULTI_COMPONENT_EVIDENCE_LANDSCAPE_V0.2,MULTI_COMPONENT_EVIDENCE_LANDSCAPE_GENERATOR_V0.1,PASS
p5b,ENSEMBL_SHA256_PREFIX_2_V0.1,ART_LNDV02_SET_756809652ACB00343DA20824,ART_LNDV02_4E7255B3D6CD9F90D8FBE7A9,CLASS_D_LARGE_DATA_OBJECT,LANDSCAPE_JSONL_PAYLOAD,urn:sha256:4e7255b3d6cd9f90d8fbe7a96ff4190a49b5ea762ca57dc49854295f46ebd036,external+sha256://luad-target-dossier/evidence-landscape-v0.2/ART_LNDV02_SET_756809652ACB00343DA20824/partitions/p5b/landscape_records.jsonl,LOCAL_CONTENT_ADDRESSED_EXTERNAL_STAGING,130,141,28803,13939638,4e7255b3d6cd9f90d8fbe7a96ff4190a49b5ea762ca57dc49854295f46ebd036,EVIDENCE_LANDSCAPE_SCHEMA_V0.2.1,MULTI_COMPONENT_EVIDENCE_LANDSCAPE_V0.2,MULTI_COMPONENT_EVIDENCE_LANDSCAPE_GENERATOR_V0.1,PASS
p5c,ENSEMBL_SHA256_PREFIX_2_V0.1,ART_LNDV02_SET_756809652ACB00343DA20824,ART_LNDV02_F7B216F9C334205580A2CF46,CLASS_D_LARGE_DATA_OBJECT,LANDSCAPE_JSONL_PAYLOAD,urn:sha256:f7b216f9c334205580a2cf460ca7c23b9a7f99c6ab34cc7a8f119afdb497e53b,external+sha256://luad-target-dossier/evidence-landscape-v0.2/ART_LNDV02_SET_756809652ACB00343DA20824/partitions/p5c/landscape_records.jsonl,LOCAL_CONTENT_ADDRESSED_EXTERNAL_STAGING,120,255,29548,55795711,f7b216f9c334205580a2cf460ca7c23b9a7f99c6ab34cc7a8f119afdb497e53b,EVIDENCE_LANDSCAPE_SCHEMA_V0.2.1,MULTI_COMPONENT_EVIDENCE_LANDSCAPE_V0.2,MULTI_COMPONENT_EVIDENCE_LANDSCAPE_GENERATOR_V0.1,PASS
p5d,ENSEMBL_SHA256_PREFIX_2_V0.1,ART_LNDV02_SET_756809652ACB00343DA20824,ART_LNDV02_CD4E12D4C49024CB1694C4BF,CLASS_D_LARGE_DATA_OBJECT,LANDSCAPE_JSONL_PAYLOAD,urn:sha256:cd4e12d4c49024cb1694c4bf3f71647e4a6c2c36e60330b6383e18a25adbda83,external+sha256://luad-target-dossier/evidence-landscape-v0.2/ART_LNDV02_SET_756809652ACB00343DA20824/partitions/p5d/landscape_records.jsonl,LOCAL_CONTENT_ADDRESSED_EXTERNAL_STAGING,105,143,29295,10350625,cd4e12d4c49024cb1694c4bf3f71647e4a6c2c36e60330b6383e18a25adbda83,EVIDENCE_LANDSCAPE_SCHEMA_V0.2.1,MULTI_COMPONENT_EVIDENCE_LANDSCAPE_V0.2,MULTI_COMPONENT_EVIDENCE_LANDSCAPE_GENERATOR_V0.1,PASS
p5e,ENSEMBL_SHA256_PREFIX_2_V0.1,ART_LNDV02_SET_756809652ACB00343DA20824,ART_LNDV02_2290C1291FC7FF88CBEEFE01,CLASS_D_LARGE_DATA_OBJECT,LANDSCAPE_JSONL_PAYLOAD,urn:sha256:2290c1291fc7ff88cbeefe01cada4f66f613dcb49890f222311bc2819d2243a8,external+sha256://luad-target-dossier/evidence-landscape-v0.2/ART_LNDV02_SET_756809652ACB00343DA20824/partitions/p5e/landscape_records.jsonl,LOCAL_CONTENT_ADDRESSED_EXTERNAL_STAGING,113,257,29339,10732677,2290c1291fc7ff88cbeefe01cada4f66f613dcb49890f222311bc2819d2243a8,EVIDENCE_LANDSCAPE_SCHEMA_V0.2.1,MULTI_COMPONENT_EVIDENCE_LANDSCAPE_V0.2,MULTI_COMPONENT_EVIDENCE_LANDSCAPE_GENERATOR_V0.1,PASS
p5f,ENSEMBL_SHA256_PREFIX_2_V0.1,ART_LNDV02_SET_756809652ACB00343DA20824,ART_LNDV02_EE3D98C113AB4B2CDFB31266,CLASS_D_LARGE_DATA_OBJECT,LANDSCAPE_JSONL_PAYLOAD,urn:sha256:ee3d98c113ab4b2cdfb31266f21e47de89002db5f46beee11c291a85def6fb66,external+sha256://luad-target-dossier/evidence-landscape-v0.2/ART_LNDV02_SET_756809652ACB00343DA20824/partitions/p5f/landscape_records.jsonl,LOCAL_CONTENT_ADDRESSED_EXTERNAL_STAGING,104,203,29606,11257943,ee3d98c113ab4b2cdfb31266f21e47de89002db5f46beee11c291a85def6fb66,EVIDENCE_LANDSCAPE_SCHEMA_V0.2.1,MULTI_COMPONENT_EVIDENCE_LANDSCAPE_V0.2,MULTI_COMPONENT_EVIDENCE_LANDSCAPE_GENERATOR_V0.1,PASS
p60,ENSEMBL_SHA256_PREFIX_2_V0.1,ART_LNDV02_SET_756809652ACB00343DA20824,ART_LNDV02_7433787A17BB0725F33ED9AD,CLASS_D_LARGE_DATA_OBJECT,LANDSCAPE_JSONL_PAYLOAD,urn:sha256:7433787a17bb0725f33ed9ad7627a38a5376bdecd09d6e5ae86a6738387f52f3,external+sha256://luad-target-dossier/evidence-landscape-v0.2/ART_LNDV02_SET_756809652ACB00343DA20824/partitions/p60/landscape_records.jsonl,LOCAL_CONTENT_ADDRESSED_EXTERNAL_STAGING,124,16,29590,13335399,7433787a17bb0725f33ed9ad7627a38a5376bdecd09d6e5ae86a6738387f52f3,EVIDENCE_LANDSCAPE_SCHEMA_V0.2.1,MULTI_COMPONENT_EVIDENCE_LANDSCAPE_V0.2,MULTI_COMPONENT_EVIDENCE_LANDSCAPE_GENERATOR_V0.1,PASS
p61,ENSEMBL_SHA256_PREFIX_2_V0.1,ART_LNDV02_SET_756809652ACB00343DA20824,ART_LNDV02_63996E4DFF49AF3E819430E4,CLASS_D_LARGE_DATA_OBJECT,LANDSCAPE_JSONL_PAYLOAD,urn:sha256:63996e4dff49af3e819430e45b1bbeee5e6c1322ffce509685adeb4541bd7409,external+sha256://luad-target-dossier/evidence-landscape-v0.2/ART_LNDV02_SET_756809652ACB00343DA20824/partitions/p61/landscape_records.jsonl,LOCAL_CONTENT_ADDRESSED_EXTERNAL_STAGING,102,191,28922,12643821,63996e4dff49af3e819430e45b1bbeee5e6c1322ffce509685adeb4541bd7409,EVIDENCE_LANDSCAPE_SCHEMA_V0.2.1,MULTI_COMPONENT_EVIDENCE_LANDSCAPE_V0.2,MULTI_COMPONENT_EVIDENCE_LANDSCAPE_GENERATOR_V0.1,PASS
p62,ENSEMBL_SHA256_PREFIX_2_V0.1,ART_LNDV02_SET_756809652ACB00343DA20824,ART_LNDV02_AD284140EB9E9F81635B383C,CLASS_D_LARGE_DATA_OBJECT,LANDSCAPE_JSONL_PAYLOAD,urn:sha256:ad284140eb9e9f81635b383cf1e4765e970f7349ed810b25b9a6adfd03d9d1df,external+sha256://luad-target-dossier/evidence-landscape-v0.2/ART_LNDV02_SET_756809652ACB00343DA20824/partitions/p62/landscape_records.jsonl,LOCAL_CONTENT_ADDRESSED_EXTERNAL_STAGING,129,53,29524,13572397,ad284140eb9e9f81635b383cf1e4765e970f7349ed810b25b9a6adfd03d9d1df,EVIDENCE_LANDSCAPE_SCHEMA_V0.2.1,MULTI_COMPONENT_EVIDENCE_LANDSCAPE_V0.2,MULTI_COMPONENT_EVIDENCE_LANDSCAPE_GENERATOR_V0.1,PASS
p63,ENSEMBL_SHA256_PREFIX_2_V0.1,ART_LNDV02_SET_756809652ACB00343DA20824,ART_LNDV02_AF59BDBE165FCDFEC6DC09BD,CLASS_D_LARGE_DATA_OBJECT,LANDSCAPE_JSONL_PAYLOAD,urn:sha256:af59bdbe165fcdfec6dc09bd32238493b00f917dda1b47ba90e8aaf02936ba75,external+sha256://luad-target-dossier/evidence-landscape-v0.2/ART_LNDV02_SET_756809652ACB00343DA20824/partitions/p63/landscape_records.jsonl,LOCAL_CONTENT_ADDRESSED_EXTERNAL_STAGING,125,115,29412,11436443,af59bdbe165fcdfec6dc09bd32238493b00f917dda1b47ba90e8aaf02936ba75,EVIDENCE_LANDSCAPE_SCHEMA_V0.2.1,MULTI_COMPONENT_EVIDENCE_LANDSCAPE_V0.2,MULTI_COMPONENT_EVIDENCE_LANDSCAPE_GENERATOR_V0.1,PASS
p64,ENSEMBL_SHA256_PREFIX_2_V0.1,ART_LNDV02_SET_756809652ACB00343DA20824,ART_LNDV02_E7129971D77AAAA232D2EC38,CLASS_D_LARGE_DATA_OBJECT,LANDSCAPE_JSONL_PAYLOAD,urn:sha256:e7129971d77aaaa232d2ec38bc84476795ca36a7a61e4dd00eaa1e833b61a29e,external+sha256://luad-target-dossier/evidence-landscape-v0.2/ART_LNDV02_SET_756809652ACB00343DA20824/partitions/p64/landscape_records.jsonl,LOCAL_CONTENT_ADDRESSED_EXTERNAL_STAGING,101,80,29576,9973123,e7129971d77aaaa232d2ec38bc84476795ca36a7a61e4dd00eaa1e833b61a29e,EVIDENCE_LANDSCAPE_SCHEMA_V0.2.1,MULTI_COMPONENT_EVIDENCE_LANDSCAPE_V0.2,MULTI_COMPONENT_EVIDENCE_LANDSCAPE_GENERATOR_V0.1,PASS
p65,ENSEMBL_SHA256_PREFIX_2_V0.1,ART_LNDV02_SET_756809652ACB00343DA20824,ART_LNDV02_8A6A34003DC388C4727D55EC,CLASS_D_LARGE_DATA_OBJECT,LANDSCAPE_JSONL_PAYLOAD,urn:sha256:8a6a34003dc388c4727d55ec4715e4c358d81b1179fc80ef791746b40b066e4e,external+sha256://luad-target-dossier/evidence-landscape-v0.2/ART_LNDV02_SET_756809652ACB00343DA20824/partitions/p65/landscape_records.jsonl,LOCAL_CONTENT_ADDRESSED_EXTERNAL_STAGING,113,164,29207,10456190,8a6a34003dc388c4727d55ec4715e4c358d81b1179fc80ef791746b40b066e4e,EVIDENCE_LANDSCAPE_SCHEMA_V0.2.1,MULTI_COMPONENT_EVIDENCE_LANDSCAPE_V0.2,MULTI_COMPONENT_EVIDENCE_LANDSCAPE_GENERATOR_V0.1,PASS
p66,ENSEMBL_SHA256_PREFIX_2_V0.1,ART_LNDV02_SET_756809652ACB00343DA20824,ART_LNDV02_E450819D22335EFB05B6DB7D,CLASS_D_LARGE_DATA_OBJECT,LANDSCAPE_JSONL_PAYLOAD,urn:sha256:e450819d22335efb05b6db7d0665a533b06d02a3032458f5b62e7b22be0eb9f5,external+sha256://luad-target-dossier/evidence-landscape-v0.2/ART_LNDV02_SET_756809652ACB00343DA20824/partitions/p66/landscape_records.jsonl,LOCAL_CONTENT_ADDRESSED_EXTERNAL_STAGING,137,296,29232,11916114,e450819d22335efb05b6db7d0665a533b06d02a3032458f5b62e7b22be0eb9f5,EVIDENCE_LANDSCAPE_SCHEMA_V0.2.1,MULTI_COMPONENT_EVIDENCE_LANDSCAPE_V0.2,MULTI_COMPONENT_EVIDENCE_LANDSCAPE_GENERATOR_V0.1,PASS
p67,ENSEMBL_SHA256_PREFIX_2_V0.1,ART_LNDV02_SET_756809652ACB00343DA20824,ART_LNDV02_CDA4D992001AA87EB282B104,CLASS_D_LARGE_DATA_OBJECT,LANDSCAPE_JSONL_PAYLOAD,urn:sha256:cda4d992001aa87eb282b10432af5b3e3880f0bad089fff95e2eebc6fa583f85,external+sha256://luad-target-dossier/evidence-landscape-v0.2/ART_LNDV02_SET_756809652ACB00343DA20824/partitions/p67/landscape_records.jsonl,LOCAL_CONTENT_ADDRESSED_EXTERNAL_STAGING,119,165,29063,16677850,cda4d992001aa87eb282b10432af5b3e3880f0bad089fff95e2eebc6fa583f85,EVIDENCE_LANDSCAPE_SCHEMA_V0.2.1,MULTI_COMPONENT_EVIDENCE_LANDSCAPE_V0.2,MULTI_COMPONENT_EVIDENCE_LANDSCAPE_GENERATOR_V0.1,PASS
p68,ENSEMBL_SHA256_PREFIX_2_V0.1,ART_LNDV02_SET_756809652ACB00343DA20824,ART_LNDV02_6612E976476B1086F145655B,CLASS_D_LARGE_DATA_OBJECT,LANDSCAPE_JSONL_PAYLOAD,urn:sha256:6612e976476b1086f145655b7c44c46011e87d40a7e4393f83c8989874dc63f9,external+sha256://luad-target-dossier/evidence-landscape-v0.2/ART_LNDV02_SET_756809652ACB00343DA20824/partitions/p68/landscape_records.jsonl,LOCAL_CONTENT_ADDRESSED_EXTERNAL_STAGING,122,7,29302,11598344,6612e976476b1086f145655b7c44c46011e87d40a7e4393f83c8989874dc63f9,EVIDENCE_LANDSCAPE_SCHEMA_V0.2.1,MULTI_COMPONENT_EVIDENCE_LANDSCAPE_V0.2,MULTI_COMPONENT_EVIDENCE_LANDSCAPE_GENERATOR_V0.1,PASS
p69,ENSEMBL_SHA256_PREFIX_2_V0.1,ART_LNDV02_SET_756809652ACB00343DA20824,ART_LNDV02_701BB76908899EC410101FC0,CLASS_D_LARGE_DATA_OBJECT,LANDSCAPE_JSONL_PAYLOAD,urn:sha256:701bb76908899ec410101fc024764e2513775f63c2d79ecd261a85c3259ecd9c,external+sha256://luad-target-dossier/evidence-landscape-v0.2/ART_LNDV02_SET_756809652ACB00343DA20824/partitions/p69/landscape_records.jsonl,LOCAL_CONTENT_ADDRESSED_EXTERNAL_STAGING,102,1204,29592,10327265,701bb76908899ec410101fc024764e2513775f63c2d79ecd261a85c3259ecd9c,EVIDENCE_LANDSCAPE_SCHEMA_V0.2.1,MULTI_COMPONENT_EVIDENCE_LANDSCAPE_V0.2,MULTI_COMPONENT_EVIDENCE_LANDSCAPE_GENERATOR_V0.1,PASS
p6a,ENSEMBL_SHA256_PREFIX_2_V0.1,ART_LNDV02_SET_756809652ACB00343DA20824,ART_LNDV02_6B5C7C9A268A26452A0DAE93,CLASS_D_LARGE_DATA_OBJECT,LANDSCAPE_JSONL_PAYLOAD,urn:sha256:6b5c7c9a268a26452a0dae938596822940df565ca482a7c55e9874ad9d15211d,external+sha256://luad-target-dossier/evidence-landscape-v0.2/ART_LNDV02_SET_756809652ACB00343DA20824/partitions/p6a/landscape_records.jsonl,LOCAL_CONTENT_ADDRESSED_EXTERNAL_STAGING,125,93,29106,20991571,6b5c7c9a268a26452a0dae938596822940df565ca482a7c55e9874ad9d15211d,EVIDENCE_LANDSCAPE_SCHEMA_V0.2.1,MULTI_COMPONENT_EVIDENCE_LANDSCAPE_V0.2,MULTI_COMPONENT_EVIDENCE_LANDSCAPE_GENERATOR_V0.1,PASS
p6b,ENSEMBL_SHA256_PREFIX_2_V0.1,ART_LNDV02_SET_756809652ACB00343DA20824,ART_LNDV02_64C5C2DCFC0B4853B82DD1F6,CLASS_D_LARGE_DATA_OBJECT,LANDSCAPE_JSONL_PAYLOAD,urn:sha256:64c5c2dcfc0b4853b82dd1f651c4feef32a38c17e220dda93867817b8624a5b3,external+sha256://luad-target-dossier/evidence-landscape-v0.2/ART_LNDV02_SET_756809652ACB00343DA20824/partitions/p6b/landscape_records.jsonl,LOCAL_CONTENT_ADDRESSED_EXTERNAL_STAGING,118,33,29603,10684489,64c5c2dcfc0b4853b82dd1f651c4feef32a38c17e220dda93867817b8624a5b3,EVIDENCE_LANDSCAPE_SCHEMA_V0.2.1,MULTI_COMPONENT_EVIDENCE_LANDSCAPE_V0.2,MULTI_COMPONENT_EVIDENCE_LANDSCAPE_GENERATOR_V0.1,PASS
p6c,ENSEMBL_SHA256_PREFIX_2_V0.1,ART_LNDV02_SET_756809652ACB00343DA20824,ART_LNDV02_A4DD329B771B603D31B6B3EA,CLASS_D_LARGE_DATA_OBJECT,LANDSCAPE_JSONL_PAYLOAD,urn:sha256:a4dd329b771b603d31b6b3eae9fa920dd9a2d68fe8d536e2d696ca64b1f6d148,external+sha256://luad-target-dossier/evidence-landscape-v0.2/ART_LNDV02_SET_756809652ACB00343DA20824/partitions/p6c/landscape_records.jsonl,LOCAL_CONTENT_ADDRESSED_EXTERNAL_STAGING,121,136,28954,11954264,a4dd329b771b603d31b6b3eae9fa920dd9a2d68fe8d536e2d696ca64b1f6d148,EVIDENCE_LANDSCAPE_SCHEMA_V0.2.1,MULTI_COMPONENT_EVIDENCE_LANDSCAPE_V0.2,MULTI_COMPONENT_EVIDENCE_LANDSCAPE_GENERATOR_V0.1,PASS
p6d,ENSEMBL_SHA256_PREFIX_2_V0.1,ART_LNDV02_SET_756809652ACB00343DA20824,ART_LNDV02_51C891C77B3A778DD5CCBF6A,CLASS_D_LARGE_DATA_OBJECT,LANDSCAPE_JSONL_PAYLOAD,urn:sha256:51c891c77b3a778dd5ccbf6a7bb5e3c8ee116b372c565bcce797d0859e8d194d,external+sha256://luad-target-dossier/evidence-landscape-v0.2/ART_LNDV02_SET_756809652ACB00343DA20824/partitions/p6d/landscape_records.jsonl,LOCAL_CONTENT_ADDRESSED_EXTERNAL_STAGING,128,220,29527,15257992,51c891c77b3a778dd5ccbf6a7bb5e3c8ee116b372c565bcce797d0859e8d194d,EVIDENCE_LANDSCAPE_SCHEMA_V0.2.1,MULTI_COMPONENT_EVIDENCE_LANDSCAPE_V0.2,MULTI_COMPONENT_EVIDENCE_LANDSCAPE_GENERATOR_V0.1,PASS
p6e,ENSEMBL_SHA256_PREFIX_2_V0.1,ART_LNDV02_SET_756809652ACB00343DA20824,ART_LNDV02_532C15E7F52D19868BF41D5E,CLASS_D_LARGE_DATA_OBJECT,LANDSCAPE_JSONL_PAYLOAD,urn:sha256:532c15e7f52d19868bf41d5efd86ad6857ae6067eae15ca9f1b2baa66dab89c5,external+sha256://luad-target-dossier/evidence-landscape-v0.2/ART_LNDV02_SET_756809652ACB00343DA20824/partitions/p6e/landscape_records.jsonl,LOCAL_CONTENT_ADDRESSED_EXTERNAL_STAGING,123,339,29545,11382661,532c15e7f52d19868bf41d5efd86ad6857ae6067eae15ca9f1b2baa66dab89c5,EVIDENCE_LANDSCAPE_SCHEMA_V0.2.1,MULTI_COMPONENT_EVIDENCE_LANDSCAPE_V0.2,MULTI_COMPONENT_EVIDENCE_LANDSCAPE_GENERATOR_V0.1,PASS
p6f,ENSEMBL_SHA256_PREFIX_2_V0.1,ART_LNDV02_SET_756809652ACB00343DA20824,ART_LNDV02_22380AC7C4342BACEE9FA5E5,CLASS_D_LARGE_DATA_OBJECT,LANDSCAPE_JSONL_PAYLOAD,urn:sha256:22380ac7c4342bacee9fa5e51ffc506e49d2824252b9a3978f6bbef259e3734b,external+sha256://luad-target-dossier/evidence-landscape-v0.2/ART_LNDV02_SET_756809652ACB00343DA20824/partitions/p6f/landscape_records.jsonl,LOCAL_CONTENT_ADDRESSED_EXTERNAL_STAGING,112,245,29458,12544876,22380ac7c4342bacee9fa5e51ffc506e49d2824252b9a3978f6bbef259e3734b,EVIDENCE_LANDSCAPE_SCHEMA_V0.2.1,MULTI_COMPONENT_EVIDENCE_LANDSCAPE_V0.2,MULTI_COMPONENT_EVIDENCE_LANDSCAPE_GENERATOR_V0.1,PASS
p70,ENSEMBL_SHA256_PREFIX_2_V0.1,ART_LNDV02_SET_756809652ACB00343DA20824,ART_LNDV02_7E99E5F264A0F9171F62CC76,CLASS_D_LARGE_DATA_OBJECT,LANDSCAPE_JSONL_PAYLOAD,urn:sha256:7e99e5f264a0f9171f62cc76060c9c0c2c702ddfe4f9bd7ddc50ff78d59afa7f,external+sha256://luad-target-dossier/evidence-landscape-v0.2/ART_LNDV02_SET_756809652ACB00343DA20824/partitions/p70/landscape_records.jsonl,LOCAL_CONTENT_ADDRESSED_EXTERNAL_STAGING,104,149,29601,11143160,7e99e5f264a0f9171f62cc76060c9c0c2c702ddfe4f9bd7ddc50ff78d59afa7f,EVIDENCE_LANDSCAPE_SCHEMA_V0.2.1,MULTI_COMPONENT_EVIDENCE_LANDSCAPE_V0.2,MULTI_COMPONENT_EVIDENCE_LANDSCAPE_GENERATOR_V0.1,PASS
p71,ENSEMBL_SHA256_PREFIX_2_V0.1,ART_LNDV02_SET_756809652ACB00343DA20824,ART_LNDV02_B80B2C4D586C0B1196F1BF55,CLASS_D_LARGE_DATA_OBJECT,LANDSCAPE_JSONL_PAYLOAD,urn:sha256:b80b2c4d586c0b1196f1bf556c728c023d845e088ec920a5501a0d52f029ee31,external+sha256://luad-target-dossier/evidence-landscape-v0.2/ART_LNDV02_SET_756809652ACB00343DA20824/partitions/p71/landscape_records.jsonl,LOCAL_CONTENT_ADDRESSED_EXTERNAL_STAGING,131,254,29579,16479966,b80b2c4d586c0b1196f1bf556c728c023d845e088ec920a5501a0d52f029ee31,EVIDENCE_LANDSCAPE_SCHEMA_V0.2.1,MULTI_COMPONENT_EVIDENCE_LANDSCAPE_V0.2,MULTI_COMPONENT_EVIDENCE_LANDSCAPE_GENERATOR_V0.1,PASS
p72,ENSEMBL_SHA256_PREFIX_2_V0.1,ART_LNDV02_SET_756809652ACB00343DA20824,ART_LNDV02_A6B1BDD1E3053F1F78B337FD,CLASS_D_LARGE_DATA_OBJECT,LANDSCAPE_JSONL_PAYLOAD,urn:sha256:a6b1bdd1e3053f1f78b337fdf6aed4a729c866619c37f31bbf69556bd1713f5a,external+sha256://luad-target-dossier/evidence-landscape-v0.2/ART_LNDV02_SET_756809652ACB00343DA20824/partitions/p72/landscape_records.jsonl,LOCAL_CONTENT_ADDRESSED_EXTERNAL_STAGING,130,89,29564,12241388,a6b1bdd1e3053f1f78b337fdf6aed4a729c866619c37f31bbf69556bd1713f5a,EVIDENCE_LANDSCAPE_SCHEMA_V0.2.1,MULTI_COMPONENT_EVIDENCE_LANDSCAPE_V0.2,MULTI_COMPONENT_EVIDENCE_LANDSCAPE_GENERATOR_V0.1,PASS
p73,ENSEMBL_SHA256_PREFIX_2_V0.1,ART_LNDV02_SET_756809652ACB00343DA20824,ART_LNDV02_6A9E937A9C080FCD4C47A155,CLASS_D_LARGE_DATA_OBJECT,LANDSCAPE_JSONL_PAYLOAD,urn:sha256:6a9e937a9c080fcd4c47a155cff6b77b7decb984401a61474ad1b266f456c0f2,external+sha256://luad-target-dossier/evidence-landscape-v0.2/ART_LNDV02_SET_756809652ACB00343DA20824/partitions/p73/landscape_records.jsonl,LOCAL_CONTENT_ADDRESSED_EXTERNAL_STAGING,121,993,29215,11059126,6a9e937a9c080fcd4c47a155cff6b77b7decb984401a61474ad1b266f456c0f2,EVIDENCE_LANDSCAPE_SCHEMA_V0.2.1,MULTI_COMPONENT_EVIDENCE_LANDSCAPE_V0.2,MULTI_COMPONENT_EVIDENCE_LANDSCAPE_GENERATOR_V0.1,PASS
p74,ENSEMBL_SHA256_PREFIX_2_V0.1,ART_LNDV02_SET_756809652ACB00343DA20824,ART_LNDV02_C9831DBEEE96D38C64CE720F,CLASS_D_LARGE_DATA_OBJECT,LANDSCAPE_JSONL_PAYLOAD,urn:sha256:c9831dbeee96d38c64ce720fabd48af434730b26a8c3ebec5196ff38c6f0f4ca,external+sha256://luad-target-dossier/evidence-landscape-v0.2/ART_LNDV02_SET_756809652ACB00343DA20824/partitions/p74/landscape_records.jsonl,LOCAL_CONTENT_ADDRESSED_EXTERNAL_STAGING,113,96,29486,12343693,c9831dbeee96d38c64ce720fabd48af434730b26a8c3ebec5196ff38c6f0f4ca,EVIDENCE_LANDSCAPE_SCHEMA_V0.2.1,MULTI_COMPONENT_EVIDENCE_LANDSCAPE_V0.2,MULTI_COMPONENT_EVIDENCE_LANDSCAPE_GENERATOR_V0.1,PASS
p75,ENSEMBL_SHA256_PREFIX_2_V0.1,ART_LNDV02_SET_756809652ACB00343DA20824,ART_LNDV02_67AF6A16DEAB852022552CE9,CLASS_D_LARGE_DATA_OBJECT,LANDSCAPE_JSONL_PAYLOAD,urn:sha256:67af6a16deab852022552ce9919e5afaea1e77a83a0485ebcc8d76f8f281c015,external+sha256://luad-target-dossier/evidence-landscape-v0.2/ART_LNDV02_SET_756809652ACB00343DA20824/partitions/p75/landscape_records.jsonl,LOCAL_CONTENT_ADDRESSED_EXTERNAL_STAGING,111,504,29103,9658661,67af6a16deab852022552ce9919e5afaea1e77a83a0485ebcc8d76f8f281c015,EVIDENCE_LANDSCAPE_SCHEMA_V0.2.1,MULTI_COMPONENT_EVIDENCE_LANDSCAPE_V0.2,MULTI_COMPONENT_EVIDENCE_LANDSCAPE_GENERATOR_V0.1,PASS
p76,ENSEMBL_SHA256_PREFIX_2_V0.1,ART_LNDV02_SET_756809652ACB00343DA20824,ART_LNDV02_1E785C2C5DAC50F4219D750A,CLASS_D_LARGE_DATA_OBJECT,LANDSCAPE_JSONL_PAYLOAD,urn:sha256:1e785c2c5dac50f4219d750aeb8ba6e0a03952886d5b7a6eac97bb682d847546,external+sha256://luad-target-dossier/evidence-landscape-v0.2/ART_LNDV02_SET_756809652ACB00343DA20824/partitions/p76/landscape_records.jsonl,LOCAL_CONTENT_ADDRESSED_EXTERNAL_STAGING,129,156,29450,12252121,1e785c2c5dac50f4219d750aeb8ba6e0a03952886d5b7a6eac97bb682d847546,EVIDENCE_LANDSCAPE_SCHEMA_V0.2.1,MULTI_COMPONENT_EVIDENCE_LANDSCAPE_V0.2,MULTI_COMPONENT_EVIDENCE_LANDSCAPE_GENERATOR_V0.1,PASS
p77,ENSEMBL_SHA256_PREFIX_2_V0.1,ART_LNDV02_SET_756809652ACB00343DA20824,ART_LNDV02_0EFF99E24B7360A458753091,CLASS_D_LARGE_DATA_OBJECT,LANDSCAPE_JSONL_PAYLOAD,urn:sha256:0eff99e24b7360a458753091ebf5a27834a8ecc85b7bc0205d27efbfb581ba0a,external+sha256://luad-target-dossier/evidence-landscape-v0.2/ART_LNDV02_SET_756809652ACB00343DA20824/partitions/p77/landscape_records.jsonl,LOCAL_CONTENT_ADDRESSED_EXTERNAL_STAGING,110,289,29250,9906261,0eff99e24b7360a458753091ebf5a27834a8ecc85b7bc0205d27efbfb581ba0a,EVIDENCE_LANDSCAPE_SCHEMA_V0.2.1,MULTI_COMPONENT_EVIDENCE_LANDSCAPE_V0.2,MULTI_COMPONENT_EVIDENCE_LANDSCAPE_GENERATOR_V0.1,PASS
p78,ENSEMBL_SHA256_PREFIX_2_V0.1,ART_LNDV02_SET_756809652ACB00343DA20824,ART_LNDV02_9F037CBF2BB6920485FBAD98,CLASS_D_LARGE_DATA_OBJECT,LANDSCAPE_JSONL_PAYLOAD,urn:sha256:9f037cbf2bb6920485fbad98fea77cb91e9b5a50e0e1fa075cb1374896c921dd,external+sha256://luad-target-dossier/evidence-landscape-v0.2/ART_LNDV02_SET_756809652ACB00343DA20824/partitions/p78/landscape_records.jsonl,LOCAL_CONTENT_ADDRESSED_EXTERNAL_STAGING,111,282,29366,10694604,9f037cbf2bb6920485fbad98fea77cb91e9b5a50e0e1fa075cb1374896c921dd,EVIDENCE_LANDSCAPE_SCHEMA_V0.2.1,MULTI_COMPONENT_EVIDENCE_LANDSCAPE_V0.2,MULTI_COMPONENT_EVIDENCE_LANDSCAPE_GENERATOR_V0.1,PASS
p79,ENSEMBL_SHA256_PREFIX_2_V0.1,ART_LNDV02_SET_756809652ACB00343DA20824,ART_LNDV02_A9C7CDE3C19C83B93291693E,CLASS_D_LARGE_DATA_OBJECT,LANDSCAPE_JSONL_PAYLOAD,urn:sha256:a9c7cde3c19c83b93291693e7df222fd35c343412f318662a580a6bdd006673c,external+sha256://luad-target-dossier/evidence-landscape-v0.2/ART_LNDV02_SET_756809652ACB00343DA20824/partitions/p79/landscape_records.jsonl,LOCAL_CONTENT_ADDRESSED_EXTERNAL_STAGING,121,219,29496,14348067,a9c7cde3c19c83b93291693e7df222fd35c343412f318662a580a6bdd006673c,EVIDENCE_LANDSCAPE_SCHEMA_V0.2.1,MULTI_COMPONENT_EVIDENCE_LANDSCAPE_V0.2,MULTI_COMPONENT_EVIDENCE_LANDSCAPE_GENERATOR_V0.1,PASS
p7a,ENSEMBL_SHA256_PREFIX_2_V0.1,ART_LNDV02_SET_756809652ACB00343DA20824,ART_LNDV02_828E43BC3C3A2C428527CC2B,CLASS_D_LARGE_DATA_OBJECT,LANDSCAPE_JSONL_PAYLOAD,urn:sha256:828e43bc3c3a2c428527cc2b82be4ae35f5e9724e290ba9ad6c86ffebaea2d2e,external+sha256://luad-target-dossier/evidence-landscape-v0.2/ART_LNDV02_SET_756809652ACB00343DA20824/partitions/p7a/landscape_records.jsonl,LOCAL_CONTENT_ADDRESSED_EXTERNAL_STAGING,122,92,29528,12573900,828e43bc3c3a2c428527cc2b82be4ae35f5e9724e290ba9ad6c86ffebaea2d2e,EVIDENCE_LANDSCAPE_SCHEMA_V0.2.1,MULTI_COMPONENT_EVIDENCE_LANDSCAPE_V0.2,MULTI_COMPONENT_EVIDENCE_LANDSCAPE_GENERATOR_V0.1,PASS
p7b,ENSEMBL_SHA256_PREFIX_2_V0.1,ART_LNDV02_SET_756809652ACB00343DA20824,ART_LNDV02_F651007B2C4280E5BB4DE657,CLASS_D_LARGE_DATA_OBJECT,LANDSCAPE_JSONL_PAYLOAD,urn:sha256:f651007b2c4280e5bb4de657b6fef09a2f5298d004b8d1870dda4189b1d56706,external+sha256://luad-target-dossier/evidence-landscape-v0.2/ART_LNDV02_SET_756809652ACB00343DA20824/partitions/p7b/landscape_records.jsonl,LOCAL_CONTENT_ADDRESSED_EXTERNAL_STAGING,107,253,29342,10087749,f651007b2c4280e5bb4de657b6fef09a2f5298d004b8d1870dda4189b1d56706,EVIDENCE_LANDSCAPE_SCHEMA_V0.2.1,MULTI_COMPONENT_EVIDENCE_LANDSCAPE_V0.2,MULTI_COMPONENT_EVIDENCE_LANDSCAPE_GENERATOR_V0.1,PASS
p7c,ENSEMBL_SHA256_PREFIX_2_V0.1,ART_LNDV02_SET_756809652ACB00343DA20824,ART_LNDV02_6396E3B56D37F75045C3C215,CLASS_D_LARGE_DATA_OBJECT,LANDSCAPE_JSONL_PAYLOAD,urn:sha256:6396e3b56d37f75045c3c215462501e783bea3c13375d54834b1f43b05441efa,external+sha256://luad-target-dossier/evidence-landscape-v0.2/ART_LNDV02_SET_756809652ACB00343DA20824/partitions/p7c/landscape_records.jsonl,LOCAL_CONTENT_ADDRESSED_EXTERNAL_STAGING,130,400,29473,12334866,6396e3b56d37f75045c3c215462501e783bea3c13375d54834b1f43b05441efa,EVIDENCE_LANDSCAPE_SCHEMA_V0.2.1,MULTI_COMPONENT_EVIDENCE_LANDSCAPE_V0.2,MULTI_COMPONENT_EVIDENCE_LANDSCAPE_GENERATOR_V0.1,PASS
p7d,ENSEMBL_SHA256_PREFIX_2_V0.1,ART_LNDV02_SET_756809652ACB00343DA20824,ART_LNDV02_26795259EDF953B1E55FCE1F,CLASS_D_LARGE_DATA_OBJECT,LANDSCAPE_JSONL_PAYLOAD,urn:sha256:26795259edf953b1e55fce1f651e1afcd5e173ef6431c8913d323841d3770716,external+sha256://luad-target-dossier/evidence-landscape-v0.2/ART_LNDV02_SET_756809652ACB00343DA20824/partitions/p7d/landscape_records.jsonl,LOCAL_CONTENT_ADDRESSED_EXTERNAL_STAGING,106,135,29561,10914082,26795259edf953b1e55fce1f651e1afcd5e173ef6431c8913d323841d3770716,EVIDENCE_LANDSCAPE_SCHEMA_V0.2.1,MULTI_COMPONENT_EVIDENCE_LANDSCAPE_V0.2,MULTI_COMPONENT_EVIDENCE_LANDSCAPE_GENERATOR_V0.1,PASS
p7e,ENSEMBL_SHA256_PREFIX_2_V0.1,ART_LNDV02_SET_756809652ACB00343DA20824,ART_LNDV02_FBF4B620A5105BEF9CED40D0,CLASS_D_LARGE_DATA_OBJECT,LANDSCAPE_JSONL_PAYLOAD,urn:sha256:fbf4b620a5105bef9ced40d0c0ad57be48a2af6342edb6ba11eb118fa1380aed,external+sha256://luad-target-dossier/evidence-landscape-v0.2/ART_LNDV02_SET_756809652ACB00343DA20824/partitions/p7e/landscape_records.jsonl,LOCAL_CONTENT_ADDRESSED_EXTERNAL_STAGING,112,552,29533,10790952,fbf4b620a5105bef9ced40d0c0ad57be48a2af6342edb6ba11eb118fa1380aed,EVIDENCE_LANDSCAPE_SCHEMA_V0.2.1,MULTI_COMPONENT_EVIDENCE_LANDSCAPE_V0.2,MULTI_COMPONENT_EVIDENCE_LANDSCAPE_GENERATOR_V0.1,PASS
p7f,ENSEMBL_SHA256_PREFIX_2_V0.1,ART_LNDV02_SET_756809652ACB00343DA20824,ART_LNDV02_92B72D0C45DD5F1C0718128D,CLASS_D_LARGE_DATA_OBJECT,LANDSCAPE_JSONL_PAYLOAD,urn:sha256:92b72d0c45dd5f1c0718128dd7e184d843a12827b3e062953a9c65abf27ab6d7,external+sha256://luad-target-dossier/evidence-landscape-v0.2/ART_LNDV02_SET_756809652ACB00343DA20824/partitions/p7f/landscape_records.jsonl,LOCAL_CONTENT_ADDRESSED_EXTERNAL_STAGING,99,1,29536,11254957,92b72d0c45dd5f1c0718128dd7e184d843a12827b3e062953a9c65abf27ab6d7,EVIDENCE_LANDSCAPE_SCHEMA_V0.2.1,MULTI_COMPONENT_EVIDENCE_LANDSCAPE_V0.2,MULTI_COMPONENT_EVIDENCE_LANDSCAPE_GENERATOR_V0.1,PASS
p80,ENSEMBL_SHA256_PREFIX_2_V0.1,ART_LNDV02_SET_756809652ACB00343DA20824,ART_LNDV02_4012F5FD1C4CCEC0037943FD,CLASS_D_LARGE_DATA_OBJECT,LANDSCAPE_JSONL_PAYLOAD,urn:sha256:4012f5fd1c4ccec0037943fd5c09724ccd292424dac141790e9c26218eb0d7b6,external+sha256://luad-target-dossier/evidence-landscape-v0.2/ART_LNDV02_SET_756809652ACB00343DA20824/partitions/p80/landscape_records.jsonl,LOCAL_CONTENT_ADDRESSED_EXTERNAL_STAGING,102,58,29542,9465869,4012f5fd1c4ccec0037943fd5c09724ccd292424dac141790e9c26218eb0d7b6,EVIDENCE_LANDSCAPE_SCHEMA_V0.2.1,MULTI_COMPONENT_EVIDENCE_LANDSCAPE_V0.2,MULTI_COMPONENT_EVIDENCE_LANDSCAPE_GENERATOR_V0.1,PASS
p81,ENSEMBL_SHA256_PREFIX_2_V0.1,ART_LNDV02_SET_756809652ACB00343DA20824,ART_LNDV02_D799AD54FB01709290543E46,CLASS_D_LARGE_DATA_OBJECT,LANDSCAPE_JSONL_PAYLOAD,urn:sha256:d799ad54fb01709290543e46b20333ac025eee4b6c2ac5c7f9ee951fe5bb1793,external+sha256://luad-target-dossier/evidence-landscape-v0.2/ART_LNDV02_SET_756809652ACB00343DA20824/partitions/p81/landscape_records.jsonl,LOCAL_CONTENT_ADDRESSED_EXTERNAL_STAGING,117,108,29397,10652167,d799ad54fb01709290543e46b20333ac025eee4b6c2ac5c7f9ee951fe5bb1793,EVIDENCE_LANDSCAPE_SCHEMA_V0.2.1,MULTI_COMPONENT_EVIDENCE_LANDSCAPE_V0.2,MULTI_COMPONENT_EVIDENCE_LANDSCAPE_GENERATOR_V0.1,PASS
p82,ENSEMBL_SHA256_PREFIX_2_V0.1,ART_LNDV02_SET_756809652ACB00343DA20824,ART_LNDV02_145AE3D7254614D4DA03E439,CLASS_D_LARGE_DATA_OBJECT,LANDSCAPE_JSONL_PAYLOAD,urn:sha256:145ae3d7254614d4da03e43991bd43e68c927a072ec138724cf22c374e989ced,external+sha256://luad-target-dossier/evidence-landscape-v0.2/ART_LNDV02_SET_756809652ACB00343DA20824/partitions/p82/landscape_records.jsonl,LOCAL_CONTENT_ADDRESSED_EXTERNAL_STAGING,112,242,28659,13834677,145ae3d7254614d4da03e43991bd43e68c927a072ec138724cf22c374e989ced,EVIDENCE_LANDSCAPE_SCHEMA_V0.2.1,MULTI_COMPONENT_EVIDENCE_LANDSCAPE_V0.2,MULTI_COMPONENT_EVIDENCE_LANDSCAPE_GENERATOR_V0.1,PASS
p83,ENSEMBL_SHA256_PREFIX_2_V0.1,ART_LNDV02_SET_756809652ACB00343DA20824,ART_LNDV02_460100E00A8A389866EC8DDB,CLASS_D_LARGE_DATA_OBJECT,LANDSCAPE_JSONL_PAYLOAD,urn:sha256:460100e00a8a389866ec8ddb4db1e7dcefd10710ebf732d9b5b27ec407937daa,external+sha256://luad-target-dossier/evidence-landscape-v0.2/ART_LNDV02_SET_756809652ACB00343DA20824/partitions/p83/landscape_records.jsonl,LOCAL_CONTENT_ADDRESSED_EXTERNAL_STAGING,101,155,28743,14314943,460100e00a8a389866ec8ddb4db1e7dcefd10710ebf732d9b5b27ec407937daa,EVIDENCE_LANDSCAPE_SCHEMA_V0.2.1,MULTI_COMPONENT_EVIDENCE_LANDSCAPE_V0.2,MULTI_COMPONENT_EVIDENCE_LANDSCAPE_GENERATOR_V0.1,PASS
p84,ENSEMBL_SHA256_PREFIX_2_V0.1,ART_LNDV02_SET_756809652ACB00343DA20824,ART_LNDV02_9B448222143DAEB8B25A2274,CLASS_D_LARGE_DATA_OBJECT,LANDSCAPE_JSONL_PAYLOAD,urn:sha256:9b448222143daeb8b25a22749e4221d2f336853cd60e5738d5c57ae0d89d82a5,external+sha256://luad-target-dossier/evidence-landscape-v0.2/ART_LNDV02_SET_756809652ACB00343DA20824/partitions/p84/landscape_records.jsonl,LOCAL_CONTENT_ADDRESSED_EXTERNAL_STAGING,114,90,29517,11259540,9b448222143daeb8b25a22749e4221d2f336853cd60e5738d5c57ae0d89d82a5,EVIDENCE_LANDSCAPE_SCHEMA_V0.2.1,MULTI_COMPONENT_EVIDENCE_LANDSCAPE_V0.2,MULTI_COMPONENT_EVIDENCE_LANDSCAPE_GENERATOR_V0.1,PASS
p85,ENSEMBL_SHA256_PREFIX_2_V0.1,ART_LNDV02_SET_756809652ACB00343DA20824,ART_LNDV02_D1AFE476DD9160D1FC0424FB,CLASS_D_LARGE_DATA_OBJECT,LANDSCAPE_JSONL_PAYLOAD,urn:sha256:d1afe476dd9160d1fc0424fb72ca435c12a12312e00f4817136ea8092f4c41d1,external+sha256://luad-target-dossier/evidence-landscape-v0.2/ART_LNDV02_SET_756809652ACB00343DA20824/partitions/p85/landscape_records.jsonl,LOCAL_CONTENT_ADDRESSED_EXTERNAL_STAGING,117,873,29117,11155215,d1afe476dd9160d1fc0424fb72ca435c12a12312e00f4817136ea8092f4c41d1,EVIDENCE_LANDSCAPE_SCHEMA_V0.2.1,MULTI_COMPONENT_EVIDENCE_LANDSCAPE_V0.2,MULTI_COMPONENT_EVIDENCE_LANDSCAPE_GENERATOR_V0.1,PASS
p86,ENSEMBL_SHA256_PREFIX_2_V0.1,ART_LNDV02_SET_756809652ACB00343DA20824,ART_LNDV02_186BB37C11394194B083D696,CLASS_D_LARGE_DATA_OBJECT,LANDSCAPE_JSONL_PAYLOAD,urn:sha256:186bb37c11394194b083d6960441659f9c6e50c86a920b9a6346e234f6651cab,external+sha256://luad-target-dossier/evidence-landscape-v0.2/ART_LNDV02_SET_756809652ACB00343DA20824/partitions/p86/landscape_records.jsonl,LOCAL_CONTENT_ADDRESSED_EXTERNAL_STAGING,123,62,29259,11955670,186bb37c11394194b083d6960441659f9c6e50c86a920b9a6346e234f6651cab,EVIDENCE_LANDSCAPE_SCHEMA_V0.2.1,MULTI_COMPONENT_EVIDENCE_LANDSCAPE_V0.2,MULTI_COMPONENT_EVIDENCE_LANDSCAPE_GENERATOR_V0.1,PASS
p87,ENSEMBL_SHA256_PREFIX_2_V0.1,ART_LNDV02_SET_756809652ACB00343DA20824,ART_LNDV02_CA75A340192928B5778B3431,CLASS_D_LARGE_DATA_OBJECT,LANDSCAPE_JSONL_PAYLOAD,urn:sha256:ca75a340192928b5778b3431dd3e7ef5fd148bd232a3a1b8fd0a8f5da846785c,external+sha256://luad-target-dossier/evidence-landscape-v0.2/ART_LNDV02_SET_756809652ACB00343DA20824/partitions/p87/landscape_records.jsonl,LOCAL_CONTENT_ADDRESSED_EXTERNAL_STAGING,101,357,29583,9166476,ca75a340192928b5778b3431dd3e7ef5fd148bd232a3a1b8fd0a8f5da846785c,EVIDENCE_LANDSCAPE_SCHEMA_V0.2.1,MULTI_COMPONENT_EVIDENCE_LANDSCAPE_V0.2,MULTI_COMPONENT_EVIDENCE_LANDSCAPE_GENERATOR_V0.1,PASS
p88,ENSEMBL_SHA256_PREFIX_2_V0.1,ART_LNDV02_SET_756809652ACB00343DA20824,ART_LNDV02_2BD0506C23CFED0CCED0E1DE,CLASS_D_LARGE_DATA_OBJECT,LANDSCAPE_JSONL_PAYLOAD,urn:sha256:2bd0506c23cfed0cced0e1de0e801c74282aee45e2f9c8e0eadd2c8af265be60,external+sha256://luad-target-dossier/evidence-landscape-v0.2/ART_LNDV02_SET_756809652ACB00343DA20824/partitions/p88/landscape_records.jsonl,LOCAL_CONTENT_ADDRESSED_EXTERNAL_STAGING,120,209,29155,12344849,2bd0506c23cfed0cced0e1de0e801c74282aee45e2f9c8e0eadd2c8af265be60,EVIDENCE_LANDSCAPE_SCHEMA_V0.2.1,MULTI_COMPONENT_EVIDENCE_LANDSCAPE_V0.2,MULTI_COMPONENT_EVIDENCE_LANDSCAPE_GENERATOR_V0.1,PASS
p89,ENSEMBL_SHA256_PREFIX_2_V0.1,ART_LNDV02_SET_756809652ACB00343DA20824,ART_LNDV02_22FB32454F1375AAA626F377,CLASS_D_LARGE_DATA_OBJECT,LANDSCAPE_JSONL_PAYLOAD,urn:sha256:22fb32454f1375aaa626f377148e2486baeea8c3d20a87c6d04fcf8e9cb429d9,external+sha256://luad-target-dossier/evidence-landscape-v0.2/ART_LNDV02_SET_756809652ACB00343DA20824/partitions/p89/landscape_records.jsonl,LOCAL_CONTENT_ADDRESSED_EXTERNAL_STAGING,128,685,29160,14766614,22fb32454f1375aaa626f377148e2486baeea8c3d20a87c6d04fcf8e9cb429d9,EVIDENCE_LANDSCAPE_SCHEMA_V0.2.1,MULTI_COMPONENT_EVIDENCE_LANDSCAPE_V0.2,MULTI_COMPONENT_EVIDENCE_LANDSCAPE_GENERATOR_V0.1,PASS
p8a,ENSEMBL_SHA256_PREFIX_2_V0.1,ART_LNDV02_SET_756809652ACB00343DA20824,ART_LNDV02_20F67C8CDD20DD16E6177AD2,CLASS_D_LARGE_DATA_OBJECT,LANDSCAPE_JSONL_PAYLOAD,urn:sha256:20f67c8cdd20dd16e6177ad2b6ec8f4a9adb1fb52accb451c44d1987975f4c7c,external+sha256://luad-target-dossier/evidence-landscape-v0.2/ART_LNDV02_SET_756809652ACB00343DA20824/partitions/p8a/landscape_records.jsonl,LOCAL_CONTENT_ADDRESSED_EXTERNAL_STAGING,125,533,29516,11173282,20f67c8cdd20dd16e6177ad2b6ec8f4a9adb1fb52accb451c44d1987975f4c7c,EVIDENCE_LANDSCAPE_SCHEMA_V0.2.1,MULTI_COMPONENT_EVIDENCE_LANDSCAPE_V0.2,MULTI_COMPONENT_EVIDENCE_LANDSCAPE_GENERATOR_V0.1,PASS
p8b,ENSEMBL_SHA256_PREFIX_2_V0.1,ART_LNDV02_SET_756809652ACB00343DA20824,ART_LNDV02_8DAA2F30579ECEE6EBC4CD60,CLASS_D_LARGE_DATA_OBJECT,LANDSCAPE_JSONL_PAYLOAD,urn:sha256:8daa2f30579ecee6ebc4cd60a32d3082cb4bf51907a1fad059df10976095a11c,external+sha256://luad-target-dossier/evidence-landscape-v0.2/ART_LNDV02_SET_756809652ACB00343DA20824/partitions/p8b/landscape_records.jsonl,LOCAL_CONTENT_ADDRESSED_EXTERNAL_STAGING,120,103,29572,14899134,8daa2f30579ecee6ebc4cd60a32d3082cb4bf51907a1fad059df10976095a11c,EVIDENCE_LANDSCAPE_SCHEMA_V0.2.1,MULTI_COMPONENT_EVIDENCE_LANDSCAPE_V0.2,MULTI_COMPONENT_EVIDENCE_LANDSCAPE_GENERATOR_V0.1,PASS
p8c,ENSEMBL_SHA256_PREFIX_2_V0.1,ART_LNDV02_SET_756809652ACB00343DA20824,ART_LNDV02_5B290E335744AC880740CF07,CLASS_D_LARGE_DATA_OBJECT,LANDSCAPE_JSONL_PAYLOAD,urn:sha256:5b290e335744ac880740cf0753d0974699b778a321e3ce8ef4e59ec662add51d,external+sha256://luad-target-dossier/evidence-landscape-v0.2/ART_LNDV02_SET_756809652ACB00343DA20824/partitions/p8c/landscape_records.jsonl,LOCAL_CONTENT_ADDRESSED_EXTERNAL_STAGING,141,168,29403,14564146,5b290e335744ac880740cf0753d0974699b778a321e3ce8ef4e59ec662add51d,EVIDENCE_LANDSCAPE_SCHEMA_V0.2.1,MULTI_COMPONENT_EVIDENCE_LANDSCAPE_V0.2,MULTI_COMPONENT_EVIDENCE_LANDSCAPE_GENERATOR_V0.1,PASS
p8d,ENSEMBL_SHA256_PREFIX_2_V0.1,ART_LNDV02_SET_756809652ACB00343DA20824,ART_LNDV02_0C798ECCC0C8F3BD614074D9,CLASS_D_LARGE_DATA_OBJECT,LANDSCAPE_JSONL_PAYLOAD,urn:sha256:0c798eccc0c8f3bd614074d9c177c370bb7c631309f37a046dff21acec61bcb8,external+sha256://luad-target-dossier/evidence-landscape-v0.2/ART_LNDV02_SET_756809652ACB00343DA20824/partitions/p8d/landscape_records.jsonl,LOCAL_CONTENT_ADDRESSED_EXTERNAL_STAGING,118,174,28218,11173469,0c798eccc0c8f3bd614074d9c177c370bb7c631309f37a046dff21acec61bcb8,EVIDENCE_LANDSCAPE_SCHEMA_V0.2.1,MULTI_COMPONENT_EVIDENCE_LANDSCAPE_V0.2,MULTI_COMPONENT_EVIDENCE_LANDSCAPE_GENERATOR_V0.1,PASS
p8e,ENSEMBL_SHA256_PREFIX_2_V0.1,ART_LNDV02_SET_756809652ACB00343DA20824,ART_LNDV02_D8476AF22E828CA24633CACD,CLASS_D_LARGE_DATA_OBJECT,LANDSCAPE_JSONL_PAYLOAD,urn:sha256:d8476af22e828ca24633cacda7e620a7315031ecf624468f04373364a158469f,external+sha256://luad-target-dossier/evidence-landscape-v0.2/ART_LNDV02_SET_756809652ACB00343DA20824/partitions/p8e/landscape_records.jsonl,LOCAL_CONTENT_ADDRESSED_EXTERNAL_STAGING,96,100,28843,11502019,d8476af22e828ca24633cacda7e620a7315031ecf624468f04373364a158469f,EVIDENCE_LANDSCAPE_SCHEMA_V0.2.1,MULTI_COMPONENT_EVIDENCE_LANDSCAPE_V0.2,MULTI_COMPONENT_EVIDENCE_LANDSCAPE_GENERATOR_V0.1,PASS
p8f,ENSEMBL_SHA256_PREFIX_2_V0.1,ART_LNDV02_SET_756809652ACB00343DA20824,ART_LNDV02_8B367FFBFA4D7BD10B2B845B,CLASS_D_LARGE_DATA_OBJECT,LANDSCAPE_JSONL_PAYLOAD,urn:sha256:8b367ffbfa4d7bd10b2b845b65c8485685d0816d5951726e4a7991ef80528f78,external+sha256://luad-target-dossier/evidence-landscape-v0.2/ART_LNDV02_SET_756809652ACB00343DA20824/partitions/p8f/landscape_records.jsonl,LOCAL_CONTENT_ADDRESSED_EXTERNAL_STAGING,123,198,29598,10811795,8b367ffbfa4d7bd10b2b845b65c8485685d0816d5951726e4a7991ef80528f78,EVIDENCE_LANDSCAPE_SCHEMA_V0.2.1,MULTI_COMPONENT_EVIDENCE_LANDSCAPE_V0.2,MULTI_COMPONENT_EVIDENCE_LANDSCAPE_GENERATOR_V0.1,PASS
p90,ENSEMBL_SHA256_PREFIX_2_V0.1,ART_LNDV02_SET_756809652ACB00343DA20824,ART_LNDV02_0C9DE6BB2CD9109727471E5A,CLASS_D_LARGE_DATA_OBJECT,LANDSCAPE_JSONL_PAYLOAD,urn:sha256:0c9de6bb2cd9109727471e5a5252f58089713b5f4de524a63a6b00beffae209f,external+sha256://luad-target-dossier/evidence-landscape-v0.2/ART_LNDV02_SET_756809652ACB00343DA20824/partitions/p90/landscape_records.jsonl,LOCAL_CONTENT_ADDRESSED_EXTERNAL_STAGING,116,383,29567,13068771,0c9de6bb2cd9109727471e5a5252f58089713b5f4de524a63a6b00beffae209f,EVIDENCE_LANDSCAPE_SCHEMA_V0.2.1,MULTI_COMPONENT_EVIDENCE_LANDSCAPE_V0.2,MULTI_COMPONENT_EVIDENCE_LANDSCAPE_GENERATOR_V0.1,PASS
p91,ENSEMBL_SHA256_PREFIX_2_V0.1,ART_LNDV02_SET_756809652ACB00343DA20824,ART_LNDV02_143E3A6087CAEAED40092C68,CLASS_D_LARGE_DATA_OBJECT,LANDSCAPE_JSONL_PAYLOAD,urn:sha256:143e3a6087caeaed40092c6889464195a8b95e5f3957158b590122e70e1f2554,external+sha256://luad-target-dossier/evidence-landscape-v0.2/ART_LNDV02_SET_756809652ACB00343DA20824/partitions/p91/landscape_records.jsonl,LOCAL_CONTENT_ADDRESSED_EXTERNAL_STAGING,120,116,29231,11536921,143e3a6087caeaed40092c6889464195a8b95e5f3957158b590122e70e1f2554,EVIDENCE_LANDSCAPE_SCHEMA_V0.2.1,MULTI_COMPONENT_EVIDENCE_LANDSCAPE_V0.2,MULTI_COMPONENT_EVIDENCE_LANDSCAPE_GENERATOR_V0.1,PASS
p92,ENSEMBL_SHA256_PREFIX_2_V0.1,ART_LNDV02_SET_756809652ACB00343DA20824,ART_LNDV02_791D9E387457DB0D2BD5DF1A,CLASS_D_LARGE_DATA_OBJECT,LANDSCAPE_JSONL_PAYLOAD,urn:sha256:791d9e387457db0d2bd5df1ad26a3a8fef0d709dd5234980de09b1b25876c224,external+sha256://luad-target-dossier/evidence-landscape-v0.2/ART_LNDV02_SET_756809652ACB00343DA20824/partitions/p92/landscape_records.jsonl,LOCAL_CONTENT_ADDRESSED_EXTERNAL_STAGING,134,14,27742,14930126,791d9e387457db0d2bd5df1ad26a3a8fef0d709dd5234980de09b1b25876c224,EVIDENCE_LANDSCAPE_SCHEMA_V0.2.1,MULTI_COMPONENT_EVIDENCE_LANDSCAPE_V0.2,MULTI_COMPONENT_EVIDENCE_LANDSCAPE_GENERATOR_V0.1,PASS
p93,ENSEMBL_SHA256_PREFIX_2_V0.1,ART_LNDV02_SET_756809652ACB00343DA20824,ART_LNDV02_E55F05A1506D66BAB7C528A8,CLASS_D_LARGE_DATA_OBJECT,LANDSCAPE_JSONL_PAYLOAD,urn:sha256:e55f05a1506d66bab7c528a8418fac659fdc782832642362524a597302fd02e6,external+sha256://luad-target-dossier/evidence-landscape-v0.2/ART_LNDV02_SET_756809652ACB00343DA20824/partitions/p93/landscape_records.jsonl,LOCAL_CONTENT_ADDRESSED_EXTERNAL_STAGING,125,701,29031,13470269,e55f05a1506d66bab7c528a8418fac659fdc782832642362524a597302fd02e6,EVIDENCE_LANDSCAPE_SCHEMA_V0.2.1,MULTI_COMPONENT_EVIDENCE_LANDSCAPE_V0.2,MULTI_COMPONENT_EVIDENCE_LANDSCAPE_GENERATOR_V0.1,PASS
p94,ENSEMBL_SHA256_PREFIX_2_V0.1,ART_LNDV02_SET_756809652ACB00343DA20824,ART_LNDV02_62582960DD7907AB96EB829E,CLASS_D_LARGE_DATA_OBJECT,LANDSCAPE_JSONL_PAYLOAD,urn:sha256:62582960dd7907ab96eb829e9051b8152b5567eeca8336963c6a38b65e38ce44,external+sha256://luad-target-dossier/evidence-landscape-v0.2/ART_LNDV02_SET_756809652ACB00343DA20824/partitions/p94/landscape_records.jsonl,LOCAL_CONTENT_ADDRESSED_EXTERNAL_STAGING,126,109,29552,12227028,62582960dd7907ab96eb829e9051b8152b5567eeca8336963c6a38b65e38ce44,EVIDENCE_LANDSCAPE_SCHEMA_V0.2.1,MULTI_COMPONENT_EVIDENCE_LANDSCAPE_V0.2,MULTI_COMPONENT_EVIDENCE_LANDSCAPE_GENERATOR_V0.1,PASS
p95,ENSEMBL_SHA256_PREFIX_2_V0.1,ART_LNDV02_SET_756809652ACB00343DA20824,ART_LNDV02_B571D37D79776F6B07EE84B5,CLASS_D_LARGE_DATA_OBJECT,LANDSCAPE_JSONL_PAYLOAD,urn:sha256:b571d37d79776f6b07ee84b53fa7ba5dc0b5b133b537c81fa4d7ccf2c4eeac3b,external+sha256://luad-target-dossier/evidence-landscape-v0.2/ART_LNDV02_SET_756809652ACB00343DA20824/partitions/p95/landscape_records.jsonl,LOCAL_CONTENT_ADDRESSED_EXTERNAL_STAGING,109,274,29504,10429549,b571d37d79776f6b07ee84b53fa7ba5dc0b5b133b537c81fa4d7ccf2c4eeac3b,EVIDENCE_LANDSCAPE_SCHEMA_V0.2.1,MULTI_COMPONENT_EVIDENCE_LANDSCAPE_V0.2,MULTI_COMPONENT_EVIDENCE_LANDSCAPE_GENERATOR_V0.1,PASS
p96,ENSEMBL_SHA256_PREFIX_2_V0.1,ART_LNDV02_SET_756809652ACB00343DA20824,ART_LNDV02_26FCEF7E8363FCA55C2DCC4E,CLASS_D_LARGE_DATA_OBJECT,LANDSCAPE_JSONL_PAYLOAD,urn:sha256:26fcef7e8363fca55c2dcc4eaf895bef931a7f918595394eab53a8d3bf6b1e3b,external+sha256://luad-target-dossier/evidence-landscape-v0.2/ART_LNDV02_SET_756809652ACB00343DA20824/partitions/p96/landscape_records.jsonl,LOCAL_CONTENT_ADDRESSED_EXTERNAL_STAGING,106,566,29313,9263040,26fcef7e8363fca55c2dcc4eaf895bef931a7f918595394eab53a8d3bf6b1e3b,EVIDENCE_LANDSCAPE_SCHEMA_V0.2.1,MULTI_COMPONENT_EVIDENCE_LANDSCAPE_V0.2,MULTI_COMPONENT_EVIDENCE_LANDSCAPE_GENERATOR_V0.1,PASS
p97,ENSEMBL_SHA256_PREFIX_2_V0.1,ART_LNDV02_SET_756809652ACB00343DA20824,ART_LNDV02_11BD8500866C44D6A318E4AB,CLASS_D_LARGE_DATA_OBJECT,LANDSCAPE_JSONL_PAYLOAD,urn:sha256:11bd8500866c44d6a318e4ab1434498f3106968da3767740e76e48730856aeb8,external+sha256://luad-target-dossier/evidence-landscape-v0.2/ART_LNDV02_SET_756809652ACB00343DA20824/partitions/p97/landscape_records.jsonl,LOCAL_CONTENT_ADDRESSED_EXTERNAL_STAGING,104,19,29550,11069982,11bd8500866c44d6a318e4ab1434498f3106968da3767740e76e48730856aeb8,EVIDENCE_LANDSCAPE_SCHEMA_V0.2.1,MULTI_COMPONENT_EVIDENCE_LANDSCAPE_V0.2,MULTI_COMPONENT_EVIDENCE_LANDSCAPE_GENERATOR_V0.1,PASS
p98,ENSEMBL_SHA256_PREFIX_2_V0.1,ART_LNDV02_SET_756809652ACB00343DA20824,ART_LNDV02_9BFCD995599DFDC8B99DC449,CLASS_D_LARGE_DATA_OBJECT,LANDSCAPE_JSONL_PAYLOAD,urn:sha256:9bfcd995599dfdc8b99dc4491d830a471f31d7342d398ca761749e868ad17171,external+sha256://luad-target-dossier/evidence-landscape-v0.2/ART_LNDV02_SET_756809652ACB00343DA20824/partitions/p98/landscape_records.jsonl,LOCAL_CONTENT_ADDRESSED_EXTERNAL_STAGING,94,17,29105,18091655,9bfcd995599dfdc8b99dc4491d830a471f31d7342d398ca761749e868ad17171,EVIDENCE_LANDSCAPE_SCHEMA_V0.2.1,MULTI_COMPONENT_EVIDENCE_LANDSCAPE_V0.2,MULTI_COMPONENT_EVIDENCE_LANDSCAPE_GENERATOR_V0.1,PASS
p99,ENSEMBL_SHA256_PREFIX_2_V0.1,ART_LNDV02_SET_756809652ACB00343DA20824,ART_LNDV02_77EC29FE89E5DC775B310919,CLASS_D_LARGE_DATA_OBJECT,LANDSCAPE_JSONL_PAYLOAD,urn:sha256:77ec29fe89e5dc775b310919d51e5e0cef1f6994ed0994ec2a7ee88075e6f0ba,external+sha256://luad-target-dossier/evidence-landscape-v0.2/ART_LNDV02_SET_756809652ACB00343DA20824/partitions/p99/landscape_records.jsonl,LOCAL_CONTENT_ADDRESSED_EXTERNAL_STAGING,104,485,29184,12636816,77ec29fe89e5dc775b310919d51e5e0cef1f6994ed0994ec2a7ee88075e6f0ba,EVIDENCE_LANDSCAPE_SCHEMA_V0.2.1,MULTI_COMPONENT_EVIDENCE_LANDSCAPE_V0.2,MULTI_COMPONENT_EVIDENCE_LANDSCAPE_GENERATOR_V0.1,PASS
p9a,ENSEMBL_SHA256_PREFIX_2_V0.1,ART_LNDV02_SET_756809652ACB00343DA20824,ART_LNDV02_78B0FE3647161A564848E365,CLASS_D_LARGE_DATA_OBJECT,LANDSCAPE_JSONL_PAYLOAD,urn:sha256:78b0fe3647161a564848e36557219365d6ff5ebc2b71aa575e2e9ced9f809eb7,external+sha256://luad-target-dossier/evidence-landscape-v0.2/ART_LNDV02_SET_756809652ACB00343DA20824/partitions/p9a/landscape_records.jsonl,LOCAL_CONTENT_ADDRESSED_EXTERNAL_STAGING,115,110,29382,13009684,78b0fe3647161a564848e36557219365d6ff5ebc2b71aa575e2e9ced9f809eb7,EVIDENCE_LANDSCAPE_SCHEMA_V0.2.1,MULTI_COMPONENT_EVIDENCE_LANDSCAPE_V0.2,MULTI_COMPONENT_EVIDENCE_LANDSCAPE_GENERATOR_V0.1,PASS
p9b,ENSEMBL_SHA256_PREFIX_2_V0.1,ART_LNDV02_SET_756809652ACB00343DA20824,ART_LNDV02_6B696F4BAAF2A4F2D1EC6D68,CLASS_D_LARGE_DATA_OBJECT,LANDSCAPE_JSONL_PAYLOAD,urn:sha256:6b696f4baaf2a4f2d1ec6d68dc9a390a5c2f7100598438c63e64dc5ae8042bbb,external+sha256://luad-target-dossier/evidence-landscape-v0.2/ART_LNDV02_SET_756809652ACB00343DA20824/partitions/p9b/landscape_records.jsonl,LOCAL_CONTENT_ADDRESSED_EXTERNAL_STAGING,118,194,29405,12084686,6b696f4baaf2a4f2d1ec6d68dc9a390a5c2f7100598438c63e64dc5ae8042bbb,EVIDENCE_LANDSCAPE_SCHEMA_V0.2.1,MULTI_COMPONENT_EVIDENCE_LANDSCAPE_V0.2,MULTI_COMPONENT_EVIDENCE_LANDSCAPE_GENERATOR_V0.1,PASS
p9c,ENSEMBL_SHA256_PREFIX_2_V0.1,ART_LNDV02_SET_756809652ACB00343DA20824,ART_LNDV02_5A5D04B0858400B37CAB94D5,CLASS_D_LARGE_DATA_OBJECT,LANDSCAPE_JSONL_PAYLOAD,urn:sha256:5a5d04b0858400b37cab94d51b561c65ebeae56f00d29f0dd2c6cb70d0c22d11,external+sha256://luad-target-dossier/evidence-landscape-v0.2/ART_LNDV02_SET_756809652ACB00343DA20824/partitions/p9c/landscape_records.jsonl,LOCAL_CONTENT_ADDRESSED_EXTERNAL_STAGING,103,439,28951,9670248,5a5d04b0858400b37cab94d51b561c65ebeae56f00d29f0dd2c6cb70d0c22d11,EVIDENCE_LANDSCAPE_SCHEMA_V0.2.1,MULTI_COMPONENT_EVIDENCE_LANDSCAPE_V0.2,MULTI_COMPONENT_EVIDENCE_LANDSCAPE_GENERATOR_V0.1,PASS
p9d,ENSEMBL_SHA256_PREFIX_2_V0.1,ART_LNDV02_SET_756809652ACB00343DA20824,ART_LNDV02_B922758FF25B5CCC800C9A6A,CLASS_D_LARGE_DATA_OBJECT,LANDSCAPE_JSONL_PAYLOAD,urn:sha256:b922758ff25b5ccc800c9a6a9628249fe253cd68dcb0a90d01cac5a772cb6aa0,external+sha256://luad-target-dossier/evidence-landscape-v0.2/ART_LNDV02_SET_756809652ACB00343DA20824/partitions/p9d/landscape_records.jsonl,LOCAL_CONTENT_ADDRESSED_EXTERNAL_STAGING,99,483,28515,11022168,b922758ff25b5ccc800c9a6a9628249fe253cd68dcb0a90d01cac5a772cb6aa0,EVIDENCE_LANDSCAPE_SCHEMA_V0.2.1,MULTI_COMPONENT_EVIDENCE_LANDSCAPE_V0.2,MULTI_COMPONENT_EVIDENCE_LANDSCAPE_GENERATOR_V0.1,PASS
p9e,ENSEMBL_SHA256_PREFIX_2_V0.1,ART_LNDV02_SET_756809652ACB00343DA20824,ART_LNDV02_FDE4CBE3FA6CE20B300C666F,CLASS_D_LARGE_DATA_OBJECT,LANDSCAPE_JSONL_PAYLOAD,urn:sha256:fde4cbe3fa6ce20b300c666fcb4f66903dbd903cee9e6b8df2464dec360d4c52,external+sha256://luad-target-dossier/evidence-landscape-v0.2/ART_LNDV02_SET_756809652ACB00343DA20824/partitions/p9e/landscape_records.jsonl,LOCAL_CONTENT_ADDRESSED_EXTERNAL_STAGING,122,86,28962,15851576,fde4cbe3fa6ce20b300c666fcb4f66903dbd903cee9e6b8df2464dec360d4c52,EVIDENCE_LANDSCAPE_SCHEMA_V0.2.1,MULTI_COMPONENT_EVIDENCE_LANDSCAPE_V0.2,MULTI_COMPONENT_EVIDENCE_LANDSCAPE_GENERATOR_V0.1,PASS
p9f,ENSEMBL_SHA256_PREFIX_2_V0.1,ART_LNDV02_SET_756809652ACB00343DA20824,ART_LNDV02_EEE366BC48776221C7792A5F,CLASS_D_LARGE_DATA_OBJECT,LANDSCAPE_JSONL_PAYLOAD,urn:sha256:eee366bc48776221c7792a5ff757fe72b444689cbc4f26118dd876416e9557a3,external+sha256://luad-target-dossier/evidence-landscape-v0.2/ART_LNDV02_SET_756809652ACB00343DA20824/partitions/p9f/landscape_records.jsonl,LOCAL_CONTENT_ADDRESSED_EXTERNAL_STAGING,118,99,29174,10660142,eee366bc48776221c7792a5ff757fe72b444689cbc4f26118dd876416e9557a3,EVIDENCE_LANDSCAPE_SCHEMA_V0.2.1,MULTI_COMPONENT_EVIDENCE_LANDSCAPE_V0.2,MULTI_COMPONENT_EVIDENCE_LANDSCAPE_GENERATOR_V0.1,PASS
pa0,ENSEMBL_SHA256_PREFIX_2_V0.1,ART_LNDV02_SET_756809652ACB00343DA20824,ART_LNDV02_55243F2FED3EE43E97CF7C5F,CLASS_D_LARGE_DATA_OBJECT,LANDSCAPE_JSONL_PAYLOAD,urn:sha256:55243f2fed3ee43e97cf7c5f4ca6d8c7a927abc4dae8cef35c369d8d7148165d,external+sha256://luad-target-dossier/evidence-landscape-v0.2/ART_LNDV02_SET_756809652ACB00343DA20824/partitions/pa0/landscape_records.jsonl,LOCAL_CONTENT_ADDRESSED_EXTERNAL_STAGING,126,199,29448,31139969,55243f2fed3ee43e97cf7c5f4ca6d8c7a927abc4dae8cef35c369d8d7148165d,EVIDENCE_LANDSCAPE_SCHEMA_V0.2.1,MULTI_COMPONENT_EVIDENCE_LANDSCAPE_V0.2,MULTI_COMPONENT_EVIDENCE_LANDSCAPE_GENERATOR_V0.1,PASS
pa1,ENSEMBL_SHA256_PREFIX_2_V0.1,ART_LNDV02_SET_756809652ACB00343DA20824,ART_LNDV02_3E586BD708464EDDC5891F75,CLASS_D_LARGE_DATA_OBJECT,LANDSCAPE_JSONL_PAYLOAD,urn:sha256:3e586bd708464eddc5891f75332f0f80daa1248cc39b5a0445134ed13d36605e,external+sha256://luad-target-dossier/evidence-landscape-v0.2/ART_LNDV02_SET_756809652ACB00343DA20824/partitions/pa1/landscape_records.jsonl,LOCAL_CONTENT_ADDRESSED_EXTERNAL_STAGING,108,5,29244,11006439,3e586bd708464eddc5891f75332f0f80daa1248cc39b5a0445134ed13d36605e,EVIDENCE_LANDSCAPE_SCHEMA_V0.2.1,MULTI_COMPONENT_EVIDENCE_LANDSCAPE_V0.2,MULTI_COMPONENT_EVIDENCE_LANDSCAPE_GENERATOR_V0.1,PASS
pa2,ENSEMBL_SHA256_PREFIX_2_V0.1,ART_LNDV02_SET_756809652ACB00343DA20824,ART_LNDV02_5A9D83754B5EA29BA3E11E04,CLASS_D_LARGE_DATA_OBJECT,LANDSCAPE_JSONL_PAYLOAD,urn:sha256:5a9d83754b5ea29ba3e11e046852584b4b207d1255c35a6a25c1ee404bd3297b,external+sha256://luad-target-dossier/evidence-landscape-v0.2/ART_LNDV02_SET_756809652ACB00343DA20824/partitions/pa2/landscape_records.jsonl,LOCAL_CONTENT_ADDRESSED_EXTERNAL_STAGING,121,227,29428,16245911,5a9d83754b5ea29ba3e11e046852584b4b207d1255c35a6a25c1ee404bd3297b,EVIDENCE_LANDSCAPE_SCHEMA_V0.2.1,MULTI_COMPONENT_EVIDENCE_LANDSCAPE_V0.2,MULTI_COMPONENT_EVIDENCE_LANDSCAPE_GENERATOR_V0.1,PASS
pa3,ENSEMBL_SHA256_PREFIX_2_V0.1,ART_LNDV02_SET_756809652ACB00343DA20824,ART_LNDV02_05FE837023D24D0E42C8D8F0,CLASS_D_LARGE_DATA_OBJECT,LANDSCAPE_JSONL_PAYLOAD,urn:sha256:05fe837023d24d0e42c8d8f0d642ab957016e3f4f8f371447fc86e9d33fa7c5f,external+sha256://luad-target-dossier/evidence-landscape-v0.2/ART_LNDV02_SET_756809652ACB00343DA20824/partitions/pa3/landscape_records.jsonl,LOCAL_CONTENT_ADDRESSED_EXTERNAL_STAGING,119,29,29217,13599851,05fe837023d24d0e42c8d8f0d642ab957016e3f4f8f371447fc86e9d33fa7c5f,EVIDENCE_LANDSCAPE_SCHEMA_V0.2.1,MULTI_COMPONENT_EVIDENCE_LANDSCAPE_V0.2,MULTI_COMPONENT_EVIDENCE_LANDSCAPE_GENERATOR_V0.1,PASS
pa4,ENSEMBL_SHA256_PREFIX_2_V0.1,ART_LNDV02_SET_756809652ACB00343DA20824,ART_LNDV02_4F3ABF32598614C8B43FA534,CLASS_D_LARGE_DATA_OBJECT,LANDSCAPE_JSONL_PAYLOAD,urn:sha256:4f3abf32598614c8b43fa534ee8ecb1dba9642d6854072a92115cbe82e34db14,external+sha256://luad-target-dossier/evidence-landscape-v0.2/ART_LNDV02_SET_756809652ACB00343DA20824/partitions/pa4/landscape_records.jsonl,LOCAL_CONTENT_ADDRESSED_EXTERNAL_STAGING,109,51,29228,11305518,4f3abf32598614c8b43fa534ee8ecb1dba9642d6854072a92115cbe82e34db14,EVIDENCE_LANDSCAPE_SCHEMA_V0.2.1,MULTI_COMPONENT_EVIDENCE_LANDSCAPE_V0.2,MULTI_COMPONENT_EVIDENCE_LANDSCAPE_GENERATOR_V0.1,PASS
pa5,ENSEMBL_SHA256_PREFIX_2_V0.1,ART_LNDV02_SET_756809652ACB00343DA20824,ART_LNDV02_A7A4D69B951D10A4BDECF9C5,CLASS_D_LARGE_DATA_OBJECT,LANDSCAPE_JSONL_PAYLOAD,urn:sha256:a7a4d69b951d10a4bdecf9c51cf3373365feb5b55936e7ab86b5a9638927d22c,external+sha256://luad-target-dossier/evidence-landscape-v0.2/ART_LNDV02_SET_756809652ACB00343DA20824/partitions/pa5/landscape_records.jsonl,LOCAL_CONTENT_ADDRESSED_EXTERNAL_STAGING,117,642,29281,11371934,a7a4d69b951d10a4bdecf9c51cf3373365feb5b55936e7ab86b5a9638927d22c,EVIDENCE_LANDSCAPE_SCHEMA_V0.2.1,MULTI_COMPONENT_EVIDENCE_LANDSCAPE_V0.2,MULTI_COMPONENT_EVIDENCE_LANDSCAPE_GENERATOR_V0.1,PASS
pa6,ENSEMBL_SHA256_PREFIX_2_V0.1,ART_LNDV02_SET_756809652ACB00343DA20824,ART_LNDV02_1885EB3058D49696AE2E465B,CLASS_D_LARGE_DATA_OBJECT,LANDSCAPE_JSONL_PAYLOAD,urn:sha256:1885eb3058d49696ae2e465b7c56ff01a79fdcc7c192bd59a6b427d4a3afd131,external+sha256://luad-target-dossier/evidence-landscape-v0.2/ART_LNDV02_SET_756809652ACB00343DA20824/partitions/pa6/landscape_records.jsonl,LOCAL_CONTENT_ADDRESSED_EXTERNAL_STAGING,104,32,29477,9739400,1885eb3058d49696ae2e465b7c56ff01a79fdcc7c192bd59a6b427d4a3afd131,EVIDENCE_LANDSCAPE_SCHEMA_V0.2.1,MULTI_COMPONENT_EVIDENCE_LANDSCAPE_V0.2,MULTI_COMPONENT_EVIDENCE_LANDSCAPE_GENERATOR_V0.1,PASS
pa7,ENSEMBL_SHA256_PREFIX_2_V0.1,ART_LNDV02_SET_756809652ACB00343DA20824,ART_LNDV02_EC3B92C990ACE75C6BF34D9A,CLASS_D_LARGE_DATA_OBJECT,LANDSCAPE_JSONL_PAYLOAD,urn:sha256:ec3b92c990ace75c6bf34d9a0d4290055c032575b050295f7c9f8bf1e287c6a1,external+sha256://luad-target-dossier/evidence-landscape-v0.2/ART_LNDV02_SET_756809652ACB00343DA20824/partitions/pa7/landscape_records.jsonl,LOCAL_CONTENT_ADDRESSED_EXTERNAL_STAGING,107,535,29363,8873291,ec3b92c990ace75c6bf34d9a0d4290055c032575b050295f7c9f8bf1e287c6a1,EVIDENCE_LANDSCAPE_SCHEMA_V0.2.1,MULTI_COMPONENT_EVIDENCE_LANDSCAPE_V0.2,MULTI_COMPONENT_EVIDENCE_LANDSCAPE_GENERATOR_V0.1,PASS
pa8,ENSEMBL_SHA256_PREFIX_2_V0.1,ART_LNDV02_SET_756809652ACB00343DA20824,ART_LNDV02_1329341E4B1F91710A0C810C,CLASS_D_LARGE_DATA_OBJECT,LANDSCAPE_JSONL_PAYLOAD,urn:sha256:1329341e4b1f91710a0c810c732d3393e217eeaa8b5a5b84ab018a59c67db67d,external+sha256://luad-target-dossier/evidence-landscape-v0.2/ART_LNDV02_SET_756809652ACB00343DA20824/partitions/pa8/landscape_records.jsonl,LOCAL_CONTENT_ADDRESSED_EXTERNAL_STAGING,133,280,29569,16548506,1329341e4b1f91710a0c810c732d3393e217eeaa8b5a5b84ab018a59c67db67d,EVIDENCE_LANDSCAPE_SCHEMA_V0.2.1,MULTI_COMPONENT_EVIDENCE_LANDSCAPE_V0.2,MULTI_COMPONENT_EVIDENCE_LANDSCAPE_GENERATOR_V0.1,PASS
pa9,ENSEMBL_SHA256_PREFIX_2_V0.1,ART_LNDV02_SET_756809652ACB00343DA20824,ART_LNDV02_B1E92AFBFF3036E095335534,CLASS_D_LARGE_DATA_OBJECT,LANDSCAPE_JSONL_PAYLOAD,urn:sha256:b1e92afbff3036e0953355345c9ebcdfea068bb51e2254cede258c5556f59677,external+sha256://luad-target-dossier/evidence-landscape-v0.2/ART_LNDV02_SET_756809652ACB00343DA20824/partitions/pa9/landscape_records.jsonl,LOCAL_CONTENT_ADDRESSED_EXTERNAL_STAGING,113,182,29515,11018489,b1e92afbff3036e0953355345c9ebcdfea068bb51e2254cede258c5556f59677,EVIDENCE_LANDSCAPE_SCHEMA_V0.2.1,MULTI_COMPONENT_EVIDENCE_LANDSCAPE_V0.2,MULTI_COMPONENT_EVIDENCE_LANDSCAPE_GENERATOR_V0.1,PASS
paa,ENSEMBL_SHA256_PREFIX_2_V0.1,ART_LNDV02_SET_756809652ACB00343DA20824,ART_LNDV02_F7952506ECD0B44FDEF85075,CLASS_D_LARGE_DATA_OBJECT,LANDSCAPE_JSONL_PAYLOAD,urn:sha256:f7952506ecd0b44fdef85075964f42899c648a3eaf84c1b553a37a03c9344d71,external+sha256://luad-target-dossier/evidence-landscape-v0.2/ART_LNDV02_SET_756809652ACB00343DA20824/partitions/paa/landscape_records.jsonl,LOCAL_CONTENT_ADDRESSED_EXTERNAL_STAGING,100,12,28781,8168689,f7952506ecd0b44fdef85075964f42899c648a3eaf84c1b553a37a03c9344d71,EVIDENCE_LANDSCAPE_SCHEMA_V0.2.1,MULTI_COMPONENT_EVIDENCE_LANDSCAPE_V0.2,MULTI_COMPONENT_EVIDENCE_LANDSCAPE_GENERATOR_V0.1,PASS
pab,ENSEMBL_SHA256_PREFIX_2_V0.1,ART_LNDV02_SET_756809652ACB00343DA20824,ART_LNDV02_3923339F4DF52F0DF5927E47,CLASS_D_LARGE_DATA_OBJECT,LANDSCAPE_JSONL_PAYLOAD,urn:sha256:3923339f4df52f0df5927e47d5f78a7973c6a544a067e3df405ec19671094f26,external+sha256://luad-target-dossier/evidence-landscape-v0.2/ART_LNDV02_SET_756809652ACB00343DA20824/partitions/pab/landscape_records.jsonl,LOCAL_CONTENT_ADDRESSED_EXTERNAL_STAGING,132,945,29444,13920311,3923339f4df52f0df5927e47d5f78a7973c6a544a067e3df405ec19671094f26,EVIDENCE_LANDSCAPE_SCHEMA_V0.2.1,MULTI_COMPONENT_EVIDENCE_LANDSCAPE_V0.2,MULTI_COMPONENT_EVIDENCE_LANDSCAPE_GENERATOR_V0.1,PASS
pac,ENSEMBL_SHA256_PREFIX_2_V0.1,ART_LNDV02_SET_756809652ACB00343DA20824,ART_LNDV02_32DAC052E81C09E8A27B1A38,CLASS_D_LARGE_DATA_OBJECT,LANDSCAPE_JSONL_PAYLOAD,urn:sha256:32dac052e81c09e8a27b1a380d2e779d7a7c6e759e60f5405ace5a2624ad6897,external+sha256://luad-target-dossier/evidence-landscape-v0.2/ART_LNDV02_SET_756809652ACB00343DA20824/partitions/pac/landscape_records.jsonl,LOCAL_CONTENT_ADDRESSED_EXTERNAL_STAGING,124,73,29490,11923855,32dac052e81c09e8a27b1a380d2e779d7a7c6e759e60f5405ace5a2624ad6897,EVIDENCE_LANDSCAPE_SCHEMA_V0.2.1,MULTI_COMPONENT_EVIDENCE_LANDSCAPE_V0.2,MULTI_COMPONENT_EVIDENCE_LANDSCAPE_GENERATOR_V0.1,PASS
pad,ENSEMBL_SHA256_PREFIX_2_V0.1,ART_LNDV02_SET_756809652ACB00343DA20824,ART_LNDV02_96C61F387D0DE441D032C116,CLASS_D_LARGE_DATA_OBJECT,LANDSCAPE_JSONL_PAYLOAD,urn:sha256:96c61f387d0de441d032c116a9a48141b9846f6f6df8b407f4d2f91b4fdd27c6,external+sha256://luad-target-dossier/evidence-landscape-v0.2/ART_LNDV02_SET_756809652ACB00343DA20824/partitions/pad/landscape_records.jsonl,LOCAL_CONTENT_ADDRESSED_EXTERNAL_STAGING,102,212,29436,9947991,96c61f387d0de441d032c116a9a48141b9846f6f6df8b407f4d2f91b4fdd27c6,EVIDENCE_LANDSCAPE_SCHEMA_V0.2.1,MULTI_COMPONENT_EVIDENCE_LANDSCAPE_V0.2,MULTI_COMPONENT_EVIDENCE_LANDSCAPE_GENERATOR_V0.1,PASS
pae,ENSEMBL_SHA256_PREFIX_2_V0.1,ART_LNDV02_SET_756809652ACB00343DA20824,ART_LNDV02_B8677A7914A5434E1DA88CD2,CLASS_D_LARGE_DATA_OBJECT,LANDSCAPE_JSONL_PAYLOAD,urn:sha256:b8677a7914a5434e1da88cd2d09fd70cb26f4224de1cd0e28fed4f68f2bc0211,external+sha256://luad-target-dossier/evidence-landscape-v0.2/ART_LNDV02_SET_756809652ACB00343DA20824/partitions/pae/landscape_records.jsonl,LOCAL_CONTENT_ADDRESSED_EXTERNAL_STAGING,128,561,29443,12750091,b8677a7914a5434e1da88cd2d09fd70cb26f4224de1cd0e28fed4f68f2bc0211,EVIDENCE_LANDSCAPE_SCHEMA_V0.2.1,MULTI_COMPONENT_EVIDENCE_LANDSCAPE_V0.2,MULTI_COMPONENT_EVIDENCE_LANDSCAPE_GENERATOR_V0.1,PASS
paf,ENSEMBL_SHA256_PREFIX_2_V0.1,ART_LNDV02_SET_756809652ACB00343DA20824,ART_LNDV02_49FE291B7EF01A7DB5EC4C4A,CLASS_D_LARGE_DATA_OBJECT,LANDSCAPE_JSONL_PAYLOAD,urn:sha256:49fe291b7ef01a7db5ec4c4ac9f319d31b488a3f3125035fe47d8a85063a0f5a,external+sha256://luad-target-dossier/evidence-landscape-v0.2/ART_LNDV02_SET_756809652ACB00343DA20824/partitions/paf/landscape_records.jsonl,LOCAL_CONTENT_ADDRESSED_EXTERNAL_STAGING,111,55,29338,14546834,49fe291b7ef01a7db5ec4c4ac9f319d31b488a3f3125035fe47d8a85063a0f5a,EVIDENCE_LANDSCAPE_SCHEMA_V0.2.1,MULTI_COMPONENT_EVIDENCE_LANDSCAPE_V0.2,MULTI_COMPONENT_EVIDENCE_LANDSCAPE_GENERATOR_V0.1,PASS
pb0,ENSEMBL_SHA256_PREFIX_2_V0.1,ART_LNDV02_SET_756809652ACB00343DA20824,ART_LNDV02_4BD4579E1FD42A4FB7FEBF02,CLASS_D_LARGE_DATA_OBJECT,LANDSCAPE_JSONL_PAYLOAD,urn:sha256:4bd4579e1fd42a4fb7febf024e6d47f2374b11ee3afd9070614cb3cfd2b61000,external+sha256://luad-target-dossier/evidence-landscape-v0.2/ART_LNDV02_SET_756809652ACB00343DA20824/partitions/pb0/landscape_records.jsonl,LOCAL_CONTENT_ADDRESSED_EXTERNAL_STAGING,134,393,29353,12754146,4bd4579e1fd42a4fb7febf024e6d47f2374b11ee3afd9070614cb3cfd2b61000,EVIDENCE_LANDSCAPE_SCHEMA_V0.2.1,MULTI_COMPONENT_EVIDENCE_LANDSCAPE_V0.2,MULTI_COMPONENT_EVIDENCE_LANDSCAPE_GENERATOR_V0.1,PASS
pb1,ENSEMBL_SHA256_PREFIX_2_V0.1,ART_LNDV02_SET_756809652ACB00343DA20824,ART_LNDV02_280B1DFA97593A0FC3029BB6,CLASS_D_LARGE_DATA_OBJECT,LANDSCAPE_JSONL_PAYLOAD,urn:sha256:280b1dfa97593a0fc3029bb60f3919e71ac919d3b54f026894eda23505ad40a5,external+sha256://luad-target-dossier/evidence-landscape-v0.2/ART_LNDV02_SET_756809652ACB00343DA20824/partitions/pb1/landscape_records.jsonl,LOCAL_CONTENT_ADDRESSED_EXTERNAL_STAGING,125,77,29595,24658975,280b1dfa97593a0fc3029bb60f3919e71ac919d3b54f026894eda23505ad40a5,EVIDENCE_LANDSCAPE_SCHEMA_V0.2.1,MULTI_COMPONENT_EVIDENCE_LANDSCAPE_V0.2,MULTI_COMPONENT_EVIDENCE_LANDSCAPE_GENERATOR_V0.1,PASS
pb2,ENSEMBL_SHA256_PREFIX_2_V0.1,ART_LNDV02_SET_756809652ACB00343DA20824,ART_LNDV02_52285976FD877619440CB6EB,CLASS_D_LARGE_DATA_OBJECT,LANDSCAPE_JSONL_PAYLOAD,urn:sha256:52285976fd877619440cb6ebecd90a7468980f24ef58905229d71676d2324645,external+sha256://luad-target-dossier/evidence-landscape-v0.2/ART_LNDV02_SET_756809652ACB00343DA20824/partitions/pb2/landscape_records.jsonl,LOCAL_CONTENT_ADDRESSED_EXTERNAL_STAGING,140,13,29512,12943372,52285976fd877619440cb6ebecd90a7468980f24ef58905229d71676d2324645,EVIDENCE_LANDSCAPE_SCHEMA_V0.2.1,MULTI_COMPONENT_EVIDENCE_LANDSCAPE_V0.2,MULTI_COMPONENT_EVIDENCE_LANDSCAPE_GENERATOR_V0.1,PASS
pb3,ENSEMBL_SHA256_PREFIX_2_V0.1,ART_LNDV02_SET_756809652ACB00343DA20824,ART_LNDV02_3F5372F48B0161CEDE14D138,CLASS_D_LARGE_DATA_OBJECT,LANDSCAPE_JSONL_PAYLOAD,urn:sha256:3f5372f48b0161cede14d138a0dbaabdf2ffa7c53d7a2f65c7aabbfb925cf03f,external+sha256://luad-target-dossier/evidence-landscape-v0.2/ART_LNDV02_SET_756809652ACB00343DA20824/partitions/pb3/landscape_records.jsonl,LOCAL_CONTENT_ADDRESSED_EXTERNAL_STAGING,119,127,29378,11347620,3f5372f48b0161cede14d138a0dbaabdf2ffa7c53d7a2f65c7aabbfb925cf03f,EVIDENCE_LANDSCAPE_SCHEMA_V0.2.1,MULTI_COMPONENT_EVIDENCE_LANDSCAPE_V0.2,MULTI_COMPONENT_EVIDENCE_LANDSCAPE_GENERATOR_V0.1,PASS
pb4,ENSEMBL_SHA256_PREFIX_2_V0.1,ART_LNDV02_SET_756809652ACB00343DA20824,ART_LNDV02_7DFAB38FD46FC00AFC210A51,CLASS_D_LARGE_DATA_OBJECT,LANDSCAPE_JSONL_PAYLOAD,urn:sha256:7dfab38fd46fc00afc210a512807483b8e9f69fc1aeea0b14e22d020053ebbd0,external+sha256://luad-target-dossier/evidence-landscape-v0.2/ART_LNDV02_SET_756809652ACB00343DA20824/partitions/pb4/landscape_records.jsonl,LOCAL_CONTENT_ADDRESSED_EXTERNAL_STAGING,104,137,29371,12054832,7dfab38fd46fc00afc210a512807483b8e9f69fc1aeea0b14e22d020053ebbd0,EVIDENCE_LANDSCAPE_SCHEMA_V0.2.1,MULTI_COMPONENT_EVIDENCE_LANDSCAPE_V0.2,MULTI_COMPONENT_EVIDENCE_LANDSCAPE_GENERATOR_V0.1,PASS
pb5,ENSEMBL_SHA256_PREFIX_2_V0.1,ART_LNDV02_SET_756809652ACB00343DA20824,ART_LNDV02_734408FAE567DC48849ED4EA,CLASS_D_LARGE_DATA_OBJECT,LANDSCAPE_JSONL_PAYLOAD,urn:sha256:734408fae567dc48849ed4eab424f396e4623e477b9c196cd6d5becac0d16044,external+sha256://luad-target-dossier/evidence-landscape-v0.2/ART_LNDV02_SET_756809652ACB00343DA20824/partitions/pb5/landscape_records.jsonl,LOCAL_CONTENT_ADDRESSED_EXTERNAL_STAGING,103,61,29581,10364800,734408fae567dc48849ed4eab424f396e4623e477b9c196cd6d5becac0d16044,EVIDENCE_LANDSCAPE_SCHEMA_V0.2.1,MULTI_COMPONENT_EVIDENCE_LANDSCAPE_V0.2,MULTI_COMPONENT_EVIDENCE_LANDSCAPE_GENERATOR_V0.1,PASS
pb6,ENSEMBL_SHA256_PREFIX_2_V0.1,ART_LNDV02_SET_756809652ACB00343DA20824,ART_LNDV02_1977FF5A317BA3573A258A23,CLASS_D_LARGE_DATA_OBJECT,LANDSCAPE_JSONL_PAYLOAD,urn:sha256:1977ff5a317ba3573a258a2391062048429a20f30820620cae1cf5a56bde2f99,external+sha256://luad-target-dossier/evidence-landscape-v0.2/ART_LNDV02_SET_756809652ACB00343DA20824/partitions/pb6/landscape_records.jsonl,LOCAL_CONTENT_ADDRESSED_EXTERNAL_STAGING,129,332,29586,13391581,1977ff5a317ba3573a258a2391062048429a20f30820620cae1cf5a56bde2f99,EVIDENCE_LANDSCAPE_SCHEMA_V0.2.1,MULTI_COMPONENT_EVIDENCE_LANDSCAPE_V0.2,MULTI_COMPONENT_EVIDENCE_LANDSCAPE_GENERATOR_V0.1,PASS
pb7,ENSEMBL_SHA256_PREFIX_2_V0.1,ART_LNDV02_SET_756809652ACB00343DA20824,ART_LNDV02_C445E8D41DB2D60D21FD8FAC,CLASS_D_LARGE_DATA_OBJECT,LANDSCAPE_JSONL_PAYLOAD,urn:sha256:c445e8d41db2d60d21fd8facd4cfaed649486bc11df5b84664e78cc3d4c0387f,external+sha256://luad-target-dossier/evidence-landscape-v0.2/ART_LNDV02_SET_756809652ACB00343DA20824/partitions/pb7/landscape_records.jsonl,LOCAL_CONTENT_ADDRESSED_EXTERNAL_STAGING,122,720,29468,13738023,c445e8d41db2d60d21fd8facd4cfaed649486bc11df5b84664e78cc3d4c0387f,EVIDENCE_LANDSCAPE_SCHEMA_V0.2.1,MULTI_COMPONENT_EVIDENCE_LANDSCAPE_V0.2,MULTI_COMPONENT_EVIDENCE_LANDSCAPE_GENERATOR_V0.1,PASS
pb8,ENSEMBL_SHA256_PREFIX_2_V0.1,ART_LNDV02_SET_756809652ACB00343DA20824,ART_LNDV02_B5E20624D8291E7775FA3A57,CLASS_D_LARGE_DATA_OBJECT,LANDSCAPE_JSONL_PAYLOAD,urn:sha256:b5e20624d8291e7775fa3a578bcda7fd5b0cdf615aaf8ca10815044f1d32353b,external+sha256://luad-target-dossier/evidence-landscape-v0.2/ART_LNDV02_SET_756809652ACB00343DA20824/partitions/pb8/landscape_records.jsonl,LOCAL_CONTENT_ADDRESSED_EXTERNAL_STAGING,128,105,29345,12502932,b5e20624d8291e7775fa3a578bcda7fd5b0cdf615aaf8ca10815044f1d32353b,EVIDENCE_LANDSCAPE_SCHEMA_V0.2.1,MULTI_COMPONENT_EVIDENCE_LANDSCAPE_V0.2,MULTI_COMPONENT_EVIDENCE_LANDSCAPE_GENERATOR_V0.1,PASS
pb9,ENSEMBL_SHA256_PREFIX_2_V0.1,ART_LNDV02_SET_756809652ACB00343DA20824,ART_LNDV02_A72CBBF6CF89E2FFB28B13E5,CLASS_D_LARGE_DATA_OBJECT,LANDSCAPE_JSONL_PAYLOAD,urn:sha256:a72cbbf6cf89e2ffb28b13e5f3d3060d5c054136ba2a3de76bf16069b3cf9432,external+sha256://luad-target-dossier/evidence-landscape-v0.2/ART_LNDV02_SET_756809652ACB00343DA20824/partitions/pb9/landscape_records.jsonl,LOCAL_CONTENT_ADDRESSED_EXTERNAL_STAGING,113,318,29525,14082550,a72cbbf6cf89e2ffb28b13e5f3d3060d5c054136ba2a3de76bf16069b3cf9432,EVIDENCE_LANDSCAPE_SCHEMA_V0.2.1,MULTI_COMPONENT_EVIDENCE_LANDSCAPE_V0.2,MULTI_COMPONENT_EVIDENCE_LANDSCAPE_GENERATOR_V0.1,PASS
pba,ENSEMBL_SHA256_PREFIX_2_V0.1,ART_LNDV02_SET_756809652ACB00343DA20824,ART_LNDV02_578D5FAEC43C49EFCF0D800F,CLASS_D_LARGE_DATA_OBJECT,LANDSCAPE_JSONL_PAYLOAD,urn:sha256:578d5faec43c49efcf0d800f67e736edcd2751bd00da6b337e49de1a31b25895,external+sha256://luad-target-dossier/evidence-landscape-v0.2/ART_LNDV02_SET_756809652ACB00343DA20824/partitions/pba/landscape_records.jsonl,LOCAL_CONTENT_ADDRESSED_EXTERNAL_STAGING,133,188,29278,13359562,578d5faec43c49efcf0d800f67e736edcd2751bd00da6b337e49de1a31b25895,EVIDENCE_LANDSCAPE_SCHEMA_V0.2.1,MULTI_COMPONENT_EVIDENCE_LANDSCAPE_V0.2,MULTI_COMPONENT_EVIDENCE_LANDSCAPE_GENERATOR_V0.1,PASS
pbb,ENSEMBL_SHA256_PREFIX_2_V0.1,ART_LNDV02_SET_756809652ACB00343DA20824,ART_LNDV02_060518C2AB89E19A5A67DC28,CLASS_D_LARGE_DATA_OBJECT,LANDSCAPE_JSONL_PAYLOAD,urn:sha256:060518c2ab89e19a5a67dc28e552c97df3824a5c8890874b30d3b958a5ac0bd3,external+sha256://luad-target-dossier/evidence-landscape-v0.2/ART_LNDV02_SET_756809652ACB00343DA20824/partitions/pbb/landscape_records.jsonl,LOCAL_CONTENT_ADDRESSED_EXTERNAL_STAGING,110,350,29558,11455451,060518c2ab89e19a5a67dc28e552c97df3824a5c8890874b30d3b958a5ac0bd3,EVIDENCE_LANDSCAPE_SCHEMA_V0.2.1,MULTI_COMPONENT_EVIDENCE_LANDSCAPE_V0.2,MULTI_COMPONENT_EVIDENCE_LANDSCAPE_GENERATOR_V0.1,PASS
pbc,ENSEMBL_SHA256_PREFIX_2_V0.1,ART_LNDV02_SET_756809652ACB00343DA20824,ART_LNDV02_1779FDFBD7B7510BAB279B07,CLASS_D_LARGE_DATA_OBJECT,LANDSCAPE_JSONL_PAYLOAD,urn:sha256:1779fdfbd7b7510bab279b07d9ac2c68e6e8b2c559cef5b6d06f13321162a18b,external+sha256://luad-target-dossier/evidence-landscape-v0.2/ART_LNDV02_SET_756809652ACB00343DA20824/partitions/pbc/landscape_records.jsonl,LOCAL_CONTENT_ADDRESSED_EXTERNAL_STAGING,122,303,28991,14765391,1779fdfbd7b7510bab279b07d9ac2c68e6e8b2c559cef5b6d06f13321162a18b,EVIDENCE_LANDSCAPE_SCHEMA_V0.2.1,MULTI_COMPONENT_EVIDENCE_LANDSCAPE_V0.2,MULTI_COMPONENT_EVIDENCE_LANDSCAPE_GENERATOR_V0.1,PASS
pbd,ENSEMBL_SHA256_PREFIX_2_V0.1,ART_LNDV02_SET_756809652ACB00343DA20824,ART_LNDV02_47F0F7F045C358968B33DEF4,CLASS_D_LARGE_DATA_OBJECT,LANDSCAPE_JSONL_PAYLOAD,urn:sha256:47f0f7f045c358968b33def4c930a5a2c1fbabfbf0f93006cd58697d452a55f7,external+sha256://luad-target-dossier/evidence-landscape-v0.2/ART_LNDV02_SET_756809652ACB00343DA20824/partitions/pbd/landscape_records.jsonl,LOCAL_CONTENT_ADDRESSED_EXTERNAL_STAGING,114,50,29205,10203601,47f0f7f045c358968b33def4c930a5a2c1fbabfbf0f93006cd58697d452a55f7,EVIDENCE_LANDSCAPE_SCHEMA_V0.2.1,MULTI_COMPONENT_EVIDENCE_LANDSCAPE_V0.2,MULTI_COMPONENT_EVIDENCE_LANDSCAPE_GENERATOR_V0.1,PASS
pbe,ENSEMBL_SHA256_PREFIX_2_V0.1,ART_LNDV02_SET_756809652ACB00343DA20824,ART_LNDV02_DB8F7DB09617A9EA0A48FED4,CLASS_D_LARGE_DATA_OBJECT,LANDSCAPE_JSONL_PAYLOAD,urn:sha256:db8f7db09617a9ea0a48fed47bd9a0958b943d273d7480d8b670d94d55d4c450,external+sha256://luad-target-dossier/evidence-landscape-v0.2/ART_LNDV02_SET_756809652ACB00343DA20824/partitions/pbe/landscape_records.jsonl,LOCAL_CONTENT_ADDRESSED_EXTERNAL_STAGING,113,645,29522,16779426,db8f7db09617a9ea0a48fed47bd9a0958b943d273d7480d8b670d94d55d4c450,EVIDENCE_LANDSCAPE_SCHEMA_V0.2.1,MULTI_COMPONENT_EVIDENCE_LANDSCAPE_V0.2,MULTI_COMPONENT_EVIDENCE_LANDSCAPE_GENERATOR_V0.1,PASS
pbf,ENSEMBL_SHA256_PREFIX_2_V0.1,ART_LNDV02_SET_756809652ACB00343DA20824,ART_LNDV02_EB0121D6AFADAC00FFEDD40C,CLASS_D_LARGE_DATA_OBJECT,LANDSCAPE_JSONL_PAYLOAD,urn:sha256:eb0121d6afadac00ffedd40c81ad45833ed9c12a1ef9fd26d3b31079d24ac395,external+sha256://luad-target-dossier/evidence-landscape-v0.2/ART_LNDV02_SET_756809652ACB00343DA20824/partitions/pbf/landscape_records.jsonl,LOCAL_CONTENT_ADDRESSED_EXTERNAL_STAGING,126,9,28692,16344600,eb0121d6afadac00ffedd40c81ad45833ed9c12a1ef9fd26d3b31079d24ac395,EVIDENCE_LANDSCAPE_SCHEMA_V0.2.1,MULTI_COMPONENT_EVIDENCE_LANDSCAPE_V0.2,MULTI_COMPONENT_EVIDENCE_LANDSCAPE_GENERATOR_V0.1,PASS
pc0,ENSEMBL_SHA256_PREFIX_2_V0.1,ART_LNDV02_SET_756809652ACB00343DA20824,ART_LNDV02_9B4E99E3BCC9E2A023A01343,CLASS_D_LARGE_DATA_OBJECT,LANDSCAPE_JSONL_PAYLOAD,urn:sha256:9b4e99e3bcc9e2a023a0134342a90c54a97e30ebe70f9f75d38664d58f95bf70,external+sha256://luad-target-dossier/evidence-landscape-v0.2/ART_LNDV02_SET_756809652ACB00343DA20824/partitions/pc0/landscape_records.jsonl,LOCAL_CONTENT_ADDRESSED_EXTERNAL_STAGING,110,577,29379,11374855,9b4e99e3bcc9e2a023a0134342a90c54a97e30ebe70f9f75d38664d58f95bf70,EVIDENCE_LANDSCAPE_SCHEMA_V0.2.1,MULTI_COMPONENT_EVIDENCE_LANDSCAPE_V0.2,MULTI_COMPONENT_EVIDENCE_LANDSCAPE_GENERATOR_V0.1,PASS
pc1,ENSEMBL_SHA256_PREFIX_2_V0.1,ART_LNDV02_SET_756809652ACB00343DA20824,ART_LNDV02_C9C0BDBEFE16420F8C551941,CLASS_D_LARGE_DATA_OBJECT,LANDSCAPE_JSONL_PAYLOAD,urn:sha256:c9c0bdbefe16420f8c551941e1155c5e7571182e1d0c200fdc1ca2a292c748da,external+sha256://luad-target-dossier/evidence-landscape-v0.2/ART_LNDV02_SET_756809652ACB00343DA20824/partitions/pc1/landscape_records.jsonl,LOCAL_CONTENT_ADDRESSED_EXTERNAL_STAGING,106,148,29585,12101029,c9c0bdbefe16420f8c551941e1155c5e7571182e1d0c200fdc1ca2a292c748da,EVIDENCE_LANDSCAPE_SCHEMA_V0.2.1,MULTI_COMPONENT_EVIDENCE_LANDSCAPE_V0.2,MULTI_COMPONENT_EVIDENCE_LANDSCAPE_GENERATOR_V0.1,PASS
pc2,ENSEMBL_SHA256_PREFIX_2_V0.1,ART_LNDV02_SET_756809652ACB00343DA20824,ART_LNDV02_28E4BBFEA2822B6B42F5C66E,CLASS_D_LARGE_DATA_OBJECT,LANDSCAPE_JSONL_PAYLOAD,urn:sha256:28e4bbfea2822b6b42f5c66efb6c416b717d5d282ae3953c9f21326b3f925713,external+sha256://luad-target-dossier/evidence-landscape-v0.2/ART_LNDV02_SET_756809652ACB00343DA20824/partitions/pc2/landscape_records.jsonl,LOCAL_CONTENT_ADDRESSED_EXTERNAL_STAGING,120,125,29573,13780277,28e4bbfea2822b6b42f5c66efb6c416b717d5d282ae3953c9f21326b3f925713,EVIDENCE_LANDSCAPE_SCHEMA_V0.2.1,MULTI_COMPONENT_EVIDENCE_LANDSCAPE_V0.2,MULTI_COMPONENT_EVIDENCE_LANDSCAPE_GENERATOR_V0.1,PASS
pc3,ENSEMBL_SHA256_PREFIX_2_V0.1,ART_LNDV02_SET_756809652ACB00343DA20824,ART_LNDV02_63DE1EF7FFEB7E8DFD2AAAD0,CLASS_D_LARGE_DATA_OBJECT,LANDSCAPE_JSONL_PAYLOAD,urn:sha256:63de1ef7ffeb7e8dfd2aaad08a8adccc8302a9dbb49bd0ba113dfed1719ff608,external+sha256://luad-target-dossier/evidence-landscape-v0.2/ART_LNDV02_SET_756809652ACB00343DA20824/partitions/pc3/landscape_records.jsonl,LOCAL_CONTENT_ADDRESSED_EXTERNAL_STAGING,110,132,29600,9239119,63de1ef7ffeb7e8dfd2aaad08a8adccc8302a9dbb49bd0ba113dfed1719ff608,EVIDENCE_LANDSCAPE_SCHEMA_V0.2.1,MULTI_COMPONENT_EVIDENCE_LANDSCAPE_V0.2,MULTI_COMPONENT_EVIDENCE_LANDSCAPE_GENERATOR_V0.1,PASS
pc4,ENSEMBL_SHA256_PREFIX_2_V0.1,ART_LNDV02_SET_756809652ACB00343DA20824,ART_LNDV02_B36426A7FB2F3387B25CC7FF,CLASS_D_LARGE_DATA_OBJECT,LANDSCAPE_JSONL_PAYLOAD,urn:sha256:b36426a7fb2f3387b25cc7ffcd7646b4050a357b0e56a2ed29b0d4ab588115ef,external+sha256://luad-target-dossier/evidence-landscape-v0.2/ART_LNDV02_SET_756809652ACB00343DA20824/partitions/pc4/landscape_records.jsonl,LOCAL_CONTENT_ADDRESSED_EXTERNAL_STAGING,97,704,29547,17363715,b36426a7fb2f3387b25cc7ffcd7646b4050a357b0e56a2ed29b0d4ab588115ef,EVIDENCE_LANDSCAPE_SCHEMA_V0.2.1,MULTI_COMPONENT_EVIDENCE_LANDSCAPE_V0.2,MULTI_COMPONENT_EVIDENCE_LANDSCAPE_GENERATOR_V0.1,PASS
pc5,ENSEMBL_SHA256_PREFIX_2_V0.1,ART_LNDV02_SET_756809652ACB00343DA20824,ART_LNDV02_5E1B97A095E283A0C2AA6634,CLASS_D_LARGE_DATA_OBJECT,LANDSCAPE_JSONL_PAYLOAD,urn:sha256:5e1b97a095e283a0c2aa6634c4ebea912c225269bd8a6d89435c72642cc1b898,external+sha256://luad-target-dossier/evidence-landscape-v0.2/ART_LNDV02_SET_756809652ACB00343DA20824/partitions/pc5/landscape_records.jsonl,LOCAL_CONTENT_ADDRESSED_EXTERNAL_STAGING,114,213,29605,10737886,5e1b97a095e283a0c2aa6634c4ebea912c225269bd8a6d89435c72642cc1b898,EVIDENCE_LANDSCAPE_SCHEMA_V0.2.1,MULTI_COMPONENT_EVIDENCE_LANDSCAPE_V0.2,MULTI_COMPONENT_EVIDENCE_LANDSCAPE_GENERATOR_V0.1,PASS
pc6,ENSEMBL_SHA256_PREFIX_2_V0.1,ART_LNDV02_SET_756809652ACB00343DA20824,ART_LNDV02_2696FE595BAB99EE7AA0444F,CLASS_D_LARGE_DATA_OBJECT,LANDSCAPE_JSONL_PAYLOAD,urn:sha256:2696fe595bab99ee7aa0444f42d5ba8341e6cadc1f4649d327bf53a9420b0d11,external+sha256://luad-target-dossier/evidence-landscape-v0.2/ART_LNDV02_SET_756809652ACB00343DA20824/partitions/pc6/landscape_records.jsonl,LOCAL_CONTENT_ADDRESSED_EXTERNAL_STAGING,128,207,29518,11371895,2696fe595bab99ee7aa0444f42d5ba8341e6cadc1f4649d327bf53a9420b0d11,EVIDENCE_LANDSCAPE_SCHEMA_V0.2.1,MULTI_COMPONENT_EVIDENCE_LANDSCAPE_V0.2,MULTI_COMPONENT_EVIDENCE_LANDSCAPE_GENERATOR_V0.1,PASS
pc7,ENSEMBL_SHA256_PREFIX_2_V0.1,ART_LNDV02_SET_756809652ACB00343DA20824,ART_LNDV02_8E0EAC435DC3615854167950,CLASS_D_LARGE_DATA_OBJECT,LANDSCAPE_JSONL_PAYLOAD,urn:sha256:8e0eac435dc361585416795027b75527420f14efd9a563bd07c8ab2e2b174d06,external+sha256://luad-target-dossier/evidence-landscape-v0.2/ART_LNDV02_SET_756809652ACB00343DA20824/partitions/pc7/landscape_records.jsonl,LOCAL_CONTENT_ADDRESSED_EXTERNAL_STAGING,124,782,29336,10734357,8e0eac435dc361585416795027b75527420f14efd9a563bd07c8ab2e2b174d06,EVIDENCE_LANDSCAPE_SCHEMA_V0.2.1,MULTI_COMPONENT_EVIDENCE_LANDSCAPE_V0.2,MULTI_COMPONENT_EVIDENCE_LANDSCAPE_GENERATOR_V0.1,PASS
pc8,ENSEMBL_SHA256_PREFIX_2_V0.1,ART_LNDV02_SET_756809652ACB00343DA20824,ART_LNDV02_952F9CD2644F5A6BA3D68E56,CLASS_D_LARGE_DATA_OBJECT,LANDSCAPE_JSONL_PAYLOAD,urn:sha256:952f9cd2644f5a6ba3d68e56a21c5ada682bb36721f17e18c8f619b76cb095ce,external+sha256://luad-target-dossier/evidence-landscape-v0.2/ART_LNDV02_SET_756809652ACB00343DA20824/partitions/pc8/landscape_records.jsonl,LOCAL_CONTENT_ADDRESSED_EXTERNAL_STAGING,121,6,29529,16685711,952f9cd2644f5a6ba3d68e56a21c5ada682bb36721f17e18c8f619b76cb095ce,EVIDENCE_LANDSCAPE_SCHEMA_V0.2.1,MULTI_COMPONENT_EVIDENCE_LANDSCAPE_V0.2,MULTI_COMPONENT_EVIDENCE_LANDSCAPE_GENERATOR_V0.1,PASS
pc9,ENSEMBL_SHA256_PREFIX_2_V0.1,ART_LNDV02_SET_756809652ACB00343DA20824,ART_LNDV02_9A22BE8679E3A5960577ECB3,CLASS_D_LARGE_DATA_OBJECT,LANDSCAPE_JSONL_PAYLOAD,urn:sha256:9a22be8679e3a5960577ecb315a714bd98dcb0d40f12e09faf57dee838bcf221,external+sha256://luad-target-dossier/evidence-landscape-v0.2/ART_LNDV02_SET_756809652ACB00343DA20824/partitions/pc9/landscape_records.jsonl,LOCAL_CONTENT_ADDRESSED_EXTERNAL_STAGING,102,317,29472,10208200,9a22be8679e3a5960577ecb315a714bd98dcb0d40f12e09faf57dee838bcf221,EVIDENCE_LANDSCAPE_SCHEMA_V0.2.1,MULTI_COMPONENT_EVIDENCE_LANDSCAPE_V0.2,MULTI_COMPONENT_EVIDENCE_LANDSCAPE_GENERATOR_V0.1,PASS
pca,ENSEMBL_SHA256_PREFIX_2_V0.1,ART_LNDV02_SET_756809652ACB00343DA20824,ART_LNDV02_CEABDD77129727092F16BE7E,CLASS_D_LARGE_DATA_OBJECT,LANDSCAPE_JSONL_PAYLOAD,urn:sha256:ceabdd77129727092f16be7e851ba1a1e0972f8b44feb6a2a24ad2230d3fede2,external+sha256://luad-target-dossier/evidence-landscape-v0.2/ART_LNDV02_SET_756809652ACB00343DA20824/partitions/pca/landscape_records.jsonl,LOCAL_CONTENT_ADDRESSED_EXTERNAL_STAGING,98,360,29277,10543022,ceabdd77129727092f16be7e851ba1a1e0972f8b44feb6a2a24ad2230d3fede2,EVIDENCE_LANDSCAPE_SCHEMA_V0.2.1,MULTI_COMPONENT_EVIDENCE_LANDSCAPE_V0.2,MULTI_COMPONENT_EVIDENCE_LANDSCAPE_GENERATOR_V0.1,PASS
pcb,ENSEMBL_SHA256_PREFIX_2_V0.1,ART_LNDV02_SET_756809652ACB00343DA20824,ART_LNDV02_4F4259EFBD20E74EFA0B805F,CLASS_D_LARGE_DATA_OBJECT,LANDSCAPE_JSONL_PAYLOAD,urn:sha256:4f4259efbd20e74efa0b805f1c1d58651449f3feed1e1589e53b3b8622a4af6c,external+sha256://luad-target-dossier/evidence-landscape-v0.2/ART_LNDV02_SET_756809652ACB00343DA20824/partitions/pcb/landscape_records.jsonl,LOCAL_CONTENT_ADDRESSED_EXTERNAL_STAGING,124,215,29146,14678049,4f4259efbd20e74efa0b805f1c1d58651449f3feed1e1589e53b3b8622a4af6c,EVIDENCE_LANDSCAPE_SCHEMA_V0.2.1,MULTI_COMPONENT_EVIDENCE_LANDSCAPE_V0.2,MULTI_COMPONENT_EVIDENCE_LANDSCAPE_GENERATOR_V0.1,PASS
pcc,ENSEMBL_SHA256_PREFIX_2_V0.1,ART_LNDV02_SET_756809652ACB00343DA20824,ART_LNDV02_D95AE0233591F0AFC13CE291,CLASS_D_LARGE_DATA_OBJECT,LANDSCAPE_JSONL_PAYLOAD,urn:sha256:d95ae0233591f0afc13ce291debdd58d06cb3cd91797a9d2cc84fb8d4b0908ed,external+sha256://luad-target-dossier/evidence-landscape-v0.2/ART_LNDV02_SET_756809652ACB00343DA20824/partitions/pcc/landscape_records.jsonl,LOCAL_CONTENT_ADDRESSED_EXTERNAL_STAGING,110,783,29270,15335827,d95ae0233591f0afc13ce291debdd58d06cb3cd91797a9d2cc84fb8d4b0908ed,EVIDENCE_LANDSCAPE_SCHEMA_V0.2.1,MULTI_COMPONENT_EVIDENCE_LANDSCAPE_V0.2,MULTI_COMPONENT_EVIDENCE_LANDSCAPE_GENERATOR_V0.1,PASS
pcd,ENSEMBL_SHA256_PREFIX_2_V0.1,ART_LNDV02_SET_756809652ACB00343DA20824,ART_LNDV02_8613ECD76DF018C894FC334E,CLASS_D_LARGE_DATA_OBJECT,LANDSCAPE_JSONL_PAYLOAD,urn:sha256:8613ecd76df018c894fc334eb3df07f33db2d231febf80dcefeb91c94ca6039d,external+sha256://luad-target-dossier/evidence-landscape-v0.2/ART_LNDV02_SET_756809652ACB00343DA20824/partitions/pcd/landscape_records.jsonl,LOCAL_CONTENT_ADDRESSED_EXTERNAL_STAGING,118,422,29501,11498398,8613ecd76df018c894fc334eb3df07f33db2d231febf80dcefeb91c94ca6039d,EVIDENCE_LANDSCAPE_SCHEMA_V0.2.1,MULTI_COMPONENT_EVIDENCE_LANDSCAPE_V0.2,MULTI_COMPONENT_EVIDENCE_LANDSCAPE_GENERATOR_V0.1,PASS
pce,ENSEMBL_SHA256_PREFIX_2_V0.1,ART_LNDV02_SET_756809652ACB00343DA20824,ART_LNDV02_2A1E3346BC7D207482CE89F2,CLASS_D_LARGE_DATA_OBJECT,LANDSCAPE_JSONL_PAYLOAD,urn:sha256:2a1e3346bc7d207482ce89f2e75e75c18b2598951bdc37cae2a2ca2d6073324b,external+sha256://luad-target-dossier/evidence-landscape-v0.2/ART_LNDV02_SET_756809652ACB00343DA20824/partitions/pce/landscape_records.jsonl,LOCAL_CONTENT_ADDRESSED_EXTERNAL_STAGING,120,52,29464,11520632,2a1e3346bc7d207482ce89f2e75e75c18b2598951bdc37cae2a2ca2d6073324b,EVIDENCE_LANDSCAPE_SCHEMA_V0.2.1,MULTI_COMPONENT_EVIDENCE_LANDSCAPE_V0.2,MULTI_COMPONENT_EVIDENCE_LANDSCAPE_GENERATOR_V0.1,PASS
pcf,ENSEMBL_SHA256_PREFIX_2_V0.1,ART_LNDV02_SET_756809652ACB00343DA20824,ART_LNDV02_8FC419EFAEE982F4AB162DA2,CLASS_D_LARGE_DATA_OBJECT,LANDSCAPE_JSONL_PAYLOAD,urn:sha256:8fc419efaee982f4ab162da2178fb05e91787e94d2355562eaae4d0ffec4e494,external+sha256://luad-target-dossier/evidence-landscape-v0.2/ART_LNDV02_SET_756809652ACB00343DA20824/partitions/pcf/landscape_records.jsonl,LOCAL_CONTENT_ADDRESSED_EXTERNAL_STAGING,109,216,29453,10138572,8fc419efaee982f4ab162da2178fb05e91787e94d2355562eaae4d0ffec4e494,EVIDENCE_LANDSCAPE_SCHEMA_V0.2.1,MULTI_COMPONENT_EVIDENCE_LANDSCAPE_V0.2,MULTI_COMPONENT_EVIDENCE_LANDSCAPE_GENERATOR_V0.1,PASS
pd0,ENSEMBL_SHA256_PREFIX_2_V0.1,ART_LNDV02_SET_756809652ACB00343DA20824,ART_LNDV02_2E01089BBC9C518075AA1457,CLASS_D_LARGE_DATA_OBJECT,LANDSCAPE_JSONL_PAYLOAD,urn:sha256:2e01089bbc9c518075aa1457c43894c890a100810e3a38def1065830c8665d65,external+sha256://luad-target-dossier/evidence-landscape-v0.2/ART_LNDV02_SET_756809652ACB00343DA20824/partitions/pd0/landscape_records.jsonl,LOCAL_CONTENT_ADDRESSED_EXTERNAL_STAGING,125,745,29376,12735464,2e01089bbc9c518075aa1457c43894c890a100810e3a38def1065830c8665d65,EVIDENCE_LANDSCAPE_SCHEMA_V0.2.1,MULTI_COMPONENT_EVIDENCE_LANDSCAPE_V0.2,MULTI_COMPONENT_EVIDENCE_LANDSCAPE_GENERATOR_V0.1,PASS
pd1,ENSEMBL_SHA256_PREFIX_2_V0.1,ART_LNDV02_SET_756809652ACB00343DA20824,ART_LNDV02_76FE94EA8794C7D0BEB85EB1,CLASS_D_LARGE_DATA_OBJECT,LANDSCAPE_JSONL_PAYLOAD,urn:sha256:76fe94ea8794c7d0beb85eb1646508eab592f9c3c8a49b1e9a3a5b9bb690c3f5,external+sha256://luad-target-dossier/evidence-landscape-v0.2/ART_LNDV02_SET_756809652ACB00343DA20824/partitions/pd1/landscape_records.jsonl,LOCAL_CONTENT_ADDRESSED_EXTERNAL_STAGING,111,316,29312,15264153,76fe94ea8794c7d0beb85eb1646508eab592f9c3c8a49b1e9a3a5b9bb690c3f5,EVIDENCE_LANDSCAPE_SCHEMA_V0.2.1,MULTI_COMPONENT_EVIDENCE_LANDSCAPE_V0.2,MULTI_COMPONENT_EVIDENCE_LANDSCAPE_GENERATOR_V0.1,PASS
pd2,ENSEMBL_SHA256_PREFIX_2_V0.1,ART_LNDV02_SET_756809652ACB00343DA20824,ART_LNDV02_07F4CD7755697E64152081EA,CLASS_D_LARGE_DATA_OBJECT,LANDSCAPE_JSONL_PAYLOAD,urn:sha256:07f4cd7755697e64152081ea6e13cd1e253e0642718b57bd31741bc1f65bf517,external+sha256://luad-target-dossier/evidence-landscape-v0.2/ART_LNDV02_SET_756809652ACB00343DA20824/partitions/pd2/landscape_records.jsonl,LOCAL_CONTENT_ADDRESSED_EXTERNAL_STAGING,121,291,29304,10944126,07f4cd7755697e64152081ea6e13cd1e253e0642718b57bd31741bc1f65bf517,EVIDENCE_LANDSCAPE_SCHEMA_V0.2.1,MULTI_COMPONENT_EVIDENCE_LANDSCAPE_V0.2,MULTI_COMPONENT_EVIDENCE_LANDSCAPE_GENERATOR_V0.1,PASS
pd3,ENSEMBL_SHA256_PREFIX_2_V0.1,ART_LNDV02_SET_756809652ACB00343DA20824,ART_LNDV02_B7DF5E01A08C1242F0F221B8,CLASS_D_LARGE_DATA_OBJECT,LANDSCAPE_JSONL_PAYLOAD,urn:sha256:b7df5e01a08c1242f0f221b84205fbaf3857333e365ce51ffcf15dff2e963b2f,external+sha256://luad-target-dossier/evidence-landscape-v0.2/ART_LNDV02_SET_756809652ACB00343DA20824/partitions/pd3/landscape_records.jsonl,LOCAL_CONTENT_ADDRESSED_EXTERNAL_STAGING,120,11,29488,10924386,b7df5e01a08c1242f0f221b84205fbaf3857333e365ce51ffcf15dff2e963b2f,EVIDENCE_LANDSCAPE_SCHEMA_V0.2.1,MULTI_COMPONENT_EVIDENCE_LANDSCAPE_V0.2,MULTI_COMPONENT_EVIDENCE_LANDSCAPE_GENERATOR_V0.1,PASS
pd4,ENSEMBL_SHA256_PREFIX_2_V0.1,ART_LNDV02_SET_756809652ACB00343DA20824,ART_LNDV02_8EC4E3092DD21DC54158E2AB,CLASS_D_LARGE_DATA_OBJECT,LANDSCAPE_JSONL_PAYLOAD,urn:sha256:8ec4e3092dd21dc54158e2abc87415032b4ed10ce1b1981e8d49b1882916e9e6,external+sha256://luad-target-dossier/evidence-landscape-v0.2/ART_LNDV02_SET_756809652ACB00343DA20824/partitions/pd4/landscape_records.jsonl,LOCAL_CONTENT_ADDRESSED_EXTERNAL_STAGING,108,205,29556,11723255,8ec4e3092dd21dc54158e2abc87415032b4ed10ce1b1981e8d49b1882916e9e6,EVIDENCE_LANDSCAPE_SCHEMA_V0.2.1,MULTI_COMPONENT_EVIDENCE_LANDSCAPE_V0.2,MULTI_COMPONENT_EVIDENCE_LANDSCAPE_GENERATOR_V0.1,PASS
pd5,ENSEMBL_SHA256_PREFIX_2_V0.1,ART_LNDV02_SET_756809652ACB00343DA20824,ART_LNDV02_FAA5760DEBBCF104FC23B96C,CLASS_D_LARGE_DATA_OBJECT,LANDSCAPE_JSONL_PAYLOAD,urn:sha256:faa5760debbcf104fc23b96c02cf6a4d4619a0883d1ba17392aff84e2e26b4ca,external+sha256://luad-target-dossier/evidence-landscape-v0.2/ART_LNDV02_SET_756809652ACB00343DA20824/partitions/pd5/landscape_records.jsonl,LOCAL_CONTENT_ADDRESSED_EXTERNAL_STAGING,100,8,29052,12731309,faa5760debbcf104fc23b96c02cf6a4d4619a0883d1ba17392aff84e2e26b4ca,EVIDENCE_LANDSCAPE_SCHEMA_V0.2.1,MULTI_COMPONENT_EVIDENCE_LANDSCAPE_V0.2,MULTI_COMPONENT_EVIDENCE_LANDSCAPE_GENERATOR_V0.1,PASS
pd6,ENSEMBL_SHA256_PREFIX_2_V0.1,ART_LNDV02_SET_756809652ACB00343DA20824,ART_LNDV02_36F586386FDBD94C187262CA,CLASS_D_LARGE_DATA_OBJECT,LANDSCAPE_JSONL_PAYLOAD,urn:sha256:36f586386fdbd94c187262caec08a704f414f97838a458335dcaef7ffedc7cd1,external+sha256://luad-target-dossier/evidence-landscape-v0.2/ART_LNDV02_SET_756809652ACB00343DA20824/partitions/pd6/landscape_records.jsonl,LOCAL_CONTENT_ADDRESSED_EXTERNAL_STAGING,124,312,29551,11168574,36f586386fdbd94c187262caec08a704f414f97838a458335dcaef7ffedc7cd1,EVIDENCE_LANDSCAPE_SCHEMA_V0.2.1,MULTI_COMPONENT_EVIDENCE_LANDSCAPE_V0.2,MULTI_COMPONENT_EVIDENCE_LANDSCAPE_GENERATOR_V0.1,PASS
pd7,ENSEMBL_SHA256_PREFIX_2_V0.1,ART_LNDV02_SET_756809652ACB00343DA20824,ART_LNDV02_4839F18AB46C967ACBBABFA4,CLASS_D_LARGE_DATA_OBJECT,LANDSCAPE_JSONL_PAYLOAD,urn:sha256:4839f18ab46c967acbbabfa45c98771f20730efb64a8e248b4bdd92b11c84e6b,external+sha256://luad-target-dossier/evidence-landscape-v0.2/ART_LNDV02_SET_756809652ACB00343DA20824/partitions/pd7/landscape_records.jsonl,LOCAL_CONTENT_ADDRESSED_EXTERNAL_STAGING,121,3,28624,11449073,4839f18ab46c967acbbabfa45c98771f20730efb64a8e248b4bdd92b11c84e6b,EVIDENCE_LANDSCAPE_SCHEMA_V0.2.1,MULTI_COMPONENT_EVIDENCE_LANDSCAPE_V0.2,MULTI_COMPONENT_EVIDENCE_LANDSCAPE_GENERATOR_V0.1,PASS
pd8,ENSEMBL_SHA256_PREFIX_2_V0.1,ART_LNDV02_SET_756809652ACB00343DA20824,ART_LNDV02_AF07197CCA556ACA70407078,CLASS_D_LARGE_DATA_OBJECT,LANDSCAPE_JSONL_PAYLOAD,urn:sha256:af07197cca556aca704070780fe2d1df2a88f280bdd854a259d9df507dd9aa70,external+sha256://luad-target-dossier/evidence-landscape-v0.2/ART_LNDV02_SET_756809652ACB00343DA20824/partitions/pd8/landscape_records.jsonl,LOCAL_CONTENT_ADDRESSED_EXTERNAL_STAGING,118,138,29062,11467461,af07197cca556aca704070780fe2d1df2a88f280bdd854a259d9df507dd9aa70,EVIDENCE_LANDSCAPE_SCHEMA_V0.2.1,MULTI_COMPONENT_EVIDENCE_LANDSCAPE_V0.2,MULTI_COMPONENT_EVIDENCE_LANDSCAPE_GENERATOR_V0.1,PASS
pd9,ENSEMBL_SHA256_PREFIX_2_V0.1,ART_LNDV02_SET_756809652ACB00343DA20824,ART_LNDV02_5C5541AA063BBCF6C6BD740D,CLASS_D_LARGE_DATA_OBJECT,LANDSCAPE_JSONL_PAYLOAD,urn:sha256:5c5541aa063bbcf6c6bd740d9df4c66ae8c3496b91b39504a339112fa7871cee,external+sha256://luad-target-dossier/evidence-landscape-v0.2/ART_LNDV02_SET_756809652ACB00343DA20824/partitions/pd9/landscape_records.jsonl,LOCAL_CONTENT_ADDRESSED_EXTERNAL_STAGING,118,75,29460,11051620,5c5541aa063bbcf6c6bd740d9df4c66ae8c3496b91b39504a339112fa7871cee,EVIDENCE_LANDSCAPE_SCHEMA_V0.2.1,MULTI_COMPONENT_EVIDENCE_LANDSCAPE_V0.2,MULTI_COMPONENT_EVIDENCE_LANDSCAPE_GENERATOR_V0.1,PASS
pda,ENSEMBL_SHA256_PREFIX_2_V0.1,ART_LNDV02_SET_756809652ACB00343DA20824,ART_LNDV02_5C6739F41119D06F93FFA337,CLASS_D_LARGE_DATA_OBJECT,LANDSCAPE_JSONL_PAYLOAD,urn:sha256:5c6739f41119d06f93ffa337e7b27bcd0a65ffa9efa35d2084b7e56aec47d0ae,external+sha256://luad-target-dossier/evidence-landscape-v0.2/ART_LNDV02_SET_756809652ACB00343DA20824/partitions/pda/landscape_records.jsonl,LOCAL_CONTENT_ADDRESSED_EXTERNAL_STAGING,109,2,28936,10613037,5c6739f41119d06f93ffa337e7b27bcd0a65ffa9efa35d2084b7e56aec47d0ae,EVIDENCE_LANDSCAPE_SCHEMA_V0.2.1,MULTI_COMPONENT_EVIDENCE_LANDSCAPE_V0.2,MULTI_COMPONENT_EVIDENCE_LANDSCAPE_GENERATOR_V0.1,PASS
pdb,ENSEMBL_SHA256_PREFIX_2_V0.1,ART_LNDV02_SET_756809652ACB00343DA20824,ART_LNDV02_E7C0F652BE4DF3BC0ED9D649,CLASS_D_LARGE_DATA_OBJECT,LANDSCAPE_JSONL_PAYLOAD,urn:sha256:e7c0f652be4df3bc0ed9d649c014e086e6a424cda5a28e8ac78c8813c2aa4f03,external+sha256://luad-target-dossier/evidence-landscape-v0.2/ART_LNDV02_SET_756809652ACB00343DA20824/partitions/pdb/landscape_records.jsonl,LOCAL_CONTENT_ADDRESSED_EXTERNAL_STAGING,130,186,29354,12231122,e7c0f652be4df3bc0ed9d649c014e086e6a424cda5a28e8ac78c8813c2aa4f03,EVIDENCE_LANDSCAPE_SCHEMA_V0.2.1,MULTI_COMPONENT_EVIDENCE_LANDSCAPE_V0.2,MULTI_COMPONENT_EVIDENCE_LANDSCAPE_GENERATOR_V0.1,PASS
pdc,ENSEMBL_SHA256_PREFIX_2_V0.1,ART_LNDV02_SET_756809652ACB00343DA20824,ART_LNDV02_CA536E0B70E95C4381B47DE3,CLASS_D_LARGE_DATA_OBJECT,LANDSCAPE_JSONL_PAYLOAD,urn:sha256:ca536e0b70e95c4381b47de30e32936b22b60063caa0860655387622c08f1e70,external+sha256://luad-target-dossier/evidence-landscape-v0.2/ART_LNDV02_SET_756809652ACB00343DA20824/partitions/pdc/landscape_records.jsonl,LOCAL_CONTENT_ADDRESSED_EXTERNAL_STAGING,111,4,29463,9574192,ca536e0b70e95c4381b47de30e32936b22b60063caa0860655387622c08f1e70,EVIDENCE_LANDSCAPE_SCHEMA_V0.2.1,MULTI_COMPONENT_EVIDENCE_LANDSCAPE_V0.2,MULTI_COMPONENT_EVIDENCE_LANDSCAPE_GENERATOR_V0.1,PASS
pdd,ENSEMBL_SHA256_PREFIX_2_V0.1,ART_LNDV02_SET_756809652ACB00343DA20824,ART_LNDV02_7E6AF74F54B83D66679ABBCC,CLASS_D_LARGE_DATA_OBJECT,LANDSCAPE_JSONL_PAYLOAD,urn:sha256:7e6af74f54b83d66679abbcc231e34b5a664e03bb195e0deba5d41664b45f9d4,external+sha256://luad-target-dossier/evidence-landscape-v0.2/ART_LNDV02_SET_756809652ACB00343DA20824/partitions/pdd/landscape_records.jsonl,LOCAL_CONTENT_ADDRESSED_EXTERNAL_STAGING,112,24,29218,12741665,7e6af74f54b83d66679abbcc231e34b5a664e03bb195e0deba5d41664b45f9d4,EVIDENCE_LANDSCAPE_SCHEMA_V0.2.1,MULTI_COMPONENT_EVIDENCE_LANDSCAPE_V0.2,MULTI_COMPONENT_EVIDENCE_LANDSCAPE_GENERATOR_V0.1,PASS
pde,ENSEMBL_SHA256_PREFIX_2_V0.1,ART_LNDV02_SET_756809652ACB00343DA20824,ART_LNDV02_A01227F96D9BFFBE718B0C2D,CLASS_D_LARGE_DATA_OBJECT,LANDSCAPE_JSONL_PAYLOAD,urn:sha256:a01227f96d9bffbe718b0c2d1aa9c9c5e3ce62d5442c0ffa10cd715d129660d1,external+sha256://luad-target-dossier/evidence-landscape-v0.2/ART_LNDV02_SET_756809652ACB00343DA20824/partitions/pde/landscape_records.jsonl,LOCAL_CONTENT_ADDRESSED_EXTERNAL_STAGING,113,247,29526,15782298,a01227f96d9bffbe718b0c2d1aa9c9c5e3ce62d5442c0ffa10cd715d129660d1,EVIDENCE_LANDSCAPE_SCHEMA_V0.2.1,MULTI_COMPONENT_EVIDENCE_LANDSCAPE_V0.2,MULTI_COMPONENT_EVIDENCE_LANDSCAPE_GENERATOR_V0.1,PASS
pdf,ENSEMBL_SHA256_PREFIX_2_V0.1,ART_LNDV02_SET_756809652ACB00343DA20824,ART_LNDV02_8F641CE515704CD03EED5597,CLASS_D_LARGE_DATA_OBJECT,LANDSCAPE_JSONL_PAYLOAD,urn:sha256:8f641ce515704cd03eed5597cac68206498d3ccca1a7f8cce48373ed7d86dfd2,external+sha256://luad-target-dossier/evidence-landscape-v0.2/ART_LNDV02_SET_756809652ACB00343DA20824/partitions/pdf/landscape_records.jsonl,LOCAL_CONTENT_ADDRESSED_EXTERNAL_STAGING,121,575,29580,13121120,8f641ce515704cd03eed5597cac68206498d3ccca1a7f8cce48373ed7d86dfd2,EVIDENCE_LANDSCAPE_SCHEMA_V0.2.1,MULTI_COMPONENT_EVIDENCE_LANDSCAPE_V0.2,MULTI_COMPONENT_EVIDENCE_LANDSCAPE_GENERATOR_V0.1,PASS
pe0,ENSEMBL_SHA256_PREFIX_2_V0.1,ART_LNDV02_SET_756809652ACB00343DA20824,ART_LNDV02_CEAEF2433F47D20DF27AD825,CLASS_D_LARGE_DATA_OBJECT,LANDSCAPE_JSONL_PAYLOAD,urn:sha256:ceaef2433f47d20df27ad8252e17251f0f36d28af90c27ae547f045a0f673eae,external+sha256://luad-target-dossier/evidence-landscape-v0.2/ART_LNDV02_SET_756809652ACB00343DA20824/partitions/pe0/landscape_records.jsonl,LOCAL_CONTENT_ADDRESSED_EXTERNAL_STAGING,106,22,29557,11064739,ceaef2433f47d20df27ad8252e17251f0f36d28af90c27ae547f045a0f673eae,EVIDENCE_LANDSCAPE_SCHEMA_V0.2.1,MULTI_COMPONENT_EVIDENCE_LANDSCAPE_V0.2,MULTI_COMPONENT_EVIDENCE_LANDSCAPE_GENERATOR_V0.1,PASS
pe1,ENSEMBL_SHA256_PREFIX_2_V0.1,ART_LNDV02_SET_756809652ACB00343DA20824,ART_LNDV02_7685AC94CF7EC48F8C0619BF,CLASS_D_LARGE_DATA_OBJECT,LANDSCAPE_JSONL_PAYLOAD,urn:sha256:7685ac94cf7ec48f8c0619bf488e2696492f622caa6fdb15d45230f6eef9d865,external+sha256://luad-target-dossier/evidence-landscape-v0.2/ART_LNDV02_SET_756809652ACB00343DA20824/partitions/pe1/landscape_records.jsonl,LOCAL_CONTENT_ADDRESSED_EXTERNAL_STAGING,101,36,29520,11071096,7685ac94cf7ec48f8c0619bf488e2696492f622caa6fdb15d45230f6eef9d865,EVIDENCE_LANDSCAPE_SCHEMA_V0.2.1,MULTI_COMPONENT_EVIDENCE_LANDSCAPE_V0.2,MULTI_COMPONENT_EVIDENCE_LANDSCAPE_GENERATOR_V0.1,PASS
pe2,ENSEMBL_SHA256_PREFIX_2_V0.1,ART_LNDV02_SET_756809652ACB00343DA20824,ART_LNDV02_1FD2788DA2D8B758B4EA2A31,CLASS_D_LARGE_DATA_OBJECT,LANDSCAPE_JSONL_PAYLOAD,urn:sha256:1fd2788da2d8b758b4ea2a31f3b110af4aa3fd75b683b033103d15304500a760,external+sha256://luad-target-dossier/evidence-landscape-v0.2/ART_LNDV02_SET_756809652ACB00343DA20824/partitions/pe2/landscape_records.jsonl,LOCAL_CONTENT_ADDRESSED_EXTERNAL_STAGING,119,10,29575,12122232,1fd2788da2d8b758b4ea2a31f3b110af4aa3fd75b683b033103d15304500a760,EVIDENCE_LANDSCAPE_SCHEMA_V0.2.1,MULTI_COMPONENT_EVIDENCE_LANDSCAPE_V0.2,MULTI_COMPONENT_EVIDENCE_LANDSCAPE_GENERATOR_V0.1,PASS
pe3,ENSEMBL_SHA256_PREFIX_2_V0.1,ART_LNDV02_SET_756809652ACB00343DA20824,ART_LNDV02_482660CB62B623D7D3B79E28,CLASS_D_LARGE_DATA_OBJECT,LANDSCAPE_JSONL_PAYLOAD,urn:sha256:482660cb62b623d7d3b79e28fc3bc6e723166e6665380172f10e9c504097da1f,external+sha256://luad-target-dossier/evidence-landscape-v0.2/ART_LNDV02_SET_756809652ACB00343DA20824/partitions/pe3/landscape_records.jsonl,LOCAL_CONTENT_ADDRESSED_EXTERNAL_STAGING,114,26,29449,9706223,482660cb62b623d7d3b79e28fc3bc6e723166e6665380172f10e9c504097da1f,EVIDENCE_LANDSCAPE_SCHEMA_V0.2.1,MULTI_COMPONENT_EVIDENCE_LANDSCAPE_V0.2,MULTI_COMPONENT_EVIDENCE_LANDSCAPE_GENERATOR_V0.1,PASS
pe4,ENSEMBL_SHA256_PREFIX_2_V0.1,ART_LNDV02_SET_756809652ACB00343DA20824,ART_LNDV02_D743DD4DD2CC70A4D2BC2BDC,CLASS_D_LARGE_DATA_OBJECT,LANDSCAPE_JSONL_PAYLOAD,urn:sha256:d743dd4dd2cc70a4d2bc2bdc52a472e6bff88ab321006568b7af33f9a765833e,external+sha256://luad-target-dossier/evidence-landscape-v0.2/ART_LNDV02_SET_756809652ACB00343DA20824/partitions/pe4/landscape_records.jsonl,LOCAL_CONTENT_ADDRESSED_EXTERNAL_STAGING,115,151,29423,11240181,d743dd4dd2cc70a4d2bc2bdc52a472e6bff88ab321006568b7af33f9a765833e,EVIDENCE_LANDSCAPE_SCHEMA_V0.2.1,MULTI_COMPONENT_EVIDENCE_LANDSCAPE_V0.2,MULTI_COMPONENT_EVIDENCE_LANDSCAPE_GENERATOR_V0.1,PASS
pe5,ENSEMBL_SHA256_PREFIX_2_V0.1,ART_LNDV02_SET_756809652ACB00343DA20824,ART_LNDV02_355B79A599317E6707815954,CLASS_D_LARGE_DATA_OBJECT,LANDSCAPE_JSONL_PAYLOAD,urn:sha256:355b79a599317e6707815954e34c39c30919b622dbc90f97dad89a556e191782,external+sha256://luad-target-dossier/evidence-landscape-v0.2/ART_LNDV02_SET_756809652ACB00343DA20824/partitions/pe5/landscape_records.jsonl,LOCAL_CONTENT_ADDRESSED_EXTERNAL_STAGING,114,305,29060,10031389,355b79a599317e6707815954e34c39c30919b622dbc90f97dad89a556e191782,EVIDENCE_LANDSCAPE_SCHEMA_V0.2.1,MULTI_COMPONENT_EVIDENCE_LANDSCAPE_V0.2,MULTI_COMPONENT_EVIDENCE_LANDSCAPE_GENERATOR_V0.1,PASS
pe6,ENSEMBL_SHA256_PREFIX_2_V0.1,ART_LNDV02_SET_756809652ACB00343DA20824,ART_LNDV02_7008EC0C370C24ADDF8CBDBA,CLASS_D_LARGE_DATA_OBJECT,LANDSCAPE_JSONL_PAYLOAD,urn:sha256:7008ec0c370c24addf8cbdba44ee74a72ca43cad1b59892babec2c0336d1f08a,external+sha256://luad-target-dossier/evidence-landscape-v0.2/ART_LNDV02_SET_756809652ACB00343DA20824/partitions/pe6/landscape_records.jsonl,LOCAL_CONTENT_ADDRESSED_EXTERNAL_STAGING,122,64,29593,26889323,7008ec0c370c24addf8cbdba44ee74a72ca43cad1b59892babec2c0336d1f08a,EVIDENCE_LANDSCAPE_SCHEMA_V0.2.1,MULTI_COMPONENT_EVIDENCE_LANDSCAPE_V0.2,MULTI_COMPONENT_EVIDENCE_LANDSCAPE_GENERATOR_V0.1,PASS
pe7,ENSEMBL_SHA256_PREFIX_2_V0.1,ART_LNDV02_SET_756809652ACB00343DA20824,ART_LNDV02_A0A6083EA84B475C7A5D653E,CLASS_D_LARGE_DATA_OBJECT,LANDSCAPE_JSONL_PAYLOAD,urn:sha256:a0a6083ea84b475c7a5d653e275c0cc66ef0f3a04532a3e4a566f680360b1ff0,external+sha256://luad-target-dossier/evidence-landscape-v0.2/ART_LNDV02_SET_756809652ACB00343DA20824/partitions/pe7/landscape_records.jsonl,LOCAL_CONTENT_ADDRESSED_EXTERNAL_STAGING,116,506,29064,20558783,a0a6083ea84b475c7a5d653e275c0cc66ef0f3a04532a3e4a566f680360b1ff0,EVIDENCE_LANDSCAPE_SCHEMA_V0.2.1,MULTI_COMPONENT_EVIDENCE_LANDSCAPE_V0.2,MULTI_COMPONENT_EVIDENCE_LANDSCAPE_GENERATOR_V0.1,PASS
pe8,ENSEMBL_SHA256_PREFIX_2_V0.1,ART_LNDV02_SET_756809652ACB00343DA20824,ART_LNDV02_D0BA5DE1D0890F8552DAC724,CLASS_D_LARGE_DATA_OBJECT,LANDSCAPE_JSONL_PAYLOAD,urn:sha256:d0ba5de1d0890f8552dac7245ffc9b868b634b57618b31ca715618aab065f702,external+sha256://luad-target-dossier/evidence-landscape-v0.2/ART_LNDV02_SET_756809652ACB00343DA20824/partitions/pe8/landscape_records.jsonl,LOCAL_CONTENT_ADDRESSED_EXTERNAL_STAGING,112,402,28732,12842271,d0ba5de1d0890f8552dac7245ffc9b868b634b57618b31ca715618aab065f702,EVIDENCE_LANDSCAPE_SCHEMA_V0.2.1,MULTI_COMPONENT_EVIDENCE_LANDSCAPE_V0.2,MULTI_COMPONENT_EVIDENCE_LANDSCAPE_GENERATOR_V0.1,PASS
pe9,ENSEMBL_SHA256_PREFIX_2_V0.1,ART_LNDV02_SET_756809652ACB00343DA20824,ART_LNDV02_B36D76830D86F7E47871E1EB,CLASS_D_LARGE_DATA_OBJECT,LANDSCAPE_JSONL_PAYLOAD,urn:sha256:b36d76830d86f7e47871e1eb44d6d5aed9fcd2a461b717195a06d673f25e1b3f,external+sha256://luad-target-dossier/evidence-landscape-v0.2/ART_LNDV02_SET_756809652ACB00343DA20824/partitions/pe9/landscape_records.jsonl,LOCAL_CONTENT_ADDRESSED_EXTERNAL_STAGING,106,436,29538,10019150,b36d76830d86f7e47871e1eb44d6d5aed9fcd2a461b717195a06d673f25e1b3f,EVIDENCE_LANDSCAPE_SCHEMA_V0.2.1,MULTI_COMPONENT_EVIDENCE_LANDSCAPE_V0.2,MULTI_COMPONENT_EVIDENCE_LANDSCAPE_GENERATOR_V0.1,PASS
pea,ENSEMBL_SHA256_PREFIX_2_V0.1,ART_LNDV02_SET_756809652ACB00343DA20824,ART_LNDV02_1FE03077198E7BD5A9115FDD,CLASS_D_LARGE_DATA_OBJECT,LANDSCAPE_JSONL_PAYLOAD,urn:sha256:1fe03077198e7bd5a9115fdd15ead2d6e429c199daf52250aa46196c39031266,external+sha256://luad-target-dossier/evidence-landscape-v0.2/ART_LNDV02_SET_756809652ACB00343DA20824/partitions/pea/landscape_records.jsonl,LOCAL_CONTENT_ADDRESSED_EXTERNAL_STAGING,106,30,28865,11263044,1fe03077198e7bd5a9115fdd15ead2d6e429c199daf52250aa46196c39031266,EVIDENCE_LANDSCAPE_SCHEMA_V0.2.1,MULTI_COMPONENT_EVIDENCE_LANDSCAPE_V0.2,MULTI_COMPONENT_EVIDENCE_LANDSCAPE_GENERATOR_V0.1,PASS
peb,ENSEMBL_SHA256_PREFIX_2_V0.1,ART_LNDV02_SET_756809652ACB00343DA20824,ART_LNDV02_A72A40ED385068F7CB4D533C,CLASS_D_LARGE_DATA_OBJECT,LANDSCAPE_JSONL_PAYLOAD,urn:sha256:a72a40ed385068f7cb4d533c594c4137dceab75ffc8f206b24afdfbcaeb36e90,external+sha256://luad-target-dossier/evidence-landscape-v0.2/ART_LNDV02_SET_756809652ACB00343DA20824/partitions/peb/landscape_records.jsonl,LOCAL_CONTENT_ADDRESSED_EXTERNAL_STAGING,120,366,29596,11042661,a72a40ed385068f7cb4d533c594c4137dceab75ffc8f206b24afdfbcaeb36e90,EVIDENCE_LANDSCAPE_SCHEMA_V0.2.1,MULTI_COMPONENT_EVIDENCE_LANDSCAPE_V0.2,MULTI_COMPONENT_EVIDENCE_LANDSCAPE_GENERATOR_V0.1,PASS
pec,ENSEMBL_SHA256_PREFIX_2_V0.1,ART_LNDV02_SET_756809652ACB00343DA20824,ART_LNDV02_F661D13A9D6157CE9B214F6D,CLASS_D_LARGE_DATA_OBJECT,LANDSCAPE_JSONL_PAYLOAD,urn:sha256:f661d13a9d6157ce9b214f6dab350eec1eb10f01dcf2e4dc9d795c38386eafb6,external+sha256://luad-target-dossier/evidence-landscape-v0.2/ART_LNDV02_SET_756809652ACB00343DA20824/partitions/pec/landscape_records.jsonl,LOCAL_CONTENT_ADDRESSED_EXTERNAL_STAGING,127,442,29510,12393101,f661d13a9d6157ce9b214f6dab350eec1eb10f01dcf2e4dc9d795c38386eafb6,EVIDENCE_LANDSCAPE_SCHEMA_V0.2.1,MULTI_COMPONENT_EVIDENCE_LANDSCAPE_V0.2,MULTI_COMPONENT_EVIDENCE_LANDSCAPE_GENERATOR_V0.1,PASS
ped,ENSEMBL_SHA256_PREFIX_2_V0.1,ART_LNDV02_SET_756809652ACB00343DA20824,ART_LNDV02_AD122960BA816B9B78FA7158,CLASS_D_LARGE_DATA_OBJECT,LANDSCAPE_JSONL_PAYLOAD,urn:sha256:ad122960ba816b9b78fa7158f8f8c963879892ba862b5a938e92a30245a1d89a,external+sha256://luad-target-dossier/evidence-landscape-v0.2/ART_LNDV02_SET_756809652ACB00343DA20824/partitions/ped/landscape_records.jsonl,LOCAL_CONTENT_ADDRESSED_EXTERNAL_STAGING,119,85,29511,12323705,ad122960ba816b9b78fa7158f8f8c963879892ba862b5a938e92a30245a1d89a,EVIDENCE_LANDSCAPE_SCHEMA_V0.2.1,MULTI_COMPONENT_EVIDENCE_LANDSCAPE_V0.2,MULTI_COMPONENT_EVIDENCE_LANDSCAPE_GENERATOR_V0.1,PASS
pee,ENSEMBL_SHA256_PREFIX_2_V0.1,ART_LNDV02_SET_756809652ACB00343DA20824,ART_LNDV02_DA498859B4E167ECBADE51AE,CLASS_D_LARGE_DATA_OBJECT,LANDSCAPE_JSONL_PAYLOAD,urn:sha256:da498859b4e167ecbade51ae67a97e9707d404a79d73296a10a8cbb860dd7179,external+sha256://luad-target-dossier/evidence-landscape-v0.2/ART_LNDV02_SET_756809652ACB00343DA20824/partitions/pee/landscape_records.jsonl,LOCAL_CONTENT_ADDRESSED_EXTERNAL_STAGING,114,72,29131,20101837,da498859b4e167ecbade51ae67a97e9707d404a79d73296a10a8cbb860dd7179,EVIDENCE_LANDSCAPE_SCHEMA_V0.2.1,MULTI_COMPONENT_EVIDENCE_LANDSCAPE_V0.2,MULTI_COMPONENT_EVIDENCE_LANDSCAPE_GENERATOR_V0.1,PASS
pef,ENSEMBL_SHA256_PREFIX_2_V0.1,ART_LNDV02_SET_756809652ACB00343DA20824,ART_LNDV02_F0A21D61B68FAB48A9203B09,CLASS_D_LARGE_DATA_OBJECT,LANDSCAPE_JSONL_PAYLOAD,urn:sha256:f0a21d61b68fab48a9203b09b11b0f2e9d671aa75e2540495709b149c6ca9425,external+sha256://luad-target-dossier/evidence-landscape-v0.2/ART_LNDV02_SET_756809652ACB00343DA20824/partitions/pef/landscape_records.jsonl,LOCAL_CONTENT_ADDRESSED_EXTERNAL_STAGING,105,114,29541,10812708,f0a21d61b68fab48a9203b09b11b0f2e9d671aa75e2540495709b149c6ca9425,EVIDENCE_LANDSCAPE_SCHEMA_V0.2.1,MULTI_COMPONENT_EVIDENCE_LANDSCAPE_V0.2,MULTI_COMPONENT_EVIDENCE_LANDSCAPE_GENERATOR_V0.1,PASS
pf0,ENSEMBL_SHA256_PREFIX_2_V0.1,ART_LNDV02_SET_756809652ACB00343DA20824,ART_LNDV02_975647E883D5FE591362D737,CLASS_D_LARGE_DATA_OBJECT,LANDSCAPE_JSONL_PAYLOAD,urn:sha256:975647e883d5fe591362d737efdb96dc86dca6a3c24f12e126d169ccc0669ad4,external+sha256://luad-target-dossier/evidence-landscape-v0.2/ART_LNDV02_SET_756809652ACB00343DA20824/partitions/pf0/landscape_records.jsonl,LOCAL_CONTENT_ADDRESSED_EXTERNAL_STAGING,108,443,29539,10881287,975647e883d5fe591362d737efdb96dc86dca6a3c24f12e126d169ccc0669ad4,EVIDENCE_LANDSCAPE_SCHEMA_V0.2.1,MULTI_COMPONENT_EVIDENCE_LANDSCAPE_V0.2,MULTI_COMPONENT_EVIDENCE_LANDSCAPE_GENERATOR_V0.1,PASS
pf1,ENSEMBL_SHA256_PREFIX_2_V0.1,ART_LNDV02_SET_756809652ACB00343DA20824,ART_LNDV02_2A846A6306032C96F6641622,CLASS_D_LARGE_DATA_OBJECT,LANDSCAPE_JSONL_PAYLOAD,urn:sha256:2a846a6306032c96f664162270b631fa3c5dbb748295864cc6b7adf9ee15fefc,external+sha256://luad-target-dossier/evidence-landscape-v0.2/ART_LNDV02_SET_756809652ACB00343DA20824/partitions/pf1/landscape_records.jsonl,LOCAL_CONTENT_ADDRESSED_EXTERNAL_STAGING,112,344,28940,10518238,2a846a6306032c96f664162270b631fa3c5dbb748295864cc6b7adf9ee15fefc,EVIDENCE_LANDSCAPE_SCHEMA_V0.2.1,MULTI_COMPONENT_EVIDENCE_LANDSCAPE_V0.2,MULTI_COMPONENT_EVIDENCE_LANDSCAPE_GENERATOR_V0.1,PASS
pf2,ENSEMBL_SHA256_PREFIX_2_V0.1,ART_LNDV02_SET_756809652ACB00343DA20824,ART_LNDV02_0EAEB0C74453765344522FBD,CLASS_D_LARGE_DATA_OBJECT,LANDSCAPE_JSONL_PAYLOAD,urn:sha256:0eaeb0c74453765344522fbdf382b13aab9c679329c953cdd6e64e1970cbaba7,external+sha256://luad-target-dossier/evidence-landscape-v0.2/ART_LNDV02_SET_756809652ACB00343DA20824/partitions/pf2/landscape_records.jsonl,LOCAL_CONTENT_ADDRESSED_EXTERNAL_STAGING,116,470,29419,12985402,0eaeb0c74453765344522fbdf382b13aab9c679329c953cdd6e64e1970cbaba7,EVIDENCE_LANDSCAPE_SCHEMA_V0.2.1,MULTI_COMPONENT_EVIDENCE_LANDSCAPE_V0.2,MULTI_COMPONENT_EVIDENCE_LANDSCAPE_GENERATOR_V0.1,PASS
pf3,ENSEMBL_SHA256_PREFIX_2_V0.1,ART_LNDV02_SET_756809652ACB00343DA20824,ART_LNDV02_F527B8E7247B9367187088AB,CLASS_D_LARGE_DATA_OBJECT,LANDSCAPE_JSONL_PAYLOAD,urn:sha256:f527b8e7247b9367187088ab401c8fe5a6d26d4acbc11997e0abf8bb5959999e,external+sha256://luad-target-dossier/evidence-landscape-v0.2/ART_LNDV02_SET_756809652ACB00343DA20824/partitions/pf3/landscape_records.jsonl,LOCAL_CONTENT_ADDRESSED_EXTERNAL_STAGING,111,171,29587,9304540,f527b8e7247b9367187088ab401c8fe5a6d26d4acbc11997e0abf8bb5959999e,EVIDENCE_LANDSCAPE_SCHEMA_V0.2.1,MULTI_COMPONENT_EVIDENCE_LANDSCAPE_V0.2,MULTI_COMPONENT_EVIDENCE_LANDSCAPE_GENERATOR_V0.1,PASS
pf4,ENSEMBL_SHA256_PREFIX_2_V0.1,ART_LNDV02_SET_756809652ACB00343DA20824,ART_LNDV02_41A0AE5DBCBBFCAC21F0627D,CLASS_D_LARGE_DATA_OBJECT,LANDSCAPE_JSONL_PAYLOAD,urn:sha256:41a0ae5dbcbbfcac21f0627d7440d3c57777879e236c47345fe549889eb64b15,external+sha256://luad-target-dossier/evidence-landscape-v0.2/ART_LNDV02_SET_756809652ACB00343DA20824/partitions/pf4/landscape_records.jsonl,LOCAL_CONTENT_ADDRESSED_EXTERNAL_STAGING,132,60,29599,18691756,41a0ae5dbcbbfcac21f0627d7440d3c57777879e236c47345fe549889eb64b15,EVIDENCE_LANDSCAPE_SCHEMA_V0.2.1,MULTI_COMPONENT_EVIDENCE_LANDSCAPE_V0.2,MULTI_COMPONENT_EVIDENCE_LANDSCAPE_GENERATOR_V0.1,PASS
pf5,ENSEMBL_SHA256_PREFIX_2_V0.1,ART_LNDV02_SET_756809652ACB00343DA20824,ART_LNDV02_C1205CDAEA44BB9FE81DFDA9,CLASS_D_LARGE_DATA_OBJECT,LANDSCAPE_JSONL_PAYLOAD,urn:sha256:c1205cdaea44bb9fe81dfda90f5cf4c70e581a84c72f54f9dd8941cee611408e,external+sha256://luad-target-dossier/evidence-landscape-v0.2/ART_LNDV02_SET_756809652ACB00343DA20824/partitions/pf5/landscape_records.jsonl,LOCAL_CONTENT_ADDRESSED_EXTERNAL_STAGING,108,57,29544,13974361,c1205cdaea44bb9fe81dfda90f5cf4c70e581a84c72f54f9dd8941cee611408e,EVIDENCE_LANDSCAPE_SCHEMA_V0.2.1,MULTI_COMPONENT_EVIDENCE_LANDSCAPE_V0.2,MULTI_COMPONENT_EVIDENCE_LANDSCAPE_GENERATOR_V0.1,PASS
pf6,ENSEMBL_SHA256_PREFIX_2_V0.1,ART_LNDV02_SET_756809652ACB00343DA20824,ART_LNDV02_6679016129F6E779E5C2179D,CLASS_D_LARGE_DATA_OBJECT,LANDSCAPE_JSONL_PAYLOAD,urn:sha256:6679016129f6e779e5c2179de0575f544c1ef6add257c2123fb68e4e792b6daf,external+sha256://luad-target-dossier/evidence-landscape-v0.2/ART_LNDV02_SET_756809652ACB00343DA20824/partitions/pf6/landscape_records.jsonl,LOCAL_CONTENT_ADDRESSED_EXTERNAL_STAGING,123,232,29010,15257247,6679016129f6e779e5c2179de0575f544c1ef6add257c2123fb68e4e792b6daf,EVIDENCE_LANDSCAPE_SCHEMA_V0.2.1,MULTI_COMPONENT_EVIDENCE_LANDSCAPE_V0.2,MULTI_COMPONENT_EVIDENCE_LANDSCAPE_GENERATOR_V0.1,PASS
pf7,ENSEMBL_SHA256_PREFIX_2_V0.1,ART_LNDV02_SET_756809652ACB00343DA20824,ART_LNDV02_41CDE5EC8FD90CE7852F2CA1,CLASS_D_LARGE_DATA_OBJECT,LANDSCAPE_JSONL_PAYLOAD,urn:sha256:41cde5ec8fd90ce7852f2ca18722afe424d492acff1f1b4cac6f77213676e027,external+sha256://luad-target-dossier/evidence-landscape-v0.2/ART_LNDV02_SET_756809652ACB00343DA20824/partitions/pf7/landscape_records.jsonl,LOCAL_CONTENT_ADDRESSED_EXTERNAL_STAGING,105,40,29175,9581381,41cde5ec8fd90ce7852f2ca18722afe424d492acff1f1b4cac6f77213676e027,EVIDENCE_LANDSCAPE_SCHEMA_V0.2.1,MULTI_COMPONENT_EVIDENCE_LANDSCAPE_V0.2,MULTI_COMPONENT_EVIDENCE_LANDSCAPE_GENERATOR_V0.1,PASS
pf8,ENSEMBL_SHA256_PREFIX_2_V0.1,ART_LNDV02_SET_756809652ACB00343DA20824,ART_LNDV02_90E58C54A5CDE4F5B14C5C59,CLASS_D_LARGE_DATA_OBJECT,LANDSCAPE_JSONL_PAYLOAD,urn:sha256:90e58c54a5cde4f5b14c5c59a06491cf73b2476eb6771e005ae1d6a582c8ae63,external+sha256://luad-target-dossier/evidence-landscape-v0.2/ART_LNDV02_SET_756809652ACB00343DA20824/partitions/pf8/landscape_records.jsonl,LOCAL_CONTENT_ADDRESSED_EXTERNAL_STAGING,108,79,29483,11202988,90e58c54a5cde4f5b14c5c59a06491cf73b2476eb6771e005ae1d6a582c8ae63,EVIDENCE_LANDSCAPE_SCHEMA_V0.2.1,MULTI_COMPONENT_EVIDENCE_LANDSCAPE_V0.2,MULTI_COMPONENT_EVIDENCE_LANDSCAPE_GENERATOR_V0.1,PASS
pf9,ENSEMBL_SHA256_PREFIX_2_V0.1,ART_LNDV02_SET_756809652ACB00343DA20824,ART_LNDV02_EE50097ABB7F2ADACEB1F9D2,CLASS_D_LARGE_DATA_OBJECT,LANDSCAPE_JSONL_PAYLOAD,urn:sha256:ee50097abb7f2adaceb1f9d2ede1f50d16e444352bde4bd0324f15ae275f8ec2,external+sha256://luad-target-dossier/evidence-landscape-v0.2/ART_LNDV02_SET_756809652ACB00343DA20824/partitions/pf9/landscape_records.jsonl,LOCAL_CONTENT_ADDRESSED_EXTERNAL_STAGING,111,1122,29308,11954757,ee50097abb7f2adaceb1f9d2ede1f50d16e444352bde4bd0324f15ae275f8ec2,EVIDENCE_LANDSCAPE_SCHEMA_V0.2.1,MULTI_COMPONENT_EVIDENCE_LANDSCAPE_V0.2,MULTI_COMPONENT_EVIDENCE_LANDSCAPE_GENERATOR_V0.1,PASS
pfa,ENSEMBL_SHA256_PREFIX_2_V0.1,ART_LNDV02_SET_756809652ACB00343DA20824,ART_LNDV02_F9FEC6595AFB6BA04E9B8710,CLASS_D_LARGE_DATA_OBJECT,LANDSCAPE_JSONL_PAYLOAD,urn:sha256:f9fec6595afb6ba04e9b8710ebbfb326c28cb7ea8a8ae53393ecebc4d618802d,external+sha256://luad-target-dossier/evidence-landscape-v0.2/ART_LNDV02_SET_756809652ACB00343DA20824/partitions/pfa/landscape_records.jsonl,LOCAL_CONTENT_ADDRESSED_EXTERNAL_STAGING,113,887,29451,11449501,f9fec6595afb6ba04e9b8710ebbfb326c28cb7ea8a8ae53393ecebc4d618802d,EVIDENCE_LANDSCAPE_SCHEMA_V0.2.1,MULTI_COMPONENT_EVIDENCE_LANDSCAPE_V0.2,MULTI_COMPONENT_EVIDENCE_LANDSCAPE_GENERATOR_V0.1,PASS
pfb,ENSEMBL_SHA256_PREFIX_2_V0.1,ART_LNDV02_SET_756809652ACB00343DA20824,ART_LNDV02_68BACB64FAF97EAB2958E28B,CLASS_D_LARGE_DATA_OBJECT,LANDSCAPE_JSONL_PAYLOAD,urn:sha256:68bacb64faf97eab2958e28bcdd8dd2ca7ead0f9e9e85a835c532e8ad96a389d,external+sha256://luad-target-dossier/evidence-landscape-v0.2/ART_LNDV02_SET_756809652ACB00343DA20824/partitions/pfb/landscape_records.jsonl,LOCAL_CONTENT_ADDRESSED_EXTERNAL_STAGING,129,384,29578,13953118,68bacb64faf97eab2958e28bcdd8dd2ca7ead0f9e9e85a835c532e8ad96a389d,EVIDENCE_LANDSCAPE_SCHEMA_V0.2.1,MULTI_COMPONENT_EVIDENCE_LANDSCAPE_V0.2,MULTI_COMPONENT_EVIDENCE_LANDSCAPE_GENERATOR_V0.1,PASS
pfc,ENSEMBL_SHA256_PREFIX_2_V0.1,ART_LNDV02_SET_756809652ACB00343DA20824,ART_LNDV02_075250D7DF9D1C3CEA815784,CLASS_D_LARGE_DATA_OBJECT,LANDSCAPE_JSONL_PAYLOAD,urn:sha256:075250d7df9d1c3cea81578493c27245bbcfeae844c02bd447d39c4feb7d31a5,external+sha256://luad-target-dossier/evidence-landscape-v0.2/ART_LNDV02_SET_756809652ACB00343DA20824/partitions/pfc/landscape_records.jsonl,LOCAL_CONTENT_ADDRESSED_EXTERNAL_STAGING,111,259,29521,11336454,075250d7df9d1c3cea81578493c27245bbcfeae844c02bd447d39c4feb7d31a5,EVIDENCE_LANDSCAPE_SCHEMA_V0.2.1,MULTI_COMPONENT_EVIDENCE_LANDSCAPE_V0.2,MULTI_COMPONENT_EVIDENCE_LANDSCAPE_GENERATOR_V0.1,PASS
pfd,ENSEMBL_SHA256_PREFIX_2_V0.1,ART_LNDV02_SET_756809652ACB00343DA20824,ART_LNDV02_16E1D19BE1F95CB4FA98AB9C,CLASS_D_LARGE_DATA_OBJECT,LANDSCAPE_JSONL_PAYLOAD,urn:sha256:16e1d19be1f95cb4fa98ab9cce32e775e538d8200846ad526b4613081ba62cd6,external+sha256://luad-target-dossier/evidence-landscape-v0.2/ART_LNDV02_SET_756809652ACB00343DA20824/partitions/pfd/landscape_records.jsonl,LOCAL_CONTENT_ADDRESSED_EXTERNAL_STAGING,122,88,29499,10843167,16e1d19be1f95cb4fa98ab9cce32e775e538d8200846ad526b4613081ba62cd6,EVIDENCE_LANDSCAPE_SCHEMA_V0.2.1,MULTI_COMPONENT_EVIDENCE_LANDSCAPE_V0.2,MULTI_COMPONENT_EVIDENCE_LANDSCAPE_GENERATOR_V0.1,PASS
pfe,ENSEMBL_SHA256_PREFIX_2_V0.1,ART_LNDV02_SET_756809652ACB00343DA20824,ART_LNDV02_B765D8DA1F635C2F584D9483,CLASS_D_LARGE_DATA_OBJECT,LANDSCAPE_JSONL_PAYLOAD,urn:sha256:b765d8da1f635c2f584d94836aa808f392b3c9a38d14f3b24f10e6b75f499eb0,external+sha256://luad-target-dossier/evidence-landscape-v0.2/ART_LNDV02_SET_756809652ACB00343DA20824/partitions/pfe/landscape_records.jsonl,LOCAL_CONTENT_ADDRESSED_EXTERNAL_STAGING,122,236,29335,11352089,b765d8da1f635c2f584d94836aa808f392b3c9a38d14f3b24f10e6b75f499eb0,EVIDENCE_LANDSCAPE_SCHEMA_V0.2.1,MULTI_COMPONENT_EVIDENCE_LANDSCAPE_V0.2,MULTI_COMPONENT_EVIDENCE_LANDSCAPE_GENERATOR_V0.1,PASS
pff,ENSEMBL_SHA256_PREFIX_2_V0.1,ART_LNDV02_SET_756809652ACB00343DA20824,ART_LNDV02_E1CDF7D24098F53FCAA6E010,CLASS_D_LARGE_DATA_OBJECT,LANDSCAPE_JSONL_PAYLOAD,urn:sha256:e1cdf7d24098f53fcaa6e0108cf0ff8859b612e8a977ac6a19e1ef74f2e26f90,external+sha256://luad-target-dossier/evidence-landscape-v0.2/ART_LNDV02_SET_756809652ACB00343DA20824/partitions/pff/landscape_records.jsonl,LOCAL_CONTENT_ADDRESSED_EXTERNAL_STAGING,117,49,29493,11886204,e1cdf7d24098f53fcaa6e0108cf0ff8859b612e8a977ac6a19e1ef74f2e26f90,EVIDENCE_LANDSCAPE_SCHEMA_V0.2.1,MULTI_COMPONENT_EVIDENCE_LANDSCAPE_V0.2,MULTI_COMPONENT_EVIDENCE_LANDSCAPE_GENERATOR_V0.1,PASS
