inventory_id,artifact_role,logical_dataset,source_dataset,relative_path_or_reference,official_url,file_size_bytes,sha256,official_sha1,official_etag,last_modified,content_type,parquet_row_count,parquet_row_group_count,schema_field_count,schema_sha256,retrieval_attempt_count,retry_count,http_status_summary,integrity_status
INV_8ae8844d61861dfcfed05b0599eaa3597447ec4682d61cdd274ab4b9fcc22882,LICENSE_ARTIFACT,release_control,release_control,raw/release/open_targets_license.html,https://platform-docs.opentargets.org/licence,692236,fe91806b60bc27fdc4e5cdf71e07cd71192133cb0aadcb7793cc2cb07c5ab300,NOT_PUBLISHED_FOR_THIS_CONTROL_ARTIFACT,"W/""p8z27sm1v3eu3w""",NOT_RECORDED,text/html; charset=utf-8,NOT_APPLICABLE,NOT_APPLICABLE,NOT_APPLICABLE,NOT_APPLICABLE,1,0,200,VERIFIED_SHA256
INV_5680c171450433f6d4a040fc6ddde6fd3e16d1d0103562ee4800732549a928cb,RELEASE_CONTROL_ARTIFACT,release_control,release_control,raw/release/croissant.json,https://open-targets-public-data-releases.s3.amazonaws.com/platform/26.06/croissant.json,640827,a05ab463995995e9f272560d4e27243784ece396d0b143838f15bc3cfdc268ae,NOT_PUBLISHED_FOR_THIS_CONTROL_ARTIFACT,"""db8396f26746f5a7ac24e8954967fe75""","Thu, 25 Jun 2026 10:23:37 GMT",text/plain,NOT_APPLICABLE,NOT_APPLICABLE,NOT_APPLICABLE,NOT_APPLICABLE,1,0,200,VERIFIED_SHA256
INV_c9d814a57decc735c879ff0861cf8a22cf082e75eaaafe2986b93a59f1bd7a1d,RELEASE_CONTROL_ARTIFACT,release_control,release_control,raw/release/release_data_integrity,https://open-targets-public-data-releases.s3.amazonaws.com/platform/26.06/release_data_integrity,4937279,86aafe43072415c6e9f6aa2364b1893959b8aff492a0ced10c035631335a4d8a,NOT_PUBLISHED_FOR_THIS_CONTROL_ARTIFACT,"""eda433983a8cd07b00bf243eab7885c9""","Wed, 15 Jul 2026 10:11:52 GMT",binary/octet-stream,NOT_APPLICABLE,NOT_APPLICABLE,NOT_APPLICABLE,NOT_APPLICABLE,1,0,200,VERIFIED_SHA256
INV_738ff5b7f2421f004212f3c7278c996fcf1dc8533defccf7c76e10c9ef38b9c9,RELEASE_CONTROL_ARTIFACT,release_control,release_control,raw/release/release_data_integrity.sha1,https://open-targets-public-data-releases.s3.amazonaws.com/platform/26.06/release_data_integrity.sha1,65,7adceb51e3ea9038a7b978caab5fb4fa57a4acc1368e39f097e6f8e5e52fd2ef,NOT_PUBLISHED_FOR_THIS_CONTROL_ARTIFACT,"""aa0fa033a533f6745fee6a2fe52c097b""","Wed, 15 Jul 2026 10:12:04 GMT",binary/octet-stream,NOT_APPLICABLE,NOT_APPLICABLE,NOT_APPLICABLE,NOT_APPLICABLE,1,0,200,VERIFIED_SHA256
INV_ff648171c7848201f104ec763902102c7eb5b159004678991a044f44357af1c9,RELEASE_OBJECT_INVENTORY,disease,release_control,raw/release/s3_object_inventory_disease.xml,https://open-targets-public-data-releases.s3.amazonaws.com/?list-type=2&prefix=platform%2F26.06%2Foutput%2Fdisease%2F&max-keys=1000,633,d5f822af3bc3ecb365e0eb3c2c44444a6688ff4d626e93f7d83940e6efc2372b,NOT_PUBLISHED_FOR_THIS_CONTROL_ARTIFACT,NOT_RECORDED,NOT_RECORDED,application/xml,NOT_APPLICABLE,NOT_APPLICABLE,NOT_APPLICABLE,NOT_APPLICABLE,1,0,200,VERIFIED_SHA256
INV_ab664d9bf10cc789a00a5afd24087b9192406066fb05bdabc1dc3a13cc5f8a57,RELEASE_OBJECT_INVENTORY,evidence,release_control,raw/release/s3_object_inventory_evidence.xml,https://open-targets-public-data-releases.s3.amazonaws.com/?list-type=2&prefix=platform%2F26.06%2Foutput%2Fevidence_&max-keys=1000,78091,426ba19c67ba600fee0f1611f8051a5a8dfd35dd54560a306e1f7146bcafd110,NOT_PUBLISHED_FOR_THIS_CONTROL_ARTIFACT,NOT_RECORDED,NOT_RECORDED,application/xml,NOT_APPLICABLE,NOT_APPLICABLE,NOT_APPLICABLE,NOT_APPLICABLE,1,0,200,VERIFIED_SHA256
INV_457f47a57d888759c4654ec41223fae3f888ac57808d15c578c5b3dfb53da6df,RELEASE_OBJECT_INVENTORY,target,release_control,raw/release/s3_object_inventory_target.xml,https://open-targets-public-data-releases.s3.amazonaws.com/?list-type=2&prefix=platform%2F26.06%2Foutput%2Ftarget%2F&max-keys=1000,1780,6f7238e6fc8081c1fc89b1c3944b2d5ab02e01117c30f98a5db41bf18365d1a3,NOT_PUBLISHED_FOR_THIS_CONTROL_ARTIFACT,NOT_RECORDED,NOT_RECORDED,application/xml,NOT_APPLICABLE,NOT_APPLICABLE,NOT_APPLICABLE,NOT_APPLICABLE,1,0,200,VERIFIED_SHA256
INV_1f2cb8e5733b336fe86f0c590ca8e8bee2f1597a4bedc0fc5b36dc549295ff73,REMOTE_SOURCE_FILE,disease,disease,output/disease/disease.parquet,https://open-targets-public-data-releases.s3.amazonaws.com/platform/26.06/output/disease/disease.parquet,7150787,b328c5e775bc40d954f2e058aa59e8e972f2883a262d096f8dffe365736a1aed,5c214355253c0c8d84ab9c2317abb9ed771d5569,91474ea14a5792bc2d43d3fd3da88595,2026-06-25T10:43:33.000Z,application/vnd.apache.parquet,47080,1,18,9254d7dbccabece7e47fba2ae147e3f7e7afe992693231050a8070b62f683a77,7,0,206_PARTIAL_CONTENT,VERIFIED_SHA1_AND_SHA256
INV_d15b3c559d86fef7b564896534d87edd9a11e60bb0eda1db134cdbe78ea17b9b,REMOTE_SOURCE_FILE,evidence,evidence_cancer_biomarkers,output/evidence_cancer_biomarkers/part-00000-c2df50a8-0b8b-42f2-a947-d2ff272c9933-c000.snappy.parquet,https://open-targets-public-data-releases.s3.amazonaws.com/platform/26.06/output/evidence_cancer_biomarkers/part-00000-c2df50a8-0b8b-42f2-a947-d2ff272c9933-c000.snappy.parquet,122850,4c4b6f60d1223175eb507ec8517440a82ca1dbcf4bfae158a8c8c7d25072527f,48705a604a862f099f04029b96e4edc3e3cb1203,150b58a3486fe0cf6627d524814f6456,2026-06-25T11:31:31.000Z,application/vnd.apache.parquet,1301,1,20,f2097fa19c44b6afa3cce5b6eb586dbf350ab46f1374712c7684c03e53bcd089,1,0,206_PARTIAL_CONTENT,VERIFIED_SHA1_AND_SHA256
INV_7cf68a2bb382628e076c1ae73c820c77b32d53b54d1c55233d2aa7234b10b047,REMOTE_SOURCE_FILE,evidence,evidence_cancer_gene_census,output/evidence_cancer_gene_census/part-00000-5210a0cd-d578-43c6-8282-95c56ffb9331-c000.snappy.parquet,https://open-targets-public-data-releases.s3.amazonaws.com/platform/26.06/output/evidence_cancer_gene_census/part-00000-5210a0cd-d578-43c6-8282-95c56ffb9331-c000.snappy.parquet,5853772,71c81f243d45ef889e4bbf96e60326f7df317bdd7a7e204737e00432a1296c74,84a78deb5dce5659f8c0cf2a729ecd045ad8b177,cafb744d1a55cb755f72bd19023b3efc,2026-06-25T11:31:31.000Z,application/vnd.apache.parquet,91572,1,18,023d40442bf42440644d63d09872f3479d08ae4cea3c7fe330834b3bfca2c9f7,6,0,206_PARTIAL_CONTENT,VERIFIED_SHA1_AND_SHA256
INV_5715842215ac65ef3d7f40f0bec2d1bab93964d9610d713896f5dc605bd389a9,REMOTE_SOURCE_FILE,evidence,evidence_clingen,output/evidence_clingen/part-00000-e8c00d47-85ed-46b3-87e9-c3874b86e730-c000.snappy.parquet,https://open-targets-public-data-releases.s3.amazonaws.com/platform/26.06/output/evidence_clingen/part-00000-e8c00d47-85ed-46b3-87e9-c3874b86e730-c000.snappy.parquet,558900,71b896f33b859469b3b2fd56eae3383852ab3fd756e2a758f238409344c5e0a2,fb5c8d3f126a9c967dd0fb0b1755aa6322421b44,80034b4e451f2396cb213f5289bb36bd,2026-06-25T11:31:33.000Z,application/vnd.apache.parquet,4537,1,17,7bb178b329fc2d49149715cd29e2d6ece3b24a6865da5f103e05e770f3e2dc58,1,0,206_PARTIAL_CONTENT,VERIFIED_SHA1_AND_SHA256
INV_66ba08243fb4ddfaa70cd555cade29cfe7c51d3d8d2dbb4affd0e196e4be0eeb,REMOTE_SOURCE_FILE,evidence,evidence_clinical_precedence,output/evidence_clinical_precedence/part-00000-0df68723-5a30-40a5-b899-ecac4d382ea0-c000.snappy.parquet,https://open-targets-public-data-releases.s3.amazonaws.com/platform/26.06/output/evidence_clinical_precedence/part-00000-0df68723-5a30-40a5-b899-ecac4d382ea0-c000.snappy.parquet,65766146,b3a66214b4941a5ec9c22bb43fb188f91c90d5a39e5d71d1e5e028b300202ad9,bebb79c6d6dd667253825ddce3dac258be9603fa,f726b40ee1f482ed0a620b0cca179024,2026-06-25T11:31:32.000Z,application/vnd.apache.parquet,872619,1,22,6d5743d5f97503d1ca68085f8d5ec468c5113efe895de75b1fac4ae64f41e62b,8,0,206_PARTIAL_CONTENT,VERIFIED_SHA1_AND_SHA256
INV_3bf95507a53c94faa7364e241948abc50e00bfc8edbfb9bbf003dfc71769742a,REMOTE_SOURCE_FILE,evidence,evidence_crispr,output/evidence_crispr/part-00000-772df01a-64f3-43ad-bb23-d9b74b4e6bf5-c000.snappy.parquet,https://open-targets-public-data-releases.s3.amazonaws.com/platform/26.06/output/evidence_crispr/part-00000-772df01a-64f3-43ad-bb23-d9b74b4e6bf5-c000.snappy.parquet,70456,6e1612077ac1ef38880d1687be586f40f3fa34f909caa6d3dfd362344ed50a49,d35304a18a2f6296d4f04990eac4e138d2fa5685,6503dbc7d898674af47f8b7a74e0a7f5,2026-06-25T11:31:33.000Z,application/vnd.apache.parquet,517,1,16,a83ed6b68dfb7326853530fde6f1ab90f8db4d245754a38c5621c0f4564f5f01,1,0,206_PARTIAL_CONTENT,VERIFIED_SHA1_AND_SHA256
INV_82dbfb9b054c30e2f995c7888b12eeaf56848fc5a9efb1c8fcacdd19f47f0c98,REMOTE_SOURCE_FILE,evidence,evidence_crispr_screen,output/evidence_crispr_screen/part-00000-baa7dfb4-a565-4ca6-a5d1-236ee2a63830-c000.snappy.parquet,https://open-targets-public-data-releases.s3.amazonaws.com/platform/26.06/output/evidence_crispr_screen/part-00000-baa7dfb4-a565-4ca6-a5d1-236ee2a63830-c000.snappy.parquet,1428383,edf6173431d4544813366dfc8a029c8f9c16744ef29895ce79efbba2074dd3a8,69318deef7dfb28094ce79423b2f356924947a82,36d8d704037c531c250a8d32e04b05df,2026-06-25T11:31:34.000Z,application/vnd.apache.parquet,21643,1,23,f0d324532f3438ce2a1fd7215e95b042ba91c0b01435bbbbb457bb887c11c770,2,0,206_PARTIAL_CONTENT,VERIFIED_SHA1_AND_SHA256
INV_0664ddeff19320b75ecf9d51a511a3fbfa62c55f24da9ae7ba7f7e36cfabf862,REMOTE_SOURCE_FILE,evidence,evidence_europepmc,output/evidence_europepmc/part-00000-621a7bae-da68-4f0d-b14a-61d21b19204c-c000.snappy.parquet,https://open-targets-public-data-releases.s3.amazonaws.com/platform/26.06/output/evidence_europepmc/part-00000-621a7bae-da68-4f0d-b14a-61d21b19204c-c000.snappy.parquet,97137819,891ea083e39ddb2e0af1aade9c097d6f95b01fca639037edf180fbe4e755ea60,8fedc8d75fae32e290cb57ef4579a996bbfd5e8d,e0b1831ff35ec137d7ea7cdfc4b6c3e6,2026-06-25T11:31:57.000Z,application/vnd.apache.parquet,262903,1,16,26139b9344f456d74cbf31169787056b27d8b28e927225dad0799164f71fa278,8,0,206_PARTIAL_CONTENT,VERIFIED_SHA1_AND_SHA256
INV_4c530d7d567caadef277ffb844e3276ed6e498c723aa33b036d3c635375f8720,REMOTE_SOURCE_FILE,evidence,evidence_europepmc,output/evidence_europepmc/part-00001-621a7bae-da68-4f0d-b14a-61d21b19204c-c000.snappy.parquet,https://open-targets-public-data-releases.s3.amazonaws.com/platform/26.06/output/evidence_europepmc/part-00001-621a7bae-da68-4f0d-b14a-61d21b19204c-c000.snappy.parquet,116326047,889b10dca5ed37e94bf2e3d74d3fc86509f7c1bca875f11d34039b86cc5ee88b,610622d9d9a7aab7da3e12193c48172156d3a6f4,f8137a2a57a990cb85609922d6193285,2026-06-25T11:32:01.000Z,application/vnd.apache.parquet,313959,1,16,26139b9344f456d74cbf31169787056b27d8b28e927225dad0799164f71fa278,8,0,206_PARTIAL_CONTENT,VERIFIED_SHA1_AND_SHA256
INV_b975b36c04af3ca687b54cdbda4087d82fd373f5738d2d88f20ac76ccd65f81c,REMOTE_SOURCE_FILE,evidence,evidence_europepmc,output/evidence_europepmc/part-00002-621a7bae-da68-4f0d-b14a-61d21b19204c-c000.snappy.parquet,https://open-targets-public-data-releases.s3.amazonaws.com/platform/26.06/output/evidence_europepmc/part-00002-621a7bae-da68-4f0d-b14a-61d21b19204c-c000.snappy.parquet,87155312,778d9f2bb48be49377b476d9e02a83496ab527801e782cbb9dca6eb19f0b29fc,29e71cdf48d6bdad5843dfe2e0a9b8e7467bca86,7d6bced4ebc0bc1ae8a4bc0145a27940,2026-06-25T11:32:01.000Z,application/vnd.apache.parquet,236075,1,16,26139b9344f456d74cbf31169787056b27d8b28e927225dad0799164f71fa278,8,0,206_PARTIAL_CONTENT,VERIFIED_SHA1_AND_SHA256
INV_0aa064f94f4420bb781e815765f2e6ba268eaff41df11377cce3f3e4c35682e9,REMOTE_SOURCE_FILE,evidence,evidence_europepmc,output/evidence_europepmc/part-00003-621a7bae-da68-4f0d-b14a-61d21b19204c-c000.snappy.parquet,https://open-targets-public-data-releases.s3.amazonaws.com/platform/26.06/output/evidence_europepmc/part-00003-621a7bae-da68-4f0d-b14a-61d21b19204c-c000.snappy.parquet,68010840,bead615d6423122e120169b6341c487808c1b2c6059a24378106c6e041fa8255,797fe080789ce8f30b1b1df7d46a45233752b878,a2d2ebc173e414493267cb44383b40cd,2026-06-25T11:32:02.000Z,application/vnd.apache.parquet,183346,1,16,26139b9344f456d74cbf31169787056b27d8b28e927225dad0799164f71fa278,8,0,206_PARTIAL_CONTENT,VERIFIED_SHA1_AND_SHA256
INV_4fd6a58122975b5d5914539c0a7a7a397159e5f7f8373fb1757d68426cebb898,REMOTE_SOURCE_FILE,evidence,evidence_europepmc,output/evidence_europepmc/part-00004-621a7bae-da68-4f0d-b14a-61d21b19204c-c000.snappy.parquet,https://open-targets-public-data-releases.s3.amazonaws.com/platform/26.06/output/evidence_europepmc/part-00004-621a7bae-da68-4f0d-b14a-61d21b19204c-c000.snappy.parquet,77414377,50d38d8887a21b287976e53cc0a797e0c76da1e05f857ad4b6dcae430dcf2ba6,2dc18ca678c41c6cd9204322bfcba4a2ae129138,1984ca6cfc2954390d59a70635102ba9,2026-06-25T11:32:14.000Z,application/vnd.apache.parquet,209292,1,16,26139b9344f456d74cbf31169787056b27d8b28e927225dad0799164f71fa278,8,0,206_PARTIAL_CONTENT,VERIFIED_SHA1_AND_SHA256
INV_a222e643fe9dc5200aa595a8482773f4e63f069772bd07aadf552306718a65ff,REMOTE_SOURCE_FILE,evidence,evidence_europepmc,output/evidence_europepmc/part-00005-621a7bae-da68-4f0d-b14a-61d21b19204c-c000.snappy.parquet,https://open-targets-public-data-releases.s3.amazonaws.com/platform/26.06/output/evidence_europepmc/part-00005-621a7bae-da68-4f0d-b14a-61d21b19204c-c000.snappy.parquet,97068533,c79bebefd9339ae8d55be809b3539a1e42a8c5f6778974234ce75b429566790a,8c658860ccd85a156f8d05ed255733157e98d850,d36893b2a67850cab41a3d31eb836db2,2026-06-25T11:32:14.000Z,application/vnd.apache.parquet,262267,1,16,26139b9344f456d74cbf31169787056b27d8b28e927225dad0799164f71fa278,8,0,206_PARTIAL_CONTENT,VERIFIED_SHA1_AND_SHA256
INV_bbc52619c9f5c19f98d8222e147b3823c7ae7ab0f2d29afb92c2a7b380ac88a1,REMOTE_SOURCE_FILE,evidence,evidence_europepmc,output/evidence_europepmc/part-00006-621a7bae-da68-4f0d-b14a-61d21b19204c-c000.snappy.parquet,https://open-targets-public-data-releases.s3.amazonaws.com/platform/26.06/output/evidence_europepmc/part-00006-621a7bae-da68-4f0d-b14a-61d21b19204c-c000.snappy.parquet,77566551,0c95e9a85920dd308e7f9458b581f1cfd5f8f10adf45db7210b717fcc19c7813,bc66d3ec88bc718a67edcc20bb6edfd68727b6b6,d23f992ec21407311e040d09dff9b54e,2026-06-25T11:32:16.000Z,application/vnd.apache.parquet,209174,1,16,26139b9344f456d74cbf31169787056b27d8b28e927225dad0799164f71fa278,8,0,206_PARTIAL_CONTENT,VERIFIED_SHA1_AND_SHA256
INV_edddad0c3ea5214a30e02e17771f276c011de80025ad2a339288a2894add912d,REMOTE_SOURCE_FILE,evidence,evidence_europepmc,output/evidence_europepmc/part-00007-621a7bae-da68-4f0d-b14a-61d21b19204c-c000.snappy.parquet,https://open-targets-public-data-releases.s3.amazonaws.com/platform/26.06/output/evidence_europepmc/part-00007-621a7bae-da68-4f0d-b14a-61d21b19204c-c000.snappy.parquet,77853475,7e411a7773ead64d0c23dba22fccb357e4964587bf23b2b5cc663ba2c427dab7,bd37261ba2f9c8e5542a710b2758d55ca3a6620a,81d45696b624315ff0cb6b28a589ef9d,2026-06-25T11:32:20.000Z,application/vnd.apache.parquet,209927,1,16,26139b9344f456d74cbf31169787056b27d8b28e927225dad0799164f71fa278,8,0,206_PARTIAL_CONTENT,VERIFIED_SHA1_AND_SHA256
INV_f56f2cbe9c4f13b6d98bdbdda7eef55ed4a42d2080f94ff4867108e403abaf78,REMOTE_SOURCE_FILE,evidence,evidence_europepmc,output/evidence_europepmc/part-00008-621a7bae-da68-4f0d-b14a-61d21b19204c-c000.snappy.parquet,https://open-targets-public-data-releases.s3.amazonaws.com/platform/26.06/output/evidence_europepmc/part-00008-621a7bae-da68-4f0d-b14a-61d21b19204c-c000.snappy.parquet,29156200,0d540353f424c6a7dffd4e7a4bd1ad5d0d8274ba2a0f722dab6fa3ba44fad000,19712de757d1253d0a6db367a3951e1444f6f224,23d179c49694fead791784188afff2e8,2026-06-25T11:32:27.000Z,application/vnd.apache.parquet,78828,1,16,26139b9344f456d74cbf31169787056b27d8b28e927225dad0799164f71fa278,8,0,206_PARTIAL_CONTENT,VERIFIED_SHA1_AND_SHA256
INV_e08e1fe22e13e8f13c03fe0a0c7d9f75a884a01fbb7ebebda1a8a1950463be7f,REMOTE_SOURCE_FILE,evidence,evidence_europepmc,output/evidence_europepmc/part-00009-621a7bae-da68-4f0d-b14a-61d21b19204c-c000.snappy.parquet,https://open-targets-public-data-releases.s3.amazonaws.com/platform/26.06/output/evidence_europepmc/part-00009-621a7bae-da68-4f0d-b14a-61d21b19204c-c000.snappy.parquet,29430204,8fd14ec93bb751167d75060b894202b3fdb706ec533611975951e39237cac8ca,51ec620119ad0c16df7b6ef9224d9c3daad35ad4,e4454a9c13df05c47230a2d8e5435e1d,2026-06-25T11:32:29.000Z,application/vnd.apache.parquet,78865,1,16,26139b9344f456d74cbf31169787056b27d8b28e927225dad0799164f71fa278,8,0,206_PARTIAL_CONTENT,VERIFIED_SHA1_AND_SHA256
INV_3835414e7a882c9af6385b4e2f5e2c9ecf966e83f8723a48dcd602b842ce9401,REMOTE_SOURCE_FILE,evidence,evidence_europepmc,output/evidence_europepmc/part-00010-621a7bae-da68-4f0d-b14a-61d21b19204c-c000.snappy.parquet,https://open-targets-public-data-releases.s3.amazonaws.com/platform/26.06/output/evidence_europepmc/part-00010-621a7bae-da68-4f0d-b14a-61d21b19204c-c000.snappy.parquet,67846512,584d1b416da4af3723f13207e0f1660ce4fac8c95e15af7482adac17ece63d7b,cfe54723fd693b0d6b61e186a2989b506d891546,579d809fc3625b640f57c447a7279432,2026-06-25T11:32:31.000Z,application/vnd.apache.parquet,183233,1,16,26139b9344f456d74cbf31169787056b27d8b28e927225dad0799164f71fa278,8,0,206_PARTIAL_CONTENT,VERIFIED_SHA1_AND_SHA256
INV_f98bbf0f1d2684c53e46aab5cfcca4c195f528db11e9b1fdef040e56a50a3604,REMOTE_SOURCE_FILE,evidence,evidence_europepmc,output/evidence_europepmc/part-00011-621a7bae-da68-4f0d-b14a-61d21b19204c-c000.snappy.parquet,https://open-targets-public-data-releases.s3.amazonaws.com/platform/26.06/output/evidence_europepmc/part-00011-621a7bae-da68-4f0d-b14a-61d21b19204c-c000.snappy.parquet,77515371,374ad4c44e78cdb313df33265e4d6a5d3697653e36e50a7ca2a487fb082042bc,730decec631230ee181f87512c4c1bfc0fe64f9b,b5a587a5f09a6065ee5c96db2e248c4a,2026-06-25T11:32:32.000Z,application/vnd.apache.parquet,209201,1,16,26139b9344f456d74cbf31169787056b27d8b28e927225dad0799164f71fa278,8,0,206_PARTIAL_CONTENT,VERIFIED_SHA1_AND_SHA256
INV_1b5f9687d5a27512b4447cb8001557ea1b9e28d4810c3cfaa149dd14234ed3cd,REMOTE_SOURCE_FILE,evidence,evidence_europepmc,output/evidence_europepmc/part-00012-621a7bae-da68-4f0d-b14a-61d21b19204c-c000.snappy.parquet,https://open-targets-public-data-releases.s3.amazonaws.com/platform/26.06/output/evidence_europepmc/part-00012-621a7bae-da68-4f0d-b14a-61d21b19204c-c000.snappy.parquet,77599148,ad3e36442d947c998ae2341f076428f91a6b7b9690e85309c32b1548b0edb2fa,3c04dd93d17e2947d88fec3b604882ec17483104,372793f63d813a708e1ea99c515bfaad,2026-06-25T11:32:33.000Z,application/vnd.apache.parquet,209597,1,16,26139b9344f456d74cbf31169787056b27d8b28e927225dad0799164f71fa278,8,0,206_PARTIAL_CONTENT,VERIFIED_SHA1_AND_SHA256
INV_7d408c25020b4f9b31732033c456887bbc8514c3cc2714b3a22245048c607f12,REMOTE_SOURCE_FILE,evidence,evidence_europepmc,output/evidence_europepmc/part-00013-621a7bae-da68-4f0d-b14a-61d21b19204c-c000.snappy.parquet,https://open-targets-public-data-releases.s3.amazonaws.com/platform/26.06/output/evidence_europepmc/part-00013-621a7bae-da68-4f0d-b14a-61d21b19204c-c000.snappy.parquet,77623925,016fa388c1c080380977aec536ef9b5c05890746bd1f485364e4314737a0094e,38263ca54ebfa7139bd2faff36185e09b5c8c551,5fdf64769440482cef2577118348ae15,2026-06-25T11:32:34.000Z,application/vnd.apache.parquet,209178,1,16,26139b9344f456d74cbf31169787056b27d8b28e927225dad0799164f71fa278,8,0,206_PARTIAL_CONTENT,VERIFIED_SHA1_AND_SHA256
INV_f2a4c1581880ad7fd7f2d53fae958642f97b73a5d496715a659936b158b75c43,REMOTE_SOURCE_FILE,evidence,evidence_europepmc,output/evidence_europepmc/part-00014-621a7bae-da68-4f0d-b14a-61d21b19204c-c000.snappy.parquet,https://open-targets-public-data-releases.s3.amazonaws.com/platform/26.06/output/evidence_europepmc/part-00014-621a7bae-da68-4f0d-b14a-61d21b19204c-c000.snappy.parquet,77246215,ba1e07f187b85b7b0cb91d8892960d9a2e553c1bfac00ba379839a0feab8ac87,7f4fa5338d6ef09ce5f92920e5cf1e995e03e2cb,a208a229918d16fae99ee5f9a98d6357,2026-06-25T11:32:42.000Z,application/vnd.apache.parquet,209285,1,16,26139b9344f456d74cbf31169787056b27d8b28e927225dad0799164f71fa278,8,0,206_PARTIAL_CONTENT,VERIFIED_SHA1_AND_SHA256
INV_98a3d30cdd4a816c494654e83c9c186efd75359ea7de181aecf8d72956a9ab4b,REMOTE_SOURCE_FILE,evidence,evidence_europepmc,output/evidence_europepmc/part-00015-621a7bae-da68-4f0d-b14a-61d21b19204c-c000.snappy.parquet,https://open-targets-public-data-releases.s3.amazonaws.com/platform/26.06/output/evidence_europepmc/part-00015-621a7bae-da68-4f0d-b14a-61d21b19204c-c000.snappy.parquet,97119439,a917eee63b62ab877278524268b9f277885ad52326f269833c89b282e1d1af45,a781800c583e33a6ef10796991f7d122b1d73990,d93a49545595b97c7bbf84b7d45d0fe5,2026-06-25T11:32:45.000Z,application/vnd.apache.parquet,262409,1,16,26139b9344f456d74cbf31169787056b27d8b28e927225dad0799164f71fa278,8,0,206_PARTIAL_CONTENT,VERIFIED_SHA1_AND_SHA256
INV_de62b7210c8283014ceebeffad8d1bcf1cf3ff3223b70624505accd0a6b8673a,REMOTE_SOURCE_FILE,evidence,evidence_europepmc,output/evidence_europepmc/part-00016-621a7bae-da68-4f0d-b14a-61d21b19204c-c000.snappy.parquet,https://open-targets-public-data-releases.s3.amazonaws.com/platform/26.06/output/evidence_europepmc/part-00016-621a7bae-da68-4f0d-b14a-61d21b19204c-c000.snappy.parquet,96415060,23e0e7983d834d8ad34cacb05cf96fc5d877bec33df1858ad0f6dab37e6d1b46,bf1109eee2957f4419d3b80a64b582c859df179c,00581482029130da110c47bb6994b723,2026-06-25T11:32:46.000Z,application/vnd.apache.parquet,260828,1,16,26139b9344f456d74cbf31169787056b27d8b28e927225dad0799164f71fa278,8,0,206_PARTIAL_CONTENT,VERIFIED_SHA1_AND_SHA256
INV_828e9fd1e73c7a1b8e7d0f22d8aa934af30c571aefd3260590108a1d177ab5f3,REMOTE_SOURCE_FILE,evidence,evidence_europepmc,output/evidence_europepmc/part-00017-621a7bae-da68-4f0d-b14a-61d21b19204c-c000.snappy.parquet,https://open-targets-public-data-releases.s3.amazonaws.com/platform/26.06/output/evidence_europepmc/part-00017-621a7bae-da68-4f0d-b14a-61d21b19204c-c000.snappy.parquet,77770329,36fac0c0ef27042aed676475e8e6ae612c8329aa5e30d70bc6257928a70aa834,2b869e196a08779736deeff57bf00e506be6c201,9fc93cbf45d790f4838c2a2f94f32915,2026-06-25T11:32:47.000Z,application/vnd.apache.parquet,209334,1,16,26139b9344f456d74cbf31169787056b27d8b28e927225dad0799164f71fa278,8,0,206_PARTIAL_CONTENT,VERIFIED_SHA1_AND_SHA256
INV_cc6e84e45430e5c809d94b2a73e50765e253870154bfc925851f77243a2fd97e,REMOTE_SOURCE_FILE,evidence,evidence_europepmc,output/evidence_europepmc/part-00018-621a7bae-da68-4f0d-b14a-61d21b19204c-c000.snappy.parquet,https://open-targets-public-data-releases.s3.amazonaws.com/platform/26.06/output/evidence_europepmc/part-00018-621a7bae-da68-4f0d-b14a-61d21b19204c-c000.snappy.parquet,97246958,fe5bdb0170769d074793c0770711a6660a63f5221ea96d41abcc8c0619008716,40f51cfaec3290fc5e7ef57a731480f03259f28f,a039c835c1cca5e25c83ffc2d1ba50bc,2026-06-25T11:32:55.000Z,application/vnd.apache.parquet,262594,1,16,26139b9344f456d74cbf31169787056b27d8b28e927225dad0799164f71fa278,8,0,206_PARTIAL_CONTENT,VERIFIED_SHA1_AND_SHA256
INV_a9cf7893186d30df71730ae4f93deb1e73bcf8202799c37b436ff5cd822e763c,REMOTE_SOURCE_FILE,evidence,evidence_europepmc,output/evidence_europepmc/part-00019-621a7bae-da68-4f0d-b14a-61d21b19204c-c000.snappy.parquet,https://open-targets-public-data-releases.s3.amazonaws.com/platform/26.06/output/evidence_europepmc/part-00019-621a7bae-da68-4f0d-b14a-61d21b19204c-c000.snappy.parquet,77636779,a12be31ebea6384a83a31578031f02ed03d7a43d9e8edcce8f710ec731fe55df,c27f19a3762a4b8fa8da53cc2f527ae7f83b50f2,863c0461284fa48447aee2f4101c7bd3,2026-06-25T11:33:00.000Z,application/vnd.apache.parquet,208859,1,16,26139b9344f456d74cbf31169787056b27d8b28e927225dad0799164f71fa278,8,0,206_PARTIAL_CONTENT,VERIFIED_SHA1_AND_SHA256
INV_cd8e55ff68803994897fe2a8117a0df0c706e945d9fb6b3d4c3fc17736c78902,REMOTE_SOURCE_FILE,evidence,evidence_europepmc,output/evidence_europepmc/part-00020-621a7bae-da68-4f0d-b14a-61d21b19204c-c000.snappy.parquet,https://open-targets-public-data-releases.s3.amazonaws.com/platform/26.06/output/evidence_europepmc/part-00020-621a7bae-da68-4f0d-b14a-61d21b19204c-c000.snappy.parquet,96707158,65872091d96065b9dc66bd8c200a75ecbf072eae13ac42ce587ff499cd13fc54,d07e15d253c358b071e3ca15519334541a885af3,29764eef99e200eaed9307aa51ced468,2026-06-25T11:33:02.000Z,application/vnd.apache.parquet,261168,1,16,26139b9344f456d74cbf31169787056b27d8b28e927225dad0799164f71fa278,8,0,206_PARTIAL_CONTENT,VERIFIED_SHA1_AND_SHA256
INV_61e6c2b869cbd085057975e2116bc50e654be506fd9869f6b935fee2c879f5dd,REMOTE_SOURCE_FILE,evidence,evidence_europepmc,output/evidence_europepmc/part-00021-621a7bae-da68-4f0d-b14a-61d21b19204c-c000.snappy.parquet,https://open-targets-public-data-releases.s3.amazonaws.com/platform/26.06/output/evidence_europepmc/part-00021-621a7bae-da68-4f0d-b14a-61d21b19204c-c000.snappy.parquet,77128605,2bde33e284babcbc76b90253cb51529929180a69156c843a3ee67092c76abb30,bfaa16f9487abb8824103addab4751728695a026,914cfd2e0ea70f59b37d9aa5d099e678,2026-06-25T11:33:02.000Z,application/vnd.apache.parquet,208929,1,16,26139b9344f456d74cbf31169787056b27d8b28e927225dad0799164f71fa278,8,0,206_PARTIAL_CONTENT,VERIFIED_SHA1_AND_SHA256
INV_e61c3a8950d1f618328d97f15dca3cc7c554a6712482ec82d058bacb8c081f39,REMOTE_SOURCE_FILE,evidence,evidence_europepmc,output/evidence_europepmc/part-00022-621a7bae-da68-4f0d-b14a-61d21b19204c-c000.snappy.parquet,https://open-targets-public-data-releases.s3.amazonaws.com/platform/26.06/output/evidence_europepmc/part-00022-621a7bae-da68-4f0d-b14a-61d21b19204c-c000.snappy.parquet,87131831,84aa90b19f11836dcdbdbd3e82aebd50fb5142e7109f623429ad9ca60a344fe8,13f3a1389a50699f6c615403d69f744a2e7ebf02,7da7174c69a76346c676c87404cdf4a6,2026-06-25T11:33:12.000Z,application/vnd.apache.parquet,235899,1,16,26139b9344f456d74cbf31169787056b27d8b28e927225dad0799164f71fa278,8,0,206_PARTIAL_CONTENT,VERIFIED_SHA1_AND_SHA256
INV_29d731bae57a51cac1db9f7f3c55da8be81b43c8d1dec17a266084191e0e772a,REMOTE_SOURCE_FILE,evidence,evidence_europepmc,output/evidence_europepmc/part-00023-621a7bae-da68-4f0d-b14a-61d21b19204c-c000.snappy.parquet,https://open-targets-public-data-releases.s3.amazonaws.com/platform/26.06/output/evidence_europepmc/part-00023-621a7bae-da68-4f0d-b14a-61d21b19204c-c000.snappy.parquet,87565473,146efb48463b7e55137812b75df217c63b48ddbc38baab73ab9a41e764e119da,93fd985f082fe964e3837645e0494a4928e40b60,9562f85746ea9b20e4c46554403732b6,2026-06-25T11:33:14.000Z,application/vnd.apache.parquet,236413,1,16,26139b9344f456d74cbf31169787056b27d8b28e927225dad0799164f71fa278,8,0,206_PARTIAL_CONTENT,VERIFIED_SHA1_AND_SHA256
INV_343e0eb733734f1881b995d2142bbd6e3cc64bee5dc0fe82c7fd2e946473fd8f,REMOTE_SOURCE_FILE,evidence,evidence_europepmc,output/evidence_europepmc/part-00024-621a7bae-da68-4f0d-b14a-61d21b19204c-c000.snappy.parquet,https://open-targets-public-data-releases.s3.amazonaws.com/platform/26.06/output/evidence_europepmc/part-00024-621a7bae-da68-4f0d-b14a-61d21b19204c-c000.snappy.parquet,96696610,20a942a34afa11d469a42a03a794c88872023885fbabb1c84e15759c5ad2ef2f,0b63774a89ed9b961a0fd79e50bcf6a5929f52c6,5892fe51f2eacc419f24ee176cedc6ff,2026-06-25T11:33:15.000Z,application/vnd.apache.parquet,261546,1,16,26139b9344f456d74cbf31169787056b27d8b28e927225dad0799164f71fa278,8,0,206_PARTIAL_CONTENT,VERIFIED_SHA1_AND_SHA256
INV_ea59af404409a8093d0342280e3092609b6e99ca338ee8e89db042db2b4284fe,REMOTE_SOURCE_FILE,evidence,evidence_europepmc,output/evidence_europepmc/part-00025-621a7bae-da68-4f0d-b14a-61d21b19204c-c000.snappy.parquet,https://open-targets-public-data-releases.s3.amazonaws.com/platform/26.06/output/evidence_europepmc/part-00025-621a7bae-da68-4f0d-b14a-61d21b19204c-c000.snappy.parquet,19464759,9cfa59450d2054516aa38bbff019c9ca86b417c81e004ede8045f332f0dac5c3,e5a4102188b0b43af70929b9cc3421b82d6a7bfb,9e299036f802e53fedf079c926d64443,2026-06-25T11:33:18.000Z,application/vnd.apache.parquet,52301,1,16,26139b9344f456d74cbf31169787056b27d8b28e927225dad0799164f71fa278,8,0,206_PARTIAL_CONTENT,VERIFIED_SHA1_AND_SHA256
INV_c95779e327d6f2f68f79b9381ff8096bb737141444c010fec8637ecfccaeef0f,REMOTE_SOURCE_FILE,evidence,evidence_europepmc,output/evidence_europepmc/part-00026-621a7bae-da68-4f0d-b14a-61d21b19204c-c000.snappy.parquet,https://open-targets-public-data-releases.s3.amazonaws.com/platform/26.06/output/evidence_europepmc/part-00026-621a7bae-da68-4f0d-b14a-61d21b19204c-c000.snappy.parquet,67567388,8cf5730469fd02d355d2b126bc1860cd8a87a4bec09ff71605ea82f69b6619f5,ff250fd4d4e0fe98caa84b5fb9e0afdfff789093,db2d94d5f58cfab26391fa252613e9e9,2026-06-25T11:33:22.000Z,application/vnd.apache.parquet,183581,1,16,26139b9344f456d74cbf31169787056b27d8b28e927225dad0799164f71fa278,8,0,206_PARTIAL_CONTENT,VERIFIED_SHA1_AND_SHA256
INV_cd2653818bd6b05580b1c1ca1758abb0196bda0f9b061f5070fd4df172f9c391,REMOTE_SOURCE_FILE,evidence,evidence_europepmc,output/evidence_europepmc/part-00027-621a7bae-da68-4f0d-b14a-61d21b19204c-c000.snappy.parquet,https://open-targets-public-data-releases.s3.amazonaws.com/platform/26.06/output/evidence_europepmc/part-00027-621a7bae-da68-4f0d-b14a-61d21b19204c-c000.snappy.parquet,67731451,72372fb9fbec5af844e69317e1999b1f6d43ebc832cc22feae24d3eb5eca2197,e68e697daf202f13e5414b238b52e10a50a830c9,7c6f49e2e6449a47afaff3448607416e,2026-06-25T11:33:27.000Z,application/vnd.apache.parquet,183007,1,16,26139b9344f456d74cbf31169787056b27d8b28e927225dad0799164f71fa278,8,0,206_PARTIAL_CONTENT,VERIFIED_SHA1_AND_SHA256
INV_283740428ed4ac3451d95bdd4d64743087422168207c4dfe7c93dbb70108a31c,REMOTE_SOURCE_FILE,evidence,evidence_europepmc,output/evidence_europepmc/part-00028-621a7bae-da68-4f0d-b14a-61d21b19204c-c000.snappy.parquet,https://open-targets-public-data-releases.s3.amazonaws.com/platform/26.06/output/evidence_europepmc/part-00028-621a7bae-da68-4f0d-b14a-61d21b19204c-c000.snappy.parquet,67934177,197ec09e2645955859e557494ce3b04d2d98df67245da498841d97b711c158b0,b59f9d5fea47b35d04671dedb63792f5040086a9,60543c000b135d146d2bef439d1987ef,2026-06-25T11:33:28.000Z,application/vnd.apache.parquet,183434,1,16,26139b9344f456d74cbf31169787056b27d8b28e927225dad0799164f71fa278,8,0,206_PARTIAL_CONTENT,VERIFIED_SHA1_AND_SHA256
INV_96c680c51fb65aa267c452568a1a3d1e92f8e2700bf1aec71ff0db397025618a,REMOTE_SOURCE_FILE,evidence,evidence_europepmc,output/evidence_europepmc/part-00029-621a7bae-da68-4f0d-b14a-61d21b19204c-c000.snappy.parquet,https://open-targets-public-data-releases.s3.amazonaws.com/platform/26.06/output/evidence_europepmc/part-00029-621a7bae-da68-4f0d-b14a-61d21b19204c-c000.snappy.parquet,87361753,6f1801e8daba4fc70872deedf738b6860c53d1d514ef0bb8d9ca7f65ccc43299,95201e621e743b929348345a93dc004a6352224b,47433d6c12f16413901ef7c7fbd15c5a,2026-06-25T11:33:32.000Z,application/vnd.apache.parquet,235419,1,16,26139b9344f456d74cbf31169787056b27d8b28e927225dad0799164f71fa278,8,0,206_PARTIAL_CONTENT,VERIFIED_SHA1_AND_SHA256
INV_8f476341f366f9e1e10311ea955a87f813641819023237bff6c12a5dac60cb2f,REMOTE_SOURCE_FILE,evidence,evidence_europepmc,output/evidence_europepmc/part-00030-621a7bae-da68-4f0d-b14a-61d21b19204c-c000.snappy.parquet,https://open-targets-public-data-releases.s3.amazonaws.com/platform/26.06/output/evidence_europepmc/part-00030-621a7bae-da68-4f0d-b14a-61d21b19204c-c000.snappy.parquet,77842447,8d2560437a77ef863a596da0616e987234b1c767c81d06135448077c941f940c,9d348c3c29e8d944ea4463130949c8b9ea3a3ca9,363573fc4f2c2ab3f26b43c2e43df186,2026-06-25T11:33:33.000Z,application/vnd.apache.parquet,209927,1,16,26139b9344f456d74cbf31169787056b27d8b28e927225dad0799164f71fa278,8,0,206_PARTIAL_CONTENT,VERIFIED_SHA1_AND_SHA256
INV_58ff8c02de711865e12da5946ede7849e49e8cf001c2ae3e67b070f99c76c411,REMOTE_SOURCE_FILE,evidence,evidence_europepmc,output/evidence_europepmc/part-00031-621a7bae-da68-4f0d-b14a-61d21b19204c-c000.snappy.parquet,https://open-targets-public-data-releases.s3.amazonaws.com/platform/26.06/output/evidence_europepmc/part-00031-621a7bae-da68-4f0d-b14a-61d21b19204c-c000.snappy.parquet,87393678,4c441e842710ed366b343f27aa87a52b3864de3421b1629cc089a5f3f115698a,9cfe5570c109caba9f5fe7dd0f8f08cee2fe54ae,8f9979e4eebd9289e476cf3c6e23d34c,2026-06-25T11:33:38.000Z,application/vnd.apache.parquet,236026,1,16,26139b9344f456d74cbf31169787056b27d8b28e927225dad0799164f71fa278,8,0,206_PARTIAL_CONTENT,VERIFIED_SHA1_AND_SHA256
INV_f07ee3f9595ed23318a1a11d0cc942504d586fe45beffbbd167b54f16352d81e,REMOTE_SOURCE_FILE,evidence,evidence_europepmc,output/evidence_europepmc/part-00032-621a7bae-da68-4f0d-b14a-61d21b19204c-c000.snappy.parquet,https://open-targets-public-data-releases.s3.amazonaws.com/platform/26.06/output/evidence_europepmc/part-00032-621a7bae-da68-4f0d-b14a-61d21b19204c-c000.snappy.parquet,67842773,732f2ae6978e5bc2aee433dbcbade859e554f798091a14fdf810fb5947154956,dbd33d9442d9ccd747b5ff0c2765d31634deeaa9,3fa87d4d3d324cdf02637152538f3dbd,2026-06-25T11:33:40.000Z,application/vnd.apache.parquet,182868,1,16,26139b9344f456d74cbf31169787056b27d8b28e927225dad0799164f71fa278,8,0,206_PARTIAL_CONTENT,VERIFIED_SHA1_AND_SHA256
INV_64553fb8cd27fb1312b049a7f3f70cfbe16cbf3e0ed3569e19c889d855f671b8,REMOTE_SOURCE_FILE,evidence,evidence_europepmc,output/evidence_europepmc/part-00033-621a7bae-da68-4f0d-b14a-61d21b19204c-c000.snappy.parquet,https://open-targets-public-data-releases.s3.amazonaws.com/platform/26.06/output/evidence_europepmc/part-00033-621a7bae-da68-4f0d-b14a-61d21b19204c-c000.snappy.parquet,68109785,26699a23e83fce4d2bbe49b5bb25bfbdd7aeb34a6dde31cd186a8e64de22495e,dede1bbecf76882d2fe0db878c59ad354d06e6bc,147059f5bb90682bec453a19828cea3e,2026-06-25T11:33:46.000Z,application/vnd.apache.parquet,184158,1,16,26139b9344f456d74cbf31169787056b27d8b28e927225dad0799164f71fa278,8,0,206_PARTIAL_CONTENT,VERIFIED_SHA1_AND_SHA256
INV_5bb4869a8e70bb674ac5fc3e107221a0a281251ab231948f3ae98e77b4fdc08b,REMOTE_SOURCE_FILE,evidence,evidence_europepmc,output/evidence_europepmc/part-00034-621a7bae-da68-4f0d-b14a-61d21b19204c-c000.snappy.parquet,https://open-targets-public-data-releases.s3.amazonaws.com/platform/26.06/output/evidence_europepmc/part-00034-621a7bae-da68-4f0d-b14a-61d21b19204c-c000.snappy.parquet,116668033,6d7ede3352b05338cc3bb6c2280d8f4fa031806a4c3185781c953961ca9d4a02,e82debadb22ebc1b40cce6743922efbabeb5302a,d122d65834ca23ae0693851b7e2da9e8,2026-06-25T11:33:46.000Z,application/vnd.apache.parquet,314186,1,16,26139b9344f456d74cbf31169787056b27d8b28e927225dad0799164f71fa278,8,0,206_PARTIAL_CONTENT,VERIFIED_SHA1_AND_SHA256
INV_72448833d8c97e82b23cc85c2a6a85d36d734144fdee1705286fadf06fc5cffd,REMOTE_SOURCE_FILE,evidence,evidence_europepmc,output/evidence_europepmc/part-00035-621a7bae-da68-4f0d-b14a-61d21b19204c-c000.snappy.parquet,https://open-targets-public-data-releases.s3.amazonaws.com/platform/26.06/output/evidence_europepmc/part-00035-621a7bae-da68-4f0d-b14a-61d21b19204c-c000.snappy.parquet,67572696,aa6ea125fb0f4e5dd71573a3e6f079c3aa4574438cd414b37a9b880590ae23f9,545f985fa51d204795caaca0d21e23286458603b,6e1bb3581210224304cf48ebc1ad2f8d,2026-06-25T11:33:51.000Z,application/vnd.apache.parquet,183143,1,16,26139b9344f456d74cbf31169787056b27d8b28e927225dad0799164f71fa278,8,0,206_PARTIAL_CONTENT,VERIFIED_SHA1_AND_SHA256
INV_3eb069beb0d42efdf57c15c8aad17072425f6e00436270b2d0b0ce976e73e65e,REMOTE_SOURCE_FILE,evidence,evidence_europepmc,output/evidence_europepmc/part-00036-621a7bae-da68-4f0d-b14a-61d21b19204c-c000.snappy.parquet,https://open-targets-public-data-releases.s3.amazonaws.com/platform/26.06/output/evidence_europepmc/part-00036-621a7bae-da68-4f0d-b14a-61d21b19204c-c000.snappy.parquet,67978482,d2abff8e3e9f1cf2fe5716bd3e9caf0db6a1e5966f2fbeb5e4215441dc983b24,230de2509787812c0f2b58c04e69282a860d535a,d3456d13a396032f627a94cc053d6008,2026-06-25T11:33:52.000Z,application/vnd.apache.parquet,183494,1,16,26139b9344f456d74cbf31169787056b27d8b28e927225dad0799164f71fa278,8,0,206_PARTIAL_CONTENT,VERIFIED_SHA1_AND_SHA256
INV_a6ac2cad8a8f3ce2a3bb191a70e4b34073e09aa8d1c77d86444523ae0baaf4f7,REMOTE_SOURCE_FILE,evidence,evidence_europepmc,output/evidence_europepmc/part-00037-621a7bae-da68-4f0d-b14a-61d21b19204c-c000.snappy.parquet,https://open-targets-public-data-releases.s3.amazonaws.com/platform/26.06/output/evidence_europepmc/part-00037-621a7bae-da68-4f0d-b14a-61d21b19204c-c000.snappy.parquet,67763500,9831a57edea5a26683b9ba9a633d40af7507cbbab1df48ccb7cfd22752f0cae2,05f4b01068b9c4368255b8bfe62f66953b00b1b8,153d1f3f1936222a2e8a51a41ef0f50d,2026-06-25T11:33:58.000Z,application/vnd.apache.parquet,182761,1,16,26139b9344f456d74cbf31169787056b27d8b28e927225dad0799164f71fa278,8,0,206_PARTIAL_CONTENT,VERIFIED_SHA1_AND_SHA256
INV_2402b41e431bcf874f7fe4b380617cf1b362dfc599bb6ca91f06b7169402ea4d,REMOTE_SOURCE_FILE,evidence,evidence_europepmc,output/evidence_europepmc/part-00038-621a7bae-da68-4f0d-b14a-61d21b19204c-c000.snappy.parquet,https://open-targets-public-data-releases.s3.amazonaws.com/platform/26.06/output/evidence_europepmc/part-00038-621a7bae-da68-4f0d-b14a-61d21b19204c-c000.snappy.parquet,87777017,c677eea3be72f506f81f8ea30f459a3462d8631f1ed1830b065486c9f813dcf9,109d06e279fcdd80aa6bb2d5eb4b749fc220d807,fb1e17bed1b23ddef4fe084764c144cd,2026-06-25T11:34:02.000Z,application/vnd.apache.parquet,236503,1,16,26139b9344f456d74cbf31169787056b27d8b28e927225dad0799164f71fa278,8,0,206_PARTIAL_CONTENT,VERIFIED_SHA1_AND_SHA256
INV_e924c15680c067900128b38ef202389db9b8b53b020fadc46a013999fa48b36b,REMOTE_SOURCE_FILE,evidence,evidence_europepmc,output/evidence_europepmc/part-00039-621a7bae-da68-4f0d-b14a-61d21b19204c-c000.snappy.parquet,https://open-targets-public-data-releases.s3.amazonaws.com/platform/26.06/output/evidence_europepmc/part-00039-621a7bae-da68-4f0d-b14a-61d21b19204c-c000.snappy.parquet,67903403,2d568486c43558b23eedbff2e1af66fec0ea312f1d7ce06893490ea2b01504b3,fa37c320a8b0d4931bf4682b6df885a94c3abb89,d099b22beef00a51eaa572626d7f3eda,2026-06-25T11:34:04.000Z,application/vnd.apache.parquet,183673,1,16,26139b9344f456d74cbf31169787056b27d8b28e927225dad0799164f71fa278,8,0,206_PARTIAL_CONTENT,VERIFIED_SHA1_AND_SHA256
INV_1e1af328aad2ba18206275943c5dc4a6e3bf64d42c31ffc98b824fdfc12ff373,REMOTE_SOURCE_FILE,evidence,evidence_europepmc,output/evidence_europepmc/part-00040-621a7bae-da68-4f0d-b14a-61d21b19204c-c000.snappy.parquet,https://open-targets-public-data-releases.s3.amazonaws.com/platform/26.06/output/evidence_europepmc/part-00040-621a7bae-da68-4f0d-b14a-61d21b19204c-c000.snappy.parquet,67870133,21696ba9c9a9eed36d5f92a8c0b8c2e7d297619467192f8e7e74491fbe06cbdd,3e37b372607854885a653c7c2d6bb596bae32adf,1d787090a53b1dd05c91fa4d9a232038,2026-06-25T11:34:06.000Z,application/vnd.apache.parquet,183823,1,16,26139b9344f456d74cbf31169787056b27d8b28e927225dad0799164f71fa278,8,0,206_PARTIAL_CONTENT,VERIFIED_SHA1_AND_SHA256
INV_591c62e22878867e2864ede52c199a9b3fee05c27f778766b5d8532aa99a0aa6,REMOTE_SOURCE_FILE,evidence,evidence_europepmc,output/evidence_europepmc/part-00041-621a7bae-da68-4f0d-b14a-61d21b19204c-c000.snappy.parquet,https://open-targets-public-data-releases.s3.amazonaws.com/platform/26.06/output/evidence_europepmc/part-00041-621a7bae-da68-4f0d-b14a-61d21b19204c-c000.snappy.parquet,96475401,c4828a614bf527d12f2e8f7d8578a021d8fe164aa8d50bb6891e8c88576e9d4f,0e9dd742a9cbafa6d60d89bf7e7d6aae27acff58,c502c22e6b3b0f76b75a2b98cadb5f00,2026-06-25T11:34:09.000Z,application/vnd.apache.parquet,260708,1,16,26139b9344f456d74cbf31169787056b27d8b28e927225dad0799164f71fa278,8,0,206_PARTIAL_CONTENT,VERIFIED_SHA1_AND_SHA256
INV_4009f6d23c25f40b3cd6bd970dd7c139dfc11d1ceacf115941a4b2d7d9bed306,REMOTE_SOURCE_FILE,evidence,evidence_europepmc,output/evidence_europepmc/part-00042-621a7bae-da68-4f0d-b14a-61d21b19204c-c000.snappy.parquet,https://open-targets-public-data-releases.s3.amazonaws.com/platform/26.06/output/evidence_europepmc/part-00042-621a7bae-da68-4f0d-b14a-61d21b19204c-c000.snappy.parquet,87958224,f151c7fdba8499a2c13ce13ec54a594367ce47f8eb06b64a7a821fb60cd579ef,fbd57c97f907b2d367f739d682de48251e0754d2,38c5430260a30b7b2de36306ca49def0,2026-06-25T11:34:16.000Z,application/vnd.apache.parquet,236376,1,16,26139b9344f456d74cbf31169787056b27d8b28e927225dad0799164f71fa278,8,0,206_PARTIAL_CONTENT,VERIFIED_SHA1_AND_SHA256
INV_1636957a45de5e43313993702d9dbdc2cbe809cbab696bc39accd18fb90582f4,REMOTE_SOURCE_FILE,evidence,evidence_europepmc,output/evidence_europepmc/part-00043-621a7bae-da68-4f0d-b14a-61d21b19204c-c000.snappy.parquet,https://open-targets-public-data-releases.s3.amazonaws.com/platform/26.06/output/evidence_europepmc/part-00043-621a7bae-da68-4f0d-b14a-61d21b19204c-c000.snappy.parquet,19450673,535cdf6af5a4241351dde31f73fb67cad13761482a9ca25b10e08b4a15ad976a,3dda58021c54ef0a49f7b87c39308cb538581a99,e3a26de98013955edd47fb7dcede718a,2026-06-25T11:34:17.000Z,application/vnd.apache.parquet,52170,1,16,26139b9344f456d74cbf31169787056b27d8b28e927225dad0799164f71fa278,8,0,206_PARTIAL_CONTENT,VERIFIED_SHA1_AND_SHA256
INV_154c66d8d262e9347c8bd1b5aee4986f58a30f6f94fba7da75d1c25002022d2c,REMOTE_SOURCE_FILE,evidence,evidence_europepmc,output/evidence_europepmc/part-00044-621a7bae-da68-4f0d-b14a-61d21b19204c-c000.snappy.parquet,https://open-targets-public-data-releases.s3.amazonaws.com/platform/26.06/output/evidence_europepmc/part-00044-621a7bae-da68-4f0d-b14a-61d21b19204c-c000.snappy.parquet,77396367,0d3c5bd3c9e5fc4c2fcf737e06d8362714bbcc581d493580e79bc7eee8814bc8,4c18ee016930577deaa1ffd1eedd972dfa5e8170,597890a5b3d5f8476ae45246e5ccd545,2026-06-25T11:34:17.000Z,application/vnd.apache.parquet,209088,1,16,26139b9344f456d74cbf31169787056b27d8b28e927225dad0799164f71fa278,8,0,206_PARTIAL_CONTENT,VERIFIED_SHA1_AND_SHA256
INV_c865fd3b98db3869c8c762fb930b0a4f96c33d1f7ed526f869937493fbe3ed01,REMOTE_SOURCE_FILE,evidence,evidence_europepmc,output/evidence_europepmc/part-00045-621a7bae-da68-4f0d-b14a-61d21b19204c-c000.snappy.parquet,https://open-targets-public-data-releases.s3.amazonaws.com/platform/26.06/output/evidence_europepmc/part-00045-621a7bae-da68-4f0d-b14a-61d21b19204c-c000.snappy.parquet,87630671,2452c9b1626d716e58bf09a9195a4a98d38565421dfee2d58ec3ec93865ba5c1,d8b7b757498777a049c5bb45cf86794d2e3eae70,a17f25ab823fe768d8e076f6f05e9949,2026-06-25T11:34:20.000Z,application/vnd.apache.parquet,236247,1,16,26139b9344f456d74cbf31169787056b27d8b28e927225dad0799164f71fa278,8,0,206_PARTIAL_CONTENT,VERIFIED_SHA1_AND_SHA256
INV_b5384c823223aecf9306eca1375830aa87bc41b4c54adf7457b50dbc7a9a25f5,REMOTE_SOURCE_FILE,evidence,evidence_europepmc,output/evidence_europepmc/part-00046-621a7bae-da68-4f0d-b14a-61d21b19204c-c000.snappy.parquet,https://open-targets-public-data-releases.s3.amazonaws.com/platform/26.06/output/evidence_europepmc/part-00046-621a7bae-da68-4f0d-b14a-61d21b19204c-c000.snappy.parquet,67496144,ba0fca471f54d32d90e4b5a09511667d78c45524c5950eaeef604f2a1db6d04d,688b6ad6b2112b66576884788a2441d01eef5a9a,f2a2d337bb0e456455594c50d089dea9,2026-06-25T11:34:25.000Z,application/vnd.apache.parquet,182587,1,16,26139b9344f456d74cbf31169787056b27d8b28e927225dad0799164f71fa278,8,0,206_PARTIAL_CONTENT,VERIFIED_SHA1_AND_SHA256
INV_6b46ee01479d1cd0367949d8ab9dbc9423f686883a44455455e2be9437ff3b88,REMOTE_SOURCE_FILE,evidence,evidence_europepmc,output/evidence_europepmc/part-00047-621a7bae-da68-4f0d-b14a-61d21b19204c-c000.snappy.parquet,https://open-targets-public-data-releases.s3.amazonaws.com/platform/26.06/output/evidence_europepmc/part-00047-621a7bae-da68-4f0d-b14a-61d21b19204c-c000.snappy.parquet,76938404,c944c72f66f11020ac7ef0696bb3e3d1293c01df55f5c83712976c3b1d85dabb,9673f909cf22705f6709f563152a75d04162fa52,b94778dd889bfb5a6777f5a18b6f569f,2026-06-25T11:34:30.000Z,application/vnd.apache.parquet,208469,1,16,26139b9344f456d74cbf31169787056b27d8b28e927225dad0799164f71fa278,8,0,206_PARTIAL_CONTENT,VERIFIED_SHA1_AND_SHA256
INV_27fd096613f2ca30eef0e34030c34ef1ec1b85819fa3d2a1b0f348be130101c6,REMOTE_SOURCE_FILE,evidence,evidence_europepmc,output/evidence_europepmc/part-00048-621a7bae-da68-4f0d-b14a-61d21b19204c-c000.snappy.parquet,https://open-targets-public-data-releases.s3.amazonaws.com/platform/26.06/output/evidence_europepmc/part-00048-621a7bae-da68-4f0d-b14a-61d21b19204c-c000.snappy.parquet,96933177,a13c5259bb075ce4f6a788ff01268429a3d6635d13ae57ac5af769b70c9fbfde,64820fc3fec06a90a63097d20c7abf23a5d1862b,6bfe2f3278a41949c8898f3aa5b100da,2026-06-25T11:34:31.000Z,application/vnd.apache.parquet,261820,1,16,26139b9344f456d74cbf31169787056b27d8b28e927225dad0799164f71fa278,8,0,206_PARTIAL_CONTENT,VERIFIED_SHA1_AND_SHA256
INV_6bcd405fb7fa1a5f8e1793499878cf648fe8aacbafacce0545baf9c659e31733,REMOTE_SOURCE_FILE,evidence,evidence_europepmc,output/evidence_europepmc/part-00049-621a7bae-da68-4f0d-b14a-61d21b19204c-c000.snappy.parquet,https://open-targets-public-data-releases.s3.amazonaws.com/platform/26.06/output/evidence_europepmc/part-00049-621a7bae-da68-4f0d-b14a-61d21b19204c-c000.snappy.parquet,67942676,40a17d8f4fd625bac9eac6592b6bd8bac74a2d229bfa6cc819d4adf48d798340,f128135016fce6513e416993021edf21b605f2e3,29fd4030e45c0e905719e11e033ec932,2026-06-25T11:34:35.000Z,application/vnd.apache.parquet,183246,1,16,26139b9344f456d74cbf31169787056b27d8b28e927225dad0799164f71fa278,8,0,206_PARTIAL_CONTENT,VERIFIED_SHA1_AND_SHA256
INV_2a5de512a67c0e3ef3c8a99fc0d06a11db6a455b4c60a47e72ae72c019876a9e,REMOTE_SOURCE_FILE,evidence,evidence_europepmc,output/evidence_europepmc/part-00050-621a7bae-da68-4f0d-b14a-61d21b19204c-c000.snappy.parquet,https://open-targets-public-data-releases.s3.amazonaws.com/platform/26.06/output/evidence_europepmc/part-00050-621a7bae-da68-4f0d-b14a-61d21b19204c-c000.snappy.parquet,87244836,d137a38c2a43324a5ebc3171611120102adaa236b635a39e575844f80367ced3,5b504c8e6739e720738c2ea6a6e3e754a7ba2553,1d832a9b742ed462056c480f9c8e218a,2026-06-25T11:34:37.000Z,application/vnd.apache.parquet,235222,1,16,26139b9344f456d74cbf31169787056b27d8b28e927225dad0799164f71fa278,8,0,206_PARTIAL_CONTENT,VERIFIED_SHA1_AND_SHA256
INV_7f709a51cb62e58cec7a421319de4523a86c42c1e43b1a1943612db22fa8ca0a,REMOTE_SOURCE_FILE,evidence,evidence_europepmc,output/evidence_europepmc/part-00051-621a7bae-da68-4f0d-b14a-61d21b19204c-c000.snappy.parquet,https://open-targets-public-data-releases.s3.amazonaws.com/platform/26.06/output/evidence_europepmc/part-00051-621a7bae-da68-4f0d-b14a-61d21b19204c-c000.snappy.parquet,87175607,f052472dd05ea561b3dd18be3bf8e964f96e3754d933dda7b710a907955244da,96a704d0aeb7b711287b22e85cbcf3949d513f8b,a469d61ca5acf6fc74b2dc84703d936e,2026-06-25T11:34:43.000Z,application/vnd.apache.parquet,235340,1,16,26139b9344f456d74cbf31169787056b27d8b28e927225dad0799164f71fa278,8,0,206_PARTIAL_CONTENT,VERIFIED_SHA1_AND_SHA256
INV_bc0ce1f69ef1429c4a93c30f46b547c102f96e8632d270700c48528894906e9b,REMOTE_SOURCE_FILE,evidence,evidence_europepmc,output/evidence_europepmc/part-00052-621a7bae-da68-4f0d-b14a-61d21b19204c-c000.snappy.parquet,https://open-targets-public-data-releases.s3.amazonaws.com/platform/26.06/output/evidence_europepmc/part-00052-621a7bae-da68-4f0d-b14a-61d21b19204c-c000.snappy.parquet,107119597,f25d6b52baf2ab0811bb9d66c3fc305b514a2a1c1e42aff2ad5b36b1d26c31ef,a42357ed7262a53e1bbd206885a6cd499456f108,f701a95af1932dc9e994bbbe5768c175,2026-06-25T11:34:47.000Z,application/vnd.apache.parquet,289365,1,16,26139b9344f456d74cbf31169787056b27d8b28e927225dad0799164f71fa278,8,0,206_PARTIAL_CONTENT,VERIFIED_SHA1_AND_SHA256
INV_bdb6c81ad431cf31abfe505fba3ecbbfd29db18f5d6ba1b4d0246484eb8456d1,REMOTE_SOURCE_FILE,evidence,evidence_europepmc,output/evidence_europepmc/part-00053-621a7bae-da68-4f0d-b14a-61d21b19204c-c000.snappy.parquet,https://open-targets-public-data-releases.s3.amazonaws.com/platform/26.06/output/evidence_europepmc/part-00053-621a7bae-da68-4f0d-b14a-61d21b19204c-c000.snappy.parquet,77988285,bdefb70144d4106e18f1452f448606e00715415ef1de282c791f2c1e46978c7f,a1e5e649d9a62945bf59c0e8ac728bf889695833,1582a00b4411bdd2cfbb82ebb3da4cb7,2026-06-25T11:34:47.000Z,application/vnd.apache.parquet,210046,1,16,26139b9344f456d74cbf31169787056b27d8b28e927225dad0799164f71fa278,8,0,206_PARTIAL_CONTENT,VERIFIED_SHA1_AND_SHA256
INV_00724ec0f3566ed4eacdfb6d85b62729050a3570eedf3899f58957f40eec4be0,REMOTE_SOURCE_FILE,evidence,evidence_europepmc,output/evidence_europepmc/part-00054-621a7bae-da68-4f0d-b14a-61d21b19204c-c000.snappy.parquet,https://open-targets-public-data-releases.s3.amazonaws.com/platform/26.06/output/evidence_europepmc/part-00054-621a7bae-da68-4f0d-b14a-61d21b19204c-c000.snappy.parquet,67734851,7ad9096534ec4a258c431e0dc0efa9af40c1f3950f4e0ebf1d3e1d5becc857ef,0007c9343c924e9bb8c6eaef3f06003254c15753,6e3e88849db02c3f00ff5df6b453d173,2026-06-25T11:34:51.000Z,application/vnd.apache.parquet,183028,1,16,26139b9344f456d74cbf31169787056b27d8b28e927225dad0799164f71fa278,8,0,206_PARTIAL_CONTENT,VERIFIED_SHA1_AND_SHA256
INV_f328ddfd1a6dd070665230bc792d2667d0d76a0b8567405c1ba25fbfe81c1212,REMOTE_SOURCE_FILE,evidence,evidence_europepmc,output/evidence_europepmc/part-00055-621a7bae-da68-4f0d-b14a-61d21b19204c-c000.snappy.parquet,https://open-targets-public-data-releases.s3.amazonaws.com/platform/26.06/output/evidence_europepmc/part-00055-621a7bae-da68-4f0d-b14a-61d21b19204c-c000.snappy.parquet,87035760,af7feaf06600ebfd8bae943321a254a5d644d87ad5279cabb629c5503c32a927,a7fc80c8089e1f10d9ca65efea21ccc17d911ad0,9f7aa3c89624d6900fb026e102ff1d79,2026-06-25T11:34:58.000Z,application/vnd.apache.parquet,235548,1,16,26139b9344f456d74cbf31169787056b27d8b28e927225dad0799164f71fa278,8,0,206_PARTIAL_CONTENT,VERIFIED_SHA1_AND_SHA256
INV_88194751bb25eb159695fb653691bf01b6758c197828e0e05aa4a043c9c6ff45,REMOTE_SOURCE_FILE,evidence,evidence_europepmc,output/evidence_europepmc/part-00056-621a7bae-da68-4f0d-b14a-61d21b19204c-c000.snappy.parquet,https://open-targets-public-data-releases.s3.amazonaws.com/platform/26.06/output/evidence_europepmc/part-00056-621a7bae-da68-4f0d-b14a-61d21b19204c-c000.snappy.parquet,67978955,7b466144fac8b08f6df68feeb904becee139d5c7b37f90c60f4cb789950e6d02,fd8225d653f48a51e6dcac6490f00b592a466292,5e7d83bd81b79d46811c0aa8db7a5b45,2026-06-25T11:35:00.000Z,application/vnd.apache.parquet,183528,1,16,26139b9344f456d74cbf31169787056b27d8b28e927225dad0799164f71fa278,8,0,206_PARTIAL_CONTENT,VERIFIED_SHA1_AND_SHA256
INV_a9b58263a93555e96336cbf2a27dfcd8a4d31b6abdc8fb8cfa71b103b43c93b3,REMOTE_SOURCE_FILE,evidence,evidence_europepmc,output/evidence_europepmc/part-00057-621a7bae-da68-4f0d-b14a-61d21b19204c-c000.snappy.parquet,https://open-targets-public-data-releases.s3.amazonaws.com/platform/26.06/output/evidence_europepmc/part-00057-621a7bae-da68-4f0d-b14a-61d21b19204c-c000.snappy.parquet,68352635,c10c3d885391bf9dc3317fa9ec3d731245cf40b2695b5094edf91b6313b222a0,05420cbfcb196a4bc9663ee221729628f6e85a17,9bda5b5257df58aaed770d83375636b9,2026-06-25T11:35:03.000Z,application/vnd.apache.parquet,184046,1,16,26139b9344f456d74cbf31169787056b27d8b28e927225dad0799164f71fa278,8,0,206_PARTIAL_CONTENT,VERIFIED_SHA1_AND_SHA256
INV_c667066d9c1a0af4724ff55dc79cd37f320d108797107d59e86f31e3ca5a403e,REMOTE_SOURCE_FILE,evidence,evidence_europepmc,output/evidence_europepmc/part-00058-621a7bae-da68-4f0d-b14a-61d21b19204c-c000.snappy.parquet,https://open-targets-public-data-releases.s3.amazonaws.com/platform/26.06/output/evidence_europepmc/part-00058-621a7bae-da68-4f0d-b14a-61d21b19204c-c000.snappy.parquet,106254710,a51e491b33476c26ce5d411cf0faf75e2d0410458113d3bb24d6fa6b022f0c2c,788fea1eb5e26edb9ecca452498461046040b32d,e680d28abbd9d3f47d84e7ba57209f7e,2026-06-25T11:35:05.000Z,application/vnd.apache.parquet,288298,1,16,26139b9344f456d74cbf31169787056b27d8b28e927225dad0799164f71fa278,8,0,206_PARTIAL_CONTENT,VERIFIED_SHA1_AND_SHA256
INV_d633cbcef1e0c932a6cc3a16597158b5b97fba7f934deeb5fc809c4b0a1727b2,REMOTE_SOURCE_FILE,evidence,evidence_europepmc,output/evidence_europepmc/part-00059-621a7bae-da68-4f0d-b14a-61d21b19204c-c000.snappy.parquet,https://open-targets-public-data-releases.s3.amazonaws.com/platform/26.06/output/evidence_europepmc/part-00059-621a7bae-da68-4f0d-b14a-61d21b19204c-c000.snappy.parquet,67791097,56a86bc6c65b00e9df729bc7b1a53256e45ecc7a617c13815242ff09853d7956,063941bc6e5011f9325754c42a10302b65e2777b,197bbb90917ac2eff113c9288db1f0cf,2026-06-25T11:35:12.000Z,application/vnd.apache.parquet,183807,1,16,26139b9344f456d74cbf31169787056b27d8b28e927225dad0799164f71fa278,8,0,206_PARTIAL_CONTENT,VERIFIED_SHA1_AND_SHA256
INV_cf58572d1969eeb568330d608d49964f534c74dff6ec95c96a8222e70d581c31,REMOTE_SOURCE_FILE,evidence,evidence_europepmc,output/evidence_europepmc/part-00060-621a7bae-da68-4f0d-b14a-61d21b19204c-c000.snappy.parquet,https://open-targets-public-data-releases.s3.amazonaws.com/platform/26.06/output/evidence_europepmc/part-00060-621a7bae-da68-4f0d-b14a-61d21b19204c-c000.snappy.parquet,97002500,8cbca7cd1486864ed0dc19e6e60c14e64c75951dc9c71dbea6c57971085850c8,0d5eedf7c091a2268cfb88076f1bb574fdd18dbf,3d24ed6c81930ea4d2ed24fa31a24055,2026-06-25T11:35:12.000Z,application/vnd.apache.parquet,262704,1,16,26139b9344f456d74cbf31169787056b27d8b28e927225dad0799164f71fa278,8,0,206_PARTIAL_CONTENT,VERIFIED_SHA1_AND_SHA256
INV_6fbcfc73fa8bd67e8d6a275d9d15b39217131b6507f363e5d5acc1ebab021046,REMOTE_SOURCE_FILE,evidence,evidence_europepmc,output/evidence_europepmc/part-00061-621a7bae-da68-4f0d-b14a-61d21b19204c-c000.snappy.parquet,https://open-targets-public-data-releases.s3.amazonaws.com/platform/26.06/output/evidence_europepmc/part-00061-621a7bae-da68-4f0d-b14a-61d21b19204c-c000.snappy.parquet,67422597,016ffcfe21ccf15f95a6cf4e635c5195a4b9db21965f4346b951b9ed47b2653a,19a5eeb820bdef7d21a236c0da1a08bcb74990ed,6198b08a32cb3312cab30553ccbffa0c,2026-06-25T11:35:15.000Z,application/vnd.apache.parquet,182324,1,16,26139b9344f456d74cbf31169787056b27d8b28e927225dad0799164f71fa278,8,0,206_PARTIAL_CONTENT,VERIFIED_SHA1_AND_SHA256
INV_942860aa1510e07ea1289b115fe74c774f3619103be4e396c619b86a9b5cc208,REMOTE_SOURCE_FILE,evidence,evidence_europepmc,output/evidence_europepmc/part-00062-621a7bae-da68-4f0d-b14a-61d21b19204c-c000.snappy.parquet,https://open-targets-public-data-releases.s3.amazonaws.com/platform/26.06/output/evidence_europepmc/part-00062-621a7bae-da68-4f0d-b14a-61d21b19204c-c000.snappy.parquet,67894729,f5eb44446a220410a6d2265d2a76c791aedfe53de4cfa8a66069ecd5ebf9b783,828fc08fcf63d5d87692d879d33019674d97bccc,45bfe71f33cb09eec15dce37d416209b,2026-06-25T11:35:23.000Z,application/vnd.apache.parquet,183953,1,16,26139b9344f456d74cbf31169787056b27d8b28e927225dad0799164f71fa278,8,0,206_PARTIAL_CONTENT,VERIFIED_SHA1_AND_SHA256
INV_b328735bdb582422bf57cd30c894ca8af395d8ef18f1f61f19e3b15a0cf6e2c5,REMOTE_SOURCE_FILE,evidence,evidence_europepmc,output/evidence_europepmc/part-00063-621a7bae-da68-4f0d-b14a-61d21b19204c-c000.snappy.parquet,https://open-targets-public-data-releases.s3.amazonaws.com/platform/26.06/output/evidence_europepmc/part-00063-621a7bae-da68-4f0d-b14a-61d21b19204c-c000.snappy.parquet,87773667,3b8c81ac103eb43bae97250d8a76f2da9ff098e1728dd091df65a40ee9fe1baa,4d4f1c8a049efd9e0c963da95f67669fd26d7d92,f6a1141b8a122b8002d1239663190eec,2026-06-25T11:35:24.000Z,application/vnd.apache.parquet,235698,1,16,26139b9344f456d74cbf31169787056b27d8b28e927225dad0799164f71fa278,8,0,206_PARTIAL_CONTENT,VERIFIED_SHA1_AND_SHA256
INV_177cd6369fde0bb44f06c7f89e0575fbd22dea491d370279c9bbdac43cb76b15,REMOTE_SOURCE_FILE,evidence,evidence_europepmc,output/evidence_europepmc/part-00064-621a7bae-da68-4f0d-b14a-61d21b19204c-c000.snappy.parquet,https://open-targets-public-data-releases.s3.amazonaws.com/platform/26.06/output/evidence_europepmc/part-00064-621a7bae-da68-4f0d-b14a-61d21b19204c-c000.snappy.parquet,87310511,8e5128ab5d5d6a066c232611807baa88f5abec464b1842b265d459efdd8e0303,a976ddefa2c5d3c755488b42512a4c6f1401fc39,3998901f18302f1fc246fd9d13c32949,2026-06-25T11:35:26.000Z,application/vnd.apache.parquet,235445,1,16,26139b9344f456d74cbf31169787056b27d8b28e927225dad0799164f71fa278,8,0,206_PARTIAL_CONTENT,VERIFIED_SHA1_AND_SHA256
INV_92754b132ddb395262a4c262a48ea7f3a3964cdcb3d28c355d5b4f8d78e690d1,REMOTE_SOURCE_FILE,evidence,evidence_europepmc,output/evidence_europepmc/part-00065-621a7bae-da68-4f0d-b14a-61d21b19204c-c000.snappy.parquet,https://open-targets-public-data-releases.s3.amazonaws.com/platform/26.06/output/evidence_europepmc/part-00065-621a7bae-da68-4f0d-b14a-61d21b19204c-c000.snappy.parquet,78059475,e76e9f6f504e5216b854f5ef64e3b2202e1c27dc30e8d6899fb64dc1c6d10be6,555a0f5b99efafb0ac7b72c108996c9b4926a08a,148803abef00ea19e196fa67071ba9bf,2026-06-25T11:35:29.000Z,application/vnd.apache.parquet,209409,1,16,26139b9344f456d74cbf31169787056b27d8b28e927225dad0799164f71fa278,8,0,206_PARTIAL_CONTENT,VERIFIED_SHA1_AND_SHA256
INV_eaef179b956dee19805d7274425f4bc8eca123f689e5a2aef1f3dea4cab077ca,REMOTE_SOURCE_FILE,evidence,evidence_europepmc,output/evidence_europepmc/part-00066-621a7bae-da68-4f0d-b14a-61d21b19204c-c000.snappy.parquet,https://open-targets-public-data-releases.s3.amazonaws.com/platform/26.06/output/evidence_europepmc/part-00066-621a7bae-da68-4f0d-b14a-61d21b19204c-c000.snappy.parquet,106602435,c278b6d0db93c9c0bb52df85eedacb6727dcfa033189bbed78345092b37e1558,60876ef9320f4c1fa1f3b92a79a96d7050cc61f2,89aefe408ef712900d5941a6e115ae28,2026-06-25T11:35:34.000Z,application/vnd.apache.parquet,288010,1,16,26139b9344f456d74cbf31169787056b27d8b28e927225dad0799164f71fa278,8,0,206_PARTIAL_CONTENT,VERIFIED_SHA1_AND_SHA256
INV_ca689583ebe203d3455c9fa065a49cc9b248eaba7096e88ac7815bb4676882ae,REMOTE_SOURCE_FILE,evidence,evidence_europepmc,output/evidence_europepmc/part-00067-621a7bae-da68-4f0d-b14a-61d21b19204c-c000.snappy.parquet,https://open-targets-public-data-releases.s3.amazonaws.com/platform/26.06/output/evidence_europepmc/part-00067-621a7bae-da68-4f0d-b14a-61d21b19204c-c000.snappy.parquet,68282631,06bf179982aad846511e5594723e41abf0a9d5e78e93dca67c215d960646bcca,1a3729f62b3247a48dc1ebf30195a966382a6aa3,a46592445b2145818de4511b0a317818,2026-06-25T11:35:39.000Z,application/vnd.apache.parquet,184197,1,16,26139b9344f456d74cbf31169787056b27d8b28e927225dad0799164f71fa278,8,0,206_PARTIAL_CONTENT,VERIFIED_SHA1_AND_SHA256
INV_5b31ae31c66ccb9a5e0364af30a966b2752a3614ac035de28e190188b8740396,REMOTE_SOURCE_FILE,evidence,evidence_europepmc,output/evidence_europepmc/part-00068-621a7bae-da68-4f0d-b14a-61d21b19204c-c000.snappy.parquet,https://open-targets-public-data-releases.s3.amazonaws.com/platform/26.06/output/evidence_europepmc/part-00068-621a7bae-da68-4f0d-b14a-61d21b19204c-c000.snappy.parquet,106943610,21e4ed75b1c40b5cb23d0b787003eef20ca76529156d7fd21ae218f4f21d1b53,d633a617253099b01d50b59d28eb6795edcf81f7,2e78f0f3a6298ecc053cb45086f53b55,2026-06-25T11:35:41.000Z,application/vnd.apache.parquet,287971,1,16,26139b9344f456d74cbf31169787056b27d8b28e927225dad0799164f71fa278,8,0,206_PARTIAL_CONTENT,VERIFIED_SHA1_AND_SHA256
INV_e2fa542b4de7a1228c57eca45827ee44c4f496c2352e448b13413307a284423b,REMOTE_SOURCE_FILE,evidence,evidence_europepmc,output/evidence_europepmc/part-00069-621a7bae-da68-4f0d-b14a-61d21b19204c-c000.snappy.parquet,https://open-targets-public-data-releases.s3.amazonaws.com/platform/26.06/output/evidence_europepmc/part-00069-621a7bae-da68-4f0d-b14a-61d21b19204c-c000.snappy.parquet,67984980,70dd8a9d06a612ecda605e4f1396ebce2169b0e48882b4584f2e04e07c324bcf,5607672e6e44d72c671883f0b5ede3f4440df852,209b7b3354e3d870c576f1c340cdca3c,2026-06-25T11:35:42.000Z,application/vnd.apache.parquet,183541,1,16,26139b9344f456d74cbf31169787056b27d8b28e927225dad0799164f71fa278,8,0,206_PARTIAL_CONTENT,VERIFIED_SHA1_AND_SHA256
INV_0d4015368fa3a355349f62e94f17bf3adaec6ec0d72cef7a414944d8a4a4096b,REMOTE_SOURCE_FILE,evidence,evidence_europepmc,output/evidence_europepmc/part-00070-621a7bae-da68-4f0d-b14a-61d21b19204c-c000.snappy.parquet,https://open-targets-public-data-releases.s3.amazonaws.com/platform/26.06/output/evidence_europepmc/part-00070-621a7bae-da68-4f0d-b14a-61d21b19204c-c000.snappy.parquet,77853710,cc7e6ec7f5cb657b9f370f06031c66f30d8727393bd1de9ff15b75785a745b8e,f1a3dd72d803f2c2653ba069b47abb9d06479edb,10871c805264ddaed1121f0b1fb18ef4,2026-06-25T11:35:50.000Z,application/vnd.apache.parquet,210295,1,16,26139b9344f456d74cbf31169787056b27d8b28e927225dad0799164f71fa278,8,0,206_PARTIAL_CONTENT,VERIFIED_SHA1_AND_SHA256
INV_641b741d860b91a9faf158d930466367857b768d3df27ec676f0055a41e9ed14,REMOTE_SOURCE_FILE,evidence,evidence_europepmc,output/evidence_europepmc/part-00071-621a7bae-da68-4f0d-b14a-61d21b19204c-c000.snappy.parquet,https://open-targets-public-data-releases.s3.amazonaws.com/platform/26.06/output/evidence_europepmc/part-00071-621a7bae-da68-4f0d-b14a-61d21b19204c-c000.snappy.parquet,67748288,fcdc6738ff404b0dbc668208bd1a132b390f0dc6fbe701b9886eca79e047796a,13a1c2ebc59d71e0ad549d8bcaccc132aa3b2fc8,6898eb8c9ce1db8ca08c9ae92e586cfe,2026-06-25T11:35:52.000Z,application/vnd.apache.parquet,182667,1,16,26139b9344f456d74cbf31169787056b27d8b28e927225dad0799164f71fa278,8,0,206_PARTIAL_CONTENT,VERIFIED_SHA1_AND_SHA256
INV_2893eba48e3497b866340e6fd4dcfbe3d831e2a31922996756fcfd8ef8c7eb55,REMOTE_SOURCE_FILE,evidence,evidence_europepmc,output/evidence_europepmc/part-00072-621a7bae-da68-4f0d-b14a-61d21b19204c-c000.snappy.parquet,https://open-targets-public-data-releases.s3.amazonaws.com/platform/26.06/output/evidence_europepmc/part-00072-621a7bae-da68-4f0d-b14a-61d21b19204c-c000.snappy.parquet,97471763,dac7b4332027cb176139c53c57f9aba903c3ac5567e517d23d77296e227c6d46,30f4be7592671ce299514f2c75e956012bf7531b,56ebc8d666252dbbe1be836f227572a5,2026-06-25T11:35:54.000Z,application/vnd.apache.parquet,262377,1,16,26139b9344f456d74cbf31169787056b27d8b28e927225dad0799164f71fa278,8,0,206_PARTIAL_CONTENT,VERIFIED_SHA1_AND_SHA256
INV_16c8ebb44f7fd3e248b7624b2d21dd61ff526096fb5ab62f9249a80d5e795899,REMOTE_SOURCE_FILE,evidence,evidence_europepmc,output/evidence_europepmc/part-00073-621a7bae-da68-4f0d-b14a-61d21b19204c-c000.snappy.parquet,https://open-targets-public-data-releases.s3.amazonaws.com/platform/26.06/output/evidence_europepmc/part-00073-621a7bae-da68-4f0d-b14a-61d21b19204c-c000.snappy.parquet,57998606,21f51d8ea3385e0857420c2a4f8a1a42e6478d29fdbf8eece578cfff0dd0ad1a,2d8ae92787f77a3ab977a90eb468eae34dcbfc18,590660444e1f1276822868c33f681940,2026-06-25T11:35:59.000Z,application/vnd.apache.parquet,157467,1,16,26139b9344f456d74cbf31169787056b27d8b28e927225dad0799164f71fa278,8,0,206_PARTIAL_CONTENT,VERIFIED_SHA1_AND_SHA256
INV_d9bfcb313138b7a67067a53753c1cf5053ec306edc0e2dcec18b43b6271bbe08,REMOTE_SOURCE_FILE,evidence,evidence_europepmc,output/evidence_europepmc/part-00074-621a7bae-da68-4f0d-b14a-61d21b19204c-c000.snappy.parquet,https://open-targets-public-data-releases.s3.amazonaws.com/platform/26.06/output/evidence_europepmc/part-00074-621a7bae-da68-4f0d-b14a-61d21b19204c-c000.snappy.parquet,58228281,ec7e1ec15bb5dc14c98e06667c9bb200502ebe90e70a97ad44109e3bfab211a1,27cf92c8601f331165efe410fcd3b74da9685310,b848f2d893c5ebb74140ffcd4704791a,2026-06-25T11:36:04.000Z,application/vnd.apache.parquet,157084,1,16,26139b9344f456d74cbf31169787056b27d8b28e927225dad0799164f71fa278,8,0,206_PARTIAL_CONTENT,VERIFIED_SHA1_AND_SHA256
INV_01b0474654ed066b1cc31c934bcce3f7c8c45ee95d24f9e83a229712407d54f1,REMOTE_SOURCE_FILE,evidence,evidence_europepmc,output/evidence_europepmc/part-00075-621a7bae-da68-4f0d-b14a-61d21b19204c-c000.snappy.parquet,https://open-targets-public-data-releases.s3.amazonaws.com/platform/26.06/output/evidence_europepmc/part-00075-621a7bae-da68-4f0d-b14a-61d21b19204c-c000.snappy.parquet,87163297,00b393daff156ea10bbc936ed929bb63a8451c8b8f29b9a0ff74baa99ffd874a,0a36f6e552c865e34d6f4005a5382b6edaf2ec6c,ff80313384ead2f227537d88241a0770,2026-06-25T11:36:04.000Z,application/vnd.apache.parquet,236120,1,16,26139b9344f456d74cbf31169787056b27d8b28e927225dad0799164f71fa278,8,0,206_PARTIAL_CONTENT,VERIFIED_SHA1_AND_SHA256
INV_f12f6e243e1789418843206226cb2870cfa2f4d8f054c58a337d12167b1eea30,REMOTE_SOURCE_FILE,evidence,evidence_europepmc,output/evidence_europepmc/part-00076-621a7bae-da68-4f0d-b14a-61d21b19204c-c000.snappy.parquet,https://open-targets-public-data-releases.s3.amazonaws.com/platform/26.06/output/evidence_europepmc/part-00076-621a7bae-da68-4f0d-b14a-61d21b19204c-c000.snappy.parquet,58350087,1be881a98c76e485e364e3be8e92d09bc3f74005cbf7fe0f79d92d22a7df3289,74bd4fdf7fc71a0d59077ca2ccb2fa097f3da1c3,6b18bb6b3166904f9c001c5eeddccfa7,2026-06-25T11:36:10.000Z,application/vnd.apache.parquet,157329,1,16,26139b9344f456d74cbf31169787056b27d8b28e927225dad0799164f71fa278,8,0,206_PARTIAL_CONTENT,VERIFIED_SHA1_AND_SHA256
INV_fb05bdf4ec645bea509add556bd32edbf25396192e102b0efc2a8a8a372b0b1e,REMOTE_SOURCE_FILE,evidence,evidence_europepmc,output/evidence_europepmc/part-00077-621a7bae-da68-4f0d-b14a-61d21b19204c-c000.snappy.parquet,https://open-targets-public-data-releases.s3.amazonaws.com/platform/26.06/output/evidence_europepmc/part-00077-621a7bae-da68-4f0d-b14a-61d21b19204c-c000.snappy.parquet,58373705,52bba9892d52acfa9120fedc3c2ebd87f07e9674489950f3267fb1270e19395c,dbb2d92db2fe54d858f96d885ca1cceef600ab6c,9f9f00682aa0e50b75cfb60434c543d2,2026-06-25T11:36:12.000Z,application/vnd.apache.parquet,157278,1,16,26139b9344f456d74cbf31169787056b27d8b28e927225dad0799164f71fa278,8,0,206_PARTIAL_CONTENT,VERIFIED_SHA1_AND_SHA256
INV_708d01f0e3cca8ec5811f8c23831e4c1d385a369d63f56b5ff53dc99d4708630,REMOTE_SOURCE_FILE,evidence,evidence_europepmc,output/evidence_europepmc/part-00078-621a7bae-da68-4f0d-b14a-61d21b19204c-c000.snappy.parquet,https://open-targets-public-data-releases.s3.amazonaws.com/platform/26.06/output/evidence_europepmc/part-00078-621a7bae-da68-4f0d-b14a-61d21b19204c-c000.snappy.parquet,86981967,9b62426cbd9a5653d74dbfc18d3d83a6f7244f2619520b8b1bcce893ac851a88,e949a95e584a4f299a120f735434b6a0f5376c4d,7b95d9d7eba6e8ae10145be6892023cc,2026-06-25T11:36:15.000Z,application/vnd.apache.parquet,235573,1,16,26139b9344f456d74cbf31169787056b27d8b28e927225dad0799164f71fa278,8,0,206_PARTIAL_CONTENT,VERIFIED_SHA1_AND_SHA256
INV_631d43ab6dfc4dba546f5815c6d0c8c4a04b71629f03422273bb352fa4b9dae6,REMOTE_SOURCE_FILE,evidence,evidence_europepmc,output/evidence_europepmc/part-00079-621a7bae-da68-4f0d-b14a-61d21b19204c-c000.snappy.parquet,https://open-targets-public-data-releases.s3.amazonaws.com/platform/26.06/output/evidence_europepmc/part-00079-621a7bae-da68-4f0d-b14a-61d21b19204c-c000.snappy.parquet,77238147,4e0e1e6817aaca79b16cbb0892fbbeccc7252a9b4eea9a6ae44995a9b14dc2c1,8d740a597fe878e7edbba048dd73b135ee639cab,75f2ab7d2a6a9c4b7fbc4e93fb5381d2,2026-06-25T11:36:19.000Z,application/vnd.apache.parquet,209002,1,16,26139b9344f456d74cbf31169787056b27d8b28e927225dad0799164f71fa278,8,0,206_PARTIAL_CONTENT,VERIFIED_SHA1_AND_SHA256
INV_ddcc11f474ef9b06475772997ad4b17cd5fe208b373fc22e506641b61f4ea02e,REMOTE_SOURCE_FILE,evidence,evidence_europepmc,output/evidence_europepmc/part-00080-621a7bae-da68-4f0d-b14a-61d21b19204c-c000.snappy.parquet,https://open-targets-public-data-releases.s3.amazonaws.com/platform/26.06/output/evidence_europepmc/part-00080-621a7bae-da68-4f0d-b14a-61d21b19204c-c000.snappy.parquet,87500469,067ca84384b575125dfc2359cdecea7b8f17c5c84afb1685e20cad64ea477385,3d9e63d067779be05fe3fd752dc96d6c637a792e,5d98167b67e6f168a53caa0b5d9d3a8a,2026-06-25T11:36:20.000Z,application/vnd.apache.parquet,236546,1,16,26139b9344f456d74cbf31169787056b27d8b28e927225dad0799164f71fa278,8,0,206_PARTIAL_CONTENT,VERIFIED_SHA1_AND_SHA256
INV_d887f642b79277cbc4b5c9237364d525306ebc24be7405a91e9ab49be99ff212,REMOTE_SOURCE_FILE,evidence,evidence_europepmc,output/evidence_europepmc/part-00081-621a7bae-da68-4f0d-b14a-61d21b19204c-c000.snappy.parquet,https://open-targets-public-data-releases.s3.amazonaws.com/platform/26.06/output/evidence_europepmc/part-00081-621a7bae-da68-4f0d-b14a-61d21b19204c-c000.snappy.parquet,87227431,195ba7a12c5098b0353533f57038c6fa0d7b58930872aaefc4553f99a6cd1b72,6849b6b92410b47dc24c2459bacab361ad110b29,c265127cad8880abe5f23bdacfca1bf7,2026-06-25T11:36:21.000Z,application/vnd.apache.parquet,236189,1,16,26139b9344f456d74cbf31169787056b27d8b28e927225dad0799164f71fa278,8,0,206_PARTIAL_CONTENT,VERIFIED_SHA1_AND_SHA256
INV_ea53ec65d032f826b34adf594e7379f493a4118188f33b0a84e192a9890ecb16,REMOTE_SOURCE_FILE,evidence,evidence_europepmc,output/evidence_europepmc/part-00082-621a7bae-da68-4f0d-b14a-61d21b19204c-c000.snappy.parquet,https://open-targets-public-data-releases.s3.amazonaws.com/platform/26.06/output/evidence_europepmc/part-00082-621a7bae-da68-4f0d-b14a-61d21b19204c-c000.snappy.parquet,67926470,0d7227cf846f08d3f0d2e6112f2ef2528ace42ae576317e11dd73dee151de79f,b9c8f40293aeba589bd699828cb0502aad96abc8,b2d67edd69f175d22feea2b32ed7932e,2026-06-25T11:36:29.000Z,application/vnd.apache.parquet,183471,1,16,26139b9344f456d74cbf31169787056b27d8b28e927225dad0799164f71fa278,8,0,206_PARTIAL_CONTENT,VERIFIED_SHA1_AND_SHA256
INV_d282ff3de5bc5e49ba84c0eb68b7bd07f00cbfea053f89a1cbb4629dd8f9c937,REMOTE_SOURCE_FILE,evidence,evidence_europepmc,output/evidence_europepmc/part-00083-621a7bae-da68-4f0d-b14a-61d21b19204c-c000.snappy.parquet,https://open-targets-public-data-releases.s3.amazonaws.com/platform/26.06/output/evidence_europepmc/part-00083-621a7bae-da68-4f0d-b14a-61d21b19204c-c000.snappy.parquet,106526692,f9921edc6fe1414023dbafadf0aaf1e5abd3d78effdda2a4a69d78cec9acca5b,e271709e79efc1d92325efdbdddc3a277c6119bd,987d37ee976e520b217b2716a46b258f,2026-06-25T11:36:32.000Z,application/vnd.apache.parquet,287951,1,16,26139b9344f456d74cbf31169787056b27d8b28e927225dad0799164f71fa278,8,0,206_PARTIAL_CONTENT,VERIFIED_SHA1_AND_SHA256
INV_7d5d4365a1e3539e7042afe785f5fb9a0949fe3b2135eac3f81f1fc604909f5a,REMOTE_SOURCE_FILE,evidence,evidence_europepmc,output/evidence_europepmc/part-00084-621a7bae-da68-4f0d-b14a-61d21b19204c-c000.snappy.parquet,https://open-targets-public-data-releases.s3.amazonaws.com/platform/26.06/output/evidence_europepmc/part-00084-621a7bae-da68-4f0d-b14a-61d21b19204c-c000.snappy.parquet,58004533,b08e5acd72b062f896f589d8088b8dde1dfcc217fe3929efcdbe8b93ed8382c1,5aee7f9b722671a03e40dcd83c5f502aa3723576,93666bf041a2f5c23a09e44b8f1a3402,2026-06-25T11:36:35.000Z,application/vnd.apache.parquet,157453,1,16,26139b9344f456d74cbf31169787056b27d8b28e927225dad0799164f71fa278,8,0,206_PARTIAL_CONTENT,VERIFIED_SHA1_AND_SHA256
INV_583345e98a40cb19995cfa0bbff6de26df50c88e6567828c09e71a8fed428aac,REMOTE_SOURCE_FILE,evidence,evidence_europepmc,output/evidence_europepmc/part-00085-621a7bae-da68-4f0d-b14a-61d21b19204c-c000.snappy.parquet,https://open-targets-public-data-releases.s3.amazonaws.com/platform/26.06/output/evidence_europepmc/part-00085-621a7bae-da68-4f0d-b14a-61d21b19204c-c000.snappy.parquet,58495463,dc18dc9f40bba0891875eda22129fa1474abf2531d0260c52d7f38e167a7af1c,a99e45f45ab6b0fc653df094c33f0724de84ce74,b89123b9ad7b01fe31894598806bd4e1,2026-06-25T11:36:36.000Z,application/vnd.apache.parquet,157248,1,16,26139b9344f456d74cbf31169787056b27d8b28e927225dad0799164f71fa278,8,0,206_PARTIAL_CONTENT,VERIFIED_SHA1_AND_SHA256
INV_1675bf89afdeef43aee7f7f19b254b04508b59c308a0d09f55446d5b2a534194,REMOTE_SOURCE_FILE,evidence,evidence_europepmc,output/evidence_europepmc/part-00086-621a7bae-da68-4f0d-b14a-61d21b19204c-c000.snappy.parquet,https://open-targets-public-data-releases.s3.amazonaws.com/platform/26.06/output/evidence_europepmc/part-00086-621a7bae-da68-4f0d-b14a-61d21b19204c-c000.snappy.parquet,58402425,97a6543328178df417d700a682a968632d7d8162165de882eda71c9621864499,ace6fee700ce79dac6787d4b5a30313e12b507d5,fe1cd4f197da2f24567ccd332d99afa1,2026-06-25T11:36:41.000Z,application/vnd.apache.parquet,157386,1,16,26139b9344f456d74cbf31169787056b27d8b28e927225dad0799164f71fa278,8,0,206_PARTIAL_CONTENT,VERIFIED_SHA1_AND_SHA256
INV_844e4b847217bd2cb728264fbd8062c77a9c22c9d65602015b24e8fb2fa5a1f7,REMOTE_SOURCE_FILE,evidence,evidence_europepmc,output/evidence_europepmc/part-00087-621a7bae-da68-4f0d-b14a-61d21b19204c-c000.snappy.parquet,https://open-targets-public-data-releases.s3.amazonaws.com/platform/26.06/output/evidence_europepmc/part-00087-621a7bae-da68-4f0d-b14a-61d21b19204c-c000.snappy.parquet,87519266,6f91822005ad96be6e9e4d8e6ede94e06d396397254c8025db51f381d8afe103,0f2c488a07d2f56bcd56483d1dc285d9a86d6768,92a9b7dbbe8193d49f21c319824579b2,2026-06-25T11:36:45.000Z,application/vnd.apache.parquet,236695,1,16,26139b9344f456d74cbf31169787056b27d8b28e927225dad0799164f71fa278,8,0,206_PARTIAL_CONTENT,VERIFIED_SHA1_AND_SHA256
INV_ad54cefe2bfc5262a959079f0fd6f65d2213bb0e37cb1feb8da71c7480715ae4,REMOTE_SOURCE_FILE,evidence,evidence_europepmc,output/evidence_europepmc/part-00088-621a7bae-da68-4f0d-b14a-61d21b19204c-c000.snappy.parquet,https://open-targets-public-data-releases.s3.amazonaws.com/platform/26.06/output/evidence_europepmc/part-00088-621a7bae-da68-4f0d-b14a-61d21b19204c-c000.snappy.parquet,67743160,9831022cecc821076be55da6150eb3ef037589451550f6e0bdc9de3a44d12382,204df04507dc47f2a0fa6d1be539e12172846cbb,78e8ac4144131027499d43df5fc2bb9c,2026-06-25T11:36:46.000Z,application/vnd.apache.parquet,183947,1,16,26139b9344f456d74cbf31169787056b27d8b28e927225dad0799164f71fa278,8,0,206_PARTIAL_CONTENT,VERIFIED_SHA1_AND_SHA256
INV_a23709489d881fb89dee0b3b6c3d50b3d41a3ffe1c1d69bd0657032951e44392,REMOTE_SOURCE_FILE,evidence,evidence_europepmc,output/evidence_europepmc/part-00089-621a7bae-da68-4f0d-b14a-61d21b19204c-c000.snappy.parquet,https://open-targets-public-data-releases.s3.amazonaws.com/platform/26.06/output/evidence_europepmc/part-00089-621a7bae-da68-4f0d-b14a-61d21b19204c-c000.snappy.parquet,106347484,cf7e2d60cb8edff8cd69520ef90aec02195f1319ba1b3b386442a2121b98d5a0,7f187a2bf58840a85371c261d346777a7ed78e0a,50fadddf58d66acde2f47f3dc95cf5ac,2026-06-25T11:36:50.000Z,application/vnd.apache.parquet,287159,1,16,26139b9344f456d74cbf31169787056b27d8b28e927225dad0799164f71fa278,8,0,206_PARTIAL_CONTENT,VERIFIED_SHA1_AND_SHA256
INV_c83e1642db5a69170b1fcaae1230a87ee3909fad7aeb09079739103ef2f63470,REMOTE_SOURCE_FILE,evidence,evidence_europepmc,output/evidence_europepmc/part-00090-621a7bae-da68-4f0d-b14a-61d21b19204c-c000.snappy.parquet,https://open-targets-public-data-releases.s3.amazonaws.com/platform/26.06/output/evidence_europepmc/part-00090-621a7bae-da68-4f0d-b14a-61d21b19204c-c000.snappy.parquet,58394640,c76c7b0f7345049d7b594c99e5b2f844029388592a543ed1a1b6dae407ed7ae7,f2341bae2342610fb7588d3f89a2893a49fbf68c,2e411631397f5bb390d32c523952af30,2026-06-25T11:36:51.000Z,application/vnd.apache.parquet,157267,1,16,26139b9344f456d74cbf31169787056b27d8b28e927225dad0799164f71fa278,8,0,206_PARTIAL_CONTENT,VERIFIED_SHA1_AND_SHA256
INV_9a10c8585979cd5f02539715f0fa519171d3d6a92e4bf17f149b7eb95682f7ab,REMOTE_SOURCE_FILE,evidence,evidence_europepmc,output/evidence_europepmc/part-00091-621a7bae-da68-4f0d-b14a-61d21b19204c-c000.snappy.parquet,https://open-targets-public-data-releases.s3.amazonaws.com/platform/26.06/output/evidence_europepmc/part-00091-621a7bae-da68-4f0d-b14a-61d21b19204c-c000.snappy.parquet,67621206,408c41af44adc08fdc04075c2ba014c99e60f42252645079fdbf512b7e92db39,f56a3cd1ea119cd28b253253c4267ab21e778c13,171800d66c8d0ba9d2d3f1d2b788b762,2026-06-25T11:36:58.000Z,application/vnd.apache.parquet,182774,1,16,26139b9344f456d74cbf31169787056b27d8b28e927225dad0799164f71fa278,8,0,206_PARTIAL_CONTENT,VERIFIED_SHA1_AND_SHA256
INV_6505ecc0f4936fce1218f4ce53c43698459b0b46097381910fb8fbbd7a1b427e,REMOTE_SOURCE_FILE,evidence,evidence_europepmc,output/evidence_europepmc/part-00092-621a7bae-da68-4f0d-b14a-61d21b19204c-c000.snappy.parquet,https://open-targets-public-data-releases.s3.amazonaws.com/platform/26.06/output/evidence_europepmc/part-00092-621a7bae-da68-4f0d-b14a-61d21b19204c-c000.snappy.parquet,87173119,a0399ab9fc89c461f12af9472fe2c5b92963b9663ed6e1884f25c05e29deeac2,fae74887e534edbb111365e570df286d200a70d7,279111a790f30eb4d19f9e00b44ea606,2026-06-25T11:36:59.000Z,application/vnd.apache.parquet,235592,1,16,26139b9344f456d74cbf31169787056b27d8b28e927225dad0799164f71fa278,8,0,206_PARTIAL_CONTENT,VERIFIED_SHA1_AND_SHA256
INV_4e42d787cc5854b44b0e17974c9dc8f2510bf8bee1e306c806e60e1a58195bfe,REMOTE_SOURCE_FILE,evidence,evidence_europepmc,output/evidence_europepmc/part-00093-621a7bae-da68-4f0d-b14a-61d21b19204c-c000.snappy.parquet,https://open-targets-public-data-releases.s3.amazonaws.com/platform/26.06/output/evidence_europepmc/part-00093-621a7bae-da68-4f0d-b14a-61d21b19204c-c000.snappy.parquet,67371457,db913af1046e3c3a998bb599bca10c6881199afe5bfb61549887c423edb2519a,37e8978aedfbaef5fc8d568635c9be9b24eaa8e6,cee9576acae85e1bc92b5de539381eaa,2026-06-25T11:37:01.000Z,application/vnd.apache.parquet,182825,1,16,26139b9344f456d74cbf31169787056b27d8b28e927225dad0799164f71fa278,8,0,206_PARTIAL_CONTENT,VERIFIED_SHA1_AND_SHA256
INV_dc99b68bf39f892ff411312601a536c87e400e082bef6f6f440c28650ab18531,REMOTE_SOURCE_FILE,evidence,evidence_europepmc,output/evidence_europepmc/part-00094-621a7bae-da68-4f0d-b14a-61d21b19204c-c000.snappy.parquet,https://open-targets-public-data-releases.s3.amazonaws.com/platform/26.06/output/evidence_europepmc/part-00094-621a7bae-da68-4f0d-b14a-61d21b19204c-c000.snappy.parquet,77116162,3eb7d17d9c1eae3da82eca3462518c19f2dc71fc80994804e86adc25ec7b4c02,b2b57992397ad9435d45c6389a608f9f064e595f,322f0335b8d4192e6a5f50d0f25d3c60,2026-06-25T11:37:08.000Z,application/vnd.apache.parquet,209283,1,16,26139b9344f456d74cbf31169787056b27d8b28e927225dad0799164f71fa278,8,0,206_PARTIAL_CONTENT,VERIFIED_SHA1_AND_SHA256
INV_75cc6962b9f918eea5cff7f2f8395a4f23eeda93285886e23b9fa9ae887b6196,REMOTE_SOURCE_FILE,evidence,evidence_europepmc,output/evidence_europepmc/part-00095-621a7bae-da68-4f0d-b14a-61d21b19204c-c000.snappy.parquet,https://open-targets-public-data-releases.s3.amazonaws.com/platform/26.06/output/evidence_europepmc/part-00095-621a7bae-da68-4f0d-b14a-61d21b19204c-c000.snappy.parquet,86939964,12dd7b718a1e4e7ebcddef79613c694526e7abfd27b52c8da98b3376172b2305,64d03e7be0f4932ce5b4e9fa27b2bb9510570696,5cdb61dab2fd89b9d2d3f61977051ac2,2026-06-25T11:37:10.000Z,application/vnd.apache.parquet,235020,1,16,26139b9344f456d74cbf31169787056b27d8b28e927225dad0799164f71fa278,8,0,206_PARTIAL_CONTENT,VERIFIED_SHA1_AND_SHA256
INV_25fcbcc07d07f568398757c74d9848d28bb5c492906fb434e1a9535b870f8068,REMOTE_SOURCE_FILE,evidence,evidence_europepmc,output/evidence_europepmc/part-00096-621a7bae-da68-4f0d-b14a-61d21b19204c-c000.snappy.parquet,https://open-targets-public-data-releases.s3.amazonaws.com/platform/26.06/output/evidence_europepmc/part-00096-621a7bae-da68-4f0d-b14a-61d21b19204c-c000.snappy.parquet,19463503,f263deee1f262f0a03629422664c51b11cbc44377f974c470544673730bf6511,4550c436b2270816b152dbcd67b6a28f4f0a550b,d530e01c95c452726f41e25b838686f2,2026-06-25T11:37:12.000Z,application/vnd.apache.parquet,52552,1,16,26139b9344f456d74cbf31169787056b27d8b28e927225dad0799164f71fa278,8,0,206_PARTIAL_CONTENT,VERIFIED_SHA1_AND_SHA256
INV_0f083d35e709dfba7b3b7453270042aa9dbe25f91c51e85fbddaa5dc2d2b0c1a,REMOTE_SOURCE_FILE,evidence,evidence_europepmc,output/evidence_europepmc/part-00097-621a7bae-da68-4f0d-b14a-61d21b19204c-c000.snappy.parquet,https://open-targets-public-data-releases.s3.amazonaws.com/platform/26.06/output/evidence_europepmc/part-00097-621a7bae-da68-4f0d-b14a-61d21b19204c-c000.snappy.parquet,106737413,fc36e839a1631ade63cd40d6f3c14e2526a42b3a60a0f9896b7a6720dc770d94,7f27083d77f3d4e96f0e79923a32426fb38d72ea,035a7153f0f605ea74e2790b1bfea0b0,2026-06-25T11:37:14.000Z,application/vnd.apache.parquet,288324,1,16,26139b9344f456d74cbf31169787056b27d8b28e927225dad0799164f71fa278,8,0,206_PARTIAL_CONTENT,VERIFIED_SHA1_AND_SHA256
INV_8e29268ceae9709b2626b81dc7d668af7edad53222bccbe8a5d2a700199be3e6,REMOTE_SOURCE_FILE,evidence,evidence_europepmc,output/evidence_europepmc/part-00098-621a7bae-da68-4f0d-b14a-61d21b19204c-c000.snappy.parquet,https://open-targets-public-data-releases.s3.amazonaws.com/platform/26.06/output/evidence_europepmc/part-00098-621a7bae-da68-4f0d-b14a-61d21b19204c-c000.snappy.parquet,77678339,5a0f683275b3de822c01578c300cfb5fc8e33d4943ee1543d430c24eef5db7ec,e035b511f476ddab7fc550644e8b656aedace6d9,7789c823bee13311f9645e1675a7df3d,2026-06-25T11:37:16.000Z,application/vnd.apache.parquet,209601,1,16,26139b9344f456d74cbf31169787056b27d8b28e927225dad0799164f71fa278,8,0,206_PARTIAL_CONTENT,VERIFIED_SHA1_AND_SHA256
INV_548643f0cbd4d37f73f724228619c4726e2dd5927a2e9b5daf63edfff79519bc,REMOTE_SOURCE_FILE,evidence,evidence_europepmc,output/evidence_europepmc/part-00099-621a7bae-da68-4f0d-b14a-61d21b19204c-c000.snappy.parquet,https://open-targets-public-data-releases.s3.amazonaws.com/platform/26.06/output/evidence_europepmc/part-00099-621a7bae-da68-4f0d-b14a-61d21b19204c-c000.snappy.parquet,58307532,3a0009c34f43f85b74e3ac21192079df5666105011a20d96fc0ff0a7ae9a3908,992cdb4cdf05e355d87fb706fffebf6fa1d71538,4a760082dbde1f2818ff0f9078b70fa2,2026-06-25T11:37:21.000Z,application/vnd.apache.parquet,156858,1,16,26139b9344f456d74cbf31169787056b27d8b28e927225dad0799164f71fa278,8,0,206_PARTIAL_CONTENT,VERIFIED_SHA1_AND_SHA256
INV_f5c0f8040fbab3da2cbcb19b8ebad4512ff7629e267e172b37e03e39fd2d5a4e,REMOTE_SOURCE_FILE,evidence,evidence_europepmc,output/evidence_europepmc/part-00100-621a7bae-da68-4f0d-b14a-61d21b19204c-c000.snappy.parquet,https://open-targets-public-data-releases.s3.amazonaws.com/platform/26.06/output/evidence_europepmc/part-00100-621a7bae-da68-4f0d-b14a-61d21b19204c-c000.snappy.parquet,87557632,1c80ff5a0f5489d7064bb1192d719ed05d6c55acc704180bef9cde41530c2486,01c8173ae20285b49b82b528b71d18b89ecbcb6a,12c8ee967fa103d4e2a7797cea9309cd,2026-06-25T11:37:24.000Z,application/vnd.apache.parquet,236314,1,16,26139b9344f456d74cbf31169787056b27d8b28e927225dad0799164f71fa278,8,0,206_PARTIAL_CONTENT,VERIFIED_SHA1_AND_SHA256
INV_7e1ff12d96cfa047cab76a2a4b6f373b159727acf592162c49e5697a4b40bd52,REMOTE_SOURCE_FILE,evidence,evidence_europepmc,output/evidence_europepmc/part-00101-621a7bae-da68-4f0d-b14a-61d21b19204c-c000.snappy.parquet,https://open-targets-public-data-releases.s3.amazonaws.com/platform/26.06/output/evidence_europepmc/part-00101-621a7bae-da68-4f0d-b14a-61d21b19204c-c000.snappy.parquet,67749025,e63aaf155c7d2e4f4c0a30715274c87a378cac22d7a29f6c9a167ad9a4f85d11,73e8aab76c3c4ec9b08c4682c27dd7fc0d8c79c5,bbcbfcbfc4e2d78f9de731f3be00c1d8,2026-06-25T11:37:29.000Z,application/vnd.apache.parquet,183221,1,16,26139b9344f456d74cbf31169787056b27d8b28e927225dad0799164f71fa278,8,0,206_PARTIAL_CONTENT,VERIFIED_SHA1_AND_SHA256
INV_fbc1d0329c26bd09a4984e20d364e6eef6cbe979cc15d06b13be2d02952abcfe,REMOTE_SOURCE_FILE,evidence,evidence_europepmc,output/evidence_europepmc/part-00102-621a7bae-da68-4f0d-b14a-61d21b19204c-c000.snappy.parquet,https://open-targets-public-data-releases.s3.amazonaws.com/platform/26.06/output/evidence_europepmc/part-00102-621a7bae-da68-4f0d-b14a-61d21b19204c-c000.snappy.parquet,86915336,13bc45c6bc6517ec7f3805cab2ddca910b5b61f0c5089f3fc459ba66eefcf7a6,40fa6d2bcd9ee132d651368446cf9e26096844f0,d94b3ac9e5a92444cdc34445274b376a,2026-06-25T11:37:31.000Z,application/vnd.apache.parquet,235897,1,16,26139b9344f456d74cbf31169787056b27d8b28e927225dad0799164f71fa278,8,0,206_PARTIAL_CONTENT,VERIFIED_SHA1_AND_SHA256
INV_29065959d6dbcfff24dcc0139d9aed6219c79eb1c6addc4cf5f38d2250f173f4,REMOTE_SOURCE_FILE,evidence,evidence_europepmc,output/evidence_europepmc/part-00103-621a7bae-da68-4f0d-b14a-61d21b19204c-c000.snappy.parquet,https://open-targets-public-data-releases.s3.amazonaws.com/platform/26.06/output/evidence_europepmc/part-00103-621a7bae-da68-4f0d-b14a-61d21b19204c-c000.snappy.parquet,87341934,0b40ec679f1de03a4ee7629dde6787b01cb929c4146e4f3dc4f842b580ece335,00a881777df139e37794c91d996874824e83326c,2c4147d2b1fc399af229370f5fca1dd1,2026-06-25T11:37:32.000Z,application/vnd.apache.parquet,236189,1,16,26139b9344f456d74cbf31169787056b27d8b28e927225dad0799164f71fa278,8,0,206_PARTIAL_CONTENT,VERIFIED_SHA1_AND_SHA256
INV_2048f91446de1f57df287955df7d9c69051d04f0cd7ae8dcc45b81468957f92b,REMOTE_SOURCE_FILE,evidence,evidence_europepmc,output/evidence_europepmc/part-00104-621a7bae-da68-4f0d-b14a-61d21b19204c-c000.snappy.parquet,https://open-targets-public-data-releases.s3.amazonaws.com/platform/26.06/output/evidence_europepmc/part-00104-621a7bae-da68-4f0d-b14a-61d21b19204c-c000.snappy.parquet,106746255,2070e89cafdf6416d4d469bd6da8def7e82994416ffa94eb73abd049514c3006,0b499ce42edf42a548ce3aa4b110b461a7e9bc0d,d0fc3516a70e23d9f7d7ac99d9d1a03c,2026-06-25T11:37:39.000Z,application/vnd.apache.parquet,289105,1,16,26139b9344f456d74cbf31169787056b27d8b28e927225dad0799164f71fa278,8,0,206_PARTIAL_CONTENT,VERIFIED_SHA1_AND_SHA256
INV_7b33b2ee6b0d6a3ad1e68b25d52c261cec830b2e412db1200c3795f05149ebd2,REMOTE_SOURCE_FILE,evidence,evidence_europepmc,output/evidence_europepmc/part-00105-621a7bae-da68-4f0d-b14a-61d21b19204c-c000.snappy.parquet,https://open-targets-public-data-releases.s3.amazonaws.com/platform/26.06/output/evidence_europepmc/part-00105-621a7bae-da68-4f0d-b14a-61d21b19204c-c000.snappy.parquet,106459751,6c61c541f55ec5440b6e9f9558d60e25c46c97b2584cafee16b462bf5a070316,ff6395987b6bc5e036ab560515526744d052d7e9,451637804760ea6c5637bfe995f64fee,2026-06-25T11:37:41.000Z,application/vnd.apache.parquet,287571,1,16,26139b9344f456d74cbf31169787056b27d8b28e927225dad0799164f71fa278,8,0,206_PARTIAL_CONTENT,VERIFIED_SHA1_AND_SHA256
INV_6009ff5ebdfed9562f0bfb9ecd7575b504864f7c24ab1f18d6d182bbd388f95e,REMOTE_SOURCE_FILE,evidence,evidence_europepmc,output/evidence_europepmc/part-00106-621a7bae-da68-4f0d-b14a-61d21b19204c-c000.snappy.parquet,https://open-targets-public-data-releases.s3.amazonaws.com/platform/26.06/output/evidence_europepmc/part-00106-621a7bae-da68-4f0d-b14a-61d21b19204c-c000.snappy.parquet,77150736,db169dbbd5cc1fa2e39e564701324bd63e0a5ed93bc5c5fcca59399709645d20,1f2f58f63730684c955801821269bd7934712f58,88ae5c7873470710c8d5ca59dff1e169,2026-06-25T11:37:46.000Z,application/vnd.apache.parquet,208820,1,16,26139b9344f456d74cbf31169787056b27d8b28e927225dad0799164f71fa278,8,0,206_PARTIAL_CONTENT,VERIFIED_SHA1_AND_SHA256
INV_557a51d31d3ee5f3523fd7d8cf756b7eff6348c253c4339722a9ffcaa569505b,REMOTE_SOURCE_FILE,evidence,evidence_europepmc,output/evidence_europepmc/part-00107-621a7bae-da68-4f0d-b14a-61d21b19204c-c000.snappy.parquet,https://open-targets-public-data-releases.s3.amazonaws.com/platform/26.06/output/evidence_europepmc/part-00107-621a7bae-da68-4f0d-b14a-61d21b19204c-c000.snappy.parquet,29192126,0aa0693a3edf7408fedce006d5f4c62c81b0f924a1cdd38e1e98da6da8b827a0,0e6c3376633a5e93012cec7c1a3d9b2f3e71ada9,a4f889f3796b8d54a87ee2f3c9485600,2026-06-25T11:37:47.000Z,application/vnd.apache.parquet,78446,1,16,26139b9344f456d74cbf31169787056b27d8b28e927225dad0799164f71fa278,8,0,206_PARTIAL_CONTENT,VERIFIED_SHA1_AND_SHA256
INV_6dfcdce810f8cd9aa34b28b517092c40d7fb40e8d03fc9664afa8ea9794cde46,REMOTE_SOURCE_FILE,evidence,evidence_europepmc,output/evidence_europepmc/part-00108-621a7bae-da68-4f0d-b14a-61d21b19204c-c000.snappy.parquet,https://open-targets-public-data-releases.s3.amazonaws.com/platform/26.06/output/evidence_europepmc/part-00108-621a7bae-da68-4f0d-b14a-61d21b19204c-c000.snappy.parquet,86820867,5bc20a9bb7636c50750c296dd540d69213e4cd8dafe918ee5690df22e5527105,0a3314a2477bbf09e90d12ac182a362334eb0514,582fa6318ec1ce2bfd360ecc293ffec9,2026-06-25T11:37:52.000Z,application/vnd.apache.parquet,234928,1,16,26139b9344f456d74cbf31169787056b27d8b28e927225dad0799164f71fa278,8,0,206_PARTIAL_CONTENT,VERIFIED_SHA1_AND_SHA256
INV_bd6b6c8eee1b777686d775174b462c71912efecf1ebf7ef4d7bfb27566f15710,REMOTE_SOURCE_FILE,evidence,evidence_europepmc,output/evidence_europepmc/part-00109-621a7bae-da68-4f0d-b14a-61d21b19204c-c000.snappy.parquet,https://open-targets-public-data-releases.s3.amazonaws.com/platform/26.06/output/evidence_europepmc/part-00109-621a7bae-da68-4f0d-b14a-61d21b19204c-c000.snappy.parquet,77118248,eb17c2076783a666586d72d05ea53b61455bd4fe644449d7225845ff061416be,b07bbc81023616ac596e2461434ec32938dd9ce9,fb93a794d35aa1f0fed309582e878166,2026-06-25T11:37:57.000Z,application/vnd.apache.parquet,208320,1,16,26139b9344f456d74cbf31169787056b27d8b28e927225dad0799164f71fa278,8,0,206_PARTIAL_CONTENT,VERIFIED_SHA1_AND_SHA256
INV_c9127284f2c1158c76ada53a2f61491b69b0f8e78cdab0f11c377846d0100fd1,REMOTE_SOURCE_FILE,evidence,evidence_europepmc,output/evidence_europepmc/part-00110-621a7bae-da68-4f0d-b14a-61d21b19204c-c000.snappy.parquet,https://open-targets-public-data-releases.s3.amazonaws.com/platform/26.06/output/evidence_europepmc/part-00110-621a7bae-da68-4f0d-b14a-61d21b19204c-c000.snappy.parquet,86836082,37ea64f947971b8e26ed3fd1bf9e8fb2d2f74b4fbfb50d1e876aa2d1e7c21d79,f6ab83ad8ef434e225f1ccd70d06267657a8e3ec,f52e7099d701ce80987e3db9ef6b2f4f,2026-06-25T11:37:59.000Z,application/vnd.apache.parquet,235156,1,16,26139b9344f456d74cbf31169787056b27d8b28e927225dad0799164f71fa278,8,0,206_PARTIAL_CONTENT,VERIFIED_SHA1_AND_SHA256
INV_6aa694b11fd368ae42a24879cd81e5811eefd61c47c1d7c7d441f25ef334a71f,REMOTE_SOURCE_FILE,evidence,evidence_europepmc,output/evidence_europepmc/part-00111-621a7bae-da68-4f0d-b14a-61d21b19204c-c000.snappy.parquet,https://open-targets-public-data-releases.s3.amazonaws.com/platform/26.06/output/evidence_europepmc/part-00111-621a7bae-da68-4f0d-b14a-61d21b19204c-c000.snappy.parquet,87466784,e62ed756c33c87c1fa1886c779f710e86ba5803866886540f38c7b76a49f540e,9cca9d89e77dff88cc2c2e4f4c2d91f553e38edd,6fc8a3ac98f1c9ace3428220f71db2db,2026-06-25T11:37:59.000Z,application/vnd.apache.parquet,235901,1,16,26139b9344f456d74cbf31169787056b27d8b28e927225dad0799164f71fa278,8,0,206_PARTIAL_CONTENT,VERIFIED_SHA1_AND_SHA256
INV_0a9606e6410c22a271ccfa01bee74dedf8f569ed7305650818b0a97a4f60ca3b,REMOTE_SOURCE_FILE,evidence,evidence_europepmc,output/evidence_europepmc/part-00112-621a7bae-da68-4f0d-b14a-61d21b19204c-c000.snappy.parquet,https://open-targets-public-data-releases.s3.amazonaws.com/platform/26.06/output/evidence_europepmc/part-00112-621a7bae-da68-4f0d-b14a-61d21b19204c-c000.snappy.parquet,77879554,1072047c3b42cb3ae140e774a48a61ac00d8bc06c32ba7dd32e6d9036d9ece62,f332177e32517c4324639e00d544082b95190977,a8f254b8b64e0b11491dea890495050e,2026-06-25T11:38:07.000Z,application/vnd.apache.parquet,209657,1,16,26139b9344f456d74cbf31169787056b27d8b28e927225dad0799164f71fa278,8,0,206_PARTIAL_CONTENT,VERIFIED_SHA1_AND_SHA256
INV_91fe259ec9e6e77b2e5c7170cc51fd0ed1fe744169ae0c1911ef6c08f4097641,REMOTE_SOURCE_FILE,evidence,evidence_europepmc,output/evidence_europepmc/part-00113-621a7bae-da68-4f0d-b14a-61d21b19204c-c000.snappy.parquet,https://open-targets-public-data-releases.s3.amazonaws.com/platform/26.06/output/evidence_europepmc/part-00113-621a7bae-da68-4f0d-b14a-61d21b19204c-c000.snappy.parquet,86854805,41c300d047027db3ce708ae79b1bb5cd68f4d053b151d0c054e7154c37f0e42a,faa82f7c087cf03bbf76897486c982be5cb8b129,10296c8f72542c1c0c3ab8e913288bfc,2026-06-25T11:38:10.000Z,application/vnd.apache.parquet,235297,1,16,26139b9344f456d74cbf31169787056b27d8b28e927225dad0799164f71fa278,8,0,206_PARTIAL_CONTENT,VERIFIED_SHA1_AND_SHA256
INV_144ece974db5bac080edcdcd8f73612b197dfe87bcfc9d59ea01241d4dd812bf,REMOTE_SOURCE_FILE,evidence,evidence_europepmc,output/evidence_europepmc/part-00114-621a7bae-da68-4f0d-b14a-61d21b19204c-c000.snappy.parquet,https://open-targets-public-data-releases.s3.amazonaws.com/platform/26.06/output/evidence_europepmc/part-00114-621a7bae-da68-4f0d-b14a-61d21b19204c-c000.snappy.parquet,58544752,d319fb2f4e98075d3e6b15f8b66bd2478336f49ea3459eb879a2fea8400b127c,99e53fe5b0fb834bc381a1e38a56ec956857d3d4,a491c7a0343ae73646b530a8c4137cce,2026-06-25T11:38:14.000Z,application/vnd.apache.parquet,157172,1,16,26139b9344f456d74cbf31169787056b27d8b28e927225dad0799164f71fa278,8,0,206_PARTIAL_CONTENT,VERIFIED_SHA1_AND_SHA256
INV_948d689ac540fdbf496f828655719ebc9a3c7b98df1f0294d6774429d8cad562,REMOTE_SOURCE_FILE,evidence,evidence_europepmc,output/evidence_europepmc/part-00115-621a7bae-da68-4f0d-b14a-61d21b19204c-c000.snappy.parquet,https://open-targets-public-data-releases.s3.amazonaws.com/platform/26.06/output/evidence_europepmc/part-00115-621a7bae-da68-4f0d-b14a-61d21b19204c-c000.snappy.parquet,77430214,9f8645b337c2037b95e0c39961190daf38a9ca5d9b8ecc4fd733add8f2b42cb5,8bcb5bf814d9183b5cd7742059ca4eff8c6c2020,8f57321c1805ae3036a9ccc764d9c887,2026-06-25T11:38:14.000Z,application/vnd.apache.parquet,209071,1,16,26139b9344f456d74cbf31169787056b27d8b28e927225dad0799164f71fa278,8,0,206_PARTIAL_CONTENT,VERIFIED_SHA1_AND_SHA256
INV_2c4c9380be7399fc176bb4436c9f613c43ad76787d65dd8fc9513211c87ddfd1,REMOTE_SOURCE_FILE,evidence,evidence_europepmc,output/evidence_europepmc/part-00116-621a7bae-da68-4f0d-b14a-61d21b19204c-c000.snappy.parquet,https://open-targets-public-data-releases.s3.amazonaws.com/platform/26.06/output/evidence_europepmc/part-00116-621a7bae-da68-4f0d-b14a-61d21b19204c-c000.snappy.parquet,87441516,02b95ea34555e5d5161dfb32b70951165b095cec1eaf71039fcf0bca2cad70ae,17ca63b48cf2a7277270b5c84509b6c6de10f363,0e29c60be5102245f57d492d96af7cf2,2026-06-25T11:38:21.000Z,application/vnd.apache.parquet,235499,1,16,26139b9344f456d74cbf31169787056b27d8b28e927225dad0799164f71fa278,8,0,206_PARTIAL_CONTENT,VERIFIED_SHA1_AND_SHA256
INV_3df089642f562c21c0235d9586763c8167f4b48cf89845e9a99aacf3ecba8758,REMOTE_SOURCE_FILE,evidence,evidence_europepmc,output/evidence_europepmc/part-00117-621a7bae-da68-4f0d-b14a-61d21b19204c-c000.snappy.parquet,https://open-targets-public-data-releases.s3.amazonaws.com/platform/26.06/output/evidence_europepmc/part-00117-621a7bae-da68-4f0d-b14a-61d21b19204c-c000.snappy.parquet,29220942,306b8e61cc5a5c9f44edd7d3478e606775269eecc2d2e1f0e06b67ca5c2a9141,6e66e8aa07e4ffb685e4cb562594cddbe2e6af9b,1e4946b1994e0d8069595aebb343408a,2026-06-25T11:38:24.000Z,application/vnd.apache.parquet,78831,1,16,26139b9344f456d74cbf31169787056b27d8b28e927225dad0799164f71fa278,8,0,206_PARTIAL_CONTENT,VERIFIED_SHA1_AND_SHA256
INV_703ee6e527bc2cc382e8bda23ac39db1651c375e36f43558a8d5f42cd6356f5b,REMOTE_SOURCE_FILE,evidence,evidence_europepmc,output/evidence_europepmc/part-00118-621a7bae-da68-4f0d-b14a-61d21b19204c-c000.snappy.parquet,https://open-targets-public-data-releases.s3.amazonaws.com/platform/26.06/output/evidence_europepmc/part-00118-621a7bae-da68-4f0d-b14a-61d21b19204c-c000.snappy.parquet,87070033,1ca46d905efcea898545a77369c2b393c49c98b4edb8cbad276aadf9d830aebd,b5dc29320b3fb718e71b8fcfa1688749617167ea,96bd330833eedc36905e70863dceaf76,2026-06-25T11:38:25.000Z,application/vnd.apache.parquet,234771,1,16,26139b9344f456d74cbf31169787056b27d8b28e927225dad0799164f71fa278,8,0,206_PARTIAL_CONTENT,VERIFIED_SHA1_AND_SHA256
INV_160ba75199b3735a5fbb08c1926be94321cf2fd0b198d303a1f96cc21c7d01f2,REMOTE_SOURCE_FILE,evidence,evidence_europepmc,output/evidence_europepmc/part-00119-621a7bae-da68-4f0d-b14a-61d21b19204c-c000.snappy.parquet,https://open-targets-public-data-releases.s3.amazonaws.com/platform/26.06/output/evidence_europepmc/part-00119-621a7bae-da68-4f0d-b14a-61d21b19204c-c000.snappy.parquet,87875477,c324b1d3e9c8ac8a4e8ca8a359b53799c52b6088a185ddd33942b35dc6a06489,4143e4efac25f91272c51d2fb3abac57c51d655c,f068316f41d78c63c83ee39b5f489f4d,2026-06-25T11:38:27.000Z,application/vnd.apache.parquet,236327,1,16,26139b9344f456d74cbf31169787056b27d8b28e927225dad0799164f71fa278,8,0,206_PARTIAL_CONTENT,VERIFIED_SHA1_AND_SHA256
INV_12fd17bbc95207471ee0b9c02cdaa31e20860f2d89ab12ef8b43653b0767f9fb,REMOTE_SOURCE_FILE,evidence,evidence_europepmc,output/evidence_europepmc/part-00120-621a7bae-da68-4f0d-b14a-61d21b19204c-c000.snappy.parquet,https://open-targets-public-data-releases.s3.amazonaws.com/platform/26.06/output/evidence_europepmc/part-00120-621a7bae-da68-4f0d-b14a-61d21b19204c-c000.snappy.parquet,67497071,9ccff64aa569a70be73e3cf9bbca0d9ba4328c8f92add39633a821d909bc3d60,1c61dde2f99bbefc308ab7d7da6035e00fc5f6fe,24511625cff944d7d374dbf0231e9dae,2026-06-25T11:38:29.000Z,application/vnd.apache.parquet,182642,1,16,26139b9344f456d74cbf31169787056b27d8b28e927225dad0799164f71fa278,8,0,206_PARTIAL_CONTENT,VERIFIED_SHA1_AND_SHA256
INV_758ef666f11c807f74d6e30839dccb6aea61f24f20390a92e0d529efc813f31e,REMOTE_SOURCE_FILE,evidence,evidence_europepmc,output/evidence_europepmc/part-00121-621a7bae-da68-4f0d-b14a-61d21b19204c-c000.snappy.parquet,https://open-targets-public-data-releases.s3.amazonaws.com/platform/26.06/output/evidence_europepmc/part-00121-621a7bae-da68-4f0d-b14a-61d21b19204c-c000.snappy.parquet,58418533,44cc820263ca5f8060bef25175752d9f2d058d51f52b682d4744223c4e2d74cd,6939250eb2fb512486655a279c7cd5fa155a20a6,56dadd2f2319db94121dc003658bc216,2026-06-25T11:38:35.000Z,application/vnd.apache.parquet,157677,1,16,26139b9344f456d74cbf31169787056b27d8b28e927225dad0799164f71fa278,8,0,206_PARTIAL_CONTENT,VERIFIED_SHA1_AND_SHA256
INV_93bbc167ce326e0c483ef59f87d49fd162c9f35c6ffbb01c11a711fe786e3f12,REMOTE_SOURCE_FILE,evidence,evidence_europepmc,output/evidence_europepmc/part-00122-621a7bae-da68-4f0d-b14a-61d21b19204c-c000.snappy.parquet,https://open-targets-public-data-releases.s3.amazonaws.com/platform/26.06/output/evidence_europepmc/part-00122-621a7bae-da68-4f0d-b14a-61d21b19204c-c000.snappy.parquet,87317567,db94231dcd21db423f080f4d8d44d61f076997fc9377748ac5acd35b23eab66b,a440b776394e7ce3a4da319376f7aa212c930f4a,7b2b14ed94c193a87ea9a02e8b0814a6,2026-06-25T11:38:40.000Z,application/vnd.apache.parquet,235699,1,16,26139b9344f456d74cbf31169787056b27d8b28e927225dad0799164f71fa278,8,0,206_PARTIAL_CONTENT,VERIFIED_SHA1_AND_SHA256
INV_ba2fd9ac7e5386319f8d1c515aebd0025850c38ae893f6055a50ea5a31e19ced,REMOTE_SOURCE_FILE,evidence,evidence_europepmc,output/evidence_europepmc/part-00123-621a7bae-da68-4f0d-b14a-61d21b19204c-c000.snappy.parquet,https://open-targets-public-data-releases.s3.amazonaws.com/platform/26.06/output/evidence_europepmc/part-00123-621a7bae-da68-4f0d-b14a-61d21b19204c-c000.snappy.parquet,58310635,ab7b04a7323caa4c53128b4621399ab937500b780e2439c7d657ba6707562c5b,88d642fa09aa7128c496c9b60bbefc16819faa5a,8507d45036d14c0bc6c1bd4e0236f942,2026-06-25T11:38:41.000Z,application/vnd.apache.parquet,156999,1,16,26139b9344f456d74cbf31169787056b27d8b28e927225dad0799164f71fa278,8,0,206_PARTIAL_CONTENT,VERIFIED_SHA1_AND_SHA256
INV_71e8c4cc977cb5153075964dcfadaf0d9d39d2374f0bb55f5ae3e7835aa81c30,REMOTE_SOURCE_FILE,evidence,evidence_europepmc,output/evidence_europepmc/part-00124-621a7bae-da68-4f0d-b14a-61d21b19204c-c000.snappy.parquet,https://open-targets-public-data-releases.s3.amazonaws.com/platform/26.06/output/evidence_europepmc/part-00124-621a7bae-da68-4f0d-b14a-61d21b19204c-c000.snappy.parquet,106512279,773b33a8705e2adc3151cf9ae55d493f28af40314429a8f7f9d13657c51ae7ca,8546424c77e5a4b9090b91fdf8efea512aa2ecdb,86968deee061cfaa90b5f1c2070e0044,2026-06-25T11:38:42.000Z,application/vnd.apache.parquet,288902,1,16,26139b9344f456d74cbf31169787056b27d8b28e927225dad0799164f71fa278,8,0,206_PARTIAL_CONTENT,VERIFIED_SHA1_AND_SHA256
INV_2c4e6fce4b163719283fa448e83bc533ff1b08dea169ad87eb3d148fd73ca4d4,REMOTE_SOURCE_FILE,evidence,evidence_eva,output/evidence_eva/part-00000-568d67a7-43e7-47de-bcad-d8dfee44ac9a-c000.snappy.parquet,https://open-targets-public-data-releases.s3.amazonaws.com/platform/26.06/output/evidence_eva/part-00000-568d67a7-43e7-47de-bcad-d8dfee44ac9a-c000.snappy.parquet,61053193,e5c14322498c896f52b350bda6985a4e634c6d685fc02103c20428aa3b3ba179,6ea77d558cb9ab8e90002be0db8a297937d1e134,fd376c39d1ee55e0d9517b18f468e796,2026-06-25T11:31:35.000Z,application/vnd.apache.parquet,548095,1,28,6a173b10d10b7b05f591674a16817b0c608b4872ab61c22307def791491d8dd5,8,0,206_PARTIAL_CONTENT,VERIFIED_SHA1_AND_SHA256
INV_89bc0f2a4c8089090140cb8f3390e5164ee994a482f6e42f77881db1dbbf0c45,REMOTE_SOURCE_FILE,evidence,evidence_eva,output/evidence_eva/part-00001-568d67a7-43e7-47de-bcad-d8dfee44ac9a-c000.snappy.parquet,https://open-targets-public-data-releases.s3.amazonaws.com/platform/26.06/output/evidence_eva/part-00001-568d67a7-43e7-47de-bcad-d8dfee44ac9a-c000.snappy.parquet,50855436,755a0e96eb21f49b910792b80c922ab4a62f659e98bb7622a84b67a00b19f9ef,d0a4604e799b9d459d82591d1ffb7aa9ecc98c77,d9dde24094da2f8177301d6a0d061228,2026-06-25T11:31:42.000Z,application/vnd.apache.parquet,456207,1,28,6a173b10d10b7b05f591674a16817b0c608b4872ab61c22307def791491d8dd5,8,0,206_PARTIAL_CONTENT,VERIFIED_SHA1_AND_SHA256
INV_45a409ef9ad353c11c8f8beed0ef280837f33853b0b5b87cc6282b0658bdaafe,REMOTE_SOURCE_FILE,evidence,evidence_eva,output/evidence_eva/part-00002-568d67a7-43e7-47de-bcad-d8dfee44ac9a-c000.snappy.parquet,https://open-targets-public-data-releases.s3.amazonaws.com/platform/26.06/output/evidence_eva/part-00002-568d67a7-43e7-47de-bcad-d8dfee44ac9a-c000.snappy.parquet,60888738,0fcd71b2e86f2d1c1a6260aef25b6b1258c1a2b9e7a65e4c66e3b9bb8e153d3b,cefd9de99bfd1161e0dcc5c85e25f36e0d3f3ad3,70114db0e4910ef9d26b41ff91830be1,2026-06-25T11:31:43.000Z,application/vnd.apache.parquet,546539,1,28,6a173b10d10b7b05f591674a16817b0c608b4872ab61c22307def791491d8dd5,8,0,206_PARTIAL_CONTENT,VERIFIED_SHA1_AND_SHA256
INV_cf71bfabf4e1a1f5a49bff845f16c56a18c99e9b7318e8852265719c9e32cabc,REMOTE_SOURCE_FILE,evidence,evidence_eva,output/evidence_eva/part-00003-568d67a7-43e7-47de-bcad-d8dfee44ac9a-c000.snappy.parquet,https://open-targets-public-data-releases.s3.amazonaws.com/platform/26.06/output/evidence_eva/part-00003-568d67a7-43e7-47de-bcad-d8dfee44ac9a-c000.snappy.parquet,50377457,0baa3c0211d502749cc7068d3511b424d014031b951c076a6c727d10455f632c,6e11b36a905b378ad8c8b977bf2d68d774e81e5c,460d074db0991be424a0634e6c5b04b4,2026-06-25T11:31:43.000Z,application/vnd.apache.parquet,451916,1,28,6a173b10d10b7b05f591674a16817b0c608b4872ab61c22307def791491d8dd5,8,0,206_PARTIAL_CONTENT,VERIFIED_SHA1_AND_SHA256
INV_8ebd10a4e71d0ad9c78269cdbb3542fc4e25026d6f154848a685b2f622812d64,REMOTE_SOURCE_FILE,evidence,evidence_eva,output/evidence_eva/part-00004-568d67a7-43e7-47de-bcad-d8dfee44ac9a-c000.snappy.parquet,https://open-targets-public-data-releases.s3.amazonaws.com/platform/26.06/output/evidence_eva/part-00004-568d67a7-43e7-47de-bcad-d8dfee44ac9a-c000.snappy.parquet,61024832,9dcdcdc0c5985469d2fa1f1cf4947a7e6254d5702480a8d48cb2391bdb20c118,93ed5df6812c2c63cb1e1c5316a2177496801e98,5cc59d4883eb120ffdf296c31f2b02ac,2026-06-25T11:31:46.000Z,application/vnd.apache.parquet,548458,1,28,6a173b10d10b7b05f591674a16817b0c608b4872ab61c22307def791491d8dd5,8,0,206_PARTIAL_CONTENT,VERIFIED_SHA1_AND_SHA256
INV_d3a8d8267901b35a6ee2bccc783c57676274e27d86117f82df5e23e52e2a9af8,REMOTE_SOURCE_FILE,evidence,evidence_eva,output/evidence_eva/part-00005-568d67a7-43e7-47de-bcad-d8dfee44ac9a-c000.snappy.parquet,https://open-targets-public-data-releases.s3.amazonaws.com/platform/26.06/output/evidence_eva/part-00005-568d67a7-43e7-47de-bcad-d8dfee44ac9a-c000.snappy.parquet,60558790,6964267841f7100d605801d5179651fec14474b8e176f8103850f56c1a10d682,4c4b7fafb2901bd371fe94987fda6eb888855c21,d4c9853a685dd233d1c65602cf7d9551,2026-06-25T11:31:51.000Z,application/vnd.apache.parquet,544206,1,28,6a173b10d10b7b05f591674a16817b0c608b4872ab61c22307def791491d8dd5,8,0,206_PARTIAL_CONTENT,VERIFIED_SHA1_AND_SHA256
INV_8aa928393e925f2cbb3be8f6181d45847c5820f4925471acfaa990da79e29957,REMOTE_SOURCE_FILE,evidence,evidence_eva,output/evidence_eva/part-00006-568d67a7-43e7-47de-bcad-d8dfee44ac9a-c000.snappy.parquet,https://open-targets-public-data-releases.s3.amazonaws.com/platform/26.06/output/evidence_eva/part-00006-568d67a7-43e7-47de-bcad-d8dfee44ac9a-c000.snappy.parquet,50298078,ac8060df346b92b7996a817568fe0b0cffa65fde1ccc3b6aceae12d806f29b96,1689b2bd37d4d7c3978e4f382a9e2b2935d5fb8a,8a6c40c009bdd7a850c892046933e3c9,2026-06-25T11:31:53.000Z,application/vnd.apache.parquet,451636,1,28,6a173b10d10b7b05f591674a16817b0c608b4872ab61c22307def791491d8dd5,8,0,206_PARTIAL_CONTENT,VERIFIED_SHA1_AND_SHA256
INV_1a1e7fb85b39d5d29d15093dd12e174ae5efe2f0b0e975e29895275a74bbaacf,REMOTE_SOURCE_FILE,evidence,evidence_eva,output/evidence_eva/part-00007-568d67a7-43e7-47de-bcad-d8dfee44ac9a-c000.snappy.parquet,https://open-targets-public-data-releases.s3.amazonaws.com/platform/26.06/output/evidence_eva/part-00007-568d67a7-43e7-47de-bcad-d8dfee44ac9a-c000.snappy.parquet,50331466,d867eb1db115d8c04804cf953df008469733b332e639948f12412adf9bb4f68f,0fbb1e161f02b723068f1847fe806fc6064a1a27,6117e6bba4007f4162a8118aa83b61f0,2026-06-25T11:31:54.000Z,application/vnd.apache.parquet,451402,1,28,6a173b10d10b7b05f591674a16817b0c608b4872ab61c22307def791491d8dd5,8,0,206_PARTIAL_CONTENT,VERIFIED_SHA1_AND_SHA256
INV_511f65fd13a1fefe7b38e0b5858766bde159d64ca8c829907c61810f363bdbff,REMOTE_SOURCE_FILE,evidence,evidence_eva_somatic,output/evidence_eva_somatic/part-00000-459697ad-b229-4863-8e14-b481f9eb9231-c000.snappy.parquet,https://open-targets-public-data-releases.s3.amazonaws.com/platform/26.06/output/evidence_eva_somatic/part-00000-459697ad-b229-4863-8e14-b481f9eb9231-c000.snappy.parquet,939400,008856878ec735427872450c949e6b218e15ac3f4d052a91847953b3902af9cd,c827186c3e7a37c9288eb92ae686e5cc5906fe0e,bfc857c2d67fb88edc0fd3242d75a9d8,2026-06-25T11:31:57.000Z,application/vnd.apache.parquet,8858,1,28,6a173b10d10b7b05f591674a16817b0c608b4872ab61c22307def791491d8dd5,1,0,206_PARTIAL_CONTENT,VERIFIED_SHA1_AND_SHA256
INV_617dba97cc14220dc0d80a7636e65cd4945c8db904ddecff91d4495358bf85a4,REMOTE_SOURCE_FILE,evidence,evidence_expression_atlas,output/evidence_expression_atlas/part-00000-9e9fa0b4-df98-4bd8-acc1-d3ff7635044d-c000.snappy.parquet,https://open-targets-public-data-releases.s3.amazonaws.com/platform/26.06/output/evidence_expression_atlas/part-00000-9e9fa0b4-df98-4bd8-acc1-d3ff7635044d-c000.snappy.parquet,16085926,1df7ca2133223570eb786b8c6d12473c1a47aeb506b2cc52752294263ec34cda,0161efdaa0d935a89e49c3ee95dcf1ce00bd3da7,73215399b276de8ec469d29259907468,2026-06-25T11:38:45.000Z,application/vnd.apache.parquet,238174,1,20,627f5ddbe556ded4e7670bac6972e54442330929ddfafe22e472d47f0f0e91f2,8,0,206_PARTIAL_CONTENT,VERIFIED_SHA1_AND_SHA256
INV_839dd157c19abd9707225374b6c334c82286953aa3dfbd154d85708e8b5bff47,REMOTE_SOURCE_FILE,evidence,evidence_gene2phenotype,output/evidence_gene2phenotype/part-00000-906ada90-af5a-4c10-b3cb-0e725e5bf397-c000.snappy.parquet,https://open-targets-public-data-releases.s3.amazonaws.com/platform/26.06/output/evidence_gene2phenotype/part-00000-906ada90-af5a-4c10-b3cb-0e725e5bf397-c000.snappy.parquet,570426,34a944731e4c5b5ae1422f353063ea9e276aa8ba501ae18ef3d4175264f0e314,758f4c11524065b3c9faf1b13339d3649c3575f0,5caef336576a10705516f41b0f405792,2026-06-25T11:38:49.000Z,application/vnd.apache.parquet,5050,1,20,13fc25a28641bd186ff8a1e8c396428bb6d33f2884454e1608e18a37196a205d,1,0,206_PARTIAL_CONTENT,VERIFIED_SHA1_AND_SHA256
INV_0fdda636caf51a85d2946d71b4657e5d74e2d1c921db6dd695a030d78a98d380,REMOTE_SOURCE_FILE,evidence,evidence_gene_burden,output/evidence_gene_burden/part-00000-4b5064db-7974-4c71-8c79-5afd48981af6-c000.snappy.parquet,https://open-targets-public-data-releases.s3.amazonaws.com/platform/26.06/output/evidence_gene_burden/part-00000-4b5064db-7974-4c71-8c79-5afd48981af6-c000.snappy.parquet,4423062,d3988ca1db9c28a708239605f0d63531376763dadb0359683f80d4adb5327d18,3c24184b57bad5cd9b719c45daab17e56908138f,faacc08ca98435780ce9a14a85f9426d,2026-06-25T11:38:50.000Z,application/vnd.apache.parquet,44555,1,38,1c415687c51b43edf4e43d3f64e1807fe74f25eea1dbdc54628f8ede07f8f4ab,5,0,206_PARTIAL_CONTENT,VERIFIED_SHA1_AND_SHA256
INV_9ea2c2365834d62c03bccdadb84f7ab329f612f294b58f2178ee2d5b4b2c4fce,REMOTE_SOURCE_FILE,evidence,evidence_genomics_england,output/evidence_genomics_england/part-00000-b27971d6-424a-4cbb-8955-cb6f703d8f73-c000.snappy.parquet,https://open-targets-public-data-releases.s3.amazonaws.com/platform/26.06/output/evidence_genomics_england/part-00000-b27971d6-424a-4cbb-8955-cb6f703d8f73-c000.snappy.parquet,4355571,1ed453fd150769d7701760fbfb5935f9accfa0557a956b7cbe83bba403602a9b,8983237c42b385054f78732d19a2713d0ef303a1,ec18122d2a62459b055439a2b210d476,2026-06-25T11:38:51.000Z,application/vnd.apache.parquet,47102,1,19,92239226a34564aab930a5adeff5b434952434912413caac81c66ee8cd6ffea4,5,0,206_PARTIAL_CONTENT,VERIFIED_SHA1_AND_SHA256
INV_93f9de31972737e6213a846d9634762355a126bcf031a0316f878116ec340a51,REMOTE_SOURCE_FILE,evidence,evidence_gwas_credible_sets,output/evidence_gwas_credible_sets/part-00000-a65fd080-e697-4565-a227-cc591b0176f9-c000.snappy.parquet,https://open-targets-public-data-releases.s3.amazonaws.com/platform/26.06/output/evidence_gwas_credible_sets/part-00000-a65fd080-e697-4565-a227-cc591b0176f9-c000.snappy.parquet,117186362,ccc9c855716cae3f5bd751f9bcc9bc92ab7aab3130e2f17c75d586097d944378,4ca6e0275d71653766075fb5bd403e57fb81cc96,9288123a4f3ab5c8628e9e3a3ece7102,2026-06-25T11:39:43.000Z,application/vnd.apache.parquet,1213140,1,15,398f7badbdf249d36d3af605498af8e9e2354144da71d911637b952a040e6704,8,0,206_PARTIAL_CONTENT,VERIFIED_SHA1_AND_SHA256
INV_b6578b1ff110f5b54abbfc828458ac15b8641ff2e985c44a3135aec5c89ad288,REMOTE_SOURCE_FILE,evidence,evidence_gwas_credible_sets,output/evidence_gwas_credible_sets/part-00001-a65fd080-e697-4565-a227-cc591b0176f9-c000.snappy.parquet,https://open-targets-public-data-releases.s3.amazonaws.com/platform/26.06/output/evidence_gwas_credible_sets/part-00001-a65fd080-e697-4565-a227-cc591b0176f9-c000.snappy.parquet,88637395,8ffea997096797e73e34a43a9fb2ac6cac80911765b3b2930aaa782a9febf1f0,e42124352a0e73da0e70d8f632f833d3acc2d5fb,63417982984fb0cb9df1bbf52278cbec,2026-06-25T11:39:44.000Z,application/vnd.apache.parquet,917550,1,15,398f7badbdf249d36d3af605498af8e9e2354144da71d911637b952a040e6704,8,0,206_PARTIAL_CONTENT,VERIFIED_SHA1_AND_SHA256
INV_864f9f8523f8a15a13caecbcdb13ce7216d9b510d41eac492dff5c92465d225f,REMOTE_SOURCE_FILE,evidence,evidence_gwas_credible_sets,output/evidence_gwas_credible_sets/part-00002-a65fd080-e697-4565-a227-cc591b0176f9-c000.snappy.parquet,https://open-targets-public-data-releases.s3.amazonaws.com/platform/26.06/output/evidence_gwas_credible_sets/part-00002-a65fd080-e697-4565-a227-cc591b0176f9-c000.snappy.parquet,88222289,c2ab508fc2a8e961ad7bd68e783f59a73572cc1a77be2672b8dcc21ee4c86e3a,eb56ee96def1746bea7d26ba9532d6806168a549,6f0da99e6be5844b2402698de7cb03fd,2026-06-25T11:39:45.000Z,application/vnd.apache.parquet,913388,1,15,398f7badbdf249d36d3af605498af8e9e2354144da71d911637b952a040e6704,8,0,206_PARTIAL_CONTENT,VERIFIED_SHA1_AND_SHA256
INV_719849db1a8b9714e79a5f797b77f0f9a7a42bf9b791f117bc3b3be5ab6dd368,REMOTE_SOURCE_FILE,evidence,evidence_impc,output/evidence_impc/part-00000-9ff28d9a-af7a-4345-b5b0-37e7c05dc9b9-c000.snappy.parquet,https://open-targets-public-data-releases.s3.amazonaws.com/platform/26.06/output/evidence_impc/part-00000-9ff28d9a-af7a-4345-b5b0-37e7c05dc9b9-c000.snappy.parquet,31359564,91057c9271d6f5b5f0d36fca50c8bb067942496388c77cdceacb5231de3f1583,2973b83f292423f1b7522250c853b46ab8062bab,87cd1d7f56880821074fd52cf0036f68,2026-06-25T11:38:51.000Z,application/vnd.apache.parquet,193874,1,25,05e52e5e353477af7041d2be69403679fb7da568da29e85dd206bac3fb954881,8,0,206_PARTIAL_CONTENT,VERIFIED_SHA1_AND_SHA256
INV_6d8f78dfc9553e8efd4f5146f60869ebab82b8b83ccd0749317f889a3a39d149,REMOTE_SOURCE_FILE,evidence,evidence_impc,output/evidence_impc/part-00001-9ff28d9a-af7a-4345-b5b0-37e7c05dc9b9-c000.snappy.parquet,https://open-targets-public-data-releases.s3.amazonaws.com/platform/26.06/output/evidence_impc/part-00001-9ff28d9a-af7a-4345-b5b0-37e7c05dc9b9-c000.snappy.parquet,74851206,d88d2ade6136cf21b8503c9d2ff83353688e42739ef42eb9c0307836a9c95d41,5d849eb43e0d41db1d01b72111c6483264cd9cde,05f31225bb182f6cd1f1b997cf84e048,2026-06-25T11:38:52.000Z,application/vnd.apache.parquet,472730,1,25,05e52e5e353477af7041d2be69403679fb7da568da29e85dd206bac3fb954881,8,0,206_PARTIAL_CONTENT,VERIFIED_SHA1_AND_SHA256
INV_7837f5bac68c18f158e0bdd0aa099d4a08583d522562918eb515f01700686531,REMOTE_SOURCE_FILE,evidence,evidence_impc,output/evidence_impc/part-00002-9ff28d9a-af7a-4345-b5b0-37e7c05dc9b9-c000.snappy.parquet,https://open-targets-public-data-releases.s3.amazonaws.com/platform/26.06/output/evidence_impc/part-00002-9ff28d9a-af7a-4345-b5b0-37e7c05dc9b9-c000.snappy.parquet,30139508,7924f867aba064ccaeeacea9e78c6d08b55e6c31c8774e22e2a3e274c15c06bf,e9df2255cfcc6b1de5a4a70286734c8ea6788ec7,5c053332269ec457b541403060c2dd86,2026-06-25T11:38:53.000Z,application/vnd.apache.parquet,186383,1,25,05e52e5e353477af7041d2be69403679fb7da568da29e85dd206bac3fb954881,8,0,206_PARTIAL_CONTENT,VERIFIED_SHA1_AND_SHA256
INV_c7bf6e5c4adc2259edfd60a3812849bf6b78d4cae8dca9cef761bc15a520d747,REMOTE_SOURCE_FILE,evidence,evidence_impc,output/evidence_impc/part-00003-9ff28d9a-af7a-4345-b5b0-37e7c05dc9b9-c000.snappy.parquet,https://open-targets-public-data-releases.s3.amazonaws.com/platform/26.06/output/evidence_impc/part-00003-9ff28d9a-af7a-4345-b5b0-37e7c05dc9b9-c000.snappy.parquet,66465269,75e06805ecff9f70508483ed8e9ebbda6e6f52b12ebae9da2d7305f122749208,4e620a7c9410d1ec0fc16074c371be648792f6df,8668edfc972533aecab585e7b9c997e2,2026-06-25T11:38:56.000Z,application/vnd.apache.parquet,419204,1,25,05e52e5e353477af7041d2be69403679fb7da568da29e85dd206bac3fb954881,8,0,206_PARTIAL_CONTENT,VERIFIED_SHA1_AND_SHA256
INV_9c4fd3750aecbc99c8fcd89217e4d3ead048e021ab779fee87ffcdce2026a9e8,REMOTE_SOURCE_FILE,evidence,evidence_impc,output/evidence_impc/part-00004-9ff28d9a-af7a-4345-b5b0-37e7c05dc9b9-c000.snappy.parquet,https://open-targets-public-data-releases.s3.amazonaws.com/platform/26.06/output/evidence_impc/part-00004-9ff28d9a-af7a-4345-b5b0-37e7c05dc9b9-c000.snappy.parquet,141200235,dde3e503d0c28f851e9b24b2ab167e29eba8afd55297e474b45f33f6e056a58f,dd21f8c3633479789e28dc6b6a5fc9dfeb5e3acb,ee4e3f256976a4d1181c533905436748,2026-06-25T11:38:59.000Z,application/vnd.apache.parquet,892039,2,25,05e52e5e353477af7041d2be69403679fb7da568da29e85dd206bac3fb954881,8,0,206_PARTIAL_CONTENT,VERIFIED_SHA1_AND_SHA256
INV_33a3d80c88db01e8cfcd398d109d7b95edd5952241c18f75c2bcc3e8f0488972,REMOTE_SOURCE_FILE,evidence,evidence_impc,output/evidence_impc/part-00005-9ff28d9a-af7a-4345-b5b0-37e7c05dc9b9-c000.snappy.parquet,https://open-targets-public-data-releases.s3.amazonaws.com/platform/26.06/output/evidence_impc/part-00005-9ff28d9a-af7a-4345-b5b0-37e7c05dc9b9-c000.snappy.parquet,153061383,f99311cb93f9197e082f6bc8bda75aca7a799b8348b8d91b3dc7b41cb34fefb3,a3904d68248a38f25ee495694bb107295032e2b8,299f60561be5efe0145e7741e4fb13a1,2026-06-25T11:38:59.000Z,application/vnd.apache.parquet,968145,2,25,05e52e5e353477af7041d2be69403679fb7da568da29e85dd206bac3fb954881,8,0,206_PARTIAL_CONTENT,VERIFIED_SHA1_AND_SHA256
INV_5ab608f8c9f6d09c5a1a02dcf38f60bca3f30973cd866392e357a3599d0645ca,REMOTE_SOURCE_FILE,evidence,evidence_impc,output/evidence_impc/part-00006-9ff28d9a-af7a-4345-b5b0-37e7c05dc9b9-c000.snappy.parquet,https://open-targets-public-data-releases.s3.amazonaws.com/platform/26.06/output/evidence_impc/part-00006-9ff28d9a-af7a-4345-b5b0-37e7c05dc9b9-c000.snappy.parquet,32543759,55feda8aa7637034b4fdb6a3831a613b7d9b84ce6c40d8b4cf497df952d5760f,d846a513c5d586fdaa11658197eb87b6cc09a5b1,dc494f7e7ee32180b671f7b857883243,2026-06-25T11:39:04.000Z,application/vnd.apache.parquet,201251,1,25,05e52e5e353477af7041d2be69403679fb7da568da29e85dd206bac3fb954881,8,0,206_PARTIAL_CONTENT,VERIFIED_SHA1_AND_SHA256
INV_a73f891a61f0a34991dca2d9efdee05f8ca2ef02a505d9ffb1aed51b6dbfefec,REMOTE_SOURCE_FILE,evidence,evidence_impc,output/evidence_impc/part-00007-9ff28d9a-af7a-4345-b5b0-37e7c05dc9b9-c000.snappy.parquet,https://open-targets-public-data-releases.s3.amazonaws.com/platform/26.06/output/evidence_impc/part-00007-9ff28d9a-af7a-4345-b5b0-37e7c05dc9b9-c000.snappy.parquet,45972248,ac5acd9e74106abcafadb7669dc6a1d80b0af4b477cc0e66c4e62fdce0f3d514,7209e555d2a23508fc150260686641daac7996dd,d6806d8aa453c9613eaafe18cbf22164,2026-06-25T11:39:07.000Z,application/vnd.apache.parquet,287451,1,25,05e52e5e353477af7041d2be69403679fb7da568da29e85dd206bac3fb954881,8,0,206_PARTIAL_CONTENT,VERIFIED_SHA1_AND_SHA256
INV_1d8bdbce67db64af29bf2c6928fbe3e31bcc96f9b9c9c88e730a6fa0295c6bee,REMOTE_SOURCE_FILE,evidence,evidence_impc,output/evidence_impc/part-00008-9ff28d9a-af7a-4345-b5b0-37e7c05dc9b9-c000.snappy.parquet,https://open-targets-public-data-releases.s3.amazonaws.com/platform/26.06/output/evidence_impc/part-00008-9ff28d9a-af7a-4345-b5b0-37e7c05dc9b9-c000.snappy.parquet,74973030,5e0c386378cbbd89315f35d44f874e011101b4e45e0428aaedfda13c3cd0aeb9,41ca83472215f281f58c3a4f2d1b4b87b5518f91,9d18d0aae48d3d463dc80cdfdb62e94d,2026-06-25T11:39:10.000Z,application/vnd.apache.parquet,473633,1,25,05e52e5e353477af7041d2be69403679fb7da568da29e85dd206bac3fb954881,8,0,206_PARTIAL_CONTENT,VERIFIED_SHA1_AND_SHA256
INV_0eb8b288ed5fc430c63c38836bfcf1967940282e522097b3402f334b5cbab91c,REMOTE_SOURCE_FILE,evidence,evidence_impc,output/evidence_impc/part-00009-9ff28d9a-af7a-4345-b5b0-37e7c05dc9b9-c000.snappy.parquet,https://open-targets-public-data-releases.s3.amazonaws.com/platform/26.06/output/evidence_impc/part-00009-9ff28d9a-af7a-4345-b5b0-37e7c05dc9b9-c000.snappy.parquet,44788553,cbbf228dcbb03ad16dd6608cb24499b0eea1481689b6bb477360d6a49f0d36db,960455db42232a7ea8b8df87e5b48180dca6dbee,b90a727ca3610064835d7d5fbfdbc9be,2026-06-25T11:39:15.000Z,application/vnd.apache.parquet,280219,1,25,05e52e5e353477af7041d2be69403679fb7da568da29e85dd206bac3fb954881,8,0,206_PARTIAL_CONTENT,VERIFIED_SHA1_AND_SHA256
INV_6aea7775ea597e6d66bad5fd479858531a9a5cdaf8719dd0522e6306917ed331,REMOTE_SOURCE_FILE,evidence,evidence_impc,output/evidence_impc/part-00010-9ff28d9a-af7a-4345-b5b0-37e7c05dc9b9-c000.snappy.parquet,https://open-targets-public-data-releases.s3.amazonaws.com/platform/26.06/output/evidence_impc/part-00010-9ff28d9a-af7a-4345-b5b0-37e7c05dc9b9-c000.snappy.parquet,31351608,3d24160c83a22dda2dabe29b2e1aa62ff66c4212ea89e35d9153da488dfa178b,31495da4daa29d32bb2aee6422294446151cfa6c,f53678eca8062770004b542a7cac75c3,2026-06-25T11:39:23.000Z,application/vnd.apache.parquet,193622,1,25,05e52e5e353477af7041d2be69403679fb7da568da29e85dd206bac3fb954881,8,0,206_PARTIAL_CONTENT,VERIFIED_SHA1_AND_SHA256
INV_090d3da6d5607daf034908ca816fd481e5aa2d4dd3ba12e246e8054b372e0469,REMOTE_SOURCE_FILE,evidence,evidence_impc,output/evidence_impc/part-00011-9ff28d9a-af7a-4345-b5b0-37e7c05dc9b9-c000.snappy.parquet,https://open-targets-public-data-releases.s3.amazonaws.com/platform/26.06/output/evidence_impc/part-00011-9ff28d9a-af7a-4345-b5b0-37e7c05dc9b9-c000.snappy.parquet,31570692,5691f4f471a4b05008514bbb8234cf361a50be00aedc08ef2ec6fb17a7982956,ef0453b95e6ba39e47b53231908a568018e82532,a7afcdcee5c1676516c253f8e90be83d,2026-06-25T11:39:23.000Z,application/vnd.apache.parquet,194894,1,25,05e52e5e353477af7041d2be69403679fb7da568da29e85dd206bac3fb954881,8,0,206_PARTIAL_CONTENT,VERIFIED_SHA1_AND_SHA256
INV_77b2827321258872cb4482bdfb26cf142012b2d3ebf888c5f0f58bff35cb986c,REMOTE_SOURCE_FILE,evidence,evidence_impc,output/evidence_impc/part-00012-9ff28d9a-af7a-4345-b5b0-37e7c05dc9b9-c000.snappy.parquet,https://open-targets-public-data-releases.s3.amazonaws.com/platform/26.06/output/evidence_impc/part-00012-9ff28d9a-af7a-4345-b5b0-37e7c05dc9b9-c000.snappy.parquet,31417045,4132c244dbd59a60b1058940f2784a5b008069315a50ca2657d068c6a4729b33,95be4da9fd6f46df8607a901b345a0c2cbf23540,ea75a02b18a8f14dfebe646c66f243ac,2026-06-25T11:39:23.000Z,application/vnd.apache.parquet,193925,1,25,05e52e5e353477af7041d2be69403679fb7da568da29e85dd206bac3fb954881,8,0,206_PARTIAL_CONTENT,VERIFIED_SHA1_AND_SHA256
INV_f97663a36ecacd5ee4840c70be9a469219e8c9dfd78fe5dad1a35e993d0362fb,REMOTE_SOURCE_FILE,evidence,evidence_impc,output/evidence_impc/part-00013-9ff28d9a-af7a-4345-b5b0-37e7c05dc9b9-c000.snappy.parquet,https://open-targets-public-data-releases.s3.amazonaws.com/platform/26.06/output/evidence_impc/part-00013-9ff28d9a-af7a-4345-b5b0-37e7c05dc9b9-c000.snappy.parquet,30245912,a07671e2c870a41c0e13b48c591a6304005f93cab18eee524c239ceb0fb63f0a,df3a16d27f0d7ad9cb6254d0e84cfe87eb45dcdc,8700bf5e1a54bbc41e8d59a274da3f05,2026-06-25T11:39:24.000Z,application/vnd.apache.parquet,186421,1,25,05e52e5e353477af7041d2be69403679fb7da568da29e85dd206bac3fb954881,8,0,206_PARTIAL_CONTENT,VERIFIED_SHA1_AND_SHA256
INV_c71656f4bb5af23cc9b2c603dfcac8da33de08db797a5afa0aa0dbc1d18b701e,REMOTE_SOURCE_FILE,evidence,evidence_impc,output/evidence_impc/part-00014-9ff28d9a-af7a-4345-b5b0-37e7c05dc9b9-c000.snappy.parquet,https://open-targets-public-data-releases.s3.amazonaws.com/platform/26.06/output/evidence_impc/part-00014-9ff28d9a-af7a-4345-b5b0-37e7c05dc9b9-c000.snappy.parquet,31415311,a4447572165858ea4b24fe6e20a26a6ae28a6c601700ba03bc7decbac3a7aef1,6d8a4b9db29e7d1ffed59ff5ecf627992bf542e7,cc4c88f3314433b1f8c0f5c8cd0f3fe2,2026-06-25T11:39:28.000Z,application/vnd.apache.parquet,193777,1,25,05e52e5e353477af7041d2be69403679fb7da568da29e85dd206bac3fb954881,8,0,206_PARTIAL_CONTENT,VERIFIED_SHA1_AND_SHA256
INV_6d43b8b1d6b3c132b272790d18713a36d95a02e80ad1462f9ef20517dde8ddcb,REMOTE_SOURCE_FILE,evidence,evidence_impc,output/evidence_impc/part-00015-9ff28d9a-af7a-4345-b5b0-37e7c05dc9b9-c000.snappy.parquet,https://open-targets-public-data-releases.s3.amazonaws.com/platform/26.06/output/evidence_impc/part-00015-9ff28d9a-af7a-4345-b5b0-37e7c05dc9b9-c000.snappy.parquet,66612314,2c3379e3975c71f8aea94549b80a7e41b421f40998d17d49d2c737e5e0ad977f,b3b4bfd800194d9e508069e1277ef1ea6317d0e3,daf015efa4ec9f7cee857b481a6eb3d0,2026-06-25T11:39:28.000Z,application/vnd.apache.parquet,419968,1,25,05e52e5e353477af7041d2be69403679fb7da568da29e85dd206bac3fb954881,8,0,206_PARTIAL_CONTENT,VERIFIED_SHA1_AND_SHA256
INV_782d483e704c70b7e543a0117eb1b854ed9a768878aa680c2f3503e38bf7ac7c,REMOTE_SOURCE_FILE,evidence,evidence_impc,output/evidence_impc/part-00016-9ff28d9a-af7a-4345-b5b0-37e7c05dc9b9-c000.snappy.parquet,https://open-targets-public-data-releases.s3.amazonaws.com/platform/26.06/output/evidence_impc/part-00016-9ff28d9a-af7a-4345-b5b0-37e7c05dc9b9-c000.snappy.parquet,31353269,907f39ab1ac621693d362e04652537982117c828c5bf0bab020cfc563a27e786,8cb45d17ccc53e6c286366aa580dfce1e5c56797,368a0feea3d85b708943c81c1a56e809,2026-06-25T11:39:29.000Z,application/vnd.apache.parquet,193670,1,25,05e52e5e353477af7041d2be69403679fb7da568da29e85dd206bac3fb954881,8,0,206_PARTIAL_CONTENT,VERIFIED_SHA1_AND_SHA256
INV_5fc979bf1e10403b8387186f7e128ce37a36f497521d8f19e2f300f320817227,REMOTE_SOURCE_FILE,evidence,evidence_impc,output/evidence_impc/part-00017-9ff28d9a-af7a-4345-b5b0-37e7c05dc9b9-c000.snappy.parquet,https://open-targets-public-data-releases.s3.amazonaws.com/platform/26.06/output/evidence_impc/part-00017-9ff28d9a-af7a-4345-b5b0-37e7c05dc9b9-c000.snappy.parquet,30200552,ba9511873ffcaae2c74f21092ff3b6c847f29d11e3d645dcf4a877dba41d600b,6dc0d5394294be6665b4c4c9d0b29218c5b71c8a,e02f6abbe46400ee5f126edec225c98a,2026-06-25T11:39:29.000Z,application/vnd.apache.parquet,186187,1,25,05e52e5e353477af7041d2be69403679fb7da568da29e85dd206bac3fb954881,8,0,206_PARTIAL_CONTENT,VERIFIED_SHA1_AND_SHA256
INV_73ddd0e69e90fdcc77807bbe25f35c31b7c1ad24c5d710d52f913d060afddadb,REMOTE_SOURCE_FILE,evidence,evidence_impc,output/evidence_impc/part-00018-9ff28d9a-af7a-4345-b5b0-37e7c05dc9b9-c000.snappy.parquet,https://open-targets-public-data-releases.s3.amazonaws.com/platform/26.06/output/evidence_impc/part-00018-9ff28d9a-af7a-4345-b5b0-37e7c05dc9b9-c000.snappy.parquet,28897170,08b255ffc5f3c3f3fd085820ece887b69370228d52996ba97e1d15f389b1b917,d9a5848ab3a99231e0274764dff1757e79bbaab4,064c854145dc4ad83be1ed1eb489efab,2026-06-25T11:39:33.000Z,application/vnd.apache.parquet,178307,1,25,05e52e5e353477af7041d2be69403679fb7da568da29e85dd206bac3fb954881,8,0,206_PARTIAL_CONTENT,VERIFIED_SHA1_AND_SHA256
INV_4eccfa5373ca23db060e81255558061e73e7793f86632ae662dc5f9e53c43a92,REMOTE_SOURCE_FILE,evidence,evidence_impc,output/evidence_impc/part-00019-9ff28d9a-af7a-4345-b5b0-37e7c05dc9b9-c000.snappy.parquet,https://open-targets-public-data-releases.s3.amazonaws.com/platform/26.06/output/evidence_impc/part-00019-9ff28d9a-af7a-4345-b5b0-37e7c05dc9b9-c000.snappy.parquet,29063032,ceaa2f70dc679f2e47cc2e967966b074c2ba9f8a264fb2cfc79982bdcbe388d5,67af88dc9a4a01f752a33002c7eb16bd5775eed3,188bed3c9871ed03de5b568c361d0dcd,2026-06-25T11:39:34.000Z,application/vnd.apache.parquet,178880,1,25,05e52e5e353477af7041d2be69403679fb7da568da29e85dd206bac3fb954881,8,0,206_PARTIAL_CONTENT,VERIFIED_SHA1_AND_SHA256
INV_2bfbf390f4055be506ea60c80e160b29f40d7d27870cf6a3f7ddc6d6a59e857a,REMOTE_SOURCE_FILE,evidence,evidence_impc,output/evidence_impc/part-00020-9ff28d9a-af7a-4345-b5b0-37e7c05dc9b9-c000.snappy.parquet,https://open-targets-public-data-releases.s3.amazonaws.com/platform/26.06/output/evidence_impc/part-00020-9ff28d9a-af7a-4345-b5b0-37e7c05dc9b9-c000.snappy.parquet,44626567,bb1c3dc79e6806ebe04b83b63f9a6b1b0e4f50a81a89e672f67dda5c5ab8ab7a,19f510359e9a26b33deed3b72f8a384f2433294c,225d21b4bbb8bc217f38dd245ec4349c,2026-06-25T11:39:35.000Z,application/vnd.apache.parquet,278794,1,25,05e52e5e353477af7041d2be69403679fb7da568da29e85dd206bac3fb954881,8,0,206_PARTIAL_CONTENT,VERIFIED_SHA1_AND_SHA256
INV_0da9bf3fbd605968b97e7c02bce413a4b486239d3c4ad48a307abb167284c7b5,REMOTE_SOURCE_FILE,evidence,evidence_impc,output/evidence_impc/part-00021-9ff28d9a-af7a-4345-b5b0-37e7c05dc9b9-c000.snappy.parquet,https://open-targets-public-data-releases.s3.amazonaws.com/platform/26.06/output/evidence_impc/part-00021-9ff28d9a-af7a-4345-b5b0-37e7c05dc9b9-c000.snappy.parquet,31401711,8505c9d596467de3d4385a5e83a50fd370186616b58c274aa5946ba2f764e545,dc009080b0438fd0e3d5d82f347e0cb46fc5e077,4a5696216f4e4e0ab911240426b757d3,2026-06-25T11:39:38.000Z,application/vnd.apache.parquet,194308,1,25,05e52e5e353477af7041d2be69403679fb7da568da29e85dd206bac3fb954881,8,0,206_PARTIAL_CONTENT,VERIFIED_SHA1_AND_SHA256
INV_816cf9cf50caa0d9399f1c007276d8b26716461e8f7608d9d350ad185723d222,REMOTE_SOURCE_FILE,evidence,evidence_impc,output/evidence_impc/part-00022-9ff28d9a-af7a-4345-b5b0-37e7c05dc9b9-c000.snappy.parquet,https://open-targets-public-data-releases.s3.amazonaws.com/platform/26.06/output/evidence_impc/part-00022-9ff28d9a-af7a-4345-b5b0-37e7c05dc9b9-c000.snappy.parquet,31341998,6b6fb32b5aef015713f8814216d62c21f0c1fcd2107634d1923d602b6f526bec,5cc8de2692f10b9bdeac354457b133145a11f9a4,34a556ef703fe1a669a965c846336b17,2026-06-25T11:39:39.000Z,application/vnd.apache.parquet,193655,1,25,05e52e5e353477af7041d2be69403679fb7da568da29e85dd206bac3fb954881,8,0,206_PARTIAL_CONTENT,VERIFIED_SHA1_AND_SHA256
INV_3fd1dc680df9db781fa2919280f05b3d3ce0d4882da1add0c99dcc4dfb2566b6,REMOTE_SOURCE_FILE,evidence,evidence_impc,output/evidence_impc/part-00023-9ff28d9a-af7a-4345-b5b0-37e7c05dc9b9-c000.snappy.parquet,https://open-targets-public-data-releases.s3.amazonaws.com/platform/26.06/output/evidence_impc/part-00023-9ff28d9a-af7a-4345-b5b0-37e7c05dc9b9-c000.snappy.parquet,28949814,134cf2d6e8c1a333821005c7140e30cbf9303248583a85edccd553c3d4e0ba3a,83e67fcfc4b2b8550f79182b2eea4a1a82bb18ba,6e1629b7eb0e4b533250e0b7deed7299,2026-06-25T11:39:39.000Z,application/vnd.apache.parquet,178162,1,25,05e52e5e353477af7041d2be69403679fb7da568da29e85dd206bac3fb954881,8,0,206_PARTIAL_CONTENT,VERIFIED_SHA1_AND_SHA256
INV_6994bdeafff13b2415235ff0a5c24ea404b2bfb40fd580699b918829c1f603c6,REMOTE_SOURCE_FILE,evidence,evidence_impc,output/evidence_impc/part-00024-9ff28d9a-af7a-4345-b5b0-37e7c05dc9b9-c000.snappy.parquet,https://open-targets-public-data-releases.s3.amazonaws.com/platform/26.06/output/evidence_impc/part-00024-9ff28d9a-af7a-4345-b5b0-37e7c05dc9b9-c000.snappy.parquet,66545588,ef23a6bf49660240a13e6e72f0170fdd22839a1e2f806048b40d319dac95c489,2c8586201d99a88822cad7a0d86bcfd7fba47d44,3e6d9ab9e8483f0b591c2606668a2987,2026-06-25T11:39:42.000Z,application/vnd.apache.parquet,419476,1,25,05e52e5e353477af7041d2be69403679fb7da568da29e85dd206bac3fb954881,8,0,206_PARTIAL_CONTENT,VERIFIED_SHA1_AND_SHA256
INV_64161a0603a6db075768fbfca53027dc492e66ff2b24005a947f78a280deaaf5,REMOTE_SOURCE_FILE,evidence,evidence_intogen,output/evidence_intogen/part-00000-57151394-85ce-47b8-8aa7-6c3deedade7b-c000.snappy.parquet,https://open-targets-public-data-releases.s3.amazonaws.com/platform/26.06/output/evidence_intogen/part-00000-57151394-85ce-47b8-8aa7-6c3deedade7b-c000.snappy.parquet,324068,7b00482b80a9417fcd0d7b38b6f9306dc0b8de366825d3bf29f3bf82be4b0707,cf91ab1bcfe666067851b1f0dabfbf6b5557e301,7b73dce7bee8e219d8beaad81cc64f65,2026-06-25T11:39:53.000Z,application/vnd.apache.parquet,4223,1,21,a56a16bbf3c7b899384e5236e6c24c101043da6fa02dd1c7cd0a468501785c8c,1,0,206_PARTIAL_CONTENT,VERIFIED_SHA1_AND_SHA256
INV_7dc31afc71f3d4fdb5c8007e3f38c6b0891a38d16666480575e240a707872e3f,REMOTE_SOURCE_FILE,evidence,evidence_orphanet,output/evidence_orphanet/part-00000-cd6a04cb-4416-4a3a-9177-34497cde762c-c000.snappy.parquet,https://open-targets-public-data-releases.s3.amazonaws.com/platform/26.06/output/evidence_orphanet/part-00000-cd6a04cb-4416-4a3a-9177-34497cde762c-c000.snappy.parquet,759911,2745a55080d69197e29ee4b1a05ad2ce3777b7d31e24565494297b5ad2f05c2c,ebcbf637e9bafae86e5a6cf40fc6db315abf0a88,333b5c8cb72e1faa9bf8fbac2b6a0be3,2026-06-25T11:39:54.000Z,application/vnd.apache.parquet,7461,1,20,dc3c2b560a8a77ea36044b2287d8ced9cdfd1d3bcdf42d2f7b80365d212a38fd,1,0,206_PARTIAL_CONTENT,VERIFIED_SHA1_AND_SHA256
INV_0ce6cb8d0c74d59b2686c14106df4b096b3dc93f179b9aa4781da45568f33d34,REMOTE_SOURCE_FILE,evidence,evidence_reactome,output/evidence_reactome/part-00000-dfa302cd-c6b6-4abd-b04a-bd500691fa4b-c000.snappy.parquet,https://open-targets-public-data-releases.s3.amazonaws.com/platform/26.06/output/evidence_reactome/part-00000-dfa302cd-c6b6-4abd-b04a-bd500691fa4b-c000.snappy.parquet,879712,82b175da6617ed86d6ca83a881a49ece92147caed88ae99e3008c376200de6c3,5b5645c7678cca471f0d831f37a8da2533bd4b22,28f119f933e15f37ac50b8b618c40417,2026-06-25T11:39:55.000Z,application/vnd.apache.parquet,10752,1,19,84558b12e5e4ac74c65af23aa8e8dd81894e7a136977765af344bb2e5f043cf8,1,0,206_PARTIAL_CONTENT,VERIFIED_SHA1_AND_SHA256
INV_594d57a8638b3f479e23d72f2c0e30a2ddafaf3273b84d4be2c6b2a700dc3d5a,REMOTE_SOURCE_FILE,evidence,evidence_uniprot_literature,output/evidence_uniprot_literature/part-00000-d873d4b4-17bf-44b4-9ad8-142e8cd17d87-c000.snappy.parquet,https://open-targets-public-data-releases.s3.amazonaws.com/platform/26.06/output/evidence_uniprot_literature/part-00000-d873d4b4-17bf-44b4-9ad8-142e8cd17d87-c000.snappy.parquet,838910,5fdb7e452b50b3e2fd8d206dc5af6ad9e0b88cce7e755efc79e559f72123e467,e16ed608da536c8ddd316105da9d77a62b621985,331a2c5c71d02b1f62f7243adc72e5f1,2026-06-25T11:39:58.000Z,application/vnd.apache.parquet,6692,1,16,0f37784ab28e6cb8287769d043fb73cb4407a753f6bf4d0af778ee91983843d7,1,0,206_PARTIAL_CONTENT,VERIFIED_SHA1_AND_SHA256
INV_2e287b7bbb777036713f1f0c6a4711c17b1096bf6063e3a1f3fb5f50d6469c15,REMOTE_SOURCE_FILE,evidence,evidence_uniprot_variants,output/evidence_uniprot_variants/part-00000-bf773097-355a-46f4-833f-6b71d39e6f83-c000.snappy.parquet,https://open-targets-public-data-releases.s3.amazonaws.com/platform/26.06/output/evidence_uniprot_variants/part-00000-bf773097-355a-46f4-833f-6b71d39e6f83-c000.snappy.parquet,3020107,5f6be0811c959539bf4232b8bd9edd931d331b69fe692758bf25508e78260a8c,b5d92ede9e36ca2c836a4ad637672781f39a2ee2,823947ea70ce5a620a93fce51d1dc012,2026-06-25T11:39:56.000Z,application/vnd.apache.parquet,36722,1,18,11d46e71736f5c0db4addd8cac13f5df4a2736c84a04380c8d02b341d13b35c8,3,0,206_PARTIAL_CONTENT,VERIFIED_SHA1_AND_SHA256
INV_4ac8c1cd8912aa5bbbbf5d3d9040b1bbe71a04ece58f3c24428defe773941d3b,REMOTE_SOURCE_FILE,target,target,output/target/part-00000-810593a9-06e5-4201-a034-4d82bcbe81e7-c000.snappy.parquet,https://open-targets-public-data-releases.s3.amazonaws.com/platform/26.06/output/target/part-00000-810593a9-06e5-4201-a034-4d82bcbe81e7-c000.snappy.parquet,30365704,770cdce2c5b6c46952777139bbe68bd0164a6eb0878ad94832775f7d9838d216,813d6f0b79ecb639237f5156ecc2ac46468a9533,d1ff06d1a056059661714a03341b0a97,2026-06-25T11:42:55.000Z,application/vnd.apache.parquet,26353,1,30,ae236ea7b433ee5d70e0b6ef7288a85544adb15129d3c7592cd453fb50a520af,8,0,206_PARTIAL_CONTENT,VERIFIED_SHA1_AND_SHA256
INV_4fffee466a788102a18f8f81758a942670a67d04b8dbf3b20981af9915e8e097,REMOTE_SOURCE_FILE,target,target,output/target/part-00001-810593a9-06e5-4201-a034-4d82bcbe81e7-c000.snappy.parquet,https://open-targets-public-data-releases.s3.amazonaws.com/platform/26.06/output/target/part-00001-810593a9-06e5-4201-a034-4d82bcbe81e7-c000.snappy.parquet,29725904,e2a0bf1db8d4d31cdcc90cea56cec19c068c7a6077f37d3e75dedc7b44a19bbf,5bceeaf50a0d08a50997aad34ea4f22eeec642a2,7038c9a3ae07eb78251964701689a404,2026-06-25T11:42:55.000Z,application/vnd.apache.parquet,26245,1,30,ae236ea7b433ee5d70e0b6ef7288a85544adb15129d3c7592cd453fb50a520af,8,0,206_PARTIAL_CONTENT,VERIFIED_SHA1_AND_SHA256
INV_cf416d3554bf43875ad1d097e1d3f985fcee79c3186e421df76371a5538ce1ce,REMOTE_SOURCE_FILE,target,target,output/target/part-00002-810593a9-06e5-4201-a034-4d82bcbe81e7-c000.snappy.parquet,https://open-targets-public-data-releases.s3.amazonaws.com/platform/26.06/output/target/part-00002-810593a9-06e5-4201-a034-4d82bcbe81e7-c000.snappy.parquet,29839950,7fc4baeb3e0b9a95f0cad2e280b47955e253bceb3eba8cf85f32e770e771284a,c70ee878b01d0770fa39b3e045a785c47df2f31d,ce2da045ec5f9d44933a5237718f5c09,2026-06-25T11:42:57.000Z,application/vnd.apache.parquet,26093,1,30,ae236ea7b433ee5d70e0b6ef7288a85544adb15129d3c7592cd453fb50a520af,8,0,206_PARTIAL_CONTENT,VERIFIED_SHA1_AND_SHA256
INV_8c07d05c6607a7bcf60e4edc047c680aad06df16687fcffeddcb7eed7c77b190,REMOTE_SUCCESS_MARKER,evidence,evidence_cancer_biomarkers,output/evidence_cancer_biomarkers/_SUCCESS,https://open-targets-public-data-releases.s3.amazonaws.com/platform/26.06/output/evidence_cancer_biomarkers/_SUCCESS,0,e3b0c44298fc1c149afbf4c8996fb92427ae41e4649b934ca495991b7852b855,da39a3ee5e6b4b0d3255bfef95601890afd80709,d41d8cd98f00b204e9800998ecf8427e,2026-06-25T11:31:30.000Z,application/octet-stream,NOT_APPLICABLE,NOT_APPLICABLE,NOT_APPLICABLE,NOT_APPLICABLE,0,0,DISCOVERED_IN_VERIFIED_S3_LIST_RESPONSE,VERIFIED_ZERO_BYTE_MARKER
INV_71e60eb2246cd68c6bcd9bac88efa41833f281835bba0e682a1eec5143c88c9f,REMOTE_SUCCESS_MARKER,evidence,evidence_cancer_gene_census,output/evidence_cancer_gene_census/_SUCCESS,https://open-targets-public-data-releases.s3.amazonaws.com/platform/26.06/output/evidence_cancer_gene_census/_SUCCESS,0,e3b0c44298fc1c149afbf4c8996fb92427ae41e4649b934ca495991b7852b855,da39a3ee5e6b4b0d3255bfef95601890afd80709,d41d8cd98f00b204e9800998ecf8427e,2026-06-25T11:31:31.000Z,application/octet-stream,NOT_APPLICABLE,NOT_APPLICABLE,NOT_APPLICABLE,NOT_APPLICABLE,0,0,DISCOVERED_IN_VERIFIED_S3_LIST_RESPONSE,VERIFIED_ZERO_BYTE_MARKER
INV_74bd4ca9f6b983a96b12e8c2de0cd8612f0ed5b323d06c687b5ecfa06cb0ee73,REMOTE_SUCCESS_MARKER,evidence,evidence_clingen,output/evidence_clingen/_SUCCESS,https://open-targets-public-data-releases.s3.amazonaws.com/platform/26.06/output/evidence_clingen/_SUCCESS,0,e3b0c44298fc1c149afbf4c8996fb92427ae41e4649b934ca495991b7852b855,da39a3ee5e6b4b0d3255bfef95601890afd80709,d41d8cd98f00b204e9800998ecf8427e,2026-06-25T11:31:32.000Z,application/octet-stream,NOT_APPLICABLE,NOT_APPLICABLE,NOT_APPLICABLE,NOT_APPLICABLE,0,0,DISCOVERED_IN_VERIFIED_S3_LIST_RESPONSE,VERIFIED_ZERO_BYTE_MARKER
INV_d6a27cb8f1e9447c1b941e544f8ac44ff1a4786a7f52594cded6596af95aec54,REMOTE_SUCCESS_MARKER,evidence,evidence_clinical_precedence,output/evidence_clinical_precedence/_SUCCESS,https://open-targets-public-data-releases.s3.amazonaws.com/platform/26.06/output/evidence_clinical_precedence/_SUCCESS,0,e3b0c44298fc1c149afbf4c8996fb92427ae41e4649b934ca495991b7852b855,da39a3ee5e6b4b0d3255bfef95601890afd80709,d41d8cd98f00b204e9800998ecf8427e,2026-06-25T11:31:31.000Z,application/octet-stream,NOT_APPLICABLE,NOT_APPLICABLE,NOT_APPLICABLE,NOT_APPLICABLE,0,0,DISCOVERED_IN_VERIFIED_S3_LIST_RESPONSE,VERIFIED_ZERO_BYTE_MARKER
INV_dc10c4921957c6cb718ed229d6210bc5e7e9f5859701f1aefaa7a75ea442ef82,REMOTE_SUCCESS_MARKER,evidence,evidence_crispr,output/evidence_crispr/_SUCCESS,https://open-targets-public-data-releases.s3.amazonaws.com/platform/26.06/output/evidence_crispr/_SUCCESS,0,e3b0c44298fc1c149afbf4c8996fb92427ae41e4649b934ca495991b7852b855,da39a3ee5e6b4b0d3255bfef95601890afd80709,d41d8cd98f00b204e9800998ecf8427e,2026-06-25T11:31:33.000Z,application/octet-stream,NOT_APPLICABLE,NOT_APPLICABLE,NOT_APPLICABLE,NOT_APPLICABLE,0,0,DISCOVERED_IN_VERIFIED_S3_LIST_RESPONSE,VERIFIED_ZERO_BYTE_MARKER
INV_17d5be332b59018b92aecdcbda4a8add8ed584d41167eae6b5fa50cf6755720c,REMOTE_SUCCESS_MARKER,evidence,evidence_crispr_screen,output/evidence_crispr_screen/_SUCCESS,https://open-targets-public-data-releases.s3.amazonaws.com/platform/26.06/output/evidence_crispr_screen/_SUCCESS,0,e3b0c44298fc1c149afbf4c8996fb92427ae41e4649b934ca495991b7852b855,da39a3ee5e6b4b0d3255bfef95601890afd80709,d41d8cd98f00b204e9800998ecf8427e,2026-06-25T11:31:34.000Z,application/octet-stream,NOT_APPLICABLE,NOT_APPLICABLE,NOT_APPLICABLE,NOT_APPLICABLE,0,0,DISCOVERED_IN_VERIFIED_S3_LIST_RESPONSE,VERIFIED_ZERO_BYTE_MARKER
INV_cf8e80f56ab14c5a1893f5bd069ea642b590a64cacbe68ac8a234db012535703,REMOTE_SUCCESS_MARKER,evidence,evidence_europepmc,output/evidence_europepmc/_SUCCESS,https://open-targets-public-data-releases.s3.amazonaws.com/platform/26.06/output/evidence_europepmc/_SUCCESS,0,e3b0c44298fc1c149afbf4c8996fb92427ae41e4649b934ca495991b7852b855,da39a3ee5e6b4b0d3255bfef95601890afd80709,d41d8cd98f00b204e9800998ecf8427e,2026-06-25T11:31:57.000Z,application/octet-stream,NOT_APPLICABLE,NOT_APPLICABLE,NOT_APPLICABLE,NOT_APPLICABLE,0,0,DISCOVERED_IN_VERIFIED_S3_LIST_RESPONSE,VERIFIED_ZERO_BYTE_MARKER
INV_725c746c07b2f4e2542db8841ef3f91300099610b9c9de4357c60ecb52defd39,REMOTE_SUCCESS_MARKER,evidence,evidence_eva,output/evidence_eva/_SUCCESS,https://open-targets-public-data-releases.s3.amazonaws.com/platform/26.06/output/evidence_eva/_SUCCESS,0,e3b0c44298fc1c149afbf4c8996fb92427ae41e4649b934ca495991b7852b855,da39a3ee5e6b4b0d3255bfef95601890afd80709,d41d8cd98f00b204e9800998ecf8427e,2026-06-25T11:31:35.000Z,application/octet-stream,NOT_APPLICABLE,NOT_APPLICABLE,NOT_APPLICABLE,NOT_APPLICABLE,0,0,DISCOVERED_IN_VERIFIED_S3_LIST_RESPONSE,VERIFIED_ZERO_BYTE_MARKER
INV_7adfe7769b692526ec789f1abb5dfc889632391899a079683ff8e13b5cbba340,REMOTE_SUCCESS_MARKER,evidence,evidence_eva_somatic,output/evidence_eva_somatic/_SUCCESS,https://open-targets-public-data-releases.s3.amazonaws.com/platform/26.06/output/evidence_eva_somatic/_SUCCESS,0,e3b0c44298fc1c149afbf4c8996fb92427ae41e4649b934ca495991b7852b855,da39a3ee5e6b4b0d3255bfef95601890afd80709,d41d8cd98f00b204e9800998ecf8427e,2026-06-25T11:31:56.000Z,application/octet-stream,NOT_APPLICABLE,NOT_APPLICABLE,NOT_APPLICABLE,NOT_APPLICABLE,0,0,DISCOVERED_IN_VERIFIED_S3_LIST_RESPONSE,VERIFIED_ZERO_BYTE_MARKER
INV_90dfedbb6737bde4240ad1d32c9a5cc490b9ad0308329b262fb2fb3b1ff5c97b,REMOTE_SUCCESS_MARKER,evidence,evidence_expression_atlas,output/evidence_expression_atlas/_SUCCESS,https://open-targets-public-data-releases.s3.amazonaws.com/platform/26.06/output/evidence_expression_atlas/_SUCCESS,0,e3b0c44298fc1c149afbf4c8996fb92427ae41e4649b934ca495991b7852b855,da39a3ee5e6b4b0d3255bfef95601890afd80709,d41d8cd98f00b204e9800998ecf8427e,2026-06-25T11:38:45.000Z,application/octet-stream,NOT_APPLICABLE,NOT_APPLICABLE,NOT_APPLICABLE,NOT_APPLICABLE,0,0,DISCOVERED_IN_VERIFIED_S3_LIST_RESPONSE,VERIFIED_ZERO_BYTE_MARKER
INV_5178c0987ee3f870fc2ca90997fbe042f81184092919d649d9a5bce448945e88,REMOTE_SUCCESS_MARKER,evidence,evidence_gene2phenotype,output/evidence_gene2phenotype/_SUCCESS,https://open-targets-public-data-releases.s3.amazonaws.com/platform/26.06/output/evidence_gene2phenotype/_SUCCESS,0,e3b0c44298fc1c149afbf4c8996fb92427ae41e4649b934ca495991b7852b855,da39a3ee5e6b4b0d3255bfef95601890afd80709,d41d8cd98f00b204e9800998ecf8427e,2026-06-25T11:38:48.000Z,application/octet-stream,NOT_APPLICABLE,NOT_APPLICABLE,NOT_APPLICABLE,NOT_APPLICABLE,0,0,DISCOVERED_IN_VERIFIED_S3_LIST_RESPONSE,VERIFIED_ZERO_BYTE_MARKER
INV_1474b1aed2f0fd2f13d41f51f4f27e2b83b03f302cc2e16fe53fdff27d7cda9b,REMOTE_SUCCESS_MARKER,evidence,evidence_gene_burden,output/evidence_gene_burden/_SUCCESS,https://open-targets-public-data-releases.s3.amazonaws.com/platform/26.06/output/evidence_gene_burden/_SUCCESS,0,e3b0c44298fc1c149afbf4c8996fb92427ae41e4649b934ca495991b7852b855,da39a3ee5e6b4b0d3255bfef95601890afd80709,d41d8cd98f00b204e9800998ecf8427e,2026-06-25T11:38:49.000Z,application/octet-stream,NOT_APPLICABLE,NOT_APPLICABLE,NOT_APPLICABLE,NOT_APPLICABLE,0,0,DISCOVERED_IN_VERIFIED_S3_LIST_RESPONSE,VERIFIED_ZERO_BYTE_MARKER
INV_53954545c682a897d4ca9a03a190436e7838addfc961008ad57c0d0e371d2d9a,REMOTE_SUCCESS_MARKER,evidence,evidence_genomics_england,output/evidence_genomics_england/_SUCCESS,https://open-targets-public-data-releases.s3.amazonaws.com/platform/26.06/output/evidence_genomics_england/_SUCCESS,0,e3b0c44298fc1c149afbf4c8996fb92427ae41e4649b934ca495991b7852b855,da39a3ee5e6b4b0d3255bfef95601890afd80709,d41d8cd98f00b204e9800998ecf8427e,2026-06-25T11:38:50.000Z,application/octet-stream,NOT_APPLICABLE,NOT_APPLICABLE,NOT_APPLICABLE,NOT_APPLICABLE,0,0,DISCOVERED_IN_VERIFIED_S3_LIST_RESPONSE,VERIFIED_ZERO_BYTE_MARKER
INV_e0abfb75ccfc6212270aba996d425afed743e6cd79070126e2564178e6ce9896,REMOTE_SUCCESS_MARKER,evidence,evidence_gwas_credible_sets,output/evidence_gwas_credible_sets/_SUCCESS,https://open-targets-public-data-releases.s3.amazonaws.com/platform/26.06/output/evidence_gwas_credible_sets/_SUCCESS,0,e3b0c44298fc1c149afbf4c8996fb92427ae41e4649b934ca495991b7852b855,da39a3ee5e6b4b0d3255bfef95601890afd80709,d41d8cd98f00b204e9800998ecf8427e,2026-06-25T11:39:43.000Z,application/octet-stream,NOT_APPLICABLE,NOT_APPLICABLE,NOT_APPLICABLE,NOT_APPLICABLE,0,0,DISCOVERED_IN_VERIFIED_S3_LIST_RESPONSE,VERIFIED_ZERO_BYTE_MARKER
INV_bcd37900bbd4dfbfc16b18b1df058ade8f9c05544315a519d1e65b83696b8cb8,REMOTE_SUCCESS_MARKER,evidence,evidence_impc,output/evidence_impc/_SUCCESS,https://open-targets-public-data-releases.s3.amazonaws.com/platform/26.06/output/evidence_impc/_SUCCESS,0,e3b0c44298fc1c149afbf4c8996fb92427ae41e4649b934ca495991b7852b855,da39a3ee5e6b4b0d3255bfef95601890afd80709,d41d8cd98f00b204e9800998ecf8427e,2026-06-25T11:38:51.000Z,application/octet-stream,NOT_APPLICABLE,NOT_APPLICABLE,NOT_APPLICABLE,NOT_APPLICABLE,0,0,DISCOVERED_IN_VERIFIED_S3_LIST_RESPONSE,VERIFIED_ZERO_BYTE_MARKER
INV_dcd2fcba2a4066769d3f2d20e6214dc4eaad52d03744de225895294ab7251835,REMOTE_SUCCESS_MARKER,evidence,evidence_intogen,output/evidence_intogen/_SUCCESS,https://open-targets-public-data-releases.s3.amazonaws.com/platform/26.06/output/evidence_intogen/_SUCCESS,0,e3b0c44298fc1c149afbf4c8996fb92427ae41e4649b934ca495991b7852b855,da39a3ee5e6b4b0d3255bfef95601890afd80709,d41d8cd98f00b204e9800998ecf8427e,2026-06-25T11:39:53.000Z,application/octet-stream,NOT_APPLICABLE,NOT_APPLICABLE,NOT_APPLICABLE,NOT_APPLICABLE,0,0,DISCOVERED_IN_VERIFIED_S3_LIST_RESPONSE,VERIFIED_ZERO_BYTE_MARKER
INV_8aac9fdafef29fb93b0faea0190d7791d0579a5c1e48788a6a8a53c67997e2ed,REMOTE_SUCCESS_MARKER,evidence,evidence_orphanet,output/evidence_orphanet/_SUCCESS,https://open-targets-public-data-releases.s3.amazonaws.com/platform/26.06/output/evidence_orphanet/_SUCCESS,0,e3b0c44298fc1c149afbf4c8996fb92427ae41e4649b934ca495991b7852b855,da39a3ee5e6b4b0d3255bfef95601890afd80709,d41d8cd98f00b204e9800998ecf8427e,2026-06-25T11:39:54.000Z,application/octet-stream,NOT_APPLICABLE,NOT_APPLICABLE,NOT_APPLICABLE,NOT_APPLICABLE,0,0,DISCOVERED_IN_VERIFIED_S3_LIST_RESPONSE,VERIFIED_ZERO_BYTE_MARKER
INV_41d4b9a55a96bf06ff0d9e313dd95279d5ab7fd099cfbe6b37858d1a959ac2a8,REMOTE_SUCCESS_MARKER,evidence,evidence_reactome,output/evidence_reactome/_SUCCESS,https://open-targets-public-data-releases.s3.amazonaws.com/platform/26.06/output/evidence_reactome/_SUCCESS,0,e3b0c44298fc1c149afbf4c8996fb92427ae41e4649b934ca495991b7852b855,da39a3ee5e6b4b0d3255bfef95601890afd80709,d41d8cd98f00b204e9800998ecf8427e,2026-06-25T11:39:55.000Z,application/octet-stream,NOT_APPLICABLE,NOT_APPLICABLE,NOT_APPLICABLE,NOT_APPLICABLE,0,0,DISCOVERED_IN_VERIFIED_S3_LIST_RESPONSE,VERIFIED_ZERO_BYTE_MARKER
INV_2e5e4b8c30b65304b276c06b71794b61cab958cab087b9840ca3227f8228c670,REMOTE_SUCCESS_MARKER,evidence,evidence_uniprot_literature,output/evidence_uniprot_literature/_SUCCESS,https://open-targets-public-data-releases.s3.amazonaws.com/platform/26.06/output/evidence_uniprot_literature/_SUCCESS,0,e3b0c44298fc1c149afbf4c8996fb92427ae41e4649b934ca495991b7852b855,da39a3ee5e6b4b0d3255bfef95601890afd80709,d41d8cd98f00b204e9800998ecf8427e,2026-06-25T11:39:57.000Z,application/octet-stream,NOT_APPLICABLE,NOT_APPLICABLE,NOT_APPLICABLE,NOT_APPLICABLE,0,0,DISCOVERED_IN_VERIFIED_S3_LIST_RESPONSE,VERIFIED_ZERO_BYTE_MARKER
INV_98d9db3803f6e6e8d1ce0a0c49b72cc1cfabea19b43643bf4e1b48a13a7d3583,REMOTE_SUCCESS_MARKER,evidence,evidence_uniprot_variants,output/evidence_uniprot_variants/_SUCCESS,https://open-targets-public-data-releases.s3.amazonaws.com/platform/26.06/output/evidence_uniprot_variants/_SUCCESS,0,e3b0c44298fc1c149afbf4c8996fb92427ae41e4649b934ca495991b7852b855,da39a3ee5e6b4b0d3255bfef95601890afd80709,d41d8cd98f00b204e9800998ecf8427e,2026-06-25T11:39:56.000Z,application/octet-stream,NOT_APPLICABLE,NOT_APPLICABLE,NOT_APPLICABLE,NOT_APPLICABLE,0,0,DISCOVERED_IN_VERIFIED_S3_LIST_RESPONSE,VERIFIED_ZERO_BYTE_MARKER
INV_4a92304f4ced22bd563ec5caef0fa984fab712ff04b1a124ea419de36f0a32a9,REMOTE_SUCCESS_MARKER,target,target,output/target/_SUCCESS,https://open-targets-public-data-releases.s3.amazonaws.com/platform/26.06/output/target/_SUCCESS,0,e3b0c44298fc1c149afbf4c8996fb92427ae41e4649b934ca495991b7852b855,da39a3ee5e6b4b0d3255bfef95601890afd80709,d41d8cd98f00b204e9800998ecf8427e,2026-06-25T11:42:54.000Z,application/octet-stream,NOT_APPLICABLE,NOT_APPLICABLE,NOT_APPLICABLE,NOT_APPLICABLE,0,0,DISCOVERED_IN_VERIFIED_S3_LIST_RESPONSE,VERIFIED_ZERO_BYTE_MARKER
INV_4e6802545a0c998a6c6bf339f911dafa0fc01a17468743c8e7c336b23c0cb4a4,SNAPSHOT_RAW_FILE,disease,disease,raw/disease/disease/disease.parquet,NOT_APPLICABLE_PROJECT_SNAPSHOT_ARTIFACT,15099,b20f156078360f3b07f2c602fbe7e50cb5b85cb9d6d4ca55df4c8047326cb05e,NOT_APPLICABLE_PROJECT_SNAPSHOT_ARTIFACT,NOT_APPLICABLE_PROJECT_SNAPSHOT_ARTIFACT,NOT_USED_FOR_IDENTITY,application/vnd.apache.parquet,1,1,18,9254d7dbccabece7e47fba2ae147e3f7e7afe992693231050a8070b62f683a77,NOT_APPLICABLE_LOCAL_PACKAGING,NOT_APPLICABLE_LOCAL_PACKAGING,NOT_APPLICABLE_LOCAL_PACKAGING,VERIFIED_SHA256
INV_910cb9e17d9d9921b95dcbc4dd9069f766fb3d1d66e3a51f0feef061a60822d3,SNAPSHOT_RAW_FILE,evidence,evidence_cancer_biomarkers,raw/evidence/evidence_cancer_biomarkers/part-00000-c2df50a8-0b8b-42f2-a947-d2ff272c9933-c000.snappy.parquet,NOT_APPLICABLE_PROJECT_SNAPSHOT_ARTIFACT,26274,16bf05d76a3e7ba57649f4f517be3e6f8f0b2697a8eadac5a761a6f1087cb725,NOT_APPLICABLE_PROJECT_SNAPSHOT_ARTIFACT,NOT_APPLICABLE_PROJECT_SNAPSHOT_ARTIFACT,NOT_USED_FOR_IDENTITY,application/vnd.apache.parquet,96,1,20,f2097fa19c44b6afa3cce5b6eb586dbf350ab46f1374712c7684c03e53bcd089,NOT_APPLICABLE_LOCAL_PACKAGING,NOT_APPLICABLE_LOCAL_PACKAGING,NOT_APPLICABLE_LOCAL_PACKAGING,VERIFIED_SHA256
INV_96c81ca8ddbc4c3b1335eefd8f52384c91b4cf64f794a4264a2992ce8fae241f,SNAPSHOT_RAW_FILE,evidence,evidence_cancer_gene_census,raw/evidence/evidence_cancer_gene_census/part-00000-5210a0cd-d578-43c6-8282-95c56ffb9331-c000.snappy.parquet,NOT_APPLICABLE_PROJECT_SNAPSHOT_ARTIFACT,90522,4a49b97c716b4a14ca1c8fef590f6bcd5188a4018f5b5fb539eaed8fa1af6828,NOT_APPLICABLE_PROJECT_SNAPSHOT_ARTIFACT,NOT_APPLICABLE_PROJECT_SNAPSHOT_ARTIFACT,NOT_USED_FOR_IDENTITY,application/vnd.apache.parquet,729,1,18,023d40442bf42440644d63d09872f3479d08ae4cea3c7fe330834b3bfca2c9f7,NOT_APPLICABLE_LOCAL_PACKAGING,NOT_APPLICABLE_LOCAL_PACKAGING,NOT_APPLICABLE_LOCAL_PACKAGING,VERIFIED_SHA256
INV_8df4994b2ec7f7fd7ff987aa3c569a6c992ff9d2e7c1f14e8f710b6a18eccb82,SNAPSHOT_RAW_FILE,evidence,evidence_clinical_precedence,raw/evidence/evidence_clinical_precedence/part-00000-0df68723-5a30-40a5-b899-ecac4d382ea0-c000.snappy.parquet,NOT_APPLICABLE_PROJECT_SNAPSHOT_ARTIFACT,67351,44aec93a90287b49eb1f8d9afc88735e2335d3856048d882f18c88eab60ca949,NOT_APPLICABLE_PROJECT_SNAPSHOT_ARTIFACT,NOT_APPLICABLE_PROJECT_SNAPSHOT_ARTIFACT,NOT_USED_FOR_IDENTITY,application/vnd.apache.parquet,820,1,22,6d5743d5f97503d1ca68085f8d5ec468c5113efe895de75b1fac4ae64f41e62b,NOT_APPLICABLE_LOCAL_PACKAGING,NOT_APPLICABLE_LOCAL_PACKAGING,NOT_APPLICABLE_LOCAL_PACKAGING,VERIFIED_SHA256
INV_6b0d96c826458fcc07891f2d71e7ee0af4247809e1f195e86e0a1580e1fc6dfb,SNAPSHOT_RAW_FILE,evidence,evidence_europepmc,raw/evidence/evidence_europepmc/part-00000-621a7bae-da68-4f0d-b14a-61d21b19204c-c000.snappy.parquet,NOT_APPLICABLE_PROJECT_SNAPSHOT_ARTIFACT,215933,70e1f646008fbc1452a32661f600ec4119a5349528a063327dbf3496986a4320,NOT_APPLICABLE_PROJECT_SNAPSHOT_ARTIFACT,NOT_APPLICABLE_PROJECT_SNAPSHOT_ARTIFACT,NOT_USED_FOR_IDENTITY,application/vnd.apache.parquet,646,1,16,26139b9344f456d74cbf31169787056b27d8b28e927225dad0799164f71fa278,NOT_APPLICABLE_LOCAL_PACKAGING,NOT_APPLICABLE_LOCAL_PACKAGING,NOT_APPLICABLE_LOCAL_PACKAGING,VERIFIED_SHA256
INV_cd0099b7cfd2da720ac4233e48e238a9b52083072d2406203d049b0e915b7100,SNAPSHOT_RAW_FILE,evidence,evidence_europepmc,raw/evidence/evidence_europepmc/part-00001-621a7bae-da68-4f0d-b14a-61d21b19204c-c000.snappy.parquet,NOT_APPLICABLE_PROJECT_SNAPSHOT_ARTIFACT,269803,99d31f93ec53d9d7d6cbccfe4f98273bebbf4061acdbbce90fda0a91c9adb4ef,NOT_APPLICABLE_PROJECT_SNAPSHOT_ARTIFACT,NOT_APPLICABLE_PROJECT_SNAPSHOT_ARTIFACT,NOT_USED_FOR_IDENTITY,application/vnd.apache.parquet,835,1,16,26139b9344f456d74cbf31169787056b27d8b28e927225dad0799164f71fa278,NOT_APPLICABLE_LOCAL_PACKAGING,NOT_APPLICABLE_LOCAL_PACKAGING,NOT_APPLICABLE_LOCAL_PACKAGING,VERIFIED_SHA256
INV_41ca8e6eb4429f81068a3ad09c7edc3d8111668403c9d49d8035e022df23c25c,SNAPSHOT_RAW_FILE,evidence,evidence_europepmc,raw/evidence/evidence_europepmc/part-00002-621a7bae-da68-4f0d-b14a-61d21b19204c-c000.snappy.parquet,NOT_APPLICABLE_PROJECT_SNAPSHOT_ARTIFACT,212861,8bf07d40d6de17a4691be2961e00e575cd51444d9768275d8e3c57ba70e70da1,NOT_APPLICABLE_PROJECT_SNAPSHOT_ARTIFACT,NOT_APPLICABLE_PROJECT_SNAPSHOT_ARTIFACT,NOT_USED_FOR_IDENTITY,application/vnd.apache.parquet,630,1,16,26139b9344f456d74cbf31169787056b27d8b28e927225dad0799164f71fa278,NOT_APPLICABLE_LOCAL_PACKAGING,NOT_APPLICABLE_LOCAL_PACKAGING,NOT_APPLICABLE_LOCAL_PACKAGING,VERIFIED_SHA256
INV_370cfe1e428ad8379031ca345c38a2c4c72975bd5b56bfeb87f9e5e4eb1c571f,SNAPSHOT_RAW_FILE,evidence,evidence_europepmc,raw/evidence/evidence_europepmc/part-00003-621a7bae-da68-4f0d-b14a-61d21b19204c-c000.snappy.parquet,NOT_APPLICABLE_PROJECT_SNAPSHOT_ARTIFACT,165657,9b2ef3e991016b32641346f5912a6d71247593f971f725243ce6ae5b6df39577,NOT_APPLICABLE_PROJECT_SNAPSHOT_ARTIFACT,NOT_APPLICABLE_PROJECT_SNAPSHOT_ARTIFACT,NOT_USED_FOR_IDENTITY,application/vnd.apache.parquet,462,1,16,26139b9344f456d74cbf31169787056b27d8b28e927225dad0799164f71fa278,NOT_APPLICABLE_LOCAL_PACKAGING,NOT_APPLICABLE_LOCAL_PACKAGING,NOT_APPLICABLE_LOCAL_PACKAGING,VERIFIED_SHA256
INV_252090fdca7500da1712ed6cc1af4c9177dedf1e024aca9e8979de8385548650,SNAPSHOT_RAW_FILE,evidence,evidence_europepmc,raw/evidence/evidence_europepmc/part-00004-621a7bae-da68-4f0d-b14a-61d21b19204c-c000.snappy.parquet,NOT_APPLICABLE_PROJECT_SNAPSHOT_ARTIFACT,189180,ce73d7f0264d594644ac9572363a3b70bd5853504820b9939e02e233cbd42d80,NOT_APPLICABLE_PROJECT_SNAPSHOT_ARTIFACT,NOT_APPLICABLE_PROJECT_SNAPSHOT_ARTIFACT,NOT_USED_FOR_IDENTITY,application/vnd.apache.parquet,535,1,16,26139b9344f456d74cbf31169787056b27d8b28e927225dad0799164f71fa278,NOT_APPLICABLE_LOCAL_PACKAGING,NOT_APPLICABLE_LOCAL_PACKAGING,NOT_APPLICABLE_LOCAL_PACKAGING,VERIFIED_SHA256
INV_d798bff959d56930afe1e2a9b03ea9f1f3816afccc4fd855cf50a922cb2b6ed8,SNAPSHOT_RAW_FILE,evidence,evidence_europepmc,raw/evidence/evidence_europepmc/part-00005-621a7bae-da68-4f0d-b14a-61d21b19204c-c000.snappy.parquet,NOT_APPLICABLE_PROJECT_SNAPSHOT_ARTIFACT,222163,b0deb1c13c4ca394d59f38b10f975fb414ec5509e4b5f25c99f7740d6c4db97e,NOT_APPLICABLE_PROJECT_SNAPSHOT_ARTIFACT,NOT_APPLICABLE_PROJECT_SNAPSHOT_ARTIFACT,NOT_USED_FOR_IDENTITY,application/vnd.apache.parquet,662,1,16,26139b9344f456d74cbf31169787056b27d8b28e927225dad0799164f71fa278,NOT_APPLICABLE_LOCAL_PACKAGING,NOT_APPLICABLE_LOCAL_PACKAGING,NOT_APPLICABLE_LOCAL_PACKAGING,VERIFIED_SHA256
INV_58458eec6777a90e649c5e8e13dd3dbcaa3705599e6c2ed92294f4018a154478,SNAPSHOT_RAW_FILE,evidence,evidence_europepmc,raw/evidence/evidence_europepmc/part-00006-621a7bae-da68-4f0d-b14a-61d21b19204c-c000.snappy.parquet,NOT_APPLICABLE_PROJECT_SNAPSHOT_ARTIFACT,179569,f0de63a6cf9605ec452e3908a460e3ab39aa5e5e6bdf5f7ce261185bf691d302,NOT_APPLICABLE_PROJECT_SNAPSHOT_ARTIFACT,NOT_APPLICABLE_PROJECT_SNAPSHOT_ARTIFACT,NOT_USED_FOR_IDENTITY,application/vnd.apache.parquet,541,1,16,26139b9344f456d74cbf31169787056b27d8b28e927225dad0799164f71fa278,NOT_APPLICABLE_LOCAL_PACKAGING,NOT_APPLICABLE_LOCAL_PACKAGING,NOT_APPLICABLE_LOCAL_PACKAGING,VERIFIED_SHA256
INV_6a696278bcba8324abefb6029e4e702ef853a15e5dbae95eb76ce36edf40e213,SNAPSHOT_RAW_FILE,evidence,evidence_europepmc,raw/evidence/evidence_europepmc/part-00007-621a7bae-da68-4f0d-b14a-61d21b19204c-c000.snappy.parquet,NOT_APPLICABLE_PROJECT_SNAPSHOT_ARTIFACT,192786,444549a37400342ce803e0b1b67e574c26f7cc3f44e47089d59884d5f370e39e,NOT_APPLICABLE_PROJECT_SNAPSHOT_ARTIFACT,NOT_APPLICABLE_PROJECT_SNAPSHOT_ARTIFACT,NOT_USED_FOR_IDENTITY,application/vnd.apache.parquet,548,1,16,26139b9344f456d74cbf31169787056b27d8b28e927225dad0799164f71fa278,NOT_APPLICABLE_LOCAL_PACKAGING,NOT_APPLICABLE_LOCAL_PACKAGING,NOT_APPLICABLE_LOCAL_PACKAGING,VERIFIED_SHA256
INV_88a35669a2040787e003b29fefeb39132cbf948e4b6026ac8414f663648ea490,SNAPSHOT_RAW_FILE,evidence,evidence_europepmc,raw/evidence/evidence_europepmc/part-00008-621a7bae-da68-4f0d-b14a-61d21b19204c-c000.snappy.parquet,NOT_APPLICABLE_PROJECT_SNAPSHOT_ARTIFACT,87027,a2b47e21b1860373aad5f0873201d306b4aaddb7d6c778987bab6e131d6bdda2,NOT_APPLICABLE_PROJECT_SNAPSHOT_ARTIFACT,NOT_APPLICABLE_PROJECT_SNAPSHOT_ARTIFACT,NOT_USED_FOR_IDENTITY,application/vnd.apache.parquet,199,1,16,26139b9344f456d74cbf31169787056b27d8b28e927225dad0799164f71fa278,NOT_APPLICABLE_LOCAL_PACKAGING,NOT_APPLICABLE_LOCAL_PACKAGING,NOT_APPLICABLE_LOCAL_PACKAGING,VERIFIED_SHA256
INV_0f775c9253a89e1720c193b63cd1d0ed636bd9bd046ed648017b3f6fde263496,SNAPSHOT_RAW_FILE,evidence,evidence_europepmc,raw/evidence/evidence_europepmc/part-00009-621a7bae-da68-4f0d-b14a-61d21b19204c-c000.snappy.parquet,NOT_APPLICABLE_PROJECT_SNAPSHOT_ARTIFACT,88103,7306744c898331306b41823167ac384bfcbd847c66a4934e0649481973f6e16d,NOT_APPLICABLE_PROJECT_SNAPSHOT_ARTIFACT,NOT_APPLICABLE_PROJECT_SNAPSHOT_ARTIFACT,NOT_USED_FOR_IDENTITY,application/vnd.apache.parquet,206,1,16,26139b9344f456d74cbf31169787056b27d8b28e927225dad0799164f71fa278,NOT_APPLICABLE_LOCAL_PACKAGING,NOT_APPLICABLE_LOCAL_PACKAGING,NOT_APPLICABLE_LOCAL_PACKAGING,VERIFIED_SHA256
INV_1df562ccd828a6bb12795cda29f5651360170465ed4da76d04cb2cc4593b27e6,SNAPSHOT_RAW_FILE,evidence,evidence_europepmc,raw/evidence/evidence_europepmc/part-00010-621a7bae-da68-4f0d-b14a-61d21b19204c-c000.snappy.parquet,NOT_APPLICABLE_PROJECT_SNAPSHOT_ARTIFACT,172100,a5f3e5404980c580810fa01bbf375792d5241eb28d49ab06e4bbaef3ac1dbda3,NOT_APPLICABLE_PROJECT_SNAPSHOT_ARTIFACT,NOT_APPLICABLE_PROJECT_SNAPSHOT_ARTIFACT,NOT_USED_FOR_IDENTITY,application/vnd.apache.parquet,482,1,16,26139b9344f456d74cbf31169787056b27d8b28e927225dad0799164f71fa278,NOT_APPLICABLE_LOCAL_PACKAGING,NOT_APPLICABLE_LOCAL_PACKAGING,NOT_APPLICABLE_LOCAL_PACKAGING,VERIFIED_SHA256
INV_1022e8be3ca36abe7705b36928c7761f1cbb024970d6ae22509acf1b512ddf36,SNAPSHOT_RAW_FILE,evidence,evidence_europepmc,raw/evidence/evidence_europepmc/part-00011-621a7bae-da68-4f0d-b14a-61d21b19204c-c000.snappy.parquet,NOT_APPLICABLE_PROJECT_SNAPSHOT_ARTIFACT,185695,f4a776c04d130f661c4564ea79b116d520b38805f96d2b4f229975e4f8fd7ff8,NOT_APPLICABLE_PROJECT_SNAPSHOT_ARTIFACT,NOT_APPLICABLE_PROJECT_SNAPSHOT_ARTIFACT,NOT_USED_FOR_IDENTITY,application/vnd.apache.parquet,553,1,16,26139b9344f456d74cbf31169787056b27d8b28e927225dad0799164f71fa278,NOT_APPLICABLE_LOCAL_PACKAGING,NOT_APPLICABLE_LOCAL_PACKAGING,NOT_APPLICABLE_LOCAL_PACKAGING,VERIFIED_SHA256
INV_2abe536d3c28e1fe9ae4cf8eeac4cc3ae40a54d193f1f3449b3f5232d53fb4ed,SNAPSHOT_RAW_FILE,evidence,evidence_europepmc,raw/evidence/evidence_europepmc/part-00012-621a7bae-da68-4f0d-b14a-61d21b19204c-c000.snappy.parquet,NOT_APPLICABLE_PROJECT_SNAPSHOT_ARTIFACT,195974,9f8449f70f5f6a4ea1dbff20ef856c5cba1819602dea889abf13c945b0ac50e8,NOT_APPLICABLE_PROJECT_SNAPSHOT_ARTIFACT,NOT_APPLICABLE_PROJECT_SNAPSHOT_ARTIFACT,NOT_USED_FOR_IDENTITY,application/vnd.apache.parquet,551,1,16,26139b9344f456d74cbf31169787056b27d8b28e927225dad0799164f71fa278,NOT_APPLICABLE_LOCAL_PACKAGING,NOT_APPLICABLE_LOCAL_PACKAGING,NOT_APPLICABLE_LOCAL_PACKAGING,VERIFIED_SHA256
INV_9f28e392f0bf04f693b45907fe60c14178eae90b6ceffba92093c3caee4b976d,SNAPSHOT_RAW_FILE,evidence,evidence_europepmc,raw/evidence/evidence_europepmc/part-00013-621a7bae-da68-4f0d-b14a-61d21b19204c-c000.snappy.parquet,NOT_APPLICABLE_PROJECT_SNAPSHOT_ARTIFACT,171035,4aa6a8f9ff11a39fe80ece219cd57da98f730dba2af647b200bce3d04649eaee,NOT_APPLICABLE_PROJECT_SNAPSHOT_ARTIFACT,NOT_APPLICABLE_PROJECT_SNAPSHOT_ARTIFACT,NOT_USED_FOR_IDENTITY,application/vnd.apache.parquet,513,1,16,26139b9344f456d74cbf31169787056b27d8b28e927225dad0799164f71fa278,NOT_APPLICABLE_LOCAL_PACKAGING,NOT_APPLICABLE_LOCAL_PACKAGING,NOT_APPLICABLE_LOCAL_PACKAGING,VERIFIED_SHA256
INV_4ecab6436f13326c6e3ca3da9fe502377f0eaee06aa67dba98a933b21fc5b872,SNAPSHOT_RAW_FILE,evidence,evidence_europepmc,raw/evidence/evidence_europepmc/part-00014-621a7bae-da68-4f0d-b14a-61d21b19204c-c000.snappy.parquet,NOT_APPLICABLE_PROJECT_SNAPSHOT_ARTIFACT,194003,30e585ee154ed31369c6ad8479061f54c1674b9504e9a93b99ac892cf870b6ea,NOT_APPLICABLE_PROJECT_SNAPSHOT_ARTIFACT,NOT_APPLICABLE_PROJECT_SNAPSHOT_ARTIFACT,NOT_USED_FOR_IDENTITY,application/vnd.apache.parquet,560,1,16,26139b9344f456d74cbf31169787056b27d8b28e927225dad0799164f71fa278,NOT_APPLICABLE_LOCAL_PACKAGING,NOT_APPLICABLE_LOCAL_PACKAGING,NOT_APPLICABLE_LOCAL_PACKAGING,VERIFIED_SHA256
INV_54dd15c4e329908276340d781547b6d69ce48cd05d644b6d6d930c2be7d098b3,SNAPSHOT_RAW_FILE,evidence,evidence_europepmc,raw/evidence/evidence_europepmc/part-00015-621a7bae-da68-4f0d-b14a-61d21b19204c-c000.snappy.parquet,NOT_APPLICABLE_PROJECT_SNAPSHOT_ARTIFACT,237330,5e6d520790729e9161df3064f402ce6f6b3b04eb2630de8bf1b27a9b6712e2d8,NOT_APPLICABLE_PROJECT_SNAPSHOT_ARTIFACT,NOT_APPLICABLE_PROJECT_SNAPSHOT_ARTIFACT,NOT_USED_FOR_IDENTITY,application/vnd.apache.parquet,718,1,16,26139b9344f456d74cbf31169787056b27d8b28e927225dad0799164f71fa278,NOT_APPLICABLE_LOCAL_PACKAGING,NOT_APPLICABLE_LOCAL_PACKAGING,NOT_APPLICABLE_LOCAL_PACKAGING,VERIFIED_SHA256
INV_9f2f7a08f4e5072135ebfc00507373c2ae1f6902826c0ddeb7a59069d22e6cac,SNAPSHOT_RAW_FILE,evidence,evidence_europepmc,raw/evidence/evidence_europepmc/part-00016-621a7bae-da68-4f0d-b14a-61d21b19204c-c000.snappy.parquet,NOT_APPLICABLE_PROJECT_SNAPSHOT_ARTIFACT,226441,b82b1e3ea2b09ce72b3f9abc86fd615b06a67a4b4b7758f9580f298441fc7bf7,NOT_APPLICABLE_PROJECT_SNAPSHOT_ARTIFACT,NOT_APPLICABLE_PROJECT_SNAPSHOT_ARTIFACT,NOT_USED_FOR_IDENTITY,application/vnd.apache.parquet,656,1,16,26139b9344f456d74cbf31169787056b27d8b28e927225dad0799164f71fa278,NOT_APPLICABLE_LOCAL_PACKAGING,NOT_APPLICABLE_LOCAL_PACKAGING,NOT_APPLICABLE_LOCAL_PACKAGING,VERIFIED_SHA256
INV_b660b19f78f3486bb941814c5ba3499697711d4f61557d5a1744ee70594a7128,SNAPSHOT_RAW_FILE,evidence,evidence_europepmc,raw/evidence/evidence_europepmc/part-00017-621a7bae-da68-4f0d-b14a-61d21b19204c-c000.snappy.parquet,NOT_APPLICABLE_PROJECT_SNAPSHOT_ARTIFACT,181121,5e46c5e67683a7445616353a58b32d55f024673ff033f3e984b41d1a583a64fa,NOT_APPLICABLE_PROJECT_SNAPSHOT_ARTIFACT,NOT_APPLICABLE_PROJECT_SNAPSHOT_ARTIFACT,NOT_USED_FOR_IDENTITY,application/vnd.apache.parquet,558,1,16,26139b9344f456d74cbf31169787056b27d8b28e927225dad0799164f71fa278,NOT_APPLICABLE_LOCAL_PACKAGING,NOT_APPLICABLE_LOCAL_PACKAGING,NOT_APPLICABLE_LOCAL_PACKAGING,VERIFIED_SHA256
INV_b127e8a993dedcb08d8c505c3cd00ad259fab66d846b410e4c89ac9f365c93e8,SNAPSHOT_RAW_FILE,evidence,evidence_europepmc,raw/evidence/evidence_europepmc/part-00018-621a7bae-da68-4f0d-b14a-61d21b19204c-c000.snappy.parquet,NOT_APPLICABLE_PROJECT_SNAPSHOT_ARTIFACT,231624,3888710df0b28628a2ed295f93141829cdae64bf654cc2a056322c8531dfb472,NOT_APPLICABLE_PROJECT_SNAPSHOT_ARTIFACT,NOT_APPLICABLE_PROJECT_SNAPSHOT_ARTIFACT,NOT_USED_FOR_IDENTITY,application/vnd.apache.parquet,640,1,16,26139b9344f456d74cbf31169787056b27d8b28e927225dad0799164f71fa278,NOT_APPLICABLE_LOCAL_PACKAGING,NOT_APPLICABLE_LOCAL_PACKAGING,NOT_APPLICABLE_LOCAL_PACKAGING,VERIFIED_SHA256
INV_9760657d6cda9b3c46f2bc7608f0a4b7049c8507bef6d6f723cec7fc2ba6e4b5,SNAPSHOT_RAW_FILE,evidence,evidence_europepmc,raw/evidence/evidence_europepmc/part-00019-621a7bae-da68-4f0d-b14a-61d21b19204c-c000.snappy.parquet,NOT_APPLICABLE_PROJECT_SNAPSHOT_ARTIFACT,191190,6443f8d47628370cb7c5880360bb970ecf00b1d40000b2aca65f0ce587586af3,NOT_APPLICABLE_PROJECT_SNAPSHOT_ARTIFACT,NOT_APPLICABLE_PROJECT_SNAPSHOT_ARTIFACT,NOT_USED_FOR_IDENTITY,application/vnd.apache.parquet,563,1,16,26139b9344f456d74cbf31169787056b27d8b28e927225dad0799164f71fa278,NOT_APPLICABLE_LOCAL_PACKAGING,NOT_APPLICABLE_LOCAL_PACKAGING,NOT_APPLICABLE_LOCAL_PACKAGING,VERIFIED_SHA256
INV_745a30eb4bc4cacb90fe22f2e55d919e669ff4ed01287d9c30011424b0ec3b64,SNAPSHOT_RAW_FILE,evidence,evidence_europepmc,raw/evidence/evidence_europepmc/part-00020-621a7bae-da68-4f0d-b14a-61d21b19204c-c000.snappy.parquet,NOT_APPLICABLE_PROJECT_SNAPSHOT_ARTIFACT,240944,806eddde1e99d179f7631390b9075687125f11e14a9fa4aed8f645aeacc7616e,NOT_APPLICABLE_PROJECT_SNAPSHOT_ARTIFACT,NOT_APPLICABLE_PROJECT_SNAPSHOT_ARTIFACT,NOT_USED_FOR_IDENTITY,application/vnd.apache.parquet,735,1,16,26139b9344f456d74cbf31169787056b27d8b28e927225dad0799164f71fa278,NOT_APPLICABLE_LOCAL_PACKAGING,NOT_APPLICABLE_LOCAL_PACKAGING,NOT_APPLICABLE_LOCAL_PACKAGING,VERIFIED_SHA256
INV_1debd32a1adbd084c9204f8a7464bdc4c42f3663973caf3c91bbf2f2e447d92e,SNAPSHOT_RAW_FILE,evidence,evidence_europepmc,raw/evidence/evidence_europepmc/part-00021-621a7bae-da68-4f0d-b14a-61d21b19204c-c000.snappy.parquet,NOT_APPLICABLE_PROJECT_SNAPSHOT_ARTIFACT,210843,76cd39ca978d2c0ae557597e93dd42bd0e1533d53eb1a436aeb29cbc4d5e0701,NOT_APPLICABLE_PROJECT_SNAPSHOT_ARTIFACT,NOT_APPLICABLE_PROJECT_SNAPSHOT_ARTIFACT,NOT_USED_FOR_IDENTITY,application/vnd.apache.parquet,585,1,16,26139b9344f456d74cbf31169787056b27d8b28e927225dad0799164f71fa278,NOT_APPLICABLE_LOCAL_PACKAGING,NOT_APPLICABLE_LOCAL_PACKAGING,NOT_APPLICABLE_LOCAL_PACKAGING,VERIFIED_SHA256
INV_bef6671afa18628660f3fc8da174859dbc27e39b7ca8a6bed6c31caeae0e9bfc,SNAPSHOT_RAW_FILE,evidence,evidence_europepmc,raw/evidence/evidence_europepmc/part-00022-621a7bae-da68-4f0d-b14a-61d21b19204c-c000.snappy.parquet,NOT_APPLICABLE_PROJECT_SNAPSHOT_ARTIFACT,212857,9359964a08165cae3ece3a1830fa1318a64b5937edb02a5d395dee41add5e977,NOT_APPLICABLE_PROJECT_SNAPSHOT_ARTIFACT,NOT_APPLICABLE_PROJECT_SNAPSHOT_ARTIFACT,NOT_USED_FOR_IDENTITY,application/vnd.apache.parquet,629,1,16,26139b9344f456d74cbf31169787056b27d8b28e927225dad0799164f71fa278,NOT_APPLICABLE_LOCAL_PACKAGING,NOT_APPLICABLE_LOCAL_PACKAGING,NOT_APPLICABLE_LOCAL_PACKAGING,VERIFIED_SHA256
INV_703a57a9d5d3db7b406e16d823b11428cc99be79529a6b129ea5ced605b0af2f,SNAPSHOT_RAW_FILE,evidence,evidence_europepmc,raw/evidence/evidence_europepmc/part-00023-621a7bae-da68-4f0d-b14a-61d21b19204c-c000.snappy.parquet,NOT_APPLICABLE_PROJECT_SNAPSHOT_ARTIFACT,199541,be92d63d372f783fcce764d880636758a16cf321728fa6739663d09d7edbf4ff,NOT_APPLICABLE_PROJECT_SNAPSHOT_ARTIFACT,NOT_APPLICABLE_PROJECT_SNAPSHOT_ARTIFACT,NOT_USED_FOR_IDENTITY,application/vnd.apache.parquet,583,1,16,26139b9344f456d74cbf31169787056b27d8b28e927225dad0799164f71fa278,NOT_APPLICABLE_LOCAL_PACKAGING,NOT_APPLICABLE_LOCAL_PACKAGING,NOT_APPLICABLE_LOCAL_PACKAGING,VERIFIED_SHA256
INV_03e3928c7e6ab6d11ca7510b84442e78c1b34be728f646d467f2f02f30ed65ee,SNAPSHOT_RAW_FILE,evidence,evidence_europepmc,raw/evidence/evidence_europepmc/part-00024-621a7bae-da68-4f0d-b14a-61d21b19204c-c000.snappy.parquet,NOT_APPLICABLE_PROJECT_SNAPSHOT_ARTIFACT,211005,85bdc6fec37374d4d7809203e26faca29c55b97c0da881366e12507ad891c03f,NOT_APPLICABLE_PROJECT_SNAPSHOT_ARTIFACT,NOT_APPLICABLE_PROJECT_SNAPSHOT_ARTIFACT,NOT_USED_FOR_IDENTITY,application/vnd.apache.parquet,644,1,16,26139b9344f456d74cbf31169787056b27d8b28e927225dad0799164f71fa278,NOT_APPLICABLE_LOCAL_PACKAGING,NOT_APPLICABLE_LOCAL_PACKAGING,NOT_APPLICABLE_LOCAL_PACKAGING,VERIFIED_SHA256
INV_d04a98dfde5fe746a442257be120606b8f86e1ea46ee338c5d7df814e5c9ff34,SNAPSHOT_RAW_FILE,evidence,evidence_europepmc,raw/evidence/evidence_europepmc/part-00025-621a7bae-da68-4f0d-b14a-61d21b19204c-c000.snappy.parquet,NOT_APPLICABLE_PROJECT_SNAPSHOT_ARTIFACT,54464,060273bc07afb7b75cf055829a10f38f78d1565c3cab0b08ffca32ec781f5e6a,NOT_APPLICABLE_PROJECT_SNAPSHOT_ARTIFACT,NOT_APPLICABLE_PROJECT_SNAPSHOT_ARTIFACT,NOT_USED_FOR_IDENTITY,application/vnd.apache.parquet,114,1,16,26139b9344f456d74cbf31169787056b27d8b28e927225dad0799164f71fa278,NOT_APPLICABLE_LOCAL_PACKAGING,NOT_APPLICABLE_LOCAL_PACKAGING,NOT_APPLICABLE_LOCAL_PACKAGING,VERIFIED_SHA256
INV_b67516cc6fa0626b9b9530b2135c3592378ed35393a841b726883a79c7ff598e,SNAPSHOT_RAW_FILE,evidence,evidence_europepmc,raw/evidence/evidence_europepmc/part-00026-621a7bae-da68-4f0d-b14a-61d21b19204c-c000.snappy.parquet,NOT_APPLICABLE_PROJECT_SNAPSHOT_ARTIFACT,182152,3ace130d63d6dbf498dd263d87ef9ddaa5a2c80eea8ee75ae314f991944ad001,NOT_APPLICABLE_PROJECT_SNAPSHOT_ARTIFACT,NOT_APPLICABLE_PROJECT_SNAPSHOT_ARTIFACT,NOT_USED_FOR_IDENTITY,application/vnd.apache.parquet,510,1,16,26139b9344f456d74cbf31169787056b27d8b28e927225dad0799164f71fa278,NOT_APPLICABLE_LOCAL_PACKAGING,NOT_APPLICABLE_LOCAL_PACKAGING,NOT_APPLICABLE_LOCAL_PACKAGING,VERIFIED_SHA256
INV_e313e87eb30bdf41e43b57ae80ab4a050355bd94d676dfceabab6834c978ce7b,SNAPSHOT_RAW_FILE,evidence,evidence_europepmc,raw/evidence/evidence_europepmc/part-00027-621a7bae-da68-4f0d-b14a-61d21b19204c-c000.snappy.parquet,NOT_APPLICABLE_PROJECT_SNAPSHOT_ARTIFACT,157746,13f2630ed480d53268b4d072e6a700fe247ab0b0f9b8ce469b677d45dcf374a2,NOT_APPLICABLE_PROJECT_SNAPSHOT_ARTIFACT,NOT_APPLICABLE_PROJECT_SNAPSHOT_ARTIFACT,NOT_USED_FOR_IDENTITY,application/vnd.apache.parquet,448,1,16,26139b9344f456d74cbf31169787056b27d8b28e927225dad0799164f71fa278,NOT_APPLICABLE_LOCAL_PACKAGING,NOT_APPLICABLE_LOCAL_PACKAGING,NOT_APPLICABLE_LOCAL_PACKAGING,VERIFIED_SHA256
INV_17fca753b8a8eccb77922dd4aaeef2ce946deeaeea524e05219f16c7bec6a5c4,SNAPSHOT_RAW_FILE,evidence,evidence_europepmc,raw/evidence/evidence_europepmc/part-00028-621a7bae-da68-4f0d-b14a-61d21b19204c-c000.snappy.parquet,NOT_APPLICABLE_PROJECT_SNAPSHOT_ARTIFACT,162280,408a4abb77b57ac9dc263d74f888e69b4aba3e09976b0d4305553f782b9a12d9,NOT_APPLICABLE_PROJECT_SNAPSHOT_ARTIFACT,NOT_APPLICABLE_PROJECT_SNAPSHOT_ARTIFACT,NOT_USED_FOR_IDENTITY,application/vnd.apache.parquet,466,1,16,26139b9344f456d74cbf31169787056b27d8b28e927225dad0799164f71fa278,NOT_APPLICABLE_LOCAL_PACKAGING,NOT_APPLICABLE_LOCAL_PACKAGING,NOT_APPLICABLE_LOCAL_PACKAGING,VERIFIED_SHA256
INV_3e17816463655739bfce044da78b603e4de518a606b09f3db324ca7fb5122c1c,SNAPSHOT_RAW_FILE,evidence,evidence_europepmc,raw/evidence/evidence_europepmc/part-00029-621a7bae-da68-4f0d-b14a-61d21b19204c-c000.snappy.parquet,NOT_APPLICABLE_PROJECT_SNAPSHOT_ARTIFACT,205773,00463342b45aa1fc9eb53addc5e9db3808738790c354c501bdc7b1a86a0f068f,NOT_APPLICABLE_PROJECT_SNAPSHOT_ARTIFACT,NOT_APPLICABLE_PROJECT_SNAPSHOT_ARTIFACT,NOT_USED_FOR_IDENTITY,application/vnd.apache.parquet,602,1,16,26139b9344f456d74cbf31169787056b27d8b28e927225dad0799164f71fa278,NOT_APPLICABLE_LOCAL_PACKAGING,NOT_APPLICABLE_LOCAL_PACKAGING,NOT_APPLICABLE_LOCAL_PACKAGING,VERIFIED_SHA256
INV_be55e0d4dbc4897301a4334515ed74b2cac1443df8cc94d454dbe8e6b3da2391,SNAPSHOT_RAW_FILE,evidence,evidence_europepmc,raw/evidence/evidence_europepmc/part-00030-621a7bae-da68-4f0d-b14a-61d21b19204c-c000.snappy.parquet,NOT_APPLICABLE_PROJECT_SNAPSHOT_ARTIFACT,185813,2f2a73c2fc7b2f561efbb880f52b2e2038e9c408cbc17dc3c9137d682cfca17f,NOT_APPLICABLE_PROJECT_SNAPSHOT_ARTIFACT,NOT_APPLICABLE_PROJECT_SNAPSHOT_ARTIFACT,NOT_USED_FOR_IDENTITY,application/vnd.apache.parquet,563,1,16,26139b9344f456d74cbf31169787056b27d8b28e927225dad0799164f71fa278,NOT_APPLICABLE_LOCAL_PACKAGING,NOT_APPLICABLE_LOCAL_PACKAGING,NOT_APPLICABLE_LOCAL_PACKAGING,VERIFIED_SHA256
INV_97c9214eaf2013a683f0b920241886cf827d8aba76deca4212996c02cc08ee91,SNAPSHOT_RAW_FILE,evidence,evidence_europepmc,raw/evidence/evidence_europepmc/part-00031-621a7bae-da68-4f0d-b14a-61d21b19204c-c000.snappy.parquet,NOT_APPLICABLE_PROJECT_SNAPSHOT_ARTIFACT,213124,be938bc9a76e26e85064d36fb1bdd4b7bf0930a74a53b5155c5d02e5843ee4af,NOT_APPLICABLE_PROJECT_SNAPSHOT_ARTIFACT,NOT_APPLICABLE_PROJECT_SNAPSHOT_ARTIFACT,NOT_USED_FOR_IDENTITY,application/vnd.apache.parquet,617,1,16,26139b9344f456d74cbf31169787056b27d8b28e927225dad0799164f71fa278,NOT_APPLICABLE_LOCAL_PACKAGING,NOT_APPLICABLE_LOCAL_PACKAGING,NOT_APPLICABLE_LOCAL_PACKAGING,VERIFIED_SHA256
INV_e1158ead7f2fc202671bc75a213e338a181bcb07b94d2071d5368b1e4afb1e64,SNAPSHOT_RAW_FILE,evidence,evidence_europepmc,raw/evidence/evidence_europepmc/part-00032-621a7bae-da68-4f0d-b14a-61d21b19204c-c000.snappy.parquet,NOT_APPLICABLE_PROJECT_SNAPSHOT_ARTIFACT,172090,4476a62c97f562d225568d5d54cf06a39997e1233fe3e6663b47b0f39ffe1ea2,NOT_APPLICABLE_PROJECT_SNAPSHOT_ARTIFACT,NOT_APPLICABLE_PROJECT_SNAPSHOT_ARTIFACT,NOT_USED_FOR_IDENTITY,application/vnd.apache.parquet,501,1,16,26139b9344f456d74cbf31169787056b27d8b28e927225dad0799164f71fa278,NOT_APPLICABLE_LOCAL_PACKAGING,NOT_APPLICABLE_LOCAL_PACKAGING,NOT_APPLICABLE_LOCAL_PACKAGING,VERIFIED_SHA256
INV_2a3deca4021e15dcd5d4922c0a45bf5299641281dd9f9d4358d9fb1eec6e78b4,SNAPSHOT_RAW_FILE,evidence,evidence_europepmc,raw/evidence/evidence_europepmc/part-00033-621a7bae-da68-4f0d-b14a-61d21b19204c-c000.snappy.parquet,NOT_APPLICABLE_PROJECT_SNAPSHOT_ARTIFACT,179480,edf9ab8768c7648d9cc3295e5258c34fc5b27ad3043afa1c5242926a9f9ef95a,NOT_APPLICABLE_PROJECT_SNAPSHOT_ARTIFACT,NOT_APPLICABLE_PROJECT_SNAPSHOT_ARTIFACT,NOT_USED_FOR_IDENTITY,application/vnd.apache.parquet,508,1,16,26139b9344f456d74cbf31169787056b27d8b28e927225dad0799164f71fa278,NOT_APPLICABLE_LOCAL_PACKAGING,NOT_APPLICABLE_LOCAL_PACKAGING,NOT_APPLICABLE_LOCAL_PACKAGING,VERIFIED_SHA256
INV_01224a50883bbbe9c423f27ce52d6670d84432739a316eff9947f76871fa0df4,SNAPSHOT_RAW_FILE,evidence,evidence_europepmc,raw/evidence/evidence_europepmc/part-00034-621a7bae-da68-4f0d-b14a-61d21b19204c-c000.snappy.parquet,NOT_APPLICABLE_PROJECT_SNAPSHOT_ARTIFACT,283944,dae5397a17450f4564bf6ffe8f00fa5d99ff81f8579f18a106c690308bb6b103,NOT_APPLICABLE_PROJECT_SNAPSHOT_ARTIFACT,NOT_APPLICABLE_PROJECT_SNAPSHOT_ARTIFACT,NOT_USED_FOR_IDENTITY,application/vnd.apache.parquet,811,1,16,26139b9344f456d74cbf31169787056b27d8b28e927225dad0799164f71fa278,NOT_APPLICABLE_LOCAL_PACKAGING,NOT_APPLICABLE_LOCAL_PACKAGING,NOT_APPLICABLE_LOCAL_PACKAGING,VERIFIED_SHA256
INV_635b1999af2b9224a05674043797262afba80d0b21d5f487907f53d42b971794,SNAPSHOT_RAW_FILE,evidence,evidence_europepmc,raw/evidence/evidence_europepmc/part-00035-621a7bae-da68-4f0d-b14a-61d21b19204c-c000.snappy.parquet,NOT_APPLICABLE_PROJECT_SNAPSHOT_ARTIFACT,172881,f0dfdbf91c60b5a93a17723f23d47f1645133dd8f5e575a86f283399cd35f454,NOT_APPLICABLE_PROJECT_SNAPSHOT_ARTIFACT,NOT_APPLICABLE_PROJECT_SNAPSHOT_ARTIFACT,NOT_USED_FOR_IDENTITY,application/vnd.apache.parquet,472,1,16,26139b9344f456d74cbf31169787056b27d8b28e927225dad0799164f71fa278,NOT_APPLICABLE_LOCAL_PACKAGING,NOT_APPLICABLE_LOCAL_PACKAGING,NOT_APPLICABLE_LOCAL_PACKAGING,VERIFIED_SHA256
INV_35f5cd38fe9fe28f529cd56fbd85d5c672bd8b28652de36631cf25ecc89f0b41,SNAPSHOT_RAW_FILE,evidence,evidence_europepmc,raw/evidence/evidence_europepmc/part-00036-621a7bae-da68-4f0d-b14a-61d21b19204c-c000.snappy.parquet,NOT_APPLICABLE_PROJECT_SNAPSHOT_ARTIFACT,168191,ed59277e1bc245e061fab7029c0ad3caabe7eb3e7470ef326ce7ca633693da43,NOT_APPLICABLE_PROJECT_SNAPSHOT_ARTIFACT,NOT_APPLICABLE_PROJECT_SNAPSHOT_ARTIFACT,NOT_USED_FOR_IDENTITY,application/vnd.apache.parquet,485,1,16,26139b9344f456d74cbf31169787056b27d8b28e927225dad0799164f71fa278,NOT_APPLICABLE_LOCAL_PACKAGING,NOT_APPLICABLE_LOCAL_PACKAGING,NOT_APPLICABLE_LOCAL_PACKAGING,VERIFIED_SHA256
INV_91c8606aef100a3ab2b379272587fb54146d35b429059289a4552e820874c8ed,SNAPSHOT_RAW_FILE,evidence,evidence_europepmc,raw/evidence/evidence_europepmc/part-00037-621a7bae-da68-4f0d-b14a-61d21b19204c-c000.snappy.parquet,NOT_APPLICABLE_PROJECT_SNAPSHOT_ARTIFACT,168263,01af6ce457fcc8c2678fd97f683d777887f2b3901d2cbc6d43844f087f549373,NOT_APPLICABLE_PROJECT_SNAPSHOT_ARTIFACT,NOT_APPLICABLE_PROJECT_SNAPSHOT_ARTIFACT,NOT_USED_FOR_IDENTITY,application/vnd.apache.parquet,485,1,16,26139b9344f456d74cbf31169787056b27d8b28e927225dad0799164f71fa278,NOT_APPLICABLE_LOCAL_PACKAGING,NOT_APPLICABLE_LOCAL_PACKAGING,NOT_APPLICABLE_LOCAL_PACKAGING,VERIFIED_SHA256
INV_0f514e3b42f954d75dc71d1a0709dfdb1e95eb76378af83150252fe624dd0efe,SNAPSHOT_RAW_FILE,evidence,evidence_europepmc,raw/evidence/evidence_europepmc/part-00038-621a7bae-da68-4f0d-b14a-61d21b19204c-c000.snappy.parquet,NOT_APPLICABLE_PROJECT_SNAPSHOT_ARTIFACT,215573,9c9f23040e47e1e2e7652ad7c6fc8b05431950e125ab2e575e88ddb43e8c98d6,NOT_APPLICABLE_PROJECT_SNAPSHOT_ARTIFACT,NOT_APPLICABLE_PROJECT_SNAPSHOT_ARTIFACT,NOT_USED_FOR_IDENTITY,application/vnd.apache.parquet,639,1,16,26139b9344f456d74cbf31169787056b27d8b28e927225dad0799164f71fa278,NOT_APPLICABLE_LOCAL_PACKAGING,NOT_APPLICABLE_LOCAL_PACKAGING,NOT_APPLICABLE_LOCAL_PACKAGING,VERIFIED_SHA256
INV_542e7d0c43662148091c9a286103db61edaee34e9323eb356fe8a425048ac6cd,SNAPSHOT_RAW_FILE,evidence,evidence_europepmc,raw/evidence/evidence_europepmc/part-00039-621a7bae-da68-4f0d-b14a-61d21b19204c-c000.snappy.parquet,NOT_APPLICABLE_PROJECT_SNAPSHOT_ARTIFACT,155140,a14d6d4171d0bc4221e34f514bdd1ecfb24529940962eb12fd15172d91d885ec,NOT_APPLICABLE_PROJECT_SNAPSHOT_ARTIFACT,NOT_APPLICABLE_PROJECT_SNAPSHOT_ARTIFACT,NOT_USED_FOR_IDENTITY,application/vnd.apache.parquet,469,1,16,26139b9344f456d74cbf31169787056b27d8b28e927225dad0799164f71fa278,NOT_APPLICABLE_LOCAL_PACKAGING,NOT_APPLICABLE_LOCAL_PACKAGING,NOT_APPLICABLE_LOCAL_PACKAGING,VERIFIED_SHA256
INV_791f772faad3b623b1e2f4e195c74fb1ffefb5d710c76683abba58a13200a596,SNAPSHOT_RAW_FILE,evidence,evidence_europepmc,raw/evidence/evidence_europepmc/part-00040-621a7bae-da68-4f0d-b14a-61d21b19204c-c000.snappy.parquet,NOT_APPLICABLE_PROJECT_SNAPSHOT_ARTIFACT,179311,4a6c2bb514dda4844961c1139657de143459d419a656d8b499fdb1020e949082,NOT_APPLICABLE_PROJECT_SNAPSHOT_ARTIFACT,NOT_APPLICABLE_PROJECT_SNAPSHOT_ARTIFACT,NOT_USED_FOR_IDENTITY,application/vnd.apache.parquet,467,1,16,26139b9344f456d74cbf31169787056b27d8b28e927225dad0799164f71fa278,NOT_APPLICABLE_LOCAL_PACKAGING,NOT_APPLICABLE_LOCAL_PACKAGING,NOT_APPLICABLE_LOCAL_PACKAGING,VERIFIED_SHA256
INV_9375bd644641babf04d0a98deb353b40159f5e0bc1953edc6b6e45e61f55b913,SNAPSHOT_RAW_FILE,evidence,evidence_europepmc,raw/evidence/evidence_europepmc/part-00041-621a7bae-da68-4f0d-b14a-61d21b19204c-c000.snappy.parquet,NOT_APPLICABLE_PROJECT_SNAPSHOT_ARTIFACT,219615,b9ffb98f946c83c460a84f87f85c5ded1499d27f0b513b85dd5452b4fa0000fa,NOT_APPLICABLE_PROJECT_SNAPSHOT_ARTIFACT,NOT_APPLICABLE_PROJECT_SNAPSHOT_ARTIFACT,NOT_USED_FOR_IDENTITY,application/vnd.apache.parquet,671,1,16,26139b9344f456d74cbf31169787056b27d8b28e927225dad0799164f71fa278,NOT_APPLICABLE_LOCAL_PACKAGING,NOT_APPLICABLE_LOCAL_PACKAGING,NOT_APPLICABLE_LOCAL_PACKAGING,VERIFIED_SHA256
INV_bf3e245c0cb5756f6d715975e612b913f6dccb22d4badc4ff37e21765a8de6b3,SNAPSHOT_RAW_FILE,evidence,evidence_europepmc,raw/evidence/evidence_europepmc/part-00042-621a7bae-da68-4f0d-b14a-61d21b19204c-c000.snappy.parquet,NOT_APPLICABLE_PROJECT_SNAPSHOT_ARTIFACT,210362,bd07db0bbc6d837fb5d564e5de857c31cfebe04cf7d7847a45b27a44f3ac0a5d,NOT_APPLICABLE_PROJECT_SNAPSHOT_ARTIFACT,NOT_APPLICABLE_PROJECT_SNAPSHOT_ARTIFACT,NOT_USED_FOR_IDENTITY,application/vnd.apache.parquet,626,1,16,26139b9344f456d74cbf31169787056b27d8b28e927225dad0799164f71fa278,NOT_APPLICABLE_LOCAL_PACKAGING,NOT_APPLICABLE_LOCAL_PACKAGING,NOT_APPLICABLE_LOCAL_PACKAGING,VERIFIED_SHA256
INV_bec95c55bb9c7771ab005f06f2cee3c7d283bb06755247077b6edc86ef79c08a,SNAPSHOT_RAW_FILE,evidence,evidence_europepmc,raw/evidence/evidence_europepmc/part-00043-621a7bae-da68-4f0d-b14a-61d21b19204c-c000.snappy.parquet,NOT_APPLICABLE_PROJECT_SNAPSHOT_ARTIFACT,58394,db96c29cd8a1572e3d12f11373c3ce6b6933d55da6404f02e40afbd3d0086935,NOT_APPLICABLE_PROJECT_SNAPSHOT_ARTIFACT,NOT_APPLICABLE_PROJECT_SNAPSHOT_ARTIFACT,NOT_USED_FOR_IDENTITY,application/vnd.apache.parquet,126,1,16,26139b9344f456d74cbf31169787056b27d8b28e927225dad0799164f71fa278,NOT_APPLICABLE_LOCAL_PACKAGING,NOT_APPLICABLE_LOCAL_PACKAGING,NOT_APPLICABLE_LOCAL_PACKAGING,VERIFIED_SHA256
INV_0ea7b613013fcc633f7a79b453fbc796a0f9a87bdc2d9a3a484da3b09b158066,SNAPSHOT_RAW_FILE,evidence,evidence_europepmc,raw/evidence/evidence_europepmc/part-00044-621a7bae-da68-4f0d-b14a-61d21b19204c-c000.snappy.parquet,NOT_APPLICABLE_PROJECT_SNAPSHOT_ARTIFACT,192077,9cacf99fdce4648af5470f66b93e2e6b3ab799d3e2c6a4211bd5c4190aa32a71,NOT_APPLICABLE_PROJECT_SNAPSHOT_ARTIFACT,NOT_APPLICABLE_PROJECT_SNAPSHOT_ARTIFACT,NOT_USED_FOR_IDENTITY,application/vnd.apache.parquet,538,1,16,26139b9344f456d74cbf31169787056b27d8b28e927225dad0799164f71fa278,NOT_APPLICABLE_LOCAL_PACKAGING,NOT_APPLICABLE_LOCAL_PACKAGING,NOT_APPLICABLE_LOCAL_PACKAGING,VERIFIED_SHA256
INV_f8c9a02397c9811504c885a543bff135613223d77656da40d603a77cbf61d054,SNAPSHOT_RAW_FILE,evidence,evidence_europepmc,raw/evidence/evidence_europepmc/part-00045-621a7bae-da68-4f0d-b14a-61d21b19204c-c000.snappy.parquet,NOT_APPLICABLE_PROJECT_SNAPSHOT_ARTIFACT,199497,09e04d65b59c6ef3e2b654c9588c4e3f4037a6a46fb66c4e70956c1212030c5c,NOT_APPLICABLE_PROJECT_SNAPSHOT_ARTIFACT,NOT_APPLICABLE_PROJECT_SNAPSHOT_ARTIFACT,NOT_USED_FOR_IDENTITY,application/vnd.apache.parquet,576,1,16,26139b9344f456d74cbf31169787056b27d8b28e927225dad0799164f71fa278,NOT_APPLICABLE_LOCAL_PACKAGING,NOT_APPLICABLE_LOCAL_PACKAGING,NOT_APPLICABLE_LOCAL_PACKAGING,VERIFIED_SHA256
INV_dcb4d08c5a299417e63b3912b2dba4ecccc6515264288c946f553872ccfc3dd0,SNAPSHOT_RAW_FILE,evidence,evidence_europepmc,raw/evidence/evidence_europepmc/part-00046-621a7bae-da68-4f0d-b14a-61d21b19204c-c000.snappy.parquet,NOT_APPLICABLE_PROJECT_SNAPSHOT_ARTIFACT,166342,7123f29dae39affbff699da0cc6d29065d228acb040e94f57ebe0e3a1edfc019,NOT_APPLICABLE_PROJECT_SNAPSHOT_ARTIFACT,NOT_APPLICABLE_PROJECT_SNAPSHOT_ARTIFACT,NOT_USED_FOR_IDENTITY,application/vnd.apache.parquet,480,1,16,26139b9344f456d74cbf31169787056b27d8b28e927225dad0799164f71fa278,NOT_APPLICABLE_LOCAL_PACKAGING,NOT_APPLICABLE_LOCAL_PACKAGING,NOT_APPLICABLE_LOCAL_PACKAGING,VERIFIED_SHA256
INV_23714d35cd64e64257b14c3cc567ada7a6ea500318e9a92af164f9c866fd13c7,SNAPSHOT_RAW_FILE,evidence,evidence_europepmc,raw/evidence/evidence_europepmc/part-00047-621a7bae-da68-4f0d-b14a-61d21b19204c-c000.snappy.parquet,NOT_APPLICABLE_PROJECT_SNAPSHOT_ARTIFACT,171373,5e9f226987f49a3d9d1518ec7613667c230ed371dbfa9d81df0af35c73d1d6db,NOT_APPLICABLE_PROJECT_SNAPSHOT_ARTIFACT,NOT_APPLICABLE_PROJECT_SNAPSHOT_ARTIFACT,NOT_USED_FOR_IDENTITY,application/vnd.apache.parquet,529,1,16,26139b9344f456d74cbf31169787056b27d8b28e927225dad0799164f71fa278,NOT_APPLICABLE_LOCAL_PACKAGING,NOT_APPLICABLE_LOCAL_PACKAGING,NOT_APPLICABLE_LOCAL_PACKAGING,VERIFIED_SHA256
INV_b194c98e3a121f29de3bd39856b6a459a314907aa6df25917aeeed8f476c6966,SNAPSHOT_RAW_FILE,evidence,evidence_europepmc,raw/evidence/evidence_europepmc/part-00048-621a7bae-da68-4f0d-b14a-61d21b19204c-c000.snappy.parquet,NOT_APPLICABLE_PROJECT_SNAPSHOT_ARTIFACT,228918,af5943bb81422fbd4858dc5f4c48ad517db12f3960c3eed4b8e2b1e834eb5130,NOT_APPLICABLE_PROJECT_SNAPSHOT_ARTIFACT,NOT_APPLICABLE_PROJECT_SNAPSHOT_ARTIFACT,NOT_USED_FOR_IDENTITY,application/vnd.apache.parquet,666,1,16,26139b9344f456d74cbf31169787056b27d8b28e927225dad0799164f71fa278,NOT_APPLICABLE_LOCAL_PACKAGING,NOT_APPLICABLE_LOCAL_PACKAGING,NOT_APPLICABLE_LOCAL_PACKAGING,VERIFIED_SHA256
INV_b15d548eee40ec525749c4e78ce62e61f87db9333c58d4521b8eb8ce9212e285,SNAPSHOT_RAW_FILE,evidence,evidence_europepmc,raw/evidence/evidence_europepmc/part-00049-621a7bae-da68-4f0d-b14a-61d21b19204c-c000.snappy.parquet,NOT_APPLICABLE_PROJECT_SNAPSHOT_ARTIFACT,176775,d909be177417ae01d9cd17534c21441156a071ce36dcf24acd77b55755fe147c,NOT_APPLICABLE_PROJECT_SNAPSHOT_ARTIFACT,NOT_APPLICABLE_PROJECT_SNAPSHOT_ARTIFACT,NOT_USED_FOR_IDENTITY,application/vnd.apache.parquet,468,1,16,26139b9344f456d74cbf31169787056b27d8b28e927225dad0799164f71fa278,NOT_APPLICABLE_LOCAL_PACKAGING,NOT_APPLICABLE_LOCAL_PACKAGING,NOT_APPLICABLE_LOCAL_PACKAGING,VERIFIED_SHA256
INV_ab3d043a47f4aa4b660d2350dac274a948c634a1bd5a99063a4edb9d57037771,SNAPSHOT_RAW_FILE,evidence,evidence_europepmc,raw/evidence/evidence_europepmc/part-00050-621a7bae-da68-4f0d-b14a-61d21b19204c-c000.snappy.parquet,NOT_APPLICABLE_PROJECT_SNAPSHOT_ARTIFACT,211690,458ce0a5d82a15d848db44a81985baf9252c400adfd7c0e1666668f67d7e7a1f,NOT_APPLICABLE_PROJECT_SNAPSHOT_ARTIFACT,NOT_APPLICABLE_PROJECT_SNAPSHOT_ARTIFACT,NOT_USED_FOR_IDENTITY,application/vnd.apache.parquet,609,1,16,26139b9344f456d74cbf31169787056b27d8b28e927225dad0799164f71fa278,NOT_APPLICABLE_LOCAL_PACKAGING,NOT_APPLICABLE_LOCAL_PACKAGING,NOT_APPLICABLE_LOCAL_PACKAGING,VERIFIED_SHA256
INV_5751981f41ed12902e239dc7f3c7213000d572d4a866e7e73ac17f0e097b298d,SNAPSHOT_RAW_FILE,evidence,evidence_europepmc,raw/evidence/evidence_europepmc/part-00051-621a7bae-da68-4f0d-b14a-61d21b19204c-c000.snappy.parquet,NOT_APPLICABLE_PROJECT_SNAPSHOT_ARTIFACT,217236,70c6104885892bbbe14532908e5463ed4b599926f210e872ffe2eba5e91e6a47,NOT_APPLICABLE_PROJECT_SNAPSHOT_ARTIFACT,NOT_APPLICABLE_PROJECT_SNAPSHOT_ARTIFACT,NOT_USED_FOR_IDENTITY,application/vnd.apache.parquet,642,1,16,26139b9344f456d74cbf31169787056b27d8b28e927225dad0799164f71fa278,NOT_APPLICABLE_LOCAL_PACKAGING,NOT_APPLICABLE_LOCAL_PACKAGING,NOT_APPLICABLE_LOCAL_PACKAGING,VERIFIED_SHA256
INV_d6b6f3687660ef71ca92d6e8f93d8f0dc030eb56f4c22ed5ff8acbc3abb76398,SNAPSHOT_RAW_FILE,evidence,evidence_europepmc,raw/evidence/evidence_europepmc/part-00052-621a7bae-da68-4f0d-b14a-61d21b19204c-c000.snappy.parquet,NOT_APPLICABLE_PROJECT_SNAPSHOT_ARTIFACT,238304,5f583babe82088bd5df5263146bd3db5c71f12b85a0d2adfc7b1909463e1ac38,NOT_APPLICABLE_PROJECT_SNAPSHOT_ARTIFACT,NOT_APPLICABLE_PROJECT_SNAPSHOT_ARTIFACT,NOT_USED_FOR_IDENTITY,application/vnd.apache.parquet,738,1,16,26139b9344f456d74cbf31169787056b27d8b28e927225dad0799164f71fa278,NOT_APPLICABLE_LOCAL_PACKAGING,NOT_APPLICABLE_LOCAL_PACKAGING,NOT_APPLICABLE_LOCAL_PACKAGING,VERIFIED_SHA256
INV_14f8fe85ada12179da31189718cb87098a5f2967753c223976e0dc4a12f9b22a,SNAPSHOT_RAW_FILE,evidence,evidence_europepmc,raw/evidence/evidence_europepmc/part-00053-621a7bae-da68-4f0d-b14a-61d21b19204c-c000.snappy.parquet,NOT_APPLICABLE_PROJECT_SNAPSHOT_ARTIFACT,185036,448157dc9d3f5ad11ba95a6e0612b92a26a015da577cd074341333523daea2d6,NOT_APPLICABLE_PROJECT_SNAPSHOT_ARTIFACT,NOT_APPLICABLE_PROJECT_SNAPSHOT_ARTIFACT,NOT_USED_FOR_IDENTITY,application/vnd.apache.parquet,551,1,16,26139b9344f456d74cbf31169787056b27d8b28e927225dad0799164f71fa278,NOT_APPLICABLE_LOCAL_PACKAGING,NOT_APPLICABLE_LOCAL_PACKAGING,NOT_APPLICABLE_LOCAL_PACKAGING,VERIFIED_SHA256
INV_98a33e36f2cf92bc73e0778cd5bae523180fe068e22eb52a3a777dccc335f2f9,SNAPSHOT_RAW_FILE,evidence,evidence_europepmc,raw/evidence/evidence_europepmc/part-00054-621a7bae-da68-4f0d-b14a-61d21b19204c-c000.snappy.parquet,NOT_APPLICABLE_PROJECT_SNAPSHOT_ARTIFACT,155280,b88776e09338c0039885ba2841245b62541598f5299db1401c8c0cc1d1e50c99,NOT_APPLICABLE_PROJECT_SNAPSHOT_ARTIFACT,NOT_APPLICABLE_PROJECT_SNAPSHOT_ARTIFACT,NOT_USED_FOR_IDENTITY,application/vnd.apache.parquet,463,1,16,26139b9344f456d74cbf31169787056b27d8b28e927225dad0799164f71fa278,NOT_APPLICABLE_LOCAL_PACKAGING,NOT_APPLICABLE_LOCAL_PACKAGING,NOT_APPLICABLE_LOCAL_PACKAGING,VERIFIED_SHA256
INV_154c22183a9393d17aecfe3b984a048383ba12bc6807be9dc5251109594b4db7,SNAPSHOT_RAW_FILE,evidence,evidence_europepmc,raw/evidence/evidence_europepmc/part-00055-621a7bae-da68-4f0d-b14a-61d21b19204c-c000.snappy.parquet,NOT_APPLICABLE_PROJECT_SNAPSHOT_ARTIFACT,197029,e3d8287ac42af1e020766ded21b8cc86f8ee5a0db6f2e44567fe972d3adaeb61,NOT_APPLICABLE_PROJECT_SNAPSHOT_ARTIFACT,NOT_APPLICABLE_PROJECT_SNAPSHOT_ARTIFACT,NOT_USED_FOR_IDENTITY,application/vnd.apache.parquet,595,1,16,26139b9344f456d74cbf31169787056b27d8b28e927225dad0799164f71fa278,NOT_APPLICABLE_LOCAL_PACKAGING,NOT_APPLICABLE_LOCAL_PACKAGING,NOT_APPLICABLE_LOCAL_PACKAGING,VERIFIED_SHA256
INV_2714df3c3e8a3f15323ee53ef59c4f1dc4735371e30c6372522022a375d20828,SNAPSHOT_RAW_FILE,evidence,evidence_europepmc,raw/evidence/evidence_europepmc/part-00056-621a7bae-da68-4f0d-b14a-61d21b19204c-c000.snappy.parquet,NOT_APPLICABLE_PROJECT_SNAPSHOT_ARTIFACT,175902,108fcee163cdbfde0a412e640f91a65f6d2f403a6db6ff18a9de3fe721be7d71,NOT_APPLICABLE_PROJECT_SNAPSHOT_ARTIFACT,NOT_APPLICABLE_PROJECT_SNAPSHOT_ARTIFACT,NOT_USED_FOR_IDENTITY,application/vnd.apache.parquet,492,1,16,26139b9344f456d74cbf31169787056b27d8b28e927225dad0799164f71fa278,NOT_APPLICABLE_LOCAL_PACKAGING,NOT_APPLICABLE_LOCAL_PACKAGING,NOT_APPLICABLE_LOCAL_PACKAGING,VERIFIED_SHA256
INV_d28042568cc445c5313c5d21fa45390909d52459941d346c33d5f63ced06dfad,SNAPSHOT_RAW_FILE,evidence,evidence_europepmc,raw/evidence/evidence_europepmc/part-00057-621a7bae-da68-4f0d-b14a-61d21b19204c-c000.snappy.parquet,NOT_APPLICABLE_PROJECT_SNAPSHOT_ARTIFACT,167795,9ee1a0468e3068f887d287e22c79ae44054ed27caeb2938640e63fe73b3959c2,NOT_APPLICABLE_PROJECT_SNAPSHOT_ARTIFACT,NOT_APPLICABLE_PROJECT_SNAPSHOT_ARTIFACT,NOT_USED_FOR_IDENTITY,application/vnd.apache.parquet,481,1,16,26139b9344f456d74cbf31169787056b27d8b28e927225dad0799164f71fa278,NOT_APPLICABLE_LOCAL_PACKAGING,NOT_APPLICABLE_LOCAL_PACKAGING,NOT_APPLICABLE_LOCAL_PACKAGING,VERIFIED_SHA256
INV_76287eb8fd5f05102249a74953e6c940e472be9c8635681be24c88f6e9be3676,SNAPSHOT_RAW_FILE,evidence,evidence_europepmc,raw/evidence/evidence_europepmc/part-00058-621a7bae-da68-4f0d-b14a-61d21b19204c-c000.snappy.parquet,NOT_APPLICABLE_PROJECT_SNAPSHOT_ARTIFACT,247945,6cb30a3470036c91d1be3ebc6c3b503e59f1869bd29942a282716314c34c65de,NOT_APPLICABLE_PROJECT_SNAPSHOT_ARTIFACT,NOT_APPLICABLE_PROJECT_SNAPSHOT_ARTIFACT,NOT_USED_FOR_IDENTITY,application/vnd.apache.parquet,757,1,16,26139b9344f456d74cbf31169787056b27d8b28e927225dad0799164f71fa278,NOT_APPLICABLE_LOCAL_PACKAGING,NOT_APPLICABLE_LOCAL_PACKAGING,NOT_APPLICABLE_LOCAL_PACKAGING,VERIFIED_SHA256
INV_409f44b72d54dd0475dbe665ffdecedceb18766dee456ac79cf4ba4620e7ea71,SNAPSHOT_RAW_FILE,evidence,evidence_europepmc,raw/evidence/evidence_europepmc/part-00059-621a7bae-da68-4f0d-b14a-61d21b19204c-c000.snappy.parquet,NOT_APPLICABLE_PROJECT_SNAPSHOT_ARTIFACT,157603,11ba17ed3f4688649c90ff5d828d92e70c18cecbfdd4500d715a7d0397c8f413,NOT_APPLICABLE_PROJECT_SNAPSHOT_ARTIFACT,NOT_APPLICABLE_PROJECT_SNAPSHOT_ARTIFACT,NOT_USED_FOR_IDENTITY,application/vnd.apache.parquet,461,1,16,26139b9344f456d74cbf31169787056b27d8b28e927225dad0799164f71fa278,NOT_APPLICABLE_LOCAL_PACKAGING,NOT_APPLICABLE_LOCAL_PACKAGING,NOT_APPLICABLE_LOCAL_PACKAGING,VERIFIED_SHA256
INV_81f138a22d24851e1d15c8801e792e34b5e016d35bc1cb38b5ea18d3a198a579,SNAPSHOT_RAW_FILE,evidence,evidence_europepmc,raw/evidence/evidence_europepmc/part-00060-621a7bae-da68-4f0d-b14a-61d21b19204c-c000.snappy.parquet,NOT_APPLICABLE_PROJECT_SNAPSHOT_ARTIFACT,236204,401ef32873161cc1cfbbb5bc2843897432172e26b38cadf2763f6e70ff56452e,NOT_APPLICABLE_PROJECT_SNAPSHOT_ARTIFACT,NOT_APPLICABLE_PROJECT_SNAPSHOT_ARTIFACT,NOT_USED_FOR_IDENTITY,application/vnd.apache.parquet,708,1,16,26139b9344f456d74cbf31169787056b27d8b28e927225dad0799164f71fa278,NOT_APPLICABLE_LOCAL_PACKAGING,NOT_APPLICABLE_LOCAL_PACKAGING,NOT_APPLICABLE_LOCAL_PACKAGING,VERIFIED_SHA256
INV_dd5f335b360156c281a750a7abce22e0080eea3b2928280016be28c2dec357f2,SNAPSHOT_RAW_FILE,evidence,evidence_europepmc,raw/evidence/evidence_europepmc/part-00061-621a7bae-da68-4f0d-b14a-61d21b19204c-c000.snappy.parquet,NOT_APPLICABLE_PROJECT_SNAPSHOT_ARTIFACT,170352,a4c43b27bf0e4b433326367cf231ed21389f5421e4c411cc70275196d68fc1d5,NOT_APPLICABLE_PROJECT_SNAPSHOT_ARTIFACT,NOT_APPLICABLE_PROJECT_SNAPSHOT_ARTIFACT,NOT_USED_FOR_IDENTITY,application/vnd.apache.parquet,462,1,16,26139b9344f456d74cbf31169787056b27d8b28e927225dad0799164f71fa278,NOT_APPLICABLE_LOCAL_PACKAGING,NOT_APPLICABLE_LOCAL_PACKAGING,NOT_APPLICABLE_LOCAL_PACKAGING,VERIFIED_SHA256
INV_f2e9fc7221dc11dad3c08cb9a56f429b6087567b869723369df9bc194296e4be,SNAPSHOT_RAW_FILE,evidence,evidence_europepmc,raw/evidence/evidence_europepmc/part-00062-621a7bae-da68-4f0d-b14a-61d21b19204c-c000.snappy.parquet,NOT_APPLICABLE_PROJECT_SNAPSHOT_ARTIFACT,153440,f62364db0456700a1e522abaf8ef54de251e04a47ecb71541676684b23891eda,NOT_APPLICABLE_PROJECT_SNAPSHOT_ARTIFACT,NOT_APPLICABLE_PROJECT_SNAPSHOT_ARTIFACT,NOT_USED_FOR_IDENTITY,application/vnd.apache.parquet,447,1,16,26139b9344f456d74cbf31169787056b27d8b28e927225dad0799164f71fa278,NOT_APPLICABLE_LOCAL_PACKAGING,NOT_APPLICABLE_LOCAL_PACKAGING,NOT_APPLICABLE_LOCAL_PACKAGING,VERIFIED_SHA256
INV_037496596190c8445e9f2fd742e435ae6b02fd0efbae8b22c5d25375eba367e3,SNAPSHOT_RAW_FILE,evidence,evidence_europepmc,raw/evidence/evidence_europepmc/part-00063-621a7bae-da68-4f0d-b14a-61d21b19204c-c000.snappy.parquet,NOT_APPLICABLE_PROJECT_SNAPSHOT_ARTIFACT,196317,2b419e23fc6b679ff92bebacee6a1a1109399a76bac32a55e3e3412b72c98b55,NOT_APPLICABLE_PROJECT_SNAPSHOT_ARTIFACT,NOT_APPLICABLE_PROJECT_SNAPSHOT_ARTIFACT,NOT_USED_FOR_IDENTITY,application/vnd.apache.parquet,583,1,16,26139b9344f456d74cbf31169787056b27d8b28e927225dad0799164f71fa278,NOT_APPLICABLE_LOCAL_PACKAGING,NOT_APPLICABLE_LOCAL_PACKAGING,NOT_APPLICABLE_LOCAL_PACKAGING,VERIFIED_SHA256
INV_6f79eb3cc8dce18131c5eb414027cc25c4d6e8c3b2c7d3839c3f402032f55e5c,SNAPSHOT_RAW_FILE,evidence,evidence_europepmc,raw/evidence/evidence_europepmc/part-00064-621a7bae-da68-4f0d-b14a-61d21b19204c-c000.snappy.parquet,NOT_APPLICABLE_PROJECT_SNAPSHOT_ARTIFACT,231055,d9ea301167499e7d454c460439b3673a1f614ae413a8a889a1c36863c1be95f2,NOT_APPLICABLE_PROJECT_SNAPSHOT_ARTIFACT,NOT_APPLICABLE_PROJECT_SNAPSHOT_ARTIFACT,NOT_USED_FOR_IDENTITY,application/vnd.apache.parquet,654,1,16,26139b9344f456d74cbf31169787056b27d8b28e927225dad0799164f71fa278,NOT_APPLICABLE_LOCAL_PACKAGING,NOT_APPLICABLE_LOCAL_PACKAGING,NOT_APPLICABLE_LOCAL_PACKAGING,VERIFIED_SHA256
INV_8a3f2d5cdae3240c85075a054eaa007a7e85a8d68bdb7c12c171821d93692048,SNAPSHOT_RAW_FILE,evidence,evidence_europepmc,raw/evidence/evidence_europepmc/part-00065-621a7bae-da68-4f0d-b14a-61d21b19204c-c000.snappy.parquet,NOT_APPLICABLE_PROJECT_SNAPSHOT_ARTIFACT,178887,7a1aebf74b0ffb615e16b5862146ebb3197768460f2c82689d73f8ba49aafd63,NOT_APPLICABLE_PROJECT_SNAPSHOT_ARTIFACT,NOT_APPLICABLE_PROJECT_SNAPSHOT_ARTIFACT,NOT_USED_FOR_IDENTITY,application/vnd.apache.parquet,535,1,16,26139b9344f456d74cbf31169787056b27d8b28e927225dad0799164f71fa278,NOT_APPLICABLE_LOCAL_PACKAGING,NOT_APPLICABLE_LOCAL_PACKAGING,NOT_APPLICABLE_LOCAL_PACKAGING,VERIFIED_SHA256
INV_bbb5f7b7fee75f78753f741033173ed4824a2b5c4ce6807ba9dfe3c3a00ef828,SNAPSHOT_RAW_FILE,evidence,evidence_europepmc,raw/evidence/evidence_europepmc/part-00066-621a7bae-da68-4f0d-b14a-61d21b19204c-c000.snappy.parquet,NOT_APPLICABLE_PROJECT_SNAPSHOT_ARTIFACT,252677,3f5573a993962ccc3089b580c1165839afae16a017709861d52ea01ae7d407bc,NOT_APPLICABLE_PROJECT_SNAPSHOT_ARTIFACT,NOT_APPLICABLE_PROJECT_SNAPSHOT_ARTIFACT,NOT_USED_FOR_IDENTITY,application/vnd.apache.parquet,765,1,16,26139b9344f456d74cbf31169787056b27d8b28e927225dad0799164f71fa278,NOT_APPLICABLE_LOCAL_PACKAGING,NOT_APPLICABLE_LOCAL_PACKAGING,NOT_APPLICABLE_LOCAL_PACKAGING,VERIFIED_SHA256
INV_55d7221f4beac02ee8f44a5e82208e85380efd8944cbc79f945e0ecb4a828199,SNAPSHOT_RAW_FILE,evidence,evidence_europepmc,raw/evidence/evidence_europepmc/part-00067-621a7bae-da68-4f0d-b14a-61d21b19204c-c000.snappy.parquet,NOT_APPLICABLE_PROJECT_SNAPSHOT_ARTIFACT,172506,ac21aa9bc92d90403f20b45e574365528d4eff8c154abb1744ad0359ebd5bde1,NOT_APPLICABLE_PROJECT_SNAPSHOT_ARTIFACT,NOT_APPLICABLE_PROJECT_SNAPSHOT_ARTIFACT,NOT_USED_FOR_IDENTITY,application/vnd.apache.parquet,495,1,16,26139b9344f456d74cbf31169787056b27d8b28e927225dad0799164f71fa278,NOT_APPLICABLE_LOCAL_PACKAGING,NOT_APPLICABLE_LOCAL_PACKAGING,NOT_APPLICABLE_LOCAL_PACKAGING,VERIFIED_SHA256
INV_015b6e87d7da057be3c0911e06d997a9e2fb3e2578f0351793b233423039fa8a,SNAPSHOT_RAW_FILE,evidence,evidence_europepmc,raw/evidence/evidence_europepmc/part-00068-621a7bae-da68-4f0d-b14a-61d21b19204c-c000.snappy.parquet,NOT_APPLICABLE_PROJECT_SNAPSHOT_ARTIFACT,262794,d8470438e048fbe48189331e087e45b211237242b3a789e9ea8a9bf8c410e51c,NOT_APPLICABLE_PROJECT_SNAPSHOT_ARTIFACT,NOT_APPLICABLE_PROJECT_SNAPSHOT_ARTIFACT,NOT_USED_FOR_IDENTITY,application/vnd.apache.parquet,785,1,16,26139b9344f456d74cbf31169787056b27d8b28e927225dad0799164f71fa278,NOT_APPLICABLE_LOCAL_PACKAGING,NOT_APPLICABLE_LOCAL_PACKAGING,NOT_APPLICABLE_LOCAL_PACKAGING,VERIFIED_SHA256
INV_b13c20338a635740d8daf77767097db62681a1a6743575861b74a399b53674c1,SNAPSHOT_RAW_FILE,evidence,evidence_europepmc,raw/evidence/evidence_europepmc/part-00069-621a7bae-da68-4f0d-b14a-61d21b19204c-c000.snappy.parquet,NOT_APPLICABLE_PROJECT_SNAPSHOT_ARTIFACT,171400,d6a1989bdb982008ee56b3cc65b940c1eded851eea80f0ec3f954c255d788b6e,NOT_APPLICABLE_PROJECT_SNAPSHOT_ARTIFACT,NOT_APPLICABLE_PROJECT_SNAPSHOT_ARTIFACT,NOT_USED_FOR_IDENTITY,application/vnd.apache.parquet,502,1,16,26139b9344f456d74cbf31169787056b27d8b28e927225dad0799164f71fa278,NOT_APPLICABLE_LOCAL_PACKAGING,NOT_APPLICABLE_LOCAL_PACKAGING,NOT_APPLICABLE_LOCAL_PACKAGING,VERIFIED_SHA256
INV_541cd2bc0147cb8f595e4693b02ed0eb2062007d8b6172c0e4df9cdc92cd5866,SNAPSHOT_RAW_FILE,evidence,evidence_europepmc,raw/evidence/evidence_europepmc/part-00070-621a7bae-da68-4f0d-b14a-61d21b19204c-c000.snappy.parquet,NOT_APPLICABLE_PROJECT_SNAPSHOT_ARTIFACT,186399,b66a031d1c18d4e894f19633a2d9f5b5e2438add1ea841cb7868c8da92fbc493,NOT_APPLICABLE_PROJECT_SNAPSHOT_ARTIFACT,NOT_APPLICABLE_PROJECT_SNAPSHOT_ARTIFACT,NOT_USED_FOR_IDENTITY,application/vnd.apache.parquet,526,1,16,26139b9344f456d74cbf31169787056b27d8b28e927225dad0799164f71fa278,NOT_APPLICABLE_LOCAL_PACKAGING,NOT_APPLICABLE_LOCAL_PACKAGING,NOT_APPLICABLE_LOCAL_PACKAGING,VERIFIED_SHA256
INV_e4775d3b038f45ec01dc1ad9112de11ec4e387bcca9e7564b988e0e8a49738ce,SNAPSHOT_RAW_FILE,evidence,evidence_europepmc,raw/evidence/evidence_europepmc/part-00071-621a7bae-da68-4f0d-b14a-61d21b19204c-c000.snappy.parquet,NOT_APPLICABLE_PROJECT_SNAPSHOT_ARTIFACT,159568,cd7955f396dc1a1813c0465d47ed626bc878997e563999d0129f09e15117a86a,NOT_APPLICABLE_PROJECT_SNAPSHOT_ARTIFACT,NOT_APPLICABLE_PROJECT_SNAPSHOT_ARTIFACT,NOT_USED_FOR_IDENTITY,application/vnd.apache.parquet,477,1,16,26139b9344f456d74cbf31169787056b27d8b28e927225dad0799164f71fa278,NOT_APPLICABLE_LOCAL_PACKAGING,NOT_APPLICABLE_LOCAL_PACKAGING,NOT_APPLICABLE_LOCAL_PACKAGING,VERIFIED_SHA256
INV_ee803a160998cef5d09e3d6856b57c471e93849668a1bd6bac7c89110a7420e2,SNAPSHOT_RAW_FILE,evidence,evidence_europepmc,raw/evidence/evidence_europepmc/part-00072-621a7bae-da68-4f0d-b14a-61d21b19204c-c000.snappy.parquet,NOT_APPLICABLE_PROJECT_SNAPSHOT_ARTIFACT,222900,66362b24cad54de6ff2cc7c30e8252dd327a6b16f9c0d2f0fd0ee950f51b47bd,NOT_APPLICABLE_PROJECT_SNAPSHOT_ARTIFACT,NOT_APPLICABLE_PROJECT_SNAPSHOT_ARTIFACT,NOT_USED_FOR_IDENTITY,application/vnd.apache.parquet,679,1,16,26139b9344f456d74cbf31169787056b27d8b28e927225dad0799164f71fa278,NOT_APPLICABLE_LOCAL_PACKAGING,NOT_APPLICABLE_LOCAL_PACKAGING,NOT_APPLICABLE_LOCAL_PACKAGING,VERIFIED_SHA256
INV_2b8be853ccf940caee6e75316dec968245d16a34ea4689cc49d0dbeb54da5ea5,SNAPSHOT_RAW_FILE,evidence,evidence_europepmc,raw/evidence/evidence_europepmc/part-00073-621a7bae-da68-4f0d-b14a-61d21b19204c-c000.snappy.parquet,NOT_APPLICABLE_PROJECT_SNAPSHOT_ARTIFACT,142680,9d02de8fc495b1e7ca52c47c2f98c2b71919de08b870c5700886171cf3c7bc4c,NOT_APPLICABLE_PROJECT_SNAPSHOT_ARTIFACT,NOT_APPLICABLE_PROJECT_SNAPSHOT_ARTIFACT,NOT_USED_FOR_IDENTITY,application/vnd.apache.parquet,396,1,16,26139b9344f456d74cbf31169787056b27d8b28e927225dad0799164f71fa278,NOT_APPLICABLE_LOCAL_PACKAGING,NOT_APPLICABLE_LOCAL_PACKAGING,NOT_APPLICABLE_LOCAL_PACKAGING,VERIFIED_SHA256
INV_162f322075a7af766512e7f2deb074e72d059f883c68ef7a6c20e815550ba74f,SNAPSHOT_RAW_FILE,evidence,evidence_europepmc,raw/evidence/evidence_europepmc/part-00074-621a7bae-da68-4f0d-b14a-61d21b19204c-c000.snappy.parquet,NOT_APPLICABLE_PROJECT_SNAPSHOT_ARTIFACT,152696,02044394149ed1fad3503f7401e1d0e3cf3e0d6d2528e0f48b117df3ea6aff7d,NOT_APPLICABLE_PROJECT_SNAPSHOT_ARTIFACT,NOT_APPLICABLE_PROJECT_SNAPSHOT_ARTIFACT,NOT_USED_FOR_IDENTITY,application/vnd.apache.parquet,413,1,16,26139b9344f456d74cbf31169787056b27d8b28e927225dad0799164f71fa278,NOT_APPLICABLE_LOCAL_PACKAGING,NOT_APPLICABLE_LOCAL_PACKAGING,NOT_APPLICABLE_LOCAL_PACKAGING,VERIFIED_SHA256
INV_46ba10cee301fb1ec2a593e426b85d8095d36e408d99aaa47d7b849d9d32039b,SNAPSHOT_RAW_FILE,evidence,evidence_europepmc,raw/evidence/evidence_europepmc/part-00075-621a7bae-da68-4f0d-b14a-61d21b19204c-c000.snappy.parquet,NOT_APPLICABLE_PROJECT_SNAPSHOT_ARTIFACT,200959,114b52757cab5438255961fdebec5b950291c17bf336b67cc47c57c61e6526a5,NOT_APPLICABLE_PROJECT_SNAPSHOT_ARTIFACT,NOT_APPLICABLE_PROJECT_SNAPSHOT_ARTIFACT,NOT_USED_FOR_IDENTITY,application/vnd.apache.parquet,590,1,16,26139b9344f456d74cbf31169787056b27d8b28e927225dad0799164f71fa278,NOT_APPLICABLE_LOCAL_PACKAGING,NOT_APPLICABLE_LOCAL_PACKAGING,NOT_APPLICABLE_LOCAL_PACKAGING,VERIFIED_SHA256
INV_37a2c86e40a09bad00247d1978793771a854a2cf050780e232e36ba4628c1a33,SNAPSHOT_RAW_FILE,evidence,evidence_europepmc,raw/evidence/evidence_europepmc/part-00076-621a7bae-da68-4f0d-b14a-61d21b19204c-c000.snappy.parquet,NOT_APPLICABLE_PROJECT_SNAPSHOT_ARTIFACT,149909,044ef95cdd7a5bec581444926f3cb0f013480a33418c72800cc77ed931d62536,NOT_APPLICABLE_PROJECT_SNAPSHOT_ARTIFACT,NOT_APPLICABLE_PROJECT_SNAPSHOT_ARTIFACT,NOT_USED_FOR_IDENTITY,application/vnd.apache.parquet,420,1,16,26139b9344f456d74cbf31169787056b27d8b28e927225dad0799164f71fa278,NOT_APPLICABLE_LOCAL_PACKAGING,NOT_APPLICABLE_LOCAL_PACKAGING,NOT_APPLICABLE_LOCAL_PACKAGING,VERIFIED_SHA256
INV_449f1599dd98ccbf904f9b2ee2e26cf950e52933df30ad7a7c6a656a62f886ed,SNAPSHOT_RAW_FILE,evidence,evidence_europepmc,raw/evidence/evidence_europepmc/part-00077-621a7bae-da68-4f0d-b14a-61d21b19204c-c000.snappy.parquet,NOT_APPLICABLE_PROJECT_SNAPSHOT_ARTIFACT,138009,8b7f610b24c55719d7447681da3c0dea7828635565b178865acc9a36e6718dec,NOT_APPLICABLE_PROJECT_SNAPSHOT_ARTIFACT,NOT_APPLICABLE_PROJECT_SNAPSHOT_ARTIFACT,NOT_USED_FOR_IDENTITY,application/vnd.apache.parquet,373,1,16,26139b9344f456d74cbf31169787056b27d8b28e927225dad0799164f71fa278,NOT_APPLICABLE_LOCAL_PACKAGING,NOT_APPLICABLE_LOCAL_PACKAGING,NOT_APPLICABLE_LOCAL_PACKAGING,VERIFIED_SHA256
INV_2a0d0429e88b96b933bc21ef00828350a66150a69b13b8492117c4afe3864231,SNAPSHOT_RAW_FILE,evidence,evidence_europepmc,raw/evidence/evidence_europepmc/part-00078-621a7bae-da68-4f0d-b14a-61d21b19204c-c000.snappy.parquet,NOT_APPLICABLE_PROJECT_SNAPSHOT_ARTIFACT,212505,87940cae4bb693be2276fd59fdcd82a438e41f2f0f563b67b4c71adb0e220c23,NOT_APPLICABLE_PROJECT_SNAPSHOT_ARTIFACT,NOT_APPLICABLE_PROJECT_SNAPSHOT_ARTIFACT,NOT_USED_FOR_IDENTITY,application/vnd.apache.parquet,608,1,16,26139b9344f456d74cbf31169787056b27d8b28e927225dad0799164f71fa278,NOT_APPLICABLE_LOCAL_PACKAGING,NOT_APPLICABLE_LOCAL_PACKAGING,NOT_APPLICABLE_LOCAL_PACKAGING,VERIFIED_SHA256
INV_4f0c26a0d6eff927fa68c5d8eb70659bd9985ec41de664a0cfed3777204e7532,SNAPSHOT_RAW_FILE,evidence,evidence_europepmc,raw/evidence/evidence_europepmc/part-00079-621a7bae-da68-4f0d-b14a-61d21b19204c-c000.snappy.parquet,NOT_APPLICABLE_PROJECT_SNAPSHOT_ARTIFACT,193853,cd61ac2fa2906e00533783cedf3f10d93dbf9b58140f07600fdcc05ec486758f,NOT_APPLICABLE_PROJECT_SNAPSHOT_ARTIFACT,NOT_APPLICABLE_PROJECT_SNAPSHOT_ARTIFACT,NOT_USED_FOR_IDENTITY,application/vnd.apache.parquet,531,1,16,26139b9344f456d74cbf31169787056b27d8b28e927225dad0799164f71fa278,NOT_APPLICABLE_LOCAL_PACKAGING,NOT_APPLICABLE_LOCAL_PACKAGING,NOT_APPLICABLE_LOCAL_PACKAGING,VERIFIED_SHA256
INV_d28ba32c4ee7ffa2eb8337f1c7cba5f986b60e10ef27aac91bbab5af07c10eef,SNAPSHOT_RAW_FILE,evidence,evidence_europepmc,raw/evidence/evidence_europepmc/part-00080-621a7bae-da68-4f0d-b14a-61d21b19204c-c000.snappy.parquet,NOT_APPLICABLE_PROJECT_SNAPSHOT_ARTIFACT,219487,4e376643327a811653a069912f0a0c05770a3656185ebf50f0ad8068b87a4c24,NOT_APPLICABLE_PROJECT_SNAPSHOT_ARTIFACT,NOT_APPLICABLE_PROJECT_SNAPSHOT_ARTIFACT,NOT_USED_FOR_IDENTITY,application/vnd.apache.parquet,618,1,16,26139b9344f456d74cbf31169787056b27d8b28e927225dad0799164f71fa278,NOT_APPLICABLE_LOCAL_PACKAGING,NOT_APPLICABLE_LOCAL_PACKAGING,NOT_APPLICABLE_LOCAL_PACKAGING,VERIFIED_SHA256
INV_9b8890b5cbad148eb87cef40ea087165241c47ab0b3a9f7da7d82ef37651ab52,SNAPSHOT_RAW_FILE,evidence,evidence_europepmc,raw/evidence/evidence_europepmc/part-00081-621a7bae-da68-4f0d-b14a-61d21b19204c-c000.snappy.parquet,NOT_APPLICABLE_PROJECT_SNAPSHOT_ARTIFACT,202652,65b2cb7ee893fd6102aebd20613ac254ebcba7098a3a079f6c44eff1315b72da,NOT_APPLICABLE_PROJECT_SNAPSHOT_ARTIFACT,NOT_APPLICABLE_PROJECT_SNAPSHOT_ARTIFACT,NOT_USED_FOR_IDENTITY,application/vnd.apache.parquet,598,1,16,26139b9344f456d74cbf31169787056b27d8b28e927225dad0799164f71fa278,NOT_APPLICABLE_LOCAL_PACKAGING,NOT_APPLICABLE_LOCAL_PACKAGING,NOT_APPLICABLE_LOCAL_PACKAGING,VERIFIED_SHA256
INV_e20936ed4db2d3b4661b6e7b45fa689a141f2a570ecabc058d005fa187d4295e,SNAPSHOT_RAW_FILE,evidence,evidence_europepmc,raw/evidence/evidence_europepmc/part-00082-621a7bae-da68-4f0d-b14a-61d21b19204c-c000.snappy.parquet,NOT_APPLICABLE_PROJECT_SNAPSHOT_ARTIFACT,162049,81544c5719491fff83ca1ca70347e78163a59603553fd62625234525323dc606,NOT_APPLICABLE_PROJECT_SNAPSHOT_ARTIFACT,NOT_APPLICABLE_PROJECT_SNAPSHOT_ARTIFACT,NOT_USED_FOR_IDENTITY,application/vnd.apache.parquet,470,1,16,26139b9344f456d74cbf31169787056b27d8b28e927225dad0799164f71fa278,NOT_APPLICABLE_LOCAL_PACKAGING,NOT_APPLICABLE_LOCAL_PACKAGING,NOT_APPLICABLE_LOCAL_PACKAGING,VERIFIED_SHA256
INV_afd36a6710fb0525462065e2f5b6083196ae23095b54d2f0e23d963d3b6e56e5,SNAPSHOT_RAW_FILE,evidence,evidence_europepmc,raw/evidence/evidence_europepmc/part-00083-621a7bae-da68-4f0d-b14a-61d21b19204c-c000.snappy.parquet,NOT_APPLICABLE_PROJECT_SNAPSHOT_ARTIFACT,239036,8b30419a8d0c25cf989d10b2fc26809501e269b9e96ea2ba2b9dee2f8097c175,NOT_APPLICABLE_PROJECT_SNAPSHOT_ARTIFACT,NOT_APPLICABLE_PROJECT_SNAPSHOT_ARTIFACT,NOT_USED_FOR_IDENTITY,application/vnd.apache.parquet,745,1,16,26139b9344f456d74cbf31169787056b27d8b28e927225dad0799164f71fa278,NOT_APPLICABLE_LOCAL_PACKAGING,NOT_APPLICABLE_LOCAL_PACKAGING,NOT_APPLICABLE_LOCAL_PACKAGING,VERIFIED_SHA256
INV_807d4c38352954718fa24326bab4501b2a9ef9db0725a0d78130d413a236f472,SNAPSHOT_RAW_FILE,evidence,evidence_europepmc,raw/evidence/evidence_europepmc/part-00084-621a7bae-da68-4f0d-b14a-61d21b19204c-c000.snappy.parquet,NOT_APPLICABLE_PROJECT_SNAPSHOT_ARTIFACT,157772,8866cf8f86f724d9b31eab2e8c9c4610ef9c6518cac814a9386f4f1b032c4adb,NOT_APPLICABLE_PROJECT_SNAPSHOT_ARTIFACT,NOT_APPLICABLE_PROJECT_SNAPSHOT_ARTIFACT,NOT_USED_FOR_IDENTITY,application/vnd.apache.parquet,426,1,16,26139b9344f456d74cbf31169787056b27d8b28e927225dad0799164f71fa278,NOT_APPLICABLE_LOCAL_PACKAGING,NOT_APPLICABLE_LOCAL_PACKAGING,NOT_APPLICABLE_LOCAL_PACKAGING,VERIFIED_SHA256
INV_2047722a2708e605d9c4a8e5a491005e1545033f9c7fe42a25b9aad3d40db813,SNAPSHOT_RAW_FILE,evidence,evidence_europepmc,raw/evidence/evidence_europepmc/part-00085-621a7bae-da68-4f0d-b14a-61d21b19204c-c000.snappy.parquet,NOT_APPLICABLE_PROJECT_SNAPSHOT_ARTIFACT,147735,9113032402b1ded82cc63ab5e6da8ccc23d91f1fe2686657bc1eb2e975fd0ba7,NOT_APPLICABLE_PROJECT_SNAPSHOT_ARTIFACT,NOT_APPLICABLE_PROJECT_SNAPSHOT_ARTIFACT,NOT_USED_FOR_IDENTITY,application/vnd.apache.parquet,412,1,16,26139b9344f456d74cbf31169787056b27d8b28e927225dad0799164f71fa278,NOT_APPLICABLE_LOCAL_PACKAGING,NOT_APPLICABLE_LOCAL_PACKAGING,NOT_APPLICABLE_LOCAL_PACKAGING,VERIFIED_SHA256
INV_e68482293b20fa7fe706d25f369d77fbe46a811eae4a2388be1fbd741b077e3d,SNAPSHOT_RAW_FILE,evidence,evidence_europepmc,raw/evidence/evidence_europepmc/part-00086-621a7bae-da68-4f0d-b14a-61d21b19204c-c000.snappy.parquet,NOT_APPLICABLE_PROJECT_SNAPSHOT_ARTIFACT,139109,7309c61a0c788a2d36dfbf888bc2e9673800ea8aeb7a5c65f12a00746a66dbad,NOT_APPLICABLE_PROJECT_SNAPSHOT_ARTIFACT,NOT_APPLICABLE_PROJECT_SNAPSHOT_ARTIFACT,NOT_USED_FOR_IDENTITY,application/vnd.apache.parquet,376,1,16,26139b9344f456d74cbf31169787056b27d8b28e927225dad0799164f71fa278,NOT_APPLICABLE_LOCAL_PACKAGING,NOT_APPLICABLE_LOCAL_PACKAGING,NOT_APPLICABLE_LOCAL_PACKAGING,VERIFIED_SHA256
INV_8ff23dac39a226e1a21c4222526f0726b930d4415b89f4965392583b4b535bc2,SNAPSHOT_RAW_FILE,evidence,evidence_europepmc,raw/evidence/evidence_europepmc/part-00087-621a7bae-da68-4f0d-b14a-61d21b19204c-c000.snappy.parquet,NOT_APPLICABLE_PROJECT_SNAPSHOT_ARTIFACT,221520,419955f80b9b1070c1451d7a9ad7b4dda89e06257489912fad20558f49f6199c,NOT_APPLICABLE_PROJECT_SNAPSHOT_ARTIFACT,NOT_APPLICABLE_PROJECT_SNAPSHOT_ARTIFACT,NOT_USED_FOR_IDENTITY,application/vnd.apache.parquet,637,1,16,26139b9344f456d74cbf31169787056b27d8b28e927225dad0799164f71fa278,NOT_APPLICABLE_LOCAL_PACKAGING,NOT_APPLICABLE_LOCAL_PACKAGING,NOT_APPLICABLE_LOCAL_PACKAGING,VERIFIED_SHA256
INV_5c91585c9fb114bdbdfe95e2638baf5a4c9f6336c35777cab385cf26874dd052,SNAPSHOT_RAW_FILE,evidence,evidence_europepmc,raw/evidence/evidence_europepmc/part-00088-621a7bae-da68-4f0d-b14a-61d21b19204c-c000.snappy.parquet,NOT_APPLICABLE_PROJECT_SNAPSHOT_ARTIFACT,173065,f89685d6b2b059cae7f793a79637df820230932adc14a3d56e2f3371ac7fc41b,NOT_APPLICABLE_PROJECT_SNAPSHOT_ARTIFACT,NOT_APPLICABLE_PROJECT_SNAPSHOT_ARTIFACT,NOT_USED_FOR_IDENTITY,application/vnd.apache.parquet,494,1,16,26139b9344f456d74cbf31169787056b27d8b28e927225dad0799164f71fa278,NOT_APPLICABLE_LOCAL_PACKAGING,NOT_APPLICABLE_LOCAL_PACKAGING,NOT_APPLICABLE_LOCAL_PACKAGING,VERIFIED_SHA256
INV_cc5eefd648dfa69cc83d6cc1e7e491dd346b896d20c2d6e64b9a5c7468fbb229,SNAPSHOT_RAW_FILE,evidence,evidence_europepmc,raw/evidence/evidence_europepmc/part-00089-621a7bae-da68-4f0d-b14a-61d21b19204c-c000.snappy.parquet,NOT_APPLICABLE_PROJECT_SNAPSHOT_ARTIFACT,247049,d034cf733652a1314dfa80468ea3f91c97abe298f348b52bc781541e1683c8a3,NOT_APPLICABLE_PROJECT_SNAPSHOT_ARTIFACT,NOT_APPLICABLE_PROJECT_SNAPSHOT_ARTIFACT,NOT_USED_FOR_IDENTITY,application/vnd.apache.parquet,754,1,16,26139b9344f456d74cbf31169787056b27d8b28e927225dad0799164f71fa278,NOT_APPLICABLE_LOCAL_PACKAGING,NOT_APPLICABLE_LOCAL_PACKAGING,NOT_APPLICABLE_LOCAL_PACKAGING,VERIFIED_SHA256
INV_137f5a6638b21243ac3bb78768a556bb41317ea52696ab04c184926b6e5f5e26,SNAPSHOT_RAW_FILE,evidence,evidence_europepmc,raw/evidence/evidence_europepmc/part-00090-621a7bae-da68-4f0d-b14a-61d21b19204c-c000.snappy.parquet,NOT_APPLICABLE_PROJECT_SNAPSHOT_ARTIFACT,149907,07e0849758c1b04d09c23123f9a64f2dcb08d927b51c42a0d0caf156984293d4,NOT_APPLICABLE_PROJECT_SNAPSHOT_ARTIFACT,NOT_APPLICABLE_PROJECT_SNAPSHOT_ARTIFACT,NOT_USED_FOR_IDENTITY,application/vnd.apache.parquet,400,1,16,26139b9344f456d74cbf31169787056b27d8b28e927225dad0799164f71fa278,NOT_APPLICABLE_LOCAL_PACKAGING,NOT_APPLICABLE_LOCAL_PACKAGING,NOT_APPLICABLE_LOCAL_PACKAGING,VERIFIED_SHA256
INV_6c379c7a0427f0cb898fa5e55a47ea2e9671ddb03a1bc85a31c05b314b51547c,SNAPSHOT_RAW_FILE,evidence,evidence_europepmc,raw/evidence/evidence_europepmc/part-00091-621a7bae-da68-4f0d-b14a-61d21b19204c-c000.snappy.parquet,NOT_APPLICABLE_PROJECT_SNAPSHOT_ARTIFACT,176182,d547af4cfb7a6aaa79ae9adba50725ef16a1698874476a210991bdb2db908037,NOT_APPLICABLE_PROJECT_SNAPSHOT_ARTIFACT,NOT_APPLICABLE_PROJECT_SNAPSHOT_ARTIFACT,NOT_USED_FOR_IDENTITY,application/vnd.apache.parquet,517,1,16,26139b9344f456d74cbf31169787056b27d8b28e927225dad0799164f71fa278,NOT_APPLICABLE_LOCAL_PACKAGING,NOT_APPLICABLE_LOCAL_PACKAGING,NOT_APPLICABLE_LOCAL_PACKAGING,VERIFIED_SHA256
INV_ddab9e529b8bdf471958e17ad33351c2653a5a1a6a79b44a8546271f5ab2751d,SNAPSHOT_RAW_FILE,evidence,evidence_europepmc,raw/evidence/evidence_europepmc/part-00092-621a7bae-da68-4f0d-b14a-61d21b19204c-c000.snappy.parquet,NOT_APPLICABLE_PROJECT_SNAPSHOT_ARTIFACT,207803,07f6fca4583f13012ec0c79b493c98db634a071a9a26f10019f51714c4ff8856,NOT_APPLICABLE_PROJECT_SNAPSHOT_ARTIFACT,NOT_APPLICABLE_PROJECT_SNAPSHOT_ARTIFACT,NOT_USED_FOR_IDENTITY,application/vnd.apache.parquet,623,1,16,26139b9344f456d74cbf31169787056b27d8b28e927225dad0799164f71fa278,NOT_APPLICABLE_LOCAL_PACKAGING,NOT_APPLICABLE_LOCAL_PACKAGING,NOT_APPLICABLE_LOCAL_PACKAGING,VERIFIED_SHA256
INV_94347c20da9c11915ccd2c574ead992adbfe4af84a75afc8401aee6e152a0c7f,SNAPSHOT_RAW_FILE,evidence,evidence_europepmc,raw/evidence/evidence_europepmc/part-00093-621a7bae-da68-4f0d-b14a-61d21b19204c-c000.snappy.parquet,NOT_APPLICABLE_PROJECT_SNAPSHOT_ARTIFACT,186945,0d729ecdf845cc66a38b6bfdaefdd976fca8247f995387e3a046b44249605cd4,NOT_APPLICABLE_PROJECT_SNAPSHOT_ARTIFACT,NOT_APPLICABLE_PROJECT_SNAPSHOT_ARTIFACT,NOT_USED_FOR_IDENTITY,application/vnd.apache.parquet,508,1,16,26139b9344f456d74cbf31169787056b27d8b28e927225dad0799164f71fa278,NOT_APPLICABLE_LOCAL_PACKAGING,NOT_APPLICABLE_LOCAL_PACKAGING,NOT_APPLICABLE_LOCAL_PACKAGING,VERIFIED_SHA256
INV_a84cecd71fe61d9083a8c503e3b086d000fd3545aa6603a2fab2f7a140c5479f,SNAPSHOT_RAW_FILE,evidence,evidence_europepmc,raw/evidence/evidence_europepmc/part-00094-621a7bae-da68-4f0d-b14a-61d21b19204c-c000.snappy.parquet,NOT_APPLICABLE_PROJECT_SNAPSHOT_ARTIFACT,194701,b2ee03d791cc0b36552bbdf68dcfe9fe9a4c04142c396fa1c6c1c860500f2003,NOT_APPLICABLE_PROJECT_SNAPSHOT_ARTIFACT,NOT_APPLICABLE_PROJECT_SNAPSHOT_ARTIFACT,NOT_USED_FOR_IDENTITY,application/vnd.apache.parquet,571,1,16,26139b9344f456d74cbf31169787056b27d8b28e927225dad0799164f71fa278,NOT_APPLICABLE_LOCAL_PACKAGING,NOT_APPLICABLE_LOCAL_PACKAGING,NOT_APPLICABLE_LOCAL_PACKAGING,VERIFIED_SHA256
INV_ef86e72ddd796b68973efe5a5ed71fe93783514df0aae0f64606a1c126576769,SNAPSHOT_RAW_FILE,evidence,evidence_europepmc,raw/evidence/evidence_europepmc/part-00095-621a7bae-da68-4f0d-b14a-61d21b19204c-c000.snappy.parquet,NOT_APPLICABLE_PROJECT_SNAPSHOT_ARTIFACT,201788,8323ea3d7a3e9630200516bc2a937494c66c0a26822a79088c077dc7f14c0478,NOT_APPLICABLE_PROJECT_SNAPSHOT_ARTIFACT,NOT_APPLICABLE_PROJECT_SNAPSHOT_ARTIFACT,NOT_USED_FOR_IDENTITY,application/vnd.apache.parquet,599,1,16,26139b9344f456d74cbf31169787056b27d8b28e927225dad0799164f71fa278,NOT_APPLICABLE_LOCAL_PACKAGING,NOT_APPLICABLE_LOCAL_PACKAGING,NOT_APPLICABLE_LOCAL_PACKAGING,VERIFIED_SHA256
INV_5ab8323bc89f32a447539eb6b2d31206449e7e2c4a47f46295195ed5037ca7e0,SNAPSHOT_RAW_FILE,evidence,evidence_europepmc,raw/evidence/evidence_europepmc/part-00096-621a7bae-da68-4f0d-b14a-61d21b19204c-c000.snappy.parquet,NOT_APPLICABLE_PROJECT_SNAPSHOT_ARTIFACT,69797,b59ce0ffc21d365e156d435e02dd91b47beb98cbb59f3fed8024a735f7e1f6c6,NOT_APPLICABLE_PROJECT_SNAPSHOT_ARTIFACT,NOT_APPLICABLE_PROJECT_SNAPSHOT_ARTIFACT,NOT_USED_FOR_IDENTITY,application/vnd.apache.parquet,140,1,16,26139b9344f456d74cbf31169787056b27d8b28e927225dad0799164f71fa278,NOT_APPLICABLE_LOCAL_PACKAGING,NOT_APPLICABLE_LOCAL_PACKAGING,NOT_APPLICABLE_LOCAL_PACKAGING,VERIFIED_SHA256
INV_7d65ed2b4a3da8865032b5ca11b19e3020eff5f5deba8558efbba8388980b914,SNAPSHOT_RAW_FILE,evidence,evidence_europepmc,raw/evidence/evidence_europepmc/part-00097-621a7bae-da68-4f0d-b14a-61d21b19204c-c000.snappy.parquet,NOT_APPLICABLE_PROJECT_SNAPSHOT_ARTIFACT,243963,66422bf4d04c41478bfee5cd0cf23ad8824322f202f46fbe4a2368623c05a3e3,NOT_APPLICABLE_PROJECT_SNAPSHOT_ARTIFACT,NOT_APPLICABLE_PROJECT_SNAPSHOT_ARTIFACT,NOT_USED_FOR_IDENTITY,application/vnd.apache.parquet,734,1,16,26139b9344f456d74cbf31169787056b27d8b28e927225dad0799164f71fa278,NOT_APPLICABLE_LOCAL_PACKAGING,NOT_APPLICABLE_LOCAL_PACKAGING,NOT_APPLICABLE_LOCAL_PACKAGING,VERIFIED_SHA256
INV_3af49b53d99e70b209c09633249d83916fc7fa76ddf827ac40d0aa646c8f6f67,SNAPSHOT_RAW_FILE,evidence,evidence_europepmc,raw/evidence/evidence_europepmc/part-00098-621a7bae-da68-4f0d-b14a-61d21b19204c-c000.snappy.parquet,NOT_APPLICABLE_PROJECT_SNAPSHOT_ARTIFACT,184241,fee211fbb526bd2c0f132bcb8f3479e7957f82839bdba8999c4c4c312abd6020,NOT_APPLICABLE_PROJECT_SNAPSHOT_ARTIFACT,NOT_APPLICABLE_PROJECT_SNAPSHOT_ARTIFACT,NOT_USED_FOR_IDENTITY,application/vnd.apache.parquet,536,1,16,26139b9344f456d74cbf31169787056b27d8b28e927225dad0799164f71fa278,NOT_APPLICABLE_LOCAL_PACKAGING,NOT_APPLICABLE_LOCAL_PACKAGING,NOT_APPLICABLE_LOCAL_PACKAGING,VERIFIED_SHA256
INV_dba7eea523518dbb293e67c1038404209c22ad0c94426c55d141877fd65d9b72,SNAPSHOT_RAW_FILE,evidence,evidence_europepmc,raw/evidence/evidence_europepmc/part-00099-621a7bae-da68-4f0d-b14a-61d21b19204c-c000.snappy.parquet,NOT_APPLICABLE_PROJECT_SNAPSHOT_ARTIFACT,141702,d65a2f930b4b2dcdbeeb3f1fd3d28b8ae04f246d76921b236592434dcdf07283,NOT_APPLICABLE_PROJECT_SNAPSHOT_ARTIFACT,NOT_APPLICABLE_PROJECT_SNAPSHOT_ARTIFACT,NOT_USED_FOR_IDENTITY,application/vnd.apache.parquet,405,1,16,26139b9344f456d74cbf31169787056b27d8b28e927225dad0799164f71fa278,NOT_APPLICABLE_LOCAL_PACKAGING,NOT_APPLICABLE_LOCAL_PACKAGING,NOT_APPLICABLE_LOCAL_PACKAGING,VERIFIED_SHA256
INV_4705b4cbcb5fd8a49b741b17bbe9d25b575beee21472d03ee1dd4922f52ea2c7,SNAPSHOT_RAW_FILE,evidence,evidence_europepmc,raw/evidence/evidence_europepmc/part-00100-621a7bae-da68-4f0d-b14a-61d21b19204c-c000.snappy.parquet,NOT_APPLICABLE_PROJECT_SNAPSHOT_ARTIFACT,211995,d2e8f46ae6852a27e261621ffe6deb66cbbb312b37423117b0c8bd5a83c764e4,NOT_APPLICABLE_PROJECT_SNAPSHOT_ARTIFACT,NOT_APPLICABLE_PROJECT_SNAPSHOT_ARTIFACT,NOT_USED_FOR_IDENTITY,application/vnd.apache.parquet,599,1,16,26139b9344f456d74cbf31169787056b27d8b28e927225dad0799164f71fa278,NOT_APPLICABLE_LOCAL_PACKAGING,NOT_APPLICABLE_LOCAL_PACKAGING,NOT_APPLICABLE_LOCAL_PACKAGING,VERIFIED_SHA256
INV_3251a92ff473e223c683a72adfded6068a5e63a5dc2020c5aa82acfa9fd10890,SNAPSHOT_RAW_FILE,evidence,evidence_europepmc,raw/evidence/evidence_europepmc/part-00101-621a7bae-da68-4f0d-b14a-61d21b19204c-c000.snappy.parquet,NOT_APPLICABLE_PROJECT_SNAPSHOT_ARTIFACT,169549,206f7d9b772e5647e81db6b9c0d2f9b6670be0049d0c97cfefc0265f3038fdb1,NOT_APPLICABLE_PROJECT_SNAPSHOT_ARTIFACT,NOT_APPLICABLE_PROJECT_SNAPSHOT_ARTIFACT,NOT_USED_FOR_IDENTITY,application/vnd.apache.parquet,493,1,16,26139b9344f456d74cbf31169787056b27d8b28e927225dad0799164f71fa278,NOT_APPLICABLE_LOCAL_PACKAGING,NOT_APPLICABLE_LOCAL_PACKAGING,NOT_APPLICABLE_LOCAL_PACKAGING,VERIFIED_SHA256
INV_8c2836306712f8197094f435e0373cae623f1226d6b055cae0e9cc6c39fafe7d,SNAPSHOT_RAW_FILE,evidence,evidence_europepmc,raw/evidence/evidence_europepmc/part-00102-621a7bae-da68-4f0d-b14a-61d21b19204c-c000.snappy.parquet,NOT_APPLICABLE_PROJECT_SNAPSHOT_ARTIFACT,207290,913609efc00fb430f7cafd722f4e901e87373c9426483e41403f4a8ddd1a7558,NOT_APPLICABLE_PROJECT_SNAPSHOT_ARTIFACT,NOT_APPLICABLE_PROJECT_SNAPSHOT_ARTIFACT,NOT_USED_FOR_IDENTITY,application/vnd.apache.parquet,602,1,16,26139b9344f456d74cbf31169787056b27d8b28e927225dad0799164f71fa278,NOT_APPLICABLE_LOCAL_PACKAGING,NOT_APPLICABLE_LOCAL_PACKAGING,NOT_APPLICABLE_LOCAL_PACKAGING,VERIFIED_SHA256
INV_906346c72aa8a76ba0b105e547002cb9effddafaa6af408255da66fa684e5119,SNAPSHOT_RAW_FILE,evidence,evidence_europepmc,raw/evidence/evidence_europepmc/part-00103-621a7bae-da68-4f0d-b14a-61d21b19204c-c000.snappy.parquet,NOT_APPLICABLE_PROJECT_SNAPSHOT_ARTIFACT,199183,af078ccd27f66b59f3ec5be0f34586fff88e0125505374d639ed816486b44648,NOT_APPLICABLE_PROJECT_SNAPSHOT_ARTIFACT,NOT_APPLICABLE_PROJECT_SNAPSHOT_ARTIFACT,NOT_USED_FOR_IDENTITY,application/vnd.apache.parquet,593,1,16,26139b9344f456d74cbf31169787056b27d8b28e927225dad0799164f71fa278,NOT_APPLICABLE_LOCAL_PACKAGING,NOT_APPLICABLE_LOCAL_PACKAGING,NOT_APPLICABLE_LOCAL_PACKAGING,VERIFIED_SHA256
INV_ff6ca93d195b8369b3a1244ad2116a8ad55a80a7696e45153fc60c8b5d429d02,SNAPSHOT_RAW_FILE,evidence,evidence_europepmc,raw/evidence/evidence_europepmc/part-00104-621a7bae-da68-4f0d-b14a-61d21b19204c-c000.snappy.parquet,NOT_APPLICABLE_PROJECT_SNAPSHOT_ARTIFACT,252917,ce0def238906efc273a1fdbb62217f9d6dc11066e2f951a59a2eafa6fdb8c34c,NOT_APPLICABLE_PROJECT_SNAPSHOT_ARTIFACT,NOT_APPLICABLE_PROJECT_SNAPSHOT_ARTIFACT,NOT_USED_FOR_IDENTITY,application/vnd.apache.parquet,758,1,16,26139b9344f456d74cbf31169787056b27d8b28e927225dad0799164f71fa278,NOT_APPLICABLE_LOCAL_PACKAGING,NOT_APPLICABLE_LOCAL_PACKAGING,NOT_APPLICABLE_LOCAL_PACKAGING,VERIFIED_SHA256
INV_da3959a1a50e328a080c28ed58e557cd8b9debbcee5b633651354c741ba19e89,SNAPSHOT_RAW_FILE,evidence,evidence_europepmc,raw/evidence/evidence_europepmc/part-00105-621a7bae-da68-4f0d-b14a-61d21b19204c-c000.snappy.parquet,NOT_APPLICABLE_PROJECT_SNAPSHOT_ARTIFACT,250627,d1956568ce4b6ad40daaa0f3dd72fa5a9675394e59395046ed37297164e379cf,NOT_APPLICABLE_PROJECT_SNAPSHOT_ARTIFACT,NOT_APPLICABLE_PROJECT_SNAPSHOT_ARTIFACT,NOT_USED_FOR_IDENTITY,application/vnd.apache.parquet,775,1,16,26139b9344f456d74cbf31169787056b27d8b28e927225dad0799164f71fa278,NOT_APPLICABLE_LOCAL_PACKAGING,NOT_APPLICABLE_LOCAL_PACKAGING,NOT_APPLICABLE_LOCAL_PACKAGING,VERIFIED_SHA256
INV_e17b59fe00ee0bc52ed9d2dcae45b3520ea874df861d04c3e25b1bd6d2f1a14a,SNAPSHOT_RAW_FILE,evidence,evidence_europepmc,raw/evidence/evidence_europepmc/part-00106-621a7bae-da68-4f0d-b14a-61d21b19204c-c000.snappy.parquet,NOT_APPLICABLE_PROJECT_SNAPSHOT_ARTIFACT,202187,ab1b493813de3bd5f3805df5bfbfe1381589eee803c7da3a6fc916bc726530d8,NOT_APPLICABLE_PROJECT_SNAPSHOT_ARTIFACT,NOT_APPLICABLE_PROJECT_SNAPSHOT_ARTIFACT,NOT_USED_FOR_IDENTITY,application/vnd.apache.parquet,591,1,16,26139b9344f456d74cbf31169787056b27d8b28e927225dad0799164f71fa278,NOT_APPLICABLE_LOCAL_PACKAGING,NOT_APPLICABLE_LOCAL_PACKAGING,NOT_APPLICABLE_LOCAL_PACKAGING,VERIFIED_SHA256
INV_2f92321363854040d4c50058e8ab305ca176a1f60099a1369f72824b8e8fe4f6,SNAPSHOT_RAW_FILE,evidence,evidence_europepmc,raw/evidence/evidence_europepmc/part-00107-621a7bae-da68-4f0d-b14a-61d21b19204c-c000.snappy.parquet,NOT_APPLICABLE_PROJECT_SNAPSHOT_ARTIFACT,76184,50bf7e3e59aa77e9a09ae9c3db2fafd1174724f319cebad9242c8b692366e7de,NOT_APPLICABLE_PROJECT_SNAPSHOT_ARTIFACT,NOT_APPLICABLE_PROJECT_SNAPSHOT_ARTIFACT,NOT_USED_FOR_IDENTITY,application/vnd.apache.parquet,201,1,16,26139b9344f456d74cbf31169787056b27d8b28e927225dad0799164f71fa278,NOT_APPLICABLE_LOCAL_PACKAGING,NOT_APPLICABLE_LOCAL_PACKAGING,NOT_APPLICABLE_LOCAL_PACKAGING,VERIFIED_SHA256
INV_cb597cc950956cc9f78af3c7c89fddf3e00d5a881172ca04a5c9ebfc322b732b,SNAPSHOT_RAW_FILE,evidence,evidence_europepmc,raw/evidence/evidence_europepmc/part-00108-621a7bae-da68-4f0d-b14a-61d21b19204c-c000.snappy.parquet,NOT_APPLICABLE_PROJECT_SNAPSHOT_ARTIFACT,223914,2e548a37b15f7c0fe046f0d2d6d6f19bca2b978a51b73dad5b1bb3c6b94d42f5,NOT_APPLICABLE_PROJECT_SNAPSHOT_ARTIFACT,NOT_APPLICABLE_PROJECT_SNAPSHOT_ARTIFACT,NOT_USED_FOR_IDENTITY,application/vnd.apache.parquet,641,1,16,26139b9344f456d74cbf31169787056b27d8b28e927225dad0799164f71fa278,NOT_APPLICABLE_LOCAL_PACKAGING,NOT_APPLICABLE_LOCAL_PACKAGING,NOT_APPLICABLE_LOCAL_PACKAGING,VERIFIED_SHA256
INV_2ebab5a770e07b07a9cb08656dbaea62a9bed9ce9190c58f268be238eca01943,SNAPSHOT_RAW_FILE,evidence,evidence_europepmc,raw/evidence/evidence_europepmc/part-00109-621a7bae-da68-4f0d-b14a-61d21b19204c-c000.snappy.parquet,NOT_APPLICABLE_PROJECT_SNAPSHOT_ARTIFACT,194016,b046d6bb1c3dd4423bb49efdd32a95ddb79540b3be7bbaed1023deaf65bc971c,NOT_APPLICABLE_PROJECT_SNAPSHOT_ARTIFACT,NOT_APPLICABLE_PROJECT_SNAPSHOT_ARTIFACT,NOT_USED_FOR_IDENTITY,application/vnd.apache.parquet,542,1,16,26139b9344f456d74cbf31169787056b27d8b28e927225dad0799164f71fa278,NOT_APPLICABLE_LOCAL_PACKAGING,NOT_APPLICABLE_LOCAL_PACKAGING,NOT_APPLICABLE_LOCAL_PACKAGING,VERIFIED_SHA256
INV_16e6d27e3fcd845ea0bfeef819507b540d4fd516dc413d3562b788b6d9d23f1a,SNAPSHOT_RAW_FILE,evidence,evidence_europepmc,raw/evidence/evidence_europepmc/part-00110-621a7bae-da68-4f0d-b14a-61d21b19204c-c000.snappy.parquet,NOT_APPLICABLE_PROJECT_SNAPSHOT_ARTIFACT,224969,5fcbcaf3ce65bfaf44483f5cebaa48b54f9c1f44c6add4b06f5115fa4db0ac42,NOT_APPLICABLE_PROJECT_SNAPSHOT_ARTIFACT,NOT_APPLICABLE_PROJECT_SNAPSHOT_ARTIFACT,NOT_USED_FOR_IDENTITY,application/vnd.apache.parquet,654,1,16,26139b9344f456d74cbf31169787056b27d8b28e927225dad0799164f71fa278,NOT_APPLICABLE_LOCAL_PACKAGING,NOT_APPLICABLE_LOCAL_PACKAGING,NOT_APPLICABLE_LOCAL_PACKAGING,VERIFIED_SHA256
INV_4b79537cc8da897688718403b65ee8909a616a1b4063a90d094032fc8f35c186,SNAPSHOT_RAW_FILE,evidence,evidence_europepmc,raw/evidence/evidence_europepmc/part-00111-621a7bae-da68-4f0d-b14a-61d21b19204c-c000.snappy.parquet,NOT_APPLICABLE_PROJECT_SNAPSHOT_ARTIFACT,209026,9868ece056944dbb38bf3eb3161a04dfc73bc8c05d3a2a9b8477123a633cb6eb,NOT_APPLICABLE_PROJECT_SNAPSHOT_ARTIFACT,NOT_APPLICABLE_PROJECT_SNAPSHOT_ARTIFACT,NOT_USED_FOR_IDENTITY,application/vnd.apache.parquet,624,1,16,26139b9344f456d74cbf31169787056b27d8b28e927225dad0799164f71fa278,NOT_APPLICABLE_LOCAL_PACKAGING,NOT_APPLICABLE_LOCAL_PACKAGING,NOT_APPLICABLE_LOCAL_PACKAGING,VERIFIED_SHA256
INV_7795cb5370c24afc1a512feb59acfcbd650eb76d90192c6f8d9bf225fed685cb,SNAPSHOT_RAW_FILE,evidence,evidence_europepmc,raw/evidence/evidence_europepmc/part-00112-621a7bae-da68-4f0d-b14a-61d21b19204c-c000.snappy.parquet,NOT_APPLICABLE_PROJECT_SNAPSHOT_ARTIFACT,192681,63783c8c26173824e95f1a0710eeaec38c5f76cac83ffe03756c1c6e19d9bb4c,NOT_APPLICABLE_PROJECT_SNAPSHOT_ARTIFACT,NOT_APPLICABLE_PROJECT_SNAPSHOT_ARTIFACT,NOT_USED_FOR_IDENTITY,application/vnd.apache.parquet,538,1,16,26139b9344f456d74cbf31169787056b27d8b28e927225dad0799164f71fa278,NOT_APPLICABLE_LOCAL_PACKAGING,NOT_APPLICABLE_LOCAL_PACKAGING,NOT_APPLICABLE_LOCAL_PACKAGING,VERIFIED_SHA256
INV_1c2961d28ad076de33db6a84943cc8ef5ecaae53795bd0625a9ed15867a5dee8,SNAPSHOT_RAW_FILE,evidence,evidence_europepmc,raw/evidence/evidence_europepmc/part-00113-621a7bae-da68-4f0d-b14a-61d21b19204c-c000.snappy.parquet,NOT_APPLICABLE_PROJECT_SNAPSHOT_ARTIFACT,208428,7a2409c94ef783de7b492a901864b41397600877fdc0f7c2acd829eb43e650e8,NOT_APPLICABLE_PROJECT_SNAPSHOT_ARTIFACT,NOT_APPLICABLE_PROJECT_SNAPSHOT_ARTIFACT,NOT_USED_FOR_IDENTITY,application/vnd.apache.parquet,622,1,16,26139b9344f456d74cbf31169787056b27d8b28e927225dad0799164f71fa278,NOT_APPLICABLE_LOCAL_PACKAGING,NOT_APPLICABLE_LOCAL_PACKAGING,NOT_APPLICABLE_LOCAL_PACKAGING,VERIFIED_SHA256
INV_6700f40b0c86dc127a13803042c867054c2bdc109d0e32d47187008d8e19c6b9,SNAPSHOT_RAW_FILE,evidence,evidence_europepmc,raw/evidence/evidence_europepmc/part-00114-621a7bae-da68-4f0d-b14a-61d21b19204c-c000.snappy.parquet,NOT_APPLICABLE_PROJECT_SNAPSHOT_ARTIFACT,140090,d048558aae3f104f5c43f5a02cbfb0d6c0c54e35d86641be9bbeec71edbc88a9,NOT_APPLICABLE_PROJECT_SNAPSHOT_ARTIFACT,NOT_APPLICABLE_PROJECT_SNAPSHOT_ARTIFACT,NOT_USED_FOR_IDENTITY,application/vnd.apache.parquet,383,1,16,26139b9344f456d74cbf31169787056b27d8b28e927225dad0799164f71fa278,NOT_APPLICABLE_LOCAL_PACKAGING,NOT_APPLICABLE_LOCAL_PACKAGING,NOT_APPLICABLE_LOCAL_PACKAGING,VERIFIED_SHA256
INV_66c0975e19ecc0800dd697b60980bd3a9f869cff6fa14618eb83798df4843049,SNAPSHOT_RAW_FILE,evidence,evidence_europepmc,raw/evidence/evidence_europepmc/part-00115-621a7bae-da68-4f0d-b14a-61d21b19204c-c000.snappy.parquet,NOT_APPLICABLE_PROJECT_SNAPSHOT_ARTIFACT,184991,5b6d1575ce85ebea0669319faf447b01b6eb8bd2683e16c0ed8eed3486699dd5,NOT_APPLICABLE_PROJECT_SNAPSHOT_ARTIFACT,NOT_APPLICABLE_PROJECT_SNAPSHOT_ARTIFACT,NOT_USED_FOR_IDENTITY,application/vnd.apache.parquet,531,1,16,26139b9344f456d74cbf31169787056b27d8b28e927225dad0799164f71fa278,NOT_APPLICABLE_LOCAL_PACKAGING,NOT_APPLICABLE_LOCAL_PACKAGING,NOT_APPLICABLE_LOCAL_PACKAGING,VERIFIED_SHA256
INV_f5e6e8bb95f59aa5d22163487d2b77f9e9a4293dcde53520f31aba2e5ddb0fb2,SNAPSHOT_RAW_FILE,evidence,evidence_europepmc,raw/evidence/evidence_europepmc/part-00116-621a7bae-da68-4f0d-b14a-61d21b19204c-c000.snappy.parquet,NOT_APPLICABLE_PROJECT_SNAPSHOT_ARTIFACT,208296,5f9ab055d933308e385f96cba972f081a3f818d00c1c2e545bc521731b5cb255,NOT_APPLICABLE_PROJECT_SNAPSHOT_ARTIFACT,NOT_APPLICABLE_PROJECT_SNAPSHOT_ARTIFACT,NOT_USED_FOR_IDENTITY,application/vnd.apache.parquet,627,1,16,26139b9344f456d74cbf31169787056b27d8b28e927225dad0799164f71fa278,NOT_APPLICABLE_LOCAL_PACKAGING,NOT_APPLICABLE_LOCAL_PACKAGING,NOT_APPLICABLE_LOCAL_PACKAGING,VERIFIED_SHA256
INV_38331c4f06ee76c6d4f026585ef33694a66518847b1482b77df769db9cdc05a5,SNAPSHOT_RAW_FILE,evidence,evidence_europepmc,raw/evidence/evidence_europepmc/part-00117-621a7bae-da68-4f0d-b14a-61d21b19204c-c000.snappy.parquet,NOT_APPLICABLE_PROJECT_SNAPSHOT_ARTIFACT,85414,40e4197a99ef974192c17fe429888fb62cec6b2e21132afa76a1c0e337d5bee2,NOT_APPLICABLE_PROJECT_SNAPSHOT_ARTIFACT,NOT_APPLICABLE_PROJECT_SNAPSHOT_ARTIFACT,NOT_USED_FOR_IDENTITY,application/vnd.apache.parquet,206,1,16,26139b9344f456d74cbf31169787056b27d8b28e927225dad0799164f71fa278,NOT_APPLICABLE_LOCAL_PACKAGING,NOT_APPLICABLE_LOCAL_PACKAGING,NOT_APPLICABLE_LOCAL_PACKAGING,VERIFIED_SHA256
INV_864df1f5f692768c7b25f134c860fe6d074b1b1f891755a1b1a6c2d5583fc334,SNAPSHOT_RAW_FILE,evidence,evidence_europepmc,raw/evidence/evidence_europepmc/part-00118-621a7bae-da68-4f0d-b14a-61d21b19204c-c000.snappy.parquet,NOT_APPLICABLE_PROJECT_SNAPSHOT_ARTIFACT,203036,bb82118ce1d51d65fb9f0dfd49b7a3807d37bfc9dcec71a90d9021abd357e276,NOT_APPLICABLE_PROJECT_SNAPSHOT_ARTIFACT,NOT_APPLICABLE_PROJECT_SNAPSHOT_ARTIFACT,NOT_USED_FOR_IDENTITY,application/vnd.apache.parquet,603,1,16,26139b9344f456d74cbf31169787056b27d8b28e927225dad0799164f71fa278,NOT_APPLICABLE_LOCAL_PACKAGING,NOT_APPLICABLE_LOCAL_PACKAGING,NOT_APPLICABLE_LOCAL_PACKAGING,VERIFIED_SHA256
INV_4ce87547efbb9e32d5cbf7b86b96cfd88091e08fbe6851677bb3df7d38bd7185,SNAPSHOT_RAW_FILE,evidence,evidence_europepmc,raw/evidence/evidence_europepmc/part-00119-621a7bae-da68-4f0d-b14a-61d21b19204c-c000.snappy.parquet,NOT_APPLICABLE_PROJECT_SNAPSHOT_ARTIFACT,212343,138cd193c5033fb35aa0016341aa9481de9f29e7cc38800d26fad811390e0a24,NOT_APPLICABLE_PROJECT_SNAPSHOT_ARTIFACT,NOT_APPLICABLE_PROJECT_SNAPSHOT_ARTIFACT,NOT_USED_FOR_IDENTITY,application/vnd.apache.parquet,618,1,16,26139b9344f456d74cbf31169787056b27d8b28e927225dad0799164f71fa278,NOT_APPLICABLE_LOCAL_PACKAGING,NOT_APPLICABLE_LOCAL_PACKAGING,NOT_APPLICABLE_LOCAL_PACKAGING,VERIFIED_SHA256
INV_34ca95bbbc133285b7498788a9aa26dc0a883388bf32add7a48ad8e36492e153,SNAPSHOT_RAW_FILE,evidence,evidence_europepmc,raw/evidence/evidence_europepmc/part-00120-621a7bae-da68-4f0d-b14a-61d21b19204c-c000.snappy.parquet,NOT_APPLICABLE_PROJECT_SNAPSHOT_ARTIFACT,163417,60878b6fd3ed40239d1e97f8433a8690027ffd3caf08b74247bc5db72d4ab2e0,NOT_APPLICABLE_PROJECT_SNAPSHOT_ARTIFACT,NOT_APPLICABLE_PROJECT_SNAPSHOT_ARTIFACT,NOT_USED_FOR_IDENTITY,application/vnd.apache.parquet,449,1,16,26139b9344f456d74cbf31169787056b27d8b28e927225dad0799164f71fa278,NOT_APPLICABLE_LOCAL_PACKAGING,NOT_APPLICABLE_LOCAL_PACKAGING,NOT_APPLICABLE_LOCAL_PACKAGING,VERIFIED_SHA256
INV_e50ff311de6d10f4ea66d293ceda13cf75596d93ab41aa982f6459301548d19e,SNAPSHOT_RAW_FILE,evidence,evidence_europepmc,raw/evidence/evidence_europepmc/part-00121-621a7bae-da68-4f0d-b14a-61d21b19204c-c000.snappy.parquet,NOT_APPLICABLE_PROJECT_SNAPSHOT_ARTIFACT,138334,dadda39e0dbb8a35a949ff560bf84f32752456b69b7196c098728124b600b92f,NOT_APPLICABLE_PROJECT_SNAPSHOT_ARTIFACT,NOT_APPLICABLE_PROJECT_SNAPSHOT_ARTIFACT,NOT_USED_FOR_IDENTITY,application/vnd.apache.parquet,397,1,16,26139b9344f456d74cbf31169787056b27d8b28e927225dad0799164f71fa278,NOT_APPLICABLE_LOCAL_PACKAGING,NOT_APPLICABLE_LOCAL_PACKAGING,NOT_APPLICABLE_LOCAL_PACKAGING,VERIFIED_SHA256
INV_ebd532fa5dff4bda3f3350b693107a939b8d849049f6e582f8b340d7aeaf7030,SNAPSHOT_RAW_FILE,evidence,evidence_europepmc,raw/evidence/evidence_europepmc/part-00122-621a7bae-da68-4f0d-b14a-61d21b19204c-c000.snappy.parquet,NOT_APPLICABLE_PROJECT_SNAPSHOT_ARTIFACT,210919,8443410fcce7af087c723d6af7e354b6ca4c172db2892c538880ee88c16931f2,NOT_APPLICABLE_PROJECT_SNAPSHOT_ARTIFACT,NOT_APPLICABLE_PROJECT_SNAPSHOT_ARTIFACT,NOT_USED_FOR_IDENTITY,application/vnd.apache.parquet,647,1,16,26139b9344f456d74cbf31169787056b27d8b28e927225dad0799164f71fa278,NOT_APPLICABLE_LOCAL_PACKAGING,NOT_APPLICABLE_LOCAL_PACKAGING,NOT_APPLICABLE_LOCAL_PACKAGING,VERIFIED_SHA256
INV_58c6aa7331faf4e594bb5ad5b112fc21346d19126e2fd50644d13cb16108af8b,SNAPSHOT_RAW_FILE,evidence,evidence_europepmc,raw/evidence/evidence_europepmc/part-00123-621a7bae-da68-4f0d-b14a-61d21b19204c-c000.snappy.parquet,NOT_APPLICABLE_PROJECT_SNAPSHOT_ARTIFACT,158460,b85898b512869e5fdd9c7ab7e5557aa6d5b91e9217fd5746bb0a85456a7c7643,NOT_APPLICABLE_PROJECT_SNAPSHOT_ARTIFACT,NOT_APPLICABLE_PROJECT_SNAPSHOT_ARTIFACT,NOT_USED_FOR_IDENTITY,application/vnd.apache.parquet,430,1,16,26139b9344f456d74cbf31169787056b27d8b28e927225dad0799164f71fa278,NOT_APPLICABLE_LOCAL_PACKAGING,NOT_APPLICABLE_LOCAL_PACKAGING,NOT_APPLICABLE_LOCAL_PACKAGING,VERIFIED_SHA256
INV_9f113ab71a25b7ba2c9c227430896b5ceb307ffbe39a6152d041cd85cffac222,SNAPSHOT_RAW_FILE,evidence,evidence_europepmc,raw/evidence/evidence_europepmc/part-00124-621a7bae-da68-4f0d-b14a-61d21b19204c-c000.snappy.parquet,NOT_APPLICABLE_PROJECT_SNAPSHOT_ARTIFACT,245483,f7198159cf671a63aa858103a6ab68614d0116d78d7e7f2cc79886f66c257ca5,NOT_APPLICABLE_PROJECT_SNAPSHOT_ARTIFACT,NOT_APPLICABLE_PROJECT_SNAPSHOT_ARTIFACT,NOT_USED_FOR_IDENTITY,application/vnd.apache.parquet,736,1,16,26139b9344f456d74cbf31169787056b27d8b28e927225dad0799164f71fa278,NOT_APPLICABLE_LOCAL_PACKAGING,NOT_APPLICABLE_LOCAL_PACKAGING,NOT_APPLICABLE_LOCAL_PACKAGING,VERIFIED_SHA256
INV_6f111f2802bf60a11c5f3c6b0d8fb7ff0b02d95a48913f5f52481afa8a936638,SNAPSHOT_RAW_FILE,evidence,evidence_eva,raw/evidence/evidence_eva/part-00002-568d67a7-43e7-47de-bcad-d8dfee44ac9a-c000.snappy.parquet,NOT_APPLICABLE_PROJECT_SNAPSHOT_ARTIFACT,17319,efff0ddf76ec006a998b97f38844e7967aa45027be9e813908a84d964dd92fd0,NOT_APPLICABLE_PROJECT_SNAPSHOT_ARTIFACT,NOT_APPLICABLE_PROJECT_SNAPSHOT_ARTIFACT,NOT_USED_FOR_IDENTITY,application/vnd.apache.parquet,1,1,28,6a173b10d10b7b05f591674a16817b0c608b4872ab61c22307def791491d8dd5,NOT_APPLICABLE_LOCAL_PACKAGING,NOT_APPLICABLE_LOCAL_PACKAGING,NOT_APPLICABLE_LOCAL_PACKAGING,VERIFIED_SHA256
INV_e8b7760a810b06366f98339d6c927cbe357314f419db29de57d6dee3efc76236,SNAPSHOT_RAW_FILE,evidence,evidence_eva,raw/evidence/evidence_eva/part-00003-568d67a7-43e7-47de-bcad-d8dfee44ac9a-c000.snappy.parquet,NOT_APPLICABLE_PROJECT_SNAPSHOT_ARTIFACT,17723,6096e602ca122fb3d74e94d8f3f650df240cbd68657ec34622bc9cdaf818c69b,NOT_APPLICABLE_PROJECT_SNAPSHOT_ARTIFACT,NOT_APPLICABLE_PROJECT_SNAPSHOT_ARTIFACT,NOT_USED_FOR_IDENTITY,application/vnd.apache.parquet,2,1,28,6a173b10d10b7b05f591674a16817b0c608b4872ab61c22307def791491d8dd5,NOT_APPLICABLE_LOCAL_PACKAGING,NOT_APPLICABLE_LOCAL_PACKAGING,NOT_APPLICABLE_LOCAL_PACKAGING,VERIFIED_SHA256
INV_7201f4e8cd43ee7e38861669e362df63939d904db38a77ec46f70e31316dcc1f,SNAPSHOT_RAW_FILE,evidence,evidence_eva,raw/evidence/evidence_eva/part-00005-568d67a7-43e7-47de-bcad-d8dfee44ac9a-c000.snappy.parquet,NOT_APPLICABLE_PROJECT_SNAPSHOT_ARTIFACT,17319,4f770d3a09c49b6b4fad921007ba26f49d683dc48bd0275682f8cd85c4cdd19d,NOT_APPLICABLE_PROJECT_SNAPSHOT_ARTIFACT,NOT_APPLICABLE_PROJECT_SNAPSHOT_ARTIFACT,NOT_USED_FOR_IDENTITY,application/vnd.apache.parquet,1,1,28,6a173b10d10b7b05f591674a16817b0c608b4872ab61c22307def791491d8dd5,NOT_APPLICABLE_LOCAL_PACKAGING,NOT_APPLICABLE_LOCAL_PACKAGING,NOT_APPLICABLE_LOCAL_PACKAGING,VERIFIED_SHA256
INV_14ba316f6df36c702128be987792b8721d600bccb490b7e29b287b48c307a63d,SNAPSHOT_RAW_FILE,evidence,evidence_eva_somatic,raw/evidence/evidence_eva_somatic/part-00000-459697ad-b229-4863-8e14-b481f9eb9231-c000.snappy.parquet,NOT_APPLICABLE_PROJECT_SNAPSHOT_ARTIFACT,33012,03575f45da2ea804ba16b6497e1522019192891ad93c5b8355f26d9ddae5e91d,NOT_APPLICABLE_PROJECT_SNAPSHOT_ARTIFACT,NOT_APPLICABLE_PROJECT_SNAPSHOT_ARTIFACT,NOT_USED_FOR_IDENTITY,application/vnd.apache.parquet,140,1,28,6a173b10d10b7b05f591674a16817b0c608b4872ab61c22307def791491d8dd5,NOT_APPLICABLE_LOCAL_PACKAGING,NOT_APPLICABLE_LOCAL_PACKAGING,NOT_APPLICABLE_LOCAL_PACKAGING,VERIFIED_SHA256
INV_f41ffa2df1b253e716ca65074890b809126c34193db380fa0ae538e1d86744a9,SNAPSHOT_RAW_FILE,evidence,evidence_expression_atlas,raw/evidence/evidence_expression_atlas/part-00000-9e9fa0b4-df98-4bd8-acc1-d3ff7635044d-c000.snappy.parquet,NOT_APPLICABLE_PROJECT_SNAPSHOT_ARTIFACT,344442,bcd2339d4f7bd305df921cd250f674cc3b4a71fa6982820a12361f8e93d863fc,NOT_APPLICABLE_PROJECT_SNAPSHOT_ARTIFACT,NOT_APPLICABLE_PROJECT_SNAPSHOT_ARTIFACT,NOT_USED_FOR_IDENTITY,application/vnd.apache.parquet,4765,1,20,627f5ddbe556ded4e7670bac6972e54442330929ddfafe22e472d47f0f0e91f2,NOT_APPLICABLE_LOCAL_PACKAGING,NOT_APPLICABLE_LOCAL_PACKAGING,NOT_APPLICABLE_LOCAL_PACKAGING,VERIFIED_SHA256
INV_45320917ebff04d2402d46920ccd98e834bb9eb2066f60b9b8cffddeac841bd0,SNAPSHOT_RAW_FILE,evidence,evidence_gwas_credible_sets,raw/evidence/evidence_gwas_credible_sets/part-00000-a65fd080-e697-4565-a227-cc591b0176f9-c000.snappy.parquet,NOT_APPLICABLE_PROJECT_SNAPSHOT_ARTIFACT,19706,1d3950436b9b5bc827a2f05a8a549d690d7170f65d47ecb621a69efff32b2297,NOT_APPLICABLE_PROJECT_SNAPSHOT_ARTIFACT,NOT_APPLICABLE_PROJECT_SNAPSHOT_ARTIFACT,NOT_USED_FOR_IDENTITY,application/vnd.apache.parquet,100,1,15,398f7badbdf249d36d3af605498af8e9e2354144da71d911637b952a040e6704,NOT_APPLICABLE_LOCAL_PACKAGING,NOT_APPLICABLE_LOCAL_PACKAGING,NOT_APPLICABLE_LOCAL_PACKAGING,VERIFIED_SHA256
INV_b80995a76324babaf424b3023774165bd8e3fc12f75dab7cd19e485d72f7e74e,SNAPSHOT_RAW_FILE,evidence,evidence_gwas_credible_sets,raw/evidence/evidence_gwas_credible_sets/part-00001-a65fd080-e697-4565-a227-cc591b0176f9-c000.snappy.parquet,NOT_APPLICABLE_PROJECT_SNAPSHOT_ARTIFACT,17416,778e72c4cbdb3a5c63110320510d7234a74be58d222d57acbd1beafaa92cba5a,NOT_APPLICABLE_PROJECT_SNAPSHOT_ARTIFACT,NOT_APPLICABLE_PROJECT_SNAPSHOT_ARTIFACT,NOT_USED_FOR_IDENTITY,application/vnd.apache.parquet,76,1,15,398f7badbdf249d36d3af605498af8e9e2354144da71d911637b952a040e6704,NOT_APPLICABLE_LOCAL_PACKAGING,NOT_APPLICABLE_LOCAL_PACKAGING,NOT_APPLICABLE_LOCAL_PACKAGING,VERIFIED_SHA256
INV_1ed171e91af3d18d8218c081e9dbd0465bf75d57b235264e1110873ca9962004,SNAPSHOT_RAW_FILE,evidence,evidence_gwas_credible_sets,raw/evidence/evidence_gwas_credible_sets/part-00002-a65fd080-e697-4565-a227-cc591b0176f9-c000.snappy.parquet,NOT_APPLICABLE_PROJECT_SNAPSHOT_ARTIFACT,16093,21b1ba5c9bed00e41f85e2c44448ee1412a39d872c1eae2b67fc1cc309691cf2,NOT_APPLICABLE_PROJECT_SNAPSHOT_ARTIFACT,NOT_APPLICABLE_PROJECT_SNAPSHOT_ARTIFACT,NOT_USED_FOR_IDENTITY,application/vnd.apache.parquet,62,1,15,398f7badbdf249d36d3af605498af8e9e2354144da71d911637b952a040e6704,NOT_APPLICABLE_LOCAL_PACKAGING,NOT_APPLICABLE_LOCAL_PACKAGING,NOT_APPLICABLE_LOCAL_PACKAGING,VERIFIED_SHA256
INV_9c5dcc069585f57ed8e503b423643a50ef069b1f4d209dc498425f678a18b7c1,SNAPSHOT_RAW_FILE,evidence,evidence_intogen,raw/evidence/evidence_intogen/part-00000-57151394-85ce-47b8-8aa7-6c3deedade7b-c000.snappy.parquet,NOT_APPLICABLE_PROJECT_SNAPSHOT_ARTIFACT,27020,bb032dfa8ed095dd2a6e1ae3941ffcd4516094b3b32f701c7ced52d7674c7404,NOT_APPLICABLE_PROJECT_SNAPSHOT_ARTIFACT,NOT_APPLICABLE_PROJECT_SNAPSHOT_ARTIFACT,NOT_USED_FOR_IDENTITY,application/vnd.apache.parquet,141,1,21,a56a16bbf3c7b899384e5236e6c24c101043da6fa02dd1c7cd0a468501785c8c,NOT_APPLICABLE_LOCAL_PACKAGING,NOT_APPLICABLE_LOCAL_PACKAGING,NOT_APPLICABLE_LOCAL_PACKAGING,VERIFIED_SHA256
INV_11a32a7b6d1c9498edae810171cb2fb82eac310314af45fb4b30b175712affb7,SNAPSHOT_RAW_FILE,target,target,raw/target/target/part-00000-810593a9-06e5-4201-a034-4d82bcbe81e7-c000.snappy.parquet,NOT_APPLICABLE_PROJECT_SNAPSHOT_ARTIFACT,17043931,af62acd68237238e8a53dab709dd95316269995c9587f6dab4fde40964ff0ff9,NOT_APPLICABLE_PROJECT_SNAPSHOT_ARTIFACT,NOT_APPLICABLE_PROJECT_SNAPSHOT_ARTIFACT,NOT_USED_FOR_IDENTITY,application/vnd.apache.parquet,9632,1,30,ae236ea7b433ee5d70e0b6ef7288a85544adb15129d3c7592cd453fb50a520af,NOT_APPLICABLE_LOCAL_PACKAGING,NOT_APPLICABLE_LOCAL_PACKAGING,NOT_APPLICABLE_LOCAL_PACKAGING,VERIFIED_SHA256
INV_a0bb8a714654bfcfc07258db8b5e5cb93f74b0907a1553f9c6bee1d7b2255342,SNAPSHOT_RAW_FILE,target,target,raw/target/target/part-00001-810593a9-06e5-4201-a034-4d82bcbe81e7-c000.snappy.parquet,NOT_APPLICABLE_PROJECT_SNAPSHOT_ARTIFACT,16932506,e07427e08d390a0c060573a3b11219c8d71634809d4044ce15836007e0eda47c,NOT_APPLICABLE_PROJECT_SNAPSHOT_ARTIFACT,NOT_APPLICABLE_PROJECT_SNAPSHOT_ARTIFACT,NOT_USED_FOR_IDENTITY,application/vnd.apache.parquet,9605,1,30,ae236ea7b433ee5d70e0b6ef7288a85544adb15129d3c7592cd453fb50a520af,NOT_APPLICABLE_LOCAL_PACKAGING,NOT_APPLICABLE_LOCAL_PACKAGING,NOT_APPLICABLE_LOCAL_PACKAGING,VERIFIED_SHA256
INV_8b0e8e5d5aef1797d07ae4709629b865f1ced2b4afc71a6311972517502d48e2,SNAPSHOT_RAW_FILE,target,target,raw/target/target/part-00002-810593a9-06e5-4201-a034-4d82bcbe81e7-c000.snappy.parquet,NOT_APPLICABLE_PROJECT_SNAPSHOT_ARTIFACT,17015786,9ad0bf244d1fc426d3d672fb7d6e551b804b1b7c5e1c603317186fcac8d8257c,NOT_APPLICABLE_PROJECT_SNAPSHOT_ARTIFACT,NOT_APPLICABLE_PROJECT_SNAPSHOT_ARTIFACT,NOT_USED_FOR_IDENTITY,application/vnd.apache.parquet,9656,1,30,ae236ea7b433ee5d70e0b6ef7288a85544adb15129d3c7592cd453fb50a520af,NOT_APPLICABLE_LOCAL_PACKAGING,NOT_APPLICABLE_LOCAL_PACKAGING,NOT_APPLICABLE_LOCAL_PACKAGING,VERIFIED_SHA256
